imageFileName,gbifIDPlant,speciesPlant,scorePlant,scientificNameBird,gbifIDBird,decimalLatitude,decimalLongitude,coordinateUncertaintyInMeters,continent,stateProvince,year,month,day,eventDate,dateFieldsValid,creator,publisher,license,rightsHolder,identifier,projectID,identificationDateTime
24084812613_3542781445_b_1338839714_1.jpg,2884162,Pouteria sapota,2.568,"Basilinna xantusii (Lawrence, 1861)",2476825,25.512932,-111.06118,250.0,NORTH_AMERICA,nan,2015,12,25,2015-12-25T00:00,True,Unknown,Unknown,Unknown,Unknown,http://live.staticflickr.com/1520/24084810893_501ca248fa_b.jpg; http://live.staticflickr.com/1531/24084812613_3542781445_b.jpg; http://live.staticflickr.com/1569/24083492324_00a0acf993_b.jpg; http://live.staticflickr.com/1698/24593881552_dc6e1e5d27_b.jpg,k-mexico,2024-10-24 22:32:00
default_1039604694_2.jpg,7799711,Canavalia ensiformis,18.323,"Basilinna xantusii (Lawrence, 1861)",2476825,22.89,-109.9156,1851.0,NORTH_AMERICA,Baja California Sur,1903,5,15,1903-05-15,True,Philip R. Kuchuk; YPM Vertebrate Zoology staff,Unknown,http://creativecommons.org/publicdomain/zero/1.0/,Unknown,"https://images.collections.yale.edu/iiif/2/ypm:3100a8fd-bb10-4bc3-be58-677b21956c44/full/!1920,1920/0/default.jpg; https://images.collections.yale.edu/iiif/2/ypm:aea17c0d-129c-4c4a-8e6c-4e386e0adde6/full/!1920,1920/0/default.jpg; https://images.collections.yale.edu/iiif/2/ypm:eaa19e7f-503a-4006-958c-6451656989ca/full/!1920,1920/0/default.jpg",k-mexico,2024-10-24 22:32:07
default_1039604694_3.jpg,7799711,Canavalia ensiformis,23.849999999999998,"Basilinna xantusii (Lawrence, 1861)",2476825,22.89,-109.9156,1851.0,NORTH_AMERICA,Baja California Sur,1903,5,15,1903-05-15,True,Philip R. Kuchuk; YPM Vertebrate Zoology staff,Unknown,http://creativecommons.org/publicdomain/zero/1.0/,Unknown,"https://images.collections.yale.edu/iiif/2/ypm:3100a8fd-bb10-4bc3-be58-677b21956c44/full/!1920,1920/0/default.jpg; https://images.collections.yale.edu/iiif/2/ypm:aea17c0d-129c-4c4a-8e6c-4e386e0adde6/full/!1920,1920/0/default.jpg; https://images.collections.yale.edu/iiif/2/ypm:eaa19e7f-503a-4006-958c-6451656989ca/full/!1920,1920/0/default.jpg",k-mexico,2024-10-24 22:32:09
original_1143560258_1.JPG,2943053,Chloroleucon mangense,38.363,"Basilinna xantusii (Lawrence, 1861)",2476825,25.796414,-111.359696,239.0,NORTH_AMERICA,Baja California Sur,2015,7,21,2015-07-21,True,Diana Ramirez,iNaturalist,http://creativecommons.org/licenses/by-nc/4.0/,Diana Ramirez,https://inaturalist-open-data.s3.amazonaws.com/photos/2466015/original.JPG,k-mexico,2024-10-24 22:32:11
original_1233596909_1.jpg,5580093,Crossopetalum uragoga,4.511,"Basilinna xantusii (Lawrence, 1861)",2476825,23.364855,-109.77324,1204.0,NORTH_AMERICA,Baja California Sur,2016,1,13,2016-01-13,True,Steven Mlodinow,iNaturalist,http://creativecommons.org/licenses/by-nc/4.0/,Steven Mlodinow,https://inaturalist-open-data.s3.amazonaws.com/photos/2915259/original.jpg,k-mexico,2024-10-24 22:32:15
original_1249277720_2.jpeg,3849992,Swietenia humilis,0.987,"Basilinna xantusii (Lawrence, 1861)",2476825,23.438964,-110.237908,,NORTH_AMERICA,Baja California Sur,2015,12,20,2015-12-20,True,Laura Gaudette,iNaturalist,http://creativecommons.org/licenses/by/4.0/,Laura Gaudette,https://inaturalist-open-data.s3.amazonaws.com/photos/2919898/original.jpg; https://inaturalist-open-data.s3.amazonaws.com/photos/85927526/original.jpeg; https://inaturalist-open-data.s3.amazonaws.com/photos/85927653/original.jpeg,k-mexico,2024-10-24 22:32:19
original_1262374700_1.jpg,5415040,Olea europaea,26.605,"Basilinna xantusii (Lawrence, 1861)",2476825,26.044547,-111.374593,5863.0,NORTH_AMERICA,Baja California Sur,2016,3,13,2016-03-13T02:33:10,True,Patricia Clark-Gray,iNaturalist,http://creativecommons.org/licenses/by-nc/4.0/,Patricia Clark-Gray,https://inaturalist-open-data.s3.amazonaws.com/photos/3152820/original.jpg,k-mexico,2024-10-24 22:32:30
original_1265585821_1.jpg,8077391,Citrus × aurantium,82.08800000000001,"Basilinna xantusii (Lawrence, 1861)",2476825,23.36495,-110.061035,160499.0,NORTH_AMERICA,Baja California Sur,2013,4,10,2013-04-10T16:46:44,True,ooblad3oo,iNaturalist,http://creativecommons.org/licenses/by-nc/4.0/,ooblad3oo,https://inaturalist-open-data.s3.amazonaws.com/photos/3425661/original.jpg,k-mexico,2024-10-24 22:32:32
original_1305119976_1.JPG,2976481,Ebenopsis ebano,2.149,"Basilinna xantusii (Lawrence, 1861)",2476825,23.550378,-109.824853,15.0,NORTH_AMERICA,Baja California Sur,2016,5,1,2016-05-01,True,Osiel Flores,iNaturalist,http://creativecommons.org/licenses/by-nc/4.0/,Osiel Flores,https://inaturalist-open-data.s3.amazonaws.com/photos/3658471/original.JPG; https://inaturalist-open-data.s3.amazonaws.com/photos/3661554/original.JPG,k-mexico,2024-10-24 22:32:34
original_1453056005_1.jpg,5289743,Gynerium sagittatum,4.232,"Basilinna xantusii (Lawrence, 1861)",2476825,23.438063,-109.429107,,NORTH_AMERICA,Baja California Sur,2015,2,13,2015-02-13,True,Diana Caballero Alvarado,iNaturalist,http://creativecommons.org/licenses/by-nc-nd/4.0/,Diana Caballero Alvarado,https://inaturalist-open-data.s3.amazonaws.com/photos/1900428/original.jpg,k-mexico,2024-10-24 22:32:40
original_1453250586_1.jpg,3795572,Vachellia cornigera,8.892999999999999,"Basilinna xantusii (Lawrence, 1861)",2476825,23.363217,-109.776292,500.0,NORTH_AMERICA,Baja California Sur,2009,1,9,2009-01-09T10:35,True,Steven Mlodinow,iNaturalist,http://creativecommons.org/licenses/by-nc/4.0/,Steven Mlodinow,https://inaturalist-open-data.s3.amazonaws.com/photos/5640539/original.jpg,k-mexico,2024-10-24 22:32:42
original_1453411178_1.jpeg,2970418,Leucaena leucocephala,62.255,"Basilinna xantusii (Lawrence, 1861)",2476825,26.885062,-111.986137,,NORTH_AMERICA,Baja California Sur,2017,1,25,2017-01-25T14:58,True,Roberto González,iNaturalist,http://creativecommons.org/licenses/by-nc/4.0/,Roberto González,https://inaturalist-open-data.s3.amazonaws.com/photos/6233734/original.jpeg,k-mexico,2024-10-24 22:32:47
original_1453466397_1.jpeg,5361938,Ficus citrifolia,9.549000000000001,"Basilinna xantusii (Lawrence, 1861)",2476825,23.799411,-110.150642,366.0,NORTH_AMERICA,Baja California Sur,2017,2,27,2017-02-27T15:24,True,J. Fernando Pío León,iNaturalist,http://creativecommons.org/licenses/by-nc/4.0/,J. Fernando Pío León,https://inaturalist-open-data.s3.amazonaws.com/photos/6418923/original.jpeg,k-mexico,2024-10-24 22:32:50
original_1453479018_1.jpeg,3874338,Fouquieria diguetii,52.013,"Basilinna xantusii (Lawrence, 1861)",2476825,23.86518,-110.140686,1953.0,NORTH_AMERICA,Baja California Sur,2017,3,4,2017-03-04T18:30,True,J. Fernando Pío León,iNaturalist,http://creativecommons.org/licenses/by-nc/4.0/,J. Fernando Pío León,https://inaturalist-open-data.s3.amazonaws.com/photos/6461166/original.jpeg,k-mexico,2024-10-24 22:32:52
original_1453490994_1.jpeg,5406080,Montanoa tomentosa,2.2929999999999997,"Basilinna xantusii (Lawrence, 1861)",2476825,23.365548,-110.176477,15.0,NORTH_AMERICA,Baja California Sur,2017,3,6,2017-03-06T15:39,True,Millie Basden,iNaturalist,http://creativecommons.org/licenses/by/4.0/,Millie Basden,https://inaturalist-open-data.s3.amazonaws.com/photos/6500886/original.jpeg,k-mexico,2024-10-24 22:32:54
original_1500309705_1.jpg,3068012,Euphorbia schlechtendalii,7.349,"Basilinna xantusii (Lawrence, 1861)",2476825,24.07312,-110.111808,20.0,NORTH_AMERICA,Baja California Sur,2017,4,21,2017-04-21T09:23:53,True,Casey H. Richart,iNaturalist,http://creativecommons.org/licenses/by/4.0/,Casey H. Richart,https://inaturalist-open-data.s3.amazonaws.com/photos/7423257/original.jpg,k-mexico,2024-10-24 22:32:57
original_1571132460_1.jpeg,7707078,Rhus microphylla,3.405,"Basilinna xantusii (Lawrence, 1861)",2476825,26.118944,-111.394232,29891.0,NORTH_AMERICA,Baja California Sur,2010,11,17,2010-11-17T17:55,True,MiltonRuiz,iNaturalist,http://creativecommons.org/licenses/by-nc/4.0/,MiltonRuiz,https://inaturalist-open-data.s3.amazonaws.com/photos/8417695/original.jpeg,k-mexico,2024-10-24 22:33:00
original_1668812522_1.jpg,7167078,Bougainvillea spectabilis,4.776,"Basilinna xantusii (Lawrence, 1861)",2476825,26.184616,-112.080075,1132.0,NORTH_AMERICA,Baja California Sur,2016,12,29,2016-12-29T11:16,True,Carlos Caceres,iNaturalist,http://creativecommons.org/licenses/by-nc-nd/4.0/,Carlos Caceres,https://inaturalist-open-data.s3.amazonaws.com/photos/10471205/original.jpg,k-mexico,2024-10-24 22:33:02
original_1802685371_1.jpg,5407100,Annona glabra,3.4160000000000004,"Basilinna xantusii (Lawrence, 1861)",2476825,23.549982,-109.848175,4902.0,NORTH_AMERICA,Baja California Sur,2005,4,18,2005-04-18T19:44,True,Víctor Manuel Anguiano Huerta,iNaturalist,http://creativecommons.org/licenses/by-nc/4.0/,Víctor Manuel Anguiano Huerta,https://inaturalist-open-data.s3.amazonaws.com/photos/12347095/original.jpg,k-mexico,2024-10-24 22:33:04
original_1841243235_1.jpeg,3170473,Cryptostegia grandiflora,1.516,"Basilinna xantusii (Lawrence, 1861)",2476825,23.545419,-109.81041,488.0,NORTH_AMERICA,Baja California Sur,2018,4,21,2018-04-21T00:00,True,guhr96,iNaturalist,http://creativecommons.org/licenses/by-nc/4.0/,guhr96,https://inaturalist-open-data.s3.amazonaws.com/photos/16746515/original.jpeg,k-mexico,2024-10-24 22:33:08
original_1850971856_1.jpeg,2877984,Quercus affinis,16.746,"Basilinna xantusii (Lawrence, 1861)",2476825,23.701298,-109.984249,15.0,NORTH_AMERICA,Baja California Sur,2018,5,31,2018-05-31T21:41,True,Lázaro Israel Rangel Castañeda,iNaturalist,http://creativecommons.org/licenses/by/4.0/,Lázaro Israel Rangel Castañeda,https://inaturalist-open-data.s3.amazonaws.com/photos/19611820/original.jpeg; https://inaturalist-open-data.s3.amazonaws.com/photos/19611976/original.jpeg; https://inaturalist-open-data.s3.amazonaws.com/photos/23967483/original.jpeg,k-mexico,2024-10-24 22:33:12
original_1850971856_2.jpeg,2959492,Gleditsia aquatica,1.114,"Basilinna xantusii (Lawrence, 1861)",2476825,23.701298,-109.984249,15.0,NORTH_AMERICA,Baja California Sur,2018,5,31,2018-05-31T21:41,True,Lázaro Israel Rangel Castañeda,iNaturalist,http://creativecommons.org/licenses/by/4.0/,Lázaro Israel Rangel Castañeda,https://inaturalist-open-data.s3.amazonaws.com/photos/19611820/original.jpeg; https://inaturalist-open-data.s3.amazonaws.com/photos/19611976/original.jpeg; https://inaturalist-open-data.s3.amazonaws.com/photos/23967483/original.jpeg,k-mexico,2024-10-24 22:33:14
original_1850971856_3.jpeg,2874119,Xylosma flexuosa,1.5150000000000001,"Basilinna xantusii (Lawrence, 1861)",2476825,23.701298,-109.984249,15.0,NORTH_AMERICA,Baja California Sur,2018,5,31,2018-05-31T21:41,True,Lázaro Israel Rangel Castañeda,iNaturalist,http://creativecommons.org/licenses/by/4.0/,Lázaro Israel Rangel Castañeda,https://inaturalist-open-data.s3.amazonaws.com/photos/19611820/original.jpeg; https://inaturalist-open-data.s3.amazonaws.com/photos/19611976/original.jpeg; https://inaturalist-open-data.s3.amazonaws.com/photos/23967483/original.jpeg,k-mexico,2024-10-24 22:33:16
original_1880579833_1.jpg,4092242,Handroanthus impetiginosus,5.28,"Basilinna xantusii (Lawrence, 1861)",2476825,23.374325,-110.179713,61.0,NORTH_AMERICA,Baja California Sur,2017,3,7,2017-03-07T08:02,True,docprt,iNaturalist,http://creativecommons.org/licenses/by-nc/4.0/,docprt,https://inaturalist-open-data.s3.amazonaws.com/photos/20388704/original.jpg; https://inaturalist-open-data.s3.amazonaws.com/photos/20388709/original.jpg; https://inaturalist-open-data.s3.amazonaws.com/photos/20388719/original.jpg,k-mexico,2024-10-24 22:33:18
original_1880579833_2.jpg,3172492,Tecoma stans,65.039,"Basilinna xantusii (Lawrence, 1861)",2476825,23.374325,-110.179713,61.0,NORTH_AMERICA,Baja California Sur,2017,3,7,2017-03-07T08:02,True,docprt,iNaturalist,http://creativecommons.org/licenses/by-nc/4.0/,docprt,https://inaturalist-open-data.s3.amazonaws.com/photos/20388704/original.jpg; https://inaturalist-open-data.s3.amazonaws.com/photos/20388709/original.jpg; https://inaturalist-open-data.s3.amazonaws.com/photos/20388719/original.jpg,k-mexico,2024-10-24 22:33:21
original_1880579833_3.jpg,5341423,Monarda citriodora,3.117,"Basilinna xantusii (Lawrence, 1861)",2476825,23.374325,-110.179713,61.0,NORTH_AMERICA,Baja California Sur,2017,3,7,2017-03-07T08:02,True,docprt,iNaturalist,http://creativecommons.org/licenses/by-nc/4.0/,docprt,https://inaturalist-open-data.s3.amazonaws.com/photos/20388704/original.jpg; https://inaturalist-open-data.s3.amazonaws.com/photos/20388709/original.jpg; https://inaturalist-open-data.s3.amazonaws.com/photos/20388719/original.jpg,k-mexico,2024-10-24 22:33:22
original_1931498007_1.jpeg,3172492,Tecoma stans,11.863999999999999,"Basilinna xantusii (Lawrence, 1861)",2476825,24.087848,-110.190762,203.0,NORTH_AMERICA,Baja California Sur,2018,10,13,2018-10-13T17:41,True,Edson Hernández,iNaturalist,http://creativecommons.org/licenses/by-nc/4.0/,Edson Hernández,https://inaturalist-open-data.s3.amazonaws.com/photos/26599561/original.jpeg,k-mexico,2024-10-24 22:33:25
original_1932352108_1.jpg,2928783,Nicotiana glauca,64.985,"Basilinna xantusii (Lawrence, 1861)",2476825,23.484857,-109.716703,149.0,NORTH_AMERICA,Baja California Sur,2018,10,20,2018-10-20T08:17,True,Justyn Stahl,iNaturalist,http://creativecommons.org/licenses/by-nc/4.0/,Justyn Stahl,https://inaturalist-open-data.s3.amazonaws.com/photos/27200407/original.jpg,k-mexico,2024-10-24 22:33:27
original_1932358281_1.jpg,2928783,Nicotiana glauca,90.249,"Basilinna xantusii (Lawrence, 1861)",2476825,23.485461,-109.715526,204.0,NORTH_AMERICA,Baja California Sur,2018,10,20,2018-10-20,True,Christian Schwarz,iNaturalist,http://creativecommons.org/licenses/by-nc/4.0/,Christian Schwarz,https://inaturalist-open-data.s3.amazonaws.com/photos/27253881/original.jpg,k-mexico,2024-10-24 22:33:30
original_1944403023_1.jpeg,2874603,Luffa operculata,1.174,"Basilinna xantusii (Lawrence, 1861)",2476825,23.471858,-109.809,203.0,NORTH_AMERICA,Baja California Sur,2018,10,26,2018-10-26T11:57,True,dhenryb,iNaturalist,http://creativecommons.org/licenses/by-nc/4.0/,dhenryb,https://inaturalist-open-data.s3.amazonaws.com/photos/28060828/original.jpeg,k-mexico,2024-10-24 22:33:33
original_2005372540_1.jpg,3084136,Echinocereus poselgeri,2.056,"Basilinna xantusii (Lawrence, 1861)",2476825,25.516146,-111.073395,244.0,NORTH_AMERICA,Baja California Sur,2019,2,11,2019-02-11T09:31,True,slobirdr,iNaturalist,http://creativecommons.org/licenses/by-sa/4.0/,slobirdr,https://inaturalist-open-data.s3.amazonaws.com/photos/31575104/original.jpg,k-mexico,2024-10-24 22:33:35
original_2366119187_1.jpeg,3960437,Stenocereus pruinosus,6.455,"Basilinna xantusii (Lawrence, 1861)",2476825,23.558937,-109.865211,110.0,NORTH_AMERICA,Baja California Sur,2019,7,16,2019-07-16,True,Osiel Flores,iNaturalist,http://creativecommons.org/licenses/by-nc/4.0/,Osiel Flores,https://inaturalist-open-data.s3.amazonaws.com/photos/48780169/original.jpeg,k-mexico,2024-10-24 22:33:40
original_2397489876_1.jpeg,2887069,Sideroxylon lanuginosum,9.536999999999999,"Basilinna xantusii (Lawrence, 1861)",2476825,27.295996,-112.905219,15.0,NORTH_AMERICA,Baja California Sur,2019,7,23,2019-07-23T09:17,True,Enrique Flores García,iNaturalist,http://creativecommons.org/licenses/by-nc/4.0/,Enrique Flores García,https://inaturalist-open-data.s3.amazonaws.com/photos/46200385/original.jpeg,k-mexico,2024-10-24 22:33:42
original_2397491642_1.jpeg,5349751,Erythrina americana,2.204,"Basilinna xantusii (Lawrence, 1861)",2476825,27.300086,-112.882609,31.0,NORTH_AMERICA,Baja California Sur,2019,7,25,2019-07-25T07:05,True,Enrique Flores García,iNaturalist,http://creativecommons.org/licenses/by-nc/4.0/,Enrique Flores García,https://inaturalist-open-data.s3.amazonaws.com/photos/46567044/original.jpeg,k-mexico,2024-10-24 22:33:45
original_2397637326_1.jpeg,2976206,Entada polystachya,43.569,"Basilinna xantusii (Lawrence, 1861)",2476825,26.177795,-112.092501,100.0,NORTH_AMERICA,Baja California Sur,2019,8,22,2019-08-22T07:54,True,Enrique Flores García,iNaturalist,http://creativecommons.org/licenses/by-nc/4.0/,Enrique Flores García,https://inaturalist-open-data.s3.amazonaws.com/photos/49853764/original.jpeg,k-mexico,2024-10-24 22:33:47
original_2397639655_1.jpeg,3152559,Hibiscus rosa-sinensis,44.528,"Basilinna xantusii (Lawrence, 1861)",2476825,26.177795,-112.092501,100.0,NORTH_AMERICA,Baja California Sur,2019,8,22,2019-08-22T08:33,True,Enrique Flores García,iNaturalist,http://creativecommons.org/licenses/by-nc/4.0/,Enrique Flores García,https://inaturalist-open-data.s3.amazonaws.com/photos/49854014/original.jpeg,k-mexico,2024-10-24 22:33:49
original_2397641952_1.jpeg,2964734,Eysenhardtia texana,4.7059999999999995,"Basilinna xantusii (Lawrence, 1861)",2476825,26.199905,-112.052447,100.0,NORTH_AMERICA,Baja California Sur,2019,8,23,2019-08-23T10:14,True,Enrique Flores García,iNaturalist,http://creativecommons.org/licenses/by-nc/4.0/,Enrique Flores García,https://inaturalist-open-data.s3.amazonaws.com/photos/49861078/original.jpeg,k-mexico,2024-10-24 22:33:52
original_2397642278_1.jpeg,2976206,Entada polystachya,3.961,"Basilinna xantusii (Lawrence, 1861)",2476825,26.19473,-112.06706,100.0,NORTH_AMERICA,Baja California Sur,2019,8,21,2019-08-21T08:01,True,Enrique Flores García,iNaturalist,http://creativecommons.org/licenses/by-nc/4.0/,Enrique Flores García,https://inaturalist-open-data.s3.amazonaws.com/photos/49858730/original.jpeg,k-mexico,2024-10-24 22:33:54
original_2397642317_1.jpeg,3129497,Baccharis pilularis,0.418,"Basilinna xantusii (Lawrence, 1861)",2476825,26.199905,-112.052447,100.0,NORTH_AMERICA,Baja California Sur,2019,8,23,2019-08-23T09:36,True,Enrique Flores García,iNaturalist,http://creativecommons.org/licenses/by-nc/4.0/,Enrique Flores García,https://inaturalist-open-data.s3.amazonaws.com/photos/49861853/original.jpeg,k-mexico,2024-10-24 22:33:56
original_2397698660_1.jpeg,3795445,Vachellia macracantha,7.477,"Basilinna xantusii (Lawrence, 1861)",2476825,25.86667,-111.545423,100.0,NORTH_AMERICA,Baja California Sur,2019,8,13,2019-08-13T10:31,True,Enrique Flores García,iNaturalist,http://creativecommons.org/licenses/by-nc/4.0/,Enrique Flores García,https://inaturalist-open-data.s3.amazonaws.com/photos/50256145/original.jpeg; https://inaturalist-open-data.s3.amazonaws.com/photos/50256200/original.jpeg,k-mexico,2024-10-24 22:33:58
original_2397698660_2.jpeg,3032981,Diospyros texana,1.529,"Basilinna xantusii (Lawrence, 1861)",2476825,25.86667,-111.545423,100.0,NORTH_AMERICA,Baja California Sur,2019,8,13,2019-08-13T10:31,True,Enrique Flores García,iNaturalist,http://creativecommons.org/licenses/by-nc/4.0/,Enrique Flores García,https://inaturalist-open-data.s3.amazonaws.com/photos/50256145/original.jpeg; https://inaturalist-open-data.s3.amazonaws.com/photos/50256200/original.jpeg,k-mexico,2024-10-24 22:34:00
original_2460036262_1.jpg,2959492,Gleditsia aquatica,2.5149999999999997,"Basilinna xantusii (Lawrence, 1861)",2476825,25.920411,-111.346632,,NORTH_AMERICA,Baja California Sur,2019,1,17,2019-01-17T09:30,True,Liz Osborn,iNaturalist,http://creativecommons.org/licenses/by-nc/4.0/,Liz Osborn,https://inaturalist-open-data.s3.amazonaws.com/photos/56566841/original.jpg; https://inaturalist-open-data.s3.amazonaws.com/photos/56566856/original.jpg,k-mexico,2024-10-24 22:34:02
original_2460036262_2.jpg,5341746,Operculina pinnatifida,3.795,"Basilinna xantusii (Lawrence, 1861)",2476825,25.920411,-111.346632,,NORTH_AMERICA,Baja California Sur,2019,1,17,2019-01-17T09:30,True,Liz Osborn,iNaturalist,http://creativecommons.org/licenses/by-nc/4.0/,Liz Osborn,https://inaturalist-open-data.s3.amazonaws.com/photos/56566841/original.jpg; https://inaturalist-open-data.s3.amazonaws.com/photos/56566856/original.jpg,k-mexico,2024-10-24 22:34:04
original_2460151598_1.jpg,2928783,Nicotiana glauca,91.364,"Basilinna xantusii (Lawrence, 1861)",2476825,25.920423,-111.346626,,NORTH_AMERICA,Baja California Sur,2019,1,17,2019-01-17T14:51,True,Liz Osborn,iNaturalist,http://creativecommons.org/licenses/by-nc/4.0/,Liz Osborn,https://inaturalist-open-data.s3.amazonaws.com/photos/56567519/original.jpg,k-mexico,2024-10-24 22:34:06
original_2460158783_2.jpg,3039329,Ceanothus leucodermis,11.304,"Basilinna xantusii (Lawrence, 1861)",2476825,25.920336,-111.346606,,NORTH_AMERICA,Baja California Sur,2019,1,9,2019-01-09T09:05,True,Liz Osborn,iNaturalist,http://creativecommons.org/licenses/by-nc/4.0/,Liz Osborn,https://inaturalist-open-data.s3.amazonaws.com/photos/56567521/original.jpg; https://inaturalist-open-data.s3.amazonaws.com/photos/56567524/original.jpg; https://inaturalist-open-data.s3.amazonaws.com/photos/56567528/original.jpg,k-mexico,2024-10-24 22:34:09
original_2460158783_3.jpg,3032981,Diospyros texana,3.2550000000000003,"Basilinna xantusii (Lawrence, 1861)",2476825,25.920336,-111.346606,,NORTH_AMERICA,Baja California Sur,2019,1,9,2019-01-09T09:05,True,Liz Osborn,iNaturalist,http://creativecommons.org/licenses/by-nc/4.0/,Liz Osborn,https://inaturalist-open-data.s3.amazonaws.com/photos/56567521/original.jpg; https://inaturalist-open-data.s3.amazonaws.com/photos/56567524/original.jpg; https://inaturalist-open-data.s3.amazonaws.com/photos/56567528/original.jpg,k-mexico,2024-10-24 22:34:10
original_2465152860_1.jpeg,3059636,Croton incanus,3.286,"Basilinna xantusii (Lawrence, 1861)",2476825,23.54998,-109.823583,122.0,NORTH_AMERICA,Baja California Sur,2019,11,2,2019-11-02,True,Osiel Flores,iNaturalist,http://creativecommons.org/licenses/by-nc/4.0/,Osiel Flores,https://inaturalist-open-data.s3.amazonaws.com/photos/56967468/original.jpeg,k-mexico,2024-10-24 22:34:13
original_2517971107_1.jpeg,3974744,Vachellia nilotica,1.232,"Basilinna xantusii (Lawrence, 1861)",2476825,23.703853,-109.986799,15.0,NORTH_AMERICA,Baja California Sur,2019,12,6,2019-12-06T09:20,True,Lázaro Israel Rangel Castañeda,iNaturalist,http://creativecommons.org/licenses/by/4.0/,Lázaro Israel Rangel Castañeda,https://inaturalist-open-data.s3.amazonaws.com/photos/57625268/original.jpeg; https://inaturalist-open-data.s3.amazonaws.com/photos/57625322/original.jpeg,k-mexico,2024-10-24 22:34:16
original_2517971107_2.jpeg,3974744,Vachellia nilotica,5.097,"Basilinna xantusii (Lawrence, 1861)",2476825,23.703853,-109.986799,15.0,NORTH_AMERICA,Baja California Sur,2019,12,6,2019-12-06T09:20,True,Lázaro Israel Rangel Castañeda,iNaturalist,http://creativecommons.org/licenses/by/4.0/,Lázaro Israel Rangel Castañeda,https://inaturalist-open-data.s3.amazonaws.com/photos/57625268/original.jpeg; https://inaturalist-open-data.s3.amazonaws.com/photos/57625322/original.jpeg,k-mexico,2024-10-24 22:34:18
original_2529373287_1.jpg,2874119,Xylosma flexuosa,10.408000000000001,"Basilinna xantusii (Lawrence, 1861)",2476825,26.362972,-111.443219,15.0,NORTH_AMERICA,Baja California Sur,2019,12,7,2019-12-07T10:26,True,Jorge H. Valdez,iNaturalist,http://creativecommons.org/licenses/by-nc/4.0/,Jorge H. Valdez,https://inaturalist-open-data.s3.amazonaws.com/photos/57935505/original.jpg,k-mexico,2024-10-24 22:34:23
original_2563520824_1.jpg,3874351,Fouquieria macdougalii,0.8160000000000001,"Basilinna xantusii (Lawrence, 1861)",2476825,23.449181,-110.244417,31.0,NORTH_AMERICA,Baja California Sur,2020,1,10,2020-01-10T10:24,True,Amelia Ryan,iNaturalist,http://creativecommons.org/licenses/by-nc/4.0/,Amelia Ryan,https://inaturalist-open-data.s3.amazonaws.com/photos/59914281/original.jpg,k-mexico,2024-10-24 22:34:24
original_2574141701_1.jpg,5355075,Machaerium lunatum,1.67,"Basilinna xantusii (Lawrence, 1861)",2476825,25.928605,-111.570849,,NORTH_AMERICA,Baja California Sur,2020,1,15,2020-01-15T12:52,True,Liz Osborn,iNaturalist,http://creativecommons.org/licenses/by-nc/4.0/,Liz Osborn,https://inaturalist-open-data.s3.amazonaws.com/photos/60625243/original.jpg; https://inaturalist-open-data.s3.amazonaws.com/photos/60625254/original.jpg,k-mexico,2024-10-24 22:34:30
original_2574141701_2.jpg,2684627,Juniperus californica,0.9730000000000001,"Basilinna xantusii (Lawrence, 1861)",2476825,25.928605,-111.570849,,NORTH_AMERICA,Baja California Sur,2020,1,15,2020-01-15T12:52,True,Liz Osborn,iNaturalist,http://creativecommons.org/licenses/by-nc/4.0/,Liz Osborn,https://inaturalist-open-data.s3.amazonaws.com/photos/60625243/original.jpg; https://inaturalist-open-data.s3.amazonaws.com/photos/60625254/original.jpg,k-mexico,2024-10-24 22:34:31
original_2576286810_1.jpg,2953251,Bauhinia variegata,8.677,"Basilinna xantusii (Lawrence, 1861)",2476825,25.860773,-111.543602,,NORTH_AMERICA,Baja California Sur,2020,2,21,2020-02-21T12:14,True,belyykit,iNaturalist,http://creativecommons.org/licenses/by-nc/4.0/,belyykit,https://inaturalist-open-data.s3.amazonaws.com/photos/62438921/original.jpg,k-mexico,2024-10-24 22:34:36
original_2580259301_2.jpg,2874119,Xylosma flexuosa,19.059,"Basilinna xantusii (Lawrence, 1861)",2476825,23.42816,-109.99572,1000.0,NORTH_AMERICA,Baja California Sur,2020,3,3,2020-03-03,True,Tyler Smith,iNaturalist,http://creativecommons.org/licenses/by-sa/4.0/,Tyler Smith,https://inaturalist-open-data.s3.amazonaws.com/photos/63367583/original.jpg; https://inaturalist-open-data.s3.amazonaws.com/photos/63367587/original.jpg; https://inaturalist-open-data.s3.amazonaws.com/photos/63367590/original.jpg,k-mexico,2024-10-24 22:34:41
original_2580259301_3.jpg,2927054,Salvia regla,7.031,"Basilinna xantusii (Lawrence, 1861)",2476825,23.42816,-109.99572,1000.0,NORTH_AMERICA,Baja California Sur,2020,3,3,2020-03-03,True,Tyler Smith,iNaturalist,http://creativecommons.org/licenses/by-sa/4.0/,Tyler Smith,https://inaturalist-open-data.s3.amazonaws.com/photos/63367583/original.jpg; https://inaturalist-open-data.s3.amazonaws.com/photos/63367587/original.jpg; https://inaturalist-open-data.s3.amazonaws.com/photos/63367590/original.jpg,k-mexico,2024-10-24 22:34:43
original_2596183804_1.jpeg,2777724,Aloe vera,65.53999999999999,"Basilinna xantusii (Lawrence, 1861)",2476825,23.745892,-110.112089,181.0,NORTH_AMERICA,Baja California Sur,2020,2,16,2020-02-16T12:39,True,Enrique Flores García,iNaturalist,http://creativecommons.org/licenses/by-nc/4.0/,Enrique Flores García,https://inaturalist-open-data.s3.amazonaws.com/photos/65048553/original.jpeg; https://inaturalist-open-data.s3.amazonaws.com/photos/65048564/original.jpeg,k-mexico,2024-10-24 22:34:49
original_2596183804_2.jpeg,2777724,Aloe vera,51.416,"Basilinna xantusii (Lawrence, 1861)",2476825,23.745892,-110.112089,181.0,NORTH_AMERICA,Baja California Sur,2020,2,16,2020-02-16T12:39,True,Enrique Flores García,iNaturalist,http://creativecommons.org/licenses/by-nc/4.0/,Enrique Flores García,https://inaturalist-open-data.s3.amazonaws.com/photos/65048553/original.jpeg; https://inaturalist-open-data.s3.amazonaws.com/photos/65048564/original.jpeg,k-mexico,2024-10-24 22:34:51
original_2596280701_1.jpeg,2887069,Sideroxylon lanuginosum,4.460999999999999,"Basilinna xantusii (Lawrence, 1861)",2476825,23.745892,-110.112089,181.0,NORTH_AMERICA,Baja California Sur,2020,2,16,2020-02-16T10:25,True,Enrique Flores García,iNaturalist,http://creativecommons.org/licenses/by-nc/4.0/,Enrique Flores García,https://inaturalist-open-data.s3.amazonaws.com/photos/65048408/original.jpeg; https://inaturalist-open-data.s3.amazonaws.com/photos/65048421/original.jpeg; https://inaturalist-open-data.s3.amazonaws.com/photos/65048428/original.jpeg,k-mexico,2024-10-24 22:34:53
original_2596280701_2.jpeg,2887069,Sideroxylon lanuginosum,4.041,"Basilinna xantusii (Lawrence, 1861)",2476825,23.745892,-110.112089,181.0,NORTH_AMERICA,Baja California Sur,2020,2,16,2020-02-16T10:25,True,Enrique Flores García,iNaturalist,http://creativecommons.org/licenses/by-nc/4.0/,Enrique Flores García,https://inaturalist-open-data.s3.amazonaws.com/photos/65048408/original.jpeg; https://inaturalist-open-data.s3.amazonaws.com/photos/65048421/original.jpeg; https://inaturalist-open-data.s3.amazonaws.com/photos/65048428/original.jpeg,k-mexico,2024-10-24 22:34:55
original_2596280701_3.jpeg,2887069,Sideroxylon lanuginosum,4.957000000000001,"Basilinna xantusii (Lawrence, 1861)",2476825,23.745892,-110.112089,181.0,NORTH_AMERICA,Baja California Sur,2020,2,16,2020-02-16T10:25,True,Enrique Flores García,iNaturalist,http://creativecommons.org/licenses/by-nc/4.0/,Enrique Flores García,https://inaturalist-open-data.s3.amazonaws.com/photos/65048408/original.jpeg; https://inaturalist-open-data.s3.amazonaws.com/photos/65048421/original.jpeg; https://inaturalist-open-data.s3.amazonaws.com/photos/65048428/original.jpeg,k-mexico,2024-10-24 22:34:57
original_2603416926_1.jpeg,3055359,Alchornea latifolia,0.656,"Basilinna xantusii (Lawrence, 1861)",2476825,23.702266,-109.983695,15.0,NORTH_AMERICA,Baja California Sur,2020,4,10,2020-04-10,True,Osiel Flores,iNaturalist,http://creativecommons.org/licenses/by-nc/4.0/,Osiel Flores,https://inaturalist-open-data.s3.amazonaws.com/photos/66863774/original.jpeg,k-mexico,2024-10-24 22:34:59
original_2609220481_1.jpeg,2777724,Aloe vera,91.754,"Basilinna xantusii (Lawrence, 1861)",2476825,23.745862,-110.112075,263.0,NORTH_AMERICA,Baja California Sur,2020,2,17,2020-02-17T11:25:28,True,Gerardo Marrón,iNaturalist,http://creativecommons.org/licenses/by-nc/4.0/,Gerardo Marrón,https://inaturalist-open-data.s3.amazonaws.com/photos/68003866/original.jpeg; https://inaturalist-open-data.s3.amazonaws.com/photos/68003884/original.jpeg,k-mexico,2024-10-24 22:35:02
original_2609220481_2.jpeg,2777724,Aloe vera,96.16799999999999,"Basilinna xantusii (Lawrence, 1861)",2476825,23.745862,-110.112075,263.0,NORTH_AMERICA,Baja California Sur,2020,2,17,2020-02-17T11:25:28,True,Gerardo Marrón,iNaturalist,http://creativecommons.org/licenses/by-nc/4.0/,Gerardo Marrón,https://inaturalist-open-data.s3.amazonaws.com/photos/68003866/original.jpeg; https://inaturalist-open-data.s3.amazonaws.com/photos/68003884/original.jpeg,k-mexico,2024-10-24 22:35:05
original_2619994184_1.jpeg,2777724,Aloe vera,85.898,"Basilinna xantusii (Lawrence, 1861)",2476825,23.745911,-110.112108,,NORTH_AMERICA,Baja California Sur,2020,2,17,2020-02-17T10:32,True,Víctor Manuel Anguiano Huerta,iNaturalist,http://creativecommons.org/licenses/by-nc/4.0/,Víctor Manuel Anguiano Huerta,https://inaturalist-open-data.s3.amazonaws.com/photos/71197154/original.jpeg; https://inaturalist-open-data.s3.amazonaws.com/photos/71197925/original.jpeg; https://inaturalist-open-data.s3.amazonaws.com/photos/71198013/original.jpeg; https://inaturalist-open-data.s3.amazonaws.com/photos/71351613/original.jpeg,k-mexico,2024-10-24 22:35:07
original_2619994184_2.jpeg,2777724,Aloe vera,75.807,"Basilinna xantusii (Lawrence, 1861)",2476825,23.745911,-110.112108,,NORTH_AMERICA,Baja California Sur,2020,2,17,2020-02-17T10:32,True,Víctor Manuel Anguiano Huerta,iNaturalist,http://creativecommons.org/licenses/by-nc/4.0/,Víctor Manuel Anguiano Huerta,https://inaturalist-open-data.s3.amazonaws.com/photos/71197154/original.jpeg; https://inaturalist-open-data.s3.amazonaws.com/photos/71197925/original.jpeg; https://inaturalist-open-data.s3.amazonaws.com/photos/71198013/original.jpeg; https://inaturalist-open-data.s3.amazonaws.com/photos/71351613/original.jpeg,k-mexico,2024-10-24 22:35:09
original_2619994184_3.jpeg,2777724,Aloe vera,89.97699999999999,"Basilinna xantusii (Lawrence, 1861)",2476825,23.745911,-110.112108,,NORTH_AMERICA,Baja California Sur,2020,2,17,2020-02-17T10:32,True,Víctor Manuel Anguiano Huerta,iNaturalist,http://creativecommons.org/licenses/by-nc/4.0/,Víctor Manuel Anguiano Huerta,https://inaturalist-open-data.s3.amazonaws.com/photos/71197154/original.jpeg; https://inaturalist-open-data.s3.amazonaws.com/photos/71197925/original.jpeg; https://inaturalist-open-data.s3.amazonaws.com/photos/71198013/original.jpeg; https://inaturalist-open-data.s3.amazonaws.com/photos/71351613/original.jpeg,k-mexico,2024-10-24 22:35:11
original_2619994184_4.jpeg,2777724,Aloe vera,92.209,"Basilinna xantusii (Lawrence, 1861)",2476825,23.745911,-110.112108,,NORTH_AMERICA,Baja California Sur,2020,2,17,2020-02-17T10:32,True,Víctor Manuel Anguiano Huerta,iNaturalist,http://creativecommons.org/licenses/by-nc/4.0/,Víctor Manuel Anguiano Huerta,https://inaturalist-open-data.s3.amazonaws.com/photos/71197154/original.jpeg; https://inaturalist-open-data.s3.amazonaws.com/photos/71197925/original.jpeg; https://inaturalist-open-data.s3.amazonaws.com/photos/71198013/original.jpeg; https://inaturalist-open-data.s3.amazonaws.com/photos/71351613/original.jpeg,k-mexico,2024-10-24 22:35:13
original_2619996651_1.jpeg,2874119,Xylosma flexuosa,4.9239999999999995,"Basilinna xantusii (Lawrence, 1861)",2476825,23.745873,-110.112036,2.0,NORTH_AMERICA,Baja California Sur,2020,2,17,2020-02-17T10:33,True,Víctor Manuel Anguiano Huerta,iNaturalist,http://creativecommons.org/licenses/by-nc/4.0/,Víctor Manuel Anguiano Huerta,https://inaturalist-open-data.s3.amazonaws.com/photos/71352622/original.jpeg; https://inaturalist-open-data.s3.amazonaws.com/photos/71352823/original.jpeg; https://inaturalist-open-data.s3.amazonaws.com/photos/71352927/original.jpeg; https://inaturalist-open-data.s3.amazonaws.com/photos/71353064/original.jpeg; https://inaturalist-open-data.s3.amazonaws.com/photos/71353136/original.jpeg,k-mexico,2024-10-24 22:35:15
original_2619996651_2.jpeg,2874119,Xylosma flexuosa,3.916,"Basilinna xantusii (Lawrence, 1861)",2476825,23.745873,-110.112036,2.0,NORTH_AMERICA,Baja California Sur,2020,2,17,2020-02-17T10:33,True,Víctor Manuel Anguiano Huerta,iNaturalist,http://creativecommons.org/licenses/by-nc/4.0/,Víctor Manuel Anguiano Huerta,https://inaturalist-open-data.s3.amazonaws.com/photos/71352622/original.jpeg; https://inaturalist-open-data.s3.amazonaws.com/photos/71352823/original.jpeg; https://inaturalist-open-data.s3.amazonaws.com/photos/71352927/original.jpeg; https://inaturalist-open-data.s3.amazonaws.com/photos/71353064/original.jpeg; https://inaturalist-open-data.s3.amazonaws.com/photos/71353136/original.jpeg,k-mexico,2024-10-24 22:35:17
original_2619996651_3.jpeg,2887069,Sideroxylon lanuginosum,5.1209999999999996,"Basilinna xantusii (Lawrence, 1861)",2476825,23.745873,-110.112036,2.0,NORTH_AMERICA,Baja California Sur,2020,2,17,2020-02-17T10:33,True,Víctor Manuel Anguiano Huerta,iNaturalist,http://creativecommons.org/licenses/by-nc/4.0/,Víctor Manuel Anguiano Huerta,https://inaturalist-open-data.s3.amazonaws.com/photos/71352622/original.jpeg; https://inaturalist-open-data.s3.amazonaws.com/photos/71352823/original.jpeg; https://inaturalist-open-data.s3.amazonaws.com/photos/71352927/original.jpeg; https://inaturalist-open-data.s3.amazonaws.com/photos/71353064/original.jpeg; https://inaturalist-open-data.s3.amazonaws.com/photos/71353136/original.jpeg,k-mexico,2024-10-24 22:35:19
original_2619996651_4.jpeg,2874119,Xylosma flexuosa,4.578,"Basilinna xantusii (Lawrence, 1861)",2476825,23.745873,-110.112036,2.0,NORTH_AMERICA,Baja California Sur,2020,2,17,2020-02-17T10:33,True,Víctor Manuel Anguiano Huerta,iNaturalist,http://creativecommons.org/licenses/by-nc/4.0/,Víctor Manuel Anguiano Huerta,https://inaturalist-open-data.s3.amazonaws.com/photos/71352622/original.jpeg; https://inaturalist-open-data.s3.amazonaws.com/photos/71352823/original.jpeg; https://inaturalist-open-data.s3.amazonaws.com/photos/71352927/original.jpeg; https://inaturalist-open-data.s3.amazonaws.com/photos/71353064/original.jpeg; https://inaturalist-open-data.s3.amazonaws.com/photos/71353136/original.jpeg,k-mexico,2024-10-24 22:35:22
original_2619996651_5.jpeg,2874119,Xylosma flexuosa,4.462,"Basilinna xantusii (Lawrence, 1861)",2476825,23.745873,-110.112036,2.0,NORTH_AMERICA,Baja California Sur,2020,2,17,2020-02-17T10:33,True,Víctor Manuel Anguiano Huerta,iNaturalist,http://creativecommons.org/licenses/by-nc/4.0/,Víctor Manuel Anguiano Huerta,https://inaturalist-open-data.s3.amazonaws.com/photos/71352622/original.jpeg; https://inaturalist-open-data.s3.amazonaws.com/photos/71352823/original.jpeg; https://inaturalist-open-data.s3.amazonaws.com/photos/71352927/original.jpeg; https://inaturalist-open-data.s3.amazonaws.com/photos/71353064/original.jpeg; https://inaturalist-open-data.s3.amazonaws.com/photos/71353136/original.jpeg,k-mexico,2024-10-24 22:35:24
original_2620199700_1.jpeg,7282300,Pachycereus pecten-aboriginum,1.8870000000000002,"Basilinna xantusii (Lawrence, 1861)",2476825,28.074946,-113.100796,61.0,NORTH_AMERICA,Baja California,2019,11,16,2019-11-16T03:29,True,Noe Lopez,iNaturalist,http://creativecommons.org/licenses/by-nc/4.0/,Noe Lopez,https://inaturalist-open-data.s3.amazonaws.com/photos/71571677/original.jpeg,k-mexico,2024-10-24 22:35:26
original_2626221335_1.jpg,2760644,Heliconia tortuosa,6.741,"Basilinna xantusii (Lawrence, 1861)",2476825,23.550705,-109.817203,153.0,NORTH_AMERICA,Baja California Sur,2006,8,16,2006-08-16T15:28,True,Víctor Manuel Anguiano Huerta,iNaturalist,http://creativecommons.org/licenses/by-nc/4.0/,Víctor Manuel Anguiano Huerta,https://inaturalist-open-data.s3.amazonaws.com/photos/72323210/original.jpg,k-mexico,2024-10-24 22:35:29
original_2626625200_1.jpeg,5406696,Ceiba aesculifolia,5.094,"Basilinna xantusii (Lawrence, 1861)",2476825,24.002078,-110.160682,373.0,NORTH_AMERICA,Baja California Sur,2020,5,17,2020-05-17T09:03,True,Enrique Flores García,iNaturalist,http://creativecommons.org/licenses/by-nc/4.0/,Enrique Flores García,https://inaturalist-open-data.s3.amazonaws.com/photos/73453033/original.jpeg; https://inaturalist-open-data.s3.amazonaws.com/photos/73453063/original.jpeg; https://inaturalist-open-data.s3.amazonaws.com/photos/73453132/original.jpeg,k-mexico,2024-10-24 22:35:32
original_2626625200_3.jpeg,3172541,Roseodendron donnell-smithii,1.875,"Basilinna xantusii (Lawrence, 1861)",2476825,24.002078,-110.160682,373.0,NORTH_AMERICA,Baja California Sur,2020,5,17,2020-05-17T09:03,True,Enrique Flores García,iNaturalist,http://creativecommons.org/licenses/by-nc/4.0/,Enrique Flores García,https://inaturalist-open-data.s3.amazonaws.com/photos/73453033/original.jpeg; https://inaturalist-open-data.s3.amazonaws.com/photos/73453063/original.jpeg; https://inaturalist-open-data.s3.amazonaws.com/photos/73453132/original.jpeg,k-mexico,2024-10-24 22:35:36
original_2634606612_1.jpg,8077391,Citrus × aurantium,25.977,"Basilinna xantusii (Lawrence, 1861)",2476825,23.549838,-109.821467,189.0,NORTH_AMERICA,Baja California Sur,2019,5,14,2019-05-14T14:31,True,Víctor Manuel Anguiano Huerta,iNaturalist,http://creativecommons.org/licenses/by-nc/4.0/,Víctor Manuel Anguiano Huerta,https://inaturalist-open-data.s3.amazonaws.com/photos/75058610/original.jpg,k-mexico,2024-10-24 22:35:38
original_2802863454_1.jpeg,3132772,Lagascea decipiens,8.946,"Basilinna xantusii (Lawrence, 1861)",2476825,23.552402,-109.896225,132.0,NORTH_AMERICA,Baja California Sur,2020,1,24,2020-01-24T13:04:30,True,Jonah Boyer,iNaturalist,http://creativecommons.org/licenses/by-nc/4.0/,Jonah Boyer,https://inaturalist-open-data.s3.amazonaws.com/photos/80839678/original.jpeg,k-mexico,2024-10-24 22:35:46
original_2814116496_1.jpeg,5384050,Opuntia cochenillifera,66.986,"Basilinna xantusii (Lawrence, 1861)",2476825,23.446476,-110.22651,4208.0,NORTH_AMERICA,Baja California Sur,2020,2,23,2020-02-23T11:13:53,True,cvon,iNaturalist,http://creativecommons.org/licenses/by-nc/4.0/,cvon,https://inaturalist-open-data.s3.amazonaws.com/photos/62137450/original.jpeg; https://inaturalist-open-data.s3.amazonaws.com/photos/62396851/original.jpeg,k-mexico,2024-10-24 22:35:48
original_2814116496_2.jpeg,3190638,Mangifera indica,3.897,"Basilinna xantusii (Lawrence, 1861)",2476825,23.446476,-110.22651,4208.0,NORTH_AMERICA,Baja California Sur,2020,2,23,2020-02-23T11:13:53,True,cvon,iNaturalist,http://creativecommons.org/licenses/by-nc/4.0/,cvon,https://inaturalist-open-data.s3.amazonaws.com/photos/62137450/original.jpeg; https://inaturalist-open-data.s3.amazonaws.com/photos/62396851/original.jpeg,k-mexico,2024-10-24 22:35:50
original_2814152556_1.jpeg,5358457,Prosopis glandulosa,2.6950000000000003,"Basilinna xantusii (Lawrence, 1861)",2476825,25.866935,-111.545415,138.0,NORTH_AMERICA,Baja California Sur,2019,10,12,2019-10-12T10:05,True,Enrique Flores García,iNaturalist,http://creativecommons.org/licenses/by-nc/4.0/,Enrique Flores García,https://inaturalist-open-data.s3.amazonaws.com/photos/72452304/original.jpeg; https://inaturalist-open-data.s3.amazonaws.com/photos/72452339/original.jpeg,k-mexico,2024-10-24 22:35:52
original_2814152556_2.jpeg,3974744,Vachellia nilotica,2.516,"Basilinna xantusii (Lawrence, 1861)",2476825,25.866935,-111.545415,138.0,NORTH_AMERICA,Baja California Sur,2019,10,12,2019-10-12T10:05,True,Enrique Flores García,iNaturalist,http://creativecommons.org/licenses/by-nc/4.0/,Enrique Flores García,https://inaturalist-open-data.s3.amazonaws.com/photos/72452304/original.jpeg; https://inaturalist-open-data.s3.amazonaws.com/photos/72452339/original.jpeg,k-mexico,2024-10-24 22:35:54
original_2814208587_1.jpeg,2976206,Entada polystachya,5.962,"Basilinna xantusii (Lawrence, 1861)",2476825,23.396811,-109.884705,78.0,NORTH_AMERICA,Baja California Sur,2020,2,11,2020-02-11T14:00:42,True,Jonah Boyer,iNaturalist,http://creativecommons.org/licenses/by-nc/4.0/,Jonah Boyer,https://inaturalist-open-data.s3.amazonaws.com/photos/81370070/original.jpeg,k-mexico,2024-10-24 22:35:57
original_2850720030_1.jpeg,3190006,Ungnadia speciosa,9.408999999999999,"Basilinna xantusii (Lawrence, 1861)",2476825,23.681074,-109.702619,1324.0,NORTH_AMERICA,Baja California Sur,2020,8,12,2020-08-12T19:19,True,leonardo_sanchez_ramos,iNaturalist,http://creativecommons.org/licenses/by-nc/4.0/,leonardo_sanchez_ramos,https://inaturalist-open-data.s3.amazonaws.com/photos/90406130/original.jpeg; https://inaturalist-open-data.s3.amazonaws.com/photos/90406133/original.jpeg; https://inaturalist-open-data.s3.amazonaws.com/photos/90406135/original.jpeg; https://inaturalist-open-data.s3.amazonaws.com/photos/90406138/original.jpeg,k-mexico,2024-10-24 22:35:59
original_2850720030_2.jpeg,3169756,Nerium oleander,19.457,"Basilinna xantusii (Lawrence, 1861)",2476825,23.681074,-109.702619,1324.0,NORTH_AMERICA,Baja California Sur,2020,8,12,2020-08-12T19:19,True,leonardo_sanchez_ramos,iNaturalist,http://creativecommons.org/licenses/by-nc/4.0/,leonardo_sanchez_ramos,https://inaturalist-open-data.s3.amazonaws.com/photos/90406130/original.jpeg; https://inaturalist-open-data.s3.amazonaws.com/photos/90406133/original.jpeg; https://inaturalist-open-data.s3.amazonaws.com/photos/90406135/original.jpeg; https://inaturalist-open-data.s3.amazonaws.com/photos/90406138/original.jpeg,k-mexico,2024-10-24 22:36:00
original_2850720030_3.jpeg,3190006,Ungnadia speciosa,4.616,"Basilinna xantusii (Lawrence, 1861)",2476825,23.681074,-109.702619,1324.0,NORTH_AMERICA,Baja California Sur,2020,8,12,2020-08-12T19:19,True,leonardo_sanchez_ramos,iNaturalist,http://creativecommons.org/licenses/by-nc/4.0/,leonardo_sanchez_ramos,https://inaturalist-open-data.s3.amazonaws.com/photos/90406130/original.jpeg; https://inaturalist-open-data.s3.amazonaws.com/photos/90406133/original.jpeg; https://inaturalist-open-data.s3.amazonaws.com/photos/90406135/original.jpeg; https://inaturalist-open-data.s3.amazonaws.com/photos/90406138/original.jpeg,k-mexico,2024-10-24 22:36:02
original_2850720030_4.jpeg,2766636,Agave sisalana,19.957,"Basilinna xantusii (Lawrence, 1861)",2476825,23.681074,-109.702619,1324.0,NORTH_AMERICA,Baja California Sur,2020,8,12,2020-08-12T19:19,True,leonardo_sanchez_ramos,iNaturalist,http://creativecommons.org/licenses/by-nc/4.0/,leonardo_sanchez_ramos,https://inaturalist-open-data.s3.amazonaws.com/photos/90406130/original.jpeg; https://inaturalist-open-data.s3.amazonaws.com/photos/90406133/original.jpeg; https://inaturalist-open-data.s3.amazonaws.com/photos/90406135/original.jpeg; https://inaturalist-open-data.s3.amazonaws.com/photos/90406138/original.jpeg,k-mexico,2024-10-24 22:36:04
original_2851052445_1.jpg,2874574,Cucumis dipsaceus,6.821000000000001,"Basilinna xantusii (Lawrence, 1861)",2476825,24.088561,-110.191645,10.0,NORTH_AMERICA,Baja California Sur,2019,2,23,2019-02-23T15:48,True,Jorge Cristerna,iNaturalist,http://creativecommons.org/licenses/by-nc/4.0/,Jorge Cristerna,https://inaturalist-open-data.s3.amazonaws.com/photos/88449566/original.jpg,k-mexico,2024-10-24 22:36:07
original_2851123995_1.jpg,3152052,Apeiba tibourbou,3.551,"Basilinna xantusii (Lawrence, 1861)",2476825,23.925223,-110.239148,4.0,NORTH_AMERICA,Baja California Sur,2019,9,15,2019-09-15T13:07,True,yokio,iNaturalist,http://creativecommons.org/licenses/by-nc/4.0/,yokio,https://inaturalist-open-data.s3.amazonaws.com/photos/90304088/original.jpg,k-mexico,2024-10-24 22:36:08
original_2851130475_2.jpeg,7944396,Ficus pertusa,2.204,"Basilinna xantusii (Lawrence, 1861)",2476825,25.860471,-111.542881,42.0,NORTH_AMERICA,Baja California Sur,2019,8,1,2019-08-01T15:03:51,True,Jesús Humberto Atondo Fuerte,iNaturalist,http://creativecommons.org/licenses/by-nc/4.0/,Jesús Humberto Atondo Fuerte,https://inaturalist-open-data.s3.amazonaws.com/photos/90840971/original.jpeg; https://inaturalist-open-data.s3.amazonaws.com/photos/90840983/original.jpeg; https://inaturalist-open-data.s3.amazonaws.com/photos/90841009/original.jpeg; https://inaturalist-open-data.s3.amazonaws.com/photos/90841029/original.jpeg; https://inaturalist-open-data.s3.amazonaws.com/photos/90841047/original.jpeg,k-mexico,2024-10-24 22:36:13
original_2851130475_3.jpeg,3086528,Rhizophora mangle,0.776,"Basilinna xantusii (Lawrence, 1861)",2476825,25.860471,-111.542881,42.0,NORTH_AMERICA,Baja California Sur,2019,8,1,2019-08-01T15:03:51,True,Jesús Humberto Atondo Fuerte,iNaturalist,http://creativecommons.org/licenses/by-nc/4.0/,Jesús Humberto Atondo Fuerte,https://inaturalist-open-data.s3.amazonaws.com/photos/90840971/original.jpeg; https://inaturalist-open-data.s3.amazonaws.com/photos/90840983/original.jpeg; https://inaturalist-open-data.s3.amazonaws.com/photos/90841009/original.jpeg; https://inaturalist-open-data.s3.amazonaws.com/photos/90841029/original.jpeg; https://inaturalist-open-data.s3.amazonaws.com/photos/90841047/original.jpeg,k-mexico,2024-10-24 22:36:15
original_2860139012_1.jpeg,2926102,Bourreria succulenta,3.428,"Basilinna xantusii (Lawrence, 1861)",2476825,23.549618,-109.825927,61.0,NORTH_AMERICA,Baja California Sur,2020,8,8,2020-08-08,True,Osiel Flores,iNaturalist,http://creativecommons.org/licenses/by-nc/4.0/,Osiel Flores,https://inaturalist-open-data.s3.amazonaws.com/photos/92706525/original.jpeg,k-mexico,2024-10-24 22:36:23
original_3032071923_3.jpeg,2976481,Ebenopsis ebano,3.567,"Basilinna xantusii (Lawrence, 1861)",2476825,23.422389,-109.813236,95.0,NORTH_AMERICA,Baja California Sur,2021,1,22,2021-01-22T14:05,True,Víctor Manuel Anguiano Huerta,iNaturalist,http://creativecommons.org/licenses/by-nc/4.0/,Víctor Manuel Anguiano Huerta,https://inaturalist-open-data.s3.amazonaws.com/photos/111260836/original.jpeg; https://inaturalist-open-data.s3.amazonaws.com/photos/111260843/original.jpeg; https://inaturalist-open-data.s3.amazonaws.com/photos/111260852/original.jpeg; https://inaturalist-open-data.s3.amazonaws.com/photos/111260858/original.jpeg; https://inaturalist-open-data.s3.amazonaws.com/photos/111260865/original.jpeg; https://inaturalist-open-data.s3.amazonaws.com/photos/111260874/original.jpeg,k-mexico,2024-10-24 22:36:32
original_3044883424_1.jpeg,5358508,Prosopis pubescens,8.556999999999999,"Basilinna xantusii (Lawrence, 1861)",2476825,23.422468,-109.813515,34.0,NORTH_AMERICA,Baja California Sur,2021,2,17,2021-02-17T12:55,True,Víctor Manuel Anguiano Huerta,iNaturalist,http://creativecommons.org/licenses/by-nc/4.0/,Víctor Manuel Anguiano Huerta,https://inaturalist-open-data.s3.amazonaws.com/photos/113245313/original.jpeg; https://inaturalist-open-data.s3.amazonaws.com/photos/113245326/original.jpeg; https://inaturalist-open-data.s3.amazonaws.com/photos/113245332/original.jpeg; https://inaturalist-open-data.s3.amazonaws.com/photos/113245341/original.jpeg; https://inaturalist-open-data.s3.amazonaws.com/photos/113245365/original.jpeg; https://inaturalist-open-data.s3.amazonaws.com/photos/113245394/original.jpeg,k-mexico,2024-10-24 22:36:40
original_3044883424_2.jpeg,5358508,Prosopis pubescens,1.7149999999999999,"Basilinna xantusii (Lawrence, 1861)",2476825,23.422468,-109.813515,34.0,NORTH_AMERICA,Baja California Sur,2021,2,17,2021-02-17T12:55,True,Víctor Manuel Anguiano Huerta,iNaturalist,http://creativecommons.org/licenses/by-nc/4.0/,Víctor Manuel Anguiano Huerta,https://inaturalist-open-data.s3.amazonaws.com/photos/113245313/original.jpeg; https://inaturalist-open-data.s3.amazonaws.com/photos/113245326/original.jpeg; https://inaturalist-open-data.s3.amazonaws.com/photos/113245332/original.jpeg; https://inaturalist-open-data.s3.amazonaws.com/photos/113245341/original.jpeg; https://inaturalist-open-data.s3.amazonaws.com/photos/113245365/original.jpeg; https://inaturalist-open-data.s3.amazonaws.com/photos/113245394/original.jpeg,k-mexico,2024-10-24 22:36:42
original_3044883424_3.jpeg,2932944,Capsicum annuum,6.4430000000000005,"Basilinna xantusii (Lawrence, 1861)",2476825,23.422468,-109.813515,34.0,NORTH_AMERICA,Baja California Sur,2021,2,17,2021-02-17T12:55,True,Víctor Manuel Anguiano Huerta,iNaturalist,http://creativecommons.org/licenses/by-nc/4.0/,Víctor Manuel Anguiano Huerta,https://inaturalist-open-data.s3.amazonaws.com/photos/113245313/original.jpeg; https://inaturalist-open-data.s3.amazonaws.com/photos/113245326/original.jpeg; https://inaturalist-open-data.s3.amazonaws.com/photos/113245332/original.jpeg; https://inaturalist-open-data.s3.amazonaws.com/photos/113245341/original.jpeg; https://inaturalist-open-data.s3.amazonaws.com/photos/113245365/original.jpeg; https://inaturalist-open-data.s3.amazonaws.com/photos/113245394/original.jpeg,k-mexico,2024-10-24 22:36:44
original_3044923985_1.jpeg,3172386,Forestiera angustifolia,7.593,"Basilinna xantusii (Lawrence, 1861)",2476825,23.422835,-109.813216,570.0,NORTH_AMERICA,Baja California Sur,2021,2,17,2021-02-17,True,Osiel Flores,iNaturalist,http://creativecommons.org/licenses/by-nc/4.0/,Osiel Flores,https://inaturalist-open-data.s3.amazonaws.com/photos/113754135/original.jpeg,k-mexico,2024-10-24 22:36:52
original_3044946950_1.jpeg,2735117,Cocos nucifera,0.745,"Basilinna xantusii (Lawrence, 1861)",2476825,23.681074,-109.702619,1326.0,NORTH_AMERICA,Baja California Sur,2020,10,25,2020-10-25T14:22:55Z,True,Alfredo Gutiérrez,iNaturalist,http://creativecommons.org/licenses/by-nc/4.0/,Alfredo Gutiérrez,https://inaturalist-open-data.s3.amazonaws.com/photos/113775572/original.jpeg,k-mexico,2024-10-24 22:36:55
original_3058772924_2.jpeg,2950903,Haematoxylum campechianum,11.462,"Basilinna xantusii (Lawrence, 1861)",2476825,23.431674,-109.810304,278.0,NORTH_AMERICA,Baja California Sur,2021,3,3,2021-03-03T09:57,True,Víctor Manuel Anguiano Huerta,iNaturalist,http://creativecommons.org/licenses/by-nc/4.0/,Víctor Manuel Anguiano Huerta,https://inaturalist-open-data.s3.amazonaws.com/photos/114796324/original.jpeg; https://inaturalist-open-data.s3.amazonaws.com/photos/114796332/original.jpeg; https://inaturalist-open-data.s3.amazonaws.com/photos/114796341/original.jpeg,k-mexico,2024-10-24 22:36:59
original_3058772924_3.jpeg,2874119,Xylosma flexuosa,14.623,"Basilinna xantusii (Lawrence, 1861)",2476825,23.431674,-109.810304,278.0,NORTH_AMERICA,Baja California Sur,2021,3,3,2021-03-03T09:57,True,Víctor Manuel Anguiano Huerta,iNaturalist,http://creativecommons.org/licenses/by-nc/4.0/,Víctor Manuel Anguiano Huerta,https://inaturalist-open-data.s3.amazonaws.com/photos/114796324/original.jpeg; https://inaturalist-open-data.s3.amazonaws.com/photos/114796332/original.jpeg; https://inaturalist-open-data.s3.amazonaws.com/photos/114796341/original.jpeg,k-mexico,2024-10-24 22:37:01
original_3058888742_1.jpeg,5361923,Ficus aurea,2.5229999999999997,"Basilinna xantusii (Lawrence, 1861)",2476825,23.451865,-110.247358,,NORTH_AMERICA,Baja California Sur,2021,2,16,2021-02-16T18:40,True,Oscar Jimenez-Orocio,iNaturalist,http://creativecommons.org/licenses/by-nc/4.0/,Oscar Jimenez-Orocio,https://inaturalist-open-data.s3.amazonaws.com/photos/114650750/original.jpeg,k-mexico,2024-10-24 22:37:04
original_3058989071_1.jpeg,2950903,Haematoxylum campechianum,1.325,"Basilinna xantusii (Lawrence, 1861)",2476825,23.434757,-109.810656,8.0,NORTH_AMERICA,Baja California Sur,2021,3,2,2021-03-02T21:48,True,Lázaro Israel Rangel Castañeda,iNaturalist,http://creativecommons.org/licenses/by/4.0/,Lázaro Israel Rangel Castañeda,https://inaturalist-open-data.s3.amazonaws.com/photos/114861708/original.jpeg,k-mexico,2024-10-24 22:37:09
original_3070409798_1.jpeg,2895345,Coffea arabica,1.2109999999999999,"Basilinna xantusii (Lawrence, 1861)",2476825,23.558937,-109.865211,342.0,NORTH_AMERICA,Baja California Sur,2020,9,22,2020-09-22,True,Osiel Flores,iNaturalist,http://creativecommons.org/licenses/by-nc/4.0/,Osiel Flores,https://inaturalist-open-data.s3.amazonaws.com/photos/118365103/original.jpeg,k-mexico,2024-10-24 22:37:12
original_3070496544_1.jpeg,3874338,Fouquieria diguetii,67.37100000000001,"Basilinna xantusii (Lawrence, 1861)",2476825,23.435757,-109.817416,8.0,NORTH_AMERICA,Baja California Sur,2021,3,3,2021-03-03T08:56,True,Enrique Flores García,iNaturalist,http://creativecommons.org/licenses/by-nc/4.0/,Enrique Flores García,https://inaturalist-open-data.s3.amazonaws.com/photos/114987354/original.jpeg; https://inaturalist-open-data.s3.amazonaws.com/photos/114987394/original.jpeg,k-mexico,2024-10-24 22:37:14
original_3079543684_2.jpeg,7327057,Combretum farinosum,16.25,"Basilinna xantusii (Lawrence, 1861)",2476825,26.360645,-111.444358,3.0,NORTH_AMERICA,Baja California Sur,2019,12,11,2019-12-11T16:51:40,True,kclarksdnhmorg,iNaturalist,http://creativecommons.org/licenses/by/4.0/,kclarksdnhmorg,https://inaturalist-open-data.s3.amazonaws.com/photos/57887554/original.jpeg; https://inaturalist-open-data.s3.amazonaws.com/photos/57887555/original.jpeg,k-mexico,2024-10-24 22:37:18
original_3079548254_1.jpeg,4092242,Handroanthus impetiginosus,3.114,"Basilinna xantusii (Lawrence, 1861)",2476825,26.037507,-111.83444,154.0,NORTH_AMERICA,Baja California Sur,2021,4,1,2021-04-01T23:40,True,Tania Pérez Fiol,iNaturalist,http://creativecommons.org/licenses/by-nc/4.0/,Tania Pérez Fiol,https://inaturalist-open-data.s3.amazonaws.com/photos/118518306/original.jpeg; https://inaturalist-open-data.s3.amazonaws.com/photos/118518324/original.jpeg; https://inaturalist-open-data.s3.amazonaws.com/photos/118518348/original.jpeg,k-mexico,2024-10-24 22:37:22
original_3079548254_3.jpeg,2695344,Tillandsia flexuosa,6.453,"Basilinna xantusii (Lawrence, 1861)",2476825,26.037507,-111.83444,154.0,NORTH_AMERICA,Baja California Sur,2021,4,1,2021-04-01T23:40,True,Tania Pérez Fiol,iNaturalist,http://creativecommons.org/licenses/by-nc/4.0/,Tania Pérez Fiol,https://inaturalist-open-data.s3.amazonaws.com/photos/118518306/original.jpeg; https://inaturalist-open-data.s3.amazonaws.com/photos/118518324/original.jpeg; https://inaturalist-open-data.s3.amazonaws.com/photos/118518348/original.jpeg,k-mexico,2024-10-24 22:37:26
original_3079826780_1.jpeg,2962854,Pithecellobium unguis-cati,1.155,"Basilinna xantusii (Lawrence, 1861)",2476825,23.752882,-110.091628,100.0,NORTH_AMERICA,Baja California Sur,2021,4,2,2021-04-02T14:16,True,Enrique Flores García,iNaturalist,http://creativecommons.org/licenses/by-nc/4.0/,Enrique Flores García,https://inaturalist-open-data.s3.amazonaws.com/photos/119185148/original.jpeg; https://inaturalist-open-data.s3.amazonaws.com/photos/119186130/original.jpeg; https://inaturalist-open-data.s3.amazonaws.com/photos/119186584/original.jpeg,k-mexico,2024-10-24 22:37:28
original_3079826780_2.jpeg,3795445,Vachellia macracantha,8.028,"Basilinna xantusii (Lawrence, 1861)",2476825,23.752882,-110.091628,100.0,NORTH_AMERICA,Baja California Sur,2021,4,2,2021-04-02T14:16,True,Enrique Flores García,iNaturalist,http://creativecommons.org/licenses/by-nc/4.0/,Enrique Flores García,https://inaturalist-open-data.s3.amazonaws.com/photos/119185148/original.jpeg; https://inaturalist-open-data.s3.amazonaws.com/photos/119186130/original.jpeg; https://inaturalist-open-data.s3.amazonaws.com/photos/119186584/original.jpeg,k-mexico,2024-10-24 22:37:30
original_3079826780_3.jpeg,2962854,Pithecellobium unguis-cati,1.59,"Basilinna xantusii (Lawrence, 1861)",2476825,23.752882,-110.091628,100.0,NORTH_AMERICA,Baja California Sur,2021,4,2,2021-04-02T14:16,True,Enrique Flores García,iNaturalist,http://creativecommons.org/licenses/by-nc/4.0/,Enrique Flores García,https://inaturalist-open-data.s3.amazonaws.com/photos/119185148/original.jpeg; https://inaturalist-open-data.s3.amazonaws.com/photos/119186130/original.jpeg; https://inaturalist-open-data.s3.amazonaws.com/photos/119186584/original.jpeg,k-mexico,2024-10-24 22:37:32
original_3079894759_2.jpeg,5406696,Ceiba aesculifolia,9.955,"Basilinna xantusii (Lawrence, 1861)",2476825,23.745932,-110.11218,100.0,NORTH_AMERICA,Baja California Sur,2021,4,2,2021-04-02T08:47,True,Enrique Flores García,iNaturalist,http://creativecommons.org/licenses/by-nc/4.0/,Enrique Flores García,https://inaturalist-open-data.s3.amazonaws.com/photos/119189891/original.jpeg; https://inaturalist-open-data.s3.amazonaws.com/photos/119190120/original.jpeg,k-mexico,2024-10-24 22:37:37
original_3097140712_1.jpg,2874119,Xylosma flexuosa,3.1199999999999997,"Basilinna xantusii (Lawrence, 1861)",2476825,23.362557,-109.783592,407.0,NORTH_AMERICA,Baja California Sur,2016,1,12,2016-01-12T17:14,True,Nick Moore,iNaturalist,http://creativecommons.org/licenses/by-nc/4.0/,Nick Moore,https://inaturalist-open-data.s3.amazonaws.com/photos/122477665/original.jpg,k-mexico,2024-10-24 22:37:40
original_3097279290_1.jpeg,3084384,Stenocereus thurberi,33.81,"Basilinna xantusii (Lawrence, 1861)",2476825,23.551067,-109.821791,31.0,NORTH_AMERICA,Baja California Sur,2021,4,14,2021-04-14,True,Osiel Flores,iNaturalist,http://creativecommons.org/licenses/by-nc/4.0/,Osiel Flores,https://inaturalist-open-data.s3.amazonaws.com/photos/121864033/original.jpeg,k-mexico,2024-10-24 22:37:43
original_3097325711_1.jpg,3170791,Keckiella cordifolia,9.118,"Basilinna xantusii (Lawrence, 1861)",2476825,23.364031,-109.783304,122.0,NORTH_AMERICA,Baja California Sur,2016,1,13,2016-01-13T13:40,True,Nick Moore,iNaturalist,http://creativecommons.org/licenses/by-nc/4.0/,Nick Moore,https://inaturalist-open-data.s3.amazonaws.com/photos/122477790/original.jpg,k-mexico,2024-10-24 22:37:45
original_3109025079_1.jpeg,5406696,Ceiba aesculifolia,7.7,"Basilinna xantusii (Lawrence, 1861)",2476825,23.762742,-110.075729,100.0,NORTH_AMERICA,Baja California Sur,2021,4,24,2021-04-24T10:08,True,Enrique Flores García,iNaturalist,http://creativecommons.org/licenses/by-nc/4.0/,Enrique Flores García,https://inaturalist-open-data.s3.amazonaws.com/photos/123148702/original.jpeg; https://inaturalist-open-data.s3.amazonaws.com/photos/123148718/original.jpeg,k-mexico,2024-10-24 22:37:48
original_3109025079_2.jpeg,5406696,Ceiba aesculifolia,20.712,"Basilinna xantusii (Lawrence, 1861)",2476825,23.762742,-110.075729,100.0,NORTH_AMERICA,Baja California Sur,2021,4,24,2021-04-24T10:08,True,Enrique Flores García,iNaturalist,http://creativecommons.org/licenses/by-nc/4.0/,Enrique Flores García,https://inaturalist-open-data.s3.amazonaws.com/photos/123148702/original.jpeg; https://inaturalist-open-data.s3.amazonaws.com/photos/123148718/original.jpeg,k-mexico,2024-10-24 22:37:50
original_3109299964_1.jpeg,2874728,Eucnide bartonioides,7.954,"Basilinna xantusii (Lawrence, 1861)",2476825,26.287641,-112.00652,150.0,NORTH_AMERICA,Baja California Sur,2021,4,13,2021-04-13T08:37,True,Enrique Flores García,iNaturalist,http://creativecommons.org/licenses/by-nc/4.0/,Enrique Flores García,https://inaturalist-open-data.s3.amazonaws.com/photos/123050292/original.jpeg; https://inaturalist-open-data.s3.amazonaws.com/photos/123050341/original.jpeg,k-mexico,2024-10-24 22:37:53
original_3109299964_2.jpeg,2874728,Eucnide bartonioides,6.726,"Basilinna xantusii (Lawrence, 1861)",2476825,26.287641,-112.00652,150.0,NORTH_AMERICA,Baja California Sur,2021,4,13,2021-04-13T08:37,True,Enrique Flores García,iNaturalist,http://creativecommons.org/licenses/by-nc/4.0/,Enrique Flores García,https://inaturalist-open-data.s3.amazonaws.com/photos/123050292/original.jpeg; https://inaturalist-open-data.s3.amazonaws.com/photos/123050341/original.jpeg,k-mexico,2024-10-24 22:37:55
original_3112518216_1.jpeg,5349751,Erythrina americana,2.795,"Basilinna xantusii (Lawrence, 1861)",2476825,23.437735,-109.430038,76.0,NORTH_AMERICA,Baja California Sur,2021,5,1,2021-05-01T09:32,True,Deb Oleynik,iNaturalist,http://creativecommons.org/licenses/by-nc-nd/4.0/,Deb Oleynik,https://inaturalist-open-data.s3.amazonaws.com/photos/124864349/original.jpeg,k-mexico,2024-10-24 22:37:58
original_3113513719_1.jpeg,5349751,Erythrina americana,3.003,"Basilinna xantusii (Lawrence, 1861)",2476825,23.438049,-109.429321,1953.0,NORTH_AMERICA,Baja California Sur,2021,5,1,2021-05-01T09:32,True,Deb Oleynik,iNaturalist,http://creativecommons.org/licenses/by-nc-nd/4.0/,Deb Oleynik,https://inaturalist-open-data.s3.amazonaws.com/photos/128465672/original.jpeg,k-mexico,2024-10-24 22:38:03
original_3320838405_1.jpg,5349751,Erythrina americana,3.963,"Basilinna xantusii (Lawrence, 1861)",2476825,24.087848,-110.190762,132.0,NORTH_AMERICA,Baja California Sur,2021,3,3,2021-03-03T17:29,True,Valeria Huerta,iNaturalist,http://creativecommons.org/licenses/by-nc/4.0/,Valeria Huerta,https://inaturalist-open-data.s3.amazonaws.com/photos/114848600/original.jpg,k-mexico,2024-10-24 22:38:05
original_3325691526_1.jpeg,2975768,Tamarindus indica,28.674,"Basilinna xantusii (Lawrence, 1861)",2476825,24.046358,-110.068919,203.0,NORTH_AMERICA,Baja California Sur,2021,6,28,2021-06-28T13:16:08Z,True,Verónica Zamora Gutiérrez,iNaturalist,http://creativecommons.org/licenses/by-nc/4.0/,Verónica Zamora Gutiérrez,https://inaturalist-open-data.s3.amazonaws.com/photos/140256277/original.jpeg; https://inaturalist-open-data.s3.amazonaws.com/photos/140256350/original.jpeg; https://inaturalist-open-data.s3.amazonaws.com/photos/145483640/original.jpeg,k-mexico,2024-10-24 22:38:08
original_3325691526_2.jpeg,2975768,Tamarindus indica,11.83,"Basilinna xantusii (Lawrence, 1861)",2476825,24.046358,-110.068919,203.0,NORTH_AMERICA,Baja California Sur,2021,6,28,2021-06-28T13:16:08Z,True,Verónica Zamora Gutiérrez,iNaturalist,http://creativecommons.org/licenses/by-nc/4.0/,Verónica Zamora Gutiérrez,https://inaturalist-open-data.s3.amazonaws.com/photos/140256277/original.jpeg; https://inaturalist-open-data.s3.amazonaws.com/photos/140256350/original.jpeg; https://inaturalist-open-data.s3.amazonaws.com/photos/145483640/original.jpeg,k-mexico,2024-10-24 22:38:09
original_3325691526_3.jpeg,2975768,Tamarindus indica,33.921,"Basilinna xantusii (Lawrence, 1861)",2476825,24.046358,-110.068919,203.0,NORTH_AMERICA,Baja California Sur,2021,6,28,2021-06-28T13:16:08Z,True,Verónica Zamora Gutiérrez,iNaturalist,http://creativecommons.org/licenses/by-nc/4.0/,Verónica Zamora Gutiérrez,https://inaturalist-open-data.s3.amazonaws.com/photos/140256277/original.jpeg; https://inaturalist-open-data.s3.amazonaws.com/photos/140256350/original.jpeg; https://inaturalist-open-data.s3.amazonaws.com/photos/145483640/original.jpeg,k-mexico,2024-10-24 22:38:11
original_3330480695_1.jpg,2874728,Eucnide bartonioides,7.208,"Basilinna xantusii (Lawrence, 1861)",2476825,24.088223,-110.191418,2.0,NORTH_AMERICA,Baja California Sur,2020,1,25,2020-01-25T22:15,True,Valeria Huerta,iNaturalist,http://creativecommons.org/licenses/by-nc/4.0/,Valeria Huerta,https://inaturalist-open-data.s3.amazonaws.com/photos/143882626/original.jpg; https://inaturalist-open-data.s3.amazonaws.com/photos/143882665/original.jpg; https://inaturalist-open-data.s3.amazonaws.com/photos/143883095/original.jpg; https://inaturalist-open-data.s3.amazonaws.com/photos/143883246/original.jpg,k-mexico,2024-10-24 22:38:14
original_3330480695_2.jpg,9609002,Pelargonium zonale,1.1480000000000001,"Basilinna xantusii (Lawrence, 1861)",2476825,24.088223,-110.191418,2.0,NORTH_AMERICA,Baja California Sur,2020,1,25,2020-01-25T22:15,True,Valeria Huerta,iNaturalist,http://creativecommons.org/licenses/by-nc/4.0/,Valeria Huerta,https://inaturalist-open-data.s3.amazonaws.com/photos/143882626/original.jpg; https://inaturalist-open-data.s3.amazonaws.com/photos/143882665/original.jpg; https://inaturalist-open-data.s3.amazonaws.com/photos/143883095/original.jpg; https://inaturalist-open-data.s3.amazonaws.com/photos/143883246/original.jpg,k-mexico,2024-10-24 22:38:16
original_3330480695_3.jpg,2874728,Eucnide bartonioides,0.5599999999999999,"Basilinna xantusii (Lawrence, 1861)",2476825,24.088223,-110.191418,2.0,NORTH_AMERICA,Baja California Sur,2020,1,25,2020-01-25T22:15,True,Valeria Huerta,iNaturalist,http://creativecommons.org/licenses/by-nc/4.0/,Valeria Huerta,https://inaturalist-open-data.s3.amazonaws.com/photos/143882626/original.jpg; https://inaturalist-open-data.s3.amazonaws.com/photos/143882665/original.jpg; https://inaturalist-open-data.s3.amazonaws.com/photos/143883095/original.jpg; https://inaturalist-open-data.s3.amazonaws.com/photos/143883246/original.jpg,k-mexico,2024-10-24 22:38:18
original_3330480695_4.jpg,2874728,Eucnide bartonioides,2.988,"Basilinna xantusii (Lawrence, 1861)",2476825,24.088223,-110.191418,2.0,NORTH_AMERICA,Baja California Sur,2020,1,25,2020-01-25T22:15,True,Valeria Huerta,iNaturalist,http://creativecommons.org/licenses/by-nc/4.0/,Valeria Huerta,https://inaturalist-open-data.s3.amazonaws.com/photos/143882626/original.jpg; https://inaturalist-open-data.s3.amazonaws.com/photos/143882665/original.jpg; https://inaturalist-open-data.s3.amazonaws.com/photos/143883095/original.jpg; https://inaturalist-open-data.s3.amazonaws.com/photos/143883246/original.jpg,k-mexico,2024-10-24 22:38:21
original_3330501686_1.jpg,2986221,Ribes quercetorum,2.048,"Basilinna xantusii (Lawrence, 1861)",2476825,24.08822,-110.191493,2.0,NORTH_AMERICA,Baja California Sur,2020,1,25,2020-01-25T21:43,True,Valeria Huerta,iNaturalist,http://creativecommons.org/licenses/by-nc/4.0/,Valeria Huerta,https://inaturalist-open-data.s3.amazonaws.com/photos/143883946/original.jpg; https://inaturalist-open-data.s3.amazonaws.com/photos/143883986/original.jpg,k-mexico,2024-10-24 22:38:23
original_3330501686_2.jpg,2928366,Wigandia urens,4.414,"Basilinna xantusii (Lawrence, 1861)",2476825,24.08822,-110.191493,2.0,NORTH_AMERICA,Baja California Sur,2020,1,25,2020-01-25T21:43,True,Valeria Huerta,iNaturalist,http://creativecommons.org/licenses/by-nc/4.0/,Valeria Huerta,https://inaturalist-open-data.s3.amazonaws.com/photos/143883946/original.jpg; https://inaturalist-open-data.s3.amazonaws.com/photos/143883986/original.jpg,k-mexico,2024-10-24 22:38:26
original_3330502675_1.jpg,2874728,Eucnide bartonioides,0.668,"Basilinna xantusii (Lawrence, 1861)",2476825,24.088253,-110.191514,2.0,NORTH_AMERICA,Baja California Sur,2020,1,25,2020-01-25T21:56,True,Valeria Huerta,iNaturalist,http://creativecommons.org/licenses/by-nc/4.0/,Valeria Huerta,https://inaturalist-open-data.s3.amazonaws.com/photos/143883304/original.jpg; https://inaturalist-open-data.s3.amazonaws.com/photos/143883495/original.jpg; https://inaturalist-open-data.s3.amazonaws.com/photos/143883746/original.jpg; https://inaturalist-open-data.s3.amazonaws.com/photos/143883805/original.jpg; https://inaturalist-open-data.s3.amazonaws.com/photos/143883857/original.jpg; https://inaturalist-open-data.s3.amazonaws.com/photos/143883900/original.jpg,k-mexico,2024-10-24 22:38:28
original_3330502675_2.jpg,2874574,Cucumis dipsaceus,2.03,"Basilinna xantusii (Lawrence, 1861)",2476825,24.088253,-110.191514,2.0,NORTH_AMERICA,Baja California Sur,2020,1,25,2020-01-25T21:56,True,Valeria Huerta,iNaturalist,http://creativecommons.org/licenses/by-nc/4.0/,Valeria Huerta,https://inaturalist-open-data.s3.amazonaws.com/photos/143883304/original.jpg; https://inaturalist-open-data.s3.amazonaws.com/photos/143883495/original.jpg; https://inaturalist-open-data.s3.amazonaws.com/photos/143883746/original.jpg; https://inaturalist-open-data.s3.amazonaws.com/photos/143883805/original.jpg; https://inaturalist-open-data.s3.amazonaws.com/photos/143883857/original.jpg; https://inaturalist-open-data.s3.amazonaws.com/photos/143883900/original.jpg,k-mexico,2024-10-24 22:38:30
original_3330502675_3.jpg,5388389,Brickellia grandiflora,0.447,"Basilinna xantusii (Lawrence, 1861)",2476825,24.088253,-110.191514,2.0,NORTH_AMERICA,Baja California Sur,2020,1,25,2020-01-25T21:56,True,Valeria Huerta,iNaturalist,http://creativecommons.org/licenses/by-nc/4.0/,Valeria Huerta,https://inaturalist-open-data.s3.amazonaws.com/photos/143883304/original.jpg; https://inaturalist-open-data.s3.amazonaws.com/photos/143883495/original.jpg; https://inaturalist-open-data.s3.amazonaws.com/photos/143883746/original.jpg; https://inaturalist-open-data.s3.amazonaws.com/photos/143883805/original.jpg; https://inaturalist-open-data.s3.amazonaws.com/photos/143883857/original.jpg; https://inaturalist-open-data.s3.amazonaws.com/photos/143883900/original.jpg,k-mexico,2024-10-24 22:38:33
original_3330502675_4.jpg,9609002,Pelargonium zonale,1.812,"Basilinna xantusii (Lawrence, 1861)",2476825,24.088253,-110.191514,2.0,NORTH_AMERICA,Baja California Sur,2020,1,25,2020-01-25T21:56,True,Valeria Huerta,iNaturalist,http://creativecommons.org/licenses/by-nc/4.0/,Valeria Huerta,https://inaturalist-open-data.s3.amazonaws.com/photos/143883304/original.jpg; https://inaturalist-open-data.s3.amazonaws.com/photos/143883495/original.jpg; https://inaturalist-open-data.s3.amazonaws.com/photos/143883746/original.jpg; https://inaturalist-open-data.s3.amazonaws.com/photos/143883805/original.jpg; https://inaturalist-open-data.s3.amazonaws.com/photos/143883857/original.jpg; https://inaturalist-open-data.s3.amazonaws.com/photos/143883900/original.jpg,k-mexico,2024-10-24 22:38:35
original_3330502675_5.jpg,2928774,Nicotiana tabacum,1.982,"Basilinna xantusii (Lawrence, 1861)",2476825,24.088253,-110.191514,2.0,NORTH_AMERICA,Baja California Sur,2020,1,25,2020-01-25T21:56,True,Valeria Huerta,iNaturalist,http://creativecommons.org/licenses/by-nc/4.0/,Valeria Huerta,https://inaturalist-open-data.s3.amazonaws.com/photos/143883304/original.jpg; https://inaturalist-open-data.s3.amazonaws.com/photos/143883495/original.jpg; https://inaturalist-open-data.s3.amazonaws.com/photos/143883746/original.jpg; https://inaturalist-open-data.s3.amazonaws.com/photos/143883805/original.jpg; https://inaturalist-open-data.s3.amazonaws.com/photos/143883857/original.jpg; https://inaturalist-open-data.s3.amazonaws.com/photos/143883900/original.jpg,k-mexico,2024-10-24 22:38:37
original_3330502675_6.jpg,2874728,Eucnide bartonioides,0.79,"Basilinna xantusii (Lawrence, 1861)",2476825,24.088253,-110.191514,2.0,NORTH_AMERICA,Baja California Sur,2020,1,25,2020-01-25T21:56,True,Valeria Huerta,iNaturalist,http://creativecommons.org/licenses/by-nc/4.0/,Valeria Huerta,https://inaturalist-open-data.s3.amazonaws.com/photos/143883304/original.jpg; https://inaturalist-open-data.s3.amazonaws.com/photos/143883495/original.jpg; https://inaturalist-open-data.s3.amazonaws.com/photos/143883746/original.jpg; https://inaturalist-open-data.s3.amazonaws.com/photos/143883805/original.jpg; https://inaturalist-open-data.s3.amazonaws.com/photos/143883857/original.jpg; https://inaturalist-open-data.s3.amazonaws.com/photos/143883900/original.jpg,k-mexico,2024-10-24 22:38:40
original_3330522697_1.jpg,2874728,Eucnide bartonioides,1.6260000000000001,"Basilinna xantusii (Lawrence, 1861)",2476825,24.088201,-110.191584,8.0,NORTH_AMERICA,Baja California Sur,2020,1,25,2020-01-25T22:13,True,Valeria Huerta,iNaturalist,http://creativecommons.org/licenses/by-nc/4.0/,Valeria Huerta,https://inaturalist-open-data.s3.amazonaws.com/photos/143882700/original.jpg; https://inaturalist-open-data.s3.amazonaws.com/photos/143882908/original.jpg; https://inaturalist-open-data.s3.amazonaws.com/photos/143882958/original.jpg; https://inaturalist-open-data.s3.amazonaws.com/photos/143883539/original.jpg,k-mexico,2024-10-24 22:38:42
original_3330522697_3.jpg,2929212,Solanum hirtum,2.037,"Basilinna xantusii (Lawrence, 1861)",2476825,24.088201,-110.191584,8.0,NORTH_AMERICA,Baja California Sur,2020,1,25,2020-01-25T22:13,True,Valeria Huerta,iNaturalist,http://creativecommons.org/licenses/by-nc/4.0/,Valeria Huerta,https://inaturalist-open-data.s3.amazonaws.com/photos/143882700/original.jpg; https://inaturalist-open-data.s3.amazonaws.com/photos/143882908/original.jpg; https://inaturalist-open-data.s3.amazonaws.com/photos/143882958/original.jpg; https://inaturalist-open-data.s3.amazonaws.com/photos/143883539/original.jpg,k-mexico,2024-10-24 22:38:45
original_3330522697_4.jpg,3152578,Hibiscus martianus,5.75,"Basilinna xantusii (Lawrence, 1861)",2476825,24.088201,-110.191584,8.0,NORTH_AMERICA,Baja California Sur,2020,1,25,2020-01-25T22:13,True,Valeria Huerta,iNaturalist,http://creativecommons.org/licenses/by-nc/4.0/,Valeria Huerta,https://inaturalist-open-data.s3.amazonaws.com/photos/143882700/original.jpg; https://inaturalist-open-data.s3.amazonaws.com/photos/143882908/original.jpg; https://inaturalist-open-data.s3.amazonaws.com/photos/143882958/original.jpg; https://inaturalist-open-data.s3.amazonaws.com/photos/143883539/original.jpg,k-mexico,2024-10-24 22:38:46
original_3330523709_1.jpg,2874570,Cucumis melo,0.483,"Basilinna xantusii (Lawrence, 1861)",2476825,24.088257,-110.19144,2.0,NORTH_AMERICA,Baja California Sur,2020,1,25,2020-01-25T22:01,True,Valeria Huerta,iNaturalist,http://creativecommons.org/licenses/by-nc/4.0/,Valeria Huerta,https://inaturalist-open-data.s3.amazonaws.com/photos/143883020/original.jpg; https://inaturalist-open-data.s3.amazonaws.com/photos/143883063/original.jpg; https://inaturalist-open-data.s3.amazonaws.com/photos/143883167/original.jpg,k-mexico,2024-10-24 22:38:49
original_3330523709_2.jpg,2928774,Nicotiana tabacum,1.6840000000000002,"Basilinna xantusii (Lawrence, 1861)",2476825,24.088257,-110.19144,2.0,NORTH_AMERICA,Baja California Sur,2020,1,25,2020-01-25T22:01,True,Valeria Huerta,iNaturalist,http://creativecommons.org/licenses/by-nc/4.0/,Valeria Huerta,https://inaturalist-open-data.s3.amazonaws.com/photos/143883020/original.jpg; https://inaturalist-open-data.s3.amazonaws.com/photos/143883063/original.jpg; https://inaturalist-open-data.s3.amazonaws.com/photos/143883167/original.jpg,k-mexico,2024-10-24 22:38:52
original_3330523709_3.jpg,2928774,Nicotiana tabacum,3.444,"Basilinna xantusii (Lawrence, 1861)",2476825,24.088257,-110.19144,2.0,NORTH_AMERICA,Baja California Sur,2020,1,25,2020-01-25T22:01,True,Valeria Huerta,iNaturalist,http://creativecommons.org/licenses/by-nc/4.0/,Valeria Huerta,https://inaturalist-open-data.s3.amazonaws.com/photos/143883020/original.jpg; https://inaturalist-open-data.s3.amazonaws.com/photos/143883063/original.jpg; https://inaturalist-open-data.s3.amazonaws.com/photos/143883167/original.jpg,k-mexico,2024-10-24 22:38:54
original_3333314924_1.jpeg,3084384,Stenocereus thurberi,62.319,"Basilinna xantusii (Lawrence, 1861)",2476825,23.477842,-109.687209,4078.0,NORTH_AMERICA,Baja California Sur,2021,7,8,2021-07-08T18:10:54,True,Saúl Saldaña,iNaturalist,http://creativecommons.org/licenses/by-nc/4.0/,Saúl Saldaña,https://inaturalist-open-data.s3.amazonaws.com/photos/145998014/original.jpeg; https://inaturalist-open-data.s3.amazonaws.com/photos/145998029/original.jpeg; https://inaturalist-open-data.s3.amazonaws.com/photos/145998040/original.jpeg,k-mexico,2024-10-24 22:38:56
original_3333314924_2.jpeg,3084384,Stenocereus thurberi,34.507,"Basilinna xantusii (Lawrence, 1861)",2476825,23.477842,-109.687209,4078.0,NORTH_AMERICA,Baja California Sur,2021,7,8,2021-07-08T18:10:54,True,Saúl Saldaña,iNaturalist,http://creativecommons.org/licenses/by-nc/4.0/,Saúl Saldaña,https://inaturalist-open-data.s3.amazonaws.com/photos/145998014/original.jpeg; https://inaturalist-open-data.s3.amazonaws.com/photos/145998029/original.jpeg; https://inaturalist-open-data.s3.amazonaws.com/photos/145998040/original.jpeg,k-mexico,2024-10-24 22:38:58
original_3333314924_3.jpeg,3084384,Stenocereus thurberi,69.787,"Basilinna xantusii (Lawrence, 1861)",2476825,23.477842,-109.687209,4078.0,NORTH_AMERICA,Baja California Sur,2021,7,8,2021-07-08T18:10:54,True,Saúl Saldaña,iNaturalist,http://creativecommons.org/licenses/by-nc/4.0/,Saúl Saldaña,https://inaturalist-open-data.s3.amazonaws.com/photos/145998014/original.jpeg; https://inaturalist-open-data.s3.amazonaws.com/photos/145998029/original.jpeg; https://inaturalist-open-data.s3.amazonaws.com/photos/145998040/original.jpeg,k-mexico,2024-10-24 22:39:00
original_3355631535_1.jpeg,2882663,Comarostaphylis diversifolia,10.357,"Basilinna xantusii (Lawrence, 1861)",2476825,24.081756,-110.1543,4.0,NORTH_AMERICA,Baja California Sur,2021,9,5,2021-09-05T08:55,True,Eduardo Fernández Reza,iNaturalist,http://creativecommons.org/licenses/by-nc/4.0/,Eduardo Fernández Reza,https://inaturalist-open-data.s3.amazonaws.com/photos/156295115/original.jpeg,k-mexico,2024-10-24 22:39:07
original_3384120893_1.jpg,2874570,Cucumis melo,1.82,"Basilinna xantusii (Lawrence, 1861)",2476825,27.282068,-112.895454,905.0,NORTH_AMERICA,Baja California Sur,2021,9,27,2021-09-27T14:44,True,uzun,iNaturalist,http://creativecommons.org/licenses/by-nc/4.0/,uzun,https://inaturalist-open-data.s3.amazonaws.com/photos/160868852/original.jpg; https://inaturalist-open-data.s3.amazonaws.com/photos/160869218/original.jpg; https://inaturalist-open-data.s3.amazonaws.com/photos/160869225/original.jpg; https://inaturalist-open-data.s3.amazonaws.com/photos/160869256/original.jpg,k-mexico,2024-10-24 22:39:09
original_3384120893_4.jpg,6109699,Phoenix dactylifera,16.009999999999998,"Basilinna xantusii (Lawrence, 1861)",2476825,27.282068,-112.895454,905.0,NORTH_AMERICA,Baja California Sur,2021,9,27,2021-09-27T14:44,True,uzun,iNaturalist,http://creativecommons.org/licenses/by-nc/4.0/,uzun,https://inaturalist-open-data.s3.amazonaws.com/photos/160868852/original.jpg; https://inaturalist-open-data.s3.amazonaws.com/photos/160869218/original.jpg; https://inaturalist-open-data.s3.amazonaws.com/photos/160869225/original.jpg; https://inaturalist-open-data.s3.amazonaws.com/photos/160869256/original.jpg,k-mexico,2024-10-24 22:39:15
original_3398703043_1.jpeg,2683503,Dioon edule,2.39,"Basilinna xantusii (Lawrence, 1861)",2476825,23.93948,-110.088137,269.0,NORTH_AMERICA,Baja California Sur,2021,10,9,2021-10-09T12:21,True,Eduardo Fernández Reza,iNaturalist,http://creativecommons.org/licenses/by-nc/4.0/,Eduardo Fernández Reza,https://inaturalist-open-data.s3.amazonaws.com/photos/163669726/original.jpeg; https://inaturalist-open-data.s3.amazonaws.com/photos/163669746/original.jpeg; https://inaturalist-open-data.s3.amazonaws.com/photos/163669774/original.jpeg; https://inaturalist-open-data.s3.amazonaws.com/photos/163669791/original.jpeg,k-mexico,2024-10-24 22:39:22
original_3398703043_2.jpeg,2956176,Delonix regia,7.0809999999999995,"Basilinna xantusii (Lawrence, 1861)",2476825,23.93948,-110.088137,269.0,NORTH_AMERICA,Baja California Sur,2021,10,9,2021-10-09T12:21,True,Eduardo Fernández Reza,iNaturalist,http://creativecommons.org/licenses/by-nc/4.0/,Eduardo Fernández Reza,https://inaturalist-open-data.s3.amazonaws.com/photos/163669726/original.jpeg; https://inaturalist-open-data.s3.amazonaws.com/photos/163669746/original.jpeg; https://inaturalist-open-data.s3.amazonaws.com/photos/163669774/original.jpeg; https://inaturalist-open-data.s3.amazonaws.com/photos/163669791/original.jpeg,k-mexico,2024-10-24 22:39:24
original_3398703043_3.jpeg,2874603,Luffa operculata,11.956,"Basilinna xantusii (Lawrence, 1861)",2476825,23.93948,-110.088137,269.0,NORTH_AMERICA,Baja California Sur,2021,10,9,2021-10-09T12:21,True,Eduardo Fernández Reza,iNaturalist,http://creativecommons.org/licenses/by-nc/4.0/,Eduardo Fernández Reza,https://inaturalist-open-data.s3.amazonaws.com/photos/163669726/original.jpeg; https://inaturalist-open-data.s3.amazonaws.com/photos/163669746/original.jpeg; https://inaturalist-open-data.s3.amazonaws.com/photos/163669774/original.jpeg; https://inaturalist-open-data.s3.amazonaws.com/photos/163669791/original.jpeg,k-mexico,2024-10-24 22:39:27
original_3398703043_4.jpeg,3084466,Selenicereus grandiflorus,1.1440000000000001,"Basilinna xantusii (Lawrence, 1861)",2476825,23.93948,-110.088137,269.0,NORTH_AMERICA,Baja California Sur,2021,10,9,2021-10-09T12:21,True,Eduardo Fernández Reza,iNaturalist,http://creativecommons.org/licenses/by-nc/4.0/,Eduardo Fernández Reza,https://inaturalist-open-data.s3.amazonaws.com/photos/163669726/original.jpeg; https://inaturalist-open-data.s3.amazonaws.com/photos/163669746/original.jpeg; https://inaturalist-open-data.s3.amazonaws.com/photos/163669774/original.jpeg; https://inaturalist-open-data.s3.amazonaws.com/photos/163669791/original.jpeg,k-mexico,2024-10-24 22:39:29
original_3399430318_1.jpeg,3974744,Vachellia nilotica,26.329,"Basilinna xantusii (Lawrence, 1861)",2476825,23.434017,-109.43209,249.0,NORTH_AMERICA,Baja California Sur,2014,6,8,2014-06-08T11:49,True,joshsilberg,iNaturalist,http://creativecommons.org/licenses/by-nc/4.0/,joshsilberg,https://inaturalist-open-data.s3.amazonaws.com/photos/165838796/original.jpeg,k-mexico,2024-10-24 22:39:33
original_3455764405_1.jpeg,3054368,Juglans regia,4.744000000000001,"Basilinna xantusii (Lawrence, 1861)",2476825,26.217565,-112.021915,100.0,NORTH_AMERICA,Baja California Sur,2020,3,6,2020-03-06T14:09,True,Francisco J. Muñoz Nolasco,iNaturalist,http://creativecommons.org/licenses/by-nc/4.0/,Francisco J. Muñoz Nolasco,https://inaturalist-open-data.s3.amazonaws.com/photos/172227912/original.jpeg,k-mexico,2024-10-24 22:39:36
original_3456064631_1.jpeg,2792457,Polystachya concreta,1.991,"Basilinna xantusii (Lawrence, 1861)",2476825,23.556132,-109.997703,310.0,NORTH_AMERICA,Baja California Sur,2021,12,10,2021-12-10T11:19,True,Eduardo Fernández Reza,iNaturalist,http://creativecommons.org/licenses/by-nc/4.0/,Eduardo Fernández Reza,https://inaturalist-open-data.s3.amazonaws.com/photos/172695378/original.jpeg,k-mexico,2024-10-24 22:39:38
original_3456518095_1.jpg,5349751,Erythrina americana,7.073,"Basilinna xantusii (Lawrence, 1861)",2476825,26.89835,-111.974053,8.0,NORTH_AMERICA,Baja California Sur,2021,11,30,2021-11-30T15:47:38,True,mbradleycu,iNaturalist,http://creativecommons.org/licenses/by-nc/4.0/,mbradleycu,https://inaturalist-open-data.s3.amazonaws.com/photos/170920984/original.jpg,k-mexico,2024-10-24 22:39:41
original_3456691291_1.jpeg,2874119,Xylosma flexuosa,0.771,"Basilinna xantusii (Lawrence, 1861)",2476825,23.082599,-109.625416,19816.0,NORTH_AMERICA,Baja California Sur,2006,6,27,2006-06-27T07:55,True,Tom Kennedy,iNaturalist,http://creativecommons.org/licenses/by-nc/4.0/,Tom Kennedy,https://inaturalist-open-data.s3.amazonaws.com/photos/172440557/original.jpeg,k-mexico,2024-10-24 22:39:43
original_3465902589_1.jpeg,8435196,Passiflora pallida,1.812,"Basilinna xantusii (Lawrence, 1861)",2476825,27.644023,-113.070374,4815.0,NORTH_AMERICA,Baja California Sur,2004,10,27,2004-10-27T14:27,True,Lin Piest,iNaturalist,http://creativecommons.org/licenses/by-nc/4.0/,Lin Piest,https://inaturalist-open-data.s3.amazonaws.com/photos/176643975/original.jpeg,k-mexico,2024-10-24 22:39:48
original_3466537327_1.jpg,2766899,Agave tequilana,30.697999999999997,"Basilinna xantusii (Lawrence, 1861)",2476825,25.717938,-111.233588,6.0,NORTH_AMERICA,Baja California Sur,2022,1,24,2022-01-24T16:46:47,True,drbugsrnv,iNaturalist,http://creativecommons.org/licenses/by-nc/4.0/,drbugsrnv,https://inaturalist-open-data.s3.amazonaws.com/photos/177080213/original.jpg,k-mexico,2024-10-24 22:39:50
original_3468681838_2.jpg,2777724,Aloe vera,68.12,"Basilinna xantusii (Lawrence, 1861)",2476825,24.009083,-110.097061,4.0,NORTH_AMERICA,Baja California Sur,2022,2,2,2022-02-02T10:15:03,True,Sula Vanderplank,iNaturalist,http://creativecommons.org/licenses/by/4.0/,Sula Vanderplank,https://inaturalist-open-data.s3.amazonaws.com/photos/178445324/original.jpg; https://inaturalist-open-data.s3.amazonaws.com/photos/178445396/original.jpg; https://inaturalist-open-data.s3.amazonaws.com/photos/178445427/original.jpg,k-mexico,2024-10-24 22:39:53
original_3469043825_1.jpg,5372420,Vitis arizonica,2.4570000000000003,"Basilinna xantusii (Lawrence, 1861)",2476825,23.552033,-109.990387,1988.0,NORTH_AMERICA,Baja California Sur,2022,1,26,2022-01-26T08:04,True,Steven Mlodinow,iNaturalist,http://creativecommons.org/licenses/by-nc/4.0/,Steven Mlodinow,https://inaturalist-open-data.s3.amazonaws.com/photos/178629690/original.jpg,k-mexico,2024-10-24 22:40:02
original_3499469035_1.jpg,5303524,Tinantia erecta,0.494,"Basilinna xantusii (Lawrence, 1861)",2476825,24.088579,-110.191591,2.0,NORTH_AMERICA,Baja California Sur,2022,2,12,2022-02-12T11:23,True,Valeria Huerta,iNaturalist,http://creativecommons.org/licenses/by-nc/4.0/,Valeria Huerta,https://inaturalist-open-data.s3.amazonaws.com/photos/179386428/original.jpg; https://inaturalist-open-data.s3.amazonaws.com/photos/179386434/original.jpg; https://inaturalist-open-data.s3.amazonaws.com/photos/179386441/original.jpg; https://inaturalist-open-data.s3.amazonaws.com/photos/179386449/original.jpg,k-mexico,2024-10-24 22:40:04
original_3499469035_2.jpg,3085482,Cerastium nutans,3.2169999999999996,"Basilinna xantusii (Lawrence, 1861)",2476825,24.088579,-110.191591,2.0,NORTH_AMERICA,Baja California Sur,2022,2,12,2022-02-12T11:23,True,Valeria Huerta,iNaturalist,http://creativecommons.org/licenses/by-nc/4.0/,Valeria Huerta,https://inaturalist-open-data.s3.amazonaws.com/photos/179386428/original.jpg; https://inaturalist-open-data.s3.amazonaws.com/photos/179386434/original.jpg; https://inaturalist-open-data.s3.amazonaws.com/photos/179386441/original.jpg; https://inaturalist-open-data.s3.amazonaws.com/photos/179386449/original.jpg,k-mexico,2024-10-24 22:40:06
original_3499469035_3.jpg,3172618,Martynia annua,0.736,"Basilinna xantusii (Lawrence, 1861)",2476825,24.088579,-110.191591,2.0,NORTH_AMERICA,Baja California Sur,2022,2,12,2022-02-12T11:23,True,Valeria Huerta,iNaturalist,http://creativecommons.org/licenses/by-nc/4.0/,Valeria Huerta,https://inaturalist-open-data.s3.amazonaws.com/photos/179386428/original.jpg; https://inaturalist-open-data.s3.amazonaws.com/photos/179386434/original.jpg; https://inaturalist-open-data.s3.amazonaws.com/photos/179386441/original.jpg; https://inaturalist-open-data.s3.amazonaws.com/photos/179386449/original.jpg,k-mexico,2024-10-24 22:40:08
original_3499469035_4.jpg,2928366,Wigandia urens,0.61,"Basilinna xantusii (Lawrence, 1861)",2476825,24.088579,-110.191591,2.0,NORTH_AMERICA,Baja California Sur,2022,2,12,2022-02-12T11:23,True,Valeria Huerta,iNaturalist,http://creativecommons.org/licenses/by-nc/4.0/,Valeria Huerta,https://inaturalist-open-data.s3.amazonaws.com/photos/179386428/original.jpg; https://inaturalist-open-data.s3.amazonaws.com/photos/179386434/original.jpg; https://inaturalist-open-data.s3.amazonaws.com/photos/179386441/original.jpg; https://inaturalist-open-data.s3.amazonaws.com/photos/179386449/original.jpg,k-mexico,2024-10-24 22:40:10
original_3499474115_1.jpg,9609002,Pelargonium zonale,1.6660000000000001,"Basilinna xantusii (Lawrence, 1861)",2476825,24.088607,-110.191515,2.0,NORTH_AMERICA,Baja California Sur,2022,2,12,2022-02-12T11:17,True,Valeria Huerta,iNaturalist,http://creativecommons.org/licenses/by-nc/4.0/,Valeria Huerta,https://inaturalist-open-data.s3.amazonaws.com/photos/179386487/original.jpg; https://inaturalist-open-data.s3.amazonaws.com/photos/179386490/original.jpg; https://inaturalist-open-data.s3.amazonaws.com/photos/179386499/original.jpg,k-mexico,2024-10-24 22:40:13
original_3499474115_2.jpg,9609002,Pelargonium zonale,1.2630000000000001,"Basilinna xantusii (Lawrence, 1861)",2476825,24.088607,-110.191515,2.0,NORTH_AMERICA,Baja California Sur,2022,2,12,2022-02-12T11:17,True,Valeria Huerta,iNaturalist,http://creativecommons.org/licenses/by-nc/4.0/,Valeria Huerta,https://inaturalist-open-data.s3.amazonaws.com/photos/179386487/original.jpg; https://inaturalist-open-data.s3.amazonaws.com/photos/179386490/original.jpg; https://inaturalist-open-data.s3.amazonaws.com/photos/179386499/original.jpg,k-mexico,2024-10-24 22:40:15
original_3499474115_3.jpg,2928196,Phacelia rupestris,0.918,"Basilinna xantusii (Lawrence, 1861)",2476825,24.088607,-110.191515,2.0,NORTH_AMERICA,Baja California Sur,2022,2,12,2022-02-12T11:17,True,Valeria Huerta,iNaturalist,http://creativecommons.org/licenses/by-nc/4.0/,Valeria Huerta,https://inaturalist-open-data.s3.amazonaws.com/photos/179386487/original.jpg; https://inaturalist-open-data.s3.amazonaws.com/photos/179386490/original.jpg; https://inaturalist-open-data.s3.amazonaws.com/photos/179386499/original.jpg,k-mexico,2024-10-24 22:40:17
original_3499477216_2.jpg,2928196,Phacelia rupestris,1.206,"Basilinna xantusii (Lawrence, 1861)",2476825,24.088618,-110.191624,2.0,NORTH_AMERICA,Baja California Sur,2022,2,12,2022-02-12T11:16,True,Valeria Huerta,iNaturalist,http://creativecommons.org/licenses/by-nc/4.0/,Valeria Huerta,https://inaturalist-open-data.s3.amazonaws.com/photos/179386502/original.jpg; https://inaturalist-open-data.s3.amazonaws.com/photos/179386505/original.jpg; https://inaturalist-open-data.s3.amazonaws.com/photos/179386513/original.jpg,k-mexico,2024-10-24 22:40:19
original_3499477216_3.jpg,9609002,Pelargonium zonale,1.485,"Basilinna xantusii (Lawrence, 1861)",2476825,24.088618,-110.191624,2.0,NORTH_AMERICA,Baja California Sur,2022,2,12,2022-02-12T11:16,True,Valeria Huerta,iNaturalist,http://creativecommons.org/licenses/by-nc/4.0/,Valeria Huerta,https://inaturalist-open-data.s3.amazonaws.com/photos/179386502/original.jpg; https://inaturalist-open-data.s3.amazonaws.com/photos/179386505/original.jpg; https://inaturalist-open-data.s3.amazonaws.com/photos/179386513/original.jpg,k-mexico,2024-10-24 22:40:22
original_3499478130_1.jpg,9609002,Pelargonium zonale,2.024,"Basilinna xantusii (Lawrence, 1861)",2476825,24.08869,-110.191532,4.0,NORTH_AMERICA,Baja California Sur,2022,2,12,2022-02-12T11:23,True,Valeria Huerta,iNaturalist,http://creativecommons.org/licenses/by-nc/4.0/,Valeria Huerta,https://inaturalist-open-data.s3.amazonaws.com/photos/179386455/original.jpg; https://inaturalist-open-data.s3.amazonaws.com/photos/179386462/original.jpg; https://inaturalist-open-data.s3.amazonaws.com/photos/179386468/original.jpg; https://inaturalist-open-data.s3.amazonaws.com/photos/179386475/original.jpg,k-mexico,2024-10-24 22:40:25
original_3499478130_2.jpg,2929212,Solanum hirtum,1.783,"Basilinna xantusii (Lawrence, 1861)",2476825,24.08869,-110.191532,4.0,NORTH_AMERICA,Baja California Sur,2022,2,12,2022-02-12T11:23,True,Valeria Huerta,iNaturalist,http://creativecommons.org/licenses/by-nc/4.0/,Valeria Huerta,https://inaturalist-open-data.s3.amazonaws.com/photos/179386455/original.jpg; https://inaturalist-open-data.s3.amazonaws.com/photos/179386462/original.jpg; https://inaturalist-open-data.s3.amazonaws.com/photos/179386468/original.jpg; https://inaturalist-open-data.s3.amazonaws.com/photos/179386475/original.jpg,k-mexico,2024-10-24 22:40:27
original_3499478130_3.jpg,9609002,Pelargonium zonale,1.422,"Basilinna xantusii (Lawrence, 1861)",2476825,24.08869,-110.191532,4.0,NORTH_AMERICA,Baja California Sur,2022,2,12,2022-02-12T11:23,True,Valeria Huerta,iNaturalist,http://creativecommons.org/licenses/by-nc/4.0/,Valeria Huerta,https://inaturalist-open-data.s3.amazonaws.com/photos/179386455/original.jpg; https://inaturalist-open-data.s3.amazonaws.com/photos/179386462/original.jpg; https://inaturalist-open-data.s3.amazonaws.com/photos/179386468/original.jpg; https://inaturalist-open-data.s3.amazonaws.com/photos/179386475/original.jpg,k-mexico,2024-10-24 22:40:29
original_3499478130_4.jpg,2928196,Phacelia rupestris,1.2890000000000001,"Basilinna xantusii (Lawrence, 1861)",2476825,24.08869,-110.191532,4.0,NORTH_AMERICA,Baja California Sur,2022,2,12,2022-02-12T11:23,True,Valeria Huerta,iNaturalist,http://creativecommons.org/licenses/by-nc/4.0/,Valeria Huerta,https://inaturalist-open-data.s3.amazonaws.com/photos/179386455/original.jpg; https://inaturalist-open-data.s3.amazonaws.com/photos/179386462/original.jpg; https://inaturalist-open-data.s3.amazonaws.com/photos/179386468/original.jpg; https://inaturalist-open-data.s3.amazonaws.com/photos/179386475/original.jpg,k-mexico,2024-10-24 22:40:31
original_3698074886_1.jpeg,2874119,Xylosma flexuosa,3.2910000000000004,"Basilinna xantusii (Lawrence, 1861)",2476825,23.549671,-109.821925,8.0,NORTH_AMERICA,Baja California Sur,2022,2,20,2022-02-20,True,Osiel Flores,iNaturalist,http://creativecommons.org/licenses/by-nc/4.0/,Osiel Flores,https://inaturalist-open-data.s3.amazonaws.com/photos/180229504/original.jpeg,k-mexico,2024-10-24 22:40:37
original_3743012927_1.jpg,3618709,Cascabela ovata,2.021,"Basilinna xantusii (Lawrence, 1861)",2476825,26.892939,-111.978972,14.0,NORTH_AMERICA,Baja California Sur,2022,3,6,2022-03-06T15:53,True,Grigory Heaton,iNaturalist,http://creativecommons.org/licenses/by-nc/4.0/,Grigory Heaton,https://inaturalist-open-data.s3.amazonaws.com/photos/182921044/original.jpg; https://inaturalist-open-data.s3.amazonaws.com/photos/182921073/original.jpg; https://inaturalist-open-data.s3.amazonaws.com/photos/182921091/original.jpg; https://inaturalist-open-data.s3.amazonaws.com/photos/182921114/original.jpg; https://inaturalist-open-data.s3.amazonaws.com/photos/182921135/original.jpg; https://inaturalist-open-data.s3.amazonaws.com/photos/182921146/original.jpg; https://inaturalist-open-data.s3.amazonaws.com/photos/182921160/original.jpg; https://inaturalist-open-data.s3.amazonaws.com/photos/182921168/original.jpg; https://inaturalist-open-data.s3.amazonaws.com/photos/182921184/original.jpg; https://inaturalist-open-data.s3.amazonaws.com/photos/182921191/original.jpg; https://inaturalist-open-data.s3.amazonaws.com/photos/182921204/original.jpg,k-mexico,2024-10-24 22:40:39
original_3743012927_2.jpg,3170473,Cryptostegia grandiflora,3.83,"Basilinna xantusii (Lawrence, 1861)",2476825,26.892939,-111.978972,14.0,NORTH_AMERICA,Baja California Sur,2022,3,6,2022-03-06T15:53,True,Grigory Heaton,iNaturalist,http://creativecommons.org/licenses/by-nc/4.0/,Grigory Heaton,https://inaturalist-open-data.s3.amazonaws.com/photos/182921044/original.jpg; https://inaturalist-open-data.s3.amazonaws.com/photos/182921073/original.jpg; https://inaturalist-open-data.s3.amazonaws.com/photos/182921091/original.jpg; https://inaturalist-open-data.s3.amazonaws.com/photos/182921114/original.jpg; https://inaturalist-open-data.s3.amazonaws.com/photos/182921135/original.jpg; https://inaturalist-open-data.s3.amazonaws.com/photos/182921146/original.jpg; https://inaturalist-open-data.s3.amazonaws.com/photos/182921160/original.jpg; https://inaturalist-open-data.s3.amazonaws.com/photos/182921168/original.jpg; https://inaturalist-open-data.s3.amazonaws.com/photos/182921184/original.jpg; https://inaturalist-open-data.s3.amazonaws.com/photos/182921191/original.jpg; https://inaturalist-open-data.s3.amazonaws.com/photos/182921204/original.jpg,k-mexico,2024-10-24 22:40:46
original_3743012927_3.jpg,5384050,Opuntia cochenillifera,5.17,"Basilinna xantusii (Lawrence, 1861)",2476825,26.892939,-111.978972,14.0,NORTH_AMERICA,Baja California Sur,2022,3,6,2022-03-06T15:53,True,Grigory Heaton,iNaturalist,http://creativecommons.org/licenses/by-nc/4.0/,Grigory Heaton,https://inaturalist-open-data.s3.amazonaws.com/photos/182921044/original.jpg; https://inaturalist-open-data.s3.amazonaws.com/photos/182921073/original.jpg; https://inaturalist-open-data.s3.amazonaws.com/photos/182921091/original.jpg; https://inaturalist-open-data.s3.amazonaws.com/photos/182921114/original.jpg; https://inaturalist-open-data.s3.amazonaws.com/photos/182921135/original.jpg; https://inaturalist-open-data.s3.amazonaws.com/photos/182921146/original.jpg; https://inaturalist-open-data.s3.amazonaws.com/photos/182921160/original.jpg; https://inaturalist-open-data.s3.amazonaws.com/photos/182921168/original.jpg; https://inaturalist-open-data.s3.amazonaws.com/photos/182921184/original.jpg; https://inaturalist-open-data.s3.amazonaws.com/photos/182921191/original.jpg; https://inaturalist-open-data.s3.amazonaws.com/photos/182921204/original.jpg,k-mexico,2024-10-24 22:40:48
original_3743012927_5.jpg,3618709,Cascabela ovata,1.763,"Basilinna xantusii (Lawrence, 1861)",2476825,26.892939,-111.978972,14.0,NORTH_AMERICA,Baja California Sur,2022,3,6,2022-03-06T15:53,True,Grigory Heaton,iNaturalist,http://creativecommons.org/licenses/by-nc/4.0/,Grigory Heaton,https://inaturalist-open-data.s3.amazonaws.com/photos/182921044/original.jpg; https://inaturalist-open-data.s3.amazonaws.com/photos/182921073/original.jpg; https://inaturalist-open-data.s3.amazonaws.com/photos/182921091/original.jpg; https://inaturalist-open-data.s3.amazonaws.com/photos/182921114/original.jpg; https://inaturalist-open-data.s3.amazonaws.com/photos/182921135/original.jpg; https://inaturalist-open-data.s3.amazonaws.com/photos/182921146/original.jpg; https://inaturalist-open-data.s3.amazonaws.com/photos/182921160/original.jpg; https://inaturalist-open-data.s3.amazonaws.com/photos/182921168/original.jpg; https://inaturalist-open-data.s3.amazonaws.com/photos/182921184/original.jpg; https://inaturalist-open-data.s3.amazonaws.com/photos/182921191/original.jpg; https://inaturalist-open-data.s3.amazonaws.com/photos/182921204/original.jpg,k-mexico,2024-10-24 22:40:53
original_3743012927_7.jpg,3054262,Crateva tapia,4.569,"Basilinna xantusii (Lawrence, 1861)",2476825,26.892939,-111.978972,14.0,NORTH_AMERICA,Baja California Sur,2022,3,6,2022-03-06T15:53,True,Grigory Heaton,iNaturalist,http://creativecommons.org/licenses/by-nc/4.0/,Grigory Heaton,https://inaturalist-open-data.s3.amazonaws.com/photos/182921044/original.jpg; https://inaturalist-open-data.s3.amazonaws.com/photos/182921073/original.jpg; https://inaturalist-open-data.s3.amazonaws.com/photos/182921091/original.jpg; https://inaturalist-open-data.s3.amazonaws.com/photos/182921114/original.jpg; https://inaturalist-open-data.s3.amazonaws.com/photos/182921135/original.jpg; https://inaturalist-open-data.s3.amazonaws.com/photos/182921146/original.jpg; https://inaturalist-open-data.s3.amazonaws.com/photos/182921160/original.jpg; https://inaturalist-open-data.s3.amazonaws.com/photos/182921168/original.jpg; https://inaturalist-open-data.s3.amazonaws.com/photos/182921184/original.jpg; https://inaturalist-open-data.s3.amazonaws.com/photos/182921191/original.jpg; https://inaturalist-open-data.s3.amazonaws.com/photos/182921204/original.jpg,k-mexico,2024-10-24 22:40:57
original_3743012927_8.jpg,7288259,Buddleja cordata,5.662,"Basilinna xantusii (Lawrence, 1861)",2476825,26.892939,-111.978972,14.0,NORTH_AMERICA,Baja California Sur,2022,3,6,2022-03-06T15:53,True,Grigory Heaton,iNaturalist,http://creativecommons.org/licenses/by-nc/4.0/,Grigory Heaton,https://inaturalist-open-data.s3.amazonaws.com/photos/182921044/original.jpg; https://inaturalist-open-data.s3.amazonaws.com/photos/182921073/original.jpg; https://inaturalist-open-data.s3.amazonaws.com/photos/182921091/original.jpg; https://inaturalist-open-data.s3.amazonaws.com/photos/182921114/original.jpg; https://inaturalist-open-data.s3.amazonaws.com/photos/182921135/original.jpg; https://inaturalist-open-data.s3.amazonaws.com/photos/182921146/original.jpg; https://inaturalist-open-data.s3.amazonaws.com/photos/182921160/original.jpg; https://inaturalist-open-data.s3.amazonaws.com/photos/182921168/original.jpg; https://inaturalist-open-data.s3.amazonaws.com/photos/182921184/original.jpg; https://inaturalist-open-data.s3.amazonaws.com/photos/182921191/original.jpg; https://inaturalist-open-data.s3.amazonaws.com/photos/182921204/original.jpg,k-mexico,2024-10-24 22:40:59
original_3743012927_9.jpg,3618709,Cascabela ovata,0.8059999999999999,"Basilinna xantusii (Lawrence, 1861)",2476825,26.892939,-111.978972,14.0,NORTH_AMERICA,Baja California Sur,2022,3,6,2022-03-06T15:53,True,Grigory Heaton,iNaturalist,http://creativecommons.org/licenses/by-nc/4.0/,Grigory Heaton,https://inaturalist-open-data.s3.amazonaws.com/photos/182921044/original.jpg; https://inaturalist-open-data.s3.amazonaws.com/photos/182921073/original.jpg; https://inaturalist-open-data.s3.amazonaws.com/photos/182921091/original.jpg; https://inaturalist-open-data.s3.amazonaws.com/photos/182921114/original.jpg; https://inaturalist-open-data.s3.amazonaws.com/photos/182921135/original.jpg; https://inaturalist-open-data.s3.amazonaws.com/photos/182921146/original.jpg; https://inaturalist-open-data.s3.amazonaws.com/photos/182921160/original.jpg; https://inaturalist-open-data.s3.amazonaws.com/photos/182921168/original.jpg; https://inaturalist-open-data.s3.amazonaws.com/photos/182921184/original.jpg; https://inaturalist-open-data.s3.amazonaws.com/photos/182921191/original.jpg; https://inaturalist-open-data.s3.amazonaws.com/photos/182921204/original.jpg,k-mexico,2024-10-24 22:41:01
original_3743016583_1.jpg,3845846,Morinda royoc,1.5070000000000001,"Basilinna xantusii (Lawrence, 1861)",2476825,26.892941,-111.978907,4.0,NORTH_AMERICA,Baja California Sur,2022,3,7,2022-03-07T16:00,True,Grigory Heaton,iNaturalist,http://creativecommons.org/licenses/by-nc/4.0/,Grigory Heaton,https://inaturalist-open-data.s3.amazonaws.com/photos/183085773/original.jpg; https://inaturalist-open-data.s3.amazonaws.com/photos/183085780/original.jpg,k-mexico,2024-10-24 22:41:04
original_3743016583_2.jpg,3083990,Sarcobatus vermiculatus,1.419,"Basilinna xantusii (Lawrence, 1861)",2476825,26.892941,-111.978907,4.0,NORTH_AMERICA,Baja California Sur,2022,3,7,2022-03-07T16:00,True,Grigory Heaton,iNaturalist,http://creativecommons.org/licenses/by-nc/4.0/,Grigory Heaton,https://inaturalist-open-data.s3.amazonaws.com/photos/183085773/original.jpg; https://inaturalist-open-data.s3.amazonaws.com/photos/183085780/original.jpg,k-mexico,2024-10-24 22:41:06
original_3743024542_1.jpg,5406696,Ceiba aesculifolia,2.9819999999999998,"Basilinna xantusii (Lawrence, 1861)",2476825,26.892961,-111.978952,20.0,NORTH_AMERICA,Baja California Sur,2022,3,7,2022-03-07T07:15,True,Grigory Heaton,iNaturalist,http://creativecommons.org/licenses/by-nc/4.0/,Grigory Heaton,https://inaturalist-open-data.s3.amazonaws.com/photos/183057807/original.jpg,k-mexico,2024-10-24 22:41:08
original_3743251744_1.jpeg,2777724,Aloe vera,86.966,"Basilinna xantusii (Lawrence, 1861)",2476825,23.746784,-110.1122,788.0,NORTH_AMERICA,Baja California Sur,2022,3,13,2022-03-13,True,makelikeanapeman,iNaturalist,http://creativecommons.org/licenses/by-nc/4.0/,makelikeanapeman,https://inaturalist-open-data.s3.amazonaws.com/photos/182886371/original.jpeg,k-mexico,2024-10-24 22:41:13
original_3743304654_1.jpg,5341746,Operculina pinnatifida,4.616,"Basilinna xantusii (Lawrence, 1861)",2476825,26.893263,-111.978716,30.0,NORTH_AMERICA,Baja California Sur,2022,3,5,2022-03-05T17:08,True,Grigory Heaton,iNaturalist,http://creativecommons.org/licenses/by-nc/4.0/,Grigory Heaton,https://inaturalist-open-data.s3.amazonaws.com/photos/182917300/original.jpg,k-mexico,2024-10-24 22:41:15
original_3743354383_1.jpg,3172386,Forestiera angustifolia,4.501,"Basilinna xantusii (Lawrence, 1861)",2476825,25.862615,-111.542597,4.0,NORTH_AMERICA,Baja California Sur,2022,3,12,2022-03-12T11:47,True,Grigory Heaton,iNaturalist,http://creativecommons.org/licenses/by-nc/4.0/,Grigory Heaton,https://inaturalist-open-data.s3.amazonaws.com/photos/183205895/original.jpg; https://inaturalist-open-data.s3.amazonaws.com/photos/183205903/original.jpg,k-mexico,2024-10-24 22:41:18
original_3747165946_1.jpg,2986221,Ribes quercetorum,0.501,"Basilinna xantusii (Lawrence, 1861)",2476825,24.08105,-110.176634,15.0,NORTH_AMERICA,Baja California Sur,2022,2,13,2022-02-13T18:32,True,José Antonio Linage Espinosa,iNaturalist,http://creativecommons.org/licenses/by-nc/4.0/,José Antonio Linage Espinosa,https://inaturalist-open-data.s3.amazonaws.com/photos/183982281/original.jpg; https://inaturalist-open-data.s3.amazonaws.com/photos/183982542/original.jpg; https://inaturalist-open-data.s3.amazonaws.com/photos/183982543/original.jpg; https://inaturalist-open-data.s3.amazonaws.com/photos/183982547/original.jpg; https://inaturalist-open-data.s3.amazonaws.com/photos/183982555/original.jpg,k-mexico,2024-10-24 22:41:24
original_3747165946_3.jpg,2775716,Yucca gigantea,0.437,"Basilinna xantusii (Lawrence, 1861)",2476825,24.08105,-110.176634,15.0,NORTH_AMERICA,Baja California Sur,2022,2,13,2022-02-13T18:32,True,José Antonio Linage Espinosa,iNaturalist,http://creativecommons.org/licenses/by-nc/4.0/,José Antonio Linage Espinosa,https://inaturalist-open-data.s3.amazonaws.com/photos/183982281/original.jpg; https://inaturalist-open-data.s3.amazonaws.com/photos/183982542/original.jpg; https://inaturalist-open-data.s3.amazonaws.com/photos/183982543/original.jpg; https://inaturalist-open-data.s3.amazonaws.com/photos/183982547/original.jpg; https://inaturalist-open-data.s3.amazonaws.com/photos/183982555/original.jpg,k-mexico,2024-10-24 22:41:30
original_3747165946_5.jpg,2928258,Phacelia ramosissima,0.776,"Basilinna xantusii (Lawrence, 1861)",2476825,24.08105,-110.176634,15.0,NORTH_AMERICA,Baja California Sur,2022,2,13,2022-02-13T18:32,True,José Antonio Linage Espinosa,iNaturalist,http://creativecommons.org/licenses/by-nc/4.0/,José Antonio Linage Espinosa,https://inaturalist-open-data.s3.amazonaws.com/photos/183982281/original.jpg; https://inaturalist-open-data.s3.amazonaws.com/photos/183982542/original.jpg; https://inaturalist-open-data.s3.amazonaws.com/photos/183982543/original.jpg; https://inaturalist-open-data.s3.amazonaws.com/photos/183982547/original.jpg; https://inaturalist-open-data.s3.amazonaws.com/photos/183982555/original.jpg,k-mexico,2024-10-24 22:41:35
original_3759089408_1.jpg,5406696,Ceiba aesculifolia,5.468,"Basilinna xantusii (Lawrence, 1861)",2476825,25.860809,-111.543503,,NORTH_AMERICA,Baja California Sur,2020,2,21,2020-02-21T12:09,True,belyykit,iNaturalist,http://creativecommons.org/licenses/by-nc/4.0/,belyykit,https://inaturalist-open-data.s3.amazonaws.com/photos/62438904/original.jpg,k-mexico,2024-10-24 22:41:37
original_3759782513_1.jpg,2959443,Gleditsia triacanthos,4.424,"Basilinna xantusii (Lawrence, 1861)",2476825,26.010038,-111.343601,417.0,NORTH_AMERICA,Baja California Sur,2022,3,30,2022-03-30T14:41,True,Neil McDaniel,iNaturalist,http://creativecommons.org/licenses/by-nc/4.0/,Neil McDaniel,https://inaturalist-open-data.s3.amazonaws.com/photos/189090045/original.jpg,k-mexico,2024-10-24 22:41:44
original_3759982151_1.jpeg,7167078,Bougainvillea spectabilis,9.185,"Basilinna xantusii (Lawrence, 1861)",2476825,26.184237,-112.080724,10.0,NORTH_AMERICA,Baja California Sur,2022,2,12,2022-02-12T16:53,True,Eduardo Fernández Reza,iNaturalist,http://creativecommons.org/licenses/by-nc/4.0/,Eduardo Fernández Reza,https://inaturalist-open-data.s3.amazonaws.com/photos/186601652/original.jpeg,k-mexico,2024-10-24 22:41:49
original_3760235859_1.jpeg,2928774,Nicotiana tabacum,3.2649999999999997,"Basilinna xantusii (Lawrence, 1861)",2476825,27.008987,-112.323949,8.0,NORTH_AMERICA,Baja California Sur,2022,4,11,2022-04-11T10:39,True,Enrique Flores García,iNaturalist,http://creativecommons.org/licenses/by-nc/4.0/,Enrique Flores García,https://inaturalist-open-data.s3.amazonaws.com/photos/187967351/original.jpeg; https://inaturalist-open-data.s3.amazonaws.com/photos/187967468/original.jpeg; https://inaturalist-open-data.s3.amazonaws.com/photos/187967518/original.jpeg,k-mexico,2024-10-24 22:41:51
original_3760235859_2.jpeg,3147973,Verbesina crocata,1.862,"Basilinna xantusii (Lawrence, 1861)",2476825,27.008987,-112.323949,8.0,NORTH_AMERICA,Baja California Sur,2022,4,11,2022-04-11T10:39,True,Enrique Flores García,iNaturalist,http://creativecommons.org/licenses/by-nc/4.0/,Enrique Flores García,https://inaturalist-open-data.s3.amazonaws.com/photos/187967351/original.jpeg; https://inaturalist-open-data.s3.amazonaws.com/photos/187967468/original.jpeg; https://inaturalist-open-data.s3.amazonaws.com/photos/187967518/original.jpeg,k-mexico,2024-10-24 22:41:54
original_3764098239_1.jpeg,3173104,Justicia spicigera,43.669999999999995,"Basilinna xantusii (Lawrence, 1861)",2476825,23.368339,-109.776411,,NORTH_AMERICA,Baja California Sur,2022,4,26,2022-04-26T08:14,True,Michael Woodruff,iNaturalist,http://creativecommons.org/licenses/by-nc/4.0/,Michael Woodruff,https://inaturalist-open-data.s3.amazonaws.com/photos/191211222/original.jpeg; https://inaturalist-open-data.s3.amazonaws.com/photos/191211250/original.jpeg; https://inaturalist-open-data.s3.amazonaws.com/photos/191211284/original.jpeg,k-mexico,2024-10-24 22:41:58
original_3764098239_3.jpeg,2959492,Gleditsia aquatica,2.794,"Basilinna xantusii (Lawrence, 1861)",2476825,23.368339,-109.776411,,NORTH_AMERICA,Baja California Sur,2022,4,26,2022-04-26T08:14,True,Michael Woodruff,iNaturalist,http://creativecommons.org/licenses/by-nc/4.0/,Michael Woodruff,https://inaturalist-open-data.s3.amazonaws.com/photos/191211222/original.jpeg; https://inaturalist-open-data.s3.amazonaws.com/photos/191211250/original.jpeg; https://inaturalist-open-data.s3.amazonaws.com/photos/191211284/original.jpeg,k-mexico,2024-10-24 22:42:02
original_3764237286_1.jpeg,7282300,Pachycereus pecten-aboriginum,37.719,"Basilinna xantusii (Lawrence, 1861)",2476825,23.805111,-110.054747,36.0,NORTH_AMERICA,Baja California Sur,2022,4,17,2022-04-17T17:12:09,True,Alfredo Martínez Armendares,iNaturalist,http://creativecommons.org/licenses/by-nc/4.0/,Alfredo Martínez Armendares,https://inaturalist-open-data.s3.amazonaws.com/photos/191234042/original.jpeg,k-mexico,2024-10-24 22:42:05
original_3785115605_3.jpg,8014872,Opuntia engelmannii,3.196,"Basilinna xantusii (Lawrence, 1861)",2476825,22.97568,-109.797956,12.0,NORTH_AMERICA,Baja California Sur,2022,5,18,2022-05-18T10:43:14,True,Taylor Ford-Sahibzada,iNaturalist,http://creativecommons.org/licenses/by-nc/4.0/,Taylor Ford-Sahibzada,https://inaturalist-open-data.s3.amazonaws.com/photos/198645597/original.jpg; https://inaturalist-open-data.s3.amazonaws.com/photos/198645641/original.jpg; https://inaturalist-open-data.s3.amazonaws.com/photos/198645679/original.jpg; https://inaturalist-open-data.s3.amazonaws.com/photos/198645735/original.jpg,k-mexico,2024-10-24 22:42:09
original_3859430297_1.jpeg,2856390,Allium peninsulare,2.011,"Basilinna xantusii (Lawrence, 1861)",2476825,26.9951,-112.877018,6.0,NORTH_AMERICA,Baja California Sur,2022,6,7,2022-06-07T08:31,True,Enrique Flores García,iNaturalist,http://creativecommons.org/licenses/by-nc/4.0/,Enrique Flores García,https://inaturalist-open-data.s3.amazonaws.com/photos/206968175/original.jpeg,k-mexico,2024-10-24 22:42:15
original_3859997654_3.jpeg,2732503,Sabal mexicana,14.219999999999999,"Basilinna xantusii (Lawrence, 1861)",2476825,27.296934,-112.882401,,NORTH_AMERICA,Baja California Sur,2022,5,28,2022-05-28T17:51:03,True,Enrique Flores García,iNaturalist,http://creativecommons.org/licenses/by-nc/4.0/,Enrique Flores García,https://inaturalist-open-data.s3.amazonaws.com/photos/201705564/original.jpeg; https://inaturalist-open-data.s3.amazonaws.com/photos/201705719/original.jpeg; https://inaturalist-open-data.s3.amazonaws.com/photos/201705876/original.jpeg; https://inaturalist-open-data.s3.amazonaws.com/photos/201706057/original.jpeg,k-mexico,2024-10-24 22:42:18
original_3874200890_1.jpeg,2792457,Polystachya concreta,1.718,"Basilinna xantusii (Lawrence, 1861)",2476825,27.296637,-112.882453,4.0,NORTH_AMERICA,Baja California Sur,2022,7,15,2022-07-15T10:05,True,Enrique Flores García,iNaturalist,http://creativecommons.org/licenses/by-nc/4.0/,Enrique Flores García,https://inaturalist-open-data.s3.amazonaws.com/photos/214673436/original.jpeg; https://inaturalist-open-data.s3.amazonaws.com/photos/214673437/original.jpeg,k-mexico,2024-10-24 22:42:23
original_3874200890_2.jpeg,2962854,Pithecellobium unguis-cati,2.292,"Basilinna xantusii (Lawrence, 1861)",2476825,27.296637,-112.882453,4.0,NORTH_AMERICA,Baja California Sur,2022,7,15,2022-07-15T10:05,True,Enrique Flores García,iNaturalist,http://creativecommons.org/licenses/by-nc/4.0/,Enrique Flores García,https://inaturalist-open-data.s3.amazonaws.com/photos/214673436/original.jpeg; https://inaturalist-open-data.s3.amazonaws.com/photos/214673437/original.jpeg,k-mexico,2024-10-24 22:42:25
original_3881839240_1.jpeg,3084384,Stenocereus thurberi,20.781,"Basilinna xantusii (Lawrence, 1861)",2476825,23.860865,-110.173559,11.0,NORTH_AMERICA,Baja California Sur,2022,7,30,2022-07-30T12:46,True,Eduardo Fernández Reza,iNaturalist,http://creativecommons.org/licenses/by-nc/4.0/,Eduardo Fernández Reza,https://inaturalist-open-data.s3.amazonaws.com/photos/218639791/original.jpeg; https://inaturalist-open-data.s3.amazonaws.com/photos/218639830/original.jpeg; https://inaturalist-open-data.s3.amazonaws.com/photos/218639868/original.jpeg,k-mexico,2024-10-24 22:42:28
original_3881839240_2.jpeg,3084384,Stenocereus thurberi,21.135,"Basilinna xantusii (Lawrence, 1861)",2476825,23.860865,-110.173559,11.0,NORTH_AMERICA,Baja California Sur,2022,7,30,2022-07-30T12:46,True,Eduardo Fernández Reza,iNaturalist,http://creativecommons.org/licenses/by-nc/4.0/,Eduardo Fernández Reza,https://inaturalist-open-data.s3.amazonaws.com/photos/218639791/original.jpeg; https://inaturalist-open-data.s3.amazonaws.com/photos/218639830/original.jpeg; https://inaturalist-open-data.s3.amazonaws.com/photos/218639868/original.jpeg,k-mexico,2024-10-24 22:42:30
original_3881839240_3.jpeg,3084384,Stenocereus thurberi,6.6049999999999995,"Basilinna xantusii (Lawrence, 1861)",2476825,23.860865,-110.173559,11.0,NORTH_AMERICA,Baja California Sur,2022,7,30,2022-07-30T12:46,True,Eduardo Fernández Reza,iNaturalist,http://creativecommons.org/licenses/by-nc/4.0/,Eduardo Fernández Reza,https://inaturalist-open-data.s3.amazonaws.com/photos/218639791/original.jpeg; https://inaturalist-open-data.s3.amazonaws.com/photos/218639830/original.jpeg; https://inaturalist-open-data.s3.amazonaws.com/photos/218639868/original.jpeg,k-mexico,2024-10-24 22:42:32
original_3888803872_1.jpeg,2888728,Sambucus nigra,1.9269999999999998,"Basilinna xantusii (Lawrence, 1861)",2476825,24.316426,-110.676512,15.0,NORTH_AMERICA,Baja California Sur,2021,1,24,2021-01-24T10:21,True,Eduardo Fernández Reza,iNaturalist,http://creativecommons.org/licenses/by-nc/4.0/,Eduardo Fernández Reza,https://inaturalist-open-data.s3.amazonaws.com/photos/219867033/original.jpeg; https://inaturalist-open-data.s3.amazonaws.com/photos/219867044/original.jpeg; https://inaturalist-open-data.s3.amazonaws.com/photos/219867058/original.jpeg; https://inaturalist-open-data.s3.amazonaws.com/photos/219867068/original.jpeg,k-mexico,2024-10-24 22:42:35
original_3888803872_2.jpeg,7542255,Condea emoryi,10.045,"Basilinna xantusii (Lawrence, 1861)",2476825,24.316426,-110.676512,15.0,NORTH_AMERICA,Baja California Sur,2021,1,24,2021-01-24T10:21,True,Eduardo Fernández Reza,iNaturalist,http://creativecommons.org/licenses/by-nc/4.0/,Eduardo Fernández Reza,https://inaturalist-open-data.s3.amazonaws.com/photos/219867033/original.jpeg; https://inaturalist-open-data.s3.amazonaws.com/photos/219867044/original.jpeg; https://inaturalist-open-data.s3.amazonaws.com/photos/219867058/original.jpeg; https://inaturalist-open-data.s3.amazonaws.com/photos/219867068/original.jpeg,k-mexico,2024-10-24 22:42:37
original_3888803872_3.jpeg,5341276,Cordia boissieri,1.4120000000000001,"Basilinna xantusii (Lawrence, 1861)",2476825,24.316426,-110.676512,15.0,NORTH_AMERICA,Baja California Sur,2021,1,24,2021-01-24T10:21,True,Eduardo Fernández Reza,iNaturalist,http://creativecommons.org/licenses/by-nc/4.0/,Eduardo Fernández Reza,https://inaturalist-open-data.s3.amazonaws.com/photos/219867033/original.jpeg; https://inaturalist-open-data.s3.amazonaws.com/photos/219867044/original.jpeg; https://inaturalist-open-data.s3.amazonaws.com/photos/219867058/original.jpeg; https://inaturalist-open-data.s3.amazonaws.com/photos/219867068/original.jpeg,k-mexico,2024-10-24 22:42:40
original_3888803872_4.jpeg,7542255,Condea emoryi,17.205000000000002,"Basilinna xantusii (Lawrence, 1861)",2476825,24.316426,-110.676512,15.0,NORTH_AMERICA,Baja California Sur,2021,1,24,2021-01-24T10:21,True,Eduardo Fernández Reza,iNaturalist,http://creativecommons.org/licenses/by-nc/4.0/,Eduardo Fernández Reza,https://inaturalist-open-data.s3.amazonaws.com/photos/219867033/original.jpeg; https://inaturalist-open-data.s3.amazonaws.com/photos/219867044/original.jpeg; https://inaturalist-open-data.s3.amazonaws.com/photos/219867058/original.jpeg; https://inaturalist-open-data.s3.amazonaws.com/photos/219867068/original.jpeg,k-mexico,2024-10-24 22:42:42
original_3888816825_1.jpeg,2926379,Ehretia anacua,1.1320000000000001,"Basilinna xantusii (Lawrence, 1861)",2476825,23.555974,-109.994097,61.0,NORTH_AMERICA,Baja California Sur,2020,12,5,2020-12-05T10:57,True,Eduardo Fernández Reza,iNaturalist,http://creativecommons.org/licenses/by-nc/4.0/,Eduardo Fernández Reza,https://inaturalist-open-data.s3.amazonaws.com/photos/219833385/original.jpeg; https://inaturalist-open-data.s3.amazonaws.com/photos/219833406/original.jpeg,k-mexico,2024-10-24 22:42:45
original_3888867899_1.jpeg,2792457,Polystachya concreta,6.121,"Basilinna xantusii (Lawrence, 1861)",2476825,23.55619,-109.993993,14.0,NORTH_AMERICA,Baja California Sur,2020,12,5,2020-12-05T09:33,True,Eduardo Fernández Reza,iNaturalist,http://creativecommons.org/licenses/by-nc/4.0/,Eduardo Fernández Reza,https://inaturalist-open-data.s3.amazonaws.com/photos/219833156/original.jpeg; https://inaturalist-open-data.s3.amazonaws.com/photos/219833177/original.jpeg; https://inaturalist-open-data.s3.amazonaws.com/photos/219833190/original.jpeg; https://inaturalist-open-data.s3.amazonaws.com/photos/219833206/original.jpeg; https://inaturalist-open-data.s3.amazonaws.com/photos/219833239/original.jpeg; https://inaturalist-open-data.s3.amazonaws.com/photos/219833266/original.jpeg; https://inaturalist-open-data.s3.amazonaws.com/photos/219833285/original.jpeg,k-mexico,2024-10-24 22:42:49
original_3888867899_2.jpeg,2792457,Polystachya concreta,2.716,"Basilinna xantusii (Lawrence, 1861)",2476825,23.55619,-109.993993,14.0,NORTH_AMERICA,Baja California Sur,2020,12,5,2020-12-05T09:33,True,Eduardo Fernández Reza,iNaturalist,http://creativecommons.org/licenses/by-nc/4.0/,Eduardo Fernández Reza,https://inaturalist-open-data.s3.amazonaws.com/photos/219833156/original.jpeg; https://inaturalist-open-data.s3.amazonaws.com/photos/219833177/original.jpeg; https://inaturalist-open-data.s3.amazonaws.com/photos/219833190/original.jpeg; https://inaturalist-open-data.s3.amazonaws.com/photos/219833206/original.jpeg; https://inaturalist-open-data.s3.amazonaws.com/photos/219833239/original.jpeg; https://inaturalist-open-data.s3.amazonaws.com/photos/219833266/original.jpeg; https://inaturalist-open-data.s3.amazonaws.com/photos/219833285/original.jpeg,k-mexico,2024-10-24 22:42:52
original_3888867899_4.jpeg,2792457,Polystachya concreta,3.137,"Basilinna xantusii (Lawrence, 1861)",2476825,23.55619,-109.993993,14.0,NORTH_AMERICA,Baja California Sur,2020,12,5,2020-12-05T09:33,True,Eduardo Fernández Reza,iNaturalist,http://creativecommons.org/licenses/by-nc/4.0/,Eduardo Fernández Reza,https://inaturalist-open-data.s3.amazonaws.com/photos/219833156/original.jpeg; https://inaturalist-open-data.s3.amazonaws.com/photos/219833177/original.jpeg; https://inaturalist-open-data.s3.amazonaws.com/photos/219833190/original.jpeg; https://inaturalist-open-data.s3.amazonaws.com/photos/219833206/original.jpeg; https://inaturalist-open-data.s3.amazonaws.com/photos/219833239/original.jpeg; https://inaturalist-open-data.s3.amazonaws.com/photos/219833266/original.jpeg; https://inaturalist-open-data.s3.amazonaws.com/photos/219833285/original.jpeg,k-mexico,2024-10-24 22:42:56
original_3888867899_5.jpeg,7309092,Salvia fulgens,1.6049999999999998,"Basilinna xantusii (Lawrence, 1861)",2476825,23.55619,-109.993993,14.0,NORTH_AMERICA,Baja California Sur,2020,12,5,2020-12-05T09:33,True,Eduardo Fernández Reza,iNaturalist,http://creativecommons.org/licenses/by-nc/4.0/,Eduardo Fernández Reza,https://inaturalist-open-data.s3.amazonaws.com/photos/219833156/original.jpeg; https://inaturalist-open-data.s3.amazonaws.com/photos/219833177/original.jpeg; https://inaturalist-open-data.s3.amazonaws.com/photos/219833190/original.jpeg; https://inaturalist-open-data.s3.amazonaws.com/photos/219833206/original.jpeg; https://inaturalist-open-data.s3.amazonaws.com/photos/219833239/original.jpeg; https://inaturalist-open-data.s3.amazonaws.com/photos/219833266/original.jpeg; https://inaturalist-open-data.s3.amazonaws.com/photos/219833285/original.jpeg,k-mexico,2024-10-24 22:42:58
original_3888867899_6.jpeg,2959492,Gleditsia aquatica,0.928,"Basilinna xantusii (Lawrence, 1861)",2476825,23.55619,-109.993993,14.0,NORTH_AMERICA,Baja California Sur,2020,12,5,2020-12-05T09:33,True,Eduardo Fernández Reza,iNaturalist,http://creativecommons.org/licenses/by-nc/4.0/,Eduardo Fernández Reza,https://inaturalist-open-data.s3.amazonaws.com/photos/219833156/original.jpeg; https://inaturalist-open-data.s3.amazonaws.com/photos/219833177/original.jpeg; https://inaturalist-open-data.s3.amazonaws.com/photos/219833190/original.jpeg; https://inaturalist-open-data.s3.amazonaws.com/photos/219833206/original.jpeg; https://inaturalist-open-data.s3.amazonaws.com/photos/219833239/original.jpeg; https://inaturalist-open-data.s3.amazonaws.com/photos/219833266/original.jpeg; https://inaturalist-open-data.s3.amazonaws.com/photos/219833285/original.jpeg,k-mexico,2024-10-24 22:43:00
original_3888867899_7.jpeg,8435196,Passiflora pallida,1.109,"Basilinna xantusii (Lawrence, 1861)",2476825,23.55619,-109.993993,14.0,NORTH_AMERICA,Baja California Sur,2020,12,5,2020-12-05T09:33,True,Eduardo Fernández Reza,iNaturalist,http://creativecommons.org/licenses/by-nc/4.0/,Eduardo Fernández Reza,https://inaturalist-open-data.s3.amazonaws.com/photos/219833156/original.jpeg; https://inaturalist-open-data.s3.amazonaws.com/photos/219833177/original.jpeg; https://inaturalist-open-data.s3.amazonaws.com/photos/219833190/original.jpeg; https://inaturalist-open-data.s3.amazonaws.com/photos/219833206/original.jpeg; https://inaturalist-open-data.s3.amazonaws.com/photos/219833239/original.jpeg; https://inaturalist-open-data.s3.amazonaws.com/photos/219833266/original.jpeg; https://inaturalist-open-data.s3.amazonaws.com/photos/219833285/original.jpeg,k-mexico,2024-10-24 22:43:02
original_3923410482_1.jpg,2945453,Schizolobium parahyba,3.3579999999999997,"Basilinna xantusii (Lawrence, 1861)",2476825,24.063724,-110.169997,31.0,NORTH_AMERICA,Baja California Sur,2022,9,27,2022-09-27T07:42,True,Valeria Huerta,iNaturalist,http://creativecommons.org/licenses/by-nc/4.0/,Valeria Huerta,https://inaturalist-open-data.s3.amazonaws.com/photos/234730966/original.jpg; https://inaturalist-open-data.s3.amazonaws.com/photos/234731097/original.jpg,k-mexico,2024-10-24 22:43:07
original_3923410482_2.jpg,5406696,Ceiba aesculifolia,4.2909999999999995,"Basilinna xantusii (Lawrence, 1861)",2476825,24.063724,-110.169997,31.0,NORTH_AMERICA,Baja California Sur,2022,9,27,2022-09-27T07:42,True,Valeria Huerta,iNaturalist,http://creativecommons.org/licenses/by-nc/4.0/,Valeria Huerta,https://inaturalist-open-data.s3.amazonaws.com/photos/234730966/original.jpg; https://inaturalist-open-data.s3.amazonaws.com/photos/234731097/original.jpg,k-mexico,2024-10-24 22:43:10
original_3923577330_1.jpg,5361923,Ficus aurea,2.512,"Basilinna xantusii (Lawrence, 1861)",2476825,24.003642,-110.055205,9.0,NORTH_AMERICA,Baja California Sur,2022,10,1,2022-10-01T11:31,True,Pau AP,iNaturalist,http://creativecommons.org/licenses/by-nc/4.0/,Pau AP,https://inaturalist-open-data.s3.amazonaws.com/photos/234328551/original.jpg,k-mexico,2024-10-24 22:43:12
original_3960990877_1.jpeg,2959492,Gleditsia aquatica,2.096,"Basilinna xantusii (Lawrence, 1861)",2476825,27.063065,-112.238182,8.0,NORTH_AMERICA,Baja California Sur,2016,3,23,2016-03-23T20:30,True,kikezell23,iNaturalist,http://creativecommons.org/licenses/by-nc/4.0/,kikezell23,https://inaturalist-open-data.s3.amazonaws.com/photos/239795116/original.jpeg,k-mexico,2024-10-24 22:43:15
original_3961335671_1.jpg,5387098,Dahlia coccinea,5.5649999999999995,"Basilinna xantusii (Lawrence, 1861)",2476825,27.598937,-113.016107,1922.0,NORTH_AMERICA,Baja California Sur,2022,10,2,2022-10-02T18:05,True,ynafh,iNaturalist,http://creativecommons.org/licenses/by-nc/4.0/,ynafh,https://inaturalist-open-data.s3.amazonaws.com/photos/241093255/original.jpg,k-mexico,2024-10-24 22:43:17
original_3966709233_1.jpg,2925655,Duranta erecta,38.885,"Basilinna xantusii (Lawrence, 1861)",2476825,23.361245,-110.193687,4.0,NORTH_AMERICA,Baja California Sur,2022,11,14,2022-11-14T14:17:34,True,JCE,iNaturalist,http://creativecommons.org/licenses/by-nc/4.0/,JCE,https://inaturalist-open-data.s3.amazonaws.com/photos/243417893/original.jpg; https://inaturalist-open-data.s3.amazonaws.com/photos/243459921/original.jpg; https://inaturalist-open-data.s3.amazonaws.com/photos/243459928/original.jpg,k-mexico,2024-10-24 22:43:19
original_3966709233_2.jpg,3892852,Salvia patens,2.662,"Basilinna xantusii (Lawrence, 1861)",2476825,23.361245,-110.193687,4.0,NORTH_AMERICA,Baja California Sur,2022,11,14,2022-11-14T14:17:34,True,JCE,iNaturalist,http://creativecommons.org/licenses/by-nc/4.0/,JCE,https://inaturalist-open-data.s3.amazonaws.com/photos/243417893/original.jpg; https://inaturalist-open-data.s3.amazonaws.com/photos/243459921/original.jpg; https://inaturalist-open-data.s3.amazonaws.com/photos/243459928/original.jpg,k-mexico,2024-10-24 22:43:20
original_3985641297_1.jpeg,2943053,Chloroleucon mangense,2.101,"Basilinna xantusii (Lawrence, 1861)",2476825,24.005307,-110.091523,20.0,NORTH_AMERICA,Baja California Sur,2022,10,27,2022-10-27T11:06:01,True,Gerardo Marrón,iNaturalist,http://creativecommons.org/licenses/by-nc/4.0/,Gerardo Marrón,https://inaturalist-open-data.s3.amazonaws.com/photos/243952521/original.jpeg,k-mexico,2024-10-24 22:43:24
original_3988464974_1.jpg,8077391,Citrus × aurantium,2.734,"Basilinna xantusii (Lawrence, 1861)",2476825,23.577604,-109.945452,3898.0,NORTH_AMERICA,Baja California Sur,2022,11,22,2022-11-22,True,alejandra_21,iNaturalist,http://creativecommons.org/licenses/by-nc/4.0/,alejandra_21,https://inaturalist-open-data.s3.amazonaws.com/photos/246184478/original.jpg,k-mexico,2024-10-24 22:43:29
original_3988543762_1.jpg,7944396,Ficus pertusa,3.762,"Basilinna xantusii (Lawrence, 1861)",2476825,23.549803,-109.817994,5.0,NORTH_AMERICA,Baja California Sur,2022,10,22,2022-10-22T10:03,True,bmecologia,iNaturalist,http://creativecommons.org/licenses/by-nc/4.0/,bmecologia,https://inaturalist-open-data.s3.amazonaws.com/photos/245858965/original.jpg,k-mexico,2024-10-24 22:43:31
original_3988582761_1.jpg,7944396,Ficus pertusa,3.762,"Basilinna xantusii (Lawrence, 1861)",2476825,23.554969,-109.993142,,NORTH_AMERICA,Baja California Sur,2022,10,22,2022-10-22,True,bmecologia,iNaturalist,http://creativecommons.org/licenses/by-nc/4.0/,bmecologia,https://inaturalist-open-data.s3.amazonaws.com/photos/245869966/original.jpg,k-mexico,2024-10-24 22:43:33
original_3994265897_1.jpg,2797253,Corallorhiza wisteriana,4.04,"Basilinna xantusii (Lawrence, 1861)",2476825,24.015336,-110.153978,4.0,NORTH_AMERICA,Baja California Sur,2022,12,4,2022-12-04T14:38:53,True,pree9,iNaturalist,http://creativecommons.org/licenses/by-nc/4.0/,pree9,https://inaturalist-open-data.s3.amazonaws.com/photos/247085278/original.jpg; https://inaturalist-open-data.s3.amazonaws.com/photos/247085295/original.jpg,k-mexico,2024-10-24 22:43:35
original_3994265897_2.jpg,3084466,Selenicereus grandiflorus,2.727,"Basilinna xantusii (Lawrence, 1861)",2476825,24.015336,-110.153978,4.0,NORTH_AMERICA,Baja California Sur,2022,12,4,2022-12-04T14:38:53,True,pree9,iNaturalist,http://creativecommons.org/licenses/by-nc/4.0/,pree9,https://inaturalist-open-data.s3.amazonaws.com/photos/247085278/original.jpg; https://inaturalist-open-data.s3.amazonaws.com/photos/247085295/original.jpg,k-mexico,2024-10-24 22:43:38
original_3994311077_1.jpg,5294589,Washingtonia filifera,20.885,"Basilinna xantusii (Lawrence, 1861)",2476825,25.32956,-111.43012,1172.0,NORTH_AMERICA,Baja California Sur,2022,10,9,2022-10-09T12:10,True,Tania Pérez Fiol,iNaturalist,http://creativecommons.org/licenses/by-nc/4.0/,Tania Pérez Fiol,https://inaturalist-open-data.s3.amazonaws.com/photos/247238186/original.jpg,k-mexico,2024-10-24 22:43:41
original_4006613201_1.jpg,5406696,Ceiba aesculifolia,20.000999999999998,"Basilinna xantusii (Lawrence, 1861)",2476825,22.969288,-109.850712,15.0,NORTH_AMERICA,Baja California Sur,2022,12,9,2022-12-09T08:34,True,Ricardo Rivera,iNaturalist,http://creativecommons.org/licenses/by-nc/4.0/,Ricardo Rivera,https://inaturalist-open-data.s3.amazonaws.com/photos/248404409/original.jpg,k-mexico,2024-10-24 22:43:44
original_4006706056_4.jpeg,3040233,Populus alba,1.882,"Basilinna xantusii (Lawrence, 1861)",2476825,23.040299,-109.740361,30217.0,NORTH_AMERICA,Baja California Sur,2022,12,4,2022-12-04T15:01,True,Jozef K. Richards,iNaturalist,http://creativecommons.org/licenses/by-nc/4.0/,Jozef K. Richards,https://inaturalist-open-data.s3.amazonaws.com/photos/248182702/original.jpeg; https://inaturalist-open-data.s3.amazonaws.com/photos/248182714/original.jpeg; https://inaturalist-open-data.s3.amazonaws.com/photos/248182723/original.jpeg; https://inaturalist-open-data.s3.amazonaws.com/photos/248182724/original.jpeg,k-mexico,2024-10-24 22:43:46
original_4009691736_1.jpeg,3172371,Fraxinus uhdei,12.026,"Basilinna xantusii (Lawrence, 1861)",2476825,23.511083,-110.040488,2889.0,NORTH_AMERICA,Baja California Sur,2022,12,20,2022-12-20T11:42,True,Tom Turner,iNaturalist,http://creativecommons.org/licenses/by-nc/4.0/,Tom Turner,https://inaturalist-open-data.s3.amazonaws.com/photos/248587231/original.jpeg,k-mexico,2024-10-24 22:43:48
original_4009789908_1.jpeg,2887069,Sideroxylon lanuginosum,2.004,"Basilinna xantusii (Lawrence, 1861)",2476825,23.569017,-109.716832,30175.0,NORTH_AMERICA,Baja California Sur,2022,12,12,2022-12-12T10:11,True,Jozef K. Richards,iNaturalist,http://creativecommons.org/licenses/by-nc/4.0/,Jozef K. Richards,https://inaturalist-open-data.s3.amazonaws.com/photos/248750081/original.jpeg; https://inaturalist-open-data.s3.amazonaws.com/photos/248750120/original.jpeg; https://inaturalist-open-data.s3.amazonaws.com/photos/248750127/original.jpeg,k-mexico,2024-10-24 22:43:51
original_4009789908_2.jpeg,2887069,Sideroxylon lanuginosum,8.479000000000001,"Basilinna xantusii (Lawrence, 1861)",2476825,23.569017,-109.716832,30175.0,NORTH_AMERICA,Baja California Sur,2022,12,12,2022-12-12T10:11,True,Jozef K. Richards,iNaturalist,http://creativecommons.org/licenses/by-nc/4.0/,Jozef K. Richards,https://inaturalist-open-data.s3.amazonaws.com/photos/248750081/original.jpeg; https://inaturalist-open-data.s3.amazonaws.com/photos/248750120/original.jpeg; https://inaturalist-open-data.s3.amazonaws.com/photos/248750127/original.jpeg,k-mexico,2024-10-24 22:43:54
original_4009789908_3.jpeg,5355075,Machaerium lunatum,2.13,"Basilinna xantusii (Lawrence, 1861)",2476825,23.569017,-109.716832,30175.0,NORTH_AMERICA,Baja California Sur,2022,12,12,2022-12-12T10:11,True,Jozef K. Richards,iNaturalist,http://creativecommons.org/licenses/by-nc/4.0/,Jozef K. Richards,https://inaturalist-open-data.s3.amazonaws.com/photos/248750081/original.jpeg; https://inaturalist-open-data.s3.amazonaws.com/photos/248750120/original.jpeg; https://inaturalist-open-data.s3.amazonaws.com/photos/248750127/original.jpeg,k-mexico,2024-10-24 22:43:56
original_4009806152_1.jpg,5384050,Opuntia cochenillifera,6.392,"Basilinna xantusii (Lawrence, 1861)",2476825,23.472159,-110.258331,120.0,NORTH_AMERICA,Baja California Sur,2022,12,20,2022-12-20T15:27,True,Jefferson Ashby,iNaturalist,http://creativecommons.org/licenses/by-nc/4.0/,Jefferson Ashby,https://inaturalist-open-data.s3.amazonaws.com/photos/249257588/original.jpg,k-mexico,2024-10-24 22:43:58
original_4009895215_1.jpg,5384050,Opuntia cochenillifera,14.979000000000001,"Basilinna xantusii (Lawrence, 1861)",2476825,23.472159,-110.258331,120.0,NORTH_AMERICA,Baja California Sur,2022,12,20,2022-12-20T14:04,True,Jefferson Ashby,iNaturalist,http://creativecommons.org/licenses/by-nc/4.0/,Jefferson Ashby,https://inaturalist-open-data.s3.amazonaws.com/photos/249257568/original.jpg,k-mexico,2024-10-24 22:44:00
original_4009934062_1.jpg,3172386,Forestiera angustifolia,1.15,"Basilinna xantusii (Lawrence, 1861)",2476825,23.47195,-110.259338,411.0,NORTH_AMERICA,Baja California Sur,2022,12,21,2022-12-21T07:19,True,Jefferson Ashby,iNaturalist,http://creativecommons.org/licenses/by-nc/4.0/,Jefferson Ashby,https://inaturalist-open-data.s3.amazonaws.com/photos/249116647/original.jpg,k-mexico,2024-10-24 22:44:03
original_4011578705_1.jpg,2882415,Nymphaea elegans,4.188,"Basilinna xantusii (Lawrence, 1861)",2476825,23.472159,-110.258331,120.0,NORTH_AMERICA,Baja California Sur,2022,12,21,2022-12-21T08:13,True,Jefferson Ashby,iNaturalist,http://creativecommons.org/licenses/by-nc/4.0/,Jefferson Ashby,https://inaturalist-open-data.s3.amazonaws.com/photos/249257621/original.jpg,k-mexico,2024-10-24 22:44:05
original_4011702204_1.jpg,3899311,Salvia involucrata,20.036,"Basilinna xantusii (Lawrence, 1861)",2476825,25.798005,-111.34548,20.0,NORTH_AMERICA,Baja California Sur,2022,11,12,2022-11-12T11:04:21,True,claudiaanabel,iNaturalist,http://creativecommons.org/licenses/by-nc/4.0/,claudiaanabel,https://inaturalist-open-data.s3.amazonaws.com/photos/250205324/original.jpg; https://inaturalist-open-data.s3.amazonaws.com/photos/250205331/original.jpg; https://inaturalist-open-data.s3.amazonaws.com/photos/250205346/original.jpg; https://inaturalist-open-data.s3.amazonaws.com/photos/250205354/original.jpg,k-mexico,2024-10-24 22:44:08
original_4011702204_2.jpg,3899311,Salvia involucrata,3.472,"Basilinna xantusii (Lawrence, 1861)",2476825,25.798005,-111.34548,20.0,NORTH_AMERICA,Baja California Sur,2022,11,12,2022-11-12T11:04:21,True,claudiaanabel,iNaturalist,http://creativecommons.org/licenses/by-nc/4.0/,claudiaanabel,https://inaturalist-open-data.s3.amazonaws.com/photos/250205324/original.jpg; https://inaturalist-open-data.s3.amazonaws.com/photos/250205331/original.jpg; https://inaturalist-open-data.s3.amazonaws.com/photos/250205346/original.jpg; https://inaturalist-open-data.s3.amazonaws.com/photos/250205354/original.jpg,k-mexico,2024-10-24 22:44:11
original_4011702204_3.jpg,3899311,Salvia involucrata,8.779,"Basilinna xantusii (Lawrence, 1861)",2476825,25.798005,-111.34548,20.0,NORTH_AMERICA,Baja California Sur,2022,11,12,2022-11-12T11:04:21,True,claudiaanabel,iNaturalist,http://creativecommons.org/licenses/by-nc/4.0/,claudiaanabel,https://inaturalist-open-data.s3.amazonaws.com/photos/250205324/original.jpg; https://inaturalist-open-data.s3.amazonaws.com/photos/250205331/original.jpg; https://inaturalist-open-data.s3.amazonaws.com/photos/250205346/original.jpg; https://inaturalist-open-data.s3.amazonaws.com/photos/250205354/original.jpg,k-mexico,2024-10-24 22:44:14
original_4011702204_4.jpg,8249437,Salvia purpurea,17.27,"Basilinna xantusii (Lawrence, 1861)",2476825,25.798005,-111.34548,20.0,NORTH_AMERICA,Baja California Sur,2022,11,12,2022-11-12T11:04:21,True,claudiaanabel,iNaturalist,http://creativecommons.org/licenses/by-nc/4.0/,claudiaanabel,https://inaturalist-open-data.s3.amazonaws.com/photos/250205324/original.jpg; https://inaturalist-open-data.s3.amazonaws.com/photos/250205331/original.jpg; https://inaturalist-open-data.s3.amazonaws.com/photos/250205346/original.jpg; https://inaturalist-open-data.s3.amazonaws.com/photos/250205354/original.jpg,k-mexico,2024-10-24 22:44:16
original_4011709104_1.jpeg,7167078,Bougainvillea spectabilis,27.539,"Basilinna xantusii (Lawrence, 1861)",2476825,26.898962,-111.970499,35.0,NORTH_AMERICA,Baja California Sur,2022,12,31,2022-12-31T14:52,True,dvalov,iNaturalist,http://creativecommons.org/licenses/by-nc/4.0/,dvalov,https://inaturalist-open-data.s3.amazonaws.com/photos/250042350/original.jpeg; https://inaturalist-open-data.s3.amazonaws.com/photos/250042574/original.jpeg; https://inaturalist-open-data.s3.amazonaws.com/photos/250042804/original.jpeg; https://inaturalist-open-data.s3.amazonaws.com/photos/250043053/original.jpeg; https://inaturalist-open-data.s3.amazonaws.com/photos/250043301/original.jpeg,k-mexico,2024-10-24 22:44:18
original_4011709104_2.jpeg,5421144,Dodonaea viscosa,7.319000000000001,"Basilinna xantusii (Lawrence, 1861)",2476825,26.898962,-111.970499,35.0,NORTH_AMERICA,Baja California Sur,2022,12,31,2022-12-31T14:52,True,dvalov,iNaturalist,http://creativecommons.org/licenses/by-nc/4.0/,dvalov,https://inaturalist-open-data.s3.amazonaws.com/photos/250042350/original.jpeg; https://inaturalist-open-data.s3.amazonaws.com/photos/250042574/original.jpeg; https://inaturalist-open-data.s3.amazonaws.com/photos/250042804/original.jpeg; https://inaturalist-open-data.s3.amazonaws.com/photos/250043053/original.jpeg; https://inaturalist-open-data.s3.amazonaws.com/photos/250043301/original.jpeg,k-mexico,2024-10-24 22:44:20
original_4011709104_3.jpeg,7167078,Bougainvillea spectabilis,36.698,"Basilinna xantusii (Lawrence, 1861)",2476825,26.898962,-111.970499,35.0,NORTH_AMERICA,Baja California Sur,2022,12,31,2022-12-31T14:52,True,dvalov,iNaturalist,http://creativecommons.org/licenses/by-nc/4.0/,dvalov,https://inaturalist-open-data.s3.amazonaws.com/photos/250042350/original.jpeg; https://inaturalist-open-data.s3.amazonaws.com/photos/250042574/original.jpeg; https://inaturalist-open-data.s3.amazonaws.com/photos/250042804/original.jpeg; https://inaturalist-open-data.s3.amazonaws.com/photos/250043053/original.jpeg; https://inaturalist-open-data.s3.amazonaws.com/photos/250043301/original.jpeg,k-mexico,2024-10-24 22:44:23
original_4018280111_1.jpeg,5384050,Opuntia cochenillifera,2.6630000000000003,"Basilinna xantusii (Lawrence, 1861)",2476825,23.764994,-109.999647,152.0,NORTH_AMERICA,Baja California Sur,2023,1,1,2023-01-01T09:36,True,dbrudin,iNaturalist,http://creativecommons.org/licenses/by-nc/4.0/,dbrudin,https://inaturalist-open-data.s3.amazonaws.com/photos/251837627/original.jpeg; https://inaturalist-open-data.s3.amazonaws.com/photos/251837806/original.jpeg,k-mexico,2024-10-24 22:44:30
original_4018280111_2.jpeg,5384050,Opuntia cochenillifera,10.193000000000001,"Basilinna xantusii (Lawrence, 1861)",2476825,23.764994,-109.999647,152.0,NORTH_AMERICA,Baja California Sur,2023,1,1,2023-01-01T09:36,True,dbrudin,iNaturalist,http://creativecommons.org/licenses/by-nc/4.0/,dbrudin,https://inaturalist-open-data.s3.amazonaws.com/photos/251837627/original.jpeg; https://inaturalist-open-data.s3.amazonaws.com/photos/251837806/original.jpeg,k-mexico,2024-10-24 22:44:32
original_4022235134_3.jpeg,2958970,Sophora tomentosa,3.293,"Basilinna xantusii (Lawrence, 1861)",2476825,24.207892,-110.082522,31.0,NORTH_AMERICA,Baja California Sur,2023,1,21,2023-01-21T14:07,True,Amber M. King,iNaturalist,http://creativecommons.org/licenses/by/4.0/,Amber M. King,https://inaturalist-open-data.s3.amazonaws.com/photos/253314778/original.jpeg; https://inaturalist-open-data.s3.amazonaws.com/photos/253314782/original.jpeg; https://inaturalist-open-data.s3.amazonaws.com/photos/253314783/original.jpeg,k-mexico,2024-10-24 22:44:44
original_4022318168_1.jpeg,7282285,Pachycereus pringlei,4.005,"Basilinna xantusii (Lawrence, 1861)",2476825,23.448345,-110.222351,,NORTH_AMERICA,Baja California Sur,2023,1,19,2023-01-19T11:49:58,True,Fernando Olea,iNaturalist,http://creativecommons.org/licenses/by-nc/4.0/,Fernando Olea,https://inaturalist-open-data.s3.amazonaws.com/photos/252693687/original.jpeg; https://inaturalist-open-data.s3.amazonaws.com/photos/252693697/original.jpeg,k-mexico,2024-10-24 22:44:46
original_4028766131_1.jpg,5415355,Hygrophila polysperma,4.403,"Basilinna xantusii (Lawrence, 1861)",2476825,26.62002,-112.025078,,NORTH_AMERICA,Baja California Sur,2023,1,28,2023-01-28T18:00:28,True,Álvaro San José,iNaturalist,http://creativecommons.org/licenses/by-nc/4.0/,Álvaro San José,https://inaturalist-open-data.s3.amazonaws.com/photos/254718739/original.jpg,k-mexico,2024-10-24 22:44:50
original_4028988039_1.jpeg,3172334,Fraxinus velutina,3.311,"Basilinna xantusii (Lawrence, 1861)",2476825,27.612718,-113.066614,17.0,NORTH_AMERICA,Baja California Sur,2023,1,26,2023-01-26T15:31,True,Eduardo Fernández Reza,iNaturalist,http://creativecommons.org/licenses/by-nc/4.0/,Eduardo Fernández Reza,https://inaturalist-open-data.s3.amazonaws.com/photos/254370109/original.jpeg,k-mexico,2024-10-24 22:44:53
original_4028993234_1.jpeg,2874119,Xylosma flexuosa,6.595,"Basilinna xantusii (Lawrence, 1861)",2476825,23.543232,-110.14938,195.0,NORTH_AMERICA,Baja California Sur,2023,2,2,2023-02-02,True,Osiel Flores,iNaturalist,http://creativecommons.org/licenses/by-nc/4.0/,Osiel Flores,https://inaturalist-open-data.s3.amazonaws.com/photos/254633113/original.jpeg,k-mexico,2024-10-24 22:44:56
original_4029255409_1.jpg,2766728,Agave vilmoriniana,0.7040000000000001,"Basilinna xantusii (Lawrence, 1861)",2476825,23.367959,-109.77792,1604.0,NORTH_AMERICA,Baja California Sur,2023,1,23,2023-01-23T10:32,True,Steven Mlodinow,iNaturalist,http://creativecommons.org/licenses/by-nc/4.0/,Steven Mlodinow,https://inaturalist-open-data.s3.amazonaws.com/photos/255058888/original.jpg,k-mexico,2024-10-24 22:44:59
original_4034697115_1.jpeg,3169012,Hippocratea volubilis,23.483,"Basilinna xantusii (Lawrence, 1861)",2476825,23.685682,-109.945232,,NORTH_AMERICA,Baja California Sur,2023,2,8,2023-02-08T17:43,True,María Rodríguez-Salinas,iNaturalist,http://creativecommons.org/licenses/by-nc-sa/4.0/,María Rodríguez-Salinas,https://inaturalist-open-data.s3.amazonaws.com/photos/255674247/original.jpeg,k-mexico,2024-10-24 22:45:04
original_4046238616_1.jpeg,3189908,Guaiacum sanctum,0.713,"Basilinna xantusii (Lawrence, 1861)",2476825,23.558905,-109.865815,4.0,NORTH_AMERICA,Baja California Sur,2023,1,19,2023-01-19T13:23:41,True,dudeonthemove,iNaturalist,http://creativecommons.org/licenses/by-nc/4.0/,dudeonthemove,https://inaturalist-open-data.s3.amazonaws.com/photos/257593995/original.jpeg; https://inaturalist-open-data.s3.amazonaws.com/photos/257594041/original.jpeg; https://inaturalist-open-data.s3.amazonaws.com/photos/257594062/original.jpeg,k-mexico,2024-10-24 22:45:09
original_4046238616_2.jpeg,5289709,Setaria sphacelata,0.366,"Basilinna xantusii (Lawrence, 1861)",2476825,23.558905,-109.865815,4.0,NORTH_AMERICA,Baja California Sur,2023,1,19,2023-01-19T13:23:41,True,dudeonthemove,iNaturalist,http://creativecommons.org/licenses/by-nc/4.0/,dudeonthemove,https://inaturalist-open-data.s3.amazonaws.com/photos/257593995/original.jpeg; https://inaturalist-open-data.s3.amazonaws.com/photos/257594041/original.jpeg; https://inaturalist-open-data.s3.amazonaws.com/photos/257594062/original.jpeg,k-mexico,2024-10-24 22:45:12
original_4046238616_3.jpeg,7297353,Lippia origanoides,0.795,"Basilinna xantusii (Lawrence, 1861)",2476825,23.558905,-109.865815,4.0,NORTH_AMERICA,Baja California Sur,2023,1,19,2023-01-19T13:23:41,True,dudeonthemove,iNaturalist,http://creativecommons.org/licenses/by-nc/4.0/,dudeonthemove,https://inaturalist-open-data.s3.amazonaws.com/photos/257593995/original.jpeg; https://inaturalist-open-data.s3.amazonaws.com/photos/257594041/original.jpeg; https://inaturalist-open-data.s3.amazonaws.com/photos/257594062/original.jpeg,k-mexico,2024-10-24 22:45:14
original_4046338373_1.jpg,5341492,Coleus scutellarioides,37.987,"Basilinna xantusii (Lawrence, 1861)",2476825,24.058445,-110.169967,4.0,NORTH_AMERICA,Baja California Sur,2023,2,26,2023-02-26T09:59:54,True,kateboersma,iNaturalist,http://creativecommons.org/licenses/by-nc/4.0/,kateboersma,https://inaturalist-open-data.s3.amazonaws.com/photos/258347092/original.jpg; https://inaturalist-open-data.s3.amazonaws.com/photos/258347097/original.jpg; https://inaturalist-open-data.s3.amazonaws.com/photos/258347102/original.jpg,k-mexico,2024-10-24 22:45:16
original_4046338373_2.jpg,5341492,Coleus scutellarioides,17.984,"Basilinna xantusii (Lawrence, 1861)",2476825,24.058445,-110.169967,4.0,NORTH_AMERICA,Baja California Sur,2023,2,26,2023-02-26T09:59:54,True,kateboersma,iNaturalist,http://creativecommons.org/licenses/by-nc/4.0/,kateboersma,https://inaturalist-open-data.s3.amazonaws.com/photos/258347092/original.jpg; https://inaturalist-open-data.s3.amazonaws.com/photos/258347097/original.jpg; https://inaturalist-open-data.s3.amazonaws.com/photos/258347102/original.jpg,k-mexico,2024-10-24 22:45:17
original_4046338373_3.jpg,2874181,Passiflora alata,32.909,"Basilinna xantusii (Lawrence, 1861)",2476825,24.058445,-110.169967,4.0,NORTH_AMERICA,Baja California Sur,2023,2,26,2023-02-26T09:59:54,True,kateboersma,iNaturalist,http://creativecommons.org/licenses/by-nc/4.0/,kateboersma,https://inaturalist-open-data.s3.amazonaws.com/photos/258347092/original.jpg; https://inaturalist-open-data.s3.amazonaws.com/photos/258347097/original.jpg; https://inaturalist-open-data.s3.amazonaws.com/photos/258347102/original.jpg,k-mexico,2024-10-24 22:45:19
original_4046454672_1.jpeg,3063705,Hippomane mancinella,3.46,"Basilinna xantusii (Lawrence, 1861)",2476825,23.558901,-109.865758,25.0,NORTH_AMERICA,Baja California Sur,2023,2,19,2023-02-19T13:20,True,Eduardo Fernández Reza,iNaturalist,http://creativecommons.org/licenses/by-nc/4.0/,Eduardo Fernández Reza,https://inaturalist-open-data.s3.amazonaws.com/photos/257351509/original.jpeg; https://inaturalist-open-data.s3.amazonaws.com/photos/257351513/original.jpeg; https://inaturalist-open-data.s3.amazonaws.com/photos/257351524/original.jpeg,k-mexico,2024-10-24 22:45:23
original_4046551161_2.jpeg,5387098,Dahlia coccinea,9.780999999999999,"Basilinna xantusii (Lawrence, 1861)",2476825,23.558924,-109.865656,35.0,NORTH_AMERICA,Baja California Sur,2023,2,25,2023-02-25T13:23,True,Eduardo Fernández Reza,iNaturalist,http://creativecommons.org/licenses/by-nc/4.0/,Eduardo Fernández Reza,https://inaturalist-open-data.s3.amazonaws.com/photos/257990787/original.jpeg; https://inaturalist-open-data.s3.amazonaws.com/photos/257990798/original.jpeg,k-mexico,2024-10-24 22:45:34
original_4046563160_2.jpeg,5341822,Solandra grandiflora,4.197,"Basilinna xantusii (Lawrence, 1861)",2476825,23.55379,-109.893733,1988.0,NORTH_AMERICA,Baja California Sur,2023,2,25,2023-02-25,True,HUGO REDONA,iNaturalist,http://creativecommons.org/licenses/by-nc/4.0/,HUGO REDONA,https://inaturalist-open-data.s3.amazonaws.com/photos/258061799/original.jpeg; https://inaturalist-open-data.s3.amazonaws.com/photos/258061818/original.jpeg,k-mexico,2024-10-24 22:45:39
original_4046602724_1.jpeg,2962854,Pithecellobium unguis-cati,3.744,"Basilinna xantusii (Lawrence, 1861)",2476825,26.185429,-112.078038,279.0,NORTH_AMERICA,Baja California Sur,2023,2,21,2023-02-21T08:26,True,Bitty A. Roy,iNaturalist,http://creativecommons.org/licenses/by-nc/4.0/,Bitty A. Roy,https://inaturalist-open-data.s3.amazonaws.com/photos/257392391/original.jpeg,k-mexico,2024-10-24 22:45:42
original_4046678313_1.jpeg,2777724,Aloe vera,72.816,"Basilinna xantusii (Lawrence, 1861)",2476825,23.746564,-110.11204,80.0,NORTH_AMERICA,Baja California Sur,2023,2,26,2023-02-26T06:11,True,Enrique Flores García,iNaturalist,http://creativecommons.org/licenses/by-nc/4.0/,Enrique Flores García,https://inaturalist-open-data.s3.amazonaws.com/photos/258276767/original.jpeg; https://inaturalist-open-data.s3.amazonaws.com/photos/258276831/original.jpeg,k-mexico,2024-10-24 22:45:47
original_4054801591_1.jpeg,2959492,Gleditsia aquatica,2.257,"Basilinna xantusii (Lawrence, 1861)",2476825,23.746456,-110.112111,100.0,NORTH_AMERICA,Baja California Sur,2023,2,25,2023-02-25T14:58,True,Enrique Flores García,iNaturalist,http://creativecommons.org/licenses/by-nc/4.0/,Enrique Flores García,https://inaturalist-open-data.s3.amazonaws.com/photos/258459077/original.jpeg; https://inaturalist-open-data.s3.amazonaws.com/photos/258459092/original.jpeg,k-mexico,2024-10-24 22:45:52
original_4054801591_2.jpeg,2959492,Gleditsia aquatica,2.366,"Basilinna xantusii (Lawrence, 1861)",2476825,23.746456,-110.112111,100.0,NORTH_AMERICA,Baja California Sur,2023,2,25,2023-02-25T14:58,True,Enrique Flores García,iNaturalist,http://creativecommons.org/licenses/by-nc/4.0/,Enrique Flores García,https://inaturalist-open-data.s3.amazonaws.com/photos/258459077/original.jpeg; https://inaturalist-open-data.s3.amazonaws.com/photos/258459092/original.jpeg,k-mexico,2024-10-24 22:45:54
original_4054809189_1.jpeg,5406696,Ceiba aesculifolia,4.224,"Basilinna xantusii (Lawrence, 1861)",2476825,23.855463,-110.0378,11.0,NORTH_AMERICA,Baja California Sur,2023,3,4,2023-03-04T08:44,True,Eduardo Fernández Reza,iNaturalist,http://creativecommons.org/licenses/by-nc/4.0/,Eduardo Fernández Reza,https://inaturalist-open-data.s3.amazonaws.com/photos/259307292/original.jpeg,k-mexico,2024-10-24 22:45:56
original_4054901031_1.jpeg,5361762,Myriophyllum heterophyllum,1.035,"Basilinna xantusii (Lawrence, 1861)",2476825,23.811642,-110.058366,604.0,NORTH_AMERICA,Baja California Sur,2023,3,4,2023-03-04,True,HUGO REDONA,iNaturalist,http://creativecommons.org/licenses/by-nc/4.0/,HUGO REDONA,https://inaturalist-open-data.s3.amazonaws.com/photos/259099701/original.jpeg; https://inaturalist-open-data.s3.amazonaws.com/photos/259099715/original.jpeg; https://inaturalist-open-data.s3.amazonaws.com/photos/259099728/original.jpeg,k-mexico,2024-10-24 22:45:59
original_4054901031_2.jpeg,2932944,Capsicum annuum,1.6219999999999999,"Basilinna xantusii (Lawrence, 1861)",2476825,23.811642,-110.058366,604.0,NORTH_AMERICA,Baja California Sur,2023,3,4,2023-03-04,True,HUGO REDONA,iNaturalist,http://creativecommons.org/licenses/by-nc/4.0/,HUGO REDONA,https://inaturalist-open-data.s3.amazonaws.com/photos/259099701/original.jpeg; https://inaturalist-open-data.s3.amazonaws.com/photos/259099715/original.jpeg; https://inaturalist-open-data.s3.amazonaws.com/photos/259099728/original.jpeg,k-mexico,2024-10-24 22:46:01
original_4054941686_1.jpeg,3084672,Talinum paniculatum,0.662,"Basilinna xantusii (Lawrence, 1861)",2476825,23.568836,-109.907145,481.0,NORTH_AMERICA,Baja California Sur,2023,2,25,2023-02-25,True,HUGO REDONA,iNaturalist,http://creativecommons.org/licenses/by-nc/4.0/,HUGO REDONA,https://inaturalist-open-data.s3.amazonaws.com/photos/258628386/original.jpeg; https://inaturalist-open-data.s3.amazonaws.com/photos/258629735/original.jpeg,k-mexico,2024-10-24 22:46:06
original_4054941686_2.jpeg,3084672,Talinum paniculatum,0.38999999999999996,"Basilinna xantusii (Lawrence, 1861)",2476825,23.568836,-109.907145,481.0,NORTH_AMERICA,Baja California Sur,2023,2,25,2023-02-25,True,HUGO REDONA,iNaturalist,http://creativecommons.org/licenses/by-nc/4.0/,HUGO REDONA,https://inaturalist-open-data.s3.amazonaws.com/photos/258628386/original.jpeg; https://inaturalist-open-data.s3.amazonaws.com/photos/258629735/original.jpeg,k-mexico,2024-10-24 22:46:08
original_4055034693_1.jpg,2695006,Tillandsia ionantha,3.608,"Basilinna xantusii (Lawrence, 1861)",2476825,25.919939,-111.350612,22.0,NORTH_AMERICA,Baja California Sur,2023,3,1,2023-03-01T18:33:06,True,peter-f,iNaturalist,http://creativecommons.org/publicdomain/zero/1.0/,peter-f,https://inaturalist-open-data.s3.amazonaws.com/photos/258613214/original.jpg,k-mexico,2024-10-24 22:46:10
original_4067409437_1.jpeg,7403263,Lactuca sativa,0.9979999999999999,"Basilinna xantusii (Lawrence, 1861)",2476825,27.067716,-112.306506,150.0,NORTH_AMERICA,Baja California Sur,2023,3,8,2023-03-08T13:28,True,Enrique Flores García,iNaturalist,http://creativecommons.org/licenses/by-nc/4.0/,Enrique Flores García,https://inaturalist-open-data.s3.amazonaws.com/photos/261735428/original.jpeg; https://inaturalist-open-data.s3.amazonaws.com/photos/261735848/original.jpeg; https://inaturalist-open-data.s3.amazonaws.com/photos/261736290/original.jpeg; https://inaturalist-open-data.s3.amazonaws.com/photos/261736684/original.jpeg; https://inaturalist-open-data.s3.amazonaws.com/photos/261737116/original.jpeg; https://inaturalist-open-data.s3.amazonaws.com/photos/261737366/original.jpeg; https://inaturalist-open-data.s3.amazonaws.com/photos/261737742/original.jpeg,k-mexico,2024-10-24 22:46:12
original_4067409437_2.jpeg,2877984,Quercus affinis,3.5839999999999996,"Basilinna xantusii (Lawrence, 1861)",2476825,27.067716,-112.306506,150.0,NORTH_AMERICA,Baja California Sur,2023,3,8,2023-03-08T13:28,True,Enrique Flores García,iNaturalist,http://creativecommons.org/licenses/by-nc/4.0/,Enrique Flores García,https://inaturalist-open-data.s3.amazonaws.com/photos/261735428/original.jpeg; https://inaturalist-open-data.s3.amazonaws.com/photos/261735848/original.jpeg; https://inaturalist-open-data.s3.amazonaws.com/photos/261736290/original.jpeg; https://inaturalist-open-data.s3.amazonaws.com/photos/261736684/original.jpeg; https://inaturalist-open-data.s3.amazonaws.com/photos/261737116/original.jpeg; https://inaturalist-open-data.s3.amazonaws.com/photos/261737366/original.jpeg; https://inaturalist-open-data.s3.amazonaws.com/photos/261737742/original.jpeg,k-mexico,2024-10-24 22:46:14
original_4067409437_3.jpeg,3059636,Croton incanus,2.6470000000000002,"Basilinna xantusii (Lawrence, 1861)",2476825,27.067716,-112.306506,150.0,NORTH_AMERICA,Baja California Sur,2023,3,8,2023-03-08T13:28,True,Enrique Flores García,iNaturalist,http://creativecommons.org/licenses/by-nc/4.0/,Enrique Flores García,https://inaturalist-open-data.s3.amazonaws.com/photos/261735428/original.jpeg; https://inaturalist-open-data.s3.amazonaws.com/photos/261735848/original.jpeg; https://inaturalist-open-data.s3.amazonaws.com/photos/261736290/original.jpeg; https://inaturalist-open-data.s3.amazonaws.com/photos/261736684/original.jpeg; https://inaturalist-open-data.s3.amazonaws.com/photos/261737116/original.jpeg; https://inaturalist-open-data.s3.amazonaws.com/photos/261737366/original.jpeg; https://inaturalist-open-data.s3.amazonaws.com/photos/261737742/original.jpeg,k-mexico,2024-10-24 22:46:17
original_4067409437_5.jpeg,3084136,Echinocereus poselgeri,3.2329999999999997,"Basilinna xantusii (Lawrence, 1861)",2476825,27.067716,-112.306506,150.0,NORTH_AMERICA,Baja California Sur,2023,3,8,2023-03-08T13:28,True,Enrique Flores García,iNaturalist,http://creativecommons.org/licenses/by-nc/4.0/,Enrique Flores García,https://inaturalist-open-data.s3.amazonaws.com/photos/261735428/original.jpeg; https://inaturalist-open-data.s3.amazonaws.com/photos/261735848/original.jpeg; https://inaturalist-open-data.s3.amazonaws.com/photos/261736290/original.jpeg; https://inaturalist-open-data.s3.amazonaws.com/photos/261736684/original.jpeg; https://inaturalist-open-data.s3.amazonaws.com/photos/261737116/original.jpeg; https://inaturalist-open-data.s3.amazonaws.com/photos/261737366/original.jpeg; https://inaturalist-open-data.s3.amazonaws.com/photos/261737742/original.jpeg,k-mexico,2024-10-24 22:46:19
original_4067409437_6.jpeg,7403263,Lactuca sativa,29.398999999999997,"Basilinna xantusii (Lawrence, 1861)",2476825,27.067716,-112.306506,150.0,NORTH_AMERICA,Baja California Sur,2023,3,8,2023-03-08T13:28,True,Enrique Flores García,iNaturalist,http://creativecommons.org/licenses/by-nc/4.0/,Enrique Flores García,https://inaturalist-open-data.s3.amazonaws.com/photos/261735428/original.jpeg; https://inaturalist-open-data.s3.amazonaws.com/photos/261735848/original.jpeg; https://inaturalist-open-data.s3.amazonaws.com/photos/261736290/original.jpeg; https://inaturalist-open-data.s3.amazonaws.com/photos/261736684/original.jpeg; https://inaturalist-open-data.s3.amazonaws.com/photos/261737116/original.jpeg; https://inaturalist-open-data.s3.amazonaws.com/photos/261737366/original.jpeg; https://inaturalist-open-data.s3.amazonaws.com/photos/261737742/original.jpeg,k-mexico,2024-10-24 22:46:21
original_4067409437_7.jpeg,3039358,Ceanothus palmeri,2.835,"Basilinna xantusii (Lawrence, 1861)",2476825,27.067716,-112.306506,150.0,NORTH_AMERICA,Baja California Sur,2023,3,8,2023-03-08T13:28,True,Enrique Flores García,iNaturalist,http://creativecommons.org/licenses/by-nc/4.0/,Enrique Flores García,https://inaturalist-open-data.s3.amazonaws.com/photos/261735428/original.jpeg; https://inaturalist-open-data.s3.amazonaws.com/photos/261735848/original.jpeg; https://inaturalist-open-data.s3.amazonaws.com/photos/261736290/original.jpeg; https://inaturalist-open-data.s3.amazonaws.com/photos/261736684/original.jpeg; https://inaturalist-open-data.s3.amazonaws.com/photos/261737116/original.jpeg; https://inaturalist-open-data.s3.amazonaws.com/photos/261737366/original.jpeg; https://inaturalist-open-data.s3.amazonaws.com/photos/261737742/original.jpeg,k-mexico,2024-10-24 22:46:23
original_4067411584_1.jpeg,5289756,Phalaris arundinacea,9.669,"Basilinna xantusii (Lawrence, 1861)",2476825,26.957909,-112.651678,21.0,NORTH_AMERICA,Baja California Sur,2023,3,14,2023-03-14T17:33,True,Enrique Flores García,iNaturalist,http://creativecommons.org/licenses/by-nc/4.0/,Enrique Flores García,https://inaturalist-open-data.s3.amazonaws.com/photos/261994176/original.jpeg; https://inaturalist-open-data.s3.amazonaws.com/photos/261994239/original.jpeg; https://inaturalist-open-data.s3.amazonaws.com/photos/261994281/original.jpeg; https://inaturalist-open-data.s3.amazonaws.com/photos/261994303/original.jpeg,k-mexico,2024-10-24 22:46:25
original_4067461570_2.jpeg,5349751,Erythrina americana,3.408,"Basilinna xantusii (Lawrence, 1861)",2476825,26.82493,-112.798817,50.0,NORTH_AMERICA,Baja California Sur,2023,3,16,2023-03-16T07:08,True,Enrique Flores García,iNaturalist,http://creativecommons.org/licenses/by-nc/4.0/,Enrique Flores García,https://inaturalist-open-data.s3.amazonaws.com/photos/261987094/original.jpeg; https://inaturalist-open-data.s3.amazonaws.com/photos/261987319/original.jpeg,k-mexico,2024-10-24 22:46:30
original_4067700485_1.jpeg,2943053,Chloroleucon mangense,7.806,"Basilinna xantusii (Lawrence, 1861)",2476825,27.052906,-112.30453,30.0,NORTH_AMERICA,Baja California Sur,2023,3,8,2023-03-08T11:56,True,Enrique Flores García,iNaturalist,http://creativecommons.org/licenses/by-nc/4.0/,Enrique Flores García,https://inaturalist-open-data.s3.amazonaws.com/photos/261731106/original.jpeg; https://inaturalist-open-data.s3.amazonaws.com/photos/261731324/original.jpeg,k-mexico,2024-10-24 22:46:33
original_4067700485_2.jpeg,2975768,Tamarindus indica,1.8399999999999999,"Basilinna xantusii (Lawrence, 1861)",2476825,27.052906,-112.30453,30.0,NORTH_AMERICA,Baja California Sur,2023,3,8,2023-03-08T11:56,True,Enrique Flores García,iNaturalist,http://creativecommons.org/licenses/by-nc/4.0/,Enrique Flores García,https://inaturalist-open-data.s3.amazonaws.com/photos/261731106/original.jpeg; https://inaturalist-open-data.s3.amazonaws.com/photos/261731324/original.jpeg,k-mexico,2024-10-24 22:46:35
original_4075802287_1.jpeg,2777724,Aloe vera,88.3,"Basilinna xantusii (Lawrence, 1861)",2476825,26.991811,-112.492542,100.0,NORTH_AMERICA,Baja California Sur,2023,3,15,2023-03-15T07:17,True,Enrique Flores García,iNaturalist,http://creativecommons.org/licenses/by-nc/4.0/,Enrique Flores García,https://inaturalist-open-data.s3.amazonaws.com/photos/263843345/original.jpeg; https://inaturalist-open-data.s3.amazonaws.com/photos/263843387/original.jpeg,k-mexico,2024-10-24 22:46:38
original_4075802287_2.jpeg,2777724,Aloe vera,84.28999999999999,"Basilinna xantusii (Lawrence, 1861)",2476825,26.991811,-112.492542,100.0,NORTH_AMERICA,Baja California Sur,2023,3,15,2023-03-15T07:17,True,Enrique Flores García,iNaturalist,http://creativecommons.org/licenses/by-nc/4.0/,Enrique Flores García,https://inaturalist-open-data.s3.amazonaws.com/photos/263843345/original.jpeg; https://inaturalist-open-data.s3.amazonaws.com/photos/263843387/original.jpeg,k-mexico,2024-10-24 22:46:40
original_4080524155_1.jpeg,7327057,Combretum farinosum,35.686,"Basilinna xantusii (Lawrence, 1861)",2476825,22.919751,-109.971154,488.0,NORTH_AMERICA,Baja California Sur,2014,3,22,2014-03-22T10:18,True,bethpolvino,iNaturalist,http://creativecommons.org/licenses/by-nc/4.0/,bethpolvino,https://inaturalist-open-data.s3.amazonaws.com/photos/265975227/original.jpeg,k-mexico,2024-10-24 22:46:42
original_4080542586_1.jpg,3874338,Fouquieria diguetii,6.013,"Basilinna xantusii (Lawrence, 1861)",2476825,26.010575,-111.341758,21.0,NORTH_AMERICA,Baja California Sur,2023,3,27,2023-03-27T17:21:41,True,clancywolf,iNaturalist,http://creativecommons.org/licenses/by-nc/4.0/,clancywolf,https://inaturalist-open-data.s3.amazonaws.com/photos/263406150/original.jpg,k-mexico,2024-10-24 22:46:45
original_4080563115_1.jpeg,2695588,Tillandsia recurvata,2.217,"Basilinna xantusii (Lawrence, 1861)",2476825,22.921332,-109.968407,488.0,NORTH_AMERICA,Baja California Sur,2014,3,24,2014-03-24T18:50,True,bethpolvino,iNaturalist,http://creativecommons.org/licenses/by-nc/4.0/,bethpolvino,https://inaturalist-open-data.s3.amazonaws.com/photos/265975257/original.jpeg,k-mexico,2024-10-24 22:46:47
original_4080603148_1.jpeg,2887069,Sideroxylon lanuginosum,7.8149999999999995,"Basilinna xantusii (Lawrence, 1861)",2476825,22.919944,-109.972527,4031.0,NORTH_AMERICA,Baja California Sur,2014,3,18,2014-03-18T18:10,True,bethpolvino,iNaturalist,http://creativecommons.org/licenses/by-nc/4.0/,bethpolvino,https://inaturalist-open-data.s3.amazonaws.com/photos/265975210/original.jpeg,k-mexico,2024-10-24 22:46:50
original_4080615083_1.jpeg,7282285,Pachycereus pringlei,2.0629999999999997,"Basilinna xantusii (Lawrence, 1861)",2476825,22.923546,-109.968407,488.0,NORTH_AMERICA,Baja California Sur,2014,3,23,2014-03-23T12:21,True,bethpolvino,iNaturalist,http://creativecommons.org/licenses/by-nc/4.0/,bethpolvino,https://inaturalist-open-data.s3.amazonaws.com/photos/265975244/original.jpeg,k-mexico,2024-10-24 22:46:52
original_4091620450_1.jpg,8403992,Capsicum frutescens,37.612,"Basilinna xantusii (Lawrence, 1861)",2476825,23.028347,-109.717063,3.0,NORTH_AMERICA,Baja California Sur,2023,4,12,2023-04-12T10:14:09,True,debbiespinelli,iNaturalist,http://creativecommons.org/licenses/by-nc/4.0/,debbiespinelli,https://inaturalist-open-data.s3.amazonaws.com/photos/268272136/original.jpg; https://inaturalist-open-data.s3.amazonaws.com/photos/268272191/original.jpg,k-mexico,2024-10-24 22:46:56
original_4091789665_1.jpeg,3170223,Funastrum clausum,1.6070000000000002,"Basilinna xantusii (Lawrence, 1861)",2476825,25.304356,-110.949125,173.0,NORTH_AMERICA,Baja California Sur,2023,4,15,2023-04-15T20:40,True,steve b,iNaturalist,http://creativecommons.org/publicdomain/zero/1.0/,steve b,https://inaturalist-open-data.s3.amazonaws.com/photos/268679373/original.jpeg; https://inaturalist-open-data.s3.amazonaws.com/photos/268679382/original.jpeg,k-mexico,2024-10-24 22:47:04
original_4091789665_2.jpeg,5372430,Condalia warnockii,7.2940000000000005,"Basilinna xantusii (Lawrence, 1861)",2476825,25.304356,-110.949125,173.0,NORTH_AMERICA,Baja California Sur,2023,4,15,2023-04-15T20:40,True,steve b,iNaturalist,http://creativecommons.org/publicdomain/zero/1.0/,steve b,https://inaturalist-open-data.s3.amazonaws.com/photos/268679373/original.jpeg; https://inaturalist-open-data.s3.amazonaws.com/photos/268679382/original.jpeg,k-mexico,2024-10-24 22:47:06
original_4091909712_1.jpeg,2974564,Olneya tesota,25.820999999999998,"Basilinna xantusii (Lawrence, 1861)",2476825,25.01939,-110.679874,,NORTH_AMERICA,Baja California Sur,2023,4,7,2023-04-07T19:13,True,steve b,iNaturalist,http://creativecommons.org/publicdomain/zero/1.0/,steve b,https://inaturalist-open-data.s3.amazonaws.com/photos/268673356/original.jpeg,k-mexico,2024-10-24 22:47:08
original_4111628999_1.jpeg,2962831,Pithecellobium dulce,1.512,"Basilinna xantusii (Lawrence, 1861)",2476825,24.00234,-110.160356,4.0,NORTH_AMERICA,Baja California Sur,2023,4,29,2023-04-29T11:47,True,Enrique Flores García,iNaturalist,http://creativecommons.org/licenses/by-nc/4.0/,Enrique Flores García,https://inaturalist-open-data.s3.amazonaws.com/photos/274961604/original.jpeg; https://inaturalist-open-data.s3.amazonaws.com/photos/274962549/original.jpeg; https://inaturalist-open-data.s3.amazonaws.com/photos/274963361/original.jpeg,k-mexico,2024-10-24 22:47:10
original_4111628999_3.jpeg,2962831,Pithecellobium dulce,4.629,"Basilinna xantusii (Lawrence, 1861)",2476825,24.00234,-110.160356,4.0,NORTH_AMERICA,Baja California Sur,2023,4,29,2023-04-29T11:47,True,Enrique Flores García,iNaturalist,http://creativecommons.org/licenses/by-nc/4.0/,Enrique Flores García,https://inaturalist-open-data.s3.amazonaws.com/photos/274961604/original.jpeg; https://inaturalist-open-data.s3.amazonaws.com/photos/274962549/original.jpeg; https://inaturalist-open-data.s3.amazonaws.com/photos/274963361/original.jpeg,k-mexico,2024-10-24 22:47:14
original_4111646767_1.jpg,5361923,Ficus aurea,27.771,"Basilinna xantusii (Lawrence, 1861)",2476825,25.93512,-111.408905,35.0,NORTH_AMERICA,Baja California Sur,2023,5,1,2023-05-01T10:22:50,True,Sula Vanderplank,iNaturalist,http://creativecommons.org/licenses/by/4.0/,Sula Vanderplank,https://inaturalist-open-data.s3.amazonaws.com/photos/274871125/original.jpg; https://inaturalist-open-data.s3.amazonaws.com/photos/274871148/original.jpg; https://inaturalist-open-data.s3.amazonaws.com/photos/274871180/original.jpg,k-mexico,2024-10-24 22:47:17
original_4111657702_1.jpeg,8619679,Parkinsonia praecox,1.958,"Basilinna xantusii (Lawrence, 1861)",2476825,25.734444,-111.27,839.0,NORTH_AMERICA,Baja California Sur,2023,5,1,2023-05-01T10:16:33,True,lupita14orca,iNaturalist,http://creativecommons.org/licenses/by-nc/4.0/,lupita14orca,https://inaturalist-open-data.s3.amazonaws.com/photos/274296786/original.jpeg; https://inaturalist-open-data.s3.amazonaws.com/photos/274297268/original.jpeg; https://inaturalist-open-data.s3.amazonaws.com/photos/274297695/original.jpeg; https://inaturalist-open-data.s3.amazonaws.com/photos/274298233/original.jpeg; https://inaturalist-open-data.s3.amazonaws.com/photos/274298676/original.jpeg; https://inaturalist-open-data.s3.amazonaws.com/photos/274299046/original.jpeg,k-mexico,2024-10-24 22:47:20
original_4111657702_2.jpeg,2969973,Mimosa aculeaticarpa,1.354,"Basilinna xantusii (Lawrence, 1861)",2476825,25.734444,-111.27,839.0,NORTH_AMERICA,Baja California Sur,2023,5,1,2023-05-01T10:16:33,True,lupita14orca,iNaturalist,http://creativecommons.org/licenses/by-nc/4.0/,lupita14orca,https://inaturalist-open-data.s3.amazonaws.com/photos/274296786/original.jpeg; https://inaturalist-open-data.s3.amazonaws.com/photos/274297268/original.jpeg; https://inaturalist-open-data.s3.amazonaws.com/photos/274297695/original.jpeg; https://inaturalist-open-data.s3.amazonaws.com/photos/274298233/original.jpeg; https://inaturalist-open-data.s3.amazonaws.com/photos/274298676/original.jpeg; https://inaturalist-open-data.s3.amazonaws.com/photos/274299046/original.jpeg,k-mexico,2024-10-24 22:47:22
original_4111657702_4.jpeg,3974744,Vachellia nilotica,1.367,"Basilinna xantusii (Lawrence, 1861)",2476825,25.734444,-111.27,839.0,NORTH_AMERICA,Baja California Sur,2023,5,1,2023-05-01T10:16:33,True,lupita14orca,iNaturalist,http://creativecommons.org/licenses/by-nc/4.0/,lupita14orca,https://inaturalist-open-data.s3.amazonaws.com/photos/274296786/original.jpeg; https://inaturalist-open-data.s3.amazonaws.com/photos/274297268/original.jpeg; https://inaturalist-open-data.s3.amazonaws.com/photos/274297695/original.jpeg; https://inaturalist-open-data.s3.amazonaws.com/photos/274298233/original.jpeg; https://inaturalist-open-data.s3.amazonaws.com/photos/274298676/original.jpeg; https://inaturalist-open-data.s3.amazonaws.com/photos/274299046/original.jpeg,k-mexico,2024-10-24 22:47:24
original_4111657702_6.jpeg,8619679,Parkinsonia praecox,8.311,"Basilinna xantusii (Lawrence, 1861)",2476825,25.734444,-111.27,839.0,NORTH_AMERICA,Baja California Sur,2023,5,1,2023-05-01T10:16:33,True,lupita14orca,iNaturalist,http://creativecommons.org/licenses/by-nc/4.0/,lupita14orca,https://inaturalist-open-data.s3.amazonaws.com/photos/274296786/original.jpeg; https://inaturalist-open-data.s3.amazonaws.com/photos/274297268/original.jpeg; https://inaturalist-open-data.s3.amazonaws.com/photos/274297695/original.jpeg; https://inaturalist-open-data.s3.amazonaws.com/photos/274298233/original.jpeg; https://inaturalist-open-data.s3.amazonaws.com/photos/274298676/original.jpeg; https://inaturalist-open-data.s3.amazonaws.com/photos/274299046/original.jpeg,k-mexico,2024-10-24 22:47:26
original_4111812151_1.jpeg,3974744,Vachellia nilotica,13.813,"Basilinna xantusii (Lawrence, 1861)",2476825,25.866711,-111.545532,50.0,NORTH_AMERICA,Baja California Sur,2023,4,24,2023-04-24T09:46,True,Enrique Flores García,iNaturalist,http://creativecommons.org/licenses/by-nc/4.0/,Enrique Flores García,https://inaturalist-open-data.s3.amazonaws.com/photos/275542526/original.jpeg; https://inaturalist-open-data.s3.amazonaws.com/photos/275542824/original.jpeg; https://inaturalist-open-data.s3.amazonaws.com/photos/275542837/original.jpeg; https://inaturalist-open-data.s3.amazonaws.com/photos/275542861/original.jpeg,k-mexico,2024-10-24 22:47:30
original_4111812151_2.jpeg,7932857,Machaerium isadelphum,1.857,"Basilinna xantusii (Lawrence, 1861)",2476825,25.866711,-111.545532,50.0,NORTH_AMERICA,Baja California Sur,2023,4,24,2023-04-24T09:46,True,Enrique Flores García,iNaturalist,http://creativecommons.org/licenses/by-nc/4.0/,Enrique Flores García,https://inaturalist-open-data.s3.amazonaws.com/photos/275542526/original.jpeg; https://inaturalist-open-data.s3.amazonaws.com/photos/275542824/original.jpeg; https://inaturalist-open-data.s3.amazonaws.com/photos/275542837/original.jpeg; https://inaturalist-open-data.s3.amazonaws.com/photos/275542861/original.jpeg,k-mexico,2024-10-24 22:47:32
original_4111812151_4.jpeg,2979265,Vachellia farnesiana,1.7160000000000002,"Basilinna xantusii (Lawrence, 1861)",2476825,25.866711,-111.545532,50.0,NORTH_AMERICA,Baja California Sur,2023,4,24,2023-04-24T09:46,True,Enrique Flores García,iNaturalist,http://creativecommons.org/licenses/by-nc/4.0/,Enrique Flores García,https://inaturalist-open-data.s3.amazonaws.com/photos/275542526/original.jpeg; https://inaturalist-open-data.s3.amazonaws.com/photos/275542824/original.jpeg; https://inaturalist-open-data.s3.amazonaws.com/photos/275542837/original.jpeg; https://inaturalist-open-data.s3.amazonaws.com/photos/275542861/original.jpeg,k-mexico,2024-10-24 22:47:34
original_4116041980_1.jpeg,7279239,Hibiscus diversifolius,1.396,"Basilinna xantusii (Lawrence, 1861)",2476825,25.788905,-111.316077,244.0,NORTH_AMERICA,Baja California Sur,2023,5,15,2023-05-15T11:15,True,Ginni Callahan,iNaturalist,http://creativecommons.org/licenses/by-nc/4.0/,Ginni Callahan,https://inaturalist-open-data.s3.amazonaws.com/photos/279920742/original.jpeg,k-mexico,2024-10-24 22:47:36
original_4126718699_1.jpeg,2926379,Ehretia anacua,3.84,"Basilinna xantusii (Lawrence, 1861)",2476825,23.368266,-109.776415,757.0,NORTH_AMERICA,Baja California Sur,2023,4,3,2023-04-03T11:35,True,hdcooper,iNaturalist,http://creativecommons.org/licenses/by-nc/4.0/,hdcooper,https://inaturalist-open-data.s3.amazonaws.com/photos/282757675/original.jpeg,k-mexico,2024-10-24 22:47:39
original_4127283827_1.jpeg,5406696,Ceiba aesculifolia,2.9139999999999997,"Basilinna xantusii (Lawrence, 1861)",2476825,23.550376,-109.824325,4.0,NORTH_AMERICA,Baja California Sur,2023,5,27,2023-05-27T09:59,True,Joaquin Alberto Corrales Osuna,iNaturalist,http://creativecommons.org/licenses/by-nc/4.0/,Joaquin Alberto Corrales Osuna,https://inaturalist-open-data.s3.amazonaws.com/photos/284362099/original.jpeg,k-mexico,2024-10-24 22:47:41
original_4129706917_1.jpeg,2964734,Eysenhardtia texana,2.122,"Basilinna xantusii (Lawrence, 1861)",2476825,23.499544,-109.790581,210.0,NORTH_AMERICA,Baja California Sur,2023,5,28,2023-05-28T06:35,True,stefanyvillagomez,iNaturalist,http://creativecommons.org/licenses/by-nc/4.0/,stefanyvillagomez,https://inaturalist-open-data.s3.amazonaws.com/photos/285628641/original.jpeg,k-mexico,2024-10-24 22:47:44
original_4145377774_1.jpeg,2959492,Gleditsia aquatica,2.085,"Basilinna xantusii (Lawrence, 1861)",2476825,24.142631,-110.312753,7781.0,NORTH_AMERICA,Baja California Sur,2023,7,1,2023-07-01T07:17:35,True,HUGO REDONA,iNaturalist,http://creativecommons.org/licenses/by-nc/4.0/,HUGO REDONA,https://inaturalist-open-data.s3.amazonaws.com/photos/295853491/original.jpeg,k-mexico,2024-10-24 22:47:47
original_4153740354_1.jpg,3172386,Forestiera angustifolia,0.98,"Basilinna xantusii (Lawrence, 1861)",2476825,23.685985,-109.699811,500.0,NORTH_AMERICA,Baja California Sur,2006,6,27,2006-06-27T09:05,True,Cole Wolf,iNaturalist,http://creativecommons.org/licenses/by/4.0/,Cole Wolf,https://inaturalist-open-data.s3.amazonaws.com/photos/298985848/original.jpg; https://inaturalist-open-data.s3.amazonaws.com/photos/298985877/original.jpg; https://inaturalist-open-data.s3.amazonaws.com/photos/298985914/original.jpg,k-mexico,2024-10-24 22:47:49
original_4153740354_2.jpg,2926379,Ehretia anacua,1.641,"Basilinna xantusii (Lawrence, 1861)",2476825,23.685985,-109.699811,500.0,NORTH_AMERICA,Baja California Sur,2006,6,27,2006-06-27T09:05,True,Cole Wolf,iNaturalist,http://creativecommons.org/licenses/by/4.0/,Cole Wolf,https://inaturalist-open-data.s3.amazonaws.com/photos/298985848/original.jpg; https://inaturalist-open-data.s3.amazonaws.com/photos/298985877/original.jpg; https://inaturalist-open-data.s3.amazonaws.com/photos/298985914/original.jpg,k-mexico,2024-10-24 22:47:51
original_4153740354_3.jpg,2984494,Celtis pallida,7.363,"Basilinna xantusii (Lawrence, 1861)",2476825,23.685985,-109.699811,500.0,NORTH_AMERICA,Baja California Sur,2006,6,27,2006-06-27T09:05,True,Cole Wolf,iNaturalist,http://creativecommons.org/licenses/by/4.0/,Cole Wolf,https://inaturalist-open-data.s3.amazonaws.com/photos/298985848/original.jpg; https://inaturalist-open-data.s3.amazonaws.com/photos/298985877/original.jpg; https://inaturalist-open-data.s3.amazonaws.com/photos/298985914/original.jpg,k-mexico,2024-10-24 22:47:53
original_4162221034_1.jpeg,5580093,Crossopetalum uragoga,6.22,"Basilinna xantusii (Lawrence, 1861)",2476825,24.008345,-110.104311,334.0,NORTH_AMERICA,Baja California Sur,2023,7,2,2023-07-02,True,Gerardo Marrón,iNaturalist,http://creativecommons.org/licenses/by-nc/4.0/,Gerardo Marrón,https://inaturalist-open-data.s3.amazonaws.com/photos/300208100/original.jpeg,k-mexico,2024-10-24 22:47:55
original_4162371792_1.jpeg,2874119,Xylosma flexuosa,4.887,"Basilinna xantusii (Lawrence, 1861)",2476825,24.00208,-110.092537,439.0,NORTH_AMERICA,Baja California Sur,2023,7,2,2023-07-02,True,Gerardo Marrón,iNaturalist,http://creativecommons.org/licenses/by-nc/4.0/,Gerardo Marrón,https://inaturalist-open-data.s3.amazonaws.com/photos/300209585/original.jpeg,k-mexico,2024-10-24 22:47:58
original_4162467867_1.jpg,2943053,Chloroleucon mangense,48.848,"Basilinna xantusii (Lawrence, 1861)",2476825,24.063658,-110.175095,4.0,NORTH_AMERICA,Baja California Sur,2023,7,16,2023-07-16T12:13:31,True,Paulina,iNaturalist,http://creativecommons.org/licenses/by-nc/4.0/,Paulina,https://inaturalist-open-data.s3.amazonaws.com/photos/300949059/original.jpg; https://inaturalist-open-data.s3.amazonaws.com/photos/300949114/original.jpg,k-mexico,2024-10-24 22:48:01
original_4162467867_2.jpg,2943053,Chloroleucon mangense,59.826,"Basilinna xantusii (Lawrence, 1861)",2476825,24.063658,-110.175095,4.0,NORTH_AMERICA,Baja California Sur,2023,7,16,2023-07-16T12:13:31,True,Paulina,iNaturalist,http://creativecommons.org/licenses/by-nc/4.0/,Paulina,https://inaturalist-open-data.s3.amazonaws.com/photos/300949059/original.jpg; https://inaturalist-open-data.s3.amazonaws.com/photos/300949114/original.jpg,k-mexico,2024-10-24 22:48:03
original_4176989741_1.jpeg,2928783,Nicotiana glauca,28.285,"Basilinna xantusii (Lawrence, 1861)",2476825,23.437225,-109.427547,15.0,NORTH_AMERICA,Baja California Sur,2023,8,3,2023-08-03T20:13,True,Susana Velasco,iNaturalist,http://creativecommons.org/licenses/by-nc/4.0/,Susana Velasco,https://inaturalist-open-data.s3.amazonaws.com/photos/308901582/original.jpeg; https://inaturalist-open-data.s3.amazonaws.com/photos/308902677/original.jpeg,k-mexico,2024-10-24 22:48:06
original_4176989741_2.jpeg,7327057,Combretum farinosum,9.216000000000001,"Basilinna xantusii (Lawrence, 1861)",2476825,23.437225,-109.427547,15.0,NORTH_AMERICA,Baja California Sur,2023,8,3,2023-08-03T20:13,True,Susana Velasco,iNaturalist,http://creativecommons.org/licenses/by-nc/4.0/,Susana Velasco,https://inaturalist-open-data.s3.amazonaws.com/photos/308901582/original.jpeg; https://inaturalist-open-data.s3.amazonaws.com/photos/308902677/original.jpeg,k-mexico,2024-10-24 22:48:08
original_4177330494_1.jpeg,2943053,Chloroleucon mangense,20.641000000000002,"Basilinna xantusii (Lawrence, 1861)",2476825,26.755243,-112.121836,61.0,NORTH_AMERICA,Baja California Sur,2023,7,29,2023-07-29T14:27,True,Susana Velasco,iNaturalist,http://creativecommons.org/licenses/by-nc/4.0/,Susana Velasco,https://inaturalist-open-data.s3.amazonaws.com/photos/308908757/original.jpeg; https://inaturalist-open-data.s3.amazonaws.com/photos/308909828/original.jpeg,k-mexico,2024-10-24 22:48:10
original_4177330494_2.jpeg,2959492,Gleditsia aquatica,11.993,"Basilinna xantusii (Lawrence, 1861)",2476825,26.755243,-112.121836,61.0,NORTH_AMERICA,Baja California Sur,2023,7,29,2023-07-29T14:27,True,Susana Velasco,iNaturalist,http://creativecommons.org/licenses/by-nc/4.0/,Susana Velasco,https://inaturalist-open-data.s3.amazonaws.com/photos/308908757/original.jpeg; https://inaturalist-open-data.s3.amazonaws.com/photos/308909828/original.jpeg,k-mexico,2024-10-24 22:48:12
original_4177368688_1.jpeg,5406696,Ceiba aesculifolia,20.308999999999997,"Basilinna xantusii (Lawrence, 1861)",2476825,23.860063,-110.173412,52.0,NORTH_AMERICA,Baja California Sur,2023,8,13,2023-08-13T07:37,True,Eduardo Fernández Reza,iNaturalist,http://creativecommons.org/licenses/by-nc/4.0/,Eduardo Fernández Reza,https://inaturalist-open-data.s3.amazonaws.com/photos/310251057/original.jpeg,k-mexico,2024-10-24 22:48:15
original_4400233824_1.jpeg,3084384,Stenocereus thurberi,25.113000000000003,"Basilinna xantusii (Lawrence, 1861)",2476825,24.004569,-110.105631,8.0,NORTH_AMERICA,Baja California Sur,2023,8,11,2023-08-11T08:46,True,Enrique Flores García,iNaturalist,http://creativecommons.org/licenses/by-nc/4.0/,Enrique Flores García,https://inaturalist-open-data.s3.amazonaws.com/photos/311055386/original.jpeg; https://inaturalist-open-data.s3.amazonaws.com/photos/311055479/original.jpeg,k-mexico,2024-10-24 22:48:18
original_4400233824_2.jpeg,3084384,Stenocereus thurberi,12.105,"Basilinna xantusii (Lawrence, 1861)",2476825,24.004569,-110.105631,8.0,NORTH_AMERICA,Baja California Sur,2023,8,11,2023-08-11T08:46,True,Enrique Flores García,iNaturalist,http://creativecommons.org/licenses/by-nc/4.0/,Enrique Flores García,https://inaturalist-open-data.s3.amazonaws.com/photos/311055386/original.jpeg; https://inaturalist-open-data.s3.amazonaws.com/photos/311055479/original.jpeg,k-mexico,2024-10-24 22:48:20
original_4400254086_1.jpeg,8077391,Citrus × aurantium,7.627000000000001,"Basilinna xantusii (Lawrence, 1861)",2476825,25.860758,-111.543723,,NORTH_AMERICA,Baja California Sur,2023,2,24,2023-02-24T12:03,True,María Rodríguez-Salinas,iNaturalist,http://creativecommons.org/licenses/by-nc-sa/4.0/,María Rodríguez-Salinas,https://inaturalist-open-data.s3.amazonaws.com/photos/312813678/original.jpeg,k-mexico,2024-10-24 22:48:23
original_4413381160_1.jpeg,4092242,Handroanthus impetiginosus,4.088,"Basilinna xantusii (Lawrence, 1861)",2476825,23.693732,-109.913677,30.0,NORTH_AMERICA,Baja California Sur,2023,9,3,2023-09-03T14:10,True,Enrique Flores García,iNaturalist,http://creativecommons.org/licenses/by-nc/4.0/,Enrique Flores García,https://inaturalist-open-data.s3.amazonaws.com/photos/319635976/original.jpeg; https://inaturalist-open-data.s3.amazonaws.com/photos/319636008/original.jpeg; https://inaturalist-open-data.s3.amazonaws.com/photos/319636062/original.jpeg,k-mexico,2024-10-24 22:48:27
original_4413381160_2.jpeg,4092242,Handroanthus impetiginosus,3.0300000000000002,"Basilinna xantusii (Lawrence, 1861)",2476825,23.693732,-109.913677,30.0,NORTH_AMERICA,Baja California Sur,2023,9,3,2023-09-03T14:10,True,Enrique Flores García,iNaturalist,http://creativecommons.org/licenses/by-nc/4.0/,Enrique Flores García,https://inaturalist-open-data.s3.amazonaws.com/photos/319635976/original.jpeg; https://inaturalist-open-data.s3.amazonaws.com/photos/319636008/original.jpeg; https://inaturalist-open-data.s3.amazonaws.com/photos/319636062/original.jpeg,k-mexico,2024-10-24 22:48:29
original_4413381160_3.jpeg,5406696,Ceiba aesculifolia,5.1499999999999995,"Basilinna xantusii (Lawrence, 1861)",2476825,23.693732,-109.913677,30.0,NORTH_AMERICA,Baja California Sur,2023,9,3,2023-09-03T14:10,True,Enrique Flores García,iNaturalist,http://creativecommons.org/licenses/by-nc/4.0/,Enrique Flores García,https://inaturalist-open-data.s3.amazonaws.com/photos/319635976/original.jpeg; https://inaturalist-open-data.s3.amazonaws.com/photos/319636008/original.jpeg; https://inaturalist-open-data.s3.amazonaws.com/photos/319636062/original.jpeg,k-mexico,2024-10-24 22:48:32
original_4413636955_1.jpg,2865501,Vallisneria americana,2.955,"Basilinna xantusii (Lawrence, 1861)",2476825,23.697017,-109.9254,50.0,NORTH_AMERICA,Baja California Sur,2023,9,3,2023-09-03T17:37:21,True,Sula Vanderplank,iNaturalist,http://creativecommons.org/licenses/by/4.0/,Sula Vanderplank,https://inaturalist-open-data.s3.amazonaws.com/photos/317392897/original.jpg; https://inaturalist-open-data.s3.amazonaws.com/photos/317392913/original.jpg; https://inaturalist-open-data.s3.amazonaws.com/photos/317392941/original.jpg; https://inaturalist-open-data.s3.amazonaws.com/photos/317392968/original.jpg,k-mexico,2024-10-24 22:48:34
original_4413636955_2.jpg,2713559,Cyperus laevigatus,2.93,"Basilinna xantusii (Lawrence, 1861)",2476825,23.697017,-109.9254,50.0,NORTH_AMERICA,Baja California Sur,2023,9,3,2023-09-03T17:37:21,True,Sula Vanderplank,iNaturalist,http://creativecommons.org/licenses/by/4.0/,Sula Vanderplank,https://inaturalist-open-data.s3.amazonaws.com/photos/317392897/original.jpg; https://inaturalist-open-data.s3.amazonaws.com/photos/317392913/original.jpg; https://inaturalist-open-data.s3.amazonaws.com/photos/317392941/original.jpg; https://inaturalist-open-data.s3.amazonaws.com/photos/317392968/original.jpg,k-mexico,2024-10-24 22:48:37
original_4413636955_4.jpg,7871428,Stuckenia pectinata,5.446,"Basilinna xantusii (Lawrence, 1861)",2476825,23.697017,-109.9254,50.0,NORTH_AMERICA,Baja California Sur,2023,9,3,2023-09-03T17:37:21,True,Sula Vanderplank,iNaturalist,http://creativecommons.org/licenses/by/4.0/,Sula Vanderplank,https://inaturalist-open-data.s3.amazonaws.com/photos/317392897/original.jpg; https://inaturalist-open-data.s3.amazonaws.com/photos/317392913/original.jpg; https://inaturalist-open-data.s3.amazonaws.com/photos/317392941/original.jpg; https://inaturalist-open-data.s3.amazonaws.com/photos/317392968/original.jpg,k-mexico,2024-10-24 22:48:42
original_4414059716_1.jpeg,8100050,Paspalum vaginatum,1.3599999999999999,"Basilinna xantusii (Lawrence, 1861)",2476825,23.697286,-109.925397,4.0,NORTH_AMERICA,Baja California Sur,2023,9,3,2023-09-03T16:47,True,Enrique Flores García,iNaturalist,http://creativecommons.org/licenses/by-nc/4.0/,Enrique Flores García,https://inaturalist-open-data.s3.amazonaws.com/photos/319644232/original.jpeg; https://inaturalist-open-data.s3.amazonaws.com/photos/319644254/original.jpeg; https://inaturalist-open-data.s3.amazonaws.com/photos/319644262/original.jpeg; https://inaturalist-open-data.s3.amazonaws.com/photos/319644359/original.jpeg; https://inaturalist-open-data.s3.amazonaws.com/photos/319644605/original.jpeg; https://inaturalist-open-data.s3.amazonaws.com/photos/319644609/original.jpeg; https://inaturalist-open-data.s3.amazonaws.com/photos/319644648/original.jpeg,k-mexico,2024-10-24 22:48:47
original_4414059716_3.jpeg,7284612,Ferocactus alamosanus,6.026,"Basilinna xantusii (Lawrence, 1861)",2476825,23.697286,-109.925397,4.0,NORTH_AMERICA,Baja California Sur,2023,9,3,2023-09-03T16:47,True,Enrique Flores García,iNaturalist,http://creativecommons.org/licenses/by-nc/4.0/,Enrique Flores García,https://inaturalist-open-data.s3.amazonaws.com/photos/319644232/original.jpeg; https://inaturalist-open-data.s3.amazonaws.com/photos/319644254/original.jpeg; https://inaturalist-open-data.s3.amazonaws.com/photos/319644262/original.jpeg; https://inaturalist-open-data.s3.amazonaws.com/photos/319644359/original.jpeg; https://inaturalist-open-data.s3.amazonaws.com/photos/319644605/original.jpeg; https://inaturalist-open-data.s3.amazonaws.com/photos/319644609/original.jpeg; https://inaturalist-open-data.s3.amazonaws.com/photos/319644648/original.jpeg,k-mexico,2024-10-24 22:48:50
original_4414059716_4.jpeg,5421002,Ludwigia decurrens,7.3950000000000005,"Basilinna xantusii (Lawrence, 1861)",2476825,23.697286,-109.925397,4.0,NORTH_AMERICA,Baja California Sur,2023,9,3,2023-09-03T16:47,True,Enrique Flores García,iNaturalist,http://creativecommons.org/licenses/by-nc/4.0/,Enrique Flores García,https://inaturalist-open-data.s3.amazonaws.com/photos/319644232/original.jpeg; https://inaturalist-open-data.s3.amazonaws.com/photos/319644254/original.jpeg; https://inaturalist-open-data.s3.amazonaws.com/photos/319644262/original.jpeg; https://inaturalist-open-data.s3.amazonaws.com/photos/319644359/original.jpeg; https://inaturalist-open-data.s3.amazonaws.com/photos/319644605/original.jpeg; https://inaturalist-open-data.s3.amazonaws.com/photos/319644609/original.jpeg; https://inaturalist-open-data.s3.amazonaws.com/photos/319644648/original.jpeg,k-mexico,2024-10-24 22:48:52
original_4414059716_5.jpeg,3171917,Gratiola virginiana,0.853,"Basilinna xantusii (Lawrence, 1861)",2476825,23.697286,-109.925397,4.0,NORTH_AMERICA,Baja California Sur,2023,9,3,2023-09-03T16:47,True,Enrique Flores García,iNaturalist,http://creativecommons.org/licenses/by-nc/4.0/,Enrique Flores García,https://inaturalist-open-data.s3.amazonaws.com/photos/319644232/original.jpeg; https://inaturalist-open-data.s3.amazonaws.com/photos/319644254/original.jpeg; https://inaturalist-open-data.s3.amazonaws.com/photos/319644262/original.jpeg; https://inaturalist-open-data.s3.amazonaws.com/photos/319644359/original.jpeg; https://inaturalist-open-data.s3.amazonaws.com/photos/319644605/original.jpeg; https://inaturalist-open-data.s3.amazonaws.com/photos/319644609/original.jpeg; https://inaturalist-open-data.s3.amazonaws.com/photos/319644648/original.jpeg,k-mexico,2024-10-24 22:48:54
original_4414059716_6.jpeg,3063705,Hippomane mancinella,1.77,"Basilinna xantusii (Lawrence, 1861)",2476825,23.697286,-109.925397,4.0,NORTH_AMERICA,Baja California Sur,2023,9,3,2023-09-03T16:47,True,Enrique Flores García,iNaturalist,http://creativecommons.org/licenses/by-nc/4.0/,Enrique Flores García,https://inaturalist-open-data.s3.amazonaws.com/photos/319644232/original.jpeg; https://inaturalist-open-data.s3.amazonaws.com/photos/319644254/original.jpeg; https://inaturalist-open-data.s3.amazonaws.com/photos/319644262/original.jpeg; https://inaturalist-open-data.s3.amazonaws.com/photos/319644359/original.jpeg; https://inaturalist-open-data.s3.amazonaws.com/photos/319644605/original.jpeg; https://inaturalist-open-data.s3.amazonaws.com/photos/319644609/original.jpeg; https://inaturalist-open-data.s3.amazonaws.com/photos/319644648/original.jpeg,k-mexico,2024-10-24 22:48:56
original_4414309899_1.jpeg,3795445,Vachellia macracantha,18.503,"Basilinna xantusii (Lawrence, 1861)",2476825,26.027709,-111.666073,315465.0,NORTH_AMERICA,Baja California Sur,2023,5,10,2023-05-10T10:07,True,Patricia carrion,iNaturalist,http://creativecommons.org/licenses/by-nc/4.0/,Patricia carrion,https://inaturalist-open-data.s3.amazonaws.com/photos/319675220/original.jpeg,k-mexico,2024-10-24 22:49:01
original_4416883955_3.jpeg,7296095,Tristicha trifaria,29.087000000000003,"Basilinna xantusii (Lawrence, 1861)",2476825,23.76234,-110.076173,104.0,NORTH_AMERICA,Baja California Sur,2023,9,13,2023-09-13T17:11,True,Enrique Flores García,iNaturalist,http://creativecommons.org/licenses/by-nc/4.0/,Enrique Flores García,https://inaturalist-open-data.s3.amazonaws.com/photos/322340119/original.jpeg; https://inaturalist-open-data.s3.amazonaws.com/photos/322340143/original.jpeg; https://inaturalist-open-data.s3.amazonaws.com/photos/322340353/original.jpeg,k-mexico,2024-10-24 22:49:06
original_4417101600_3.jpeg,3795445,Vachellia macracantha,13.541,"Basilinna xantusii (Lawrence, 1861)",2476825,23.692174,-109.912892,144.0,NORTH_AMERICA,Baja California Sur,2023,9,4,2023-09-04T06:39,True,Enrique Flores García,iNaturalist,http://creativecommons.org/licenses/by-nc/4.0/,Enrique Flores García,https://inaturalist-open-data.s3.amazonaws.com/photos/322278494/original.jpeg; https://inaturalist-open-data.s3.amazonaws.com/photos/322278542/original.jpeg; https://inaturalist-open-data.s3.amazonaws.com/photos/322279107/original.jpeg,k-mexico,2024-10-24 22:49:09
original_4417114908_1.jpeg,8185162,Symphonia globulifera,1.614,"Basilinna xantusii (Lawrence, 1861)",2476825,23.692174,-109.912892,144.0,NORTH_AMERICA,Baja California Sur,2023,9,4,2023-09-04T07:00,True,Enrique Flores García,iNaturalist,http://creativecommons.org/licenses/by-nc/4.0/,Enrique Flores García,https://inaturalist-open-data.s3.amazonaws.com/photos/322283066/original.jpeg; https://inaturalist-open-data.s3.amazonaws.com/photos/322283432/original.jpeg,k-mexico,2024-10-24 22:49:11
original_4417114908_2.jpeg,8185162,Symphonia globulifera,2.715,"Basilinna xantusii (Lawrence, 1861)",2476825,23.692174,-109.912892,144.0,NORTH_AMERICA,Baja California Sur,2023,9,4,2023-09-04T07:00,True,Enrique Flores García,iNaturalist,http://creativecommons.org/licenses/by-nc/4.0/,Enrique Flores García,https://inaturalist-open-data.s3.amazonaws.com/photos/322283066/original.jpeg; https://inaturalist-open-data.s3.amazonaws.com/photos/322283432/original.jpeg,k-mexico,2024-10-24 22:49:13
original_4420950066_1.jpeg,2874603,Luffa operculata,8.105,"Basilinna xantusii (Lawrence, 1861)",2476825,23.745862,-110.112075,191.0,NORTH_AMERICA,Baja California Sur,2023,9,27,2023-09-27T17:57:55,True,Alfredo Martínez Armendares,iNaturalist,http://creativecommons.org/licenses/by-nc/4.0/,Alfredo Martínez Armendares,https://inaturalist-open-data.s3.amazonaws.com/photos/323448652/original.jpeg,k-mexico,2024-10-24 22:49:15
original_4421025021_2.jpeg,2984359,Boehmeria nivea,1.797,"Basilinna xantusii (Lawrence, 1861)",2476825,27.02551,-112.297212,135.0,NORTH_AMERICA,Baja California Sur,2023,9,20,2023-09-20T08:16,True,Enrique Flores García,iNaturalist,http://creativecommons.org/licenses/by-nc/4.0/,Enrique Flores García,https://inaturalist-open-data.s3.amazonaws.com/photos/323076252/original.jpeg; https://inaturalist-open-data.s3.amazonaws.com/photos/323076653/original.jpeg; https://inaturalist-open-data.s3.amazonaws.com/photos/323076810/original.jpeg; https://inaturalist-open-data.s3.amazonaws.com/photos/323076995/original.jpeg; https://inaturalist-open-data.s3.amazonaws.com/photos/323077286/original.jpeg,k-mexico,2024-10-24 22:49:19
original_4421025021_4.jpeg,5372391,Vitis tiliifolia,1.5970000000000002,"Basilinna xantusii (Lawrence, 1861)",2476825,27.02551,-112.297212,135.0,NORTH_AMERICA,Baja California Sur,2023,9,20,2023-09-20T08:16,True,Enrique Flores García,iNaturalist,http://creativecommons.org/licenses/by-nc/4.0/,Enrique Flores García,https://inaturalist-open-data.s3.amazonaws.com/photos/323076252/original.jpeg; https://inaturalist-open-data.s3.amazonaws.com/photos/323076653/original.jpeg; https://inaturalist-open-data.s3.amazonaws.com/photos/323076810/original.jpeg; https://inaturalist-open-data.s3.amazonaws.com/photos/323076995/original.jpeg; https://inaturalist-open-data.s3.amazonaws.com/photos/323077286/original.jpeg,k-mexico,2024-10-24 22:49:21
original_4421025021_5.jpeg,3055569,Dalechampia scandens,2.852,"Basilinna xantusii (Lawrence, 1861)",2476825,27.02551,-112.297212,135.0,NORTH_AMERICA,Baja California Sur,2023,9,20,2023-09-20T08:16,True,Enrique Flores García,iNaturalist,http://creativecommons.org/licenses/by-nc/4.0/,Enrique Flores García,https://inaturalist-open-data.s3.amazonaws.com/photos/323076252/original.jpeg; https://inaturalist-open-data.s3.amazonaws.com/photos/323076653/original.jpeg; https://inaturalist-open-data.s3.amazonaws.com/photos/323076810/original.jpeg; https://inaturalist-open-data.s3.amazonaws.com/photos/323076995/original.jpeg; https://inaturalist-open-data.s3.amazonaws.com/photos/323077286/original.jpeg,k-mexico,2024-10-24 22:49:23
original_4430540808_1.jpg,5289756,Phalaris arundinacea,5.405,"Basilinna xantusii (Lawrence, 1861)",2476825,25.716785,-111.236893,667.0,NORTH_AMERICA,Baja California Sur,2006,3,10,2006-03-10T17:34,True,Alan Dahl,iNaturalist,http://creativecommons.org/licenses/by-nc-nd/4.0/,Alan Dahl,https://inaturalist-open-data.s3.amazonaws.com/photos/327054678/original.jpg,k-mexico,2024-10-24 22:49:25
original_4430670267_2.jpeg,2976206,Entada polystachya,1.789,"Basilinna xantusii (Lawrence, 1861)",2476825,23.691659,-109.929288,15.0,NORTH_AMERICA,Baja California Sur,2023,10,13,2023-10-13T17:36,True,Enrique Flores García,iNaturalist,http://creativecommons.org/licenses/by-nc/4.0/,Enrique Flores García,https://inaturalist-open-data.s3.amazonaws.com/photos/329519439/original.jpeg; https://inaturalist-open-data.s3.amazonaws.com/photos/329519709/original.jpeg; https://inaturalist-open-data.s3.amazonaws.com/photos/329519787/original.jpeg,k-mexico,2024-10-24 22:49:29
original_4430687273_2.jpeg,2976206,Entada polystachya,5.017,"Basilinna xantusii (Lawrence, 1861)",2476825,23.691008,-109.915908,2.0,NORTH_AMERICA,Baja California Sur,2023,10,13,2023-10-13T07:58,True,Enrique Flores García,iNaturalist,http://creativecommons.org/licenses/by-nc/4.0/,Enrique Flores García,https://inaturalist-open-data.s3.amazonaws.com/photos/329504807/original.jpeg; https://inaturalist-open-data.s3.amazonaws.com/photos/329504880/original.jpeg,k-mexico,2024-10-24 22:49:36
original_4430971748_2.jpg,2959443,Gleditsia triacanthos,1.388,"Basilinna xantusii (Lawrence, 1861)",2476825,25.716785,-111.236893,667.0,NORTH_AMERICA,Baja California Sur,2006,3,8,2006-03-08T22:02,True,Alan Dahl,iNaturalist,http://creativecommons.org/licenses/by-nc-nd/4.0/,Alan Dahl,https://inaturalist-open-data.s3.amazonaws.com/photos/327054641/original.jpg; https://inaturalist-open-data.s3.amazonaws.com/photos/327054647/original.jpg,k-mexico,2024-10-24 22:49:37
original_4431154703_1.jpeg,2975768,Tamarindus indica,19.625,"Basilinna xantusii (Lawrence, 1861)",2476825,24.839083,-110.771053,63.0,NORTH_AMERICA,Baja California Sur,2023,9,30,2023-09-30T13:36,True,Enrique Flores García,iNaturalist,http://creativecommons.org/licenses/by-nc/4.0/,Enrique Flores García,https://inaturalist-open-data.s3.amazonaws.com/photos/329067389/original.jpeg; https://inaturalist-open-data.s3.amazonaws.com/photos/329067390/original.jpeg; https://inaturalist-open-data.s3.amazonaws.com/photos/329067411/original.jpeg; https://inaturalist-open-data.s3.amazonaws.com/photos/329067671/original.jpeg,k-mexico,2024-10-24 22:49:39
original_4431154703_2.jpeg,2975768,Tamarindus indica,11.168,"Basilinna xantusii (Lawrence, 1861)",2476825,24.839083,-110.771053,63.0,NORTH_AMERICA,Baja California Sur,2023,9,30,2023-09-30T13:36,True,Enrique Flores García,iNaturalist,http://creativecommons.org/licenses/by-nc/4.0/,Enrique Flores García,https://inaturalist-open-data.s3.amazonaws.com/photos/329067389/original.jpeg; https://inaturalist-open-data.s3.amazonaws.com/photos/329067390/original.jpeg; https://inaturalist-open-data.s3.amazonaws.com/photos/329067411/original.jpeg; https://inaturalist-open-data.s3.amazonaws.com/photos/329067671/original.jpeg,k-mexico,2024-10-24 22:49:41
original_4431154703_3.jpeg,2975768,Tamarindus indica,53.82900000000001,"Basilinna xantusii (Lawrence, 1861)",2476825,24.839083,-110.771053,63.0,NORTH_AMERICA,Baja California Sur,2023,9,30,2023-09-30T13:36,True,Enrique Flores García,iNaturalist,http://creativecommons.org/licenses/by-nc/4.0/,Enrique Flores García,https://inaturalist-open-data.s3.amazonaws.com/photos/329067389/original.jpeg; https://inaturalist-open-data.s3.amazonaws.com/photos/329067390/original.jpeg; https://inaturalist-open-data.s3.amazonaws.com/photos/329067411/original.jpeg; https://inaturalist-open-data.s3.amazonaws.com/photos/329067671/original.jpeg,k-mexico,2024-10-24 22:49:43
original_4431154703_4.jpeg,2975768,Tamarindus indica,20.125999999999998,"Basilinna xantusii (Lawrence, 1861)",2476825,24.839083,-110.771053,63.0,NORTH_AMERICA,Baja California Sur,2023,9,30,2023-09-30T13:36,True,Enrique Flores García,iNaturalist,http://creativecommons.org/licenses/by-nc/4.0/,Enrique Flores García,https://inaturalist-open-data.s3.amazonaws.com/photos/329067389/original.jpeg; https://inaturalist-open-data.s3.amazonaws.com/photos/329067390/original.jpeg; https://inaturalist-open-data.s3.amazonaws.com/photos/329067411/original.jpeg; https://inaturalist-open-data.s3.amazonaws.com/photos/329067671/original.jpeg,k-mexico,2024-10-24 22:49:46
original_4431170265_1.jpeg,5406696,Ceiba aesculifolia,3.0700000000000003,"Basilinna xantusii (Lawrence, 1861)",2476825,23.472187,-110.232003,5155.0,NORTH_AMERICA,Baja California Sur,2022,3,11,2022-03-11T10:27,True,Gerold Morrison,iNaturalist,http://creativecommons.org/licenses/by-nc/4.0/,Gerold Morrison,https://inaturalist-open-data.s3.amazonaws.com/photos/329535249/original.jpeg,k-mexico,2024-10-24 22:49:48
original_4431261434_1.jpg,2943053,Chloroleucon mangense,5.943,"Basilinna xantusii (Lawrence, 1861)",2476825,23.462267,-110.242475,1544.0,NORTH_AMERICA,Baja California Sur,2022,3,10,2022-03-10T14:30,True,Gerold Morrison,iNaturalist,http://creativecommons.org/licenses/by-nc/4.0/,Gerold Morrison,https://inaturalist-open-data.s3.amazonaws.com/photos/329670111/original.jpg,k-mexico,2024-10-24 22:49:51
original_4436275821_1.jpeg,5353583,Cercis canadensis,2.064,"Basilinna xantusii (Lawrence, 1861)",2476825,23.442133,-109.782772,20.0,NORTH_AMERICA,Baja California Sur,2023,10,28,2023-10-28T13:45,True,Enrique Flores García,iNaturalist,http://creativecommons.org/licenses/by-nc/4.0/,Enrique Flores García,https://inaturalist-open-data.s3.amazonaws.com/photos/331873835/original.jpeg; https://inaturalist-open-data.s3.amazonaws.com/photos/331873836/original.jpeg; https://inaturalist-open-data.s3.amazonaws.com/photos/331873886/original.jpeg,k-mexico,2024-10-24 22:49:54
original_4436275821_2.jpeg,2952983,Bauhinia pauletia,17.612,"Basilinna xantusii (Lawrence, 1861)",2476825,23.442133,-109.782772,20.0,NORTH_AMERICA,Baja California Sur,2023,10,28,2023-10-28T13:45,True,Enrique Flores García,iNaturalist,http://creativecommons.org/licenses/by-nc/4.0/,Enrique Flores García,https://inaturalist-open-data.s3.amazonaws.com/photos/331873835/original.jpeg; https://inaturalist-open-data.s3.amazonaws.com/photos/331873836/original.jpeg; https://inaturalist-open-data.s3.amazonaws.com/photos/331873886/original.jpeg,k-mexico,2024-10-24 22:49:56
original_4436275821_3.jpeg,5353583,Cercis canadensis,3.914,"Basilinna xantusii (Lawrence, 1861)",2476825,23.442133,-109.782772,20.0,NORTH_AMERICA,Baja California Sur,2023,10,28,2023-10-28T13:45,True,Enrique Flores García,iNaturalist,http://creativecommons.org/licenses/by-nc/4.0/,Enrique Flores García,https://inaturalist-open-data.s3.amazonaws.com/photos/331873835/original.jpeg; https://inaturalist-open-data.s3.amazonaws.com/photos/331873836/original.jpeg; https://inaturalist-open-data.s3.amazonaws.com/photos/331873886/original.jpeg,k-mexico,2024-10-24 22:49:58
original_4436402594_1.jpeg,3172492,Tecoma stans,82.34700000000001,"Basilinna xantusii (Lawrence, 1861)",2476825,23.442727,-109.782976,20.0,NORTH_AMERICA,Baja California Sur,2023,10,28,2023-10-28T12:59,True,Enrique Flores García,iNaturalist,http://creativecommons.org/licenses/by-nc/4.0/,Enrique Flores García,https://inaturalist-open-data.s3.amazonaws.com/photos/331873283/original.jpeg,k-mexico,2024-10-24 22:50:00
original_4438829725_2.jpg,7282285,Pachycereus pringlei,11.511000000000001,"Basilinna xantusii (Lawrence, 1861)",2476825,25.924728,-111.354033,4.0,NORTH_AMERICA,Baja California Sur,2023,11,5,2023-11-05T09:14:44,True,daventheboys,iNaturalist,http://creativecommons.org/licenses/by-nc/4.0/,daventheboys,https://inaturalist-open-data.s3.amazonaws.com/photos/333153090/original.jpg; https://inaturalist-open-data.s3.amazonaws.com/photos/333153156/original.jpg; https://inaturalist-open-data.s3.amazonaws.com/photos/333153202/original.jpg,k-mexico,2024-10-24 22:50:04
original_4438829725_3.jpg,7282285,Pachycereus pringlei,59.023,"Basilinna xantusii (Lawrence, 1861)",2476825,25.924728,-111.354033,4.0,NORTH_AMERICA,Baja California Sur,2023,11,5,2023-11-05T09:14:44,True,daventheboys,iNaturalist,http://creativecommons.org/licenses/by-nc/4.0/,daventheboys,https://inaturalist-open-data.s3.amazonaws.com/photos/333153090/original.jpg; https://inaturalist-open-data.s3.amazonaws.com/photos/333153156/original.jpg; https://inaturalist-open-data.s3.amazonaws.com/photos/333153202/original.jpg,k-mexico,2024-10-24 22:50:06
original_4438838423_1.jpg,5414601,Russelia equisetiformis,96.563,"Basilinna xantusii (Lawrence, 1861)",2476825,25.718972,-111.233476,4.0,NORTH_AMERICA,Baja California Sur,2023,11,6,2023-11-06T13:27:34,True,calecm,iNaturalist,http://creativecommons.org/licenses/by-nc/4.0/,calecm,https://inaturalist-open-data.s3.amazonaws.com/photos/333437221/original.jpg; https://inaturalist-open-data.s3.amazonaws.com/photos/333437245/original.jpg; https://inaturalist-open-data.s3.amazonaws.com/photos/333437299/original.jpg,k-mexico,2024-10-24 22:50:09
original_4438838423_2.jpg,5414601,Russelia equisetiformis,92.53099999999999,"Basilinna xantusii (Lawrence, 1861)",2476825,25.718972,-111.233476,4.0,NORTH_AMERICA,Baja California Sur,2023,11,6,2023-11-06T13:27:34,True,calecm,iNaturalist,http://creativecommons.org/licenses/by-nc/4.0/,calecm,https://inaturalist-open-data.s3.amazonaws.com/photos/333437221/original.jpg; https://inaturalist-open-data.s3.amazonaws.com/photos/333437245/original.jpg; https://inaturalist-open-data.s3.amazonaws.com/photos/333437299/original.jpg,k-mexico,2024-10-24 22:50:11
original_4438838423_3.jpg,5414601,Russelia equisetiformis,87.477,"Basilinna xantusii (Lawrence, 1861)",2476825,25.718972,-111.233476,4.0,NORTH_AMERICA,Baja California Sur,2023,11,6,2023-11-06T13:27:34,True,calecm,iNaturalist,http://creativecommons.org/licenses/by-nc/4.0/,calecm,https://inaturalist-open-data.s3.amazonaws.com/photos/333437221/original.jpg; https://inaturalist-open-data.s3.amazonaws.com/photos/333437245/original.jpg; https://inaturalist-open-data.s3.amazonaws.com/photos/333437299/original.jpg,k-mexico,2024-10-24 22:50:13
original_4438974838_1.jpeg,2943053,Chloroleucon mangense,1.379,"Basilinna xantusii (Lawrence, 1861)",2476825,27.420813,-112.598131,31.0,NORTH_AMERICA,Baja California Sur,2023,10,26,2023-10-26T12:26,True,Julio Mendoza,iNaturalist,http://creativecommons.org/licenses/by-nc/4.0/,Julio Mendoza,https://inaturalist-open-data.s3.amazonaws.com/photos/332465709/original.jpeg; https://inaturalist-open-data.s3.amazonaws.com/photos/332465982/original.jpeg; https://inaturalist-open-data.s3.amazonaws.com/photos/332466037/original.jpeg; https://inaturalist-open-data.s3.amazonaws.com/photos/332466192/original.jpeg,k-mexico,2024-10-24 22:50:16
original_4438974838_2.jpeg,3795578,Vachellia collinsii,1.01,"Basilinna xantusii (Lawrence, 1861)",2476825,27.420813,-112.598131,31.0,NORTH_AMERICA,Baja California Sur,2023,10,26,2023-10-26T12:26,True,Julio Mendoza,iNaturalist,http://creativecommons.org/licenses/by-nc/4.0/,Julio Mendoza,https://inaturalist-open-data.s3.amazonaws.com/photos/332465709/original.jpeg; https://inaturalist-open-data.s3.amazonaws.com/photos/332465982/original.jpeg; https://inaturalist-open-data.s3.amazonaws.com/photos/332466037/original.jpeg; https://inaturalist-open-data.s3.amazonaws.com/photos/332466192/original.jpeg,k-mexico,2024-10-24 22:50:18
original_4438974838_3.jpeg,2943053,Chloroleucon mangense,1.1360000000000001,"Basilinna xantusii (Lawrence, 1861)",2476825,27.420813,-112.598131,31.0,NORTH_AMERICA,Baja California Sur,2023,10,26,2023-10-26T12:26,True,Julio Mendoza,iNaturalist,http://creativecommons.org/licenses/by-nc/4.0/,Julio Mendoza,https://inaturalist-open-data.s3.amazonaws.com/photos/332465709/original.jpeg; https://inaturalist-open-data.s3.amazonaws.com/photos/332465982/original.jpeg; https://inaturalist-open-data.s3.amazonaws.com/photos/332466037/original.jpeg; https://inaturalist-open-data.s3.amazonaws.com/photos/332466192/original.jpeg,k-mexico,2024-10-24 22:50:20
original_4438974838_4.jpeg,3974744,Vachellia nilotica,5.185,"Basilinna xantusii (Lawrence, 1861)",2476825,27.420813,-112.598131,31.0,NORTH_AMERICA,Baja California Sur,2023,10,26,2023-10-26T12:26,True,Julio Mendoza,iNaturalist,http://creativecommons.org/licenses/by-nc/4.0/,Julio Mendoza,https://inaturalist-open-data.s3.amazonaws.com/photos/332465709/original.jpeg; https://inaturalist-open-data.s3.amazonaws.com/photos/332465982/original.jpeg; https://inaturalist-open-data.s3.amazonaws.com/photos/332466037/original.jpeg; https://inaturalist-open-data.s3.amazonaws.com/photos/332466192/original.jpeg,k-mexico,2024-10-24 22:50:22
original_4438998905_1.jpeg,2969531,Mimosa tenuiflora,4.811,"Basilinna xantusii (Lawrence, 1861)",2476825,24.006905,-110.094346,,NORTH_AMERICA,Baja California Sur,2023,11,3,2023-11-03T10:23,True,Gerardo Marrón,iNaturalist,http://creativecommons.org/licenses/by-nc/4.0/,Gerardo Marrón,https://inaturalist-open-data.s3.amazonaws.com/photos/332723511/original.jpeg; https://inaturalist-open-data.s3.amazonaws.com/photos/332816179/original.jpeg,k-mexico,2024-10-24 22:50:25
original_4442395323_1.jpg,3086272,Cyphomeris crassifolia,2.118,"Basilinna xantusii (Lawrence, 1861)",2476825,23.566667,-110.0,,NORTH_AMERICA,Baja California Sur,2019,4,17,2019-04-17,True,dianaestefania,iNaturalist,http://creativecommons.org/licenses/by-nc/4.0/,dianaestefania,https://inaturalist-open-data.s3.amazonaws.com/photos/38640151/original.jpg,k-mexico,2024-10-24 22:50:27
original_4442399585_1.jpg,3084423,Coryphantha nickelsiae,1.43,"Basilinna xantusii (Lawrence, 1861)",2476825,23.746006,-110.111741,,NORTH_AMERICA,Baja California Sur,2022,11,6,2022-11-06T09:07,True,Enrique Flores García,iNaturalist,http://creativecommons.org/licenses/by-nc/4.0/,Enrique Flores García,https://inaturalist-open-data.s3.amazonaws.com/photos/243420685/original.jpg; https://inaturalist-open-data.s3.amazonaws.com/photos/243420696/original.jpg,k-mexico,2024-10-24 22:50:30
original_4442399585_2.jpg,2695675,Tillandsia juncea,9.055,"Basilinna xantusii (Lawrence, 1861)",2476825,23.746006,-110.111741,,NORTH_AMERICA,Baja California Sur,2022,11,6,2022-11-06T09:07,True,Enrique Flores García,iNaturalist,http://creativecommons.org/licenses/by-nc/4.0/,Enrique Flores García,https://inaturalist-open-data.s3.amazonaws.com/photos/243420685/original.jpg; https://inaturalist-open-data.s3.amazonaws.com/photos/243420696/original.jpg,k-mexico,2024-10-24 22:50:33
original_4442418682_1.jpg,2766739,Agave palmeri,0.959,"Basilinna xantusii (Lawrence, 1861)",2476825,23.4521,-110.22242,6000.0,NORTH_AMERICA,Baja California Sur,2023,11,15,2023-11-15T07:30,True,Dan Fitzgerald (Fitz),iNaturalist,http://creativecommons.org/licenses/by-nc/4.0/,Dan Fitzgerald (Fitz),https://inaturalist-open-data.s3.amazonaws.com/photos/335439824/original.jpg,k-mexico,2024-10-24 22:50:35
original_4442453946_1.jpg,2926566,Lepechinia hastata,92.907,"Basilinna xantusii (Lawrence, 1861)",2476825,23.536498,-109.95771,488.0,NORTH_AMERICA,Baja California Sur,2023,10,15,2023-10-15T16:39,True,pablost17,iNaturalist,http://creativecommons.org/licenses/by-nc/4.0/,pablost17,https://inaturalist-open-data.s3.amazonaws.com/photos/335594201/original.jpg,k-mexico,2024-10-24 22:50:37
original_4442541861_1.jpg,6109699,Phoenix dactylifera,4.935,"Basilinna xantusii (Lawrence, 1861)",2476825,23.4521,-110.22242,6000.0,NORTH_AMERICA,Baja California Sur,2023,11,15,2023-11-15T07:26,True,Dan Fitzgerald (Fitz),iNaturalist,http://creativecommons.org/licenses/by-nc/4.0/,Dan Fitzgerald (Fitz),https://inaturalist-open-data.s3.amazonaws.com/photos/335439823/original.jpg,k-mexico,2024-10-24 22:50:39
original_4442706431_1.jpeg,3190449,Bursera fagaroides,1.7680000000000002,"Basilinna xantusii (Lawrence, 1861)",2476825,23.979989,-110.080294,,NORTH_AMERICA,Baja California Sur,2023,11,20,2023-11-20T08:44:30,True,Thea Ulen,iNaturalist,http://creativecommons.org/licenses/by-nc/4.0/,Thea Ulen,https://inaturalist-open-data.s3.amazonaws.com/photos/336163807/original.jpeg; https://inaturalist-open-data.s3.amazonaws.com/photos/336180834/original.jpeg; https://inaturalist-open-data.s3.amazonaws.com/photos/336180866/original.jpeg; https://inaturalist-open-data.s3.amazonaws.com/photos/336180891/original.jpeg,k-mexico,2024-10-24 22:50:46
original_4442706431_2.jpeg,7284632,Strombocactus disciformis,4.22,"Basilinna xantusii (Lawrence, 1861)",2476825,23.979989,-110.080294,,NORTH_AMERICA,Baja California Sur,2023,11,20,2023-11-20T08:44:30,True,Thea Ulen,iNaturalist,http://creativecommons.org/licenses/by-nc/4.0/,Thea Ulen,https://inaturalist-open-data.s3.amazonaws.com/photos/336163807/original.jpeg; https://inaturalist-open-data.s3.amazonaws.com/photos/336180834/original.jpeg; https://inaturalist-open-data.s3.amazonaws.com/photos/336180866/original.jpeg; https://inaturalist-open-data.s3.amazonaws.com/photos/336180891/original.jpeg,k-mexico,2024-10-24 22:50:49
original_4442706431_4.jpeg,7284632,Strombocactus disciformis,0.536,"Basilinna xantusii (Lawrence, 1861)",2476825,23.979989,-110.080294,,NORTH_AMERICA,Baja California Sur,2023,11,20,2023-11-20T08:44:30,True,Thea Ulen,iNaturalist,http://creativecommons.org/licenses/by-nc/4.0/,Thea Ulen,https://inaturalist-open-data.s3.amazonaws.com/photos/336163807/original.jpeg; https://inaturalist-open-data.s3.amazonaws.com/photos/336180834/original.jpeg; https://inaturalist-open-data.s3.amazonaws.com/photos/336180866/original.jpeg; https://inaturalist-open-data.s3.amazonaws.com/photos/336180891/original.jpeg,k-mexico,2024-10-24 22:50:51
original_4442722406_1.jpg,5289534,Typha domingensis,22.75,"Basilinna xantusii (Lawrence, 1861)",2476825,23.4521,-110.22242,6000.0,NORTH_AMERICA,Baja California Sur,2023,11,15,2023-11-15T06:32,True,Dan Fitzgerald (Fitz),iNaturalist,http://creativecommons.org/licenses/by-nc/4.0/,Dan Fitzgerald (Fitz),https://inaturalist-open-data.s3.amazonaws.com/photos/335439787/original.jpg,k-mexico,2024-10-24 22:50:53
original_4442729821_1.jpg,7288259,Buddleja cordata,7.301,"Basilinna xantusii (Lawrence, 1861)",2476825,25.726711,-111.32461,470.0,NORTH_AMERICA,Baja California Sur,2023,11,16,2023-11-16T11:16:30,True,Lorene Archdekin,iNaturalist,http://creativecommons.org/licenses/by-nc/4.0/,Lorene Archdekin,https://inaturalist-open-data.s3.amazonaws.com/photos/336378497/original.jpg; https://inaturalist-open-data.s3.amazonaws.com/photos/336378514/original.jpg,k-mexico,2024-10-24 22:50:55
original_4453906628_1.jpg,2959492,Gleditsia aquatica,17.799,"Basilinna xantusii (Lawrence, 1861)",2476825,26.278096,-112.009626,1535.0,NORTH_AMERICA,Baja California Sur,2023,5,31,2023-05-31T22:11,True,Tania Pérez Fiol,iNaturalist,http://creativecommons.org/licenses/by-nc/4.0/,Tania Pérez Fiol,https://inaturalist-open-data.s3.amazonaws.com/photos/336611894/original.jpg; https://inaturalist-open-data.s3.amazonaws.com/photos/336611905/original.jpg,k-mexico,2024-10-24 22:50:58
original_4453906628_2.jpg,2959443,Gleditsia triacanthos,15.901000000000002,"Basilinna xantusii (Lawrence, 1861)",2476825,26.278096,-112.009626,1535.0,NORTH_AMERICA,Baja California Sur,2023,5,31,2023-05-31T22:11,True,Tania Pérez Fiol,iNaturalist,http://creativecommons.org/licenses/by-nc/4.0/,Tania Pérez Fiol,https://inaturalist-open-data.s3.amazonaws.com/photos/336611894/original.jpg; https://inaturalist-open-data.s3.amazonaws.com/photos/336611905/original.jpg,k-mexico,2024-10-24 22:51:00
original_4454031793_1.jpg,2979265,Vachellia farnesiana,5.9830000000000005,"Basilinna xantusii (Lawrence, 1861)",2476825,26.278096,-112.009626,1535.0,NORTH_AMERICA,Baja California Sur,2023,5,31,2023-05-31T22:11,True,Tania Pérez Fiol,iNaturalist,http://creativecommons.org/licenses/by-nc/4.0/,Tania Pérez Fiol,https://inaturalist-open-data.s3.amazonaws.com/photos/336611912/original.jpg,k-mexico,2024-10-24 22:51:01
original_4458424057_1.jpeg,7265169,Melicoccus oliviformis,7.462000000000001,"Basilinna xantusii (Lawrence, 1861)",2476825,23.691797,-109.919014,8.0,NORTH_AMERICA,Baja California Sur,2023,11,20,2023-11-20T08:45,True,kathleenmitchell,iNaturalist,http://creativecommons.org/licenses/by-nc/4.0/,kathleenmitchell,https://inaturalist-open-data.s3.amazonaws.com/photos/338245303/original.jpeg; https://inaturalist-open-data.s3.amazonaws.com/photos/338245310/original.jpeg; https://inaturalist-open-data.s3.amazonaws.com/photos/338245318/original.jpeg,k-mexico,2024-10-24 22:51:04
original_4458424057_2.jpeg,7265169,Melicoccus oliviformis,5.933999999999999,"Basilinna xantusii (Lawrence, 1861)",2476825,23.691797,-109.919014,8.0,NORTH_AMERICA,Baja California Sur,2023,11,20,2023-11-20T08:45,True,kathleenmitchell,iNaturalist,http://creativecommons.org/licenses/by-nc/4.0/,kathleenmitchell,https://inaturalist-open-data.s3.amazonaws.com/photos/338245303/original.jpeg; https://inaturalist-open-data.s3.amazonaws.com/photos/338245310/original.jpeg; https://inaturalist-open-data.s3.amazonaws.com/photos/338245318/original.jpeg,k-mexico,2024-10-24 22:51:06
original_4458424057_3.jpeg,7265169,Melicoccus oliviformis,9.161,"Basilinna xantusii (Lawrence, 1861)",2476825,23.691797,-109.919014,8.0,NORTH_AMERICA,Baja California Sur,2023,11,20,2023-11-20T08:45,True,kathleenmitchell,iNaturalist,http://creativecommons.org/licenses/by-nc/4.0/,kathleenmitchell,https://inaturalist-open-data.s3.amazonaws.com/photos/338245303/original.jpeg; https://inaturalist-open-data.s3.amazonaws.com/photos/338245310/original.jpeg; https://inaturalist-open-data.s3.amazonaws.com/photos/338245318/original.jpeg,k-mexico,2024-10-24 22:51:08
original_4465460632_1.jpeg,2957187,Senna pendula,51.88,"Basilinna xantusii (Lawrence, 1861)",2476825,23.693922,-109.915192,3.0,NORTH_AMERICA,Baja California Sur,2023,12,4,2023-12-04T16:26,True,kathleenmitchell,iNaturalist,http://creativecommons.org/licenses/by-nc/4.0/,kathleenmitchell,https://inaturalist-open-data.s3.amazonaws.com/photos/339319092/original.jpeg,k-mexico,2024-10-24 22:51:11
original_4465651922_1.jpeg,5357491,Inga spectabilis,1.541,"Basilinna xantusii (Lawrence, 1861)",2476825,23.558937,-109.865211,1992.0,NORTH_AMERICA,Baja California Sur,2023,12,2,2023-12-02T08:24:08,True,Osiel Flores,iNaturalist,http://creativecommons.org/licenses/by-nc/4.0/,Osiel Flores,https://inaturalist-open-data.s3.amazonaws.com/photos/339488770/original.jpeg,k-mexico,2024-10-24 22:51:13
original_4506435803_1.jpeg,2945453,Schizolobium parahyba,1.057,"Basilinna xantusii (Lawrence, 1861)",2476825,23.51569,-110.039138,,NORTH_AMERICA,Baja California Sur,2023,12,6,2023-12-06T07:24,True,James Bailey,iNaturalist,http://creativecommons.org/licenses/by-nc/4.0/,James Bailey,https://inaturalist-open-data.s3.amazonaws.com/photos/341852429/original.jpeg; https://inaturalist-open-data.s3.amazonaws.com/photos/345897848/original.jpeg; https://inaturalist-open-data.s3.amazonaws.com/photos/345897849/original.jpeg,k-mexico,2024-10-24 22:51:20
original_4506435803_2.jpeg,3172492,Tecoma stans,53.108999999999995,"Basilinna xantusii (Lawrence, 1861)",2476825,23.51569,-110.039138,,NORTH_AMERICA,Baja California Sur,2023,12,6,2023-12-06T07:24,True,James Bailey,iNaturalist,http://creativecommons.org/licenses/by-nc/4.0/,James Bailey,https://inaturalist-open-data.s3.amazonaws.com/photos/341852429/original.jpeg; https://inaturalist-open-data.s3.amazonaws.com/photos/345897848/original.jpeg; https://inaturalist-open-data.s3.amazonaws.com/photos/345897849/original.jpeg,k-mexico,2024-10-24 22:51:21
original_4506435803_3.jpeg,5406696,Ceiba aesculifolia,13.936000000000002,"Basilinna xantusii (Lawrence, 1861)",2476825,23.51569,-110.039138,,NORTH_AMERICA,Baja California Sur,2023,12,6,2023-12-06T07:24,True,James Bailey,iNaturalist,http://creativecommons.org/licenses/by-nc/4.0/,James Bailey,https://inaturalist-open-data.s3.amazonaws.com/photos/341852429/original.jpeg; https://inaturalist-open-data.s3.amazonaws.com/photos/345897848/original.jpeg; https://inaturalist-open-data.s3.amazonaws.com/photos/345897849/original.jpeg,k-mexico,2024-10-24 22:51:24
original_4506509502_1.jpg,5353583,Cercis canadensis,1.41,"Basilinna xantusii (Lawrence, 1861)",2476825,23.553187,-109.894088,4.0,NORTH_AMERICA,Baja California Sur,2023,12,21,2023-12-21T10:38:34,True,oosty,iNaturalist,http://creativecommons.org/licenses/by-nc/4.0/,oosty,https://inaturalist-open-data.s3.amazonaws.com/photos/342380822/original.jpg; https://inaturalist-open-data.s3.amazonaws.com/photos/342380855/original.jpg; https://inaturalist-open-data.s3.amazonaws.com/photos/342380880/original.jpg; https://inaturalist-open-data.s3.amazonaws.com/photos/342380901/original.jpg; https://inaturalist-open-data.s3.amazonaws.com/photos/342380926/original.jpg; https://inaturalist-open-data.s3.amazonaws.com/photos/342380942/original.jpg,k-mexico,2024-10-24 22:51:26
original_4506509502_3.jpg,8368963,Salvia gesneriiflora,13.261999999999999,"Basilinna xantusii (Lawrence, 1861)",2476825,23.553187,-109.894088,4.0,NORTH_AMERICA,Baja California Sur,2023,12,21,2023-12-21T10:38:34,True,oosty,iNaturalist,http://creativecommons.org/licenses/by-nc/4.0/,oosty,https://inaturalist-open-data.s3.amazonaws.com/photos/342380822/original.jpg; https://inaturalist-open-data.s3.amazonaws.com/photos/342380855/original.jpg; https://inaturalist-open-data.s3.amazonaws.com/photos/342380880/original.jpg; https://inaturalist-open-data.s3.amazonaws.com/photos/342380901/original.jpg; https://inaturalist-open-data.s3.amazonaws.com/photos/342380926/original.jpg; https://inaturalist-open-data.s3.amazonaws.com/photos/342380942/original.jpg,k-mexico,2024-10-24 22:51:31
original_4506509502_5.jpg,7264178,Bravaisia integerrima,1.8739999999999999,"Basilinna xantusii (Lawrence, 1861)",2476825,23.553187,-109.894088,4.0,NORTH_AMERICA,Baja California Sur,2023,12,21,2023-12-21T10:38:34,True,oosty,iNaturalist,http://creativecommons.org/licenses/by-nc/4.0/,oosty,https://inaturalist-open-data.s3.amazonaws.com/photos/342380822/original.jpg; https://inaturalist-open-data.s3.amazonaws.com/photos/342380855/original.jpg; https://inaturalist-open-data.s3.amazonaws.com/photos/342380880/original.jpg; https://inaturalist-open-data.s3.amazonaws.com/photos/342380901/original.jpg; https://inaturalist-open-data.s3.amazonaws.com/photos/342380926/original.jpg; https://inaturalist-open-data.s3.amazonaws.com/photos/342380942/original.jpg,k-mexico,2024-10-24 22:51:33
original_4506509502_6.jpg,8368963,Salvia gesneriiflora,38.948,"Basilinna xantusii (Lawrence, 1861)",2476825,23.553187,-109.894088,4.0,NORTH_AMERICA,Baja California Sur,2023,12,21,2023-12-21T10:38:34,True,oosty,iNaturalist,http://creativecommons.org/licenses/by-nc/4.0/,oosty,https://inaturalist-open-data.s3.amazonaws.com/photos/342380822/original.jpg; https://inaturalist-open-data.s3.amazonaws.com/photos/342380855/original.jpg; https://inaturalist-open-data.s3.amazonaws.com/photos/342380880/original.jpg; https://inaturalist-open-data.s3.amazonaws.com/photos/342380901/original.jpg; https://inaturalist-open-data.s3.amazonaws.com/photos/342380926/original.jpg; https://inaturalist-open-data.s3.amazonaws.com/photos/342380942/original.jpg,k-mexico,2024-10-24 22:51:35
original_4506531492_1.jpg,3084384,Stenocereus thurberi,54.356,"Basilinna xantusii (Lawrence, 1861)",2476825,23.553378,-109.892913,4.0,NORTH_AMERICA,Baja California Sur,2023,12,19,2023-12-19T13:41:53,True,oosty,iNaturalist,http://creativecommons.org/licenses/by-nc/4.0/,oosty,https://inaturalist-open-data.s3.amazonaws.com/photos/342379329/original.jpg; https://inaturalist-open-data.s3.amazonaws.com/photos/342379340/original.jpg,k-mexico,2024-10-24 22:51:38
original_4507714321_1.jpeg,5372838,Salix laevigata,4.553,"Basilinna xantusii (Lawrence, 1861)",2476825,25.859322,-111.545075,4.0,NORTH_AMERICA,Baja California Sur,2023,11,27,2023-11-27T12:34,True,Sula Vanderplank,iNaturalist,http://creativecommons.org/licenses/by/4.0/,Sula Vanderplank,https://inaturalist-open-data.s3.amazonaws.com/photos/343421012/original.jpeg,k-mexico,2024-10-24 22:51:41
original_4507789358_1.jpeg,2797253,Corallorhiza wisteriana,7.675,"Basilinna xantusii (Lawrence, 1861)",2476825,23.559812,-110.005197,,NORTH_AMERICA,Baja California Sur,2023,12,8,2023-12-08T11:12,True,James Bailey,iNaturalist,http://creativecommons.org/licenses/by-nc/4.0/,James Bailey,https://inaturalist-open-data.s3.amazonaws.com/photos/344057842/original.jpeg; https://inaturalist-open-data.s3.amazonaws.com/photos/344057845/original.jpeg,k-mexico,2024-10-24 22:51:44
original_4507789358_2.jpeg,2797253,Corallorhiza wisteriana,2.54,"Basilinna xantusii (Lawrence, 1861)",2476825,23.559812,-110.005197,,NORTH_AMERICA,Baja California Sur,2023,12,8,2023-12-08T11:12,True,James Bailey,iNaturalist,http://creativecommons.org/licenses/by-nc/4.0/,James Bailey,https://inaturalist-open-data.s3.amazonaws.com/photos/344057842/original.jpeg; https://inaturalist-open-data.s3.amazonaws.com/photos/344057845/original.jpeg,k-mexico,2024-10-24 22:51:46
original_4507819404_1.jpeg,5406697,Ceiba pentandra,2.214,"Basilinna xantusii (Lawrence, 1861)",2476825,23.555224,-109.993359,,NORTH_AMERICA,Baja California Sur,2023,12,8,2023-12-08T09:45,True,James Bailey,iNaturalist,http://creativecommons.org/licenses/by-nc/4.0/,James Bailey,https://inaturalist-open-data.s3.amazonaws.com/photos/344055848/original.jpeg; https://inaturalist-open-data.s3.amazonaws.com/photos/344055850/original.jpeg,k-mexico,2024-10-24 22:51:51
original_4507819404_2.jpeg,5406696,Ceiba aesculifolia,9.947000000000001,"Basilinna xantusii (Lawrence, 1861)",2476825,23.555224,-109.993359,,NORTH_AMERICA,Baja California Sur,2023,12,8,2023-12-08T09:45,True,James Bailey,iNaturalist,http://creativecommons.org/licenses/by-nc/4.0/,James Bailey,https://inaturalist-open-data.s3.amazonaws.com/photos/344055848/original.jpeg; https://inaturalist-open-data.s3.amazonaws.com/photos/344055850/original.jpeg,k-mexico,2024-10-24 22:51:53
original_4510124090_1.jpeg,7918469,Nymphaea rudgeana,1.286,"Basilinna xantusii (Lawrence, 1861)",2476825,23.564783,-110.014922,,NORTH_AMERICA,Baja California Sur,2023,12,8,2023-12-08T14:07,True,James Bailey,iNaturalist,http://creativecommons.org/licenses/by-nc/4.0/,James Bailey,https://inaturalist-open-data.s3.amazonaws.com/photos/345107484/original.jpeg; https://inaturalist-open-data.s3.amazonaws.com/photos/345107489/original.jpeg; https://inaturalist-open-data.s3.amazonaws.com/photos/345107494/original.jpeg,k-mexico,2024-10-24 22:51:55
original_4512325875_1.jpeg,3935079,Malva arborea,2.007,"Basilinna xantusii (Lawrence, 1861)",2476825,26.196121,-112.073899,1003.0,NORTH_AMERICA,Baja California Sur,2024,1,11,2024-01-11T14:58,True,Jacob A. Gorneau,iNaturalist,http://creativecommons.org/licenses/by-nc/4.0/,Jacob A. Gorneau,https://inaturalist-open-data.s3.amazonaws.com/photos/346284285/original.jpeg,k-mexico,2024-10-24 22:52:01
original_4512389390_1.jpeg,2874119,Xylosma flexuosa,4.446,"Basilinna xantusii (Lawrence, 1861)",2476825,23.558914,-109.865719,211.0,NORTH_AMERICA,Baja California Sur,2024,1,10,2024-01-10T15:34:12,True,alexlazcmart1,iNaturalist,http://creativecommons.org/licenses/by-nc/4.0/,alexlazcmart1,https://inaturalist-open-data.s3.amazonaws.com/photos/346482377/original.jpeg,k-mexico,2024-10-24 22:52:04
original_4516346727_1.jpg,2733755,Roystonea regia,1.013,"Basilinna xantusii (Lawrence, 1861)",2476825,23.5075,-110.02265,5.0,NORTH_AMERICA,Baja California Sur,2024,1,18,2024-01-18T12:22,True,Dan Fitzgerald (Fitz),iNaturalist,http://creativecommons.org/licenses/by-nc/4.0/,Dan Fitzgerald (Fitz),https://inaturalist-open-data.s3.amazonaws.com/photos/347561421/original.jpg; https://inaturalist-open-data.s3.amazonaws.com/photos/347563067/original.jpg; https://inaturalist-open-data.s3.amazonaws.com/photos/347563068/original.jpg,k-mexico,2024-10-24 22:52:05
original_4516346727_2.jpg,3189859,Acer saccharum,1.228,"Basilinna xantusii (Lawrence, 1861)",2476825,23.5075,-110.02265,5.0,NORTH_AMERICA,Baja California Sur,2024,1,18,2024-01-18T12:22,True,Dan Fitzgerald (Fitz),iNaturalist,http://creativecommons.org/licenses/by-nc/4.0/,Dan Fitzgerald (Fitz),https://inaturalist-open-data.s3.amazonaws.com/photos/347561421/original.jpg; https://inaturalist-open-data.s3.amazonaws.com/photos/347563067/original.jpg; https://inaturalist-open-data.s3.amazonaws.com/photos/347563068/original.jpg,k-mexico,2024-10-24 22:52:07
original_4516346727_3.jpg,2695344,Tillandsia flexuosa,0.799,"Basilinna xantusii (Lawrence, 1861)",2476825,23.5075,-110.02265,5.0,NORTH_AMERICA,Baja California Sur,2024,1,18,2024-01-18T12:22,True,Dan Fitzgerald (Fitz),iNaturalist,http://creativecommons.org/licenses/by-nc/4.0/,Dan Fitzgerald (Fitz),https://inaturalist-open-data.s3.amazonaws.com/photos/347561421/original.jpg; https://inaturalist-open-data.s3.amazonaws.com/photos/347563067/original.jpg; https://inaturalist-open-data.s3.amazonaws.com/photos/347563068/original.jpg,k-mexico,2024-10-24 22:52:09
original_4516496406_1.jpeg,5406696,Ceiba aesculifolia,1.303,"Basilinna xantusii (Lawrence, 1861)",2476825,23.545213,-110.009537,4.0,NORTH_AMERICA,Baja California Sur,2023,12,6,2023-12-06T15:20:25,True,James Bailey,iNaturalist,http://creativecommons.org/licenses/by-nc/4.0/,James Bailey,https://inaturalist-open-data.s3.amazonaws.com/photos/348398477/original.jpeg; https://static.inaturalist.org/sounds/858372.m4a?1702186310,k-mexico,2024-10-24 22:52:14
original_4516724345_1.jpeg,6109699,Phoenix dactylifera,16.789,"Basilinna xantusii (Lawrence, 1861)",2476825,27.299158,-112.895717,,NORTH_AMERICA,Baja California Sur,2024,1,26,2024-01-26T14:46:54,True,Patricia carrion,iNaturalist,http://creativecommons.org/licenses/by-nc/4.0/,Patricia carrion,https://inaturalist-open-data.s3.amazonaws.com/photos/348170552/original.jpeg,k-mexico,2024-10-24 22:52:16
original_4516921916_2.jpeg,5406696,Ceiba aesculifolia,29.487000000000002,"Basilinna xantusii (Lawrence, 1861)",2476825,23.389047,-109.821738,,NORTH_AMERICA,Baja California Sur,2023,12,11,2023-12-11T10:40,True,James Bailey,iNaturalist,http://creativecommons.org/licenses/by-nc/4.0/,James Bailey,https://inaturalist-open-data.s3.amazonaws.com/photos/348105095/original.jpeg; https://inaturalist-open-data.s3.amazonaws.com/photos/348105100/original.jpeg; https://inaturalist-open-data.s3.amazonaws.com/photos/348105120/original.jpeg,k-mexico,2024-10-24 22:52:21
original_4516921916_3.jpeg,5406696,Ceiba aesculifolia,13.684,"Basilinna xantusii (Lawrence, 1861)",2476825,23.389047,-109.821738,,NORTH_AMERICA,Baja California Sur,2023,12,11,2023-12-11T10:40,True,James Bailey,iNaturalist,http://creativecommons.org/licenses/by-nc/4.0/,James Bailey,https://inaturalist-open-data.s3.amazonaws.com/photos/348105095/original.jpeg; https://inaturalist-open-data.s3.amazonaws.com/photos/348105100/original.jpeg; https://inaturalist-open-data.s3.amazonaws.com/photos/348105120/original.jpeg,k-mexico,2024-10-24 22:52:23
original_4522601226_1.jpeg,7386681,Dianthera candicans,5.925,"Basilinna xantusii (Lawrence, 1861)",2476825,23.502943,-109.797644,2.0,NORTH_AMERICA,Baja California Sur,2023,12,28,2023-12-28T11:31,True,Efraín Octavio Aguilar Pérez,iNaturalist,http://creativecommons.org/licenses/by-nc/4.0/,Efraín Octavio Aguilar Pérez,https://inaturalist-open-data.s3.amazonaws.com/photos/350378343/original.jpeg,k-mexico,2024-10-24 22:52:26
original_4525329527_1.jpeg,7386681,Dianthera candicans,14.337,"Basilinna xantusii (Lawrence, 1861)",2476825,22.972324,-109.82326,,NORTH_AMERICA,Baja California Sur,2024,1,2,2024-01-02T11:45,True,Efraín Octavio Aguilar Pérez,iNaturalist,http://creativecommons.org/licenses/by-nc/4.0/,Efraín Octavio Aguilar Pérez,https://inaturalist-open-data.s3.amazonaws.com/photos/352255033/original.jpeg,k-mexico,2024-10-24 22:52:31
original_4527995266_1.jpeg,2928196,Phacelia rupestris,1.357,"Basilinna xantusii (Lawrence, 1861)",2476825,26.199759,-112.068218,78.0,NORTH_AMERICA,Baja California Sur,2023,12,10,2023-12-10T10:12:22,True,Ricardo Rivera,iNaturalist,http://creativecommons.org/licenses/by-nc/4.0/,Ricardo Rivera,https://inaturalist-open-data.s3.amazonaws.com/photos/353234923/original.jpeg,k-mexico,2024-10-24 22:52:33
original_4528044929_1.jpeg,5388389,Brickellia grandiflora,0.426,"Basilinna xantusii (Lawrence, 1861)",2476825,25.75701,-111.296354,8.0,NORTH_AMERICA,Baja California Sur,2024,2,24,2024-02-24T18:18,True,Enrique Flores García,iNaturalist,http://creativecommons.org/licenses/by-nc/4.0/,Enrique Flores García,https://inaturalist-open-data.s3.amazonaws.com/photos/353685887/original.jpeg; https://inaturalist-open-data.s3.amazonaws.com/photos/353685892/original.jpeg; https://inaturalist-open-data.s3.amazonaws.com/photos/353685916/original.jpeg,k-mexico,2024-10-24 22:52:36
original_4528044929_3.jpeg,5388389,Brickellia grandiflora,0.51,"Basilinna xantusii (Lawrence, 1861)",2476825,25.75701,-111.296354,8.0,NORTH_AMERICA,Baja California Sur,2024,2,24,2024-02-24T18:18,True,Enrique Flores García,iNaturalist,http://creativecommons.org/licenses/by-nc/4.0/,Enrique Flores García,https://inaturalist-open-data.s3.amazonaws.com/photos/353685887/original.jpeg; https://inaturalist-open-data.s3.amazonaws.com/photos/353685892/original.jpeg; https://inaturalist-open-data.s3.amazonaws.com/photos/353685916/original.jpeg,k-mexico,2024-10-24 22:52:38
original_4528058864_1.jpeg,2874728,Eucnide bartonioides,2.147,"Basilinna xantusii (Lawrence, 1861)",2476825,25.792346,-111.337923,37.0,NORTH_AMERICA,Baja California Sur,2024,2,24,2024-02-24T15:45:20,True,Gerardo Marrón,iNaturalist,http://creativecommons.org/licenses/by-nc/4.0/,Gerardo Marrón,https://inaturalist-open-data.s3.amazonaws.com/photos/353693766/original.jpeg,k-mexico,2024-10-24 22:52:40
original_4528073557_1.jpeg,5353250,Dalea formosa,2.85,"Basilinna xantusii (Lawrence, 1861)",2476825,23.331729,-110.178252,2.0,NORTH_AMERICA,Baja California Sur,2024,2,24,2024-02-24T15:00,True,Cricket Raspet,iNaturalist,http://creativecommons.org/licenses/by/4.0/,Cricket Raspet,https://inaturalist-open-data.s3.amazonaws.com/photos/353443339/original.jpeg,k-mexico,2024-10-24 22:52:43
original_4528077984_3.jpeg,5358457,Prosopis glandulosa,2.643,"Basilinna xantusii (Lawrence, 1861)",2476825,25.792066,-111.335136,8.0,NORTH_AMERICA,Baja California Sur,2024,2,25,2024-02-25T10:11,True,Enrique Flores García,iNaturalist,http://creativecommons.org/licenses/by-nc/4.0/,Enrique Flores García,https://inaturalist-open-data.s3.amazonaws.com/photos/353685986/original.jpeg; https://inaturalist-open-data.s3.amazonaws.com/photos/353685989/original.jpeg; https://inaturalist-open-data.s3.amazonaws.com/photos/353685995/original.jpeg; https://inaturalist-open-data.s3.amazonaws.com/photos/353686006/original.jpeg,k-mexico,2024-10-24 22:52:50
original_4528089921_1.jpeg,5342945,Astragalus racemosus,5.4719999999999995,"Basilinna xantusii (Lawrence, 1861)",2476825,25.792302,-111.339119,61.0,NORTH_AMERICA,Baja California Sur,2024,2,24,2024-02-24T15:04,True,Ginni Callahan,iNaturalist,http://creativecommons.org/licenses/by-nc/4.0/,Ginni Callahan,https://inaturalist-open-data.s3.amazonaws.com/photos/353673254/original.jpeg,k-mexico,2024-10-24 22:52:55
original_4535743300_1.jpg,3571001,Gonolobus grandiflorus,27.922000000000004,"Basilinna xantusii (Lawrence, 1861)",2476825,23.72171,-110.017073,,NORTH_AMERICA,Baja California Sur,2024,2,28,2024-02-28T17:03,True,Robin Gwen Agarwal,iNaturalist,http://creativecommons.org/licenses/by-nc/4.0/,Robin Gwen Agarwal,https://inaturalist-open-data.s3.amazonaws.com/photos/355374375/original.jpg; https://inaturalist-open-data.s3.amazonaws.com/photos/355374380/original.jpg,k-mexico,2024-10-24 22:53:02
original_4535743300_2.jpg,3571001,Gonolobus grandiflorus,29.953000000000003,"Basilinna xantusii (Lawrence, 1861)",2476825,23.72171,-110.017073,,NORTH_AMERICA,Baja California Sur,2024,2,28,2024-02-28T17:03,True,Robin Gwen Agarwal,iNaturalist,http://creativecommons.org/licenses/by-nc/4.0/,Robin Gwen Agarwal,https://inaturalist-open-data.s3.amazonaws.com/photos/355374375/original.jpg; https://inaturalist-open-data.s3.amazonaws.com/photos/355374380/original.jpg,k-mexico,2024-10-24 22:53:04
original_4535759277_1.jpg,8368963,Salvia gesneriiflora,6.425,"Basilinna xantusii (Lawrence, 1861)",2476825,23.443183,-110.240532,,NORTH_AMERICA,Baja California Sur,2024,2,21,2024-02-21T17:48,True,Robin Gwen Agarwal,iNaturalist,http://creativecommons.org/licenses/by-nc/4.0/,Robin Gwen Agarwal,https://inaturalist-open-data.s3.amazonaws.com/photos/355398058/original.jpg,k-mexico,2024-10-24 22:53:06
original_4535808308_1.jpg,2976481,Ebenopsis ebano,6.071,"Basilinna xantusii (Lawrence, 1861)",2476825,23.443163,-110.240503,,NORTH_AMERICA,Baja California Sur,2024,2,21,2024-02-21T17:46,True,Robin Gwen Agarwal,iNaturalist,http://creativecommons.org/licenses/by-nc/4.0/,Robin Gwen Agarwal,https://inaturalist-open-data.s3.amazonaws.com/photos/355398059/original.jpg,k-mexico,2024-10-24 22:53:09
original_4535893306_1.jpeg,3994299,Bursera schlechtendalii,2.261,"Basilinna xantusii (Lawrence, 1861)",2476825,23.085831,-109.655786,,NORTH_AMERICA,Baja California Sur,2024,2,7,2024-02-07T13:22,True,Michael Woodruff,iNaturalist,http://creativecommons.org/licenses/by-nc/4.0/,Michael Woodruff,https://inaturalist-open-data.s3.amazonaws.com/photos/354125187/original.jpeg,k-mexico,2024-10-24 22:53:11
original_4535968249_1.jpg,7386681,Dianthera candicans,9.283,"Basilinna xantusii (Lawrence, 1861)",2476825,23.44321,-110.240525,,NORTH_AMERICA,Baja California Sur,2024,2,21,2024-02-21T17:39,True,Robin Gwen Agarwal,iNaturalist,http://creativecommons.org/licenses/by-nc/4.0/,Robin Gwen Agarwal,https://inaturalist-open-data.s3.amazonaws.com/photos/355398015/original.jpg,k-mexico,2024-10-24 22:53:14
original_4535974234_1.jpg,3063705,Hippomane mancinella,2.189,"Basilinna xantusii (Lawrence, 1861)",2476825,23.443198,-110.240507,,NORTH_AMERICA,Baja California Sur,2024,2,21,2024-02-21T17:54,True,Robin Gwen Agarwal,iNaturalist,http://creativecommons.org/licenses/by-nc/4.0/,Robin Gwen Agarwal,https://inaturalist-open-data.s3.amazonaws.com/photos/355398157/original.jpg; https://inaturalist-open-data.s3.amazonaws.com/photos/355398174/original.jpg; https://inaturalist-open-data.s3.amazonaws.com/photos/355398178/original.jpg; https://inaturalist-open-data.s3.amazonaws.com/photos/355398181/original.jpg,k-mexico,2024-10-24 22:53:17
original_4535974234_3.jpg,5406696,Ceiba aesculifolia,5.877000000000001,"Basilinna xantusii (Lawrence, 1861)",2476825,23.443198,-110.240507,,NORTH_AMERICA,Baja California Sur,2024,2,21,2024-02-21T17:54,True,Robin Gwen Agarwal,iNaturalist,http://creativecommons.org/licenses/by-nc/4.0/,Robin Gwen Agarwal,https://inaturalist-open-data.s3.amazonaws.com/photos/355398157/original.jpg; https://inaturalist-open-data.s3.amazonaws.com/photos/355398174/original.jpg; https://inaturalist-open-data.s3.amazonaws.com/photos/355398178/original.jpg; https://inaturalist-open-data.s3.amazonaws.com/photos/355398181/original.jpg,k-mexico,2024-10-24 22:53:21
original_4535974234_4.jpg,2950750,Hymenaea courbaril,1.4949999999999999,"Basilinna xantusii (Lawrence, 1861)",2476825,23.443198,-110.240507,,NORTH_AMERICA,Baja California Sur,2024,2,21,2024-02-21T17:54,True,Robin Gwen Agarwal,iNaturalist,http://creativecommons.org/licenses/by-nc/4.0/,Robin Gwen Agarwal,https://inaturalist-open-data.s3.amazonaws.com/photos/355398157/original.jpg; https://inaturalist-open-data.s3.amazonaws.com/photos/355398174/original.jpg; https://inaturalist-open-data.s3.amazonaws.com/photos/355398178/original.jpg; https://inaturalist-open-data.s3.amazonaws.com/photos/355398181/original.jpg,k-mexico,2024-10-24 22:53:23
original_4596872529_1.jpeg,6109608,Thrinax radiata,1.6889999999999998,"Basilinna xantusii (Lawrence, 1861)",2476825,23.50596,-110.02371,,NORTH_AMERICA,Baja California Sur,2024,1,18,2024-01-18T13:28,True,Dan Sandri,iNaturalist,http://creativecommons.org/licenses/by-nc/4.0/,Dan Sandri,https://inaturalist-open-data.s3.amazonaws.com/photos/355960853/original.jpeg,k-mexico,2024-10-24 22:53:26
original_4596911791_1.jpeg,5406696,Ceiba aesculifolia,7.059,"Basilinna xantusii (Lawrence, 1861)",2476825,23.692251,-109.912768,55.0,NORTH_AMERICA,Baja California Sur,2023,12,19,2023-12-19T08:15,True,Enrique Flores García,iNaturalist,http://creativecommons.org/licenses/by-nc/4.0/,Enrique Flores García,https://inaturalist-open-data.s3.amazonaws.com/photos/356008430/original.jpeg; https://inaturalist-open-data.s3.amazonaws.com/photos/356008494/original.jpeg; https://inaturalist-open-data.s3.amazonaws.com/photos/356008497/original.jpeg,k-mexico,2024-10-24 22:53:29
original_4596911791_2.jpeg,2945453,Schizolobium parahyba,2.675,"Basilinna xantusii (Lawrence, 1861)",2476825,23.692251,-109.912768,55.0,NORTH_AMERICA,Baja California Sur,2023,12,19,2023-12-19T08:15,True,Enrique Flores García,iNaturalist,http://creativecommons.org/licenses/by-nc/4.0/,Enrique Flores García,https://inaturalist-open-data.s3.amazonaws.com/photos/356008430/original.jpeg; https://inaturalist-open-data.s3.amazonaws.com/photos/356008494/original.jpeg; https://inaturalist-open-data.s3.amazonaws.com/photos/356008497/original.jpeg,k-mexico,2024-10-24 22:53:31
original_4596911791_3.jpeg,8185162,Symphonia globulifera,4.623,"Basilinna xantusii (Lawrence, 1861)",2476825,23.692251,-109.912768,55.0,NORTH_AMERICA,Baja California Sur,2023,12,19,2023-12-19T08:15,True,Enrique Flores García,iNaturalist,http://creativecommons.org/licenses/by-nc/4.0/,Enrique Flores García,https://inaturalist-open-data.s3.amazonaws.com/photos/356008430/original.jpeg; https://inaturalist-open-data.s3.amazonaws.com/photos/356008494/original.jpeg; https://inaturalist-open-data.s3.amazonaws.com/photos/356008497/original.jpeg,k-mexico,2024-10-24 22:53:33
original_4596940924_9.jpeg,5349516,Erythrina flabelliformis,49.666,"Basilinna xantusii (Lawrence, 1861)",2476825,25.830697,-111.326286,4.0,NORTH_AMERICA,Baja California Sur,2024,2,24,2024-02-24T11:17,True,Sula Vanderplank,iNaturalist,http://creativecommons.org/licenses/by/4.0/,Sula Vanderplank,https://inaturalist-open-data.s3.amazonaws.com/photos/356806807/original.jpeg; https://inaturalist-open-data.s3.amazonaws.com/photos/356806818/original.jpeg; https://inaturalist-open-data.s3.amazonaws.com/photos/356806830/original.jpeg; https://inaturalist-open-data.s3.amazonaws.com/photos/356806834/original.jpeg; https://inaturalist-open-data.s3.amazonaws.com/photos/356806846/original.jpeg; https://inaturalist-open-data.s3.amazonaws.com/photos/356806858/original.jpeg; https://inaturalist-open-data.s3.amazonaws.com/photos/356806863/original.jpeg; https://inaturalist-open-data.s3.amazonaws.com/photos/356806871/original.jpeg; https://inaturalist-open-data.s3.amazonaws.com/photos/356806886/original.jpeg; https://inaturalist-open-data.s3.amazonaws.com/photos/356806900/original.jpeg; https://inaturalist-open-data.s3.amazonaws.com/photos/356806915/original.jpeg; https://inaturalist-open-data.s3.amazonaws.com/photos/356806919/original.jpeg,k-mexico,2024-10-24 22:53:39
original_4596950630_1.jpeg,4202717,Echeveria coccinea,4.272,"Basilinna xantusii (Lawrence, 1861)",2476825,23.687011,-109.917289,4.0,NORTH_AMERICA,Baja California Sur,2024,3,7,2024-03-07T09:32,True,kathleenmitchell,iNaturalist,http://creativecommons.org/licenses/by-nc/4.0/,kathleenmitchell,https://inaturalist-open-data.s3.amazonaws.com/photos/356706183/original.jpeg; https://inaturalist-open-data.s3.amazonaws.com/photos/356706199/original.jpeg; https://inaturalist-open-data.s3.amazonaws.com/photos/356706201/original.jpeg,k-mexico,2024-10-24 22:53:42
original_4596972744_1.jpeg,2777724,Aloe vera,92.304,"Basilinna xantusii (Lawrence, 1861)",2476825,23.498513,-109.790386,,NORTH_AMERICA,Baja California Sur,2024,3,9,2024-03-09T08:42,True,Pat Deacon,iNaturalist,http://creativecommons.org/licenses/by-nc/4.0/,Pat Deacon,https://inaturalist-open-data.s3.amazonaws.com/photos/356757406/original.jpeg,k-mexico,2024-10-24 22:53:45
original_4597026776_3.jpeg,2879752,Quercus gravesii,12.024,"Basilinna xantusii (Lawrence, 1861)",2476825,23.550262,-109.985324,31.0,NORTH_AMERICA,Baja California Sur,2024,2,16,2024-02-16T07:59,True,Enrique Flores García,iNaturalist,http://creativecommons.org/licenses/by-nc/4.0/,Enrique Flores García,https://inaturalist-open-data.s3.amazonaws.com/photos/357408412/original.jpeg; https://inaturalist-open-data.s3.amazonaws.com/photos/357408453/original.jpeg; https://inaturalist-open-data.s3.amazonaws.com/photos/357408460/original.jpeg,k-mexico,2024-10-24 22:53:53
original_4597030616_1.jpeg,2882802,Arbutus menziesii,14.588000000000001,"Basilinna xantusii (Lawrence, 1861)",2476825,23.559173,-109.98787,212.0,NORTH_AMERICA,Baja California Sur,2024,2,14,2024-02-14T14:23,True,Enrique Flores García,iNaturalist,http://creativecommons.org/licenses/by-nc/4.0/,Enrique Flores García,https://inaturalist-open-data.s3.amazonaws.com/photos/357268278/original.jpeg; https://inaturalist-open-data.s3.amazonaws.com/photos/357268285/original.jpeg; https://inaturalist-open-data.s3.amazonaws.com/photos/357268353/original.jpeg; https://inaturalist-open-data.s3.amazonaws.com/photos/357268373/original.jpeg,k-mexico,2024-10-24 22:53:56
original_4597030616_3.jpeg,2882802,Arbutus menziesii,37.963,"Basilinna xantusii (Lawrence, 1861)",2476825,23.559173,-109.98787,212.0,NORTH_AMERICA,Baja California Sur,2024,2,14,2024-02-14T14:23,True,Enrique Flores García,iNaturalist,http://creativecommons.org/licenses/by-nc/4.0/,Enrique Flores García,https://inaturalist-open-data.s3.amazonaws.com/photos/357268278/original.jpeg; https://inaturalist-open-data.s3.amazonaws.com/photos/357268285/original.jpeg; https://inaturalist-open-data.s3.amazonaws.com/photos/357268353/original.jpeg; https://inaturalist-open-data.s3.amazonaws.com/photos/357268373/original.jpeg,k-mexico,2024-10-24 22:53:58
original_4597030616_4.jpeg,2882802,Arbutus menziesii,35.455999999999996,"Basilinna xantusii (Lawrence, 1861)",2476825,23.559173,-109.98787,212.0,NORTH_AMERICA,Baja California Sur,2024,2,14,2024-02-14T14:23,True,Enrique Flores García,iNaturalist,http://creativecommons.org/licenses/by-nc/4.0/,Enrique Flores García,https://inaturalist-open-data.s3.amazonaws.com/photos/357268278/original.jpeg; https://inaturalist-open-data.s3.amazonaws.com/photos/357268285/original.jpeg; https://inaturalist-open-data.s3.amazonaws.com/photos/357268353/original.jpeg; https://inaturalist-open-data.s3.amazonaws.com/photos/357268373/original.jpeg,k-mexico,2024-10-24 22:54:00
original_4597350725_2.jpeg,5372984,Salix bonplandiana,51.315,"Basilinna xantusii (Lawrence, 1861)",2476825,23.694938,-109.91642,61.0,NORTH_AMERICA,Baja California Sur,2023,12,18,2023-12-18T07:20,True,Enrique Flores García,iNaturalist,http://creativecommons.org/licenses/by-nc/4.0/,Enrique Flores García,https://inaturalist-open-data.s3.amazonaws.com/photos/356007002/original.jpeg; https://inaturalist-open-data.s3.amazonaws.com/photos/356007007/original.jpeg,k-mexico,2024-10-24 22:54:04
original_4597364850_1.jpeg,2777724,Aloe vera,85.166,"Basilinna xantusii (Lawrence, 1861)",2476825,23.498583,-109.790371,,NORTH_AMERICA,Baja California Sur,2024,3,8,2024-03-08T09:14,True,Pat Deacon,iNaturalist,http://creativecommons.org/licenses/by-nc/4.0/,Pat Deacon,https://inaturalist-open-data.s3.amazonaws.com/photos/356758565/original.jpeg; https://inaturalist-open-data.s3.amazonaws.com/photos/356758566/original.jpeg,k-mexico,2024-10-24 22:54:07
original_4597364850_2.jpeg,2777724,Aloe vera,78.251,"Basilinna xantusii (Lawrence, 1861)",2476825,23.498583,-109.790371,,NORTH_AMERICA,Baja California Sur,2024,3,8,2024-03-08T09:14,True,Pat Deacon,iNaturalist,http://creativecommons.org/licenses/by-nc/4.0/,Pat Deacon,https://inaturalist-open-data.s3.amazonaws.com/photos/356758565/original.jpeg; https://inaturalist-open-data.s3.amazonaws.com/photos/356758566/original.jpeg,k-mexico,2024-10-24 22:54:09
original_4597424744_1.jpeg,2777724,Aloe vera,81.779,"Basilinna xantusii (Lawrence, 1861)",2476825,23.498536,-109.790342,4.0,NORTH_AMERICA,Baja California Sur,2024,3,10,2024-03-10T08:22,True,Pat Deacon,iNaturalist,http://creativecommons.org/licenses/by-nc/4.0/,Pat Deacon,https://inaturalist-open-data.s3.amazonaws.com/photos/356756349/original.jpeg,k-mexico,2024-10-24 22:54:12
original_4597480894_1.jpg,Unknown,Unknown,0,"Basilinna xantusii (Lawrence, 1861)",2476825,23.365443,-110.176944,2.0,NORTH_AMERICA,Baja California Sur,2024,3,1,2024-03-01T11:06,True,Giff Beaton,iNaturalist,http://creativecommons.org/licenses/by-nc/4.0/,Giff Beaton,https://inaturalist-open-data.s3.amazonaws.com/photos/357545080/original.jpg,k-mexico,2024-10-24 22:54:13
original_4599919303_1.jpeg,5414593,Gambelia speciosa,7.675,"Basilinna xantusii (Lawrence, 1861)",2476825,23.405011,-110.270154,30175.0,NORTH_AMERICA,Baja California Sur,2023,1,5,2023-01-05T07:20,True,Zach Skubiszewski,iNaturalist,http://creativecommons.org/licenses/by-nc/4.0/,Zach Skubiszewski,https://inaturalist-open-data.s3.amazonaws.com/photos/359342005/original.jpeg,k-mexico,2024-10-24 22:54:18
original_4600118545_1.jpg,3173104,Justicia spicigera,9.191,"Basilinna xantusii (Lawrence, 1861)",2476825,23.363887,-109.775061,195.0,NORTH_AMERICA,Baja California Sur,2024,3,14,2024-03-14T12:01,True,Steven Mlodinow,iNaturalist,http://creativecommons.org/licenses/by-nc/4.0/,Steven Mlodinow,https://inaturalist-open-data.s3.amazonaws.com/photos/360164871/original.jpg,k-mexico,2024-10-24 22:54:22
original_4606923214_1.jpeg,2887136,Sideroxylon stenospermum,2.0740000000000003,"Basilinna xantusii (Lawrence, 1861)",2476825,23.746416,-110.11333,1614.0,NORTH_AMERICA,Baja California Sur,2024,3,26,2024-03-26T14:36,True,Raul Eduardo Gamez Benavides,iNaturalist,http://creativecommons.org/licenses/by-nc/4.0/,Raul Eduardo Gamez Benavides,https://inaturalist-open-data.s3.amazonaws.com/photos/362525405/original.jpeg,k-mexico,2024-10-24 22:54:26
original_4606974672_1.jpeg,2777724,Aloe vera,93.104,"Basilinna xantusii (Lawrence, 1861)",2476825,23.746922,-110.112903,1367.0,NORTH_AMERICA,Baja California Sur,2024,3,26,2024-03-26T15:41:16,True,Raul Eduardo Gamez Benavides,iNaturalist,http://creativecommons.org/licenses/by-nc/4.0/,Raul Eduardo Gamez Benavides,https://inaturalist-open-data.s3.amazonaws.com/photos/362525472/original.jpeg,k-mexico,2024-10-24 22:54:29
original_4607451221_1.jpg,2981879,Calliandra tergemina,2.5909999999999997,"Basilinna xantusii (Lawrence, 1861)",2476825,23.0526,-109.688922,298.0,NORTH_AMERICA,Baja California Sur,2024,3,25,2024-03-25T12:19,True,Stephen Cresswell,iNaturalist,http://creativecommons.org/licenses/by-nc-nd/4.0/,Stephen Cresswell,https://inaturalist-open-data.s3.amazonaws.com/photos/360457347/original.jpg; https://inaturalist-open-data.s3.amazonaws.com/photos/360457354/original.jpg,k-mexico,2024-10-24 22:54:33
original_4607451221_2.jpg,2962831,Pithecellobium dulce,7.867,"Basilinna xantusii (Lawrence, 1861)",2476825,23.0526,-109.688922,298.0,NORTH_AMERICA,Baja California Sur,2024,3,25,2024-03-25T12:19,True,Stephen Cresswell,iNaturalist,http://creativecommons.org/licenses/by-nc-nd/4.0/,Stephen Cresswell,https://inaturalist-open-data.s3.amazonaws.com/photos/360457347/original.jpg; https://inaturalist-open-data.s3.amazonaws.com/photos/360457354/original.jpg,k-mexico,2024-10-24 22:54:35
original_4607537879_1.jpeg,2959492,Gleditsia aquatica,6.628,"Basilinna xantusii (Lawrence, 1861)",2476825,23.547468,-109.952746,7948.0,NORTH_AMERICA,Baja California Sur,2024,3,25,2024-03-25T10:43:17,True,Raul Eduardo Gamez Benavides,iNaturalist,http://creativecommons.org/licenses/by-nc/4.0/,Raul Eduardo Gamez Benavides,https://inaturalist-open-data.s3.amazonaws.com/photos/362525569/original.jpeg,k-mexico,2024-10-24 22:54:38
original_4851853304_2.jpg,5407091,Annona purpurea,6.651999999999999,"Basilinna xantusii (Lawrence, 1861)",2476825,25.73853,-111.272895,20.0,NORTH_AMERICA,Baja California Sur,2024,4,28,2024-04-28T10:55:25,True,osciris,iNaturalist,http://creativecommons.org/licenses/by-nc/4.0/,osciris,https://inaturalist-open-data.s3.amazonaws.com/photos/373194242/original.jpg; https://inaturalist-open-data.s3.amazonaws.com/photos/373197217/original.jpg; https://inaturalist-open-data.s3.amazonaws.com/photos/373197470/original.jpg; https://inaturalist-open-data.s3.amazonaws.com/photos/373197642/original.jpg; https://inaturalist-open-data.s3.amazonaws.com/photos/373197828/original.jpg; https://inaturalist-open-data.s3.amazonaws.com/photos/373197981/original.jpg; https://inaturalist-open-data.s3.amazonaws.com/photos/373198129/original.jpg,k-mexico,2024-10-24 22:54:44
original_4851853304_3.jpg,5406679,Sterculia apetala,6.959999999999999,"Basilinna xantusii (Lawrence, 1861)",2476825,25.73853,-111.272895,20.0,NORTH_AMERICA,Baja California Sur,2024,4,28,2024-04-28T10:55:25,True,osciris,iNaturalist,http://creativecommons.org/licenses/by-nc/4.0/,osciris,https://inaturalist-open-data.s3.amazonaws.com/photos/373194242/original.jpg; https://inaturalist-open-data.s3.amazonaws.com/photos/373197217/original.jpg; https://inaturalist-open-data.s3.amazonaws.com/photos/373197470/original.jpg; https://inaturalist-open-data.s3.amazonaws.com/photos/373197642/original.jpg; https://inaturalist-open-data.s3.amazonaws.com/photos/373197828/original.jpg; https://inaturalist-open-data.s3.amazonaws.com/photos/373197981/original.jpg; https://inaturalist-open-data.s3.amazonaws.com/photos/373198129/original.jpg,k-mexico,2024-10-24 22:54:46
original_4851853304_6.jpg,5377064,Lepidium densiflorum,1.574,"Basilinna xantusii (Lawrence, 1861)",2476825,25.73853,-111.272895,20.0,NORTH_AMERICA,Baja California Sur,2024,4,28,2024-04-28T10:55:25,True,osciris,iNaturalist,http://creativecommons.org/licenses/by-nc/4.0/,osciris,https://inaturalist-open-data.s3.amazonaws.com/photos/373194242/original.jpg; https://inaturalist-open-data.s3.amazonaws.com/photos/373197217/original.jpg; https://inaturalist-open-data.s3.amazonaws.com/photos/373197470/original.jpg; https://inaturalist-open-data.s3.amazonaws.com/photos/373197642/original.jpg; https://inaturalist-open-data.s3.amazonaws.com/photos/373197828/original.jpg; https://inaturalist-open-data.s3.amazonaws.com/photos/373197981/original.jpg; https://inaturalist-open-data.s3.amazonaws.com/photos/373198129/original.jpg,k-mexico,2024-10-24 22:54:49
original_4852583194_1.jpeg,3094540,Flourensia cernua,8.626000000000001,"Basilinna xantusii (Lawrence, 1861)",2476825,25.797829,-111.345462,14.0,NORTH_AMERICA,Baja California Sur,2024,4,28,2024-04-28T07:17,True,la_sharkk,iNaturalist,http://creativecommons.org/licenses/by-nc/4.0/,la_sharkk,https://inaturalist-open-data.s3.amazonaws.com/photos/375280689/original.jpeg,k-mexico,2024-10-24 22:54:51
original_4855551738_1.jpg,3170473,Cryptostegia grandiflora,63.074,"Basilinna xantusii (Lawrence, 1861)",2476825,23.80425,-110.121025,5.0,NORTH_AMERICA,Baja California Sur,2024,4,5,2024-04-05T07:10:25,True,Joel Aarón,iNaturalist,http://creativecommons.org/licenses/by-nc/4.0/,Joel Aarón,https://inaturalist-open-data.s3.amazonaws.com/photos/377868352/original.jpg; https://inaturalist-open-data.s3.amazonaws.com/photos/377868405/original.jpg,k-mexico,2024-10-24 22:54:54
original_4863531371_1.jpg,2871003,Philodendron hederaceum,10.772,"Basilinna xantusii (Lawrence, 1861)",2476825,23.365938,-109.768549,488.0,NORTH_AMERICA,Baja California Sur,2024,4,27,2024-04-27T03:54,True,Miguel Angel,iNaturalist,http://creativecommons.org/licenses/by-nc/4.0/,Miguel Angel,https://inaturalist-open-data.s3.amazonaws.com/photos/378891745/original.jpg,k-mexico,2024-10-24 22:54:59
original_4863571579_1.jpeg,2889732,Eriogonum davidsonii,1.7489999999999999,"Basilinna xantusii (Lawrence, 1861)",2476825,25.775079,-111.342769,8.0,NORTH_AMERICA,Baja California Sur,2024,5,5,2024-05-05T13:13,True,Ginni Callahan,iNaturalist,http://creativecommons.org/licenses/by-nc/4.0/,Ginni Callahan,https://inaturalist-open-data.s3.amazonaws.com/photos/381197359/original.jpeg,k-mexico,2024-10-24 22:55:01
original_4863585313_1.jpeg,5406696,Ceiba aesculifolia,17.952,"Basilinna xantusii (Lawrence, 1861)",2476825,23.65022,-109.908904,115.0,NORTH_AMERICA,Baja California Sur,2024,5,5,2024-05-05T10:45:56,True,Alfredo Martínez Armendares,iNaturalist,http://creativecommons.org/licenses/by-nc/4.0/,Alfredo Martínez Armendares,https://inaturalist-open-data.s3.amazonaws.com/photos/380395046/original.jpeg,k-mexico,2024-10-24 22:55:04
original_4863713669_1.jpeg,3040983,Raphanus raphanistrum,0.672,"Basilinna xantusii (Lawrence, 1861)",2476825,37.352236,-118.422423,31.0,NORTH_AMERICA,California,2024,4,27,2024-04-27T08:10,True,Nancy Overholtz,iNaturalist,http://creativecommons.org/licenses/by-sa/4.0/,Nancy Overholtz,https://inaturalist-open-data.s3.amazonaws.com/photos/379568947/original.jpeg; https://inaturalist-open-data.s3.amazonaws.com/photos/379568962/original.jpeg; https://inaturalist-open-data.s3.amazonaws.com/photos/379568963/original.jpeg; https://inaturalist-open-data.s3.amazonaws.com/photos/379568965/original.jpeg,k-southwestern-u-s-a,2024-10-24 22:55:07
original_4863713669_3.jpeg,5285058,Pinus engelmannii,14.795,"Basilinna xantusii (Lawrence, 1861)",2476825,37.352236,-118.422423,31.0,NORTH_AMERICA,California,2024,4,27,2024-04-27T08:10,True,Nancy Overholtz,iNaturalist,http://creativecommons.org/licenses/by-sa/4.0/,Nancy Overholtz,https://inaturalist-open-data.s3.amazonaws.com/photos/379568947/original.jpeg; https://inaturalist-open-data.s3.amazonaws.com/photos/379568962/original.jpeg; https://inaturalist-open-data.s3.amazonaws.com/photos/379568963/original.jpeg; https://inaturalist-open-data.s3.amazonaws.com/photos/379568965/original.jpeg,k-southwestern-u-s-a,2024-10-24 22:55:11
original_4863713669_4.jpeg,2927917,Linanthus dichotomus,14.135,"Basilinna xantusii (Lawrence, 1861)",2476825,37.352236,-118.422423,31.0,NORTH_AMERICA,California,2024,4,27,2024-04-27T08:10,True,Nancy Overholtz,iNaturalist,http://creativecommons.org/licenses/by-sa/4.0/,Nancy Overholtz,https://inaturalist-open-data.s3.amazonaws.com/photos/379568947/original.jpeg; https://inaturalist-open-data.s3.amazonaws.com/photos/379568962/original.jpeg; https://inaturalist-open-data.s3.amazonaws.com/photos/379568963/original.jpeg; https://inaturalist-open-data.s3.amazonaws.com/photos/379568965/original.jpeg,k-southwestern-u-s-a,2024-10-24 22:55:13
original_4867650228_1.jpeg,2970418,Leucaena leucocephala,42.884,"Basilinna xantusii (Lawrence, 1861)",2476825,23.6857,-109.69956,189.0,NORTH_AMERICA,Baja California Sur,2024,5,19,2024-05-19T13:36,True,isaivillalobos,iNaturalist,http://creativecommons.org/licenses/by-nc/4.0/,isaivillalobos,https://inaturalist-open-data.s3.amazonaws.com/photos/383810280/original.jpeg; https://inaturalist-open-data.s3.amazonaws.com/photos/383810299/original.jpeg; https://inaturalist-open-data.s3.amazonaws.com/photos/383810337/original.jpeg; https://inaturalist-open-data.s3.amazonaws.com/photos/383810383/original.jpeg; https://inaturalist-open-data.s3.amazonaws.com/photos/383810407/original.jpeg; https://inaturalist-open-data.s3.amazonaws.com/photos/383810431/original.jpeg,k-mexico,2024-10-24 22:55:18
original_4867650228_2.jpeg,2970418,Leucaena leucocephala,48.75,"Basilinna xantusii (Lawrence, 1861)",2476825,23.6857,-109.69956,189.0,NORTH_AMERICA,Baja California Sur,2024,5,19,2024-05-19T13:36,True,isaivillalobos,iNaturalist,http://creativecommons.org/licenses/by-nc/4.0/,isaivillalobos,https://inaturalist-open-data.s3.amazonaws.com/photos/383810280/original.jpeg; https://inaturalist-open-data.s3.amazonaws.com/photos/383810299/original.jpeg; https://inaturalist-open-data.s3.amazonaws.com/photos/383810337/original.jpeg; https://inaturalist-open-data.s3.amazonaws.com/photos/383810383/original.jpeg; https://inaturalist-open-data.s3.amazonaws.com/photos/383810407/original.jpeg; https://inaturalist-open-data.s3.amazonaws.com/photos/383810431/original.jpeg,k-mexico,2024-10-24 22:55:20
original_4867650228_3.jpeg,2970418,Leucaena leucocephala,34.371,"Basilinna xantusii (Lawrence, 1861)",2476825,23.6857,-109.69956,189.0,NORTH_AMERICA,Baja California Sur,2024,5,19,2024-05-19T13:36,True,isaivillalobos,iNaturalist,http://creativecommons.org/licenses/by-nc/4.0/,isaivillalobos,https://inaturalist-open-data.s3.amazonaws.com/photos/383810280/original.jpeg; https://inaturalist-open-data.s3.amazonaws.com/photos/383810299/original.jpeg; https://inaturalist-open-data.s3.amazonaws.com/photos/383810337/original.jpeg; https://inaturalist-open-data.s3.amazonaws.com/photos/383810383/original.jpeg; https://inaturalist-open-data.s3.amazonaws.com/photos/383810407/original.jpeg; https://inaturalist-open-data.s3.amazonaws.com/photos/383810431/original.jpeg,k-mexico,2024-10-24 22:55:22
original_4867650228_4.jpeg,2970418,Leucaena leucocephala,75.032,"Basilinna xantusii (Lawrence, 1861)",2476825,23.6857,-109.69956,189.0,NORTH_AMERICA,Baja California Sur,2024,5,19,2024-05-19T13:36,True,isaivillalobos,iNaturalist,http://creativecommons.org/licenses/by-nc/4.0/,isaivillalobos,https://inaturalist-open-data.s3.amazonaws.com/photos/383810280/original.jpeg; https://inaturalist-open-data.s3.amazonaws.com/photos/383810299/original.jpeg; https://inaturalist-open-data.s3.amazonaws.com/photos/383810337/original.jpeg; https://inaturalist-open-data.s3.amazonaws.com/photos/383810383/original.jpeg; https://inaturalist-open-data.s3.amazonaws.com/photos/383810407/original.jpeg; https://inaturalist-open-data.s3.amazonaws.com/photos/383810431/original.jpeg,k-mexico,2024-10-24 22:55:24
original_4867650228_5.jpeg,2970418,Leucaena leucocephala,68.464,"Basilinna xantusii (Lawrence, 1861)",2476825,23.6857,-109.69956,189.0,NORTH_AMERICA,Baja California Sur,2024,5,19,2024-05-19T13:36,True,isaivillalobos,iNaturalist,http://creativecommons.org/licenses/by-nc/4.0/,isaivillalobos,https://inaturalist-open-data.s3.amazonaws.com/photos/383810280/original.jpeg; https://inaturalist-open-data.s3.amazonaws.com/photos/383810299/original.jpeg; https://inaturalist-open-data.s3.amazonaws.com/photos/383810337/original.jpeg; https://inaturalist-open-data.s3.amazonaws.com/photos/383810383/original.jpeg; https://inaturalist-open-data.s3.amazonaws.com/photos/383810407/original.jpeg; https://inaturalist-open-data.s3.amazonaws.com/photos/383810431/original.jpeg,k-mexico,2024-10-24 22:55:26
original_4867650228_6.jpeg,2970418,Leucaena leucocephala,33.15,"Basilinna xantusii (Lawrence, 1861)",2476825,23.6857,-109.69956,189.0,NORTH_AMERICA,Baja California Sur,2024,5,19,2024-05-19T13:36,True,isaivillalobos,iNaturalist,http://creativecommons.org/licenses/by-nc/4.0/,isaivillalobos,https://inaturalist-open-data.s3.amazonaws.com/photos/383810280/original.jpeg; https://inaturalist-open-data.s3.amazonaws.com/photos/383810299/original.jpeg; https://inaturalist-open-data.s3.amazonaws.com/photos/383810337/original.jpeg; https://inaturalist-open-data.s3.amazonaws.com/photos/383810383/original.jpeg; https://inaturalist-open-data.s3.amazonaws.com/photos/383810407/original.jpeg; https://inaturalist-open-data.s3.amazonaws.com/photos/383810431/original.jpeg,k-mexico,2024-10-24 22:55:28
original_4867689035_2.jpg,7286788,Bursera bipinnata,21.41,"Basilinna xantusii (Lawrence, 1861)",2476825,25.893658,-111.482178,,NORTH_AMERICA,Baja California Sur,2024,5,15,2024-05-15T17:57,True,Abraham Sánchez Romero,iNaturalist,http://creativecommons.org/licenses/by/4.0/,Abraham Sánchez Romero,https://inaturalist-open-data.s3.amazonaws.com/photos/382760123/original.jpg; https://inaturalist-open-data.s3.amazonaws.com/photos/382760131/original.jpg,k-mexico,2024-10-24 22:55:31
original_4867914225_1.jpeg,2945453,Schizolobium parahyba,3.19,"Basilinna xantusii (Lawrence, 1861)",2476825,22.93483,-109.835947,488.0,NORTH_AMERICA,Baja California Sur,2024,5,8,2024-05-08T08:45,True,Diana Fuentes,iNaturalist,http://creativecommons.org/licenses/by-sa/4.0/,Diana Fuentes,https://inaturalist-open-data.s3.amazonaws.com/photos/381697231/original.jpeg,k-mexico,2024-10-24 22:55:34
original_4868051310_1.jpeg,3974744,Vachellia nilotica,9.237,"Basilinna xantusii (Lawrence, 1861)",2476825,25.893627,-111.482145,30.0,NORTH_AMERICA,Baja California Sur,2024,5,16,2024-05-16T16:23,True,Ginni Callahan,iNaturalist,http://creativecommons.org/licenses/by-nc/4.0/,Ginni Callahan,https://inaturalist-open-data.s3.amazonaws.com/photos/383793772/original.jpeg,k-mexico,2024-10-24 22:55:36
original_4892126627_1.jpg,3795445,Vachellia macracantha,3.9309999999999996,"Basilinna xantusii (Lawrence, 1861)",2476825,26.020808,-111.344938,4.0,NORTH_AMERICA,Baja California Sur,2024,6,5,2024-06-05T18:47,True,pconde,iNaturalist,http://creativecommons.org/licenses/by-nc/4.0/,pconde,https://inaturalist-open-data.s3.amazonaws.com/photos/390985076/original.jpg,k-mexico,2024-10-24 22:55:42
original_4901857961_1.jpeg,3084384,Stenocereus thurberi,6.369,"Basilinna xantusii (Lawrence, 1861)",2476825,23.868004,-110.395319,30133.0,NORTH_AMERICA,Baja California Sur,2024,3,2,2024-03-02T10:14,True,Diana Bareño V.,iNaturalist,http://creativecommons.org/licenses/by-nc/4.0/,Diana Bareño V.,https://inaturalist-open-data.s3.amazonaws.com/photos/393719238/original.jpeg; https://inaturalist-open-data.s3.amazonaws.com/photos/393719242/original.jpeg,k-mexico,2024-10-24 22:55:44
original_4901984295_1.jpg,2928783,Nicotiana glauca,81.093,"Basilinna xantusii (Lawrence, 1861)",2476825,25.860904,-111.543476,543.0,NORTH_AMERICA,Baja California Sur,2024,6,12,2024-06-12T18:55,True,Edgar Lima Garrido,iNaturalist,http://creativecommons.org/licenses/by-nc/4.0/,Edgar Lima Garrido,https://inaturalist-open-data.s3.amazonaws.com/photos/393928928/original.jpg,k-mexico,2024-10-24 22:55:46
original_4908350528_1.jpeg,4092242,Handroanthus impetiginosus,7.5520000000000005,"Basilinna xantusii (Lawrence, 1861)",2476825,23.080389,-109.67708,5.0,NORTH_AMERICA,Baja California Sur,2024,7,10,2024-07-10T18:34:07,True,Pía Garcia,iNaturalist,http://creativecommons.org/licenses/by-nc/4.0/,Pía Garcia,https://inaturalist-open-data.s3.amazonaws.com/photos/406198017/original.jpeg; https://inaturalist-open-data.s3.amazonaws.com/photos/406198040/original.jpeg,k-mexico,2024-10-24 22:55:48
original_4908350528_2.jpeg,4092242,Handroanthus impetiginosus,8.369,"Basilinna xantusii (Lawrence, 1861)",2476825,23.080389,-109.67708,5.0,NORTH_AMERICA,Baja California Sur,2024,7,10,2024-07-10T18:34:07,True,Pía Garcia,iNaturalist,http://creativecommons.org/licenses/by-nc/4.0/,Pía Garcia,https://inaturalist-open-data.s3.amazonaws.com/photos/406198017/original.jpeg; https://inaturalist-open-data.s3.amazonaws.com/photos/406198040/original.jpeg,k-mexico,2024-10-24 22:55:50
original_4910641461_1.jpg,2928783,Nicotiana glauca,92.31899999999999,"Basilinna xantusii (Lawrence, 1861)",2476825,23.055909,-109.688353,1458.0,NORTH_AMERICA,Baja California Sur,2019,4,4,2019-04-04T08:40,True,Chris G Earley,iNaturalist,http://creativecommons.org/licenses/by-nc/4.0/,Chris G Earley,https://inaturalist-open-data.s3.amazonaws.com/photos/410244654/original.jpg,k-mexico,2024-10-24 22:55:53
original_4919360851_1.jpeg,6109699,Phoenix dactylifera,11.999,"Basilinna xantusii (Lawrence, 1861)",2476825,27.296676,-112.882307,31.0,NORTH_AMERICA,Baja California Sur,2024,6,11,2024-06-11T08:18,True,Enrique Flores García,iNaturalist,http://creativecommons.org/licenses/by-nc/4.0/,Enrique Flores García,https://inaturalist-open-data.s3.amazonaws.com/photos/412033346/original.jpeg; https://inaturalist-open-data.s3.amazonaws.com/photos/412033405/original.jpeg,k-mexico,2024-10-24 22:55:56
original_4919360851_2.jpeg,6109699,Phoenix dactylifera,8.273,"Basilinna xantusii (Lawrence, 1861)",2476825,27.296676,-112.882307,31.0,NORTH_AMERICA,Baja California Sur,2024,6,11,2024-06-11T08:18,True,Enrique Flores García,iNaturalist,http://creativecommons.org/licenses/by-nc/4.0/,Enrique Flores García,https://inaturalist-open-data.s3.amazonaws.com/photos/412033346/original.jpeg; https://inaturalist-open-data.s3.amazonaws.com/photos/412033405/original.jpeg,k-mexico,2024-10-24 22:55:58
original_4919606967_1.jpeg,3974744,Vachellia nilotica,56.593,"Basilinna xantusii (Lawrence, 1861)",2476825,27.260378,-112.93153,15.0,NORTH_AMERICA,Baja California Sur,2024,6,12,2024-06-12T10:29,True,Enrique Flores García,iNaturalist,http://creativecommons.org/licenses/by-nc/4.0/,Enrique Flores García,https://inaturalist-open-data.s3.amazonaws.com/photos/412055726/original.jpeg; https://inaturalist-open-data.s3.amazonaws.com/photos/412055732/original.jpeg,k-mexico,2024-10-24 22:56:01
original_4919692129_1.jpeg,2736812,Brahea dulcis,12.246,"Basilinna xantusii (Lawrence, 1861)",2476825,27.298206,-112.89777,15.0,NORTH_AMERICA,Baja California Sur,2024,6,11,2024-06-11T16:31,True,Enrique Flores García,iNaturalist,http://creativecommons.org/licenses/by-nc/4.0/,Enrique Flores García,https://inaturalist-open-data.s3.amazonaws.com/photos/412043370/original.jpeg; https://inaturalist-open-data.s3.amazonaws.com/photos/412043389/original.jpeg; https://inaturalist-open-data.s3.amazonaws.com/photos/412043392/original.jpeg; https://inaturalist-open-data.s3.amazonaws.com/photos/412043465/original.jpeg,k-mexico,2024-10-24 22:56:04
original_4919692129_2.jpeg,5294595,Washingtonia robusta,9.229999999999999,"Basilinna xantusii (Lawrence, 1861)",2476825,27.298206,-112.89777,15.0,NORTH_AMERICA,Baja California Sur,2024,6,11,2024-06-11T16:31,True,Enrique Flores García,iNaturalist,http://creativecommons.org/licenses/by-nc/4.0/,Enrique Flores García,https://inaturalist-open-data.s3.amazonaws.com/photos/412043370/original.jpeg; https://inaturalist-open-data.s3.amazonaws.com/photos/412043389/original.jpeg; https://inaturalist-open-data.s3.amazonaws.com/photos/412043392/original.jpeg; https://inaturalist-open-data.s3.amazonaws.com/photos/412043465/original.jpeg,k-mexico,2024-10-24 22:56:06
original_4919692129_3.jpeg,2732676,Attalea cohune,5.203,"Basilinna xantusii (Lawrence, 1861)",2476825,27.298206,-112.89777,15.0,NORTH_AMERICA,Baja California Sur,2024,6,11,2024-06-11T16:31,True,Enrique Flores García,iNaturalist,http://creativecommons.org/licenses/by-nc/4.0/,Enrique Flores García,https://inaturalist-open-data.s3.amazonaws.com/photos/412043370/original.jpeg; https://inaturalist-open-data.s3.amazonaws.com/photos/412043389/original.jpeg; https://inaturalist-open-data.s3.amazonaws.com/photos/412043392/original.jpeg; https://inaturalist-open-data.s3.amazonaws.com/photos/412043465/original.jpeg,k-mexico,2024-10-24 22:56:09
original_4919692129_4.jpeg,5294595,Washingtonia robusta,3.036,"Basilinna xantusii (Lawrence, 1861)",2476825,27.298206,-112.89777,15.0,NORTH_AMERICA,Baja California Sur,2024,6,11,2024-06-11T16:31,True,Enrique Flores García,iNaturalist,http://creativecommons.org/licenses/by-nc/4.0/,Enrique Flores García,https://inaturalist-open-data.s3.amazonaws.com/photos/412043370/original.jpeg; https://inaturalist-open-data.s3.amazonaws.com/photos/412043389/original.jpeg; https://inaturalist-open-data.s3.amazonaws.com/photos/412043392/original.jpeg; https://inaturalist-open-data.s3.amazonaws.com/photos/412043465/original.jpeg,k-mexico,2024-10-24 22:56:11
original_4919697458_1.jpeg,3765871,Ficus retusa,9.043,"Basilinna xantusii (Lawrence, 1861)",2476825,23.449942,-110.223678,26.0,NORTH_AMERICA,Baja California Sur,2024,7,17,2024-07-17T16:57:20,True,sira19,iNaturalist,http://creativecommons.org/licenses/by-nc/4.0/,sira19,https://inaturalist-open-data.s3.amazonaws.com/photos/412485024/original.jpeg,k-mexico,2024-10-24 22:56:14
original_4921434666_1.jpeg,7720664,Simarouba amara,13.979,"Basilinna xantusii (Lawrence, 1861)",2476825,23.08039,-109.676968,2.0,NORTH_AMERICA,Baja California Sur,2024,7,25,2024-07-25T22:23,True,Pía Garcia,iNaturalist,http://creativecommons.org/licenses/by-nc/4.0/,Pía Garcia,https://inaturalist-open-data.s3.amazonaws.com/photos/414296936/original.jpeg,k-mexico,2024-10-24 22:56:16
original_4921470702_1.jpeg,2928783,Nicotiana glauca,81.438,"Basilinna xantusii (Lawrence, 1861)",2476825,23.73565,-109.842444,5.0,NORTH_AMERICA,Baja California Sur,2024,8,1,2024-08-01T11:22,True,Álvaro San José,iNaturalist,http://creativecommons.org/licenses/by-nc/4.0/,Álvaro San José,https://inaturalist-open-data.s3.amazonaws.com/photos/416286558/original.jpeg,k-mexico,2024-10-24 22:56:19
original_4921488324_1.jpg,5361938,Ficus citrifolia,41.31,"Basilinna xantusii (Lawrence, 1861)",2476825,23.862125,-110.173825,186.0,NORTH_AMERICA,Baja California Sur,2023,7,22,2023-07-22T07:27,True,Tania Pérez Fiol,iNaturalist,http://creativecommons.org/licenses/by-nc/4.0/,Tania Pérez Fiol,https://inaturalist-open-data.s3.amazonaws.com/photos/414079310/original.jpg,k-mexico,2024-10-24 22:56:21
original_4921735687_1.jpeg,3943747,Isolatocereus dumortieri,6.433,"Basilinna xantusii (Lawrence, 1861)",2476825,26.891949,-111.985184,,NORTH_AMERICA,Baja California Sur,2024,7,19,2024-07-19T06:59:58,True,barbaranatural,iNaturalist,http://creativecommons.org/licenses/by-nc/4.0/,barbaranatural,https://inaturalist-open-data.s3.amazonaws.com/photos/414067354/original.jpeg; https://inaturalist-open-data.s3.amazonaws.com/photos/414067383/original.jpeg,k-mexico,2024-10-24 22:56:23
original_4921853931_1.jpeg,2705848,Urochloa mutica,8.572000000000001,"Basilinna xantusii (Lawrence, 1861)",2476825,26.214977,-112.028363,41.0,NORTH_AMERICA,Baja California Sur,2024,6,17,2024-06-17T08:04,True,Enrique Flores García,iNaturalist,http://creativecommons.org/licenses/by-nc/4.0/,Enrique Flores García,https://inaturalist-open-data.s3.amazonaws.com/photos/413344005/original.jpeg,k-mexico,2024-10-24 22:56:29
