imageFileName,gbifIDPlant,speciesPlant,scorePlant,scientificNameBird,gbifIDBird,decimalLatitude,decimalLongitude,coordinateUncertaintyInMeters,continent,stateProvince,year,month,day,eventDate,dateFieldsValid,creator,publisher,license,rightsHolder,identifier,projectID,identificationDateTime
16263595543_05c8d2020d_b_2330735699_1.jpg,7661971,Bambusa vulgaris,14.291,"Thalurania glaucopis (J.F.Gmelin, 1788)",2476548,-24.26491,-48.411732,250.0,SOUTH_AMERICA,nan,,,,2015-03-02T00:00,False,Unknown,Unknown,Unknown,Unknown,http://live.staticflickr.com/8733/16263595543_05c8d2020d_b.jpg,k-brazil,2024-10-22 05:06:08
28711602183_f10c951386_b_2330728514_1.jpg,2650936,Nephrolepis biserrata,2.0060000000000002,"Thalurania glaucopis (J.F.Gmelin, 1788)",2476548,-23.483204,-45.16518,250.0,SOUTH_AMERICA,nan,,,,2015-08-15T00:00,False,Unknown,Unknown,Unknown,Unknown,http://live.staticflickr.com/8432/28711602183_f10c951386_b.jpg,k-brazil,2024-10-22 05:06:10
29992343883_8ec8fcfae6_b_2330745576_2.jpg,3039424,Ziziphus mauritiana,3.7969999999999997,"Thalurania glaucopis (J.F.Gmelin, 1788)",2476548,-22.431925,-44.614956,250.0,SOUTH_AMERICA,nan,,,,2012-02-29T00:00,False,Unknown,Unknown,Unknown,Unknown,https://live.staticflickr.com/5774/29992343883_8ec8fcfae6_b.jpg; https://live.staticflickr.com/8670/29992341583_93fba4cbff_b.jpg,k-brazil,2024-10-22 05:06:14
30565013455_4e0b17e16a_b_2330743865_1.jpg,7298432,Adenocalymma inundatum,3.2070000000000003,"Thalurania glaucopis (J.F.Gmelin, 1788)",2476548,-22.967552,-43.224121,250.0,SOUTH_AMERICA,nan,,,,2012-02-26T00:00,False,Unknown,Unknown,Unknown,Unknown,http://live.staticflickr.com/5464/30565013455_4e0b17e16a_b.jpg,k-brazil,2024-10-22 05:06:15
51019964713_940ff59636_b_3388458717_2.jpg,5349528,Erythrina speciosa,83.39800000000001,"Thalurania glaucopis (J.F.Gmelin, 1788)",2476548,-26.504557,-49.126537,250.0,SOUTH_AMERICA,nan,,,,2013-08-29T00:00,False,Unknown,Unknown,Unknown,Unknown,https://live.staticflickr.com/65535/51019964713_940ff59636_b.jpg; https://live.staticflickr.com/65535/51020692371_369422afb8_b.jpg; https://live.staticflickr.com/65535/51020692811_71ef96e69b_b.jpg,k-brazil,2024-10-22 05:06:18
51020692371_369422afb8_b_3388458717_3.jpg,5349528,Erythrina speciosa,81.16,"Thalurania glaucopis (J.F.Gmelin, 1788)",2476548,-26.504557,-49.126537,250.0,SOUTH_AMERICA,nan,,,,2013-08-29T00:00,False,Unknown,Unknown,Unknown,Unknown,https://live.staticflickr.com/65535/51019964713_940ff59636_b.jpg; https://live.staticflickr.com/65535/51020692371_369422afb8_b.jpg; https://live.staticflickr.com/65535/51020692811_71ef96e69b_b.jpg,k-brazil,2024-10-22 05:06:20
51020692811_71ef96e69b_b_3388458717_1.jpg,5349528,Erythrina speciosa,67.29,"Thalurania glaucopis (J.F.Gmelin, 1788)",2476548,-26.504557,-49.126537,250.0,SOUTH_AMERICA,nan,,,,2013-08-29T00:00,False,Unknown,Unknown,Unknown,Unknown,https://live.staticflickr.com/65535/51019964713_940ff59636_b.jpg; https://live.staticflickr.com/65535/51020692371_369422afb8_b.jpg; https://live.staticflickr.com/65535/51020692811_71ef96e69b_b.jpg,k-brazil,2024-10-22 05:06:21
51989454467_d55c16ed68_b_4176627247_1.jpg,3172977,Pachystachys spicata,0.11399999999999999,"Thalurania glaucopis (J.F.Gmelin, 1788)",2476548,-29.159027,-49.984085,250.0,SOUTH_AMERICA,nan,,,,2022-03-27T00:00,False,Unknown,Unknown,Unknown,Unknown,https://live.staticflickr.com/65535/51989454467_d55c16ed68_b.jpg,k-brazil,2024-10-22 05:06:23
8016217008_8c1890009b_b_2330737232_4.jpg,5341784,Physalis peruviana,0.28900000000000003,"Thalurania glaucopis (J.F.Gmelin, 1788)",2476548,-22.431925,-44.614956,250.0,SOUTH_AMERICA,nan,,,,2012-08-12T00:00,False,Unknown,Unknown,Unknown,Unknown,http://live.staticflickr.com/8031/8016217008_8c1890009b_b.jpg; http://live.staticflickr.com/8309/8016382810_15585ed415_b.jpg; http://live.staticflickr.com/8317/8016630779_72e95898cf_b.jpg; http://live.staticflickr.com/8442/8016168718_28ec6b7570_b.jpg,k-brazil,2024-10-22 05:06:26
original_1088945922_1.JPG,2932944,Capsicum annuum,4.83,"Thalurania glaucopis (J.F.Gmelin, 1788)",2476548,-22.369822,-44.628469,23061.0,SOUTH_AMERICA,Rio de Janeiro,,,,2006-10-24T12:23:02,False,Terry Rosenmeier,iNaturalist,http://creativecommons.org/licenses/by-nc/4.0/,Terry Rosenmeier,https://inaturalist-open-data.s3.amazonaws.com/photos/1717057/original.JPG,k-brazil,2024-10-22 05:06:53
original_1453206007_1.jpeg,3866517,Bellucia pentamera,4.263999999999999,"Thalurania glaucopis (J.F.Gmelin, 1788)",2476548,-24.443674,-47.246574,46756.0,SOUTH_AMERICA,São Paulo,,,,2002-08-05T00:00,False,Alberto Tamietti,iNaturalist,http://creativecommons.org/licenses/by-nc/4.0/,Alberto Tamietti,https://inaturalist-open-data.s3.amazonaws.com/photos/5475502/original.jpeg,k-brazil,2024-10-22 05:06:55
original_1453206047_1.jpeg,2696530,Quesnelia testudo,1.882,"Thalurania glaucopis (J.F.Gmelin, 1788)",2476548,-24.443674,-47.246574,46756.0,SOUTH_AMERICA,São Paulo,,,,2002-08-05T00:00,False,Alberto Tamietti,iNaturalist,http://creativecommons.org/licenses/by-nc/4.0/,Alberto Tamietti,https://inaturalist-open-data.s3.amazonaws.com/photos/5475568/original.jpeg,k-brazil,2024-10-22 05:06:57
original_1457636246_1.jpeg,2907406,Chiococca alba,0.84,"Thalurania glaucopis (J.F.Gmelin, 1788)",2476548,-23.483483,-45.166673,2225.0,SOUTH_AMERICA,São Paulo,,,,2013-10-29T12:01,False,Carlos Sanchez,iNaturalist,http://creativecommons.org/licenses/by-nc/4.0/,Carlos Sanchez,https://inaturalist-open-data.s3.amazonaws.com/photos/7001387/original.jpeg,k-brazil,2024-10-22 05:07:01
original_1668812876_1.jpg,3762826,Brosimum rubescens,9.858,"Thalurania glaucopis (J.F.Gmelin, 1788)",2476548,-19.936828,-40.598329,2019.0,SOUTH_AMERICA,Espírito Santo,,,,2013-01-25,False,Instituto Últimos Refúgios,iNaturalist,http://creativecommons.org/licenses/by-nc/4.0/,Instituto Últimos Refúgios,https://inaturalist-open-data.s3.amazonaws.com/photos/10473831/original.jpg,k-brazil,2024-10-22 05:07:05
original_1668812961_1.jpg,5556447,Clusia grandiflora,4.6739999999999995,"Thalurania glaucopis (J.F.Gmelin, 1788)",2476548,-19.936828,-40.598329,2019.0,SOUTH_AMERICA,Espírito Santo,,,,2013-02-02,False,Instituto Últimos Refúgios,iNaturalist,http://creativecommons.org/licenses/by-nc/4.0/,Instituto Últimos Refúgios,https://inaturalist-open-data.s3.amazonaws.com/photos/10474553/original.jpg; https://inaturalist-open-data.s3.amazonaws.com/photos/10475269/original.jpg; https://inaturalist-open-data.s3.amazonaws.com/photos/10475270/original.jpg; https://inaturalist-open-data.s3.amazonaws.com/photos/10475271/original.jpg,k-brazil,2024-10-22 05:07:07
original_1668812961_2.jpg,3621740,Himatanthus articulatus,10.996,"Thalurania glaucopis (J.F.Gmelin, 1788)",2476548,-19.936828,-40.598329,2019.0,SOUTH_AMERICA,Espírito Santo,,,,2013-02-02,False,Instituto Últimos Refúgios,iNaturalist,http://creativecommons.org/licenses/by-nc/4.0/,Instituto Últimos Refúgios,https://inaturalist-open-data.s3.amazonaws.com/photos/10474553/original.jpg; https://inaturalist-open-data.s3.amazonaws.com/photos/10475269/original.jpg; https://inaturalist-open-data.s3.amazonaws.com/photos/10475270/original.jpg; https://inaturalist-open-data.s3.amazonaws.com/photos/10475271/original.jpg,k-brazil,2024-10-22 05:07:09
original_1668855619_1.jpg,4092242,Handroanthus impetiginosus,0.519,"Thalurania glaucopis (J.F.Gmelin, 1788)",2476548,-25.682916,-54.446139,205.0,SOUTH_AMERICA,Misiones,,,,2017-01-31T13:33,False,C Yasuda,iNaturalist,http://creativecommons.org/licenses/by-nc/4.0/,C Yasuda,https://inaturalist-open-data.s3.amazonaws.com/photos/10717563/original.jpg,k-southern-south-america,2024-10-22 05:07:19
original_1677324091_1.jpg,2760766,Heliconia hirsuta,6.542000000000001,"Thalurania glaucopis (J.F.Gmelin, 1788)",2476548,-22.4439,-42.7775,,SOUTH_AMERICA,Rio de Janeiro,,,,2015-12-20T10:33,False,A Lamberts,iNaturalist,http://creativecommons.org/licenses/by-nc/4.0/,A Lamberts,https://inaturalist-open-data.s3.amazonaws.com/photos/11301670/original.jpg,k-brazil,2024-10-22 05:07:21
original_1699369266_1.jpg,2874484,Carica papaya,92.054,"Thalurania glaucopis (J.F.Gmelin, 1788)",2476548,-22.451112,-42.771112,,SOUTH_AMERICA,Rio de Janeiro,,,,2015-12-24T16:47,False,A Lamberts,iNaturalist,http://creativecommons.org/licenses/by-nc/4.0/,A Lamberts,https://inaturalist-open-data.s3.amazonaws.com/photos/11412163/original.jpg,k-brazil,2024-10-22 05:07:23
original_1802647365_1.jpeg,6029771,Helicteres baruensis,3.779,"Thalurania glaucopis (J.F.Gmelin, 1788)",2476548,-27.600595,-48.519641,1475.0,SOUTH_AMERICA,Santa Catarina,,,,2017-04-24,False,Kahio Tiberio Mazon,iNaturalist,http://creativecommons.org/publicdomain/zero/1.0/,Kahio Tiberio Mazon,https://inaturalist-open-data.s3.amazonaws.com/photos/12161025/original.jpeg,k-brazil,2024-10-22 05:07:29
original_1802690437_1.jpg,5331145,Casearia aculeata,1.481,"Thalurania glaucopis (J.F.Gmelin, 1788)",2476548,-20.754866,-42.878579,6031.0,SOUTH_AMERICA,Minas Gerais,,,,2008-12-26,False,Marinês Eiterer,iNaturalist,http://creativecommons.org/licenses/by-nc/4.0/,Marinês Eiterer,https://inaturalist-open-data.s3.amazonaws.com/photos/12371784/original.jpg,k-brazil,2024-10-22 05:07:32
original_1805376098_1.jpg,3155772,Guatteria punctata,3.256,"Thalurania glaucopis (J.F.Gmelin, 1788)",2476548,-22.931533,-43.441845,86.0,SOUTH_AMERICA,Rio de Janeiro,,,,2008-03-01,False,leobalbi,iNaturalist,http://creativecommons.org/licenses/by-nc/4.0/,leobalbi,https://inaturalist-open-data.s3.amazonaws.com/photos/12659308/original.jpg,k-brazil,2024-10-22 05:07:40
original_1806343941_1.jpeg,2874574,Cucumis dipsaceus,0.8959999999999999,"Thalurania glaucopis (J.F.Gmelin, 1788)",2476548,-20.754866,-42.878579,6031.0,SOUTH_AMERICA,Minas Gerais,,,,2009-03-25,False,Marinês Eiterer,iNaturalist,http://creativecommons.org/licenses/by-nc/4.0/,Marinês Eiterer,https://inaturalist-open-data.s3.amazonaws.com/photos/13042992/original.jpeg,k-brazil,2024-10-22 05:07:42
original_1807308625_1.jpg,2898772,Palicourea guianensis,22.636,"Thalurania glaucopis (J.F.Gmelin, 1788)",2476548,-19.394665,-40.065264,59335.0,SOUTH_AMERICA,Espírito Santo,,,,2014-12-18,False,Instituto Últimos Refúgios,iNaturalist,http://creativecommons.org/licenses/by-nc/4.0/,Instituto Últimos Refúgios,https://inaturalist-open-data.s3.amazonaws.com/photos/13314239/original.jpg,k-brazil,2024-10-22 05:07:45
original_1838040650_1.jpg,7309398,Vitex megapotamica,5.151,"Thalurania glaucopis (J.F.Gmelin, 1788)",2476548,-22.369822,-44.628469,17077.0,SOUTH_AMERICA,Rio de Janeiro,,,,2018-03-24T19:33,False,Tanja,iNaturalist,http://creativecommons.org/licenses/by-nc/4.0/,Tanja,https://inaturalist-open-data.s3.amazonaws.com/photos/15034323/original.jpg; https://inaturalist-open-data.s3.amazonaws.com/photos/15034464/original.jpg; https://inaturalist-open-data.s3.amazonaws.com/photos/15034465/original.jpg; https://inaturalist-open-data.s3.amazonaws.com/photos/15034466/original.jpg; https://inaturalist-open-data.s3.amazonaws.com/photos/15034467/original.jpg; https://inaturalist-open-data.s3.amazonaws.com/photos/15034547/original.jpg; https://inaturalist-open-data.s3.amazonaws.com/photos/15034548/original.jpg; https://inaturalist-open-data.s3.amazonaws.com/photos/15034549/original.jpg; https://inaturalist-open-data.s3.amazonaws.com/photos/15034551/original.jpg; https://inaturalist-open-data.s3.amazonaws.com/photos/15034717/original.jpg; https://inaturalist-open-data.s3.amazonaws.com/photos/15034719/original.jpg; https://inaturalist-open-data.s3.amazonaws.com/photos/15034720/original.jpg; https://inaturalist-open-data.s3.amazonaws.com/photos/15034721/original.jpg; https://inaturalist-open-data.s3.amazonaws.com/photos/15034722/original.jpg,k-brazil,2024-10-22 05:07:51
original_1838040650_10.jpg,2931914,Solanum viarum,2.471,"Thalurania glaucopis (J.F.Gmelin, 1788)",2476548,-22.369822,-44.628469,17077.0,SOUTH_AMERICA,Rio de Janeiro,,,,2018-03-24T19:33,False,Tanja,iNaturalist,http://creativecommons.org/licenses/by-nc/4.0/,Tanja,https://inaturalist-open-data.s3.amazonaws.com/photos/15034323/original.jpg; https://inaturalist-open-data.s3.amazonaws.com/photos/15034464/original.jpg; https://inaturalist-open-data.s3.amazonaws.com/photos/15034465/original.jpg; https://inaturalist-open-data.s3.amazonaws.com/photos/15034466/original.jpg; https://inaturalist-open-data.s3.amazonaws.com/photos/15034467/original.jpg; https://inaturalist-open-data.s3.amazonaws.com/photos/15034547/original.jpg; https://inaturalist-open-data.s3.amazonaws.com/photos/15034548/original.jpg; https://inaturalist-open-data.s3.amazonaws.com/photos/15034549/original.jpg; https://inaturalist-open-data.s3.amazonaws.com/photos/15034551/original.jpg; https://inaturalist-open-data.s3.amazonaws.com/photos/15034717/original.jpg; https://inaturalist-open-data.s3.amazonaws.com/photos/15034719/original.jpg; https://inaturalist-open-data.s3.amazonaws.com/photos/15034720/original.jpg; https://inaturalist-open-data.s3.amazonaws.com/photos/15034721/original.jpg; https://inaturalist-open-data.s3.amazonaws.com/photos/15034722/original.jpg,k-brazil,2024-10-22 05:07:54
original_1838040650_11.jpg,2925303,Lantana camara,3.399,"Thalurania glaucopis (J.F.Gmelin, 1788)",2476548,-22.369822,-44.628469,17077.0,SOUTH_AMERICA,Rio de Janeiro,,,,2018-03-24T19:33,False,Tanja,iNaturalist,http://creativecommons.org/licenses/by-nc/4.0/,Tanja,https://inaturalist-open-data.s3.amazonaws.com/photos/15034323/original.jpg; https://inaturalist-open-data.s3.amazonaws.com/photos/15034464/original.jpg; https://inaturalist-open-data.s3.amazonaws.com/photos/15034465/original.jpg; https://inaturalist-open-data.s3.amazonaws.com/photos/15034466/original.jpg; https://inaturalist-open-data.s3.amazonaws.com/photos/15034467/original.jpg; https://inaturalist-open-data.s3.amazonaws.com/photos/15034547/original.jpg; https://inaturalist-open-data.s3.amazonaws.com/photos/15034548/original.jpg; https://inaturalist-open-data.s3.amazonaws.com/photos/15034549/original.jpg; https://inaturalist-open-data.s3.amazonaws.com/photos/15034551/original.jpg; https://inaturalist-open-data.s3.amazonaws.com/photos/15034717/original.jpg; https://inaturalist-open-data.s3.amazonaws.com/photos/15034719/original.jpg; https://inaturalist-open-data.s3.amazonaws.com/photos/15034720/original.jpg; https://inaturalist-open-data.s3.amazonaws.com/photos/15034721/original.jpg; https://inaturalist-open-data.s3.amazonaws.com/photos/15034722/original.jpg,k-brazil,2024-10-22 05:07:56
original_1838040650_13.jpg,2925303,Lantana camara,34.564,"Thalurania glaucopis (J.F.Gmelin, 1788)",2476548,-22.369822,-44.628469,17077.0,SOUTH_AMERICA,Rio de Janeiro,,,,2018-03-24T19:33,False,Tanja,iNaturalist,http://creativecommons.org/licenses/by-nc/4.0/,Tanja,https://inaturalist-open-data.s3.amazonaws.com/photos/15034323/original.jpg; https://inaturalist-open-data.s3.amazonaws.com/photos/15034464/original.jpg; https://inaturalist-open-data.s3.amazonaws.com/photos/15034465/original.jpg; https://inaturalist-open-data.s3.amazonaws.com/photos/15034466/original.jpg; https://inaturalist-open-data.s3.amazonaws.com/photos/15034467/original.jpg; https://inaturalist-open-data.s3.amazonaws.com/photos/15034547/original.jpg; https://inaturalist-open-data.s3.amazonaws.com/photos/15034548/original.jpg; https://inaturalist-open-data.s3.amazonaws.com/photos/15034549/original.jpg; https://inaturalist-open-data.s3.amazonaws.com/photos/15034551/original.jpg; https://inaturalist-open-data.s3.amazonaws.com/photos/15034717/original.jpg; https://inaturalist-open-data.s3.amazonaws.com/photos/15034719/original.jpg; https://inaturalist-open-data.s3.amazonaws.com/photos/15034720/original.jpg; https://inaturalist-open-data.s3.amazonaws.com/photos/15034721/original.jpg; https://inaturalist-open-data.s3.amazonaws.com/photos/15034722/original.jpg,k-brazil,2024-10-22 05:08:00
original_1838040650_14.jpg,2925385,Lippia alba,4.62,"Thalurania glaucopis (J.F.Gmelin, 1788)",2476548,-22.369822,-44.628469,17077.0,SOUTH_AMERICA,Rio de Janeiro,,,,2018-03-24T19:33,False,Tanja,iNaturalist,http://creativecommons.org/licenses/by-nc/4.0/,Tanja,https://inaturalist-open-data.s3.amazonaws.com/photos/15034323/original.jpg; https://inaturalist-open-data.s3.amazonaws.com/photos/15034464/original.jpg; https://inaturalist-open-data.s3.amazonaws.com/photos/15034465/original.jpg; https://inaturalist-open-data.s3.amazonaws.com/photos/15034466/original.jpg; https://inaturalist-open-data.s3.amazonaws.com/photos/15034467/original.jpg; https://inaturalist-open-data.s3.amazonaws.com/photos/15034547/original.jpg; https://inaturalist-open-data.s3.amazonaws.com/photos/15034548/original.jpg; https://inaturalist-open-data.s3.amazonaws.com/photos/15034549/original.jpg; https://inaturalist-open-data.s3.amazonaws.com/photos/15034551/original.jpg; https://inaturalist-open-data.s3.amazonaws.com/photos/15034717/original.jpg; https://inaturalist-open-data.s3.amazonaws.com/photos/15034719/original.jpg; https://inaturalist-open-data.s3.amazonaws.com/photos/15034720/original.jpg; https://inaturalist-open-data.s3.amazonaws.com/photos/15034721/original.jpg; https://inaturalist-open-data.s3.amazonaws.com/photos/15034722/original.jpg,k-brazil,2024-10-22 05:08:03
original_1838040650_2.jpg,5331147,Casearia decandra,1.661,"Thalurania glaucopis (J.F.Gmelin, 1788)",2476548,-22.369822,-44.628469,17077.0,SOUTH_AMERICA,Rio de Janeiro,,,,2018-03-24T19:33,False,Tanja,iNaturalist,http://creativecommons.org/licenses/by-nc/4.0/,Tanja,https://inaturalist-open-data.s3.amazonaws.com/photos/15034323/original.jpg; https://inaturalist-open-data.s3.amazonaws.com/photos/15034464/original.jpg; https://inaturalist-open-data.s3.amazonaws.com/photos/15034465/original.jpg; https://inaturalist-open-data.s3.amazonaws.com/photos/15034466/original.jpg; https://inaturalist-open-data.s3.amazonaws.com/photos/15034467/original.jpg; https://inaturalist-open-data.s3.amazonaws.com/photos/15034547/original.jpg; https://inaturalist-open-data.s3.amazonaws.com/photos/15034548/original.jpg; https://inaturalist-open-data.s3.amazonaws.com/photos/15034549/original.jpg; https://inaturalist-open-data.s3.amazonaws.com/photos/15034551/original.jpg; https://inaturalist-open-data.s3.amazonaws.com/photos/15034717/original.jpg; https://inaturalist-open-data.s3.amazonaws.com/photos/15034719/original.jpg; https://inaturalist-open-data.s3.amazonaws.com/photos/15034720/original.jpg; https://inaturalist-open-data.s3.amazonaws.com/photos/15034721/original.jpg; https://inaturalist-open-data.s3.amazonaws.com/photos/15034722/original.jpg,k-brazil,2024-10-22 05:08:05
original_1838040650_3.jpg,2925385,Lippia alba,17.775,"Thalurania glaucopis (J.F.Gmelin, 1788)",2476548,-22.369822,-44.628469,17077.0,SOUTH_AMERICA,Rio de Janeiro,,,,2018-03-24T19:33,False,Tanja,iNaturalist,http://creativecommons.org/licenses/by-nc/4.0/,Tanja,https://inaturalist-open-data.s3.amazonaws.com/photos/15034323/original.jpg; https://inaturalist-open-data.s3.amazonaws.com/photos/15034464/original.jpg; https://inaturalist-open-data.s3.amazonaws.com/photos/15034465/original.jpg; https://inaturalist-open-data.s3.amazonaws.com/photos/15034466/original.jpg; https://inaturalist-open-data.s3.amazonaws.com/photos/15034467/original.jpg; https://inaturalist-open-data.s3.amazonaws.com/photos/15034547/original.jpg; https://inaturalist-open-data.s3.amazonaws.com/photos/15034548/original.jpg; https://inaturalist-open-data.s3.amazonaws.com/photos/15034549/original.jpg; https://inaturalist-open-data.s3.amazonaws.com/photos/15034551/original.jpg; https://inaturalist-open-data.s3.amazonaws.com/photos/15034717/original.jpg; https://inaturalist-open-data.s3.amazonaws.com/photos/15034719/original.jpg; https://inaturalist-open-data.s3.amazonaws.com/photos/15034720/original.jpg; https://inaturalist-open-data.s3.amazonaws.com/photos/15034721/original.jpg; https://inaturalist-open-data.s3.amazonaws.com/photos/15034722/original.jpg,k-brazil,2024-10-22 05:08:07
original_1838040650_4.jpg,7309398,Vitex megapotamica,4.737,"Thalurania glaucopis (J.F.Gmelin, 1788)",2476548,-22.369822,-44.628469,17077.0,SOUTH_AMERICA,Rio de Janeiro,,,,2018-03-24T19:33,False,Tanja,iNaturalist,http://creativecommons.org/licenses/by-nc/4.0/,Tanja,https://inaturalist-open-data.s3.amazonaws.com/photos/15034323/original.jpg; https://inaturalist-open-data.s3.amazonaws.com/photos/15034464/original.jpg; https://inaturalist-open-data.s3.amazonaws.com/photos/15034465/original.jpg; https://inaturalist-open-data.s3.amazonaws.com/photos/15034466/original.jpg; https://inaturalist-open-data.s3.amazonaws.com/photos/15034467/original.jpg; https://inaturalist-open-data.s3.amazonaws.com/photos/15034547/original.jpg; https://inaturalist-open-data.s3.amazonaws.com/photos/15034548/original.jpg; https://inaturalist-open-data.s3.amazonaws.com/photos/15034549/original.jpg; https://inaturalist-open-data.s3.amazonaws.com/photos/15034551/original.jpg; https://inaturalist-open-data.s3.amazonaws.com/photos/15034717/original.jpg; https://inaturalist-open-data.s3.amazonaws.com/photos/15034719/original.jpg; https://inaturalist-open-data.s3.amazonaws.com/photos/15034720/original.jpg; https://inaturalist-open-data.s3.amazonaws.com/photos/15034721/original.jpg; https://inaturalist-open-data.s3.amazonaws.com/photos/15034722/original.jpg,k-brazil,2024-10-22 05:08:09
original_1838040650_5.jpg,2984359,Boehmeria nivea,0.9939999999999999,"Thalurania glaucopis (J.F.Gmelin, 1788)",2476548,-22.369822,-44.628469,17077.0,SOUTH_AMERICA,Rio de Janeiro,,,,2018-03-24T19:33,False,Tanja,iNaturalist,http://creativecommons.org/licenses/by-nc/4.0/,Tanja,https://inaturalist-open-data.s3.amazonaws.com/photos/15034323/original.jpg; https://inaturalist-open-data.s3.amazonaws.com/photos/15034464/original.jpg; https://inaturalist-open-data.s3.amazonaws.com/photos/15034465/original.jpg; https://inaturalist-open-data.s3.amazonaws.com/photos/15034466/original.jpg; https://inaturalist-open-data.s3.amazonaws.com/photos/15034467/original.jpg; https://inaturalist-open-data.s3.amazonaws.com/photos/15034547/original.jpg; https://inaturalist-open-data.s3.amazonaws.com/photos/15034548/original.jpg; https://inaturalist-open-data.s3.amazonaws.com/photos/15034549/original.jpg; https://inaturalist-open-data.s3.amazonaws.com/photos/15034551/original.jpg; https://inaturalist-open-data.s3.amazonaws.com/photos/15034717/original.jpg; https://inaturalist-open-data.s3.amazonaws.com/photos/15034719/original.jpg; https://inaturalist-open-data.s3.amazonaws.com/photos/15034720/original.jpg; https://inaturalist-open-data.s3.amazonaws.com/photos/15034721/original.jpg; https://inaturalist-open-data.s3.amazonaws.com/photos/15034722/original.jpg,k-brazil,2024-10-22 05:08:11
original_1838040650_6.jpg,2925303,Lantana camara,5.282,"Thalurania glaucopis (J.F.Gmelin, 1788)",2476548,-22.369822,-44.628469,17077.0,SOUTH_AMERICA,Rio de Janeiro,,,,2018-03-24T19:33,False,Tanja,iNaturalist,http://creativecommons.org/licenses/by-nc/4.0/,Tanja,https://inaturalist-open-data.s3.amazonaws.com/photos/15034323/original.jpg; https://inaturalist-open-data.s3.amazonaws.com/photos/15034464/original.jpg; https://inaturalist-open-data.s3.amazonaws.com/photos/15034465/original.jpg; https://inaturalist-open-data.s3.amazonaws.com/photos/15034466/original.jpg; https://inaturalist-open-data.s3.amazonaws.com/photos/15034467/original.jpg; https://inaturalist-open-data.s3.amazonaws.com/photos/15034547/original.jpg; https://inaturalist-open-data.s3.amazonaws.com/photos/15034548/original.jpg; https://inaturalist-open-data.s3.amazonaws.com/photos/15034549/original.jpg; https://inaturalist-open-data.s3.amazonaws.com/photos/15034551/original.jpg; https://inaturalist-open-data.s3.amazonaws.com/photos/15034717/original.jpg; https://inaturalist-open-data.s3.amazonaws.com/photos/15034719/original.jpg; https://inaturalist-open-data.s3.amazonaws.com/photos/15034720/original.jpg; https://inaturalist-open-data.s3.amazonaws.com/photos/15034721/original.jpg; https://inaturalist-open-data.s3.amazonaws.com/photos/15034722/original.jpg,k-brazil,2024-10-22 05:08:13
original_1838040650_7.jpg,5331147,Casearia decandra,0.692,"Thalurania glaucopis (J.F.Gmelin, 1788)",2476548,-22.369822,-44.628469,17077.0,SOUTH_AMERICA,Rio de Janeiro,,,,2018-03-24T19:33,False,Tanja,iNaturalist,http://creativecommons.org/licenses/by-nc/4.0/,Tanja,https://inaturalist-open-data.s3.amazonaws.com/photos/15034323/original.jpg; https://inaturalist-open-data.s3.amazonaws.com/photos/15034464/original.jpg; https://inaturalist-open-data.s3.amazonaws.com/photos/15034465/original.jpg; https://inaturalist-open-data.s3.amazonaws.com/photos/15034466/original.jpg; https://inaturalist-open-data.s3.amazonaws.com/photos/15034467/original.jpg; https://inaturalist-open-data.s3.amazonaws.com/photos/15034547/original.jpg; https://inaturalist-open-data.s3.amazonaws.com/photos/15034548/original.jpg; https://inaturalist-open-data.s3.amazonaws.com/photos/15034549/original.jpg; https://inaturalist-open-data.s3.amazonaws.com/photos/15034551/original.jpg; https://inaturalist-open-data.s3.amazonaws.com/photos/15034717/original.jpg; https://inaturalist-open-data.s3.amazonaws.com/photos/15034719/original.jpg; https://inaturalist-open-data.s3.amazonaws.com/photos/15034720/original.jpg; https://inaturalist-open-data.s3.amazonaws.com/photos/15034721/original.jpg; https://inaturalist-open-data.s3.amazonaws.com/photos/15034722/original.jpg,k-brazil,2024-10-22 05:08:15
original_1883973916_1.jpg,5287939,Bromelia balansae,98.235,"Thalurania glaucopis (J.F.Gmelin, 1788)",2476548,-25.672362,-54.448371,200.0,SOUTH_AMERICA,Misiones,,,,2013-02-01T08:33,False,Paul Tavares,iNaturalist,http://creativecommons.org/licenses/by-nc/4.0/,Paul Tavares,https://inaturalist-open-data.s3.amazonaws.com/photos/11883638/original.jpg,k-southern-south-america,2024-10-22 05:08:46
original_1883973917_1.jpg,3974744,Vachellia nilotica,1.0210000000000001,"Thalurania glaucopis (J.F.Gmelin, 1788)",2476548,-25.68,-54.444528,50.0,SOUTH_AMERICA,Paraná,,,,2013-01-31T15:21,False,Paul Tavares,iNaturalist,http://creativecommons.org/licenses/by-nc/4.0/,Paul Tavares,https://inaturalist-open-data.s3.amazonaws.com/photos/11883626/original.jpg,k-southern-south-america,2024-10-22 05:08:48
original_1890672512_1.jpg,2820889,Campylocentrum grisebachii,6.736000000000001,"Thalurania glaucopis (J.F.Gmelin, 1788)",2476548,-24.031673,-47.594231,10.0,SOUTH_AMERICA,São Paulo,,,,2018-07-25T16:18,False,Lucas Camacho,iNaturalist,http://creativecommons.org/licenses/by-nc/4.0/,Lucas Camacho,https://inaturalist-open-data.s3.amazonaws.com/photos/21986018/original.jpg,k-brazil,2024-10-22 05:08:50
original_1899795720_1.jpeg,5421368,Anacardium occidentale,28.219,"Thalurania glaucopis (J.F.Gmelin, 1788)",2476548,-23.215805,-44.763698,7.0,SOUTH_AMERICA,Rio de Janeiro,,,,2018-08-21,False,visionsamazoniennes,iNaturalist,http://creativecommons.org/licenses/by-nc/4.0/,visionsamazoniennes,https://inaturalist-open-data.s3.amazonaws.com/photos/23929366/original.jpeg,k-brazil,2024-10-22 05:08:52
original_1913165298_1.jpeg,2923156,Psychotria nuda,12.446,"Thalurania glaucopis (J.F.Gmelin, 1788)",2476548,-24.267347,-48.412121,914.0,SOUTH_AMERICA,São Paulo,,,,2018-09-02,False,Pedro Garcia Abilleira de Castro,iNaturalist,http://creativecommons.org/licenses/by-nc/4.0/,Pedro Garcia Abilleira de Castro,https://inaturalist-open-data.s3.amazonaws.com/photos/24545206/original.jpeg; https://inaturalist-open-data.s3.amazonaws.com/photos/24545219/original.jpeg; https://inaturalist-open-data.s3.amazonaws.com/photos/24545231/original.jpeg; https://inaturalist-open-data.s3.amazonaws.com/photos/24545240/original.jpeg,k-brazil,2024-10-22 05:08:55
original_1913165298_2.jpeg,2695342,Tillandsia adpressiflora,4.661,"Thalurania glaucopis (J.F.Gmelin, 1788)",2476548,-24.267347,-48.412121,914.0,SOUTH_AMERICA,São Paulo,,,,2018-09-02,False,Pedro Garcia Abilleira de Castro,iNaturalist,http://creativecommons.org/licenses/by-nc/4.0/,Pedro Garcia Abilleira de Castro,https://inaturalist-open-data.s3.amazonaws.com/photos/24545206/original.jpeg; https://inaturalist-open-data.s3.amazonaws.com/photos/24545219/original.jpeg; https://inaturalist-open-data.s3.amazonaws.com/photos/24545231/original.jpeg; https://inaturalist-open-data.s3.amazonaws.com/photos/24545240/original.jpeg,k-brazil,2024-10-22 05:08:58
original_1913165298_3.jpeg,2704075,Rottboellia cochinchinensis,2.206,"Thalurania glaucopis (J.F.Gmelin, 1788)",2476548,-24.267347,-48.412121,914.0,SOUTH_AMERICA,São Paulo,,,,2018-09-02,False,Pedro Garcia Abilleira de Castro,iNaturalist,http://creativecommons.org/licenses/by-nc/4.0/,Pedro Garcia Abilleira de Castro,https://inaturalist-open-data.s3.amazonaws.com/photos/24545206/original.jpeg; https://inaturalist-open-data.s3.amazonaws.com/photos/24545219/original.jpeg; https://inaturalist-open-data.s3.amazonaws.com/photos/24545231/original.jpeg; https://inaturalist-open-data.s3.amazonaws.com/photos/24545240/original.jpeg,k-brazil,2024-10-22 05:09:00
original_1913165298_4.jpeg,2923156,Psychotria nuda,2.262,"Thalurania glaucopis (J.F.Gmelin, 1788)",2476548,-24.267347,-48.412121,914.0,SOUTH_AMERICA,São Paulo,,,,2018-09-02,False,Pedro Garcia Abilleira de Castro,iNaturalist,http://creativecommons.org/licenses/by-nc/4.0/,Pedro Garcia Abilleira de Castro,https://inaturalist-open-data.s3.amazonaws.com/photos/24545206/original.jpeg; https://inaturalist-open-data.s3.amazonaws.com/photos/24545219/original.jpeg; https://inaturalist-open-data.s3.amazonaws.com/photos/24545231/original.jpeg; https://inaturalist-open-data.s3.amazonaws.com/photos/24545240/original.jpeg,k-brazil,2024-10-22 05:09:02
original_1913185978_1.jpeg,3107187,Senecio tamoides,6.819999999999999,"Thalurania glaucopis (J.F.Gmelin, 1788)",2476548,-23.214723,-44.765361,15.0,SOUTH_AMERICA,Rio de Janeiro,,,,2018-09-10,False,visionsamazoniennes,iNaturalist,http://creativecommons.org/licenses/by-nc/4.0/,visionsamazoniennes,https://inaturalist-open-data.s3.amazonaws.com/photos/24710749/original.jpeg,k-brazil,2024-10-22 05:09:04
original_1932320772_1.jpeg,7287808,Equisetum giganteum,4.739,"Thalurania glaucopis (J.F.Gmelin, 1788)",2476548,-22.900768,-46.836922,8.0,SOUTH_AMERICA,São Paulo,,,,2018-07-22,False,guilhermesilva,iNaturalist,http://creativecommons.org/licenses/by-nc/4.0/,guilhermesilva,https://inaturalist-open-data.s3.amazonaws.com/photos/26957209/original.jpeg,k-brazil,2024-10-22 05:09:12
original_1933545811_1.jpeg,2951571,Mucuna sloanei,23.875,"Thalurania glaucopis (J.F.Gmelin, 1788)",2476548,-23.211785,-44.766879,7.0,SOUTH_AMERICA,Rio de Janeiro,,,,2018-10-13T10:30:59,False,visionsamazoniennes,iNaturalist,http://creativecommons.org/licenses/by-nc/4.0/,visionsamazoniennes,https://inaturalist-open-data.s3.amazonaws.com/photos/26743089/original.jpeg,k-brazil,2024-10-22 05:09:14
original_1935620331_1.jpeg,5706141,Luehea divaricata,1.085,"Thalurania glaucopis (J.F.Gmelin, 1788)",2476548,-24.271029,-48.419328,2104.0,SOUTH_AMERICA,São Paulo,,,,2016-06-18T14:31:08,False,Ericson Cernawsky Igual,iNaturalist,http://creativecommons.org/licenses/by-nc/4.0/,Ericson Cernawsky Igual,https://inaturalist-open-data.s3.amazonaws.com/photos/27836695/original.jpeg,k-brazil,2024-10-22 05:09:17
original_1935627958_2.jpeg,3866517,Bellucia pentamera,1.5789999999999997,"Thalurania glaucopis (J.F.Gmelin, 1788)",2476548,-22.310227,-42.496595,,SOUTH_AMERICA,Rio de Janeiro,,,,2018-10-08T13:35,False,Rob Van Epps,iNaturalist,http://creativecommons.org/licenses/by-nc/4.0/,Rob Van Epps,https://inaturalist-open-data.s3.amazonaws.com/photos/27917262/original.jpeg; https://inaturalist-open-data.s3.amazonaws.com/photos/27917301/original.jpeg,k-brazil,2024-10-22 05:09:22
original_1944409761_1.jpeg,3086333,Piper amalago,1.175,"Thalurania glaucopis (J.F.Gmelin, 1788)",2476548,-25.577181,-54.445592,1953.0,SOUTH_AMERICA,Paraná,,,,2018-10-08T14:48,False,Diana Fuentes,iNaturalist,http://creativecommons.org/licenses/by-sa/4.0/,Diana Fuentes,https://inaturalist-open-data.s3.amazonaws.com/photos/28097519/original.jpeg; https://inaturalist-open-data.s3.amazonaws.com/photos/28097524/original.jpeg,k-southern-south-america,2024-10-22 05:09:28
original_1944409761_2.jpeg,7772421,Phoradendron crassifolium,0.375,"Thalurania glaucopis (J.F.Gmelin, 1788)",2476548,-25.577181,-54.445592,1953.0,SOUTH_AMERICA,Paraná,,,,2018-10-08T14:48,False,Diana Fuentes,iNaturalist,http://creativecommons.org/licenses/by-sa/4.0/,Diana Fuentes,https://inaturalist-open-data.s3.amazonaws.com/photos/28097519/original.jpeg; https://inaturalist-open-data.s3.amazonaws.com/photos/28097524/original.jpeg,k-southern-south-america,2024-10-22 05:09:30
original_1946341522_1.jpeg,2984648,Trophis racemosa,4.4350000000000005,"Thalurania glaucopis (J.F.Gmelin, 1788)",2476548,-23.215584,-44.76489,7.0,SOUTH_AMERICA,Rio de Janeiro,,,,2018-11-24T09:38:32,False,visionsamazoniennes,iNaturalist,http://creativecommons.org/licenses/by-nc/4.0/,visionsamazoniennes,https://inaturalist-open-data.s3.amazonaws.com/photos/28552643/original.jpeg,k-brazil,2024-10-22 05:09:33
original_1948774248_1.jpg,7309398,Vitex megapotamica,5.697,"Thalurania glaucopis (J.F.Gmelin, 1788)",2476548,-28.63423,-49.502599,540.0,SOUTH_AMERICA,Santa Catarina,,,,2016-02-03T11:24,False,João Gava Just,iNaturalist,http://creativecommons.org/licenses/by-nc/4.0/,João Gava Just,https://inaturalist-open-data.s3.amazonaws.com/photos/28838820/original.jpg; https://inaturalist-open-data.s3.amazonaws.com/photos/28838843/original.jpg,k-brazil,2024-10-22 05:09:36
original_1948774248_2.jpg,5415081,Crescentia cujete,2.067,"Thalurania glaucopis (J.F.Gmelin, 1788)",2476548,-28.63423,-49.502599,540.0,SOUTH_AMERICA,Santa Catarina,,,,2016-02-03T11:24,False,João Gava Just,iNaturalist,http://creativecommons.org/licenses/by-nc/4.0/,João Gava Just,https://inaturalist-open-data.s3.amazonaws.com/photos/28838820/original.jpg; https://inaturalist-open-data.s3.amazonaws.com/photos/28838843/original.jpg,k-brazil,2024-10-22 05:09:39
original_1949997429_1.jpeg,4175763,Endlicheria punctulata,1.443,"Thalurania glaucopis (J.F.Gmelin, 1788)",2476548,-23.216164,-44.762975,3.0,SOUTH_AMERICA,Rio de Janeiro,,,,2018-12-05T08:39:18,False,visionsamazoniennes,iNaturalist,http://creativecommons.org/licenses/by-nc/4.0/,visionsamazoniennes,https://inaturalist-open-data.s3.amazonaws.com/photos/28960527/original.jpeg,k-brazil,2024-10-22 05:09:41
original_1949997483_1.jpeg,2984335,Urera caracasana,2.574,"Thalurania glaucopis (J.F.Gmelin, 1788)",2476548,-23.216164,-44.762975,3.0,SOUTH_AMERICA,Rio de Janeiro,,,,2018-12-05T08:39:18,False,visionsamazoniennes,iNaturalist,http://creativecommons.org/licenses/by-nc/4.0/,visionsamazoniennes,https://inaturalist-open-data.s3.amazonaws.com/photos/28960496/original.jpeg,k-brazil,2024-10-22 05:09:45
original_1950029567_1.jpeg,5591185,Drymonia coccinea,4.616,"Thalurania glaucopis (J.F.Gmelin, 1788)",2476548,-23.210164,-44.770914,61.0,SOUTH_AMERICA,Rio de Janeiro,,,,2018-12-09,False,visionsamazoniennes,iNaturalist,http://creativecommons.org/licenses/by-nc/4.0/,visionsamazoniennes,https://inaturalist-open-data.s3.amazonaws.com/photos/29129710/original.jpeg,k-brazil,2024-10-22 05:09:47
original_1978469410_1.jpeg,2888728,Sambucus nigra,6.6129999999999995,"Thalurania glaucopis (J.F.Gmelin, 1788)",2476548,-24.358815,-47.018751,1976.0,SOUTH_AMERICA,São Paulo,,,,2017-11-02T06:26,False,Karina Avila,iNaturalist,http://creativecommons.org/licenses/by-nc/4.0/,Karina Avila,https://inaturalist-open-data.s3.amazonaws.com/photos/29358872/original.jpeg,k-brazil,2024-10-22 05:09:50
original_1986609419_1.jpeg,2651816,Adiantum capillus-veneris,2.769,"Thalurania glaucopis (J.F.Gmelin, 1788)",2476548,-22.968667,-43.22833,2.0,SOUTH_AMERICA,Rio de Janeiro,,,,2019-01-08T13:43,False,Elise Smith,iNaturalist,http://creativecommons.org/licenses/by/4.0/,Elise Smith,https://inaturalist-open-data.s3.amazonaws.com/photos/30009420/original.jpeg; https://inaturalist-open-data.s3.amazonaws.com/photos/30009423/original.jpeg; https://inaturalist-open-data.s3.amazonaws.com/photos/30009426/original.jpeg,k-brazil,2024-10-22 05:09:51
original_1986609419_3.jpeg,5329202,Elodea granatensis,2.774,"Thalurania glaucopis (J.F.Gmelin, 1788)",2476548,-22.968667,-43.22833,2.0,SOUTH_AMERICA,Rio de Janeiro,,,,2019-01-08T13:43,False,Elise Smith,iNaturalist,http://creativecommons.org/licenses/by/4.0/,Elise Smith,https://inaturalist-open-data.s3.amazonaws.com/photos/30009420/original.jpeg; https://inaturalist-open-data.s3.amazonaws.com/photos/30009423/original.jpeg; https://inaturalist-open-data.s3.amazonaws.com/photos/30009426/original.jpeg,k-brazil,2024-10-22 05:09:53
original_2005299948_1.jpeg,3070717,Plukenetia volubilis,0.843,"Thalurania glaucopis (J.F.Gmelin, 1788)",2476548,-22.906847,-43.172896,27982.0,SOUTH_AMERICA,Rio de Janeiro,,,,2012-12-22,False,Heitor Fagundes Beloch,iNaturalist,http://creativecommons.org/licenses/by-nc/4.0/,Heitor Fagundes Beloch,https://inaturalist-open-data.s3.amazonaws.com/photos/31244060/original.jpeg,k-brazil,2024-10-22 05:09:58
original_2005336525_1.jpeg,2932944,Capsicum annuum,2.928,"Thalurania glaucopis (J.F.Gmelin, 1788)",2476548,-22.82369,-44.902768,44.0,SOUTH_AMERICA,São Paulo,,,,2018-08-14T22:49:01,False,Rosa Leticia Pinto,iNaturalist,http://creativecommons.org/licenses/by-nc/4.0/,Rosa Leticia Pinto,https://inaturalist-open-data.s3.amazonaws.com/photos/31407291/original.jpeg; https://inaturalist-open-data.s3.amazonaws.com/photos/31407294/original.jpeg,k-brazil,2024-10-22 05:10:01
original_2005336525_2.jpeg,2874176,Passiflora coccinea,2.581,"Thalurania glaucopis (J.F.Gmelin, 1788)",2476548,-22.82369,-44.902768,44.0,SOUTH_AMERICA,São Paulo,,,,2018-08-14T22:49:01,False,Rosa Leticia Pinto,iNaturalist,http://creativecommons.org/licenses/by-nc/4.0/,Rosa Leticia Pinto,https://inaturalist-open-data.s3.amazonaws.com/photos/31407291/original.jpeg; https://inaturalist-open-data.s3.amazonaws.com/photos/31407294/original.jpeg,k-brazil,2024-10-22 05:10:03
original_2028444624_1.jpeg,5406679,Sterculia apetala,3.2,"Thalurania glaucopis (J.F.Gmelin, 1788)",2476548,-15.391933,-39.564356,13.0,SOUTH_AMERICA,Bahia,,,,2018-12-14T10:41,False,Jason J. Dombroskie,iNaturalist,http://creativecommons.org/licenses/by-nc/4.0/,Jason J. Dombroskie,https://inaturalist-open-data.s3.amazonaws.com/photos/32635949/original.jpeg,k-brazil,2024-10-22 05:10:09
original_2242931207_1.jpg,3698513,Combretum fruticosum,2.392,"Thalurania glaucopis (J.F.Gmelin, 1788)",2476548,-22.96773,-43.226587,,SOUTH_AMERICA,Rio de Janeiro,,,,2018-08-14,False,Eden Fontes,iNaturalist,http://creativecommons.org/licenses/by-nc/4.0/,Eden Fontes,https://inaturalist-open-data.s3.amazonaws.com/photos/38533480/original.jpg,k-brazil,2024-10-22 05:10:14
original_2242933171_1.jpg,5405436,Stifftia chrysantha,98.247,"Thalurania glaucopis (J.F.Gmelin, 1788)",2476548,-22.968098,-43.227213,,SOUTH_AMERICA,Rio de Janeiro,,,,2018-06-29,False,Eden Fontes,iNaturalist,http://creativecommons.org/licenses/by-nc/4.0/,Eden Fontes,https://inaturalist-open-data.s3.amazonaws.com/photos/38536263/original.jpg,k-brazil,2024-10-22 05:10:18
original_2251839461_1.jpeg,3152633,Abutilon grandifolium,0.377,"Thalurania glaucopis (J.F.Gmelin, 1788)",2476548,-25.61982,-54.586605,132.0,SOUTH_AMERICA,Misiones,,,,2019-04-29T12:32:37,False,Inocencio Rodriguez,iNaturalist,http://creativecommons.org/licenses/by-nc/4.0/,Inocencio Rodriguez,https://inaturalist-open-data.s3.amazonaws.com/photos/37039826/original.jpeg,k-southern-south-america,2024-10-22 05:10:23
original_2269258709_1.jpeg,2792457,Polystachya concreta,6.494999999999999,"Thalurania glaucopis (J.F.Gmelin, 1788)",2476548,-23.420465,-46.776942,263.0,SOUTH_AMERICA,São Paulo,,,,2019-06-15T13:33:27,False,José Valério,iNaturalist,http://creativecommons.org/licenses/by-nc/4.0/,José Valério,https://inaturalist-open-data.s3.amazonaws.com/photos/42066721/original.jpeg; https://inaturalist-open-data.s3.amazonaws.com/photos/42066760/original.jpeg; https://inaturalist-open-data.s3.amazonaws.com/photos/42066798/original.jpeg,k-brazil,2024-10-22 05:10:26
original_2269258709_2.jpeg,2792457,Polystachya concreta,5.487,"Thalurania glaucopis (J.F.Gmelin, 1788)",2476548,-23.420465,-46.776942,263.0,SOUTH_AMERICA,São Paulo,,,,2019-06-15T13:33:27,False,José Valério,iNaturalist,http://creativecommons.org/licenses/by-nc/4.0/,José Valério,https://inaturalist-open-data.s3.amazonaws.com/photos/42066721/original.jpeg; https://inaturalist-open-data.s3.amazonaws.com/photos/42066760/original.jpeg; https://inaturalist-open-data.s3.amazonaws.com/photos/42066798/original.jpeg,k-brazil,2024-10-22 05:10:28
original_2269258709_3.jpeg,5350336,Derris trifoliata,3.1260000000000003,"Thalurania glaucopis (J.F.Gmelin, 1788)",2476548,-23.420465,-46.776942,263.0,SOUTH_AMERICA,São Paulo,,,,2019-06-15T13:33:27,False,José Valério,iNaturalist,http://creativecommons.org/licenses/by-nc/4.0/,José Valério,https://inaturalist-open-data.s3.amazonaws.com/photos/42066721/original.jpeg; https://inaturalist-open-data.s3.amazonaws.com/photos/42066760/original.jpeg; https://inaturalist-open-data.s3.amazonaws.com/photos/42066798/original.jpeg,k-brazil,2024-10-22 05:10:30
original_2283077539_1.jpeg,2920891,Psychotria carthagenensis,0.673,"Thalurania glaucopis (J.F.Gmelin, 1788)",2476548,-25.859412,-53.960773,201.0,SOUTH_AMERICA,Misiones,,,,2014-06-21,False,Gonzalo Diaz,iNaturalist,http://creativecommons.org/licenses/by-nc/4.0/,Gonzalo Diaz,https://inaturalist-open-data.s3.amazonaws.com/photos/43468505/original.jpeg,k-southern-south-america,2024-10-22 05:10:34
original_2294538382_1.jpg,3618404,Forsteronia acouci,0.762,"Thalurania glaucopis (J.F.Gmelin, 1788)",2476548,-22.857612,-46.070033,,SOUTH_AMERICA,Minas Gerais,,,,2019-06-30,False,Eden Fontes,iNaturalist,http://creativecommons.org/licenses/by-nc/4.0/,Eden Fontes,https://inaturalist-open-data.s3.amazonaws.com/photos/45196437/original.jpg,k-brazil,2024-10-22 05:10:43
original_2294679664_1.jpeg,2705781,Hymenachne amplexicaulis,2.483,"Thalurania glaucopis (J.F.Gmelin, 1788)",2476548,-19.937481,-40.600609,20.0,SOUTH_AMERICA,Espírito Santo,,,,2019-07-18,False,Gabrielly Benaducci Tolentino,iNaturalist,http://creativecommons.org/licenses/by-nc/4.0/,Gabrielly Benaducci Tolentino,https://inaturalist-open-data.s3.amazonaws.com/photos/46074144/original.jpg; https://inaturalist-open-data.s3.amazonaws.com/photos/46076774/original.jpeg; https://inaturalist-open-data.s3.amazonaws.com/photos/46076778/original.jpeg; https://inaturalist-open-data.s3.amazonaws.com/photos/46077064/original.jpeg; https://inaturalist-open-data.s3.amazonaws.com/photos/46077066/original.jpeg,k-brazil,2024-10-22 05:10:46
original_2294679664_4.jpeg,2884788,Pouteria caimito,20.712,"Thalurania glaucopis (J.F.Gmelin, 1788)",2476548,-19.937481,-40.600609,20.0,SOUTH_AMERICA,Espírito Santo,,,,2019-07-18,False,Gabrielly Benaducci Tolentino,iNaturalist,http://creativecommons.org/licenses/by-nc/4.0/,Gabrielly Benaducci Tolentino,https://inaturalist-open-data.s3.amazonaws.com/photos/46074144/original.jpg; https://inaturalist-open-data.s3.amazonaws.com/photos/46076774/original.jpeg; https://inaturalist-open-data.s3.amazonaws.com/photos/46076778/original.jpeg; https://inaturalist-open-data.s3.amazonaws.com/photos/46077064/original.jpeg; https://inaturalist-open-data.s3.amazonaws.com/photos/46077066/original.jpeg,k-brazil,2024-10-22 05:10:52
original_2294679664_5.jpg,8220878,Callianthe megapotamica,2.2720000000000002,"Thalurania glaucopis (J.F.Gmelin, 1788)",2476548,-19.937481,-40.600609,20.0,SOUTH_AMERICA,Espírito Santo,,,,2019-07-18,False,Gabrielly Benaducci Tolentino,iNaturalist,http://creativecommons.org/licenses/by-nc/4.0/,Gabrielly Benaducci Tolentino,https://inaturalist-open-data.s3.amazonaws.com/photos/46074144/original.jpg; https://inaturalist-open-data.s3.amazonaws.com/photos/46076774/original.jpeg; https://inaturalist-open-data.s3.amazonaws.com/photos/46076778/original.jpeg; https://inaturalist-open-data.s3.amazonaws.com/photos/46077064/original.jpeg; https://inaturalist-open-data.s3.amazonaws.com/photos/46077066/original.jpeg,k-brazil,2024-10-22 05:10:54
original_2311274215_1.jpeg,2932389,Solanum torvum,7.37,"Thalurania glaucopis (J.F.Gmelin, 1788)",2476548,-26.913954,-49.134232,9.0,SOUTH_AMERICA,Santa Catarina,,,,2019-03-21T16:28:54,False,Liu Idárraga Orozco,iNaturalist,http://creativecommons.org/licenses/by-nc/4.0/,Liu Idárraga Orozco,https://inaturalist-open-data.s3.amazonaws.com/photos/33209247/original.jpeg; https://inaturalist-open-data.s3.amazonaws.com/photos/33209266/original.jpeg; https://inaturalist-open-data.s3.amazonaws.com/photos/33209288/original.jpeg,k-brazil,2024-10-22 05:10:57
original_2311279151_1.jpeg,3055740,Dalechampia tiliifolia,1.314,"Thalurania glaucopis (J.F.Gmelin, 1788)",2476548,-27.596596,-48.516946,414.0,SOUTH_AMERICA,Santa Catarina,,,,2019-05-20,False,Kahio Tiberio Mazon,iNaturalist,http://creativecommons.org/publicdomain/zero/1.0/,Kahio Tiberio Mazon,https://inaturalist-open-data.s3.amazonaws.com/photos/39542417/original.jpeg,k-brazil,2024-10-22 05:11:00
original_2311300290_1.jpeg,3621389,Tabernaemontana undulata,6.537999999999999,"Thalurania glaucopis (J.F.Gmelin, 1788)",2476548,-19.937545,-40.600429,3.0,SOUTH_AMERICA,Espírito Santo,,,,2018-06-12,False,Camilla Botelho,iNaturalist,http://creativecommons.org/licenses/by-nc/4.0/,Camilla Botelho,https://inaturalist-open-data.s3.amazonaws.com/photos/44764662/original.jpeg,k-brazil,2024-10-22 05:11:03
original_2311300330_1.jpeg,10786206,Rhaphiolepis bibas,20.474999999999998,"Thalurania glaucopis (J.F.Gmelin, 1788)",2476548,-19.937551,-40.600431,4.0,SOUTH_AMERICA,Espírito Santo,,,,2018-06-21,False,Camilla Botelho,iNaturalist,http://creativecommons.org/licenses/by-nc/4.0/,Camilla Botelho,https://inaturalist-open-data.s3.amazonaws.com/photos/44765058/original.jpeg,k-brazil,2024-10-22 05:11:05
original_2311307083_1.jpg,7286107,Physocalymma scaberrimum,11.628,"Thalurania glaucopis (J.F.Gmelin, 1788)",2476548,-19.935614,-40.599815,9.0,SOUTH_AMERICA,Espírito Santo,,,,2019-02-13,False,Gabrielly Benaducci Tolentino,iNaturalist,http://creativecommons.org/licenses/by-nc/4.0/,Gabrielly Benaducci Tolentino,https://inaturalist-open-data.s3.amazonaws.com/photos/45778071/original.jpg; https://inaturalist-open-data.s3.amazonaws.com/photos/45778099/original.jpg; https://inaturalist-open-data.s3.amazonaws.com/photos/45778110/original.jpg; https://inaturalist-open-data.s3.amazonaws.com/photos/45778164/original.jpeg; https://inaturalist-open-data.s3.amazonaws.com/photos/45778178/original.jpg,k-brazil,2024-10-22 05:11:07
original_2311307083_2.jpg,3082440,Lecythis pisonis,3.642,"Thalurania glaucopis (J.F.Gmelin, 1788)",2476548,-19.935614,-40.599815,9.0,SOUTH_AMERICA,Espírito Santo,,,,2019-02-13,False,Gabrielly Benaducci Tolentino,iNaturalist,http://creativecommons.org/licenses/by-nc/4.0/,Gabrielly Benaducci Tolentino,https://inaturalist-open-data.s3.amazonaws.com/photos/45778071/original.jpg; https://inaturalist-open-data.s3.amazonaws.com/photos/45778099/original.jpg; https://inaturalist-open-data.s3.amazonaws.com/photos/45778110/original.jpg; https://inaturalist-open-data.s3.amazonaws.com/photos/45778164/original.jpeg; https://inaturalist-open-data.s3.amazonaws.com/photos/45778178/original.jpg,k-brazil,2024-10-22 05:11:09
original_2311307083_3.jpeg,5383804,Gustavia augusta,1.079,"Thalurania glaucopis (J.F.Gmelin, 1788)",2476548,-19.935614,-40.599815,9.0,SOUTH_AMERICA,Espírito Santo,,,,2019-02-13,False,Gabrielly Benaducci Tolentino,iNaturalist,http://creativecommons.org/licenses/by-nc/4.0/,Gabrielly Benaducci Tolentino,https://inaturalist-open-data.s3.amazonaws.com/photos/45778071/original.jpg; https://inaturalist-open-data.s3.amazonaws.com/photos/45778099/original.jpg; https://inaturalist-open-data.s3.amazonaws.com/photos/45778110/original.jpg; https://inaturalist-open-data.s3.amazonaws.com/photos/45778164/original.jpeg; https://inaturalist-open-data.s3.amazonaws.com/photos/45778178/original.jpg,k-brazil,2024-10-22 05:11:12
original_2311307083_5.jpg,5337321,Chomelia spinosa,6.039,"Thalurania glaucopis (J.F.Gmelin, 1788)",2476548,-19.935614,-40.599815,9.0,SOUTH_AMERICA,Espírito Santo,,,,2019-02-13,False,Gabrielly Benaducci Tolentino,iNaturalist,http://creativecommons.org/licenses/by-nc/4.0/,Gabrielly Benaducci Tolentino,https://inaturalist-open-data.s3.amazonaws.com/photos/45778071/original.jpg; https://inaturalist-open-data.s3.amazonaws.com/photos/45778099/original.jpg; https://inaturalist-open-data.s3.amazonaws.com/photos/45778110/original.jpg; https://inaturalist-open-data.s3.amazonaws.com/photos/45778164/original.jpeg; https://inaturalist-open-data.s3.amazonaws.com/photos/45778178/original.jpg,k-brazil,2024-10-22 05:11:17
original_2366094836_1.jpg,4091191,Tabebuia aurea,0.132,"Thalurania glaucopis (J.F.Gmelin, 1788)",2476548,-22.940677,-46.73371,5.0,SOUTH_AMERICA,São Paulo,,,,2019-08-18,False,Eden Fontes,iNaturalist,http://creativecommons.org/licenses/by-nc/4.0/,Eden Fontes,https://inaturalist-open-data.s3.amazonaws.com/photos/48637538/original.jpg; https://inaturalist-open-data.s3.amazonaws.com/photos/48640395/original.jpg,k-brazil,2024-10-22 05:11:19
original_2366094836_2.jpg,7299159,Cestrum corymbosum,0.601,"Thalurania glaucopis (J.F.Gmelin, 1788)",2476548,-22.940677,-46.73371,5.0,SOUTH_AMERICA,São Paulo,,,,2019-08-18,False,Eden Fontes,iNaturalist,http://creativecommons.org/licenses/by-nc/4.0/,Eden Fontes,https://inaturalist-open-data.s3.amazonaws.com/photos/48637538/original.jpg; https://inaturalist-open-data.s3.amazonaws.com/photos/48640395/original.jpg,k-brazil,2024-10-22 05:11:21
original_2397495557_1.jpg,4935836,Berberidopsis corallina,0.6629999999999999,"Thalurania glaucopis (J.F.Gmelin, 1788)",2476548,-25.60033,-54.568568,17.0,SOUTH_AMERICA,Misiones,,,,2019-07-25,False,Ezequiel Vera,iNaturalist,http://creativecommons.org/licenses/by/4.0/,Ezequiel Vera,https://inaturalist-open-data.s3.amazonaws.com/photos/47343111/original.jpg,k-southern-south-america,2024-10-22 05:11:23
original_2397573399_1.jpeg,2951571,Mucuna sloanei,1.794,"Thalurania glaucopis (J.F.Gmelin, 1788)",2476548,-23.469051,-45.169385,71.0,SOUTH_AMERICA,São Paulo,,,,2019-08-14T04:12,False,Millie Basden,iNaturalist,http://creativecommons.org/licenses/by/4.0/,Millie Basden,https://inaturalist-open-data.s3.amazonaws.com/photos/49392201/original.jpeg,k-brazil,2024-10-22 05:11:26
original_2422906140_1.jpeg,3188562,Miconia prasina,3.159,"Thalurania glaucopis (J.F.Gmelin, 1788)",2476548,-25.614538,-54.483089,31.0,SOUTH_AMERICA,Paraná,,,,2019-05-25T16:36,False,michelle_simpson,iNaturalist,http://creativecommons.org/licenses/by-nc/4.0/,michelle_simpson,https://inaturalist-open-data.s3.amazonaws.com/photos/50334654/original.jpeg,k-southern-south-america,2024-10-22 05:11:35
original_2422909029_1.jpeg,2895593,Genipa americana,0.608,"Thalurania glaucopis (J.F.Gmelin, 1788)",2476548,-25.600325,-54.568596,4.0,SOUTH_AMERICA,Misiones,,,,2019-07-17T17:31,False,tomas-agustin-martinez,iNaturalist,http://creativecommons.org/licenses/by-nc/4.0/,tomas-agustin-martinez,https://inaturalist-open-data.s3.amazonaws.com/photos/50350273/original.jpeg; https://inaturalist-open-data.s3.amazonaws.com/photos/50350361/original.jpeg,k-southern-south-america,2024-10-22 05:11:38
original_2429295221_1.jpg,5406778,Pavonia fruticosa,0.217,"Thalurania glaucopis (J.F.Gmelin, 1788)",2476548,-25.647724,-54.452588,31.0,SOUTH_AMERICA,Paraná,,,,2006-05-19T03:43,False,wilsonpni,iNaturalist,http://creativecommons.org/licenses/by-nc/4.0/,wilsonpni,https://inaturalist-open-data.s3.amazonaws.com/photos/52747441/original.jpg; https://inaturalist-open-data.s3.amazonaws.com/photos/52747847/original.jpg,k-southern-south-america,2024-10-22 05:11:45
original_2429295221_2.jpg,4927441,Selenicereus setaceus,3.467,"Thalurania glaucopis (J.F.Gmelin, 1788)",2476548,-25.647724,-54.452588,31.0,SOUTH_AMERICA,Paraná,,,,2006-05-19T03:43,False,wilsonpni,iNaturalist,http://creativecommons.org/licenses/by-nc/4.0/,wilsonpni,https://inaturalist-open-data.s3.amazonaws.com/photos/52747441/original.jpg; https://inaturalist-open-data.s3.amazonaws.com/photos/52747847/original.jpg,k-southern-south-america,2024-10-22 05:11:48
original_2445040008_1.jpeg,2792457,Polystachya concreta,1.7209999999999999,"Thalurania glaucopis (J.F.Gmelin, 1788)",2476548,-24.267436,-48.409735,57.0,SOUTH_AMERICA,São Paulo,,,,2019-10-06T11:41,False,Eric Carpenter,iNaturalist,http://creativecommons.org/licenses/by-nc/4.0/,Eric Carpenter,https://inaturalist-open-data.s3.amazonaws.com/photos/54629440/original.jpeg,k-brazil,2024-10-22 05:11:50
original_2529379762_1.jpeg,3054262,Crateva tapia,1.053,"Thalurania glaucopis (J.F.Gmelin, 1788)",2476548,-25.640798,-54.472368,12608.0,SOUTH_AMERICA,Paraná,,,,2018-11-17,False,subhashc,iNaturalist,http://creativecommons.org/licenses/by-nc/4.0/,subhashc,https://inaturalist-open-data.s3.amazonaws.com/photos/58119023/original.jpeg,k-southern-south-america,2024-10-22 05:11:56
original_2549981667_1.jpeg,7297353,Lippia origanoides,3.7539999999999996,"Thalurania glaucopis (J.F.Gmelin, 1788)",2476548,-22.432028,-44.615444,71.0,SOUTH_AMERICA,Rio de Janeiro,,,,2019-08-11T13:02,False,Millie Basden,iNaturalist,http://creativecommons.org/licenses/by/4.0/,Millie Basden,https://inaturalist-open-data.s3.amazonaws.com/photos/49215320/original.jpeg; https://inaturalist-open-data.s3.amazonaws.com/photos/49215335/original.jpeg; https://inaturalist-open-data.s3.amazonaws.com/photos/49215346/original.jpeg,k-brazil,2024-10-22 05:12:04
original_2549981667_2.jpeg,7297353,Lippia origanoides,3.936,"Thalurania glaucopis (J.F.Gmelin, 1788)",2476548,-22.432028,-44.615444,71.0,SOUTH_AMERICA,Rio de Janeiro,,,,2019-08-11T13:02,False,Millie Basden,iNaturalist,http://creativecommons.org/licenses/by/4.0/,Millie Basden,https://inaturalist-open-data.s3.amazonaws.com/photos/49215320/original.jpeg; https://inaturalist-open-data.s3.amazonaws.com/photos/49215335/original.jpeg; https://inaturalist-open-data.s3.amazonaws.com/photos/49215346/original.jpeg,k-brazil,2024-10-22 05:12:06
original_2549981667_3.jpeg,2925462,Stachytarpheta mutabilis,5.469,"Thalurania glaucopis (J.F.Gmelin, 1788)",2476548,-22.432028,-44.615444,71.0,SOUTH_AMERICA,Rio de Janeiro,,,,2019-08-11T13:02,False,Millie Basden,iNaturalist,http://creativecommons.org/licenses/by/4.0/,Millie Basden,https://inaturalist-open-data.s3.amazonaws.com/photos/49215320/original.jpeg; https://inaturalist-open-data.s3.amazonaws.com/photos/49215335/original.jpeg; https://inaturalist-open-data.s3.amazonaws.com/photos/49215346/original.jpeg,k-brazil,2024-10-22 05:12:08
original_2549981839_1.jpeg,2925303,Lantana camara,8.828999999999999,"Thalurania glaucopis (J.F.Gmelin, 1788)",2476548,-22.432017,-44.615385,19.0,SOUTH_AMERICA,Rio de Janeiro,,,,2019-08-13T07:31,False,Millie Basden,iNaturalist,http://creativecommons.org/licenses/by/4.0/,Millie Basden,https://inaturalist-open-data.s3.amazonaws.com/photos/49316756/original.jpeg; https://inaturalist-open-data.s3.amazonaws.com/photos/49316790/original.jpeg; https://inaturalist-open-data.s3.amazonaws.com/photos/49316805/original.jpeg,k-brazil,2024-10-22 05:12:10
original_2549981839_2.jpeg,2925303,Lantana camara,54.286,"Thalurania glaucopis (J.F.Gmelin, 1788)",2476548,-22.432017,-44.615385,19.0,SOUTH_AMERICA,Rio de Janeiro,,,,2019-08-13T07:31,False,Millie Basden,iNaturalist,http://creativecommons.org/licenses/by/4.0/,Millie Basden,https://inaturalist-open-data.s3.amazonaws.com/photos/49316756/original.jpeg; https://inaturalist-open-data.s3.amazonaws.com/photos/49316790/original.jpeg; https://inaturalist-open-data.s3.amazonaws.com/photos/49316805/original.jpeg,k-brazil,2024-10-22 05:12:12
original_2549981839_3.jpeg,2925303,Lantana camara,61.266,"Thalurania glaucopis (J.F.Gmelin, 1788)",2476548,-22.432017,-44.615385,19.0,SOUTH_AMERICA,Rio de Janeiro,,,,2019-08-13T07:31,False,Millie Basden,iNaturalist,http://creativecommons.org/licenses/by/4.0/,Millie Basden,https://inaturalist-open-data.s3.amazonaws.com/photos/49316756/original.jpeg; https://inaturalist-open-data.s3.amazonaws.com/photos/49316790/original.jpeg; https://inaturalist-open-data.s3.amazonaws.com/photos/49316805/original.jpeg,k-brazil,2024-10-22 05:12:14
original_2557636202_1.png,4175860,Endlicheria paniculata,8.202,"Thalurania glaucopis (J.F.Gmelin, 1788)",2476548,-23.54488,-45.067846,1953.0,SOUTH_AMERICA,São Paulo,,,,2006-01-19T15:34,False,jpsailor,iNaturalist,http://creativecommons.org/licenses/by-nc-nd/4.0/,jpsailor,https://inaturalist-open-data.s3.amazonaws.com/photos/37745422/original.png,k-brazil,2024-10-22 05:12:19
original_2557637640_2.jpg,4073907,Cavanillesia umbellata,0.365,"Thalurania glaucopis (J.F.Gmelin, 1788)",2476548,-27.739425,-48.514989,61.0,SOUTH_AMERICA,Santa Catarina,,,,2019-05-25,False,João Felipe Garbers,iNaturalist,http://creativecommons.org/licenses/by-nc/4.0/,João Felipe Garbers,https://inaturalist-open-data.s3.amazonaws.com/photos/40243971/original.jpg; https://inaturalist-open-data.s3.amazonaws.com/photos/40243976/original.jpg,k-brazil,2024-10-22 05:12:24
original_2557796601_1.jpeg,5339445,Randia armata,0.347,"Thalurania glaucopis (J.F.Gmelin, 1788)",2476548,-25.60038,-54.568559,4.0,SOUTH_AMERICA,Misiones,,,,2015-02-23T15:46,False,Adrian Braidotti,iNaturalist,http://creativecommons.org/licenses/by-nc/4.0/,Adrian Braidotti,https://inaturalist-open-data.s3.amazonaws.com/photos/59629420/original.jpeg,k-southern-south-america,2024-10-22 05:12:26
original_2563517893_1.jpg,7298689,Cybistax antisyphilitica,1.81,"Thalurania glaucopis (J.F.Gmelin, 1788)",2476548,-20.096604,-43.487772,15.0,SOUTH_AMERICA,Minas Gerais,,,,2019-08-24T13:25,False,Gary Larsen,iNaturalist,http://creativecommons.org/licenses/by-nc/4.0/,Gary Larsen,https://inaturalist-open-data.s3.amazonaws.com/photos/59901721/original.jpg,k-brazil,2024-10-22 05:12:29
original_2563551163_1.jpg,3860494,Henriettea succosa,4.551,"Thalurania glaucopis (J.F.Gmelin, 1788)",2476548,-29.511172,-51.973098,361.0,SOUTH_AMERICA,Rio Grande do Sul,,,,2016-03-28T13:31,False,moniquecb,iNaturalist,http://creativecommons.org/licenses/by-nc/4.0/,moniquecb,https://inaturalist-open-data.s3.amazonaws.com/photos/60052382/original.jpg; https://inaturalist-open-data.s3.amazonaws.com/photos/60052415/original.jpg,k-brazil,2024-10-22 05:12:33
original_2563551163_2.jpg,2870988,Philodendron linnaei,2.477,"Thalurania glaucopis (J.F.Gmelin, 1788)",2476548,-29.511172,-51.973098,361.0,SOUTH_AMERICA,Rio Grande do Sul,,,,2016-03-28T13:31,False,moniquecb,iNaturalist,http://creativecommons.org/licenses/by-nc/4.0/,moniquecb,https://inaturalist-open-data.s3.amazonaws.com/photos/60052382/original.jpg; https://inaturalist-open-data.s3.amazonaws.com/photos/60052415/original.jpg,k-brazil,2024-10-22 05:12:35
original_2563571939_2.jpg,5331157,Homalium racemosum,1.306,"Thalurania glaucopis (J.F.Gmelin, 1788)",2476548,-25.346703,-48.88672,31.0,SOUTH_AMERICA,Paraná,,,,2020-01-21T12:20,False,Evandro,iNaturalist,http://creativecommons.org/licenses/by-nc/4.0/,Evandro,https://inaturalist-open-data.s3.amazonaws.com/photos/60152970/original.jpg; https://inaturalist-open-data.s3.amazonaws.com/photos/60153046/original.jpg; https://inaturalist-open-data.s3.amazonaws.com/photos/60153047/original.jpg; https://inaturalist-open-data.s3.amazonaws.com/photos/60153048/original.jpg; https://inaturalist-open-data.s3.amazonaws.com/photos/60153086/original.jpg,k-brazil,2024-10-22 05:12:41
original_2563571939_3.jpg,5331145,Casearia aculeata,7.2940000000000005,"Thalurania glaucopis (J.F.Gmelin, 1788)",2476548,-25.346703,-48.88672,31.0,SOUTH_AMERICA,Paraná,,,,2020-01-21T12:20,False,Evandro,iNaturalist,http://creativecommons.org/licenses/by-nc/4.0/,Evandro,https://inaturalist-open-data.s3.amazonaws.com/photos/60152970/original.jpg; https://inaturalist-open-data.s3.amazonaws.com/photos/60153046/original.jpg; https://inaturalist-open-data.s3.amazonaws.com/photos/60153047/original.jpg; https://inaturalist-open-data.s3.amazonaws.com/photos/60153048/original.jpg; https://inaturalist-open-data.s3.amazonaws.com/photos/60153086/original.jpg,k-brazil,2024-10-22 05:12:43
original_2563571939_4.jpg,8162439,Callianthe striata,7.962,"Thalurania glaucopis (J.F.Gmelin, 1788)",2476548,-25.346703,-48.88672,31.0,SOUTH_AMERICA,Paraná,,,,2020-01-21T12:20,False,Evandro,iNaturalist,http://creativecommons.org/licenses/by-nc/4.0/,Evandro,https://inaturalist-open-data.s3.amazonaws.com/photos/60152970/original.jpg; https://inaturalist-open-data.s3.amazonaws.com/photos/60153046/original.jpg; https://inaturalist-open-data.s3.amazonaws.com/photos/60153047/original.jpg; https://inaturalist-open-data.s3.amazonaws.com/photos/60153048/original.jpg; https://inaturalist-open-data.s3.amazonaws.com/photos/60153086/original.jpg,k-brazil,2024-10-22 05:12:46
original_2563571939_5.jpg,5350882,Rhynchosia phaseoloides,1.807,"Thalurania glaucopis (J.F.Gmelin, 1788)",2476548,-25.346703,-48.88672,31.0,SOUTH_AMERICA,Paraná,,,,2020-01-21T12:20,False,Evandro,iNaturalist,http://creativecommons.org/licenses/by-nc/4.0/,Evandro,https://inaturalist-open-data.s3.amazonaws.com/photos/60152970/original.jpg; https://inaturalist-open-data.s3.amazonaws.com/photos/60153046/original.jpg; https://inaturalist-open-data.s3.amazonaws.com/photos/60153047/original.jpg; https://inaturalist-open-data.s3.amazonaws.com/photos/60153048/original.jpg; https://inaturalist-open-data.s3.amazonaws.com/photos/60153086/original.jpg,k-brazil,2024-10-22 05:12:49
original_2573780029_1.jpeg,3937390,Malvaviscus concinnus,2.167,"Thalurania glaucopis (J.F.Gmelin, 1788)",2476548,-23.776952,-46.298585,,SOUTH_AMERICA,São Paulo,,,,2018-04-29,False,Nelson Wisnik,iNaturalist,http://creativecommons.org/licenses/by-nc/4.0/,Nelson Wisnik,https://inaturalist-open-data.s3.amazonaws.com/photos/16936997/original.jpeg; https://inaturalist-open-data.s3.amazonaws.com/photos/16937513/original.jpeg,k-brazil,2024-10-22 05:12:52
original_2573780029_2.jpeg,7900084,Callianthe picta,0.378,"Thalurania glaucopis (J.F.Gmelin, 1788)",2476548,-23.776952,-46.298585,,SOUTH_AMERICA,São Paulo,,,,2018-04-29,False,Nelson Wisnik,iNaturalist,http://creativecommons.org/licenses/by-nc/4.0/,Nelson Wisnik,https://inaturalist-open-data.s3.amazonaws.com/photos/16936997/original.jpeg; https://inaturalist-open-data.s3.amazonaws.com/photos/16937513/original.jpeg,k-brazil,2024-10-22 05:12:54
original_2573903197_1.jpg,2928792,Cestrum parqui,1.5599999999999998,"Thalurania glaucopis (J.F.Gmelin, 1788)",2476548,-22.822672,-47.104962,,SOUTH_AMERICA,São Paulo,,,,2019-09-12T16:29,False,Nelson Wisnik,iNaturalist,http://creativecommons.org/licenses/by-nc/4.0/,Nelson Wisnik,https://inaturalist-open-data.s3.amazonaws.com/photos/51216512/original.jpg; https://inaturalist-open-data.s3.amazonaws.com/photos/51216935/original.jpg; https://inaturalist-open-data.s3.amazonaws.com/photos/51216942/original.jpg,k-brazil,2024-10-22 05:13:00
original_2573903197_2.jpg,5350336,Derris trifoliata,1.908,"Thalurania glaucopis (J.F.Gmelin, 1788)",2476548,-22.822672,-47.104962,,SOUTH_AMERICA,São Paulo,,,,2019-09-12T16:29,False,Nelson Wisnik,iNaturalist,http://creativecommons.org/licenses/by-nc/4.0/,Nelson Wisnik,https://inaturalist-open-data.s3.amazonaws.com/photos/51216512/original.jpg; https://inaturalist-open-data.s3.amazonaws.com/photos/51216935/original.jpg; https://inaturalist-open-data.s3.amazonaws.com/photos/51216942/original.jpg,k-brazil,2024-10-22 05:13:02
original_2573903197_3.jpg,5350336,Derris trifoliata,1.313,"Thalurania glaucopis (J.F.Gmelin, 1788)",2476548,-22.822672,-47.104962,,SOUTH_AMERICA,São Paulo,,,,2019-09-12T16:29,False,Nelson Wisnik,iNaturalist,http://creativecommons.org/licenses/by-nc/4.0/,Nelson Wisnik,https://inaturalist-open-data.s3.amazonaws.com/photos/51216512/original.jpg; https://inaturalist-open-data.s3.amazonaws.com/photos/51216935/original.jpg; https://inaturalist-open-data.s3.amazonaws.com/photos/51216942/original.jpg,k-brazil,2024-10-22 05:13:04
original_2573917751_2.jpg,5350336,Derris trifoliata,1.6219999999999999,"Thalurania glaucopis (J.F.Gmelin, 1788)",2476548,-22.822718,-47.104765,,SOUTH_AMERICA,São Paulo,,,,2019-02-14,False,Nelson Wisnik,iNaturalist,http://creativecommons.org/licenses/by-nc/4.0/,Nelson Wisnik,https://inaturalist-open-data.s3.amazonaws.com/photos/31462417/original.jpg; https://inaturalist-open-data.s3.amazonaws.com/photos/31462456/original.jpg,k-brazil,2024-10-22 05:13:09
original_2573988181_1.jpg,5350336,Derris trifoliata,8.455,"Thalurania glaucopis (J.F.Gmelin, 1788)",2476548,-23.767292,-45.70115,,SOUTH_AMERICA,São Paulo,,,,2019-12-24T15:29,False,Pedro Henrique Maloso Ramos,iNaturalist,http://creativecommons.org/licenses/by/4.0/,Pedro Henrique Maloso Ramos,https://inaturalist-open-data.s3.amazonaws.com/photos/61556537/original.jpg,k-brazil,2024-10-22 05:13:12
original_2574130822_1.jpeg,9119360,Paubrasilia echinata,9.048,"Thalurania glaucopis (J.F.Gmelin, 1788)",2476548,-22.827295,-47.105195,,SOUTH_AMERICA,São Paulo,,,,2018-02-23,False,Nelson Wisnik,iNaturalist,http://creativecommons.org/licenses/by-nc/4.0/,Nelson Wisnik,https://inaturalist-open-data.s3.amazonaws.com/photos/13745010/original.jpeg,k-brazil,2024-10-22 05:13:15
original_2574296689_1.jpeg,2884788,Pouteria caimito,4.178,"Thalurania glaucopis (J.F.Gmelin, 1788)",2476548,-23.469825,-47.021564,30175.0,SOUTH_AMERICA,São Paulo,,,,2019-04-02T17:52,False,andretostes,iNaturalist,http://creativecommons.org/licenses/by-nc/4.0/,andretostes,https://inaturalist-open-data.s3.amazonaws.com/photos/61168691/original.jpeg,k-brazil,2024-10-22 05:13:20
original_2576287527_4.jpeg,3152052,Apeiba tibourbou,0.882,"Thalurania glaucopis (J.F.Gmelin, 1788)",2476548,-23.439885,-47.068064,244.0,SOUTH_AMERICA,São Paulo,,,,2020-02-15T15:12,False,andretostes,iNaturalist,http://creativecommons.org/licenses/by-nc/4.0/,andretostes,https://inaturalist-open-data.s3.amazonaws.com/photos/62243573/original.jpeg; https://inaturalist-open-data.s3.amazonaws.com/photos/62243866/original.jpeg; https://inaturalist-open-data.s3.amazonaws.com/photos/62243886/original.jpeg; https://inaturalist-open-data.s3.amazonaws.com/photos/62243898/original.jpeg,k-brazil,2024-10-22 05:13:28
original_2580098608_1.jpeg,2651039,Elaphoglossum peltatum,9.626999999999999,"Thalurania glaucopis (J.F.Gmelin, 1788)",2476548,-23.776955,-46.301333,7264.0,SOUTH_AMERICA,São Paulo,,,,2020-03-14T23:45,False,Kaique S. S. Freitas,iNaturalist,http://creativecommons.org/licenses/by-nc/4.0/,Kaique S. S. Freitas,https://inaturalist-open-data.s3.amazonaws.com/photos/63712394/original.jpeg; https://inaturalist-open-data.s3.amazonaws.com/photos/63713021/original.jpeg; https://inaturalist-open-data.s3.amazonaws.com/photos/63713037/original.jpeg,k-brazil,2024-10-22 05:13:31
original_2580098608_2.jpeg,3778854,Sanchezia oblonga,61.001000000000005,"Thalurania glaucopis (J.F.Gmelin, 1788)",2476548,-23.776955,-46.301333,7264.0,SOUTH_AMERICA,São Paulo,,,,2020-03-14T23:45,False,Kaique S. S. Freitas,iNaturalist,http://creativecommons.org/licenses/by-nc/4.0/,Kaique S. S. Freitas,https://inaturalist-open-data.s3.amazonaws.com/photos/63712394/original.jpeg; https://inaturalist-open-data.s3.amazonaws.com/photos/63713021/original.jpeg; https://inaturalist-open-data.s3.amazonaws.com/photos/63713037/original.jpeg,k-brazil,2024-10-22 05:13:34
original_2580098608_3.jpeg,3778854,Sanchezia oblonga,7.962,"Thalurania glaucopis (J.F.Gmelin, 1788)",2476548,-23.776955,-46.301333,7264.0,SOUTH_AMERICA,São Paulo,,,,2020-03-14T23:45,False,Kaique S. S. Freitas,iNaturalist,http://creativecommons.org/licenses/by-nc/4.0/,Kaique S. S. Freitas,https://inaturalist-open-data.s3.amazonaws.com/photos/63712394/original.jpeg; https://inaturalist-open-data.s3.amazonaws.com/photos/63713021/original.jpeg; https://inaturalist-open-data.s3.amazonaws.com/photos/63713037/original.jpeg,k-brazil,2024-10-22 05:13:36
original_2580251971_1.jpg,2792457,Polystachya concreta,1.2850000000000001,"Thalurania glaucopis (J.F.Gmelin, 1788)",2476548,-23.319119,-45.164709,50.0,SOUTH_AMERICA,São Paulo,,,,2014-11-14T13:22,False,Eden Fontes,iNaturalist,http://creativecommons.org/licenses/by-nc/4.0/,Eden Fontes,https://inaturalist-open-data.s3.amazonaws.com/photos/63773014/original.jpg,k-brazil,2024-10-22 05:13:39
original_2596288276_1.jpg,5376309,Diplotaxis erucoides,3.3779999999999997,"Thalurania glaucopis (J.F.Gmelin, 1788)",2476548,-25.612788,-54.571489,1344.0,SOUTH_AMERICA,Misiones,,,,2016-10-26T15:24:34,False,f_senn,iNaturalist,http://creativecommons.org/licenses/by-nc/4.0/,f_senn,https://inaturalist-open-data.s3.amazonaws.com/photos/64775409/original.jpg,k-southern-south-america,2024-10-22 05:13:42
original_2596288773_1.jpeg,2697985,Aechmea mertensii,2.1479999999999997,"Thalurania glaucopis (J.F.Gmelin, 1788)",2476548,-22.437347,-44.608556,,SOUTH_AMERICA,Rio de Janeiro,,,,2019-08-11T06:51,False,docprt,iNaturalist,http://creativecommons.org/licenses/by-nc/4.0/,docprt,https://inaturalist-open-data.s3.amazonaws.com/photos/65133683/original.jpeg; https://inaturalist-open-data.s3.amazonaws.com/photos/65133688/original.jpeg,k-brazil,2024-10-22 05:13:44
original_2596288773_2.jpeg,7944396,Ficus pertusa,1.065,"Thalurania glaucopis (J.F.Gmelin, 1788)",2476548,-22.437347,-44.608556,,SOUTH_AMERICA,Rio de Janeiro,,,,2019-08-11T06:51,False,docprt,iNaturalist,http://creativecommons.org/licenses/by-nc/4.0/,docprt,https://inaturalist-open-data.s3.amazonaws.com/photos/65133683/original.jpeg; https://inaturalist-open-data.s3.amazonaws.com/photos/65133688/original.jpeg,k-brazil,2024-10-22 05:13:46
original_2596316505_1.jpeg,7298763,Jacaranda copaia,4.8759999999999994,"Thalurania glaucopis (J.F.Gmelin, 1788)",2476548,-22.451159,-42.771073,4.0,SOUTH_AMERICA,Rio de Janeiro,,,,2020-03-12T05:03,False,Andy Wilson,iNaturalist,http://creativecommons.org/publicdomain/zero/1.0/,Andy Wilson,https://inaturalist-open-data.s3.amazonaws.com/photos/64127431/original.jpeg,k-brazil,2024-10-22 05:13:49
original_2596408057_1.jpg,5383980,Trichostigma octandrum,1.542,"Thalurania glaucopis (J.F.Gmelin, 1788)",2476548,-22.431743,-44.615143,,SOUTH_AMERICA,Rio de Janeiro,,,,2019-08-11T14:57,False,docprt,iNaturalist,http://creativecommons.org/licenses/by-nc/4.0/,docprt,https://inaturalist-open-data.s3.amazonaws.com/photos/65235070/original.jpg,k-brazil,2024-10-22 05:13:51
original_2597721225_2.jpeg,10770835,Ruehssia rubrofusca,3.1,"Thalurania glaucopis (J.F.Gmelin, 1788)",2476548,-23.469328,-45.16885,,SOUTH_AMERICA,São Paulo,,,,2019-08-14T06:50,False,docprt,iNaturalist,http://creativecommons.org/licenses/by-nc/4.0/,docprt,https://inaturalist-open-data.s3.amazonaws.com/photos/65654837/original.jpeg; https://inaturalist-open-data.s3.amazonaws.com/photos/65654843/original.jpeg,k-brazil,2024-10-22 05:14:03
original_2597825187_1.jpeg,5350882,Rhynchosia phaseoloides,1.213,"Thalurania glaucopis (J.F.Gmelin, 1788)",2476548,-23.469372,-45.168836,,SOUTH_AMERICA,São Paulo,,,,2019-08-14T06:48,False,docprt,iNaturalist,http://creativecommons.org/licenses/by-nc/4.0/,docprt,https://inaturalist-open-data.s3.amazonaws.com/photos/65625582/original.jpeg; https://inaturalist-open-data.s3.amazonaws.com/photos/65625589/original.jpeg,k-brazil,2024-10-22 05:14:05
original_2597868049_2.jpeg,2885742,Chrysophyllum argenteum,0.297,"Thalurania glaucopis (J.F.Gmelin, 1788)",2476548,-23.469089,-45.169572,,SOUTH_AMERICA,São Paulo,,,,2019-08-14T08:06,False,docprt,iNaturalist,http://creativecommons.org/licenses/by-nc/4.0/,docprt,https://inaturalist-open-data.s3.amazonaws.com/photos/65547174/original.jpeg; https://inaturalist-open-data.s3.amazonaws.com/photos/65547180/original.jpeg; https://inaturalist-open-data.s3.amazonaws.com/photos/65547183/original.jpeg,k-brazil,2024-10-22 05:14:17
original_2603416140_2.jpeg,3152052,Apeiba tibourbou,1.7930000000000001,"Thalurania glaucopis (J.F.Gmelin, 1788)",2476548,-23.468947,-45.169631,,SOUTH_AMERICA,São Paulo,,,,2019-08-14T08:02,False,docprt,iNaturalist,http://creativecommons.org/licenses/by-nc/4.0/,docprt,https://inaturalist-open-data.s3.amazonaws.com/photos/65547097/original.jpeg; https://inaturalist-open-data.s3.amazonaws.com/photos/65547106/original.jpeg,k-brazil,2024-10-22 05:14:29
original_2609174204_1.jpeg,3172589,Amphilophium paniculatum,1.073,"Thalurania glaucopis (J.F.Gmelin, 1788)",2476548,-25.857565,-53.975693,201.0,SOUTH_AMERICA,Misiones,,,,2017-07-01T12:46,False,Julia Gastaudo,iNaturalist,http://creativecommons.org/licenses/by-nc/4.0/,Julia Gastaudo,https://inaturalist-open-data.s3.amazonaws.com/photos/68040372/original.jpeg,k-southern-south-america,2024-10-22 05:14:32
original_2611071411_2.jpeg,7309398,Vitex megapotamica,2.749,"Thalurania glaucopis (J.F.Gmelin, 1788)",2476548,-22.437706,-44.609028,150.0,SOUTH_AMERICA,Rio de Janeiro,,,,2019-08-11T04:56,False,Millie Basden,iNaturalist,http://creativecommons.org/licenses/by/4.0/,Millie Basden,https://inaturalist-open-data.s3.amazonaws.com/photos/49182967/original.jpeg; https://inaturalist-open-data.s3.amazonaws.com/photos/49182981/original.jpeg; https://inaturalist-open-data.s3.amazonaws.com/photos/49182984/original.jpeg,k-brazil,2024-10-22 05:14:37
original_2620123390_1.jpeg,2932917,Brunfelsia grandiflora,1.352,"Thalurania glaucopis (J.F.Gmelin, 1788)",2476548,-15.391859,-39.564455,4.0,SOUTH_AMERICA,Bahia,,,,2018-12-17T14:55,False,Jason J. Dombroskie,iNaturalist,http://creativecommons.org/licenses/by-nc/4.0/,Jason J. Dombroskie,https://inaturalist-open-data.s3.amazonaws.com/photos/48500318/original.jpeg,k-brazil,2024-10-22 05:14:42
original_2620162933_1.jpg,3778854,Sanchezia oblonga,32.169,"Thalurania glaucopis (J.F.Gmelin, 1788)",2476548,-23.777548,-46.302396,838.0,SOUTH_AMERICA,São Paulo,,,,2020-03-14T00:05,False,pupingb,iNaturalist,http://creativecommons.org/licenses/by-nc/4.0/,pupingb,https://inaturalist-open-data.s3.amazonaws.com/photos/71414677/original.jpg,k-brazil,2024-10-22 05:14:44
original_2626110477_1.jpeg,5350336,Derris trifoliata,5.075,"Thalurania glaucopis (J.F.Gmelin, 1788)",2476548,-23.396889,-45.003875,2801.0,SOUTH_AMERICA,São Paulo,,,,2018-05-04T10:27,False,Gustavo Sigal,iNaturalist,http://creativecommons.org/licenses/by-nc/4.0/,Gustavo Sigal,https://inaturalist-open-data.s3.amazonaws.com/photos/58461023/original.jpeg,k-brazil,2024-10-22 05:14:47
original_2626193351_1.jpg,8335905,Anchietea pyrifolia,0.5599999999999999,"Thalurania glaucopis (J.F.Gmelin, 1788)",2476548,-22.459447,-44.590851,61.0,SOUTH_AMERICA,Rio de Janeiro,,,,2020-05-14T12:12,False,Hudson Martins Soares,iNaturalist,http://creativecommons.org/licenses/by-nc/4.0/,Hudson Martins Soares,https://inaturalist-open-data.s3.amazonaws.com/photos/72825129/original.jpg,k-brazil,2024-10-22 05:14:50
original_2633983497_1.jpeg,2951571,Mucuna sloanei,19.16,"Thalurania glaucopis (J.F.Gmelin, 1788)",2476548,-22.953733,-43.164349,31.0,SOUTH_AMERICA,Rio de Janeiro,,,,2020-01-02T14:37,False,Eric Fischer Rempe,iNaturalist,http://creativecommons.org/licenses/by-nc/4.0/,Eric Fischer Rempe,https://inaturalist-open-data.s3.amazonaws.com/photos/58974021/original.jpeg; https://inaturalist-open-data.s3.amazonaws.com/photos/58974068/original.jpeg; https://inaturalist-open-data.s3.amazonaws.com/photos/58974072/original.jpeg; https://inaturalist-open-data.s3.amazonaws.com/photos/58974079/original.jpeg,k-brazil,2024-10-22 05:14:52
original_2633983497_2.jpeg,3033958,Chondrodendron tomentosum,2.005,"Thalurania glaucopis (J.F.Gmelin, 1788)",2476548,-22.953733,-43.164349,31.0,SOUTH_AMERICA,Rio de Janeiro,,,,2020-01-02T14:37,False,Eric Fischer Rempe,iNaturalist,http://creativecommons.org/licenses/by-nc/4.0/,Eric Fischer Rempe,https://inaturalist-open-data.s3.amazonaws.com/photos/58974021/original.jpeg; https://inaturalist-open-data.s3.amazonaws.com/photos/58974068/original.jpeg; https://inaturalist-open-data.s3.amazonaws.com/photos/58974072/original.jpeg; https://inaturalist-open-data.s3.amazonaws.com/photos/58974079/original.jpeg,k-brazil,2024-10-22 05:14:54
original_2633983497_3.jpeg,5340116,Warszewiczia coccinea,4.7989999999999995,"Thalurania glaucopis (J.F.Gmelin, 1788)",2476548,-22.953733,-43.164349,31.0,SOUTH_AMERICA,Rio de Janeiro,,,,2020-01-02T14:37,False,Eric Fischer Rempe,iNaturalist,http://creativecommons.org/licenses/by-nc/4.0/,Eric Fischer Rempe,https://inaturalist-open-data.s3.amazonaws.com/photos/58974021/original.jpeg; https://inaturalist-open-data.s3.amazonaws.com/photos/58974068/original.jpeg; https://inaturalist-open-data.s3.amazonaws.com/photos/58974072/original.jpeg; https://inaturalist-open-data.s3.amazonaws.com/photos/58974079/original.jpeg,k-brazil,2024-10-22 05:14:56
original_2633983497_4.jpeg,2951571,Mucuna sloanei,17.381,"Thalurania glaucopis (J.F.Gmelin, 1788)",2476548,-22.953733,-43.164349,31.0,SOUTH_AMERICA,Rio de Janeiro,,,,2020-01-02T14:37,False,Eric Fischer Rempe,iNaturalist,http://creativecommons.org/licenses/by-nc/4.0/,Eric Fischer Rempe,https://inaturalist-open-data.s3.amazonaws.com/photos/58974021/original.jpeg; https://inaturalist-open-data.s3.amazonaws.com/photos/58974068/original.jpeg; https://inaturalist-open-data.s3.amazonaws.com/photos/58974072/original.jpeg; https://inaturalist-open-data.s3.amazonaws.com/photos/58974079/original.jpeg,k-brazil,2024-10-22 05:14:58
original_2641491436_1.jpeg,2884788,Pouteria caimito,4.166,"Thalurania glaucopis (J.F.Gmelin, 1788)",2476548,-23.441611,-47.067426,272.0,SOUTH_AMERICA,São Paulo,,,,2019-04-02T17:20,False,andretostes,iNaturalist,http://creativecommons.org/licenses/by-nc/4.0/,andretostes,https://inaturalist-open-data.s3.amazonaws.com/photos/69193383/original.jpeg,k-brazil,2024-10-22 05:15:05
original_2802554020_1.jpg,2871376,Spirodela punctata,0.579,"Thalurania glaucopis (J.F.Gmelin, 1788)",2476548,-26.911792,-49.158485,29798.0,SOUTH_AMERICA,Santa Catarina,,,,2018-07-12T12:14,False,Liu Idárraga Orozco,iNaturalist,http://creativecommons.org/licenses/by-nc/4.0/,Liu Idárraga Orozco,https://inaturalist-open-data.s3.amazonaws.com/photos/78986377/original.jpg,k-brazil,2024-10-22 05:15:11
original_2813995653_1.jpg,8673712,Ludwigia elegans,2.207,"Thalurania glaucopis (J.F.Gmelin, 1788)",2476548,-26.934183,-49.002835,29798.0,SOUTH_AMERICA,Santa Catarina,,,,2018-07-12T12:22,False,Liu Idárraga Orozco,iNaturalist,http://creativecommons.org/licenses/by-nc/4.0/,Liu Idárraga Orozco,https://inaturalist-open-data.s3.amazonaws.com/photos/78986679/original.jpg; https://inaturalist-open-data.s3.amazonaws.com/photos/78986794/original.jpg,k-brazil,2024-10-22 05:15:14
original_2814444938_1.jpeg,5289756,Phalaris arundinacea,2.02,"Thalurania glaucopis (J.F.Gmelin, 1788)",2476548,-29.442796,-50.61129,40.0,SOUTH_AMERICA,Rio Grande do Sul,,,,2010-11-11T02:05,False,Jeff Harding,iNaturalist,http://creativecommons.org/licenses/by-nc/4.0/,Jeff Harding,https://inaturalist-open-data.s3.amazonaws.com/photos/81600182/original.jpeg,k-brazil,2024-10-22 05:15:31
original_2823166515_1.jpeg,7309398,Vitex megapotamica,22.147,"Thalurania glaucopis (J.F.Gmelin, 1788)",2476548,-25.85756,-53.975704,201.0,SOUTH_AMERICA,Misiones,,,,2018-01-23T17:22,False,Carlos Schmidtutz,iNaturalist,http://creativecommons.org/licenses/by-nc/4.0/,Carlos Schmidtutz,https://inaturalist-open-data.s3.amazonaws.com/photos/85871233/original.jpeg,k-southern-south-america,2024-10-22 05:15:34
original_2850841344_3.jpg,2874574,Cucumis dipsaceus,0.714,"Thalurania glaucopis (J.F.Gmelin, 1788)",2476548,-27.199648,-49.647309,104.0,SOUTH_AMERICA,Santa Catarina,,,,2020-08-18T13:42,False,nicolasweissheimer,iNaturalist,http://creativecommons.org/licenses/by-nc/4.0/,nicolasweissheimer,https://inaturalist-open-data.s3.amazonaws.com/photos/90658885/original.jpg; https://inaturalist-open-data.s3.amazonaws.com/photos/90659041/original.jpg; https://inaturalist-open-data.s3.amazonaws.com/photos/90659142/original.jpg,k-brazil,2024-10-22 05:15:39
original_2856749201_1.jpeg,5350336,Derris trifoliata,43.259,"Thalurania glaucopis (J.F.Gmelin, 1788)",2476548,-22.770254,-45.600971,208.0,SOUTH_AMERICA,São Paulo,,,,2016-01-29T16:13,False,Helio Lourencini,iNaturalist,http://creativecommons.org/licenses/by/4.0/,Helio Lourencini,https://inaturalist-open-data.s3.amazonaws.com/photos/91832627/original.jpeg,k-brazil,2024-10-22 05:15:49
original_2859968599_1.jpeg,7156971,Oxalis triangularis,0.681,"Thalurania glaucopis (J.F.Gmelin, 1788)",2476548,-23.441611,-47.067426,272.0,SOUTH_AMERICA,São Paulo,,,,2020-05-20T17:23,False,andretostes,iNaturalist,http://creativecommons.org/licenses/by-nc/4.0/,andretostes,https://inaturalist-open-data.s3.amazonaws.com/photos/92228263/original.jpeg,k-brazil,2024-10-22 05:15:53
original_2864813606_1.jpeg,4092146,Handroanthus ochraceus,27.483,"Thalurania glaucopis (J.F.Gmelin, 1788)",2476548,-23.441611,-47.067426,272.0,SOUTH_AMERICA,São Paulo,,,,2020-09-06T09:53,False,andretostes,iNaturalist,http://creativecommons.org/licenses/by-nc/4.0/,andretostes,https://inaturalist-open-data.s3.amazonaws.com/photos/93867204/original.jpeg,k-brazil,2024-10-22 05:16:00
original_2873807698_1.jpeg,2760766,Heliconia hirsuta,17.093,"Thalurania glaucopis (J.F.Gmelin, 1788)",2476548,-24.365278,-47.020556,,SOUTH_AMERICA,São Paulo,,,,2020-09-25T16:51,False,Edson e Lourdes Ventura,iNaturalist,http://creativecommons.org/licenses/by-nc/4.0/,Edson e Lourdes Ventura,https://inaturalist-open-data.s3.amazonaws.com/photos/97155565/original.jpeg,k-brazil,2024-10-22 05:16:08
original_2873837463_1.jpg,3866517,Bellucia pentamera,0.316,"Thalurania glaucopis (J.F.Gmelin, 1788)",2476548,-24.365278,-47.020556,,SOUTH_AMERICA,São Paulo,,,,2020-09-27T07:23,False,Edson e Lourdes Ventura,iNaturalist,http://creativecommons.org/licenses/by-nc/4.0/,Edson e Lourdes Ventura,https://inaturalist-open-data.s3.amazonaws.com/photos/97775017/original.jpg,k-brazil,2024-10-22 05:16:10
original_2874007934_1.jpg,5357680,Inga vera,45.728,"Thalurania glaucopis (J.F.Gmelin, 1788)",2476548,-22.938629,-46.724395,15.0,SOUTH_AMERICA,São Paulo,,,,2020-09-27T09:03,False,Eden Fontes,iNaturalist,http://creativecommons.org/licenses/by-nc/4.0/,Eden Fontes,https://inaturalist-open-data.s3.amazonaws.com/photos/98221014/original.jpg,k-brazil,2024-10-22 05:16:12
original_2963795907_1.jpg,7309596,Vitex cymosa,10.843,"Thalurania glaucopis (J.F.Gmelin, 1788)",2476548,-22.451,-42.7712,,SOUTH_AMERICA,Rio de Janeiro,,,,2018-11-01T20:52Z,False,Ria Vogels,iNaturalist,http://creativecommons.org/licenses/by-nc/4.0/,Ria Vogels,https://inaturalist-open-data.s3.amazonaws.com/photos/102083726/original.jpg,k-brazil,2024-10-22 05:16:21
original_2963887668_1.jpg,2792457,Polystachya concreta,0.366,"Thalurania glaucopis (J.F.Gmelin, 1788)",2476548,-22.432104,-44.615352,42.0,SOUTH_AMERICA,Rio de Janeiro,,,,2011-04-03T08:35,False,Jean-Paul Boerekamps,iNaturalist,http://creativecommons.org/publicdomain/zero/1.0/,Jean-Paul Boerekamps,https://inaturalist-open-data.s3.amazonaws.com/photos/101700783/original.jpg; https://inaturalist-open-data.s3.amazonaws.com/photos/101700801/original.jpg; https://inaturalist-open-data.s3.amazonaws.com/photos/101700805/original.jpg; https://inaturalist-open-data.s3.amazonaws.com/photos/101700811/original.jpg,k-brazil,2024-10-22 05:16:23
original_2963887668_2.jpg,2792457,Polystachya concreta,1.184,"Thalurania glaucopis (J.F.Gmelin, 1788)",2476548,-22.432104,-44.615352,42.0,SOUTH_AMERICA,Rio de Janeiro,,,,2011-04-03T08:35,False,Jean-Paul Boerekamps,iNaturalist,http://creativecommons.org/publicdomain/zero/1.0/,Jean-Paul Boerekamps,https://inaturalist-open-data.s3.amazonaws.com/photos/101700783/original.jpg; https://inaturalist-open-data.s3.amazonaws.com/photos/101700801/original.jpg; https://inaturalist-open-data.s3.amazonaws.com/photos/101700805/original.jpg; https://inaturalist-open-data.s3.amazonaws.com/photos/101700811/original.jpg,k-brazil,2024-10-22 05:16:26
original_2963887668_3.jpg,2792457,Polystachya concreta,1.0999999999999999,"Thalurania glaucopis (J.F.Gmelin, 1788)",2476548,-22.432104,-44.615352,42.0,SOUTH_AMERICA,Rio de Janeiro,,,,2011-04-03T08:35,False,Jean-Paul Boerekamps,iNaturalist,http://creativecommons.org/publicdomain/zero/1.0/,Jean-Paul Boerekamps,https://inaturalist-open-data.s3.amazonaws.com/photos/101700783/original.jpg; https://inaturalist-open-data.s3.amazonaws.com/photos/101700801/original.jpg; https://inaturalist-open-data.s3.amazonaws.com/photos/101700805/original.jpg; https://inaturalist-open-data.s3.amazonaws.com/photos/101700811/original.jpg,k-brazil,2024-10-22 05:16:28
original_2963887668_4.jpg,2895593,Genipa americana,1.2670000000000001,"Thalurania glaucopis (J.F.Gmelin, 1788)",2476548,-22.432104,-44.615352,42.0,SOUTH_AMERICA,Rio de Janeiro,,,,2011-04-03T08:35,False,Jean-Paul Boerekamps,iNaturalist,http://creativecommons.org/publicdomain/zero/1.0/,Jean-Paul Boerekamps,https://inaturalist-open-data.s3.amazonaws.com/photos/101700783/original.jpg; https://inaturalist-open-data.s3.amazonaws.com/photos/101700801/original.jpg; https://inaturalist-open-data.s3.amazonaws.com/photos/101700805/original.jpg; https://inaturalist-open-data.s3.amazonaws.com/photos/101700811/original.jpg,k-brazil,2024-10-22 05:16:30
original_2980820749_1.jpeg,3782358,Siparuna thecaphora,3.251,"Thalurania glaucopis (J.F.Gmelin, 1788)",2476548,-23.469486,-45.16945,2.0,SOUTH_AMERICA,São Paulo,,,,2020-10-26T16:09,False,Gabriel Völker Lacerda,iNaturalist,http://creativecommons.org/licenses/by-nc/4.0/,Gabriel Völker Lacerda,https://inaturalist-open-data.s3.amazonaws.com/photos/102587797/original.jpeg; https://inaturalist-open-data.s3.amazonaws.com/photos/102587801/original.jpeg; https://inaturalist-open-data.s3.amazonaws.com/photos/102587807/original.jpeg,k-brazil,2024-10-22 05:16:35
original_2980820749_2.jpeg,2651847,Adiantum trapeziforme,2.667,"Thalurania glaucopis (J.F.Gmelin, 1788)",2476548,-23.469486,-45.16945,2.0,SOUTH_AMERICA,São Paulo,,,,2020-10-26T16:09,False,Gabriel Völker Lacerda,iNaturalist,http://creativecommons.org/licenses/by-nc/4.0/,Gabriel Völker Lacerda,https://inaturalist-open-data.s3.amazonaws.com/photos/102587797/original.jpeg; https://inaturalist-open-data.s3.amazonaws.com/photos/102587801/original.jpeg; https://inaturalist-open-data.s3.amazonaws.com/photos/102587807/original.jpeg,k-brazil,2024-10-22 05:16:37
original_2980820749_3.jpeg,2651847,Adiantum trapeziforme,2.001,"Thalurania glaucopis (J.F.Gmelin, 1788)",2476548,-23.469486,-45.16945,2.0,SOUTH_AMERICA,São Paulo,,,,2020-10-26T16:09,False,Gabriel Völker Lacerda,iNaturalist,http://creativecommons.org/licenses/by-nc/4.0/,Gabriel Völker Lacerda,https://inaturalist-open-data.s3.amazonaws.com/photos/102587797/original.jpeg; https://inaturalist-open-data.s3.amazonaws.com/photos/102587801/original.jpeg; https://inaturalist-open-data.s3.amazonaws.com/photos/102587807/original.jpeg,k-brazil,2024-10-22 05:16:39
original_2980878716_1.jpeg,3623397,Gurania lobata,0.759,"Thalurania glaucopis (J.F.Gmelin, 1788)",2476548,-23.469507,-45.169365,2.0,SOUTH_AMERICA,São Paulo,,,,2020-10-26T16:42,False,Gabriel Völker Lacerda,iNaturalist,http://creativecommons.org/licenses/by-nc/4.0/,Gabriel Völker Lacerda,https://inaturalist-open-data.s3.amazonaws.com/photos/102588245/original.jpeg,k-brazil,2024-10-22 05:16:42
original_2980987762_1.jpeg,5293403,Euterpe edulis,63.80200000000001,"Thalurania glaucopis (J.F.Gmelin, 1788)",2476548,-23.296958,-44.869495,4.0,SOUTH_AMERICA,São Paulo,,,,2020-10-29T06:40,False,Gabriel Völker Lacerda,iNaturalist,http://creativecommons.org/licenses/by-nc/4.0/,Gabriel Völker Lacerda,https://inaturalist-open-data.s3.amazonaws.com/photos/102602937/original.jpeg; https://inaturalist-open-data.s3.amazonaws.com/photos/102602955/original.jpeg; https://inaturalist-open-data.s3.amazonaws.com/photos/102602981/original.jpeg; https://inaturalist-open-data.s3.amazonaws.com/photos/102602997/original.jpeg; https://inaturalist-open-data.s3.amazonaws.com/photos/102603075/original.jpeg; https://inaturalist-open-data.s3.amazonaws.com/photos/102603116/original.jpeg; https://inaturalist-open-data.s3.amazonaws.com/photos/102603137/original.jpeg; https://inaturalist-open-data.s3.amazonaws.com/photos/102603230/original.jpeg; https://inaturalist-open-data.s3.amazonaws.com/photos/102603296/original.jpeg; https://inaturalist-open-data.s3.amazonaws.com/photos/102603333/original.jpeg; https://inaturalist-open-data.s3.amazonaws.com/photos/102603345/original.jpeg,k-brazil,2024-10-22 05:16:55
original_2980987762_10.jpeg,7981652,Rhabdadenia biflora,2.094,"Thalurania glaucopis (J.F.Gmelin, 1788)",2476548,-23.296958,-44.869495,4.0,SOUTH_AMERICA,São Paulo,,,,2020-10-29T06:40,False,Gabriel Völker Lacerda,iNaturalist,http://creativecommons.org/licenses/by-nc/4.0/,Gabriel Völker Lacerda,https://inaturalist-open-data.s3.amazonaws.com/photos/102602937/original.jpeg; https://inaturalist-open-data.s3.amazonaws.com/photos/102602955/original.jpeg; https://inaturalist-open-data.s3.amazonaws.com/photos/102602981/original.jpeg; https://inaturalist-open-data.s3.amazonaws.com/photos/102602997/original.jpeg; https://inaturalist-open-data.s3.amazonaws.com/photos/102603075/original.jpeg; https://inaturalist-open-data.s3.amazonaws.com/photos/102603116/original.jpeg; https://inaturalist-open-data.s3.amazonaws.com/photos/102603137/original.jpeg; https://inaturalist-open-data.s3.amazonaws.com/photos/102603230/original.jpeg; https://inaturalist-open-data.s3.amazonaws.com/photos/102603296/original.jpeg; https://inaturalist-open-data.s3.amazonaws.com/photos/102603333/original.jpeg; https://inaturalist-open-data.s3.amazonaws.com/photos/102603345/original.jpeg,k-brazil,2024-10-22 05:16:57
original_2980987762_11.jpeg,2705373,Eragrostis ciliaris,2.943,"Thalurania glaucopis (J.F.Gmelin, 1788)",2476548,-23.296958,-44.869495,4.0,SOUTH_AMERICA,São Paulo,,,,2020-10-29T06:40,False,Gabriel Völker Lacerda,iNaturalist,http://creativecommons.org/licenses/by-nc/4.0/,Gabriel Völker Lacerda,https://inaturalist-open-data.s3.amazonaws.com/photos/102602937/original.jpeg; https://inaturalist-open-data.s3.amazonaws.com/photos/102602955/original.jpeg; https://inaturalist-open-data.s3.amazonaws.com/photos/102602981/original.jpeg; https://inaturalist-open-data.s3.amazonaws.com/photos/102602997/original.jpeg; https://inaturalist-open-data.s3.amazonaws.com/photos/102603075/original.jpeg; https://inaturalist-open-data.s3.amazonaws.com/photos/102603116/original.jpeg; https://inaturalist-open-data.s3.amazonaws.com/photos/102603137/original.jpeg; https://inaturalist-open-data.s3.amazonaws.com/photos/102603230/original.jpeg; https://inaturalist-open-data.s3.amazonaws.com/photos/102603296/original.jpeg; https://inaturalist-open-data.s3.amazonaws.com/photos/102603333/original.jpeg; https://inaturalist-open-data.s3.amazonaws.com/photos/102603345/original.jpeg,k-brazil,2024-10-22 05:16:59
original_2980987762_2.jpeg,5293403,Euterpe edulis,27.234,"Thalurania glaucopis (J.F.Gmelin, 1788)",2476548,-23.296958,-44.869495,4.0,SOUTH_AMERICA,São Paulo,,,,2020-10-29T06:40,False,Gabriel Völker Lacerda,iNaturalist,http://creativecommons.org/licenses/by-nc/4.0/,Gabriel Völker Lacerda,https://inaturalist-open-data.s3.amazonaws.com/photos/102602937/original.jpeg; https://inaturalist-open-data.s3.amazonaws.com/photos/102602955/original.jpeg; https://inaturalist-open-data.s3.amazonaws.com/photos/102602981/original.jpeg; https://inaturalist-open-data.s3.amazonaws.com/photos/102602997/original.jpeg; https://inaturalist-open-data.s3.amazonaws.com/photos/102603075/original.jpeg; https://inaturalist-open-data.s3.amazonaws.com/photos/102603116/original.jpeg; https://inaturalist-open-data.s3.amazonaws.com/photos/102603137/original.jpeg; https://inaturalist-open-data.s3.amazonaws.com/photos/102603230/original.jpeg; https://inaturalist-open-data.s3.amazonaws.com/photos/102603296/original.jpeg; https://inaturalist-open-data.s3.amazonaws.com/photos/102603333/original.jpeg; https://inaturalist-open-data.s3.amazonaws.com/photos/102603345/original.jpeg,k-brazil,2024-10-22 05:17:01
original_2980987762_3.jpeg,5293403,Euterpe edulis,23.255,"Thalurania glaucopis (J.F.Gmelin, 1788)",2476548,-23.296958,-44.869495,4.0,SOUTH_AMERICA,São Paulo,,,,2020-10-29T06:40,False,Gabriel Völker Lacerda,iNaturalist,http://creativecommons.org/licenses/by-nc/4.0/,Gabriel Völker Lacerda,https://inaturalist-open-data.s3.amazonaws.com/photos/102602937/original.jpeg; https://inaturalist-open-data.s3.amazonaws.com/photos/102602955/original.jpeg; https://inaturalist-open-data.s3.amazonaws.com/photos/102602981/original.jpeg; https://inaturalist-open-data.s3.amazonaws.com/photos/102602997/original.jpeg; https://inaturalist-open-data.s3.amazonaws.com/photos/102603075/original.jpeg; https://inaturalist-open-data.s3.amazonaws.com/photos/102603116/original.jpeg; https://inaturalist-open-data.s3.amazonaws.com/photos/102603137/original.jpeg; https://inaturalist-open-data.s3.amazonaws.com/photos/102603230/original.jpeg; https://inaturalist-open-data.s3.amazonaws.com/photos/102603296/original.jpeg; https://inaturalist-open-data.s3.amazonaws.com/photos/102603333/original.jpeg; https://inaturalist-open-data.s3.amazonaws.com/photos/102603345/original.jpeg,k-brazil,2024-10-22 05:17:03
original_2980987762_4.jpeg,5293403,Euterpe edulis,33.194,"Thalurania glaucopis (J.F.Gmelin, 1788)",2476548,-23.296958,-44.869495,4.0,SOUTH_AMERICA,São Paulo,,,,2020-10-29T06:40,False,Gabriel Völker Lacerda,iNaturalist,http://creativecommons.org/licenses/by-nc/4.0/,Gabriel Völker Lacerda,https://inaturalist-open-data.s3.amazonaws.com/photos/102602937/original.jpeg; https://inaturalist-open-data.s3.amazonaws.com/photos/102602955/original.jpeg; https://inaturalist-open-data.s3.amazonaws.com/photos/102602981/original.jpeg; https://inaturalist-open-data.s3.amazonaws.com/photos/102602997/original.jpeg; https://inaturalist-open-data.s3.amazonaws.com/photos/102603075/original.jpeg; https://inaturalist-open-data.s3.amazonaws.com/photos/102603116/original.jpeg; https://inaturalist-open-data.s3.amazonaws.com/photos/102603137/original.jpeg; https://inaturalist-open-data.s3.amazonaws.com/photos/102603230/original.jpeg; https://inaturalist-open-data.s3.amazonaws.com/photos/102603296/original.jpeg; https://inaturalist-open-data.s3.amazonaws.com/photos/102603333/original.jpeg; https://inaturalist-open-data.s3.amazonaws.com/photos/102603345/original.jpeg,k-brazil,2024-10-22 05:17:05
original_2980987762_5.jpeg,2714233,Cyperus imbricatus,1.17,"Thalurania glaucopis (J.F.Gmelin, 1788)",2476548,-23.296958,-44.869495,4.0,SOUTH_AMERICA,São Paulo,,,,2020-10-29T06:40,False,Gabriel Völker Lacerda,iNaturalist,http://creativecommons.org/licenses/by-nc/4.0/,Gabriel Völker Lacerda,https://inaturalist-open-data.s3.amazonaws.com/photos/102602937/original.jpeg; https://inaturalist-open-data.s3.amazonaws.com/photos/102602955/original.jpeg; https://inaturalist-open-data.s3.amazonaws.com/photos/102602981/original.jpeg; https://inaturalist-open-data.s3.amazonaws.com/photos/102602997/original.jpeg; https://inaturalist-open-data.s3.amazonaws.com/photos/102603075/original.jpeg; https://inaturalist-open-data.s3.amazonaws.com/photos/102603116/original.jpeg; https://inaturalist-open-data.s3.amazonaws.com/photos/102603137/original.jpeg; https://inaturalist-open-data.s3.amazonaws.com/photos/102603230/original.jpeg; https://inaturalist-open-data.s3.amazonaws.com/photos/102603296/original.jpeg; https://inaturalist-open-data.s3.amazonaws.com/photos/102603333/original.jpeg; https://inaturalist-open-data.s3.amazonaws.com/photos/102603345/original.jpeg,k-brazil,2024-10-22 05:17:07
original_2980987762_6.jpeg,4931838,Amphilophium crucigerum,2.017,"Thalurania glaucopis (J.F.Gmelin, 1788)",2476548,-23.296958,-44.869495,4.0,SOUTH_AMERICA,São Paulo,,,,2020-10-29T06:40,False,Gabriel Völker Lacerda,iNaturalist,http://creativecommons.org/licenses/by-nc/4.0/,Gabriel Völker Lacerda,https://inaturalist-open-data.s3.amazonaws.com/photos/102602937/original.jpeg; https://inaturalist-open-data.s3.amazonaws.com/photos/102602955/original.jpeg; https://inaturalist-open-data.s3.amazonaws.com/photos/102602981/original.jpeg; https://inaturalist-open-data.s3.amazonaws.com/photos/102602997/original.jpeg; https://inaturalist-open-data.s3.amazonaws.com/photos/102603075/original.jpeg; https://inaturalist-open-data.s3.amazonaws.com/photos/102603116/original.jpeg; https://inaturalist-open-data.s3.amazonaws.com/photos/102603137/original.jpeg; https://inaturalist-open-data.s3.amazonaws.com/photos/102603230/original.jpeg; https://inaturalist-open-data.s3.amazonaws.com/photos/102603296/original.jpeg; https://inaturalist-open-data.s3.amazonaws.com/photos/102603333/original.jpeg; https://inaturalist-open-data.s3.amazonaws.com/photos/102603345/original.jpeg,k-brazil,2024-10-22 05:17:09
original_2980987762_7.jpeg,3190533,Schinopsis balansae,3.5839999999999996,"Thalurania glaucopis (J.F.Gmelin, 1788)",2476548,-23.296958,-44.869495,4.0,SOUTH_AMERICA,São Paulo,,,,2020-10-29T06:40,False,Gabriel Völker Lacerda,iNaturalist,http://creativecommons.org/licenses/by-nc/4.0/,Gabriel Völker Lacerda,https://inaturalist-open-data.s3.amazonaws.com/photos/102602937/original.jpeg; https://inaturalist-open-data.s3.amazonaws.com/photos/102602955/original.jpeg; https://inaturalist-open-data.s3.amazonaws.com/photos/102602981/original.jpeg; https://inaturalist-open-data.s3.amazonaws.com/photos/102602997/original.jpeg; https://inaturalist-open-data.s3.amazonaws.com/photos/102603075/original.jpeg; https://inaturalist-open-data.s3.amazonaws.com/photos/102603116/original.jpeg; https://inaturalist-open-data.s3.amazonaws.com/photos/102603137/original.jpeg; https://inaturalist-open-data.s3.amazonaws.com/photos/102603230/original.jpeg; https://inaturalist-open-data.s3.amazonaws.com/photos/102603296/original.jpeg; https://inaturalist-open-data.s3.amazonaws.com/photos/102603333/original.jpeg; https://inaturalist-open-data.s3.amazonaws.com/photos/102603345/original.jpeg,k-brazil,2024-10-22 05:17:11
original_2980987762_8.jpeg,3866649,Bellucia grossularioides,1.4409999999999998,"Thalurania glaucopis (J.F.Gmelin, 1788)",2476548,-23.296958,-44.869495,4.0,SOUTH_AMERICA,São Paulo,,,,2020-10-29T06:40,False,Gabriel Völker Lacerda,iNaturalist,http://creativecommons.org/licenses/by-nc/4.0/,Gabriel Völker Lacerda,https://inaturalist-open-data.s3.amazonaws.com/photos/102602937/original.jpeg; https://inaturalist-open-data.s3.amazonaws.com/photos/102602955/original.jpeg; https://inaturalist-open-data.s3.amazonaws.com/photos/102602981/original.jpeg; https://inaturalist-open-data.s3.amazonaws.com/photos/102602997/original.jpeg; https://inaturalist-open-data.s3.amazonaws.com/photos/102603075/original.jpeg; https://inaturalist-open-data.s3.amazonaws.com/photos/102603116/original.jpeg; https://inaturalist-open-data.s3.amazonaws.com/photos/102603137/original.jpeg; https://inaturalist-open-data.s3.amazonaws.com/photos/102603230/original.jpeg; https://inaturalist-open-data.s3.amazonaws.com/photos/102603296/original.jpeg; https://inaturalist-open-data.s3.amazonaws.com/photos/102603333/original.jpeg; https://inaturalist-open-data.s3.amazonaws.com/photos/102603345/original.jpeg,k-brazil,2024-10-22 05:17:13
original_2980987762_9.jpeg,7296187,Pseudobombax grandiflorum,4.176,"Thalurania glaucopis (J.F.Gmelin, 1788)",2476548,-23.296958,-44.869495,4.0,SOUTH_AMERICA,São Paulo,,,,2020-10-29T06:40,False,Gabriel Völker Lacerda,iNaturalist,http://creativecommons.org/licenses/by-nc/4.0/,Gabriel Völker Lacerda,https://inaturalist-open-data.s3.amazonaws.com/photos/102602937/original.jpeg; https://inaturalist-open-data.s3.amazonaws.com/photos/102602955/original.jpeg; https://inaturalist-open-data.s3.amazonaws.com/photos/102602981/original.jpeg; https://inaturalist-open-data.s3.amazonaws.com/photos/102602997/original.jpeg; https://inaturalist-open-data.s3.amazonaws.com/photos/102603075/original.jpeg; https://inaturalist-open-data.s3.amazonaws.com/photos/102603116/original.jpeg; https://inaturalist-open-data.s3.amazonaws.com/photos/102603137/original.jpeg; https://inaturalist-open-data.s3.amazonaws.com/photos/102603230/original.jpeg; https://inaturalist-open-data.s3.amazonaws.com/photos/102603296/original.jpeg; https://inaturalist-open-data.s3.amazonaws.com/photos/102603333/original.jpeg; https://inaturalist-open-data.s3.amazonaws.com/photos/102603345/original.jpeg,k-brazil,2024-10-22 05:17:15
original_2980991196_1.jpg,2760947,Heliconia acuminata,11.858,"Thalurania glaucopis (J.F.Gmelin, 1788)",2476548,-22.309315,-42.496687,395.0,SOUTH_AMERICA,Rio de Janeiro,,,,2020-11-04T14:37:22,False,Jean-Paul Boerekamps,iNaturalist,http://creativecommons.org/publicdomain/zero/1.0/,Jean-Paul Boerekamps,https://inaturalist-open-data.s3.amazonaws.com/photos/103211322/original.jpg; https://inaturalist-open-data.s3.amazonaws.com/photos/103211341/original.jpg,k-brazil,2024-10-22 05:17:18
original_2980991196_2.jpg,2760887,Heliconia farinosa,4.215,"Thalurania glaucopis (J.F.Gmelin, 1788)",2476548,-22.309315,-42.496687,395.0,SOUTH_AMERICA,Rio de Janeiro,,,,2020-11-04T14:37:22,False,Jean-Paul Boerekamps,iNaturalist,http://creativecommons.org/publicdomain/zero/1.0/,Jean-Paul Boerekamps,https://inaturalist-open-data.s3.amazonaws.com/photos/103211322/original.jpg; https://inaturalist-open-data.s3.amazonaws.com/photos/103211341/original.jpg,k-brazil,2024-10-22 05:17:20
original_2981052706_1.jpeg,7298607,Tabebuia insignis,5.082,"Thalurania glaucopis (J.F.Gmelin, 1788)",2476548,-23.469515,-45.169395,2.0,SOUTH_AMERICA,São Paulo,,,,2020-10-26T17:48,False,Gabriel Völker Lacerda,iNaturalist,http://creativecommons.org/licenses/by-nc/4.0/,Gabriel Völker Lacerda,https://inaturalist-open-data.s3.amazonaws.com/photos/102589239/original.jpeg; https://inaturalist-open-data.s3.amazonaws.com/photos/102589250/original.jpeg,k-brazil,2024-10-22 05:17:26
original_2981052706_2.jpeg,2870554,Anaphyllopsis americana,5.671,"Thalurania glaucopis (J.F.Gmelin, 1788)",2476548,-23.469515,-45.169395,2.0,SOUTH_AMERICA,São Paulo,,,,2020-10-26T17:48,False,Gabriel Völker Lacerda,iNaturalist,http://creativecommons.org/licenses/by-nc/4.0/,Gabriel Völker Lacerda,https://inaturalist-open-data.s3.amazonaws.com/photos/102589239/original.jpeg; https://inaturalist-open-data.s3.amazonaws.com/photos/102589250/original.jpeg,k-brazil,2024-10-22 05:17:28
original_2984569569_1.jpg,5289067,Vriesea pardalina,59.694,"Thalurania glaucopis (J.F.Gmelin, 1788)",2476548,-22.310262,-42.496669,19.0,SOUTH_AMERICA,Rio de Janeiro,,,,2020-11-07T14:18:46,False,Jean-Paul Boerekamps,iNaturalist,http://creativecommons.org/publicdomain/zero/1.0/,Jean-Paul Boerekamps,https://inaturalist-open-data.s3.amazonaws.com/photos/103501972/original.jpg,k-brazil,2024-10-22 05:17:37
original_2988361200_1.jpeg,2945147,Tachigali paniculata,3.598,"Thalurania glaucopis (J.F.Gmelin, 1788)",2476548,-22.310076,-42.497062,204.0,SOUTH_AMERICA,Rio de Janeiro,,,,2018-02-11T11:30Z,False,bettinadungs,iNaturalist,http://creativecommons.org/licenses/by-nc/4.0/,bettinadungs,https://inaturalist-open-data.s3.amazonaws.com/photos/104596255/original.jpeg,k-brazil,2024-10-22 05:17:40
original_2992736427_1.jpeg,3039491,Rhamnus cathartica,0.907,"Thalurania glaucopis (J.F.Gmelin, 1788)",2476548,-25.597163,-54.578599,4096.0,SOUTH_AMERICA,Misiones,,,,2013-08-24T16:05,False,Malena Lorente,iNaturalist,http://creativecommons.org/licenses/by/4.0/,Malena Lorente,https://inaturalist-open-data.s3.amazonaws.com/photos/71354836/original.jpeg; https://inaturalist-open-data.s3.amazonaws.com/photos/71354851/original.jpeg; https://inaturalist-open-data.s3.amazonaws.com/photos/71354867/original.jpeg; https://inaturalist-open-data.s3.amazonaws.com/photos/71354881/original.jpeg; https://inaturalist-open-data.s3.amazonaws.com/photos/71354902/original.jpeg,k-southern-south-america,2024-10-22 05:17:45
original_2992736427_2.jpeg,7772421,Phoradendron crassifolium,0.42900000000000005,"Thalurania glaucopis (J.F.Gmelin, 1788)",2476548,-25.597163,-54.578599,4096.0,SOUTH_AMERICA,Misiones,,,,2013-08-24T16:05,False,Malena Lorente,iNaturalist,http://creativecommons.org/licenses/by/4.0/,Malena Lorente,https://inaturalist-open-data.s3.amazonaws.com/photos/71354836/original.jpeg; https://inaturalist-open-data.s3.amazonaws.com/photos/71354851/original.jpeg; https://inaturalist-open-data.s3.amazonaws.com/photos/71354867/original.jpeg; https://inaturalist-open-data.s3.amazonaws.com/photos/71354881/original.jpeg; https://inaturalist-open-data.s3.amazonaws.com/photos/71354902/original.jpeg,k-southern-south-america,2024-10-22 05:17:48
original_2992736427_3.jpeg,3039491,Rhamnus cathartica,0.563,"Thalurania glaucopis (J.F.Gmelin, 1788)",2476548,-25.597163,-54.578599,4096.0,SOUTH_AMERICA,Misiones,,,,2013-08-24T16:05,False,Malena Lorente,iNaturalist,http://creativecommons.org/licenses/by/4.0/,Malena Lorente,https://inaturalist-open-data.s3.amazonaws.com/photos/71354836/original.jpeg; https://inaturalist-open-data.s3.amazonaws.com/photos/71354851/original.jpeg; https://inaturalist-open-data.s3.amazonaws.com/photos/71354867/original.jpeg; https://inaturalist-open-data.s3.amazonaws.com/photos/71354881/original.jpeg; https://inaturalist-open-data.s3.amazonaws.com/photos/71354902/original.jpeg,k-southern-south-america,2024-10-22 05:17:50
original_2992736427_4.jpeg,3190533,Schinopsis balansae,0.8500000000000001,"Thalurania glaucopis (J.F.Gmelin, 1788)",2476548,-25.597163,-54.578599,4096.0,SOUTH_AMERICA,Misiones,,,,2013-08-24T16:05,False,Malena Lorente,iNaturalist,http://creativecommons.org/licenses/by/4.0/,Malena Lorente,https://inaturalist-open-data.s3.amazonaws.com/photos/71354836/original.jpeg; https://inaturalist-open-data.s3.amazonaws.com/photos/71354851/original.jpeg; https://inaturalist-open-data.s3.amazonaws.com/photos/71354867/original.jpeg; https://inaturalist-open-data.s3.amazonaws.com/photos/71354881/original.jpeg; https://inaturalist-open-data.s3.amazonaws.com/photos/71354902/original.jpeg,k-southern-south-america,2024-10-22 05:17:52
original_2999188337_1.jpeg,2850773,Xylobium variegatum,0.265,"Thalurania glaucopis (J.F.Gmelin, 1788)",2476548,-19.937532,-40.600476,4.0,SOUTH_AMERICA,Espírito Santo,,,,2018-06-19,False,Camilla Botelho,iNaturalist,http://creativecommons.org/licenses/by-nc/4.0/,Camilla Botelho,https://inaturalist-open-data.s3.amazonaws.com/photos/44768645/original.jpeg,k-brazil,2024-10-22 05:18:05
original_3008404102_1.jpg,3058185,Croton glandulosus,7.593999999999999,"Thalurania glaucopis (J.F.Gmelin, 1788)",2476548,-22.921005,-43.26924,15.0,SOUTH_AMERICA,Rio de Janeiro,,,,2020-10-09T17:49,False,Claudio Martins de Souza,iNaturalist,http://creativecommons.org/licenses/by-nc/4.0/,Claudio Martins de Souza,https://inaturalist-open-data.s3.amazonaws.com/photos/108112980/original.jpg,k-brazil,2024-10-22 05:18:08
original_3008512085_1.jpeg,3152052,Apeiba tibourbou,1.815,"Thalurania glaucopis (J.F.Gmelin, 1788)",2476548,-22.431983,-44.615079,,SOUTH_AMERICA,Rio de Janeiro,,,,2007-08-07T07:03,False,Stephen John Davies,iNaturalist,http://creativecommons.org/licenses/by-nc/4.0/,Stephen John Davies,https://inaturalist-open-data.s3.amazonaws.com/photos/108109431/original.jpeg,k-brazil,2024-10-22 05:18:14
original_3008516112_1.jpeg,3860494,Henriettea succosa,3.437,"Thalurania glaucopis (J.F.Gmelin, 1788)",2476548,-20.097742,-43.488417,,SOUTH_AMERICA,Minas Gerais,,,,2007-08-02T17:36,False,Stephen John Davies,iNaturalist,http://creativecommons.org/licenses/by-nc/4.0/,Stephen John Davies,https://inaturalist-open-data.s3.amazonaws.com/photos/108109416/original.jpeg,k-brazil,2024-10-22 05:18:17
original_3008522103_1.jpeg,4092017,Handroanthus serratifolius,34.528,"Thalurania glaucopis (J.F.Gmelin, 1788)",2476548,-22.431983,-44.615079,,SOUTH_AMERICA,Rio de Janeiro,,,,2007-08-08T15:03,False,Stephen John Davies,iNaturalist,http://creativecommons.org/licenses/by-nc/4.0/,Stephen John Davies,https://inaturalist-open-data.s3.amazonaws.com/photos/108109387/original.jpeg,k-brazil,2024-10-22 05:18:23
original_3008523084_1.jpeg,3152052,Apeiba tibourbou,7.696,"Thalurania glaucopis (J.F.Gmelin, 1788)",2476548,-22.431983,-44.615079,,SOUTH_AMERICA,Rio de Janeiro,,,,2007-08-07T15:09,False,Stephen John Davies,iNaturalist,http://creativecommons.org/licenses/by-nc/4.0/,Stephen John Davies,https://inaturalist-open-data.s3.amazonaws.com/photos/108109376/original.jpeg,k-brazil,2024-10-22 05:18:25
original_3013861233_1.jpeg,2925462,Stachytarpheta mutabilis,4.095,"Thalurania glaucopis (J.F.Gmelin, 1788)",2476548,-26.929236,-49.048451,61.0,SOUTH_AMERICA,Santa Catarina,,,,2011-09-28T13:00,False,Funez,iNaturalist,http://creativecommons.org/licenses/by-nc/4.0/,Funez,https://inaturalist-open-data.s3.amazonaws.com/photos/108812653/original.jpeg,k-brazil,2024-10-22 05:18:28
original_3031591204_1.jpg,2984501,Trema micranthum,25.247999999999998,"Thalurania glaucopis (J.F.Gmelin, 1788)",2476548,-25.857873,-53.975722,165.0,SOUTH_AMERICA,Misiones,,,,2021-01-06T13:49:14,False,Matt,iNaturalist,http://creativecommons.org/licenses/by-nc/4.0/,Matt,https://inaturalist-open-data.s3.amazonaws.com/photos/109474691/original.jpg,k-southern-south-america,2024-10-22 05:18:31
original_3031715603_1.jpg,5289756,Phalaris arundinacea,1.032,"Thalurania glaucopis (J.F.Gmelin, 1788)",2476548,-23.735966,-45.75459,1985.0,SOUTH_AMERICA,São Paulo,,,,2009-12-26T19:40,False,renata lepage,iNaturalist,http://creativecommons.org/licenses/by-nc/4.0/,renata lepage,https://inaturalist-open-data.s3.amazonaws.com/photos/109928501/original.jpg; https://inaturalist-open-data.s3.amazonaws.com/photos/109928545/original.jpg,k-brazil,2024-10-22 05:18:33
original_3031896624_1.jpg,3190638,Mangifera indica,0.983,"Thalurania glaucopis (J.F.Gmelin, 1788)",2476548,-23.737851,-45.749783,1985.0,SOUTH_AMERICA,São Paulo,,,,2010-10-15T17:41,False,renata lepage,iNaturalist,http://creativecommons.org/licenses/by-nc/4.0/,renata lepage,https://inaturalist-open-data.s3.amazonaws.com/photos/109896483/original.jpg,k-brazil,2024-10-22 05:18:36
original_3031975783_1.jpg,2650936,Nephrolepis biserrata,1.247,"Thalurania glaucopis (J.F.Gmelin, 1788)",2476548,-23.735807,-45.752359,1985.0,SOUTH_AMERICA,São Paulo,,,,2017-01-23T16:09,False,renata lepage,iNaturalist,http://creativecommons.org/licenses/by-nc/4.0/,renata lepage,https://inaturalist-open-data.s3.amazonaws.com/photos/110153923/original.jpg,k-brazil,2024-10-22 05:18:39
original_3031980589_1.jpg,2735117,Cocos nucifera,0.333,"Thalurania glaucopis (J.F.Gmelin, 1788)",2476548,-23.735807,-45.752359,1985.0,SOUTH_AMERICA,São Paulo,,,,2013-10-31T15:56,False,renata lepage,iNaturalist,http://creativecommons.org/licenses/by-nc/4.0/,renata lepage,https://inaturalist-open-data.s3.amazonaws.com/photos/109931472/original.jpg,k-brazil,2024-10-22 05:18:41
original_3032004609_1.jpg,2801667,Stanhopea candida,1.015,"Thalurania glaucopis (J.F.Gmelin, 1788)",2476548,-23.741639,-45.746481,1555.0,SOUTH_AMERICA,São Paulo,,,,2010-10-15T17:59,False,renata lepage,iNaturalist,http://creativecommons.org/licenses/by-nc/4.0/,renata lepage,https://inaturalist-open-data.s3.amazonaws.com/photos/109929169/original.jpg,k-brazil,2024-10-22 05:18:43
original_3032133591_1.jpg,2760766,Heliconia hirsuta,6.567,"Thalurania glaucopis (J.F.Gmelin, 1788)",2476548,-23.739894,-45.751329,1985.0,SOUTH_AMERICA,São Paulo,,,,2012-12-28T15:26,False,renata lepage,iNaturalist,http://creativecommons.org/licenses/by-nc/4.0/,renata lepage,https://inaturalist-open-data.s3.amazonaws.com/photos/109930288/original.jpg,k-brazil,2024-10-22 05:18:45
original_3044705813_1.jpg,3190647,Quassia amara,1.134,"Thalurania glaucopis (J.F.Gmelin, 1788)",2476548,-23.735651,-45.7515,1985.0,SOUTH_AMERICA,São Paulo,,,,2009-12-25T18:41,False,renata lepage,iNaturalist,http://creativecommons.org/licenses/by-nc/4.0/,renata lepage,https://inaturalist-open-data.s3.amazonaws.com/photos/109928728/original.jpg,k-brazil,2024-10-22 05:18:51
original_3044878844_1.jpeg,4130564,Chusquea pinifolia,1.004,"Thalurania glaucopis (J.F.Gmelin, 1788)",2476548,-22.290778,-42.462622,1.0,SOUTH_AMERICA,Rio de Janeiro,,,,2014-07-11T11:00,False,z7nikon,iNaturalist,http://creativecommons.org/licenses/by-nc/4.0/,z7nikon,https://inaturalist-open-data.s3.amazonaws.com/photos/113603644/original.jpeg,k-brazil,2024-10-22 05:18:54
original_3058887122_1.jpeg,3152226,Bombax ceiba,0.835,"Thalurania glaucopis (J.F.Gmelin, 1788)",2476548,-23.459599,-46.755941,2.0,SOUTH_AMERICA,São Paulo,,,,2018-02-04T08:12,False,Matheus M. Santos,iNaturalist,http://creativecommons.org/licenses/by-nc/4.0/,Matheus M. Santos,https://inaturalist-open-data.s3.amazonaws.com/photos/115472949/original.jpeg,k-brazil,2024-10-22 05:18:58
original_3058902726_1.jpg,2650936,Nephrolepis biserrata,4.139,"Thalurania glaucopis (J.F.Gmelin, 1788)",2476548,-22.432009,-44.615149,204.0,SOUTH_AMERICA,Rio de Janeiro,,,,2020-12-28T09:14,False,Henrique Seigarro Moutinho,iNaturalist,http://creativecommons.org/licenses/by-nc/4.0/,Henrique Seigarro Moutinho,https://inaturalist-open-data.s3.amazonaws.com/photos/115409528/original.jpg,k-brazil,2024-10-22 05:19:00
original_3059057394_1.jpg,7647136,Citrus × limon,34.214,"Thalurania glaucopis (J.F.Gmelin, 1788)",2476548,-22.307365,-44.504298,204.0,SOUTH_AMERICA,Rio de Janeiro,,,,2019-09-28T09:17,False,Henrique Seigarro Moutinho,iNaturalist,http://creativecommons.org/licenses/by-nc/4.0/,Henrique Seigarro Moutinho,https://inaturalist-open-data.s3.amazonaws.com/photos/115410382/original.jpg,k-brazil,2024-10-22 05:19:02
original_3059153984_1.jpeg,3795445,Vachellia macracantha,3.466,"Thalurania glaucopis (J.F.Gmelin, 1788)",2476548,-22.310076,-42.497062,204.0,SOUTH_AMERICA,Rio de Janeiro,,,,2019-05-30T11:47,False,bettinadungs,iNaturalist,http://creativecommons.org/licenses/by-nc/4.0/,bettinadungs,https://inaturalist-open-data.s3.amazonaws.com/photos/115509144/original.jpeg,k-brazil,2024-10-22 05:19:05
original_3059169826_1.jpeg,2760766,Heliconia hirsuta,6.7989999999999995,"Thalurania glaucopis (J.F.Gmelin, 1788)",2476548,-22.310076,-42.497062,204.0,SOUTH_AMERICA,Rio de Janeiro,,,,2018-11-10T17:26,False,bettinadungs,iNaturalist,http://creativecommons.org/licenses/by-nc/4.0/,bettinadungs,https://inaturalist-open-data.s3.amazonaws.com/photos/115511498/original.jpeg,k-brazil,2024-10-22 05:19:07
original_3061703644_1.jpeg,5556447,Clusia grandiflora,6.242,"Thalurania glaucopis (J.F.Gmelin, 1788)",2476548,-22.963785,-43.222283,2037.0,SOUTH_AMERICA,Rio de Janeiro,,,,2016-05-14T14:34,False,Pablo Bombín,iNaturalist,http://creativecommons.org/publicdomain/zero/1.0/,Pablo Bombín,https://inaturalist-open-data.s3.amazonaws.com/photos/115627594/original.jpeg,k-brazil,2024-10-22 05:19:09
original_3067919240_1.jpeg,3866517,Bellucia pentamera,9.195,"Thalurania glaucopis (J.F.Gmelin, 1788)",2476548,-22.380586,-42.925,488.0,SOUTH_AMERICA,Rio de Janeiro,,,,2012-11-06T13:01,False,Todd Boland,iNaturalist,http://creativecommons.org/licenses/by-nc/4.0/,Todd Boland,https://inaturalist-open-data.s3.amazonaws.com/photos/109228449/original.jpeg,k-brazil,2024-10-22 05:19:14
original_3067995078_1.jpeg,2650442,Niphidium crassifolium,5.856,"Thalurania glaucopis (J.F.Gmelin, 1788)",2476548,-22.310076,-42.497062,204.0,SOUTH_AMERICA,Rio de Janeiro,,,,2021-03-21T13:12,False,bettinadungs,iNaturalist,http://creativecommons.org/licenses/by-nc/4.0/,bettinadungs,https://inaturalist-open-data.s3.amazonaws.com/photos/116867427/original.jpeg,k-brazil,2024-10-22 05:19:16
original_3079616337_1.jpeg,2943558,Pentaclethra macroloba,9.120000000000001,"Thalurania glaucopis (J.F.Gmelin, 1788)",2476548,-29.530581,-50.245399,246.0,SOUTH_AMERICA,Rio Grande do Sul,,,,2020-04-17T15:04,False,Guillermo Andreo,iNaturalist,http://creativecommons.org/licenses/by-nc/4.0/,Guillermo Andreo,https://inaturalist-open-data.s3.amazonaws.com/photos/118635455/original.jpeg,k-brazil,2024-10-22 05:19:30
original_3079862628_1.jpeg,5830619,Dolichandra unguis-cati,0.249,"Thalurania glaucopis (J.F.Gmelin, 1788)",2476548,-23.4,-45.0,90.0,SOUTH_AMERICA,São Paulo,,,,2021-04-04T17:53:38,False,Gabriel Villa,iNaturalist,http://creativecommons.org/licenses/by-nc/4.0/,Gabriel Villa,https://inaturalist-open-data.s3.amazonaws.com/photos/119002837/original.jpeg,k-brazil,2024-10-22 05:19:35
original_3079912602_1.jpeg,4092017,Handroanthus serratifolius,1.502,"Thalurania glaucopis (J.F.Gmelin, 1788)",2476548,-23.4,-45.0,90.0,SOUTH_AMERICA,São Paulo,,,,2021-04-04T17:53,False,Gabriel Villa,iNaturalist,http://creativecommons.org/licenses/by-nc/4.0/,Gabriel Villa,https://inaturalist-open-data.s3.amazonaws.com/photos/119002739/original.jpeg,k-brazil,2024-10-22 05:19:37
original_3079921630_1.jpeg,5830619,Dolichandra unguis-cati,0.211,"Thalurania glaucopis (J.F.Gmelin, 1788)",2476548,-23.4,-45.0,90.0,SOUTH_AMERICA,São Paulo,,,,2021-04-04T17:54:04,False,Gabriel Villa,iNaturalist,http://creativecommons.org/licenses/by-nc/4.0/,Gabriel Villa,https://inaturalist-open-data.s3.amazonaws.com/photos/119003021/original.jpeg,k-brazil,2024-10-22 05:19:39
original_3090590263_1.jpeg,3155130,Desmos chinensis,3.113,"Thalurania glaucopis (J.F.Gmelin, 1788)",2476548,-25.385035,-49.015442,10.0,SOUTH_AMERICA,Paraná,,,,2021-04-05T14:12,False,Alexandre Cariva,iNaturalist,http://creativecommons.org/licenses/by-nc/4.0/,Alexandre Cariva,https://inaturalist-open-data.s3.amazonaws.com/photos/120020956/original.jpeg,k-brazil,2024-10-22 05:19:41
original_3090946786_1.jpeg,3169012,Hippocratea volubilis,1.1360000000000001,"Thalurania glaucopis (J.F.Gmelin, 1788)",2476548,-25.848252,-54.346715,40212.0,SOUTH_AMERICA,Misiones,,,,2021-04-05T15:24,False,Maca vazquez,iNaturalist,http://creativecommons.org/licenses/by-nc/4.0/,Maca vazquez,https://inaturalist-open-data.s3.amazonaws.com/photos/120700731/original.jpeg,k-southern-south-america,2024-10-22 05:19:44
original_3097017157_1.jpeg,10786206,Rhaphiolepis bibas,53.346000000000004,"Thalurania glaucopis (J.F.Gmelin, 1788)",2476548,-22.261984,-43.011237,20.0,SOUTH_AMERICA,Rio de Janeiro,,,,2021-04-18T14:32,False,claudia_mermelstein,iNaturalist,http://creativecommons.org/licenses/by-nc/4.0/,claudia_mermelstein,https://inaturalist-open-data.s3.amazonaws.com/photos/121839290/original.jpeg,k-brazil,2024-10-22 05:19:49
original_3097062729_1.jpeg,3170223,Funastrum clausum,6.751,"Thalurania glaucopis (J.F.Gmelin, 1788)",2476548,-27.559653,-48.495633,200.0,SOUTH_AMERICA,Santa Catarina,,,,2020-09-11T11:40,False,Guilherme Thielen,iNaturalist,http://creativecommons.org/licenses/by/4.0/,Guilherme Thielen,https://inaturalist-open-data.s3.amazonaws.com/photos/121214139/original.jpeg,k-brazil,2024-10-22 05:19:52
original_3097169136_1.jpg,5357677,Inga edulis,28.037,"Thalurania glaucopis (J.F.Gmelin, 1788)",2476548,-23.167393,-44.839615,200.0,SOUTH_AMERICA,Rio de Janeiro,,,,2021-02-27T22:31,False,rosioliv,iNaturalist,http://creativecommons.org/licenses/by-nc/4.0/,rosioliv,https://inaturalist-open-data.s3.amazonaws.com/photos/121721719/original.jpg,k-brazil,2024-10-22 05:19:55
original_3097188719_1.jpg,2895593,Genipa americana,0.911,"Thalurania glaucopis (J.F.Gmelin, 1788)",2476548,-24.690589,-47.99952,4.0,SOUTH_AMERICA,São Paulo,,,,2021-04-22T16:29,False,Hermann Moller,iNaturalist,http://creativecommons.org/licenses/by-nc/4.0/,Hermann Moller,https://inaturalist-open-data.s3.amazonaws.com/photos/122473739/original.jpg,k-brazil,2024-10-22 05:19:57
original_3097337510_1.jpg,2873993,Aristolochia littoralis,2.5860000000000003,"Thalurania glaucopis (J.F.Gmelin, 1788)",2476548,-25.726712,-50.789746,1756.0,SOUTH_AMERICA,Paraná,,,,2021-04-20T11:14,False,roseduda,iNaturalist,http://creativecommons.org/licenses/by-nc/4.0/,roseduda,https://inaturalist-open-data.s3.amazonaws.com/photos/122184170/original.jpg,k-brazil,2024-10-22 05:19:59
original_3109054967_1.jpg,7265169,Melicoccus oliviformis,1.617,"Thalurania glaucopis (J.F.Gmelin, 1788)",2476548,-24.585316,-48.59711,4.0,SOUTH_AMERICA,São Paulo,,,,2021-04-25T14:38,False,Hermann Moller,iNaturalist,http://creativecommons.org/licenses/by-nc/4.0/,Hermann Moller,https://inaturalist-open-data.s3.amazonaws.com/photos/123097057/original.jpg,k-brazil,2024-10-22 05:20:02
original_3109160793_1.jpeg,2697849,Aechmea setigera,2.275,"Thalurania glaucopis (J.F.Gmelin, 1788)",2476548,-22.310076,-42.497062,204.0,SOUTH_AMERICA,Rio de Janeiro,,,,2021-04-24T12:34,False,bettinadungs,iNaturalist,http://creativecommons.org/licenses/by-nc/4.0/,bettinadungs,https://inaturalist-open-data.s3.amazonaws.com/photos/122828434/original.jpeg,k-brazil,2024-10-22 05:20:07
original_3112410993_1.jpg,7269222,Zanthoxylum rhoifolium,3.557,"Thalurania glaucopis (J.F.Gmelin, 1788)",2476548,-25.411032,-49.319481,65.0,SOUTH_AMERICA,Paraná,,,,2021-05-03T13:24:03,False,Maria Cristina Antunes,iNaturalist,http://creativecommons.org/licenses/by-nc/4.0/,Maria Cristina Antunes,https://inaturalist-open-data.s3.amazonaws.com/photos/125898918/original.jpg,k-brazil,2024-10-22 05:20:10
original_3112634547_1.jpg,4077560,Rinorea amapensis,6.962,"Thalurania glaucopis (J.F.Gmelin, 1788)",2476548,-22.966904,-43.22623,395.0,SOUTH_AMERICA,Rio de Janeiro,,,,2021-04-03T08:08:45,False,Sergio R Porto,iNaturalist,http://creativecommons.org/licenses/by-nc/4.0/,Sergio R Porto,https://inaturalist-open-data.s3.amazonaws.com/photos/126640650/original.jpg; https://inaturalist-open-data.s3.amazonaws.com/photos/126640666/original.jpg,k-brazil,2024-10-22 05:20:13
original_3112634547_2.jpg,7853011,Aristolochia disticha,1.095,"Thalurania glaucopis (J.F.Gmelin, 1788)",2476548,-22.966904,-43.22623,395.0,SOUTH_AMERICA,Rio de Janeiro,,,,2021-04-03T08:08:45,False,Sergio R Porto,iNaturalist,http://creativecommons.org/licenses/by-nc/4.0/,Sergio R Porto,https://inaturalist-open-data.s3.amazonaws.com/photos/126640650/original.jpg; https://inaturalist-open-data.s3.amazonaws.com/photos/126640666/original.jpg,k-brazil,2024-10-22 05:20:16
original_3112905569_1.jpg,7309398,Vitex megapotamica,1.1159999999999999,"Thalurania glaucopis (J.F.Gmelin, 1788)",2476548,-25.614683,-54.484987,10.0,SOUTH_AMERICA,Paraná,,,,2021-05-02T14:17:39,False,Ben P,iNaturalist,http://creativecommons.org/licenses/by/4.0/,Ben P,https://inaturalist-open-data.s3.amazonaws.com/photos/125465883/original.jpg,k-southern-south-america,2024-10-22 05:20:24
original_3112967737_1.jpg,5311790,Eulophia alta,42.711,"Thalurania glaucopis (J.F.Gmelin, 1788)",2476548,-22.967964,-43.224095,450.0,SOUTH_AMERICA,Rio de Janeiro,,,,2021-03-21T09:55:09,False,Sergio R Porto,iNaturalist,http://creativecommons.org/licenses/by-nc/4.0/,Sergio R Porto,https://inaturalist-open-data.s3.amazonaws.com/photos/126803954/original.jpg,k-brazil,2024-10-22 05:20:30
original_3113270230_3.jpeg,5274860,Salvinia minima,2.242,"Thalurania glaucopis (J.F.Gmelin, 1788)",2476548,-22.952853,-43.019269,,SOUTH_AMERICA,Rio de Janeiro,,,,2021-05-02,False,Milton Araujo,iNaturalist,http://creativecommons.org/licenses/by-nc/4.0/,Milton Araujo,https://inaturalist-open-data.s3.amazonaws.com/photos/127899769/original.jpeg; https://inaturalist-open-data.s3.amazonaws.com/photos/127899787/original.jpeg; https://inaturalist-open-data.s3.amazonaws.com/photos/127899803/original.jpeg; https://inaturalist-open-data.s3.amazonaws.com/photos/127899828/original.jpeg; https://inaturalist-open-data.s3.amazonaws.com/photos/127899852/original.jpeg; https://inaturalist-open-data.s3.amazonaws.com/photos/127899881/original.jpeg,k-brazil,2024-10-22 05:20:33
original_3113270230_4.jpeg,5274860,Salvinia minima,1.306,"Thalurania glaucopis (J.F.Gmelin, 1788)",2476548,-22.952853,-43.019269,,SOUTH_AMERICA,Rio de Janeiro,,,,2021-05-02,False,Milton Araujo,iNaturalist,http://creativecommons.org/licenses/by-nc/4.0/,Milton Araujo,https://inaturalist-open-data.s3.amazonaws.com/photos/127899769/original.jpeg; https://inaturalist-open-data.s3.amazonaws.com/photos/127899787/original.jpeg; https://inaturalist-open-data.s3.amazonaws.com/photos/127899803/original.jpeg; https://inaturalist-open-data.s3.amazonaws.com/photos/127899828/original.jpeg; https://inaturalist-open-data.s3.amazonaws.com/photos/127899852/original.jpeg; https://inaturalist-open-data.s3.amazonaws.com/photos/127899881/original.jpeg,k-brazil,2024-10-22 05:20:35
original_3113270230_5.jpeg,5274860,Salvinia minima,2.825,"Thalurania glaucopis (J.F.Gmelin, 1788)",2476548,-22.952853,-43.019269,,SOUTH_AMERICA,Rio de Janeiro,,,,2021-05-02,False,Milton Araujo,iNaturalist,http://creativecommons.org/licenses/by-nc/4.0/,Milton Araujo,https://inaturalist-open-data.s3.amazonaws.com/photos/127899769/original.jpeg; https://inaturalist-open-data.s3.amazonaws.com/photos/127899787/original.jpeg; https://inaturalist-open-data.s3.amazonaws.com/photos/127899803/original.jpeg; https://inaturalist-open-data.s3.amazonaws.com/photos/127899828/original.jpeg; https://inaturalist-open-data.s3.amazonaws.com/photos/127899852/original.jpeg; https://inaturalist-open-data.s3.amazonaws.com/photos/127899881/original.jpeg,k-brazil,2024-10-22 05:20:38
original_3113270230_6.jpeg,5274860,Salvinia minima,1.427,"Thalurania glaucopis (J.F.Gmelin, 1788)",2476548,-22.952853,-43.019269,,SOUTH_AMERICA,Rio de Janeiro,,,,2021-05-02,False,Milton Araujo,iNaturalist,http://creativecommons.org/licenses/by-nc/4.0/,Milton Araujo,https://inaturalist-open-data.s3.amazonaws.com/photos/127899769/original.jpeg; https://inaturalist-open-data.s3.amazonaws.com/photos/127899787/original.jpeg; https://inaturalist-open-data.s3.amazonaws.com/photos/127899803/original.jpeg; https://inaturalist-open-data.s3.amazonaws.com/photos/127899828/original.jpeg; https://inaturalist-open-data.s3.amazonaws.com/photos/127899852/original.jpeg; https://inaturalist-open-data.s3.amazonaws.com/photos/127899881/original.jpeg,k-brazil,2024-10-22 05:20:40
original_3113395575_1.jpeg,7869676,Helicteres guazumifolia,1.103,"Thalurania glaucopis (J.F.Gmelin, 1788)",2476548,-24.588088,-48.628857,4.0,SOUTH_AMERICA,São Paulo,,,,2021-05-10T09:51,False,Ben Warwick,iNaturalist,http://creativecommons.org/licenses/by-nc/4.0/,Ben Warwick,https://inaturalist-open-data.s3.amazonaws.com/photos/128212900/original.jpeg,k-brazil,2024-10-22 05:20:43
original_3113656722_1.png,5706141,Luehea divaricata,0.5720000000000001,"Thalurania glaucopis (J.F.Gmelin, 1788)",2476548,-25.653621,-54.593295,1955.0,SOUTH_AMERICA,Alto Paraná,,,,2019-09-02T17:48,False,Mily Corleone,iNaturalist,http://creativecommons.org/licenses/by-nc/4.0/,Mily Corleone,https://inaturalist-open-data.s3.amazonaws.com/photos/128459656/original.png,k-southern-south-america,2024-10-22 05:20:46
original_3124538501_1.jpeg,2951571,Mucuna sloanei,3.8309999999999995,"Thalurania glaucopis (J.F.Gmelin, 1788)",2476548,-22.85648,-46.325962,3669.0,SOUTH_AMERICA,Minas Gerais,,,,2000-02-27T04:32,False,Alessandro Rocha,iNaturalist,http://creativecommons.org/licenses/by-nc/4.0/,Alessandro Rocha,https://inaturalist-open-data.s3.amazonaws.com/photos/130430785/original.jpeg,k-brazil,2024-10-22 05:20:51
original_3124653808_1.jpeg,7298634,Jacaranda obtusifolia,3.356,"Thalurania glaucopis (J.F.Gmelin, 1788)",2476548,-21.329238,-44.969789,242.0,SOUTH_AMERICA,Minas Gerais,,,,2018-10-10T11:58:57,False,Kassius Santos,iNaturalist,http://creativecommons.org/licenses/by-nc/4.0/,Kassius Santos,https://inaturalist-open-data.s3.amazonaws.com/photos/131543986/original.jpeg,k-brazil,2024-10-22 05:20:56
original_3302467170_2.jpeg,5405436,Stifftia chrysantha,1.614,"Thalurania glaucopis (J.F.Gmelin, 1788)",2476548,-23.767253,-45.701018,,SOUTH_AMERICA,São Paulo,,,,2021-06-03T11:24,False,Pedro Henrique Maloso Ramos,iNaturalist,http://creativecommons.org/licenses/by/4.0/,Pedro Henrique Maloso Ramos,https://inaturalist-open-data.s3.amazonaws.com/photos/133655162/original.jpeg; https://inaturalist-open-data.s3.amazonaws.com/photos/133655599/original.jpeg; https://inaturalist-open-data.s3.amazonaws.com/photos/133655646/original.jpeg; https://inaturalist-open-data.s3.amazonaws.com/photos/133655677/original.jpeg; https://inaturalist-open-data.s3.amazonaws.com/photos/133655745/original.jpeg; https://inaturalist-open-data.s3.amazonaws.com/photos/133655791/original.jpeg; https://inaturalist-open-data.s3.amazonaws.com/photos/133655827/original.jpeg; https://inaturalist-open-data.s3.amazonaws.com/photos/133655872/original.jpeg; https://inaturalist-open-data.s3.amazonaws.com/photos/133655912/original.jpeg; https://inaturalist-open-data.s3.amazonaws.com/photos/133655959/original.jpeg,k-brazil,2024-10-22 05:21:09
original_3302467170_9.jpeg,3152052,Apeiba tibourbou,0.5579999999999999,"Thalurania glaucopis (J.F.Gmelin, 1788)",2476548,-23.767253,-45.701018,,SOUTH_AMERICA,São Paulo,,,,2021-06-03T11:24,False,Pedro Henrique Maloso Ramos,iNaturalist,http://creativecommons.org/licenses/by/4.0/,Pedro Henrique Maloso Ramos,https://inaturalist-open-data.s3.amazonaws.com/photos/133655162/original.jpeg; https://inaturalist-open-data.s3.amazonaws.com/photos/133655599/original.jpeg; https://inaturalist-open-data.s3.amazonaws.com/photos/133655646/original.jpeg; https://inaturalist-open-data.s3.amazonaws.com/photos/133655677/original.jpeg; https://inaturalist-open-data.s3.amazonaws.com/photos/133655745/original.jpeg; https://inaturalist-open-data.s3.amazonaws.com/photos/133655791/original.jpeg; https://inaturalist-open-data.s3.amazonaws.com/photos/133655827/original.jpeg; https://inaturalist-open-data.s3.amazonaws.com/photos/133655872/original.jpeg; https://inaturalist-open-data.s3.amazonaws.com/photos/133655912/original.jpeg; https://inaturalist-open-data.s3.amazonaws.com/photos/133655959/original.jpeg,k-brazil,2024-10-22 05:21:24
original_3307397387_1.jpg,7304422,Nectandra angustifolia,1.41,"Thalurania glaucopis (J.F.Gmelin, 1788)",2476548,-24.016335,-47.152487,30.0,SOUTH_AMERICA,São Paulo,,,,2021-06-16T02:20,False,Ronaldo Garcia,iNaturalist,http://creativecommons.org/licenses/by-nc/4.0/,Ronaldo Garcia,https://inaturalist-open-data.s3.amazonaws.com/photos/137032638/original.jpg,k-brazil,2024-10-22 05:21:26
original_3314309015_1.jpg,2871293,Philodendron mayoi,1.722,"Thalurania glaucopis (J.F.Gmelin, 1788)",2476548,-22.50077,-43.588092,8.0,SOUTH_AMERICA,Rio de Janeiro,,,,2021-06-20T15:55:43,False,Felippe Fonseca,iNaturalist,http://creativecommons.org/licenses/by-nc/4.0/,Felippe Fonseca,https://inaturalist-open-data.s3.amazonaws.com/photos/137707558/original.jpg; https://inaturalist-open-data.s3.amazonaws.com/photos/137707575/original.jpg,k-brazil,2024-10-22 05:21:30
original_3314309015_2.jpg,2694895,Tillandsia duratii,23.03,"Thalurania glaucopis (J.F.Gmelin, 1788)",2476548,-22.50077,-43.588092,8.0,SOUTH_AMERICA,Rio de Janeiro,,,,2021-06-20T15:55:43,False,Felippe Fonseca,iNaturalist,http://creativecommons.org/licenses/by-nc/4.0/,Felippe Fonseca,https://inaturalist-open-data.s3.amazonaws.com/photos/137707558/original.jpg; https://inaturalist-open-data.s3.amazonaws.com/photos/137707575/original.jpg,k-brazil,2024-10-22 05:21:32
original_3320871747_1.jpg,7299159,Cestrum corymbosum,0.482,"Thalurania glaucopis (J.F.Gmelin, 1788)",2476548,-22.345125,-42.449505,4.0,SOUTH_AMERICA,Rio de Janeiro,,,,2021-06-25T11:26:47,False,pgamble65,iNaturalist,http://creativecommons.org/licenses/by-nc/4.0/,pgamble65,https://inaturalist-open-data.s3.amazonaws.com/photos/138841622/original.jpg; https://inaturalist-open-data.s3.amazonaws.com/photos/138841640/original.jpg; https://inaturalist-open-data.s3.amazonaws.com/photos/138841652/original.jpg; https://inaturalist-open-data.s3.amazonaws.com/photos/138841669/original.jpg,k-brazil,2024-10-22 05:21:37
original_3320871747_2.jpg,5321877,Ionopsis utricularioides,7.2700000000000005,"Thalurania glaucopis (J.F.Gmelin, 1788)",2476548,-22.345125,-42.449505,4.0,SOUTH_AMERICA,Rio de Janeiro,,,,2021-06-25T11:26:47,False,pgamble65,iNaturalist,http://creativecommons.org/licenses/by-nc/4.0/,pgamble65,https://inaturalist-open-data.s3.amazonaws.com/photos/138841622/original.jpg; https://inaturalist-open-data.s3.amazonaws.com/photos/138841640/original.jpg; https://inaturalist-open-data.s3.amazonaws.com/photos/138841652/original.jpg; https://inaturalist-open-data.s3.amazonaws.com/photos/138841669/original.jpg,k-brazil,2024-10-22 05:21:39
original_3320871747_3.jpg,9278365,Salvia coccinea,4.5,"Thalurania glaucopis (J.F.Gmelin, 1788)",2476548,-22.345125,-42.449505,4.0,SOUTH_AMERICA,Rio de Janeiro,,,,2021-06-25T11:26:47,False,pgamble65,iNaturalist,http://creativecommons.org/licenses/by-nc/4.0/,pgamble65,https://inaturalist-open-data.s3.amazonaws.com/photos/138841622/original.jpg; https://inaturalist-open-data.s3.amazonaws.com/photos/138841640/original.jpg; https://inaturalist-open-data.s3.amazonaws.com/photos/138841652/original.jpg; https://inaturalist-open-data.s3.amazonaws.com/photos/138841669/original.jpg,k-brazil,2024-10-22 05:21:41
original_3320871747_4.jpg,7274333,Tropaeolum pentaphyllum,0.557,"Thalurania glaucopis (J.F.Gmelin, 1788)",2476548,-22.345125,-42.449505,4.0,SOUTH_AMERICA,Rio de Janeiro,,,,2021-06-25T11:26:47,False,pgamble65,iNaturalist,http://creativecommons.org/licenses/by-nc/4.0/,pgamble65,https://inaturalist-open-data.s3.amazonaws.com/photos/138841622/original.jpg; https://inaturalist-open-data.s3.amazonaws.com/photos/138841640/original.jpg; https://inaturalist-open-data.s3.amazonaws.com/photos/138841652/original.jpg; https://inaturalist-open-data.s3.amazonaws.com/photos/138841669/original.jpg,k-brazil,2024-10-22 05:21:43
original_3325469548_1.jpg,10209961,Iochroma arborescens,92.342,"Thalurania glaucopis (J.F.Gmelin, 1788)",2476548,-22.979477,-44.544912,,SOUTH_AMERICA,Rio de Janeiro,,,,2021-07-01T11:27,False,Lucas Moreira,iNaturalist,http://creativecommons.org/licenses/by-nc/4.0/,Lucas Moreira,https://inaturalist-open-data.s3.amazonaws.com/photos/140222969/original.jpg,k-brazil,2024-10-22 05:21:46
original_3325509104_1.jpg,5303044,Thalia geniculata,21.253,"Thalurania glaucopis (J.F.Gmelin, 1788)",2476548,-23.43453,-45.084915,6342.0,SOUTH_AMERICA,São Paulo,,,,2017-09-28T12:16Z,False,NINA WENÓLI,iNaturalist,http://creativecommons.org/licenses/by-nc/4.0/,NINA WENÓLI,https://inaturalist-open-data.s3.amazonaws.com/photos/141223459/original.jpg,k-brazil,2024-10-22 05:21:52
original_3325557081_1.jpg,7298689,Cybistax antisyphilitica,1.329,"Thalurania glaucopis (J.F.Gmelin, 1788)",2476548,-29.374569,-50.876435,7226.0,SOUTH_AMERICA,Rio Grande do Sul,,,,2017-02-11T09:07Z,False,NINA WENÓLI,iNaturalist,http://creativecommons.org/licenses/by-nc/4.0/,NINA WENÓLI,https://inaturalist-open-data.s3.amazonaws.com/photos/141223840/original.jpg,k-brazil,2024-10-22 05:21:54
original_3325752841_1.jpeg,3778854,Sanchezia oblonga,46.304,"Thalurania glaucopis (J.F.Gmelin, 1788)",2476548,-23.773954,-46.199361,20000.0,SOUTH_AMERICA,São Paulo,,,,2015-06-30T07:45,False,Loren Cassin Sackett,iNaturalist,http://creativecommons.org/licenses/by/4.0/,Loren Cassin Sackett,https://inaturalist-open-data.s3.amazonaws.com/photos/140821654/original.jpeg; https://inaturalist-open-data.s3.amazonaws.com/photos/140821670/original.jpeg,k-brazil,2024-10-22 05:21:59
original_3325752841_2.jpeg,3778854,Sanchezia oblonga,40.561,"Thalurania glaucopis (J.F.Gmelin, 1788)",2476548,-23.773954,-46.199361,20000.0,SOUTH_AMERICA,São Paulo,,,,2015-06-30T07:45,False,Loren Cassin Sackett,iNaturalist,http://creativecommons.org/licenses/by/4.0/,Loren Cassin Sackett,https://inaturalist-open-data.s3.amazonaws.com/photos/140821654/original.jpeg; https://inaturalist-open-data.s3.amazonaws.com/photos/140821670/original.jpeg,k-brazil,2024-10-22 05:22:00
original_3325907488_1.jpeg,3762826,Brosimum rubescens,1.67,"Thalurania glaucopis (J.F.Gmelin, 1788)",2476548,-26.774419,-48.64369,6144.0,SOUTH_AMERICA,Santa Catarina,,,,2019-05-18T13:59,False,Yuri Tedéo,iNaturalist,http://creativecommons.org/licenses/by-nc/4.0/,Yuri Tedéo,https://inaturalist-open-data.s3.amazonaws.com/photos/141795099/original.jpeg,k-brazil,2024-10-22 05:22:07
original_3325949351_1.jpeg,3778854,Sanchezia oblonga,23.311,"Thalurania glaucopis (J.F.Gmelin, 1788)",2476548,-21.951612,-42.014544,204.0,SOUTH_AMERICA,Rio de Janeiro,,,,2021-02-22T10:29,False,nena_bergallo,iNaturalist,http://creativecommons.org/licenses/by-nc/4.0/,nena_bergallo,https://inaturalist-open-data.s3.amazonaws.com/photos/141534192/original.jpeg; https://inaturalist-open-data.s3.amazonaws.com/photos/141534217/original.jpeg,k-brazil,2024-10-22 05:22:10
original_3325949351_2.jpeg,3055359,Alchornea latifolia,2.1270000000000002,"Thalurania glaucopis (J.F.Gmelin, 1788)",2476548,-21.951612,-42.014544,204.0,SOUTH_AMERICA,Rio de Janeiro,,,,2021-02-22T10:29,False,nena_bergallo,iNaturalist,http://creativecommons.org/licenses/by-nc/4.0/,nena_bergallo,https://inaturalist-open-data.s3.amazonaws.com/photos/141534192/original.jpeg; https://inaturalist-open-data.s3.amazonaws.com/photos/141534217/original.jpeg,k-brazil,2024-10-22 05:22:12
original_3327775209_1.jpg,3190533,Schinopsis balansae,9.224,"Thalurania glaucopis (J.F.Gmelin, 1788)",2476548,-22.502586,-42.315069,54.0,SOUTH_AMERICA,Rio de Janeiro,,,,2021-07-10T15:16:19,False,Sergio R Porto,iNaturalist,http://creativecommons.org/licenses/by-nc/4.0/,Sergio R Porto,https://inaturalist-open-data.s3.amazonaws.com/photos/142946962/original.jpg,k-brazil,2024-10-22 05:22:15
original_3327880535_1.jpg,3698513,Combretum fruticosum,1.7389999999999999,"Thalurania glaucopis (J.F.Gmelin, 1788)",2476548,-22.953733,-43.295193,2420.0,SOUTH_AMERICA,Rio de Janeiro,,,,2014-08-02T11:21,False,Rogerio Dias,iNaturalist,http://creativecommons.org/licenses/by-nc/4.0/,Rogerio Dias,https://inaturalist-open-data.s3.amazonaws.com/photos/143496756/original.jpg; https://inaturalist-open-data.s3.amazonaws.com/photos/143496771/original.jpg,k-brazil,2024-10-22 05:22:17
original_3327880535_2.jpg,3698513,Combretum fruticosum,2.773,"Thalurania glaucopis (J.F.Gmelin, 1788)",2476548,-22.953733,-43.295193,2420.0,SOUTH_AMERICA,Rio de Janeiro,,,,2014-08-02T11:21,False,Rogerio Dias,iNaturalist,http://creativecommons.org/licenses/by-nc/4.0/,Rogerio Dias,https://inaturalist-open-data.s3.amazonaws.com/photos/143496756/original.jpg; https://inaturalist-open-data.s3.amazonaws.com/photos/143496771/original.jpg,k-brazil,2024-10-22 05:22:20
original_3333232489_1.jpeg,3124739,Vernonanthura patens,33.052,"Thalurania glaucopis (J.F.Gmelin, 1788)",2476548,-23.229218,-45.126713,4.0,SOUTH_AMERICA,São Paulo,,,,2021-07-21T07:53,False,Pedro Henrique Maloso Ramos,iNaturalist,http://creativecommons.org/licenses/by/4.0/,Pedro Henrique Maloso Ramos,https://inaturalist-open-data.s3.amazonaws.com/photos/146822436/original.jpeg; https://inaturalist-open-data.s3.amazonaws.com/photos/146822662/original.jpeg; https://inaturalist-open-data.s3.amazonaws.com/photos/146822671/original.jpeg; https://inaturalist-open-data.s3.amazonaws.com/photos/146822673/original.jpeg; https://inaturalist-open-data.s3.amazonaws.com/photos/146822683/original.jpeg; https://inaturalist-open-data.s3.amazonaws.com/photos/146822689/original.jpeg,k-brazil,2024-10-22 05:22:31
original_3333232489_2.jpeg,3124739,Vernonanthura patens,38.47,"Thalurania glaucopis (J.F.Gmelin, 1788)",2476548,-23.229218,-45.126713,4.0,SOUTH_AMERICA,São Paulo,,,,2021-07-21T07:53,False,Pedro Henrique Maloso Ramos,iNaturalist,http://creativecommons.org/licenses/by/4.0/,Pedro Henrique Maloso Ramos,https://inaturalist-open-data.s3.amazonaws.com/photos/146822436/original.jpeg; https://inaturalist-open-data.s3.amazonaws.com/photos/146822662/original.jpeg; https://inaturalist-open-data.s3.amazonaws.com/photos/146822671/original.jpeg; https://inaturalist-open-data.s3.amazonaws.com/photos/146822673/original.jpeg; https://inaturalist-open-data.s3.amazonaws.com/photos/146822683/original.jpeg; https://inaturalist-open-data.s3.amazonaws.com/photos/146822689/original.jpeg,k-brazil,2024-10-22 05:22:34
original_3333232489_3.jpeg,3124739,Vernonanthura patens,43.905,"Thalurania glaucopis (J.F.Gmelin, 1788)",2476548,-23.229218,-45.126713,4.0,SOUTH_AMERICA,São Paulo,,,,2021-07-21T07:53,False,Pedro Henrique Maloso Ramos,iNaturalist,http://creativecommons.org/licenses/by/4.0/,Pedro Henrique Maloso Ramos,https://inaturalist-open-data.s3.amazonaws.com/photos/146822436/original.jpeg; https://inaturalist-open-data.s3.amazonaws.com/photos/146822662/original.jpeg; https://inaturalist-open-data.s3.amazonaws.com/photos/146822671/original.jpeg; https://inaturalist-open-data.s3.amazonaws.com/photos/146822673/original.jpeg; https://inaturalist-open-data.s3.amazonaws.com/photos/146822683/original.jpeg; https://inaturalist-open-data.s3.amazonaws.com/photos/146822689/original.jpeg,k-brazil,2024-10-22 05:22:37
original_3333232489_4.jpeg,3124739,Vernonanthura patens,47.036,"Thalurania glaucopis (J.F.Gmelin, 1788)",2476548,-23.229218,-45.126713,4.0,SOUTH_AMERICA,São Paulo,,,,2021-07-21T07:53,False,Pedro Henrique Maloso Ramos,iNaturalist,http://creativecommons.org/licenses/by/4.0/,Pedro Henrique Maloso Ramos,https://inaturalist-open-data.s3.amazonaws.com/photos/146822436/original.jpeg; https://inaturalist-open-data.s3.amazonaws.com/photos/146822662/original.jpeg; https://inaturalist-open-data.s3.amazonaws.com/photos/146822671/original.jpeg; https://inaturalist-open-data.s3.amazonaws.com/photos/146822673/original.jpeg; https://inaturalist-open-data.s3.amazonaws.com/photos/146822683/original.jpeg; https://inaturalist-open-data.s3.amazonaws.com/photos/146822689/original.jpeg,k-brazil,2024-10-22 05:22:39
original_3333232489_5.jpeg,3124739,Vernonanthura patens,33.757,"Thalurania glaucopis (J.F.Gmelin, 1788)",2476548,-23.229218,-45.126713,4.0,SOUTH_AMERICA,São Paulo,,,,2021-07-21T07:53,False,Pedro Henrique Maloso Ramos,iNaturalist,http://creativecommons.org/licenses/by/4.0/,Pedro Henrique Maloso Ramos,https://inaturalist-open-data.s3.amazonaws.com/photos/146822436/original.jpeg; https://inaturalist-open-data.s3.amazonaws.com/photos/146822662/original.jpeg; https://inaturalist-open-data.s3.amazonaws.com/photos/146822671/original.jpeg; https://inaturalist-open-data.s3.amazonaws.com/photos/146822673/original.jpeg; https://inaturalist-open-data.s3.amazonaws.com/photos/146822683/original.jpeg; https://inaturalist-open-data.s3.amazonaws.com/photos/146822689/original.jpeg,k-brazil,2024-10-22 05:22:41
original_3333232489_6.jpeg,3124739,Vernonanthura patens,41.457,"Thalurania glaucopis (J.F.Gmelin, 1788)",2476548,-23.229218,-45.126713,4.0,SOUTH_AMERICA,São Paulo,,,,2021-07-21T07:53,False,Pedro Henrique Maloso Ramos,iNaturalist,http://creativecommons.org/licenses/by/4.0/,Pedro Henrique Maloso Ramos,https://inaturalist-open-data.s3.amazonaws.com/photos/146822436/original.jpeg; https://inaturalist-open-data.s3.amazonaws.com/photos/146822662/original.jpeg; https://inaturalist-open-data.s3.amazonaws.com/photos/146822671/original.jpeg; https://inaturalist-open-data.s3.amazonaws.com/photos/146822673/original.jpeg; https://inaturalist-open-data.s3.amazonaws.com/photos/146822683/original.jpeg; https://inaturalist-open-data.s3.amazonaws.com/photos/146822689/original.jpeg,k-brazil,2024-10-22 05:22:43
original_3335177644_2.jpeg,4092242,Handroanthus impetiginosus,9.616,"Thalurania glaucopis (J.F.Gmelin, 1788)",2476548,-22.533123,-46.578117,36.0,SOUTH_AMERICA,São Paulo,,,,2021-07-30T09:35:30,False,Eduardo Kenyu Okido Matsumoto,iNaturalist,http://creativecommons.org/licenses/by-nc/4.0/,Eduardo Kenyu Okido Matsumoto,https://inaturalist-open-data.s3.amazonaws.com/photos/147265602/original.jpeg; https://inaturalist-open-data.s3.amazonaws.com/photos/147265713/original.jpeg; https://inaturalist-open-data.s3.amazonaws.com/photos/147265868/original.jpeg; https://inaturalist-open-data.s3.amazonaws.com/photos/147266030/original.jpeg; https://inaturalist-open-data.s3.amazonaws.com/photos/147266166/original.jpeg; https://inaturalist-open-data.s3.amazonaws.com/photos/147266281/original.jpeg; https://inaturalist-open-data.s3.amazonaws.com/photos/147266368/original.jpeg; https://inaturalist-open-data.s3.amazonaws.com/photos/147266479/original.jpeg; https://inaturalist-open-data.s3.amazonaws.com/photos/147266578/original.jpeg; https://inaturalist-open-data.s3.amazonaws.com/photos/147266693/original.jpeg; https://inaturalist-open-data.s3.amazonaws.com/photos/147266793/original.jpeg,k-brazil,2024-10-22 05:22:47
original_3335177644_3.jpeg,8077391,Citrus × aurantium,42.376000000000005,"Thalurania glaucopis (J.F.Gmelin, 1788)",2476548,-22.533123,-46.578117,36.0,SOUTH_AMERICA,São Paulo,,,,2021-07-30T09:35:30,False,Eduardo Kenyu Okido Matsumoto,iNaturalist,http://creativecommons.org/licenses/by-nc/4.0/,Eduardo Kenyu Okido Matsumoto,https://inaturalist-open-data.s3.amazonaws.com/photos/147265602/original.jpeg; https://inaturalist-open-data.s3.amazonaws.com/photos/147265713/original.jpeg; https://inaturalist-open-data.s3.amazonaws.com/photos/147265868/original.jpeg; https://inaturalist-open-data.s3.amazonaws.com/photos/147266030/original.jpeg; https://inaturalist-open-data.s3.amazonaws.com/photos/147266166/original.jpeg; https://inaturalist-open-data.s3.amazonaws.com/photos/147266281/original.jpeg; https://inaturalist-open-data.s3.amazonaws.com/photos/147266368/original.jpeg; https://inaturalist-open-data.s3.amazonaws.com/photos/147266479/original.jpeg; https://inaturalist-open-data.s3.amazonaws.com/photos/147266578/original.jpeg; https://inaturalist-open-data.s3.amazonaws.com/photos/147266693/original.jpeg; https://inaturalist-open-data.s3.amazonaws.com/photos/147266793/original.jpeg,k-brazil,2024-10-22 05:22:49
original_3335177644_4.jpeg,8077391,Citrus × aurantium,20.605,"Thalurania glaucopis (J.F.Gmelin, 1788)",2476548,-22.533123,-46.578117,36.0,SOUTH_AMERICA,São Paulo,,,,2021-07-30T09:35:30,False,Eduardo Kenyu Okido Matsumoto,iNaturalist,http://creativecommons.org/licenses/by-nc/4.0/,Eduardo Kenyu Okido Matsumoto,https://inaturalist-open-data.s3.amazonaws.com/photos/147265602/original.jpeg; https://inaturalist-open-data.s3.amazonaws.com/photos/147265713/original.jpeg; https://inaturalist-open-data.s3.amazonaws.com/photos/147265868/original.jpeg; https://inaturalist-open-data.s3.amazonaws.com/photos/147266030/original.jpeg; https://inaturalist-open-data.s3.amazonaws.com/photos/147266166/original.jpeg; https://inaturalist-open-data.s3.amazonaws.com/photos/147266281/original.jpeg; https://inaturalist-open-data.s3.amazonaws.com/photos/147266368/original.jpeg; https://inaturalist-open-data.s3.amazonaws.com/photos/147266479/original.jpeg; https://inaturalist-open-data.s3.amazonaws.com/photos/147266578/original.jpeg; https://inaturalist-open-data.s3.amazonaws.com/photos/147266693/original.jpeg; https://inaturalist-open-data.s3.amazonaws.com/photos/147266793/original.jpeg,k-brazil,2024-10-22 05:22:52
original_3335177644_5.jpeg,5416458,Eugenia uniflora,0.14300000000000002,"Thalurania glaucopis (J.F.Gmelin, 1788)",2476548,-22.533123,-46.578117,36.0,SOUTH_AMERICA,São Paulo,,,,2021-07-30T09:35:30,False,Eduardo Kenyu Okido Matsumoto,iNaturalist,http://creativecommons.org/licenses/by-nc/4.0/,Eduardo Kenyu Okido Matsumoto,https://inaturalist-open-data.s3.amazonaws.com/photos/147265602/original.jpeg; https://inaturalist-open-data.s3.amazonaws.com/photos/147265713/original.jpeg; https://inaturalist-open-data.s3.amazonaws.com/photos/147265868/original.jpeg; https://inaturalist-open-data.s3.amazonaws.com/photos/147266030/original.jpeg; https://inaturalist-open-data.s3.amazonaws.com/photos/147266166/original.jpeg; https://inaturalist-open-data.s3.amazonaws.com/photos/147266281/original.jpeg; https://inaturalist-open-data.s3.amazonaws.com/photos/147266368/original.jpeg; https://inaturalist-open-data.s3.amazonaws.com/photos/147266479/original.jpeg; https://inaturalist-open-data.s3.amazonaws.com/photos/147266578/original.jpeg; https://inaturalist-open-data.s3.amazonaws.com/photos/147266693/original.jpeg; https://inaturalist-open-data.s3.amazonaws.com/photos/147266793/original.jpeg,k-brazil,2024-10-22 05:22:54
original_3335177644_7.jpeg,2874190,Passiflora edulis,8.064,"Thalurania glaucopis (J.F.Gmelin, 1788)",2476548,-22.533123,-46.578117,36.0,SOUTH_AMERICA,São Paulo,,,,2021-07-30T09:35:30,False,Eduardo Kenyu Okido Matsumoto,iNaturalist,http://creativecommons.org/licenses/by-nc/4.0/,Eduardo Kenyu Okido Matsumoto,https://inaturalist-open-data.s3.amazonaws.com/photos/147265602/original.jpeg; https://inaturalist-open-data.s3.amazonaws.com/photos/147265713/original.jpeg; https://inaturalist-open-data.s3.amazonaws.com/photos/147265868/original.jpeg; https://inaturalist-open-data.s3.amazonaws.com/photos/147266030/original.jpeg; https://inaturalist-open-data.s3.amazonaws.com/photos/147266166/original.jpeg; https://inaturalist-open-data.s3.amazonaws.com/photos/147266281/original.jpeg; https://inaturalist-open-data.s3.amazonaws.com/photos/147266368/original.jpeg; https://inaturalist-open-data.s3.amazonaws.com/photos/147266479/original.jpeg; https://inaturalist-open-data.s3.amazonaws.com/photos/147266578/original.jpeg; https://inaturalist-open-data.s3.amazonaws.com/photos/147266693/original.jpeg; https://inaturalist-open-data.s3.amazonaws.com/photos/147266793/original.jpeg,k-brazil,2024-10-22 05:22:56
original_3335177644_8.jpeg,5417437,Eugenia involucrata,0.347,"Thalurania glaucopis (J.F.Gmelin, 1788)",2476548,-22.533123,-46.578117,36.0,SOUTH_AMERICA,São Paulo,,,,2021-07-30T09:35:30,False,Eduardo Kenyu Okido Matsumoto,iNaturalist,http://creativecommons.org/licenses/by-nc/4.0/,Eduardo Kenyu Okido Matsumoto,https://inaturalist-open-data.s3.amazonaws.com/photos/147265602/original.jpeg; https://inaturalist-open-data.s3.amazonaws.com/photos/147265713/original.jpeg; https://inaturalist-open-data.s3.amazonaws.com/photos/147265868/original.jpeg; https://inaturalist-open-data.s3.amazonaws.com/photos/147266030/original.jpeg; https://inaturalist-open-data.s3.amazonaws.com/photos/147266166/original.jpeg; https://inaturalist-open-data.s3.amazonaws.com/photos/147266281/original.jpeg; https://inaturalist-open-data.s3.amazonaws.com/photos/147266368/original.jpeg; https://inaturalist-open-data.s3.amazonaws.com/photos/147266479/original.jpeg; https://inaturalist-open-data.s3.amazonaws.com/photos/147266578/original.jpeg; https://inaturalist-open-data.s3.amazonaws.com/photos/147266693/original.jpeg; https://inaturalist-open-data.s3.amazonaws.com/photos/147266793/original.jpeg,k-brazil,2024-10-22 05:22:58
original_3335177644_9.jpeg,5591185,Drymonia coccinea,2.7279999999999998,"Thalurania glaucopis (J.F.Gmelin, 1788)",2476548,-22.533123,-46.578117,36.0,SOUTH_AMERICA,São Paulo,,,,2021-07-30T09:35:30,False,Eduardo Kenyu Okido Matsumoto,iNaturalist,http://creativecommons.org/licenses/by-nc/4.0/,Eduardo Kenyu Okido Matsumoto,https://inaturalist-open-data.s3.amazonaws.com/photos/147265602/original.jpeg; https://inaturalist-open-data.s3.amazonaws.com/photos/147265713/original.jpeg; https://inaturalist-open-data.s3.amazonaws.com/photos/147265868/original.jpeg; https://inaturalist-open-data.s3.amazonaws.com/photos/147266030/original.jpeg; https://inaturalist-open-data.s3.amazonaws.com/photos/147266166/original.jpeg; https://inaturalist-open-data.s3.amazonaws.com/photos/147266281/original.jpeg; https://inaturalist-open-data.s3.amazonaws.com/photos/147266368/original.jpeg; https://inaturalist-open-data.s3.amazonaws.com/photos/147266479/original.jpeg; https://inaturalist-open-data.s3.amazonaws.com/photos/147266578/original.jpeg; https://inaturalist-open-data.s3.amazonaws.com/photos/147266693/original.jpeg; https://inaturalist-open-data.s3.amazonaws.com/photos/147266793/original.jpeg,k-brazil,2024-10-22 05:23:01
original_3335262428_1.jpg,2932944,Capsicum annuum,2.62,"Thalurania glaucopis (J.F.Gmelin, 1788)",2476548,-23.483483,-45.166673,2225.0,SOUTH_AMERICA,São Paulo,,,,2021-08-01T21:59,False,Ronaldo Garcia,iNaturalist,http://creativecommons.org/licenses/by-nc/4.0/,Ronaldo Garcia,https://inaturalist-open-data.s3.amazonaws.com/photos/148446209/original.jpg,k-brazil,2024-10-22 05:23:03
original_3335456606_1.jpg,2895345,Coffea arabica,15.991,"Thalurania glaucopis (J.F.Gmelin, 1788)",2476548,-20.403516,-41.025442,977.0,SOUTH_AMERICA,Espírito Santo,,,,2018-05-27T10:05,False,eduardovieira17,iNaturalist,http://creativecommons.org/licenses/by-nc/4.0/,eduardovieira17,https://inaturalist-open-data.s3.amazonaws.com/photos/148752020/original.jpg,k-brazil,2024-10-22 05:23:06
original_3337439023_1.jpeg,5357665,Inga punctata,2.7449999999999997,"Thalurania glaucopis (J.F.Gmelin, 1788)",2476548,-23.468801,-45.166293,122.0,SOUTH_AMERICA,São Paulo,,,,2018-08-14T12:34,False,David Rankin,iNaturalist,http://creativecommons.org/licenses/by-nc/4.0/,David Rankin,https://inaturalist-open-data.s3.amazonaws.com/photos/150079558/original.jpeg; https://inaturalist-open-data.s3.amazonaws.com/photos/150079774/original.jpeg,k-brazil,2024-10-22 05:23:08
original_3337523150_1.jpg,7932857,Machaerium isadelphum,0.49300000000000005,"Thalurania glaucopis (J.F.Gmelin, 1788)",2476548,-22.161231,-42.421132,2327.0,SOUTH_AMERICA,Rio de Janeiro,,,,2021-08-18T07:41,False,Claudio Martins de Souza,iNaturalist,http://creativecommons.org/licenses/by-nc/4.0/,Claudio Martins de Souza,https://inaturalist-open-data.s3.amazonaws.com/photos/151870754/original.jpg,k-brazil,2024-10-22 05:23:12
original_3337537531_1.jpeg,3084036,Rhipsalis baccifera,4.279999999999999,"Thalurania glaucopis (J.F.Gmelin, 1788)",2476548,-23.468801,-45.166293,122.0,SOUTH_AMERICA,São Paulo,,,,2018-08-14T12:26,False,David Rankin,iNaturalist,http://creativecommons.org/licenses/by-nc/4.0/,David Rankin,https://inaturalist-open-data.s3.amazonaws.com/photos/150079420/original.jpeg,k-brazil,2024-10-22 05:23:15
original_3337581443_1.jpeg,3866649,Bellucia grossularioides,2.279,"Thalurania glaucopis (J.F.Gmelin, 1788)",2476548,-23.469496,-45.169411,2.0,SOUTH_AMERICA,São Paulo,,,,2020-10-26T16:53,False,Gabriel Völker Lacerda,iNaturalist,http://creativecommons.org/licenses/by-nc/4.0/,Gabriel Völker Lacerda,https://inaturalist-open-data.s3.amazonaws.com/photos/102588343/original.jpeg,k-brazil,2024-10-22 05:23:17
original_3337644183_1.jpg,2698018,Aechmea distichantha,17.233,"Thalurania glaucopis (J.F.Gmelin, 1788)",2476548,-22.445235,-44.601031,111.0,SOUTH_AMERICA,Rio de Janeiro,,,,2011-10-24T13:51,False,Paula Romano,iNaturalist,http://creativecommons.org/licenses/by-nc/4.0/,Paula Romano,https://inaturalist-open-data.s3.amazonaws.com/photos/150109928/original.jpg; https://inaturalist-open-data.s3.amazonaws.com/photos/150109977/original.jpg; https://inaturalist-open-data.s3.amazonaws.com/photos/150110693/original.jpg,k-brazil,2024-10-22 05:23:20
original_3337644183_2.jpg,2696538,Quesnelia quesneliana,43.901,"Thalurania glaucopis (J.F.Gmelin, 1788)",2476548,-22.445235,-44.601031,111.0,SOUTH_AMERICA,Rio de Janeiro,,,,2011-10-24T13:51,False,Paula Romano,iNaturalist,http://creativecommons.org/licenses/by-nc/4.0/,Paula Romano,https://inaturalist-open-data.s3.amazonaws.com/photos/150109928/original.jpg; https://inaturalist-open-data.s3.amazonaws.com/photos/150109977/original.jpg; https://inaturalist-open-data.s3.amazonaws.com/photos/150110693/original.jpg,k-brazil,2024-10-22 05:23:22
original_3337644183_3.jpg,2698018,Aechmea distichantha,51.0,"Thalurania glaucopis (J.F.Gmelin, 1788)",2476548,-22.445235,-44.601031,111.0,SOUTH_AMERICA,Rio de Janeiro,,,,2011-10-24T13:51,False,Paula Romano,iNaturalist,http://creativecommons.org/licenses/by-nc/4.0/,Paula Romano,https://inaturalist-open-data.s3.amazonaws.com/photos/150109928/original.jpg; https://inaturalist-open-data.s3.amazonaws.com/photos/150109977/original.jpg; https://inaturalist-open-data.s3.amazonaws.com/photos/150110693/original.jpg,k-brazil,2024-10-22 05:23:24
original_3337963299_1.jpeg,3874097,Rhizophora racemosa,10.261000000000001,"Thalurania glaucopis (J.F.Gmelin, 1788)",2476548,-24.27139,-48.420905,274.0,SOUTH_AMERICA,São Paulo,,,,2018-08-12T11:11,False,David Rankin,iNaturalist,http://creativecommons.org/licenses/by-nc/4.0/,David Rankin,https://inaturalist-open-data.s3.amazonaws.com/photos/149999956/original.jpeg,k-brazil,2024-10-22 05:23:32
original_3338130418_1.jpeg,2756885,Costus scaber,2.544,"Thalurania glaucopis (J.F.Gmelin, 1788)",2476548,-23.468801,-45.166293,122.0,SOUTH_AMERICA,São Paulo,,,,2018-08-14T12:05,False,David Rankin,iNaturalist,http://creativecommons.org/licenses/by-nc/4.0/,David Rankin,https://inaturalist-open-data.s3.amazonaws.com/photos/150079026/original.jpeg; https://inaturalist-open-data.s3.amazonaws.com/photos/150079066/original.jpeg,k-brazil,2024-10-22 05:23:34
original_3338130418_2.jpeg,3621389,Tabernaemontana undulata,1.308,"Thalurania glaucopis (J.F.Gmelin, 1788)",2476548,-23.468801,-45.166293,122.0,SOUTH_AMERICA,São Paulo,,,,2018-08-14T12:05,False,David Rankin,iNaturalist,http://creativecommons.org/licenses/by-nc/4.0/,David Rankin,https://inaturalist-open-data.s3.amazonaws.com/photos/150079026/original.jpeg; https://inaturalist-open-data.s3.amazonaws.com/photos/150079066/original.jpeg,k-brazil,2024-10-22 05:23:36
original_3343717013_1.jpg,2705781,Hymenachne amplexicaulis,8.019,"Thalurania glaucopis (J.F.Gmelin, 1788)",2476548,-22.161231,-42.421132,2327.0,SOUTH_AMERICA,Rio de Janeiro,,,,2021-08-18T16:31,False,Claudio Martins de Souza,iNaturalist,http://creativecommons.org/licenses/by-nc/4.0/,Claudio Martins de Souza,https://inaturalist-open-data.s3.amazonaws.com/photos/152325550/original.jpg,k-brazil,2024-10-22 05:23:41
original_3343890703_1.jpeg,2760766,Heliconia hirsuta,0.573,"Thalurania glaucopis (J.F.Gmelin, 1788)",2476548,-25.857545,-53.97578,15.0,SOUTH_AMERICA,Misiones,,,,2013-04-01T14:14,False,Carlos Schmidtutz,iNaturalist,http://creativecommons.org/licenses/by-nc/4.0/,Carlos Schmidtutz,https://inaturalist-open-data.s3.amazonaws.com/photos/152084295/original.jpeg,k-southern-south-america,2024-10-22 05:23:47
original_3343938932_1.jpeg,7309398,Vitex megapotamica,0.878,"Thalurania glaucopis (J.F.Gmelin, 1788)",2476548,-25.857555,-53.975758,15.0,SOUTH_AMERICA,Misiones,,,,2013-04-01T14:14,False,Carlos Schmidtutz,iNaturalist,http://creativecommons.org/licenses/by-nc/4.0/,Carlos Schmidtutz,https://inaturalist-open-data.s3.amazonaws.com/photos/152084322/original.jpeg,k-southern-south-america,2024-10-22 05:23:50
original_3344144537_2.jpeg,3616287,Mandevilla sanderi,0.34199999999999997,"Thalurania glaucopis (J.F.Gmelin, 1788)",2476548,-22.469465,-43.478481,,SOUTH_AMERICA,Rio de Janeiro,,,,2021-08-13T15:18:49,False,Rafael Bolelli,iNaturalist,http://creativecommons.org/licenses/by-nc/4.0/,Rafael Bolelli,https://inaturalist-open-data.s3.amazonaws.com/photos/152783016/original.jpeg; https://inaturalist-open-data.s3.amazonaws.com/photos/152783042/original.jpeg; https://inaturalist-open-data.s3.amazonaws.com/photos/152783058/original.jpeg; https://inaturalist-open-data.s3.amazonaws.com/photos/152783078/original.jpeg; https://inaturalist-open-data.s3.amazonaws.com/photos/152783107/original.jpeg; https://inaturalist-open-data.s3.amazonaws.com/photos/152822906/original.jpeg,k-brazil,2024-10-22 05:23:57
original_3355118967_1.jpg,3190118,Zanthoxylum caribaeum,1.194,"Thalurania glaucopis (J.F.Gmelin, 1788)",2476548,-24.016979,-47.153005,1.0,SOUTH_AMERICA,São Paulo,,,,2019-07-31T06:05,False,Niall Perrins,iNaturalist,http://creativecommons.org/licenses/by-nc/4.0/,Niall Perrins,https://inaturalist-open-data.s3.amazonaws.com/photos/153622119/original.jpg,k-brazil,2024-10-22 05:24:07
original_3355319864_1.jpeg,2792457,Polystachya concreta,8.382000000000001,"Thalurania glaucopis (J.F.Gmelin, 1788)",2476548,-24.599106,-48.039684,4.0,SOUTH_AMERICA,São Paulo,,,,2021-09-04T15:30,False,Hermann Moller,iNaturalist,http://creativecommons.org/licenses/by-nc/4.0/,Hermann Moller,https://inaturalist-open-data.s3.amazonaws.com/photos/155219324/original.jpeg,k-brazil,2024-10-22 05:24:10
original_3355501966_1.jpg,6029771,Helicteres baruensis,1.718,"Thalurania glaucopis (J.F.Gmelin, 1788)",2476548,-24.016979,-47.153004,1.0,SOUTH_AMERICA,São Paulo,,,,2019-07-31T08:30,False,Niall Perrins,iNaturalist,http://creativecommons.org/licenses/by-nc/4.0/,Niall Perrins,https://inaturalist-open-data.s3.amazonaws.com/photos/153622134/original.jpg,k-brazil,2024-10-22 05:24:12
original_3355752325_1.jpg,5601379,Pleroma mutabile,4.614999999999999,"Thalurania glaucopis (J.F.Gmelin, 1788)",2476548,-24.004135,-47.561876,198.0,SOUTH_AMERICA,São Paulo,,,,2018-07-28T09:40Z,False,Carlos Moura,iNaturalist,http://creativecommons.org/licenses/by-nc/4.0/,Carlos Moura,https://inaturalist-open-data.s3.amazonaws.com/photos/156039421/original.jpg,k-brazil,2024-10-22 05:24:19
original_3384108141_2.jpeg,2781165,Lapageria rosea,1.7409999999999999,"Thalurania glaucopis (J.F.Gmelin, 1788)",2476548,-25.85756,-53.975704,11.0,SOUTH_AMERICA,Misiones,,,,2021-09-20T17:53,False,romanlabrousse,iNaturalist,http://creativecommons.org/licenses/by-nc/4.0/,romanlabrousse,https://inaturalist-open-data.s3.amazonaws.com/photos/159560142/original.jpeg; https://inaturalist-open-data.s3.amazonaws.com/photos/159560274/original.jpeg,k-southern-south-america,2024-10-22 05:24:26
original_3384313715_1.jpg,5293425,Euterpe precatoria,4.3740000000000006,"Thalurania glaucopis (J.F.Gmelin, 1788)",2476548,-23.469525,-45.169344,200.0,SOUTH_AMERICA,São Paulo,,,,2021-09-10T17:28,False,Shannon Buttimer,iNaturalist,http://creativecommons.org/licenses/by-nc-nd/4.0/,Shannon Buttimer,https://inaturalist-open-data.s3.amazonaws.com/photos/156942002/original.jpg,k-brazil,2024-10-22 05:24:31
original_3384479159_1.jpeg,3152597,Hibiscus striatus,0.641,"Thalurania glaucopis (J.F.Gmelin, 1788)",2476548,-25.85756,-53.975704,201.0,SOUTH_AMERICA,Misiones,,,,2013-01-20T14:37,False,Gonzalo Diaz,iNaturalist,http://creativecommons.org/licenses/by-nc/4.0/,Gonzalo Diaz,https://inaturalist-open-data.s3.amazonaws.com/photos/159409216/original.jpeg,k-southern-south-america,2024-10-22 05:24:36
original_3385069647_1.jpg,5421056,Clusia minor,1.091,"Thalurania glaucopis (J.F.Gmelin, 1788)",2476548,-23.469525,-45.169344,200.0,SOUTH_AMERICA,São Paulo,,,,2021-09-10T16:56,False,Shannon Buttimer,iNaturalist,http://creativecommons.org/licenses/by-nc-nd/4.0/,Shannon Buttimer,https://inaturalist-open-data.s3.amazonaws.com/photos/156940304/original.jpg,k-brazil,2024-10-22 05:24:40
original_3385141590_1.jpg,3617234,Tabernaemontana grandiflora,1.141,"Thalurania glaucopis (J.F.Gmelin, 1788)",2476548,-23.469525,-45.169344,200.0,SOUTH_AMERICA,São Paulo,,,,2021-09-10T16:57,False,Shannon Buttimer,iNaturalist,http://creativecommons.org/licenses/by-nc-nd/4.0/,Shannon Buttimer,https://inaturalist-open-data.s3.amazonaws.com/photos/156940522/original.jpg,k-brazil,2024-10-22 05:24:42
original_3391524836_1.jpeg,4931838,Amphilophium crucigerum,4.809,"Thalurania glaucopis (J.F.Gmelin, 1788)",2476548,-25.857532,-53.976163,61.0,SOUTH_AMERICA,Misiones,,,,2021-10-04T13:28,False,romanlabrousse,iNaturalist,http://creativecommons.org/licenses/by-nc/4.0/,romanlabrousse,https://inaturalist-open-data.s3.amazonaws.com/photos/162529618/original.jpeg,k-southern-south-america,2024-10-22 05:24:45
original_3391657889_1.jpeg,2932944,Capsicum annuum,7.175,"Thalurania glaucopis (J.F.Gmelin, 1788)",2476548,-22.966767,-43.225966,153.0,SOUTH_AMERICA,Rio de Janeiro,,,,2021-10-09T13:23:16,False,Libi Rivero,iNaturalist,http://creativecommons.org/licenses/by-nc/4.0/,Libi Rivero,https://inaturalist-open-data.s3.amazonaws.com/photos/162736312/original.jpeg,k-brazil,2024-10-22 05:24:48
original_3391666879_1.jpg,2951773,Piptadenia gonoacantha,2.4299999999999997,"Thalurania glaucopis (J.F.Gmelin, 1788)",2476548,-27.779247,-48.538739,22.0,SOUTH_AMERICA,Santa Catarina,,,,2021-10-08T11:40,False,ffpheebs,iNaturalist,http://creativecommons.org/licenses/by-nc/4.0/,ffpheebs,https://inaturalist-open-data.s3.amazonaws.com/photos/162686197/original.jpg,k-brazil,2024-10-22 05:24:50
original_3398659534_4.jpeg,3083180,Bertholletia excelsa,1.4989999999999999,"Thalurania glaucopis (J.F.Gmelin, 1788)",2476548,-22.936053,-43.20481,12.0,SOUTH_AMERICA,Rio de Janeiro,,,,2021-02-21T07:36:39,False,Victor Farjalla Pontes,iNaturalist,http://creativecommons.org/licenses/by/4.0/,Victor Farjalla Pontes,https://inaturalist-open-data.s3.amazonaws.com/photos/113559835/original.jpeg; https://inaturalist-open-data.s3.amazonaws.com/photos/113559840/original.jpeg; https://inaturalist-open-data.s3.amazonaws.com/photos/113559896/original.jpeg; https://inaturalist-open-data.s3.amazonaws.com/photos/113559906/original.jpeg; https://inaturalist-open-data.s3.amazonaws.com/photos/113559925/original.jpeg,k-brazil,2024-10-22 05:25:02
original_3399006357_1.jpeg,4142909,Rhipidocladum racemiflorum,20.465,"Thalurania glaucopis (J.F.Gmelin, 1788)",2476548,-25.532801,-54.134125,812.0,SOUTH_AMERICA,Misiones,,,,2021-10-22T10:30,False,Matias Cabezas,iNaturalist,http://creativecommons.org/licenses/by/4.0/,Matias Cabezas,https://inaturalist-open-data.s3.amazonaws.com/photos/166066332/original.jpeg,k-southern-south-america,2024-10-22 05:25:09
original_3399094592_1.jpg,3795445,Vachellia macracantha,1.549,"Thalurania glaucopis (J.F.Gmelin, 1788)",2476548,-21.742502,-46.687239,31.0,SOUTH_AMERICA,São Paulo,,,,2021-10-20T09:08,False,Pedro Lotti Carvalho Dias,iNaturalist,http://creativecommons.org/licenses/by-nc/4.0/,Pedro Lotti Carvalho Dias,https://inaturalist-open-data.s3.amazonaws.com/photos/164559391/original.jpg,k-brazil,2024-10-22 05:25:10
original_3399171558_1.jpeg,2895345,Coffea arabica,26.836,"Thalurania glaucopis (J.F.Gmelin, 1788)",2476548,-22.375926,-42.837206,4.0,SOUTH_AMERICA,Rio de Janeiro,,,,2021-03-20T11:59,False,Victor Farjalla Pontes,iNaturalist,http://creativecommons.org/licenses/by/4.0/,Victor Farjalla Pontes,https://inaturalist-open-data.s3.amazonaws.com/photos/117660498/original.jpeg; https://inaturalist-open-data.s3.amazonaws.com/photos/117660561/original.jpeg; https://inaturalist-open-data.s3.amazonaws.com/photos/117660590/original.jpeg; https://inaturalist-open-data.s3.amazonaws.com/photos/117660595/original.jpeg,k-brazil,2024-10-22 05:25:13
original_3399171558_2.jpeg,2895345,Coffea arabica,19.953000000000003,"Thalurania glaucopis (J.F.Gmelin, 1788)",2476548,-22.375926,-42.837206,4.0,SOUTH_AMERICA,Rio de Janeiro,,,,2021-03-20T11:59,False,Victor Farjalla Pontes,iNaturalist,http://creativecommons.org/licenses/by/4.0/,Victor Farjalla Pontes,https://inaturalist-open-data.s3.amazonaws.com/photos/117660498/original.jpeg; https://inaturalist-open-data.s3.amazonaws.com/photos/117660561/original.jpeg; https://inaturalist-open-data.s3.amazonaws.com/photos/117660590/original.jpeg; https://inaturalist-open-data.s3.amazonaws.com/photos/117660595/original.jpeg,k-brazil,2024-10-22 05:25:15
original_3399171558_3.jpeg,2895345,Coffea arabica,1.9429999999999998,"Thalurania glaucopis (J.F.Gmelin, 1788)",2476548,-22.375926,-42.837206,4.0,SOUTH_AMERICA,Rio de Janeiro,,,,2021-03-20T11:59,False,Victor Farjalla Pontes,iNaturalist,http://creativecommons.org/licenses/by/4.0/,Victor Farjalla Pontes,https://inaturalist-open-data.s3.amazonaws.com/photos/117660498/original.jpeg; https://inaturalist-open-data.s3.amazonaws.com/photos/117660561/original.jpeg; https://inaturalist-open-data.s3.amazonaws.com/photos/117660590/original.jpeg; https://inaturalist-open-data.s3.amazonaws.com/photos/117660595/original.jpeg,k-brazil,2024-10-22 05:25:17
original_3399171558_4.jpeg,2895345,Coffea arabica,8.882,"Thalurania glaucopis (J.F.Gmelin, 1788)",2476548,-22.375926,-42.837206,4.0,SOUTH_AMERICA,Rio de Janeiro,,,,2021-03-20T11:59,False,Victor Farjalla Pontes,iNaturalist,http://creativecommons.org/licenses/by/4.0/,Victor Farjalla Pontes,https://inaturalist-open-data.s3.amazonaws.com/photos/117660498/original.jpeg; https://inaturalist-open-data.s3.amazonaws.com/photos/117660561/original.jpeg; https://inaturalist-open-data.s3.amazonaws.com/photos/117660590/original.jpeg; https://inaturalist-open-data.s3.amazonaws.com/photos/117660595/original.jpeg,k-brazil,2024-10-22 05:25:19
original_3399342521_1.jpeg,3778854,Sanchezia oblonga,44.84,"Thalurania glaucopis (J.F.Gmelin, 1788)",2476548,-22.953733,-43.295193,2420.0,SOUTH_AMERICA,Rio de Janeiro,,,,2014-08-02T11:19,False,Rogerio Dias,iNaturalist,http://creativecommons.org/licenses/by-nc/4.0/,Rogerio Dias,https://inaturalist-open-data.s3.amazonaws.com/photos/164478420/original.jpeg,k-brazil,2024-10-22 05:25:21
original_3399484416_1.jpg,8688929,Ceiba speciosa,5.561,"Thalurania glaucopis (J.F.Gmelin, 1788)",2476548,-25.751103,-53.06063,3440.0,SOUTH_AMERICA,Paraná,,,,2021-01-23T17:58,False,paalves,iNaturalist,http://creativecommons.org/licenses/by-nc/4.0/,paalves,https://inaturalist-open-data.s3.amazonaws.com/photos/166155396/original.jpg,k-brazil,2024-10-22 05:25:23
original_3407894385_1.jpg,3778854,Sanchezia oblonga,73.64,"Thalurania glaucopis (J.F.Gmelin, 1788)",2476548,-22.964814,-43.28207,200.0,SOUTH_AMERICA,Rio de Janeiro,,,,2016-01-17T11:06,False,Rogerio Dias,iNaturalist,http://creativecommons.org/licenses/by-nc/4.0/,Rogerio Dias,https://inaturalist-open-data.s3.amazonaws.com/photos/108555572/original.jpg,k-brazil,2024-10-22 05:25:27
original_3407939419_1.jpeg,3698513,Combretum fruticosum,2.75,"Thalurania glaucopis (J.F.Gmelin, 1788)",2476548,-23.766349,-47.070719,274.0,SOUTH_AMERICA,São Paulo,,,,2020-04-12T14:14,False,Juliana Gatti Pereira Rodrigues,iNaturalist,http://creativecommons.org/licenses/by-nc/4.0/,Juliana Gatti Pereira Rodrigues,https://inaturalist-open-data.s3.amazonaws.com/photos/116423689/original.jpeg,k-brazil,2024-10-22 05:25:31
original_3407944542_1.jpeg,2792457,Polystachya concreta,3.537,"Thalurania glaucopis (J.F.Gmelin, 1788)",2476548,-22.319233,-42.535024,979.0,SOUTH_AMERICA,Rio de Janeiro,,,,2021-09-04T10:19Z,False,Jardel Leite,iNaturalist,http://creativecommons.org/licenses/by-nc/4.0/,Jardel Leite,https://inaturalist-open-data.s3.amazonaws.com/photos/157044314/original.jpeg,k-brazil,2024-10-22 05:25:34
original_3408000412_1.jpg,2762309,Monotagma densiflorum,5.904,"Thalurania glaucopis (J.F.Gmelin, 1788)",2476548,-22.953733,-43.295193,2420.0,SOUTH_AMERICA,Rio de Janeiro,,,,2017-08-05T12:12,False,Rogerio Dias,iNaturalist,http://creativecommons.org/licenses/by-nc/4.0/,Rogerio Dias,https://inaturalist-open-data.s3.amazonaws.com/photos/112781400/original.jpg; https://inaturalist-open-data.s3.amazonaws.com/photos/112781407/original.jpg; https://inaturalist-open-data.s3.amazonaws.com/photos/112781416/original.jpg,k-brazil,2024-10-22 05:25:39
original_3408000412_2.jpg,2760947,Heliconia acuminata,3.157,"Thalurania glaucopis (J.F.Gmelin, 1788)",2476548,-22.953733,-43.295193,2420.0,SOUTH_AMERICA,Rio de Janeiro,,,,2017-08-05T12:12,False,Rogerio Dias,iNaturalist,http://creativecommons.org/licenses/by-nc/4.0/,Rogerio Dias,https://inaturalist-open-data.s3.amazonaws.com/photos/112781400/original.jpg; https://inaturalist-open-data.s3.amazonaws.com/photos/112781407/original.jpg; https://inaturalist-open-data.s3.amazonaws.com/photos/112781416/original.jpg,k-brazil,2024-10-22 05:25:41
original_3408000412_3.jpg,2760947,Heliconia acuminata,6.486,"Thalurania glaucopis (J.F.Gmelin, 1788)",2476548,-22.953733,-43.295193,2420.0,SOUTH_AMERICA,Rio de Janeiro,,,,2017-08-05T12:12,False,Rogerio Dias,iNaturalist,http://creativecommons.org/licenses/by-nc/4.0/,Rogerio Dias,https://inaturalist-open-data.s3.amazonaws.com/photos/112781400/original.jpg; https://inaturalist-open-data.s3.amazonaws.com/photos/112781407/original.jpg; https://inaturalist-open-data.s3.amazonaws.com/photos/112781416/original.jpg,k-brazil,2024-10-22 05:25:44
original_3408004416_1.jpeg,5830619,Dolichandra unguis-cati,0.8659999999999999,"Thalurania glaucopis (J.F.Gmelin, 1788)",2476548,-23.4,-45.0,90.0,SOUTH_AMERICA,São Paulo,,,,2021-04-04T17:52:42,False,Gabriel Villa,iNaturalist,http://creativecommons.org/licenses/by-nc/4.0/,Gabriel Villa,https://inaturalist-open-data.s3.amazonaws.com/photos/119002668/original.jpeg,k-brazil,2024-10-22 05:25:48
original_3408004982_1.jpeg,4092242,Handroanthus impetiginosus,3.528,"Thalurania glaucopis (J.F.Gmelin, 1788)",2476548,-25.534031,-54.133812,202.0,SOUTH_AMERICA,Misiones,,,,2021-10-22T17:25,False,Gonzalo Diaz,iNaturalist,http://creativecommons.org/licenses/by-nc/4.0/,Gonzalo Diaz,https://inaturalist-open-data.s3.amazonaws.com/photos/166775238/original.jpeg; https://inaturalist-open-data.s3.amazonaws.com/photos/166775261/original.jpeg,k-southern-south-america,2024-10-22 05:25:51
original_3408040403_3.jpg,6029771,Helicteres baruensis,2.2009999999999996,"Thalurania glaucopis (J.F.Gmelin, 1788)",2476548,-22.953733,-43.295193,2420.0,SOUTH_AMERICA,Rio de Janeiro,,,,2017-09-23T12:41,False,Rogerio Dias,iNaturalist,http://creativecommons.org/licenses/by-nc/4.0/,Rogerio Dias,https://inaturalist-open-data.s3.amazonaws.com/photos/112929549/original.jpg; https://inaturalist-open-data.s3.amazonaws.com/photos/112929563/original.jpg; https://inaturalist-open-data.s3.amazonaws.com/photos/112929569/original.jpg; https://inaturalist-open-data.s3.amazonaws.com/photos/112929586/original.jpg; https://inaturalist-open-data.s3.amazonaws.com/photos/112929606/original.jpg,k-brazil,2024-10-22 05:26:02
original_3408040403_5.jpg,3686060,Chaunochiton kappleri,0.697,"Thalurania glaucopis (J.F.Gmelin, 1788)",2476548,-22.953733,-43.295193,2420.0,SOUTH_AMERICA,Rio de Janeiro,,,,2017-09-23T12:41,False,Rogerio Dias,iNaturalist,http://creativecommons.org/licenses/by-nc/4.0/,Rogerio Dias,https://inaturalist-open-data.s3.amazonaws.com/photos/112929549/original.jpg; https://inaturalist-open-data.s3.amazonaws.com/photos/112929563/original.jpg; https://inaturalist-open-data.s3.amazonaws.com/photos/112929569/original.jpg; https://inaturalist-open-data.s3.amazonaws.com/photos/112929586/original.jpg; https://inaturalist-open-data.s3.amazonaws.com/photos/112929606/original.jpg,k-brazil,2024-10-22 05:26:06
original_3408043251_1.jpg,3191272,Galphimia gracilis,34.915,"Thalurania glaucopis (J.F.Gmelin, 1788)",2476548,-22.920909,-43.269171,49.0,SOUTH_AMERICA,Rio de Janeiro,,,,2021-11-03T14:59,False,Claudio Martins de Souza,iNaturalist,http://creativecommons.org/licenses/by-nc/4.0/,Claudio Martins de Souza,https://inaturalist-open-data.s3.amazonaws.com/photos/167302022/original.jpg,k-brazil,2024-10-22 05:26:09
original_3408072366_1.jpeg,2907406,Chiococca alba,8.011,"Thalurania glaucopis (J.F.Gmelin, 1788)",2476548,-23.230635,-46.955926,1993.0,SOUTH_AMERICA,São Paulo,,,,2015-01-08T09:53,False,Augusto Rosa,iNaturalist,http://creativecommons.org/licenses/by-nc/4.0/,Augusto Rosa,https://inaturalist-open-data.s3.amazonaws.com/photos/80415826/original.jpeg,k-brazil,2024-10-22 05:26:12
original_3408119395_1.jpeg,2698460,Aechmea pineliana,35.246,"Thalurania glaucopis (J.F.Gmelin, 1788)",2476548,-20.765178,-42.859874,4.0,SOUTH_AMERICA,Minas Gerais,,,,2019-09-04T16:47,False,Orlando Vital,iNaturalist,http://creativecommons.org/licenses/by-nc/4.0/,Orlando Vital,https://inaturalist-open-data.s3.amazonaws.com/photos/88091681/original.jpeg; https://inaturalist-open-data.s3.amazonaws.com/photos/88092004/original.jpeg,k-brazil,2024-10-22 05:26:19
original_3408119395_2.jpeg,2698460,Aechmea pineliana,36.653999999999996,"Thalurania glaucopis (J.F.Gmelin, 1788)",2476548,-20.765178,-42.859874,4.0,SOUTH_AMERICA,Minas Gerais,,,,2019-09-04T16:47,False,Orlando Vital,iNaturalist,http://creativecommons.org/licenses/by-nc/4.0/,Orlando Vital,https://inaturalist-open-data.s3.amazonaws.com/photos/88091681/original.jpeg; https://inaturalist-open-data.s3.amazonaws.com/photos/88092004/original.jpeg,k-brazil,2024-10-22 05:26:21
original_3408130409_2.jpeg,2896544,Gonzalagunia hirsuta,1.01,"Thalurania glaucopis (J.F.Gmelin, 1788)",2476548,-23.766349,-47.070719,274.0,SOUTH_AMERICA,São Paulo,,,,2020-04-04T11:34,False,Juliana Gatti Pereira Rodrigues,iNaturalist,http://creativecommons.org/licenses/by-nc/4.0/,Juliana Gatti Pereira Rodrigues,https://inaturalist-open-data.s3.amazonaws.com/photos/116423052/original.jpeg; https://inaturalist-open-data.s3.amazonaws.com/photos/116423078/original.jpeg,k-brazil,2024-10-22 05:26:25
original_3408156400_1.jpeg,5333937,Micropholis venulosa,0.7849999999999999,"Thalurania glaucopis (J.F.Gmelin, 1788)",2476548,-20.22349,-43.484892,5270.0,SOUTH_AMERICA,Minas Gerais,,,,2015-03-13T19:47,False,Henrique C. Costa,iNaturalist,http://creativecommons.org/licenses/by-nc/4.0/,Henrique C. Costa,https://inaturalist-open-data.s3.amazonaws.com/photos/108503730/original.jpeg,k-brazil,2024-10-22 05:26:28
original_3408201460_1.jpg,5349528,Erythrina speciosa,47.713,"Thalurania glaucopis (J.F.Gmelin, 1788)",2476548,-22.953733,-43.295193,2420.0,SOUTH_AMERICA,Rio de Janeiro,,,,2021-07-03T12:35,False,Rogerio Dias,iNaturalist,http://creativecommons.org/licenses/by-nc/4.0/,Rogerio Dias,https://inaturalist-open-data.s3.amazonaws.com/photos/140782240/original.jpg,k-brazil,2024-10-22 05:26:31
original_3408206945_1.jpeg,5416458,Eugenia uniflora,2.395,"Thalurania glaucopis (J.F.Gmelin, 1788)",2476548,-22.262549,-43.011819,4.0,SOUTH_AMERICA,Rio de Janeiro,,,,2021-10-31T10:48,False,claudia_mermelstein,iNaturalist,http://creativecommons.org/licenses/by-nc/4.0/,claudia_mermelstein,https://inaturalist-open-data.s3.amazonaws.com/photos/166679036/original.jpeg; https://inaturalist-open-data.s3.amazonaws.com/photos/166679061/original.jpeg; https://inaturalist-open-data.s3.amazonaws.com/photos/166679107/original.jpeg; https://inaturalist-open-data.s3.amazonaws.com/photos/166679129/original.jpeg; https://inaturalist-open-data.s3.amazonaws.com/photos/166679151/original.jpeg,k-brazil,2024-10-22 05:26:35
original_3408206945_2.jpeg,2695068,Tillandsia stricta,67.188,"Thalurania glaucopis (J.F.Gmelin, 1788)",2476548,-22.262549,-43.011819,4.0,SOUTH_AMERICA,Rio de Janeiro,,,,2021-10-31T10:48,False,claudia_mermelstein,iNaturalist,http://creativecommons.org/licenses/by-nc/4.0/,claudia_mermelstein,https://inaturalist-open-data.s3.amazonaws.com/photos/166679036/original.jpeg; https://inaturalist-open-data.s3.amazonaws.com/photos/166679061/original.jpeg; https://inaturalist-open-data.s3.amazonaws.com/photos/166679107/original.jpeg; https://inaturalist-open-data.s3.amazonaws.com/photos/166679129/original.jpeg; https://inaturalist-open-data.s3.amazonaws.com/photos/166679151/original.jpeg,k-brazil,2024-10-22 05:26:37
original_3408206945_3.jpeg,3054262,Crateva tapia,1.225,"Thalurania glaucopis (J.F.Gmelin, 1788)",2476548,-22.262549,-43.011819,4.0,SOUTH_AMERICA,Rio de Janeiro,,,,2021-10-31T10:48,False,claudia_mermelstein,iNaturalist,http://creativecommons.org/licenses/by-nc/4.0/,claudia_mermelstein,https://inaturalist-open-data.s3.amazonaws.com/photos/166679036/original.jpeg; https://inaturalist-open-data.s3.amazonaws.com/photos/166679061/original.jpeg; https://inaturalist-open-data.s3.amazonaws.com/photos/166679107/original.jpeg; https://inaturalist-open-data.s3.amazonaws.com/photos/166679129/original.jpeg; https://inaturalist-open-data.s3.amazonaws.com/photos/166679151/original.jpeg,k-brazil,2024-10-22 05:26:40
original_3408206945_4.jpeg,5416458,Eugenia uniflora,1.566,"Thalurania glaucopis (J.F.Gmelin, 1788)",2476548,-22.262549,-43.011819,4.0,SOUTH_AMERICA,Rio de Janeiro,,,,2021-10-31T10:48,False,claudia_mermelstein,iNaturalist,http://creativecommons.org/licenses/by-nc/4.0/,claudia_mermelstein,https://inaturalist-open-data.s3.amazonaws.com/photos/166679036/original.jpeg; https://inaturalist-open-data.s3.amazonaws.com/photos/166679061/original.jpeg; https://inaturalist-open-data.s3.amazonaws.com/photos/166679107/original.jpeg; https://inaturalist-open-data.s3.amazonaws.com/photos/166679129/original.jpeg; https://inaturalist-open-data.s3.amazonaws.com/photos/166679151/original.jpeg,k-brazil,2024-10-22 05:26:42
original_3408206945_5.jpeg,2695068,Tillandsia stricta,30.953999999999997,"Thalurania glaucopis (J.F.Gmelin, 1788)",2476548,-22.262549,-43.011819,4.0,SOUTH_AMERICA,Rio de Janeiro,,,,2021-10-31T10:48,False,claudia_mermelstein,iNaturalist,http://creativecommons.org/licenses/by-nc/4.0/,claudia_mermelstein,https://inaturalist-open-data.s3.amazonaws.com/photos/166679036/original.jpeg; https://inaturalist-open-data.s3.amazonaws.com/photos/166679061/original.jpeg; https://inaturalist-open-data.s3.amazonaws.com/photos/166679107/original.jpeg; https://inaturalist-open-data.s3.amazonaws.com/photos/166679129/original.jpeg; https://inaturalist-open-data.s3.amazonaws.com/photos/166679151/original.jpeg,k-brazil,2024-10-22 05:26:45
original_3408215327_1.jpeg,2943558,Pentaclethra macroloba,3.916,"Thalurania glaucopis (J.F.Gmelin, 1788)",2476548,-23.762857,-45.73078,3686.0,SOUTH_AMERICA,São Paulo,,,,2019-08-25,False,ranirc,iNaturalist,http://creativecommons.org/licenses/by-nc/4.0/,ranirc,https://inaturalist-open-data.s3.amazonaws.com/photos/49328744/original.jpeg,k-brazil,2024-10-22 05:26:47
original_3415355485_1.jpg,3152597,Hibiscus striatus,11.397,"Thalurania glaucopis (J.F.Gmelin, 1788)",2476548,-28.027253,-48.618951,2101.0,SOUTH_AMERICA,Santa Catarina,,,,2020-11-02T08:40,False,jairo ortiz,iNaturalist,http://creativecommons.org/licenses/by-nc/4.0/,jairo ortiz,https://inaturalist-open-data.s3.amazonaws.com/photos/104007584/original.jpg,k-brazil,2024-10-22 05:26:50
original_3415414959_1.jpeg,4142909,Rhipidocladum racemiflorum,53.905,"Thalurania glaucopis (J.F.Gmelin, 1788)",2476548,-25.528355,-54.137104,202.0,SOUTH_AMERICA,Misiones,,,,2021-10-22T10:27,False,Abril Gonzalez Navarro,iNaturalist,http://creativecommons.org/licenses/by-nc/4.0/,Abril Gonzalez Navarro,https://inaturalist-open-data.s3.amazonaws.com/photos/166220335/original.jpeg,k-southern-south-america,2024-10-22 05:26:57
original_3415437317_1.jpeg,3169679,Hancornia speciosa,12.386,"Thalurania glaucopis (J.F.Gmelin, 1788)",2476548,-28.46137,-48.793483,4.0,SOUTH_AMERICA,Santa Catarina,,,,2014-07-16,False,marcia_kurtz,iNaturalist,http://creativecommons.org/licenses/by-nc/4.0/,marcia_kurtz,https://inaturalist-open-data.s3.amazonaws.com/photos/11951529/original.jpeg; https://inaturalist-open-data.s3.amazonaws.com/photos/25764118/original.jpeg,k-brazil,2024-10-22 05:26:59
original_3415437317_2.jpeg,3152052,Apeiba tibourbou,18.956,"Thalurania glaucopis (J.F.Gmelin, 1788)",2476548,-28.46137,-48.793483,4.0,SOUTH_AMERICA,Santa Catarina,,,,2014-07-16,False,marcia_kurtz,iNaturalist,http://creativecommons.org/licenses/by-nc/4.0/,marcia_kurtz,https://inaturalist-open-data.s3.amazonaws.com/photos/11951529/original.jpeg; https://inaturalist-open-data.s3.amazonaws.com/photos/25764118/original.jpeg,k-brazil,2024-10-22 05:27:01
original_3415625232_1.jpg,7316860,Aspidosperma quebracho-blanco,1.526,"Thalurania glaucopis (J.F.Gmelin, 1788)",2476548,-25.578828,-54.538505,5.0,SOUTH_AMERICA,Paraná,,,,2021-11-23T17:02:37,False,Ben P,iNaturalist,http://creativecommons.org/licenses/by/4.0/,Ben P,https://inaturalist-open-data.s3.amazonaws.com/photos/170080319/original.jpg; https://inaturalist-open-data.s3.amazonaws.com/photos/170080326/original.jpg,k-southern-south-america,2024-10-22 05:27:05
original_3415625232_2.jpg,5290129,Tragus berteronianus,19.537,"Thalurania glaucopis (J.F.Gmelin, 1788)",2476548,-25.578828,-54.538505,5.0,SOUTH_AMERICA,Paraná,,,,2021-11-23T17:02:37,False,Ben P,iNaturalist,http://creativecommons.org/licenses/by/4.0/,Ben P,https://inaturalist-open-data.s3.amazonaws.com/photos/170080319/original.jpg; https://inaturalist-open-data.s3.amazonaws.com/photos/170080326/original.jpg,k-southern-south-america,2024-10-22 05:27:08
original_3415635690_2.jpeg,5321877,Ionopsis utricularioides,1.949,"Thalurania glaucopis (J.F.Gmelin, 1788)",2476548,-22.481452,-42.661118,1275.0,SOUTH_AMERICA,Rio de Janeiro,,,,2011-10-27T20:44Z,False,inlandbirder,iNaturalist,http://creativecommons.org/licenses/by-nc/4.0/,inlandbirder,https://inaturalist-open-data.s3.amazonaws.com/photos/167933115/original.jpeg; https://inaturalist-open-data.s3.amazonaws.com/photos/167933142/original.jpeg; https://inaturalist-open-data.s3.amazonaws.com/photos/167933178/original.jpeg; https://inaturalist-open-data.s3.amazonaws.com/photos/167933207/original.jpeg; https://inaturalist-open-data.s3.amazonaws.com/photos/167933239/original.jpeg,k-brazil,2024-10-22 05:27:12
original_3415635690_5.jpeg,5331145,Casearia aculeata,5.3740000000000006,"Thalurania glaucopis (J.F.Gmelin, 1788)",2476548,-22.481452,-42.661118,1275.0,SOUTH_AMERICA,Rio de Janeiro,,,,2011-10-27T20:44Z,False,inlandbirder,iNaturalist,http://creativecommons.org/licenses/by-nc/4.0/,inlandbirder,https://inaturalist-open-data.s3.amazonaws.com/photos/167933115/original.jpeg; https://inaturalist-open-data.s3.amazonaws.com/photos/167933142/original.jpeg; https://inaturalist-open-data.s3.amazonaws.com/photos/167933178/original.jpeg; https://inaturalist-open-data.s3.amazonaws.com/photos/167933207/original.jpeg; https://inaturalist-open-data.s3.amazonaws.com/photos/167933239/original.jpeg,k-brazil,2024-10-22 05:27:18
original_3415672465_1.jpg,2736300,Phytelephas macrocarpa,6.0409999999999995,"Thalurania glaucopis (J.F.Gmelin, 1788)",2476548,-26.824759,-49.015596,29798.0,SOUTH_AMERICA,Santa Catarina,,,,2019-07-02T10:15,False,Liu Idárraga Orozco,iNaturalist,http://creativecommons.org/licenses/by-nc/4.0/,Liu Idárraga Orozco,https://inaturalist-open-data.s3.amazonaws.com/photos/94143566/original.jpg; https://inaturalist-open-data.s3.amazonaws.com/photos/94143576/original.jpg,k-brazil,2024-10-22 05:27:21
original_3415672465_2.jpg,2650905,Oleandra articulata,16.359,"Thalurania glaucopis (J.F.Gmelin, 1788)",2476548,-26.824759,-49.015596,29798.0,SOUTH_AMERICA,Santa Catarina,,,,2019-07-02T10:15,False,Liu Idárraga Orozco,iNaturalist,http://creativecommons.org/licenses/by-nc/4.0/,Liu Idárraga Orozco,https://inaturalist-open-data.s3.amazonaws.com/photos/94143566/original.jpg; https://inaturalist-open-data.s3.amazonaws.com/photos/94143576/original.jpg,k-brazil,2024-10-22 05:27:24
original_3455449305_1.jpeg,4004147,Tripodanthus acutifolius,10.174999999999999,"Thalurania glaucopis (J.F.Gmelin, 1788)",2476548,-22.290647,-43.926023,1945.0,SOUTH_AMERICA,Rio de Janeiro,,,,2012-09-22T14:21,False,Cida Werneck,iNaturalist,http://creativecommons.org/licenses/by-nc/4.0/,Cida Werneck,https://inaturalist-open-data.s3.amazonaws.com/photos/171755007/original.jpeg,k-brazil,2024-10-22 05:27:36
original_3455455578_1.jpg,3190638,Mangifera indica,10.127,"Thalurania glaucopis (J.F.Gmelin, 1788)",2476548,-22.383512,-46.943691,321.0,SOUTH_AMERICA,São Paulo,,,,2021-11-26T14:35,False,Rodrigo Secolin,iNaturalist,http://creativecommons.org/licenses/by-nc/4.0/,Rodrigo Secolin,https://inaturalist-open-data.s3.amazonaws.com/photos/170329217/original.jpeg; https://inaturalist-open-data.s3.amazonaws.com/photos/170329232/original.jpg; https://inaturalist-open-data.s3.amazonaws.com/photos/170329235/original.jpg; https://inaturalist-open-data.s3.amazonaws.com/photos/170329238/original.jpg,k-brazil,2024-10-22 05:27:38
original_3455455578_2.jpg,3190638,Mangifera indica,17.374000000000002,"Thalurania glaucopis (J.F.Gmelin, 1788)",2476548,-22.383512,-46.943691,321.0,SOUTH_AMERICA,São Paulo,,,,2021-11-26T14:35,False,Rodrigo Secolin,iNaturalist,http://creativecommons.org/licenses/by-nc/4.0/,Rodrigo Secolin,https://inaturalist-open-data.s3.amazonaws.com/photos/170329217/original.jpeg; https://inaturalist-open-data.s3.amazonaws.com/photos/170329232/original.jpg; https://inaturalist-open-data.s3.amazonaws.com/photos/170329235/original.jpg; https://inaturalist-open-data.s3.amazonaws.com/photos/170329238/original.jpg,k-brazil,2024-10-22 05:27:39
original_3455455578_3.jpeg,3190638,Mangifera indica,13.319,"Thalurania glaucopis (J.F.Gmelin, 1788)",2476548,-22.383512,-46.943691,321.0,SOUTH_AMERICA,São Paulo,,,,2021-11-26T14:35,False,Rodrigo Secolin,iNaturalist,http://creativecommons.org/licenses/by-nc/4.0/,Rodrigo Secolin,https://inaturalist-open-data.s3.amazonaws.com/photos/170329217/original.jpeg; https://inaturalist-open-data.s3.amazonaws.com/photos/170329232/original.jpg; https://inaturalist-open-data.s3.amazonaws.com/photos/170329235/original.jpg; https://inaturalist-open-data.s3.amazonaws.com/photos/170329238/original.jpg,k-brazil,2024-10-22 05:27:41
original_3455455578_4.jpg,3190638,Mangifera indica,13.991000000000001,"Thalurania glaucopis (J.F.Gmelin, 1788)",2476548,-22.383512,-46.943691,321.0,SOUTH_AMERICA,São Paulo,,,,2021-11-26T14:35,False,Rodrigo Secolin,iNaturalist,http://creativecommons.org/licenses/by-nc/4.0/,Rodrigo Secolin,https://inaturalist-open-data.s3.amazonaws.com/photos/170329217/original.jpeg; https://inaturalist-open-data.s3.amazonaws.com/photos/170329232/original.jpg; https://inaturalist-open-data.s3.amazonaws.com/photos/170329235/original.jpg; https://inaturalist-open-data.s3.amazonaws.com/photos/170329238/original.jpg,k-brazil,2024-10-22 05:27:43
original_3455658106_1.jpg,3169652,Cascabela thevetia,0.6629999999999999,"Thalurania glaucopis (J.F.Gmelin, 1788)",2476548,-20.471937,-40.995749,1454.0,SOUTH_AMERICA,Espírito Santo,,,,2018-09-18T14:32,False,Leonardo Merçon,iNaturalist,http://creativecommons.org/licenses/by-nc/4.0/,Leonardo Merçon,https://inaturalist-open-data.s3.amazonaws.com/photos/173632858/original.jpg,k-brazil,2024-10-22 05:27:44
original_3455924024_1.jpeg,5289756,Phalaris arundinacea,1.7870000000000001,"Thalurania glaucopis (J.F.Gmelin, 1788)",2476548,-20.036879,-43.876774,1513.0,SOUTH_AMERICA,Minas Gerais,,,,2021-12-21T08:55,False,Paulo Gonçalves Carvalho,iNaturalist,http://creativecommons.org/licenses/by-nc/4.0/,Paulo Gonçalves Carvalho,https://inaturalist-open-data.s3.amazonaws.com/photos/173325862/original.jpeg,k-brazil,2024-10-22 05:27:52
original_3456071345_1.jpg,3169012,Hippocratea volubilis,1.314,"Thalurania glaucopis (J.F.Gmelin, 1788)",2476548,-25.600346,-54.568585,,SOUTH_AMERICA,Misiones,,,,2021-12-28T16:20,False,Diego Kondratzky,iNaturalist,http://creativecommons.org/licenses/by-nc/4.0/,Diego Kondratzky,https://inaturalist-open-data.s3.amazonaws.com/photos/175385689/original.jpg,k-southern-south-america,2024-10-22 05:27:54
original_3456340988_1.jpg,2874484,Carica papaya,98.746,"Thalurania glaucopis (J.F.Gmelin, 1788)",2476548,-21.775433,-46.471812,15.0,SOUTH_AMERICA,Minas Gerais,,,,2022-01-10T09:31,False,Pedro Lotti Carvalho Dias,iNaturalist,http://creativecommons.org/licenses/by-nc/4.0/,Pedro Lotti Carvalho Dias,https://inaturalist-open-data.s3.amazonaws.com/photos/175565396/original.jpg; https://inaturalist-open-data.s3.amazonaws.com/photos/175566668/original.jpg,k-brazil,2024-10-22 05:27:59
original_3456340988_2.jpg,2874484,Carica papaya,97.024,"Thalurania glaucopis (J.F.Gmelin, 1788)",2476548,-21.775433,-46.471812,15.0,SOUTH_AMERICA,Minas Gerais,,,,2022-01-10T09:31,False,Pedro Lotti Carvalho Dias,iNaturalist,http://creativecommons.org/licenses/by-nc/4.0/,Pedro Lotti Carvalho Dias,https://inaturalist-open-data.s3.amazonaws.com/photos/175565396/original.jpg; https://inaturalist-open-data.s3.amazonaws.com/photos/175566668/original.jpg,k-brazil,2024-10-22 05:28:00
original_3456342281_1.jpg,4130564,Chusquea pinifolia,4.999,"Thalurania glaucopis (J.F.Gmelin, 1788)",2476548,-20.474782,-40.992099,2016.0,SOUTH_AMERICA,Espírito Santo,,,,2019-09-30T11:02,False,Leonardo Merçon,iNaturalist,http://creativecommons.org/licenses/by-nc/4.0/,Leonardo Merçon,https://inaturalist-open-data.s3.amazonaws.com/photos/173744253/original.jpg,k-brazil,2024-10-22 05:28:02
original_3456384233_1.jpg,7304860,Piper arboreum,2.4299999999999997,"Thalurania glaucopis (J.F.Gmelin, 1788)",2476548,-25.600326,-54.568596,198.0,SOUTH_AMERICA,Misiones,,,,2012-07-11T15:02,False,Luca Boscain,iNaturalist,http://creativecommons.org/licenses/by-nc/4.0/,Luca Boscain,https://inaturalist-open-data.s3.amazonaws.com/photos/171666100/original.jpg,k-southern-south-america,2024-10-22 05:28:04
original_3456782689_1.jpeg,2982058,Calliandra tweediei,51.563,"Thalurania glaucopis (J.F.Gmelin, 1788)",2476548,-29.530591,-50.245399,246.0,SOUTH_AMERICA,Rio Grande do Sul,,,,2021-12-31T09:19:16,False,Guillermo Andreo,iNaturalist,http://creativecommons.org/licenses/by-nc/4.0/,Guillermo Andreo,https://inaturalist-open-data.s3.amazonaws.com/photos/174620502/original.jpeg; https://inaturalist-open-data.s3.amazonaws.com/photos/174620542/original.jpeg,k-brazil,2024-10-22 05:28:11
original_3456782689_2.jpeg,2982058,Calliandra tweediei,41.004000000000005,"Thalurania glaucopis (J.F.Gmelin, 1788)",2476548,-29.530591,-50.245399,246.0,SOUTH_AMERICA,Rio Grande do Sul,,,,2021-12-31T09:19:16,False,Guillermo Andreo,iNaturalist,http://creativecommons.org/licenses/by-nc/4.0/,Guillermo Andreo,https://inaturalist-open-data.s3.amazonaws.com/photos/174620502/original.jpeg; https://inaturalist-open-data.s3.amazonaws.com/photos/174620542/original.jpeg,k-brazil,2024-10-22 05:28:13
original_3456897362_1.jpeg,8688929,Ceiba speciosa,3.392,"Thalurania glaucopis (J.F.Gmelin, 1788)",2476548,-25.534031,-54.133812,202.0,SOUTH_AMERICA,Misiones,,,,2021-10-22T10:27,False,Gonzalo Diaz,iNaturalist,http://creativecommons.org/licenses/by-nc/4.0/,Gonzalo Diaz,https://inaturalist-open-data.s3.amazonaws.com/photos/166728678/original.jpeg,k-southern-south-america,2024-10-22 05:28:15
original_3456933842_1.jpg,3172490,Tecomaria capensis,1.997,"Thalurania glaucopis (J.F.Gmelin, 1788)",2476548,-25.600326,-54.568596,198.0,SOUTH_AMERICA,Misiones,,,,2012-07-07T15:48,False,Luca Boscain,iNaturalist,http://creativecommons.org/licenses/by-nc/4.0/,Luca Boscain,https://inaturalist-open-data.s3.amazonaws.com/photos/171405830/original.jpg; https://inaturalist-open-data.s3.amazonaws.com/photos/171407495/original.jpg,k-southern-south-america,2024-10-22 05:28:17
original_3456933842_2.jpg,7298689,Cybistax antisyphilitica,2.6630000000000003,"Thalurania glaucopis (J.F.Gmelin, 1788)",2476548,-25.600326,-54.568596,198.0,SOUTH_AMERICA,Misiones,,,,2012-07-07T15:48,False,Luca Boscain,iNaturalist,http://creativecommons.org/licenses/by-nc/4.0/,Luca Boscain,https://inaturalist-open-data.s3.amazonaws.com/photos/171405830/original.jpg; https://inaturalist-open-data.s3.amazonaws.com/photos/171407495/original.jpg,k-southern-south-america,2024-10-22 05:28:19
original_3457057526_1.jpeg,Unknown,Unknown,0,"Thalurania glaucopis (J.F.Gmelin, 1788)",2476548,-29.766144,-53.496429,12735.0,SOUTH_AMERICA,Rio Grande do Sul,,,,2021-08-07T08:35,False,Rejane Z,iNaturalist,http://creativecommons.org/licenses/by-nc/4.0/,Rejane Z,https://inaturalist-open-data.s3.amazonaws.com/photos/176259792/original.jpeg,k-brazil,2024-10-22 05:28:21
original_3457077704_1.jpg,4931838,Amphilophium crucigerum,1.4489999999999998,"Thalurania glaucopis (J.F.Gmelin, 1788)",2476548,-25.600346,-54.568585,,SOUTH_AMERICA,Misiones,,,,2021-12-28T15:57,False,Diego Kondratzky,iNaturalist,http://creativecommons.org/licenses/by-nc/4.0/,Diego Kondratzky,https://inaturalist-open-data.s3.amazonaws.com/photos/175320482/original.jpg,k-southern-south-america,2024-10-22 05:28:23
original_3457123362_1.jpg,3778625,Pachystachys lutea,6.603000000000001,"Thalurania glaucopis (J.F.Gmelin, 1788)",2476548,-20.471937,-40.995749,1454.0,SOUTH_AMERICA,Espírito Santo,,,,2018-09-18T08:51,False,Leonardo Merçon,iNaturalist,http://creativecommons.org/licenses/by-nc/4.0/,Leonardo Merçon,https://inaturalist-open-data.s3.amazonaws.com/photos/173632761/original.jpg,k-brazil,2024-10-22 05:28:25
original_3465968214_1.jpeg,2981824,Calliandra parvifolia,25.507999999999996,"Thalurania glaucopis (J.F.Gmelin, 1788)",2476548,-29.530591,-50.245399,246.0,SOUTH_AMERICA,Rio Grande do Sul,,,,2022-01-19T08:14:04,False,Guillermo Andreo,iNaturalist,http://creativecommons.org/licenses/by-nc/4.0/,Guillermo Andreo,https://inaturalist-open-data.s3.amazonaws.com/photos/177023903/original.jpeg,k-brazil,2024-10-22 05:28:30
original_3466083271_1.jpeg,9250677,Homalolepis cedron,1.6129999999999998,"Thalurania glaucopis (J.F.Gmelin, 1788)",2476548,-28.632027,-49.506856,4.0,SOUTH_AMERICA,Santa Catarina,,,,2020-10-30T07:07,False,João Gava Just,iNaturalist,http://creativecommons.org/licenses/by-nc/4.0/,João Gava Just,https://inaturalist-open-data.s3.amazonaws.com/photos/177129256/original.jpeg,k-brazil,2024-10-22 05:28:32
original_3466114202_1.jpeg,5398421,Mikania micrantha,6.094,"Thalurania glaucopis (J.F.Gmelin, 1788)",2476548,-23.772695,-46.291079,8.0,SOUTH_AMERICA,São Paulo,,,,2022-01-15T11:54,False,miguelmagro,iNaturalist,http://creativecommons.org/licenses/by-nc/4.0/,miguelmagro,https://inaturalist-open-data.s3.amazonaws.com/photos/176918132/original.jpeg,k-brazil,2024-10-22 05:28:35
original_3466117265_1.jpeg,2981788,Calliandra selloi,18.717,"Thalurania glaucopis (J.F.Gmelin, 1788)",2476548,-29.530591,-50.245399,246.0,SOUTH_AMERICA,Rio Grande do Sul,,,,2022-01-18T15:20:19,False,Guillermo Andreo,iNaturalist,http://creativecommons.org/licenses/by-nc/4.0/,Guillermo Andreo,https://inaturalist-open-data.s3.amazonaws.com/photos/177034790/original.jpeg; https://inaturalist-open-data.s3.amazonaws.com/photos/177034800/original.jpeg; https://inaturalist-open-data.s3.amazonaws.com/photos/177034805/original.jpeg; https://inaturalist-open-data.s3.amazonaws.com/photos/177034814/original.jpeg,k-brazil,2024-10-22 05:28:37
original_3466117265_2.jpeg,2981788,Calliandra selloi,27.622999999999998,"Thalurania glaucopis (J.F.Gmelin, 1788)",2476548,-29.530591,-50.245399,246.0,SOUTH_AMERICA,Rio Grande do Sul,,,,2022-01-18T15:20:19,False,Guillermo Andreo,iNaturalist,http://creativecommons.org/licenses/by-nc/4.0/,Guillermo Andreo,https://inaturalist-open-data.s3.amazonaws.com/photos/177034790/original.jpeg; https://inaturalist-open-data.s3.amazonaws.com/photos/177034800/original.jpeg; https://inaturalist-open-data.s3.amazonaws.com/photos/177034805/original.jpeg; https://inaturalist-open-data.s3.amazonaws.com/photos/177034814/original.jpeg,k-brazil,2024-10-22 05:28:40
original_3466117265_3.jpeg,2981788,Calliandra selloi,30.558999999999997,"Thalurania glaucopis (J.F.Gmelin, 1788)",2476548,-29.530591,-50.245399,246.0,SOUTH_AMERICA,Rio Grande do Sul,,,,2022-01-18T15:20:19,False,Guillermo Andreo,iNaturalist,http://creativecommons.org/licenses/by-nc/4.0/,Guillermo Andreo,https://inaturalist-open-data.s3.amazonaws.com/photos/177034790/original.jpeg; https://inaturalist-open-data.s3.amazonaws.com/photos/177034800/original.jpeg; https://inaturalist-open-data.s3.amazonaws.com/photos/177034805/original.jpeg; https://inaturalist-open-data.s3.amazonaws.com/photos/177034814/original.jpeg,k-brazil,2024-10-22 05:28:43
original_3466117265_4.jpeg,2981788,Calliandra selloi,12.162,"Thalurania glaucopis (J.F.Gmelin, 1788)",2476548,-29.530591,-50.245399,246.0,SOUTH_AMERICA,Rio Grande do Sul,,,,2022-01-18T15:20:19,False,Guillermo Andreo,iNaturalist,http://creativecommons.org/licenses/by-nc/4.0/,Guillermo Andreo,https://inaturalist-open-data.s3.amazonaws.com/photos/177034790/original.jpeg; https://inaturalist-open-data.s3.amazonaws.com/photos/177034800/original.jpeg; https://inaturalist-open-data.s3.amazonaws.com/photos/177034805/original.jpeg; https://inaturalist-open-data.s3.amazonaws.com/photos/177034814/original.jpeg,k-brazil,2024-10-22 05:28:46
original_3466132234_1.jpg,2874574,Cucumis dipsaceus,1.036,"Thalurania glaucopis (J.F.Gmelin, 1788)",2476548,-25.2512,-49.697931,87.0,SOUTH_AMERICA,Paraná,,,,2021-10-10T16:22,False,paulocesaralexandre,iNaturalist,http://creativecommons.org/licenses/by-nc/4.0/,paulocesaralexandre,https://inaturalist-open-data.s3.amazonaws.com/photos/177947075/original.jpg; https://inaturalist-open-data.s3.amazonaws.com/photos/177947240/original.jpg; https://inaturalist-open-data.s3.amazonaws.com/photos/177947244/original.jpg,k-brazil,2024-10-22 05:28:48
original_3466132234_2.jpg,2874574,Cucumis dipsaceus,1.166,"Thalurania glaucopis (J.F.Gmelin, 1788)",2476548,-25.2512,-49.697931,87.0,SOUTH_AMERICA,Paraná,,,,2021-10-10T16:22,False,paulocesaralexandre,iNaturalist,http://creativecommons.org/licenses/by-nc/4.0/,paulocesaralexandre,https://inaturalist-open-data.s3.amazonaws.com/photos/177947075/original.jpg; https://inaturalist-open-data.s3.amazonaws.com/photos/177947240/original.jpg; https://inaturalist-open-data.s3.amazonaws.com/photos/177947244/original.jpg,k-brazil,2024-10-22 05:28:51
original_3466132234_3.jpg,2874574,Cucumis dipsaceus,15.748999999999999,"Thalurania glaucopis (J.F.Gmelin, 1788)",2476548,-25.2512,-49.697931,87.0,SOUTH_AMERICA,Paraná,,,,2021-10-10T16:22,False,paulocesaralexandre,iNaturalist,http://creativecommons.org/licenses/by-nc/4.0/,paulocesaralexandre,https://inaturalist-open-data.s3.amazonaws.com/photos/177947075/original.jpg; https://inaturalist-open-data.s3.amazonaws.com/photos/177947240/original.jpg; https://inaturalist-open-data.s3.amazonaws.com/photos/177947244/original.jpg,k-brazil,2024-10-22 05:28:54
original_3468666151_1.jpeg,2895345,Coffea arabica,49.958000000000006,"Thalurania glaucopis (J.F.Gmelin, 1788)",2476548,-12.585829,-41.448033,31.0,SOUTH_AMERICA,Bahia,,,,2018-10-11T12:53,False,BeSch,iNaturalist,http://creativecommons.org/licenses/by-nc/4.0/,BeSch,https://inaturalist-open-data.s3.amazonaws.com/photos/178723412/original.jpeg; https://inaturalist-open-data.s3.amazonaws.com/photos/178723417/original.jpeg; https://inaturalist-open-data.s3.amazonaws.com/photos/178723428/original.jpg,k-brazil,2024-10-22 05:29:02
original_3468666151_2.jpeg,8249932,Salvia splendens,65.265,"Thalurania glaucopis (J.F.Gmelin, 1788)",2476548,-12.585829,-41.448033,31.0,SOUTH_AMERICA,Bahia,,,,2018-10-11T12:53,False,BeSch,iNaturalist,http://creativecommons.org/licenses/by-nc/4.0/,BeSch,https://inaturalist-open-data.s3.amazonaws.com/photos/178723412/original.jpeg; https://inaturalist-open-data.s3.amazonaws.com/photos/178723417/original.jpeg; https://inaturalist-open-data.s3.amazonaws.com/photos/178723428/original.jpg,k-brazil,2024-10-22 05:29:04
original_3468666151_3.jpg,8249932,Salvia splendens,29.325000000000003,"Thalurania glaucopis (J.F.Gmelin, 1788)",2476548,-12.585829,-41.448033,31.0,SOUTH_AMERICA,Bahia,,,,2018-10-11T12:53,False,BeSch,iNaturalist,http://creativecommons.org/licenses/by-nc/4.0/,BeSch,https://inaturalist-open-data.s3.amazonaws.com/photos/178723412/original.jpeg; https://inaturalist-open-data.s3.amazonaws.com/photos/178723417/original.jpeg; https://inaturalist-open-data.s3.amazonaws.com/photos/178723428/original.jpg,k-brazil,2024-10-22 05:29:06
original_3468942828_1.jpg,3110446,Vernonanthura nudiflora,0.7979999999999999,"Thalurania glaucopis (J.F.Gmelin, 1788)",2476548,-13.010668,-41.372897,2140.0,SOUTH_AMERICA,Bahia,,,,2021-09-13,False,Luciano Bernardes,iNaturalist,http://creativecommons.org/licenses/by-nc/4.0/,Luciano Bernardes,https://inaturalist-open-data.s3.amazonaws.com/photos/178383716/original.jpg; https://inaturalist-open-data.s3.amazonaws.com/photos/178383725/original.jpg,k-brazil,2024-10-22 05:29:10
original_3468942828_2.jpg,5319849,Epidendrum flexuosum,1.098,"Thalurania glaucopis (J.F.Gmelin, 1788)",2476548,-13.010668,-41.372897,2140.0,SOUTH_AMERICA,Bahia,,,,2021-09-13,False,Luciano Bernardes,iNaturalist,http://creativecommons.org/licenses/by-nc/4.0/,Luciano Bernardes,https://inaturalist-open-data.s3.amazonaws.com/photos/178383716/original.jpg; https://inaturalist-open-data.s3.amazonaws.com/photos/178383725/original.jpg,k-brazil,2024-10-22 05:29:12
original_3499369708_1.jpg,2703912,Saccharum officinarum,3.997,"Thalurania glaucopis (J.F.Gmelin, 1788)",2476548,-21.744423,-46.686467,4.0,SOUTH_AMERICA,São Paulo,,,,2022-02-06T14:42,False,Pedro Lotti Carvalho Dias,iNaturalist,http://creativecommons.org/licenses/by-nc/4.0/,Pedro Lotti Carvalho Dias,https://inaturalist-open-data.s3.amazonaws.com/photos/179006263/original.jpg,k-brazil,2024-10-22 05:29:14
original_3499428296_1.jpeg,3169756,Nerium oleander,44.651,"Thalurania glaucopis (J.F.Gmelin, 1788)",2476548,-20.207653,-40.850645,74.0,SOUTH_AMERICA,Espírito Santo,,,,2021-04-19T12:53,False,rogeriotruglio,iNaturalist,http://creativecommons.org/licenses/by-nc/4.0/,rogeriotruglio,https://inaturalist-open-data.s3.amazonaws.com/photos/179435367/original.jpeg; https://inaturalist-open-data.s3.amazonaws.com/photos/179435657/original.jpeg,k-brazil,2024-10-22 05:29:19
original_3499428296_2.jpeg,5372914,Salix humboldtiana,4.859,"Thalurania glaucopis (J.F.Gmelin, 1788)",2476548,-20.207653,-40.850645,74.0,SOUTH_AMERICA,Espírito Santo,,,,2021-04-19T12:53,False,rogeriotruglio,iNaturalist,http://creativecommons.org/licenses/by-nc/4.0/,rogeriotruglio,https://inaturalist-open-data.s3.amazonaws.com/photos/179435367/original.jpeg; https://inaturalist-open-data.s3.amazonaws.com/photos/179435657/original.jpeg,k-brazil,2024-10-22 05:29:21
original_3698140545_1.jpeg,3169836,Allamanda cathartica,0.955,"Thalurania glaucopis (J.F.Gmelin, 1788)",2476548,-22.672203,-46.673371,203.0,SOUTH_AMERICA,São Paulo,,,,2020-03-15T15:23:02,False,MeireGodoi,iNaturalist,http://creativecommons.org/licenses/by-nc/4.0/,MeireGodoi,https://inaturalist-open-data.s3.amazonaws.com/photos/180008600/original.jpeg,k-brazil,2024-10-22 05:29:22
original_3705401569_2.jpg,3190638,Mangifera indica,1.214,"Thalurania glaucopis (J.F.Gmelin, 1788)",2476548,-22.96859,-43.227112,1.0,SOUTH_AMERICA,Rio de Janeiro,,,,2022-02-27T10:30,False,Paulo Henrique Signoretti,iNaturalist,http://creativecommons.org/licenses/by-nc/4.0/,Paulo Henrique Signoretti,https://inaturalist-open-data.s3.amazonaws.com/photos/180955320/original.jpg; https://inaturalist-open-data.s3.amazonaws.com/photos/180955335/original.jpg,k-brazil,2024-10-22 05:29:26
original_3705586530_1.jpg,2932944,Capsicum annuum,3.1460000000000004,"Thalurania glaucopis (J.F.Gmelin, 1788)",2476548,-23.144553,-44.167312,4.0,SOUTH_AMERICA,Rio de Janeiro,,,,2020-09-16T15:43,False,Bruno Siqueira,iNaturalist,http://creativecommons.org/licenses/by-nc/4.0/,Bruno Siqueira,https://inaturalist-open-data.s3.amazonaws.com/photos/180650354/original.jpg,k-brazil,2024-10-22 05:29:33
original_3712553534_2.jpeg,7274188,Banara guianensis,3.099,"Thalurania glaucopis (J.F.Gmelin, 1788)",2476548,-23.454286,-46.636028,196.0,SOUTH_AMERICA,São Paulo,,,,2022-03-01T12:38,False,Lucas Arjona,iNaturalist,http://creativecommons.org/licenses/by-nc/4.0/,Lucas Arjona,https://inaturalist-open-data.s3.amazonaws.com/photos/181544756/original.jpeg; https://inaturalist-open-data.s3.amazonaws.com/photos/181544764/original.jpeg; https://inaturalist-open-data.s3.amazonaws.com/photos/181544775/original.jpeg; https://inaturalist-open-data.s3.amazonaws.com/photos/181544790/original.jpeg,k-brazil,2024-10-22 05:29:39
original_3712553534_3.jpeg,5412613,Centropogon cornutus,9.863,"Thalurania glaucopis (J.F.Gmelin, 1788)",2476548,-23.454286,-46.636028,196.0,SOUTH_AMERICA,São Paulo,,,,2022-03-01T12:38,False,Lucas Arjona,iNaturalist,http://creativecommons.org/licenses/by-nc/4.0/,Lucas Arjona,https://inaturalist-open-data.s3.amazonaws.com/photos/181544756/original.jpeg; https://inaturalist-open-data.s3.amazonaws.com/photos/181544764/original.jpeg; https://inaturalist-open-data.s3.amazonaws.com/photos/181544775/original.jpeg; https://inaturalist-open-data.s3.amazonaws.com/photos/181544790/original.jpeg,k-brazil,2024-10-22 05:29:41
original_3743202749_1.jpeg,2792457,Polystachya concreta,0.329,"Thalurania glaucopis (J.F.Gmelin, 1788)",2476548,-22.3983,-42.4752,3000.0,SOUTH_AMERICA,Rio de Janeiro,,,,2013-09-21T08:57,False,Peter Taylor,iNaturalist,http://creativecommons.org/licenses/by-nc/4.0/,Peter Taylor,https://inaturalist-open-data.s3.amazonaws.com/photos/182628385/original.jpeg,k-brazil,2024-10-22 05:29:45
original_3743240476_1.jpeg,2695149,Tillandsia usneoides,1.756,"Thalurania glaucopis (J.F.Gmelin, 1788)",2476548,-22.4061,-42.4656,30.0,SOUTH_AMERICA,Rio de Janeiro,,,,2013-09-17T12:48,False,Peter Taylor,iNaturalist,http://creativecommons.org/licenses/by-nc/4.0/,Peter Taylor,https://inaturalist-open-data.s3.amazonaws.com/photos/182457694/original.jpeg; https://inaturalist-open-data.s3.amazonaws.com/photos/182457706/original.jpeg; https://inaturalist-open-data.s3.amazonaws.com/photos/182457726/original.jpeg; https://inaturalist-open-data.s3.amazonaws.com/photos/182457733/original.jpeg,k-brazil,2024-10-22 05:29:47
original_3743240476_2.jpeg,5421144,Dodonaea viscosa,1.24,"Thalurania glaucopis (J.F.Gmelin, 1788)",2476548,-22.4061,-42.4656,30.0,SOUTH_AMERICA,Rio de Janeiro,,,,2013-09-17T12:48,False,Peter Taylor,iNaturalist,http://creativecommons.org/licenses/by-nc/4.0/,Peter Taylor,https://inaturalist-open-data.s3.amazonaws.com/photos/182457694/original.jpeg; https://inaturalist-open-data.s3.amazonaws.com/photos/182457706/original.jpeg; https://inaturalist-open-data.s3.amazonaws.com/photos/182457726/original.jpeg; https://inaturalist-open-data.s3.amazonaws.com/photos/182457733/original.jpeg,k-brazil,2024-10-22 05:29:48
original_3747065238_1.jpg,7309398,Vitex megapotamica,2.366,"Thalurania glaucopis (J.F.Gmelin, 1788)",2476548,-25.594661,-54.578253,488.0,SOUTH_AMERICA,Misiones,,,,2022-03-12T18:18,False,Franco,iNaturalist,http://creativecommons.org/licenses/by-nc/4.0/,Franco,https://inaturalist-open-data.s3.amazonaws.com/photos/184499527/original.jpg,k-southern-south-america,2024-10-22 05:29:58
original_3759531207_1.jpeg,2951571,Mucuna sloanei,2.051,"Thalurania glaucopis (J.F.Gmelin, 1788)",2476548,-27.15255,-53.89139,15.0,SOUTH_AMERICA,Misiones,,,,2022-03-19T13:47,False,Gabriel Celedon,iNaturalist,http://creativecommons.org/licenses/by-nc/4.0/,Gabriel Celedon,https://inaturalist-open-data.s3.amazonaws.com/photos/184978350/original.jpeg,k-southern-south-america,2024-10-22 05:30:04
original_3759532814_1.jpg,Unknown,Psidium cattleyanum,4.888,"Thalurania glaucopis (J.F.Gmelin, 1788)",2476548,-20.516884,-41.096265,1367.0,SOUTH_AMERICA,Espírito Santo,,,,2020-02-10T12:17,False,Leonardo Merçon,iNaturalist,http://creativecommons.org/licenses/by-nc/4.0/,Leonardo Merçon,https://inaturalist-open-data.s3.amazonaws.com/photos/174130631/original.jpg; https://inaturalist-open-data.s3.amazonaws.com/photos/174130644/original.jpg; https://inaturalist-open-data.s3.amazonaws.com/photos/174130650/original.jpg,k-brazil,2024-10-22 05:30:06
original_3759532814_2.jpg,3767214,Naucleopsis guianensis,2.004,"Thalurania glaucopis (J.F.Gmelin, 1788)",2476548,-20.516884,-41.096265,1367.0,SOUTH_AMERICA,Espírito Santo,,,,2020-02-10T12:17,False,Leonardo Merçon,iNaturalist,http://creativecommons.org/licenses/by-nc/4.0/,Leonardo Merçon,https://inaturalist-open-data.s3.amazonaws.com/photos/174130631/original.jpg; https://inaturalist-open-data.s3.amazonaws.com/photos/174130644/original.jpg; https://inaturalist-open-data.s3.amazonaws.com/photos/174130650/original.jpg,k-brazil,2024-10-22 05:30:08
original_3759532814_3.jpg,7329866,Garcinia brasiliensis,3.44,"Thalurania glaucopis (J.F.Gmelin, 1788)",2476548,-20.516884,-41.096265,1367.0,SOUTH_AMERICA,Espírito Santo,,,,2020-02-10T12:17,False,Leonardo Merçon,iNaturalist,http://creativecommons.org/licenses/by-nc/4.0/,Leonardo Merçon,https://inaturalist-open-data.s3.amazonaws.com/photos/174130631/original.jpg; https://inaturalist-open-data.s3.amazonaws.com/photos/174130644/original.jpg; https://inaturalist-open-data.s3.amazonaws.com/photos/174130650/original.jpg,k-brazil,2024-10-22 05:30:09
original_3759547289_1.jpeg,7298634,Jacaranda obtusifolia,1.462,"Thalurania glaucopis (J.F.Gmelin, 1788)",2476548,-23.929621,-47.070796,28896.0,SOUTH_AMERICA,São Paulo,,,,2022-03-11T11:06:10,False,Amanda Belchior,iNaturalist,http://creativecommons.org/licenses/by-nc/4.0/,Amanda Belchior,https://inaturalist-open-data.s3.amazonaws.com/photos/185219468/original.jpeg,k-brazil,2024-10-22 05:30:12
original_3759917459_1.jpeg,2650548,Microgramma lycopodioides,48.446,"Thalurania glaucopis (J.F.Gmelin, 1788)",2476548,-24.187785,-47.399751,697.0,SOUTH_AMERICA,São Paulo,,,,2022-04-08T05:34,False,Cajá-manga,iNaturalist,http://creativecommons.org/licenses/by/4.0/,Cajá-manga,https://inaturalist-open-data.s3.amazonaws.com/photos/187342474/original.jpeg; https://inaturalist-open-data.s3.amazonaws.com/photos/187343698/original.jpeg; https://inaturalist-open-data.s3.amazonaws.com/photos/187343706/original.jpeg,k-brazil,2024-10-22 05:30:14
original_3759917459_2.jpeg,2698340,Aechmea blanchetiana,3.8440000000000003,"Thalurania glaucopis (J.F.Gmelin, 1788)",2476548,-24.187785,-47.399751,697.0,SOUTH_AMERICA,São Paulo,,,,2022-04-08T05:34,False,Cajá-manga,iNaturalist,http://creativecommons.org/licenses/by/4.0/,Cajá-manga,https://inaturalist-open-data.s3.amazonaws.com/photos/187342474/original.jpeg; https://inaturalist-open-data.s3.amazonaws.com/photos/187343698/original.jpeg; https://inaturalist-open-data.s3.amazonaws.com/photos/187343706/original.jpeg,k-brazil,2024-10-22 05:30:17
original_3759990689_1.jpeg,2736247,Butia yatay,2.3970000000000002,"Thalurania glaucopis (J.F.Gmelin, 1788)",2476548,-22.689981,-46.682607,1400900.0,SOUTH_AMERICA,São Paulo,,,,2019-06-22T14:43:55,False,MeireGodoi,iNaturalist,http://creativecommons.org/licenses/by-nc/4.0/,MeireGodoi,https://inaturalist-open-data.s3.amazonaws.com/photos/185990559/original.jpeg,k-brazil,2024-10-22 05:30:18
original_3760038910_1.jpg,7279161,Pavonia sepium,0.345,"Thalurania glaucopis (J.F.Gmelin, 1788)",2476548,-21.763334,-46.668262,15.0,SOUTH_AMERICA,São Paulo,,,,2022-04-13T10:08,False,Pedro Lotti Carvalho Dias,iNaturalist,http://creativecommons.org/licenses/by-nc/4.0/,Pedro Lotti Carvalho Dias,https://inaturalist-open-data.s3.amazonaws.com/photos/188055522/original.jpg; https://inaturalist-open-data.s3.amazonaws.com/photos/188056221/original.jpg,k-brazil,2024-10-22 05:30:22
original_3760038910_2.jpg,2928589,Ipomoea tricolor,1.797,"Thalurania glaucopis (J.F.Gmelin, 1788)",2476548,-21.763334,-46.668262,15.0,SOUTH_AMERICA,São Paulo,,,,2022-04-13T10:08,False,Pedro Lotti Carvalho Dias,iNaturalist,http://creativecommons.org/licenses/by-nc/4.0/,Pedro Lotti Carvalho Dias,https://inaturalist-open-data.s3.amazonaws.com/photos/188055522/original.jpg; https://inaturalist-open-data.s3.amazonaws.com/photos/188056221/original.jpg,k-brazil,2024-10-22 05:30:24
original_3760063973_1.jpg,3172977,Pachystachys spicata,0.49500000000000005,"Thalurania glaucopis (J.F.Gmelin, 1788)",2476548,-23.281291,-47.228897,2.0,SOUTH_AMERICA,São Paulo,,,,2022-04-12T06:19,False,Anderson Sandro,iNaturalist,http://creativecommons.org/licenses/by-nc/4.0/,Anderson Sandro,https://inaturalist-open-data.s3.amazonaws.com/photos/188269500/original.jpg,k-brazil,2024-10-22 05:30:30
original_3760173293_1.jpeg,3190118,Zanthoxylum caribaeum,0.35400000000000004,"Thalurania glaucopis (J.F.Gmelin, 1788)",2476548,-24.236987,-46.943747,11749.0,SOUTH_AMERICA,São Paulo,,,,2011-07-25T09:54,False,Bruno Lima,iNaturalist,http://creativecommons.org/licenses/by-nc/4.0/,Bruno Lima,https://inaturalist-open-data.s3.amazonaws.com/photos/186956032/original.jpeg,k-brazil,2024-10-22 05:30:35
original_3760232401_1.jpg,8185162,Symphonia globulifera,3.6189999999999998,"Thalurania glaucopis (J.F.Gmelin, 1788)",2476548,-21.742331,-46.687194,8.0,SOUTH_AMERICA,São Paulo,,,,2022-04-17T08:49,False,Pedro Lotti Carvalho Dias,iNaturalist,http://creativecommons.org/licenses/by-nc/4.0/,Pedro Lotti Carvalho Dias,https://inaturalist-open-data.s3.amazonaws.com/photos/188971000/original.jpg; https://inaturalist-open-data.s3.amazonaws.com/photos/188971135/original.jpg; https://inaturalist-open-data.s3.amazonaws.com/photos/188971204/original.jpg,k-brazil,2024-10-22 05:30:37
original_3760232401_2.jpg,9177044,Ruizterania albiflora,3.4979999999999998,"Thalurania glaucopis (J.F.Gmelin, 1788)",2476548,-21.742331,-46.687194,8.0,SOUTH_AMERICA,São Paulo,,,,2022-04-17T08:49,False,Pedro Lotti Carvalho Dias,iNaturalist,http://creativecommons.org/licenses/by-nc/4.0/,Pedro Lotti Carvalho Dias,https://inaturalist-open-data.s3.amazonaws.com/photos/188971000/original.jpg; https://inaturalist-open-data.s3.amazonaws.com/photos/188971135/original.jpg; https://inaturalist-open-data.s3.amazonaws.com/photos/188971204/original.jpg,k-brazil,2024-10-22 05:30:39
original_3760232401_3.jpg,2928551,Ipomoea batatas,5.276,"Thalurania glaucopis (J.F.Gmelin, 1788)",2476548,-21.742331,-46.687194,8.0,SOUTH_AMERICA,São Paulo,,,,2022-04-17T08:49,False,Pedro Lotti Carvalho Dias,iNaturalist,http://creativecommons.org/licenses/by-nc/4.0/,Pedro Lotti Carvalho Dias,https://inaturalist-open-data.s3.amazonaws.com/photos/188971000/original.jpg; https://inaturalist-open-data.s3.amazonaws.com/photos/188971135/original.jpg; https://inaturalist-open-data.s3.amazonaws.com/photos/188971204/original.jpg,k-brazil,2024-10-22 05:30:40
original_3760341273_1.jpeg,5319583,Cyrtopodium parviflorum,4.082,"Thalurania glaucopis (J.F.Gmelin, 1788)",2476548,-21.850367,-43.334957,4.0,SOUTH_AMERICA,Minas Gerais,,,,2022-04-16T07:49,False,Conrado Pável de Oliveira,iNaturalist,http://creativecommons.org/licenses/by-nc/4.0/,Conrado Pável de Oliveira,https://inaturalist-open-data.s3.amazonaws.com/photos/188817825/original.jpeg,k-brazil,2024-10-22 05:30:43
original_3764188443_1.jpg,3152597,Hibiscus striatus,0.183,"Thalurania glaucopis (J.F.Gmelin, 1788)",2476548,-22.951872,-43.210545,,SOUTH_AMERICA,Rio de Janeiro,,,,2018-05-29,False,Jean-Dominique LEBRETON,iNaturalist,http://creativecommons.org/licenses/by-nc/4.0/,Jean-Dominique LEBRETON,https://inaturalist-open-data.s3.amazonaws.com/photos/187512375/original.jpg,k-brazil,2024-10-22 05:30:45
original_3764339730_4.jpeg,2895593,Genipa americana,4.7,"Thalurania glaucopis (J.F.Gmelin, 1788)",2476548,-23.398197,-45.8868,1303.0,SOUTH_AMERICA,São Paulo,,,,2022-04-21T04:02,False,Enéas V. Gouvêa Junior,iNaturalist,http://creativecommons.org/licenses/by-sa/4.0/,Enéas V. Gouvêa Junior,https://inaturalist-open-data.s3.amazonaws.com/photos/190216122/original.jpeg; https://inaturalist-open-data.s3.amazonaws.com/photos/190401604/original.jpeg; https://inaturalist-open-data.s3.amazonaws.com/photos/190401607/original.jpeg; https://inaturalist-open-data.s3.amazonaws.com/photos/190401615/original.jpeg; https://inaturalist-open-data.s3.amazonaws.com/photos/190401623/original.jpeg,k-brazil,2024-10-22 05:30:54
original_3764339730_5.jpeg,5415463,Thunbergia alata,2.456,"Thalurania glaucopis (J.F.Gmelin, 1788)",2476548,-23.398197,-45.8868,1303.0,SOUTH_AMERICA,São Paulo,,,,2022-04-21T04:02,False,Enéas V. Gouvêa Junior,iNaturalist,http://creativecommons.org/licenses/by-sa/4.0/,Enéas V. Gouvêa Junior,https://inaturalist-open-data.s3.amazonaws.com/photos/190216122/original.jpeg; https://inaturalist-open-data.s3.amazonaws.com/photos/190401604/original.jpeg; https://inaturalist-open-data.s3.amazonaws.com/photos/190401607/original.jpeg; https://inaturalist-open-data.s3.amazonaws.com/photos/190401615/original.jpeg; https://inaturalist-open-data.s3.amazonaws.com/photos/190401623/original.jpeg,k-brazil,2024-10-22 05:30:57
original_3764405562_1.jpg,8058246,Passiflora kikiana,1.924,"Thalurania glaucopis (J.F.Gmelin, 1788)",2476548,-19.014155,-40.125495,4940.0,SOUTH_AMERICA,Espírito Santo,,,,2012-07-18T16:10,False,Leonardo Merçon,iNaturalist,http://creativecommons.org/licenses/by-nc/4.0/,Leonardo Merçon,https://inaturalist-open-data.s3.amazonaws.com/photos/189877567/original.jpg; https://inaturalist-open-data.s3.amazonaws.com/photos/189877581/original.jpg,k-brazil,2024-10-22 05:30:58
original_3764405562_2.jpg,2889229,Persicaria orientalis,3.3770000000000002,"Thalurania glaucopis (J.F.Gmelin, 1788)",2476548,-19.014155,-40.125495,4940.0,SOUTH_AMERICA,Espírito Santo,,,,2012-07-18T16:10,False,Leonardo Merçon,iNaturalist,http://creativecommons.org/licenses/by-nc/4.0/,Leonardo Merçon,https://inaturalist-open-data.s3.amazonaws.com/photos/189877567/original.jpg; https://inaturalist-open-data.s3.amazonaws.com/photos/189877581/original.jpg,k-brazil,2024-10-22 05:31:00
original_3764431544_1.jpg,3152052,Apeiba tibourbou,22.899,"Thalurania glaucopis (J.F.Gmelin, 1788)",2476548,-19.014155,-40.125495,4940.0,SOUTH_AMERICA,Espírito Santo,,,,2012-07-18T16:18,False,Leonardo Merçon,iNaturalist,http://creativecommons.org/licenses/by-nc/4.0/,Leonardo Merçon,https://inaturalist-open-data.s3.amazonaws.com/photos/189877590/original.jpg; https://inaturalist-open-data.s3.amazonaws.com/photos/189877604/original.jpg,k-brazil,2024-10-22 05:31:01
original_3772624566_1.jpg,3866517,Bellucia pentamera,0.779,"Thalurania glaucopis (J.F.Gmelin, 1788)",2476548,-22.672207,-46.67337,203.0,SOUTH_AMERICA,São Paulo,,,,2022-04-30T14:19,False,Norton Santos,iNaturalist,http://creativecommons.org/licenses/by-nc/4.0/,Norton Santos,https://inaturalist-open-data.s3.amazonaws.com/photos/193617600/original.jpg,k-brazil,2024-10-22 05:31:07
original_3773229388_1.jpg,2932737,Solanum dulcamara,0.134,"Thalurania glaucopis (J.F.Gmelin, 1788)",2476548,-25.235662,-49.182312,29981.0,SOUTH_AMERICA,Paraná,,,,2021-04-16T11:10,False,veramartins,iNaturalist,http://creativecommons.org/licenses/by-nc/4.0/,veramartins,https://inaturalist-open-data.s3.amazonaws.com/photos/126087777/original.jpg; https://inaturalist-open-data.s3.amazonaws.com/photos/126089584/original.jpg; https://inaturalist-open-data.s3.amazonaws.com/photos/126095469/original.jpg,k-brazil,2024-10-22 05:31:11
original_3773229388_2.jpg,5421125,Urvillea ulmacea,0.597,"Thalurania glaucopis (J.F.Gmelin, 1788)",2476548,-25.235662,-49.182312,29981.0,SOUTH_AMERICA,Paraná,,,,2021-04-16T11:10,False,veramartins,iNaturalist,http://creativecommons.org/licenses/by-nc/4.0/,veramartins,https://inaturalist-open-data.s3.amazonaws.com/photos/126087777/original.jpg; https://inaturalist-open-data.s3.amazonaws.com/photos/126089584/original.jpg; https://inaturalist-open-data.s3.amazonaws.com/photos/126095469/original.jpg,k-brazil,2024-10-22 05:31:12
original_3773229388_3.jpg,8220878,Callianthe megapotamica,0.592,"Thalurania glaucopis (J.F.Gmelin, 1788)",2476548,-25.235662,-49.182312,29981.0,SOUTH_AMERICA,Paraná,,,,2021-04-16T11:10,False,veramartins,iNaturalist,http://creativecommons.org/licenses/by-nc/4.0/,veramartins,https://inaturalist-open-data.s3.amazonaws.com/photos/126087777/original.jpg; https://inaturalist-open-data.s3.amazonaws.com/photos/126089584/original.jpg; https://inaturalist-open-data.s3.amazonaws.com/photos/126095469/original.jpg,k-brazil,2024-10-22 05:31:13
original_3784709755_1.jpg,5415081,Crescentia cujete,2.784,"Thalurania glaucopis (J.F.Gmelin, 1788)",2476548,-22.967372,-43.225038,509.0,SOUTH_AMERICA,Rio de Janeiro,,,,2012-07-17T12:00,False,Ademir Carosia,iNaturalist,http://creativecommons.org/licenses/by-nc/4.0/,Ademir Carosia,https://inaturalist-open-data.s3.amazonaws.com/photos/197464146/original.jpg,k-brazil,2024-10-22 05:31:18
original_3784846543_2.jpg,2895345,Coffea arabica,1.7340000000000002,"Thalurania glaucopis (J.F.Gmelin, 1788)",2476548,-22.672207,-46.67337,203.0,SOUTH_AMERICA,São Paulo,,,,2022-05-11T17:01,False,Deia e Wesley,iNaturalist,http://creativecommons.org/licenses/by-nc/4.0/,Deia e Wesley,https://inaturalist-open-data.s3.amazonaws.com/photos/198611495/original.jpg; https://inaturalist-open-data.s3.amazonaws.com/photos/198611626/original.jpg; https://inaturalist-open-data.s3.amazonaws.com/photos/198611627/original.jpg; https://inaturalist-open-data.s3.amazonaws.com/photos/198611632/original.jpg,k-brazil,2024-10-22 05:31:23
original_3784846543_3.jpg,2895345,Coffea arabica,1.5150000000000001,"Thalurania glaucopis (J.F.Gmelin, 1788)",2476548,-22.672207,-46.67337,203.0,SOUTH_AMERICA,São Paulo,,,,2022-05-11T17:01,False,Deia e Wesley,iNaturalist,http://creativecommons.org/licenses/by-nc/4.0/,Deia e Wesley,https://inaturalist-open-data.s3.amazonaws.com/photos/198611495/original.jpg; https://inaturalist-open-data.s3.amazonaws.com/photos/198611626/original.jpg; https://inaturalist-open-data.s3.amazonaws.com/photos/198611627/original.jpg; https://inaturalist-open-data.s3.amazonaws.com/photos/198611632/original.jpg,k-brazil,2024-10-22 05:31:25
original_3784846543_4.jpg,5556447,Clusia grandiflora,0.9129999999999999,"Thalurania glaucopis (J.F.Gmelin, 1788)",2476548,-22.672207,-46.67337,203.0,SOUTH_AMERICA,São Paulo,,,,2022-05-11T17:01,False,Deia e Wesley,iNaturalist,http://creativecommons.org/licenses/by-nc/4.0/,Deia e Wesley,https://inaturalist-open-data.s3.amazonaws.com/photos/198611495/original.jpg; https://inaturalist-open-data.s3.amazonaws.com/photos/198611626/original.jpg; https://inaturalist-open-data.s3.amazonaws.com/photos/198611627/original.jpg; https://inaturalist-open-data.s3.amazonaws.com/photos/198611632/original.jpg,k-brazil,2024-10-22 05:31:26
original_3784864744_1.jpg,2925562,Vitex agnus-castus,1.102,"Thalurania glaucopis (J.F.Gmelin, 1788)",2476548,-22.672207,-46.67337,203.0,SOUTH_AMERICA,São Paulo,,,,2022-05-12T15:19,False,Deia e Wesley,iNaturalist,http://creativecommons.org/licenses/by-nc/4.0/,Deia e Wesley,https://inaturalist-open-data.s3.amazonaws.com/photos/198645461/original.jpg,k-brazil,2024-10-22 05:31:28
original_3784903479_2.jpg,5420380,Psidium guajava,20.387,"Thalurania glaucopis (J.F.Gmelin, 1788)",2476548,-22.43213,-44.615283,4.0,SOUTH_AMERICA,Rio de Janeiro,,,,2022-05-16T15:40:07,False,Julia Galo,iNaturalist,http://creativecommons.org/licenses/by-nc/4.0/,Julia Galo,https://inaturalist-open-data.s3.amazonaws.com/photos/198755041/original.jpg; https://inaturalist-open-data.s3.amazonaws.com/photos/198755074/original.jpg; https://inaturalist-open-data.s3.amazonaws.com/photos/198755103/original.jpg,k-brazil,2024-10-22 05:31:33
original_3785105747_1.jpg,5391845,Bidens pilosa,0.4,"Thalurania glaucopis (J.F.Gmelin, 1788)",2476548,-22.672207,-46.67337,203.0,SOUTH_AMERICA,São Paulo,,,,2022-05-11T18:18,False,Deia e Wesley,iNaturalist,http://creativecommons.org/licenses/by-nc/4.0/,Deia e Wesley,https://inaturalist-open-data.s3.amazonaws.com/photos/198618916/original.jpg; https://inaturalist-open-data.s3.amazonaws.com/photos/198619107/original.jpg; https://inaturalist-open-data.s3.amazonaws.com/photos/198619108/original.jpg,k-brazil,2024-10-22 05:31:39
original_3785105747_2.jpg,5391845,Bidens pilosa,1.473,"Thalurania glaucopis (J.F.Gmelin, 1788)",2476548,-22.672207,-46.67337,203.0,SOUTH_AMERICA,São Paulo,,,,2022-05-11T18:18,False,Deia e Wesley,iNaturalist,http://creativecommons.org/licenses/by-nc/4.0/,Deia e Wesley,https://inaturalist-open-data.s3.amazonaws.com/photos/198618916/original.jpg; https://inaturalist-open-data.s3.amazonaws.com/photos/198619107/original.jpg; https://inaturalist-open-data.s3.amazonaws.com/photos/198619108/original.jpg,k-brazil,2024-10-22 05:31:40
original_3785105747_3.jpg,7486599,Salvia guaranitica,0.8,"Thalurania glaucopis (J.F.Gmelin, 1788)",2476548,-22.672207,-46.67337,203.0,SOUTH_AMERICA,São Paulo,,,,2022-05-11T18:18,False,Deia e Wesley,iNaturalist,http://creativecommons.org/licenses/by-nc/4.0/,Deia e Wesley,https://inaturalist-open-data.s3.amazonaws.com/photos/198618916/original.jpg; https://inaturalist-open-data.s3.amazonaws.com/photos/198619107/original.jpg; https://inaturalist-open-data.s3.amazonaws.com/photos/198619108/original.jpg,k-brazil,2024-10-22 05:31:42
original_3785105763_1.jpg,2932913,Brunfelsia uniflora,7.997,"Thalurania glaucopis (J.F.Gmelin, 1788)",2476548,-22.672207,-46.67337,203.0,SOUTH_AMERICA,São Paulo,,,,2022-05-11T19:45,False,Deia e Wesley,iNaturalist,http://creativecommons.org/licenses/by-nc/4.0/,Deia e Wesley,https://inaturalist-open-data.s3.amazonaws.com/photos/198640116/original.jpg,k-brazil,2024-10-22 05:31:43
original_3785181347_1.jpg,5349528,Erythrina speciosa,2.442,"Thalurania glaucopis (J.F.Gmelin, 1788)",2476548,-22.672207,-46.67337,203.0,SOUTH_AMERICA,São Paulo,,,,2022-05-11T17:17,False,Deia e Wesley,iNaturalist,http://creativecommons.org/licenses/by-nc/4.0/,Deia e Wesley,https://inaturalist-open-data.s3.amazonaws.com/photos/198612743/original.jpg,k-brazil,2024-10-22 05:31:50
original_3802491640_1.jpg,3169756,Nerium oleander,0.877,"Thalurania glaucopis (J.F.Gmelin, 1788)",2476548,-23.14325,-44.165245,488.0,SOUTH_AMERICA,Rio de Janeiro,,,,2005-06-22T13:28,False,Pål A. Olsvik,iNaturalist,http://creativecommons.org/licenses/by-nc/4.0/,Pål A. Olsvik,https://inaturalist-open-data.s3.amazonaws.com/photos/200461927/original.jpg,k-brazil,2024-10-22 05:31:56
original_3802707044_1.jpeg,8077391,Citrus × aurantium,33.434000000000005,"Thalurania glaucopis (J.F.Gmelin, 1788)",2476548,-22.544667,-43.046223,122.0,SOUTH_AMERICA,Rio de Janeiro,,,,2022-05-06T10:54,False,Victor Hugo Rebecchi Siqueira,iNaturalist,http://creativecommons.org/licenses/by-nc/4.0/,Victor Hugo Rebecchi Siqueira,https://inaturalist-open-data.s3.amazonaws.com/photos/200056652/original.jpeg,k-brazil,2024-10-22 05:32:12
original_3802712879_1.jpeg,5350336,Derris trifoliata,21.768,"Thalurania glaucopis (J.F.Gmelin, 1788)",2476548,-22.545856,-43.063646,122.0,SOUTH_AMERICA,Rio de Janeiro,,,,2022-05-04T14:11,False,Victor Hugo Rebecchi Siqueira,iNaturalist,http://creativecommons.org/licenses/by-nc/4.0/,Victor Hugo Rebecchi Siqueira,https://inaturalist-open-data.s3.amazonaws.com/photos/200056245/original.jpeg,k-brazil,2024-10-22 05:32:14
original_3858307862_1.jpeg,2943522,Eperua falcata,1.375,"Thalurania glaucopis (J.F.Gmelin, 1788)",2476548,-20.085181,-44.050498,756.0,SOUTH_AMERICA,Minas Gerais,,,,2020-05-09T12:30,False,Paulo Gonçalves Carvalho,iNaturalist,http://creativecommons.org/licenses/by-nc/4.0/,Paulo Gonçalves Carvalho,https://inaturalist-open-data.s3.amazonaws.com/photos/174483435/original.jpeg,k-brazil,2024-10-22 05:32:20
original_3858404571_1.jpg,7306869,Amasonia campestris,0.107,"Thalurania glaucopis (J.F.Gmelin, 1788)",2476548,-23.963247,-47.507167,1218.0,SOUTH_AMERICA,São Paulo,,,,2019-05-16T11:11,False,Ronaldo Garcia,iNaturalist,http://creativecommons.org/licenses/by-nc/4.0/,Ronaldo Garcia,https://inaturalist-open-data.s3.amazonaws.com/photos/203724539/original.jpg,k-brazil,2024-10-22 05:32:22
original_3858430000_1.jpeg,7309398,Vitex megapotamica,9.991999999999999,"Thalurania glaucopis (J.F.Gmelin, 1788)",2476548,-19.935877,-40.599606,13.0,SOUTH_AMERICA,Espírito Santo,,,,2022-06-09T08:25:51,False,Danilo Pacheco Cordeiro,iNaturalist,http://creativecommons.org/licenses/by-nc/4.0/,Danilo Pacheco Cordeiro,https://inaturalist-open-data.s3.amazonaws.com/photos/204607033/original.jpeg; https://inaturalist-open-data.s3.amazonaws.com/photos/204607048/original.jpeg; https://inaturalist-open-data.s3.amazonaws.com/photos/204607061/original.jpeg,k-brazil,2024-10-22 05:32:24
original_3858430000_2.jpeg,7309398,Vitex megapotamica,19.602,"Thalurania glaucopis (J.F.Gmelin, 1788)",2476548,-19.935877,-40.599606,13.0,SOUTH_AMERICA,Espírito Santo,,,,2022-06-09T08:25:51,False,Danilo Pacheco Cordeiro,iNaturalist,http://creativecommons.org/licenses/by-nc/4.0/,Danilo Pacheco Cordeiro,https://inaturalist-open-data.s3.amazonaws.com/photos/204607033/original.jpeg; https://inaturalist-open-data.s3.amazonaws.com/photos/204607048/original.jpeg; https://inaturalist-open-data.s3.amazonaws.com/photos/204607061/original.jpeg,k-brazil,2024-10-22 05:32:26
original_3858430000_3.jpeg,2932040,Solanum seaforthianum,7.811999999999999,"Thalurania glaucopis (J.F.Gmelin, 1788)",2476548,-19.935877,-40.599606,13.0,SOUTH_AMERICA,Espírito Santo,,,,2022-06-09T08:25:51,False,Danilo Pacheco Cordeiro,iNaturalist,http://creativecommons.org/licenses/by-nc/4.0/,Danilo Pacheco Cordeiro,https://inaturalist-open-data.s3.amazonaws.com/photos/204607033/original.jpeg; https://inaturalist-open-data.s3.amazonaws.com/photos/204607048/original.jpeg; https://inaturalist-open-data.s3.amazonaws.com/photos/204607061/original.jpeg,k-brazil,2024-10-22 05:32:29
original_3858593638_1.jpg,8249932,Salvia splendens,0.121,"Thalurania glaucopis (J.F.Gmelin, 1788)",2476548,-23.584738,-45.82456,8.0,SOUTH_AMERICA,São Paulo,,,,2022-06-12,False,Luciano Bernardes,iNaturalist,http://creativecommons.org/licenses/by-nc/4.0/,Luciano Bernardes,https://inaturalist-open-data.s3.amazonaws.com/photos/205879999/original.jpg,k-brazil,2024-10-22 05:32:33
original_3858663632_1.jpg,2874581,Momordica charantia,1.381,"Thalurania glaucopis (J.F.Gmelin, 1788)",2476548,-23.584738,-45.82456,8.0,SOUTH_AMERICA,São Paulo,,,,2022-06-12,False,Luciano Bernardes,iNaturalist,http://creativecommons.org/licenses/by-nc/4.0/,Luciano Bernardes,https://inaturalist-open-data.s3.amazonaws.com/photos/205880119/original.jpg; https://inaturalist-open-data.s3.amazonaws.com/photos/205880153/original.jpg; https://inaturalist-open-data.s3.amazonaws.com/photos/205880168/original.jpg,k-brazil,2024-10-22 05:32:35
original_3858663632_2.jpg,7900084,Callianthe picta,8.635,"Thalurania glaucopis (J.F.Gmelin, 1788)",2476548,-23.584738,-45.82456,8.0,SOUTH_AMERICA,São Paulo,,,,2022-06-12,False,Luciano Bernardes,iNaturalist,http://creativecommons.org/licenses/by-nc/4.0/,Luciano Bernardes,https://inaturalist-open-data.s3.amazonaws.com/photos/205880119/original.jpg; https://inaturalist-open-data.s3.amazonaws.com/photos/205880153/original.jpg; https://inaturalist-open-data.s3.amazonaws.com/photos/205880168/original.jpg,k-brazil,2024-10-22 05:32:37
original_3858663632_3.jpg,7900084,Callianthe picta,61.595,"Thalurania glaucopis (J.F.Gmelin, 1788)",2476548,-23.584738,-45.82456,8.0,SOUTH_AMERICA,São Paulo,,,,2022-06-12,False,Luciano Bernardes,iNaturalist,http://creativecommons.org/licenses/by-nc/4.0/,Luciano Bernardes,https://inaturalist-open-data.s3.amazonaws.com/photos/205880119/original.jpg; https://inaturalist-open-data.s3.amazonaws.com/photos/205880153/original.jpg; https://inaturalist-open-data.s3.amazonaws.com/photos/205880168/original.jpg,k-brazil,2024-10-22 05:32:39
original_3858844775_3.jpg,9404220,Miconia crenata,0.376,"Thalurania glaucopis (J.F.Gmelin, 1788)",2476548,-23.468495,-45.16924,122.0,SOUTH_AMERICA,São Paulo,,,,2015-02-07,False,Luciano Bernardes,iNaturalist,http://creativecommons.org/licenses/by-nc/4.0/,Luciano Bernardes,https://inaturalist-open-data.s3.amazonaws.com/photos/210417235/original.jpg; https://inaturalist-open-data.s3.amazonaws.com/photos/210417268/original.jpg; https://inaturalist-open-data.s3.amazonaws.com/photos/210417498/original.jpg,k-brazil,2024-10-22 05:32:47
original_3858876066_1.jpg,7298689,Cybistax antisyphilitica,1.392,"Thalurania glaucopis (J.F.Gmelin, 1788)",2476548,-21.275542,-47.301353,2246.0,SOUTH_AMERICA,São Paulo,,,,2022-05-14T12:55,False,Andreza Mancuso,iNaturalist,http://creativecommons.org/licenses/by-nc/4.0/,Andreza Mancuso,https://inaturalist-open-data.s3.amazonaws.com/photos/208984616/original.jpg,k-brazil,2024-10-22 05:32:49
original_3859034686_1.jpg,2874176,Passiflora coccinea,2.843,"Thalurania glaucopis (J.F.Gmelin, 1788)",2476548,-23.468495,-45.16924,122.0,SOUTH_AMERICA,São Paulo,,,,2015-02-07,False,Luciano Bernardes,iNaturalist,http://creativecommons.org/licenses/by-nc/4.0/,Luciano Bernardes,https://inaturalist-open-data.s3.amazonaws.com/photos/210416473/original.jpg,k-brazil,2024-10-22 05:32:51
original_3859165698_2.jpg,3973495,Vicia eriocarpa,0.168,"Thalurania glaucopis (J.F.Gmelin, 1788)",2476548,-24.004602,-47.562367,4.0,SOUTH_AMERICA,São Paulo,,,,2019-05-16,False,Luciano Bernardes,iNaturalist,http://creativecommons.org/licenses/by-nc/4.0/,Luciano Bernardes,https://inaturalist-open-data.s3.amazonaws.com/photos/210341815/original.jpg; https://inaturalist-open-data.s3.amazonaws.com/photos/210341828/original.jpg; https://inaturalist-open-data.s3.amazonaws.com/photos/210341845/original.jpg; https://inaturalist-open-data.s3.amazonaws.com/photos/210341855/original.jpg; https://inaturalist-open-data.s3.amazonaws.com/photos/210341866/original.jpg,k-brazil,2024-10-22 05:33:01
original_3859165698_3.jpg,3973495,Vicia eriocarpa,0.6,"Thalurania glaucopis (J.F.Gmelin, 1788)",2476548,-24.004602,-47.562367,4.0,SOUTH_AMERICA,São Paulo,,,,2019-05-16,False,Luciano Bernardes,iNaturalist,http://creativecommons.org/licenses/by-nc/4.0/,Luciano Bernardes,https://inaturalist-open-data.s3.amazonaws.com/photos/210341815/original.jpg; https://inaturalist-open-data.s3.amazonaws.com/photos/210341828/original.jpg; https://inaturalist-open-data.s3.amazonaws.com/photos/210341845/original.jpg; https://inaturalist-open-data.s3.amazonaws.com/photos/210341855/original.jpg; https://inaturalist-open-data.s3.amazonaws.com/photos/210341866/original.jpg,k-brazil,2024-10-22 05:33:03
original_3859165698_4.jpg,3973495,Vicia eriocarpa,2.715,"Thalurania glaucopis (J.F.Gmelin, 1788)",2476548,-24.004602,-47.562367,4.0,SOUTH_AMERICA,São Paulo,,,,2019-05-16,False,Luciano Bernardes,iNaturalist,http://creativecommons.org/licenses/by-nc/4.0/,Luciano Bernardes,https://inaturalist-open-data.s3.amazonaws.com/photos/210341815/original.jpg; https://inaturalist-open-data.s3.amazonaws.com/photos/210341828/original.jpg; https://inaturalist-open-data.s3.amazonaws.com/photos/210341845/original.jpg; https://inaturalist-open-data.s3.amazonaws.com/photos/210341855/original.jpg; https://inaturalist-open-data.s3.amazonaws.com/photos/210341866/original.jpg,k-brazil,2024-10-22 05:33:04
original_3859165698_5.jpg,5414995,Digitalis purpurea,0.261,"Thalurania glaucopis (J.F.Gmelin, 1788)",2476548,-24.004602,-47.562367,4.0,SOUTH_AMERICA,São Paulo,,,,2019-05-16,False,Luciano Bernardes,iNaturalist,http://creativecommons.org/licenses/by-nc/4.0/,Luciano Bernardes,https://inaturalist-open-data.s3.amazonaws.com/photos/210341815/original.jpg; https://inaturalist-open-data.s3.amazonaws.com/photos/210341828/original.jpg; https://inaturalist-open-data.s3.amazonaws.com/photos/210341845/original.jpg; https://inaturalist-open-data.s3.amazonaws.com/photos/210341855/original.jpg; https://inaturalist-open-data.s3.amazonaws.com/photos/210341866/original.jpg,k-brazil,2024-10-22 05:33:06
original_3859296561_1.jpeg,2932944,Capsicum annuum,1.2409999999999999,"Thalurania glaucopis (J.F.Gmelin, 1788)",2476548,-31.581849,-52.452711,17.0,SOUTH_AMERICA,Rio Grande do Sul,,,,2020-08-17T12:30,False,André Zani,iNaturalist,http://creativecommons.org/licenses/by-nc/4.0/,André Zani,https://inaturalist-open-data.s3.amazonaws.com/photos/91699738/original.jpeg,k-brazil,2024-10-22 05:33:10
original_3859310990_1.jpeg,2925303,Lantana camara,18.098,"Thalurania glaucopis (J.F.Gmelin, 1788)",2476548,-23.17813,-44.187589,122.0,SOUTH_AMERICA,Rio de Janeiro,,,,2016-02-06T12:54,False,miraves,iNaturalist,http://creativecommons.org/licenses/by-nc/4.0/,miraves,https://inaturalist-open-data.s3.amazonaws.com/photos/208735592/original.jpeg,k-brazil,2024-10-22 05:33:12
original_3859662557_2.jpeg,3172270,Jasminum fluminense,0.47000000000000003,"Thalurania glaucopis (J.F.Gmelin, 1788)",2476548,-23.232616,-46.726566,3.0,SOUTH_AMERICA,São Paulo,,,,2009-10-18T23:44,False,Rodrigo Salvador,iNaturalist,http://creativecommons.org/licenses/by/4.0/,Rodrigo Salvador,https://inaturalist-open-data.s3.amazonaws.com/photos/203776803/original.jpeg; https://inaturalist-open-data.s3.amazonaws.com/photos/203776811/original.jpeg; https://inaturalist-open-data.s3.amazonaws.com/photos/203777196/original.jpeg,k-brazil,2024-10-22 05:33:20
original_3859662557_3.jpeg,3172270,Jasminum fluminense,0.47000000000000003,"Thalurania glaucopis (J.F.Gmelin, 1788)",2476548,-23.232616,-46.726566,3.0,SOUTH_AMERICA,São Paulo,,,,2009-10-18T23:44,False,Rodrigo Salvador,iNaturalist,http://creativecommons.org/licenses/by/4.0/,Rodrigo Salvador,https://inaturalist-open-data.s3.amazonaws.com/photos/203776803/original.jpeg; https://inaturalist-open-data.s3.amazonaws.com/photos/203776811/original.jpeg; https://inaturalist-open-data.s3.amazonaws.com/photos/203777196/original.jpeg,k-brazil,2024-10-22 05:33:22
original_3859893627_1.jpg,7329587,Castela tweediei,0.466,"Thalurania glaucopis (J.F.Gmelin, 1788)",2476548,-24.004072,-47.561822,4.0,SOUTH_AMERICA,São Paulo,,,,2018-05-31,False,Luciano Bernardes,iNaturalist,http://creativecommons.org/licenses/by-nc/4.0/,Luciano Bernardes,https://inaturalist-open-data.s3.amazonaws.com/photos/210339649/original.jpg,k-brazil,2024-10-22 05:33:28
original_3860210351_1.jpg,3174691,Myrcia splendens,24.093,"Thalurania glaucopis (J.F.Gmelin, 1788)",2476548,-21.523078,-46.638951,122.0,SOUTH_AMERICA,Minas Gerais,,,,2014-03-19,False,Luciano Bernardes,iNaturalist,http://creativecommons.org/licenses/by-nc/4.0/,Luciano Bernardes,https://inaturalist-open-data.s3.amazonaws.com/photos/207499115/original.jpg,k-brazil,2024-10-22 05:33:33
original_3860302531_1.jpg,5406679,Sterculia apetala,7.144,"Thalurania glaucopis (J.F.Gmelin, 1788)",2476548,-25.36442,-49.186016,15958.0,SOUTH_AMERICA,Paraná,,,,2022-05-13T18:44,False,paalves,iNaturalist,http://creativecommons.org/licenses/by-nc/4.0/,paalves,https://inaturalist-open-data.s3.amazonaws.com/photos/209894598/original.jpg,k-brazil,2024-10-22 05:33:35
original_3860407043_1.jpg,7309398,Vitex megapotamica,0.835,"Thalurania glaucopis (J.F.Gmelin, 1788)",2476548,-19.936055,-40.599812,4.0,SOUTH_AMERICA,Espírito Santo,,,,2022-06-09T11:41:05,False,Claudio Novaes,iNaturalist,http://creativecommons.org/licenses/by-nc/4.0/,Claudio Novaes,https://inaturalist-open-data.s3.amazonaws.com/photos/204646945/original.jpg; https://inaturalist-open-data.s3.amazonaws.com/photos/204646960/original.jpg; https://inaturalist-open-data.s3.amazonaws.com/photos/204646974/original.jpg; https://inaturalist-open-data.s3.amazonaws.com/photos/204646992/original.jpg,k-brazil,2024-10-22 05:33:42
original_3860407043_2.jpg,5321877,Ionopsis utricularioides,18.793000000000003,"Thalurania glaucopis (J.F.Gmelin, 1788)",2476548,-19.936055,-40.599812,4.0,SOUTH_AMERICA,Espírito Santo,,,,2022-06-09T11:41:05,False,Claudio Novaes,iNaturalist,http://creativecommons.org/licenses/by-nc/4.0/,Claudio Novaes,https://inaturalist-open-data.s3.amazonaws.com/photos/204646945/original.jpg; https://inaturalist-open-data.s3.amazonaws.com/photos/204646960/original.jpg; https://inaturalist-open-data.s3.amazonaws.com/photos/204646974/original.jpg; https://inaturalist-open-data.s3.amazonaws.com/photos/204646992/original.jpg,k-brazil,2024-10-22 05:33:45
original_3860407043_3.jpg,2932737,Solanum dulcamara,10.099,"Thalurania glaucopis (J.F.Gmelin, 1788)",2476548,-19.936055,-40.599812,4.0,SOUTH_AMERICA,Espírito Santo,,,,2022-06-09T11:41:05,False,Claudio Novaes,iNaturalist,http://creativecommons.org/licenses/by-nc/4.0/,Claudio Novaes,https://inaturalist-open-data.s3.amazonaws.com/photos/204646945/original.jpg; https://inaturalist-open-data.s3.amazonaws.com/photos/204646960/original.jpg; https://inaturalist-open-data.s3.amazonaws.com/photos/204646974/original.jpg; https://inaturalist-open-data.s3.amazonaws.com/photos/204646992/original.jpg,k-brazil,2024-10-22 05:33:47
original_3860407043_4.jpg,2930216,Solanum betaceum,3.456,"Thalurania glaucopis (J.F.Gmelin, 1788)",2476548,-19.936055,-40.599812,4.0,SOUTH_AMERICA,Espírito Santo,,,,2022-06-09T11:41:05,False,Claudio Novaes,iNaturalist,http://creativecommons.org/licenses/by-nc/4.0/,Claudio Novaes,https://inaturalist-open-data.s3.amazonaws.com/photos/204646945/original.jpg; https://inaturalist-open-data.s3.amazonaws.com/photos/204646960/original.jpg; https://inaturalist-open-data.s3.amazonaws.com/photos/204646974/original.jpg; https://inaturalist-open-data.s3.amazonaws.com/photos/204646992/original.jpg,k-brazil,2024-10-22 05:33:49
original_3860527882_1.jpeg,2946600,Clitoria fairchildiana,10.252,"Thalurania glaucopis (J.F.Gmelin, 1788)",2476548,-23.779382,-46.301566,1.0,SOUTH_AMERICA,São Paulo,,,,2022-05-14T16:18,False,miguelmagro,iNaturalist,http://creativecommons.org/licenses/by-nc/4.0/,miguelmagro,https://inaturalist-open-data.s3.amazonaws.com/photos/204346882/original.jpeg,k-brazil,2024-10-22 05:33:51
original_3860556840_1.jpg,5349528,Erythrina speciosa,0.882,"Thalurania glaucopis (J.F.Gmelin, 1788)",2476548,-23.469525,-45.169344,205.0,SOUTH_AMERICA,São Paulo,,,,2022-06-12T10:15,False,Tomaz Nascimento de Melo,iNaturalist,http://creativecommons.org/licenses/by-nc-nd/4.0/,Tomaz Nascimento de Melo,https://inaturalist-open-data.s3.amazonaws.com/photos/208794054/original.jpg; https://inaturalist-open-data.s3.amazonaws.com/photos/208794176/original.jpg; https://inaturalist-open-data.s3.amazonaws.com/photos/208794250/original.jpg,k-brazil,2024-10-22 05:33:55
original_3860556840_2.jpg,5571029,Ficus gomelleira,0.63,"Thalurania glaucopis (J.F.Gmelin, 1788)",2476548,-23.469525,-45.169344,205.0,SOUTH_AMERICA,São Paulo,,,,2022-06-12T10:15,False,Tomaz Nascimento de Melo,iNaturalist,http://creativecommons.org/licenses/by-nc-nd/4.0/,Tomaz Nascimento de Melo,https://inaturalist-open-data.s3.amazonaws.com/photos/208794054/original.jpg; https://inaturalist-open-data.s3.amazonaws.com/photos/208794176/original.jpg; https://inaturalist-open-data.s3.amazonaws.com/photos/208794250/original.jpg,k-brazil,2024-10-22 05:33:57
original_3860556840_3.jpg,2895593,Genipa americana,1.9460000000000002,"Thalurania glaucopis (J.F.Gmelin, 1788)",2476548,-23.469525,-45.169344,205.0,SOUTH_AMERICA,São Paulo,,,,2022-06-12T10:15,False,Tomaz Nascimento de Melo,iNaturalist,http://creativecommons.org/licenses/by-nc-nd/4.0/,Tomaz Nascimento de Melo,https://inaturalist-open-data.s3.amazonaws.com/photos/208794054/original.jpg; https://inaturalist-open-data.s3.amazonaws.com/photos/208794176/original.jpg; https://inaturalist-open-data.s3.amazonaws.com/photos/208794250/original.jpg,k-brazil,2024-10-22 05:34:00
original_3860833695_1.jpg,2702503,Melinis minutiflora,1.084,"Thalurania glaucopis (J.F.Gmelin, 1788)",2476548,-24.363075,-47.022562,31.0,SOUTH_AMERICA,São Paulo,,,,2017-05-29,False,Luciano Bernardes,iNaturalist,http://creativecommons.org/licenses/by-nc/4.0/,Luciano Bernardes,https://inaturalist-open-data.s3.amazonaws.com/photos/210405551/original.jpg,k-brazil,2024-10-22 05:34:01
original_3873132963_2.jpeg,2932917,Brunfelsia grandiflora,25.046000000000003,"Thalurania glaucopis (J.F.Gmelin, 1788)",2476548,-23.460748,-47.057784,414.0,SOUTH_AMERICA,São Paulo,,,,2022-07-26T11:09:45,False,Tiago Lubiana,iNaturalist,http://creativecommons.org/publicdomain/zero/1.0/,Tiago Lubiana,https://inaturalist-open-data.s3.amazonaws.com/photos/217365376/original.jpeg; https://inaturalist-open-data.s3.amazonaws.com/photos/217365404/original.jpeg,k-brazil,2024-10-22 05:34:07
original_3873219887_1.jpeg,3937390,Malvaviscus concinnus,2.472,"Thalurania glaucopis (J.F.Gmelin, 1788)",2476548,-22.98971,-44.537526,1000.0,SOUTH_AMERICA,Rio de Janeiro,,,,2022-07-09T09:51,False,Lucas Moreira,iNaturalist,http://creativecommons.org/licenses/by-nc/4.0/,Lucas Moreira,https://inaturalist-open-data.s3.amazonaws.com/photos/213662645/original.jpeg,k-brazil,2024-10-22 05:34:10
original_3873498610_1.jpeg,3152052,Apeiba tibourbou,9.711,"Thalurania glaucopis (J.F.Gmelin, 1788)",2476548,-22.446382,-44.601224,61.0,SOUTH_AMERICA,Rio de Janeiro,,,,2016-08-10T16:17,False,Paula Romano,iNaturalist,http://creativecommons.org/licenses/by-nc/4.0/,Paula Romano,https://inaturalist-open-data.s3.amazonaws.com/photos/217420693/original.jpeg; https://inaturalist-open-data.s3.amazonaws.com/photos/217420733/original.jpeg,k-brazil,2024-10-22 05:34:12
original_3873498610_2.jpeg,3152052,Apeiba tibourbou,6.483,"Thalurania glaucopis (J.F.Gmelin, 1788)",2476548,-22.446382,-44.601224,61.0,SOUTH_AMERICA,Rio de Janeiro,,,,2016-08-10T16:17,False,Paula Romano,iNaturalist,http://creativecommons.org/licenses/by-nc/4.0/,Paula Romano,https://inaturalist-open-data.s3.amazonaws.com/photos/217420693/original.jpeg; https://inaturalist-open-data.s3.amazonaws.com/photos/217420733/original.jpeg,k-brazil,2024-10-22 05:34:15
original_3873600429_1.jpeg,5321877,Ionopsis utricularioides,2.5919999999999996,"Thalurania glaucopis (J.F.Gmelin, 1788)",2476548,-25.613954,-54.482583,2468.0,SOUTH_AMERICA,Paraná,,,,2022-06-14T15:53,False,bgenet,iNaturalist,http://creativecommons.org/licenses/by-nc/4.0/,bgenet,https://inaturalist-open-data.s3.amazonaws.com/photos/214071227/original.jpeg,k-southern-south-america,2024-10-22 05:34:20
original_3873613329_1.jpeg,2925303,Lantana camara,12.31,"Thalurania glaucopis (J.F.Gmelin, 1788)",2476548,-22.319233,-42.535024,979.0,SOUTH_AMERICA,Rio de Janeiro,,,,2022-07-17T11:33:28,False,Jardel Leite,iNaturalist,http://creativecommons.org/licenses/by-nc/4.0/,Jardel Leite,https://inaturalist-open-data.s3.amazonaws.com/photos/215855513/original.jpeg,k-brazil,2024-10-22 05:34:23
original_3873672288_1.png,2698018,Aechmea distichantha,7.056,"Thalurania glaucopis (J.F.Gmelin, 1788)",2476548,-22.446659,-44.601438,61.0,SOUTH_AMERICA,Rio de Janeiro,,,,2016-09-17T19:37,False,Paula Romano,iNaturalist,http://creativecommons.org/licenses/by-nc/4.0/,Paula Romano,https://inaturalist-open-data.s3.amazonaws.com/photos/215050460/original.png; https://inaturalist-open-data.s3.amazonaws.com/photos/215050515/original.png; https://inaturalist-open-data.s3.amazonaws.com/photos/215050576/original.png; https://inaturalist-open-data.s3.amazonaws.com/photos/215050626/original.png; https://inaturalist-open-data.s3.amazonaws.com/photos/215050750/original.png; https://inaturalist-open-data.s3.amazonaws.com/photos/215050803/original.png; https://inaturalist-open-data.s3.amazonaws.com/photos/215050850/original.png; https://inaturalist-open-data.s3.amazonaws.com/photos/215050915/original.png,k-brazil,2024-10-22 05:34:26
original_3873672288_2.png,2698018,Aechmea distichantha,4.335,"Thalurania glaucopis (J.F.Gmelin, 1788)",2476548,-22.446659,-44.601438,61.0,SOUTH_AMERICA,Rio de Janeiro,,,,2016-09-17T19:37,False,Paula Romano,iNaturalist,http://creativecommons.org/licenses/by-nc/4.0/,Paula Romano,https://inaturalist-open-data.s3.amazonaws.com/photos/215050460/original.png; https://inaturalist-open-data.s3.amazonaws.com/photos/215050515/original.png; https://inaturalist-open-data.s3.amazonaws.com/photos/215050576/original.png; https://inaturalist-open-data.s3.amazonaws.com/photos/215050626/original.png; https://inaturalist-open-data.s3.amazonaws.com/photos/215050750/original.png; https://inaturalist-open-data.s3.amazonaws.com/photos/215050803/original.png; https://inaturalist-open-data.s3.amazonaws.com/photos/215050850/original.png; https://inaturalist-open-data.s3.amazonaws.com/photos/215050915/original.png,k-brazil,2024-10-22 05:34:29
original_3873672288_3.png,2698018,Aechmea distichantha,8.745,"Thalurania glaucopis (J.F.Gmelin, 1788)",2476548,-22.446659,-44.601438,61.0,SOUTH_AMERICA,Rio de Janeiro,,,,2016-09-17T19:37,False,Paula Romano,iNaturalist,http://creativecommons.org/licenses/by-nc/4.0/,Paula Romano,https://inaturalist-open-data.s3.amazonaws.com/photos/215050460/original.png; https://inaturalist-open-data.s3.amazonaws.com/photos/215050515/original.png; https://inaturalist-open-data.s3.amazonaws.com/photos/215050576/original.png; https://inaturalist-open-data.s3.amazonaws.com/photos/215050626/original.png; https://inaturalist-open-data.s3.amazonaws.com/photos/215050750/original.png; https://inaturalist-open-data.s3.amazonaws.com/photos/215050803/original.png; https://inaturalist-open-data.s3.amazonaws.com/photos/215050850/original.png; https://inaturalist-open-data.s3.amazonaws.com/photos/215050915/original.png,k-brazil,2024-10-22 05:34:32
original_3873672288_4.png,2698018,Aechmea distichantha,8.806,"Thalurania glaucopis (J.F.Gmelin, 1788)",2476548,-22.446659,-44.601438,61.0,SOUTH_AMERICA,Rio de Janeiro,,,,2016-09-17T19:37,False,Paula Romano,iNaturalist,http://creativecommons.org/licenses/by-nc/4.0/,Paula Romano,https://inaturalist-open-data.s3.amazonaws.com/photos/215050460/original.png; https://inaturalist-open-data.s3.amazonaws.com/photos/215050515/original.png; https://inaturalist-open-data.s3.amazonaws.com/photos/215050576/original.png; https://inaturalist-open-data.s3.amazonaws.com/photos/215050626/original.png; https://inaturalist-open-data.s3.amazonaws.com/photos/215050750/original.png; https://inaturalist-open-data.s3.amazonaws.com/photos/215050803/original.png; https://inaturalist-open-data.s3.amazonaws.com/photos/215050850/original.png; https://inaturalist-open-data.s3.amazonaws.com/photos/215050915/original.png,k-brazil,2024-10-22 05:34:35
original_3873672288_5.png,2698018,Aechmea distichantha,8.366999999999999,"Thalurania glaucopis (J.F.Gmelin, 1788)",2476548,-22.446659,-44.601438,61.0,SOUTH_AMERICA,Rio de Janeiro,,,,2016-09-17T19:37,False,Paula Romano,iNaturalist,http://creativecommons.org/licenses/by-nc/4.0/,Paula Romano,https://inaturalist-open-data.s3.amazonaws.com/photos/215050460/original.png; https://inaturalist-open-data.s3.amazonaws.com/photos/215050515/original.png; https://inaturalist-open-data.s3.amazonaws.com/photos/215050576/original.png; https://inaturalist-open-data.s3.amazonaws.com/photos/215050626/original.png; https://inaturalist-open-data.s3.amazonaws.com/photos/215050750/original.png; https://inaturalist-open-data.s3.amazonaws.com/photos/215050803/original.png; https://inaturalist-open-data.s3.amazonaws.com/photos/215050850/original.png; https://inaturalist-open-data.s3.amazonaws.com/photos/215050915/original.png,k-brazil,2024-10-22 05:34:37
original_3873672288_6.png,2698018,Aechmea distichantha,4.191000000000001,"Thalurania glaucopis (J.F.Gmelin, 1788)",2476548,-22.446659,-44.601438,61.0,SOUTH_AMERICA,Rio de Janeiro,,,,2016-09-17T19:37,False,Paula Romano,iNaturalist,http://creativecommons.org/licenses/by-nc/4.0/,Paula Romano,https://inaturalist-open-data.s3.amazonaws.com/photos/215050460/original.png; https://inaturalist-open-data.s3.amazonaws.com/photos/215050515/original.png; https://inaturalist-open-data.s3.amazonaws.com/photos/215050576/original.png; https://inaturalist-open-data.s3.amazonaws.com/photos/215050626/original.png; https://inaturalist-open-data.s3.amazonaws.com/photos/215050750/original.png; https://inaturalist-open-data.s3.amazonaws.com/photos/215050803/original.png; https://inaturalist-open-data.s3.amazonaws.com/photos/215050850/original.png; https://inaturalist-open-data.s3.amazonaws.com/photos/215050915/original.png,k-brazil,2024-10-22 05:34:40
original_3873672288_7.png,2698018,Aechmea distichantha,7.198,"Thalurania glaucopis (J.F.Gmelin, 1788)",2476548,-22.446659,-44.601438,61.0,SOUTH_AMERICA,Rio de Janeiro,,,,2016-09-17T19:37,False,Paula Romano,iNaturalist,http://creativecommons.org/licenses/by-nc/4.0/,Paula Romano,https://inaturalist-open-data.s3.amazonaws.com/photos/215050460/original.png; https://inaturalist-open-data.s3.amazonaws.com/photos/215050515/original.png; https://inaturalist-open-data.s3.amazonaws.com/photos/215050576/original.png; https://inaturalist-open-data.s3.amazonaws.com/photos/215050626/original.png; https://inaturalist-open-data.s3.amazonaws.com/photos/215050750/original.png; https://inaturalist-open-data.s3.amazonaws.com/photos/215050803/original.png; https://inaturalist-open-data.s3.amazonaws.com/photos/215050850/original.png; https://inaturalist-open-data.s3.amazonaws.com/photos/215050915/original.png,k-brazil,2024-10-22 05:34:43
original_3873672288_8.png,2698018,Aechmea distichantha,9.995,"Thalurania glaucopis (J.F.Gmelin, 1788)",2476548,-22.446659,-44.601438,61.0,SOUTH_AMERICA,Rio de Janeiro,,,,2016-09-17T19:37,False,Paula Romano,iNaturalist,http://creativecommons.org/licenses/by-nc/4.0/,Paula Romano,https://inaturalist-open-data.s3.amazonaws.com/photos/215050460/original.png; https://inaturalist-open-data.s3.amazonaws.com/photos/215050515/original.png; https://inaturalist-open-data.s3.amazonaws.com/photos/215050576/original.png; https://inaturalist-open-data.s3.amazonaws.com/photos/215050626/original.png; https://inaturalist-open-data.s3.amazonaws.com/photos/215050750/original.png; https://inaturalist-open-data.s3.amazonaws.com/photos/215050803/original.png; https://inaturalist-open-data.s3.amazonaws.com/photos/215050850/original.png; https://inaturalist-open-data.s3.amazonaws.com/photos/215050915/original.png,k-brazil,2024-10-22 05:34:46
original_3873677002_1.jpeg,2792457,Polystachya concreta,4.572,"Thalurania glaucopis (J.F.Gmelin, 1788)",2476548,-25.684861,-54.438391,15.0,SOUTH_AMERICA,Paraná,,,,2022-07-11T16:23:59,False,Donald Pendleton,iNaturalist,http://creativecommons.org/licenses/by-nc/4.0/,Donald Pendleton,https://inaturalist-open-data.s3.amazonaws.com/photos/213442057/original.jpeg; https://inaturalist-open-data.s3.amazonaws.com/photos/213442093/original.jpeg,k-southern-south-america,2024-10-22 05:34:48
original_3873677002_2.jpeg,5677150,Chrysopogon zizanioides,3.363,"Thalurania glaucopis (J.F.Gmelin, 1788)",2476548,-25.684861,-54.438391,15.0,SOUTH_AMERICA,Paraná,,,,2022-07-11T16:23:59,False,Donald Pendleton,iNaturalist,http://creativecommons.org/licenses/by-nc/4.0/,Donald Pendleton,https://inaturalist-open-data.s3.amazonaws.com/photos/213442057/original.jpeg; https://inaturalist-open-data.s3.amazonaws.com/photos/213442093/original.jpeg,k-southern-south-america,2024-10-22 05:34:50
original_3873698202_1.jpeg,4927441,Selenicereus setaceus,3.517,"Thalurania glaucopis (J.F.Gmelin, 1788)",2476548,-22.446659,-44.601009,61.0,SOUTH_AMERICA,Rio de Janeiro,,,,2009-02-06T08:19,False,Paula Romano,iNaturalist,http://creativecommons.org/licenses/by-nc/4.0/,Paula Romano,https://inaturalist-open-data.s3.amazonaws.com/photos/215049001/original.jpeg; https://inaturalist-open-data.s3.amazonaws.com/photos/215049028/original.jpeg,k-brazil,2024-10-22 05:34:53
original_3873698202_2.jpeg,4927441,Selenicereus setaceus,22.96,"Thalurania glaucopis (J.F.Gmelin, 1788)",2476548,-22.446659,-44.601009,61.0,SOUTH_AMERICA,Rio de Janeiro,,,,2009-02-06T08:19,False,Paula Romano,iNaturalist,http://creativecommons.org/licenses/by-nc/4.0/,Paula Romano,https://inaturalist-open-data.s3.amazonaws.com/photos/215049001/original.jpeg; https://inaturalist-open-data.s3.amazonaws.com/photos/215049028/original.jpeg,k-brazil,2024-10-22 05:34:54
original_3873768539_1.jpg,3191361,Byrsonima crassifolia,0.388,"Thalurania glaucopis (J.F.Gmelin, 1788)",2476548,-22.43207,-44.615286,73.0,SOUTH_AMERICA,Rio de Janeiro,,,,2022-07-12T14:55:21,False,Jacob Riggs,iNaturalist,http://creativecommons.org/licenses/by-nc/4.0/,Jacob Riggs,https://inaturalist-open-data.s3.amazonaws.com/photos/213721098/original.jpg,k-brazil,2024-10-22 05:34:58
original_3873779057_1.jpeg,7294305,Cantua buxifolia,0.544,"Thalurania glaucopis (J.F.Gmelin, 1788)",2476548,-25.600325,-54.568631,61.0,SOUTH_AMERICA,Misiones,,,,2022-07-07T11:16,False,demianlescano,iNaturalist,http://creativecommons.org/licenses/by-nc/4.0/,demianlescano,https://inaturalist-open-data.s3.amazonaws.com/photos/215323599/original.jpeg,k-southern-south-america,2024-10-22 05:35:01
original_3873883781_1.jpeg,5407571,Annona mucosa,4.7989999999999995,"Thalurania glaucopis (J.F.Gmelin, 1788)",2476548,-22.440154,-44.607404,61.0,SOUTH_AMERICA,Rio de Janeiro,,,,2008-08-14T16:04,False,Paula Romano,iNaturalist,http://creativecommons.org/licenses/by-nc/4.0/,Paula Romano,https://inaturalist-open-data.s3.amazonaws.com/photos/217403369/original.jpeg,k-brazil,2024-10-22 05:35:08
original_3874034688_1.jpg,8249932,Salvia splendens,16.965,"Thalurania glaucopis (J.F.Gmelin, 1788)",2476548,-23.584738,-45.82456,8.0,SOUTH_AMERICA,São Paulo,,,,2022-07-20,False,Luciano Bernardes,iNaturalist,http://creativecommons.org/licenses/by-nc/4.0/,Luciano Bernardes,https://inaturalist-open-data.s3.amazonaws.com/photos/216091780/original.jpg,k-brazil,2024-10-22 05:35:10
original_3874051305_1.jpeg,5319583,Cyrtopodium parviflorum,2.726,"Thalurania glaucopis (J.F.Gmelin, 1788)",2476548,-22.44654,-44.601181,61.0,SOUTH_AMERICA,Rio de Janeiro,,,,2015-08-28T16:25,False,Paula Romano,iNaturalist,http://creativecommons.org/licenses/by-nc/4.0/,Paula Romano,https://inaturalist-open-data.s3.amazonaws.com/photos/215048918/original.jpeg; https://inaturalist-open-data.s3.amazonaws.com/photos/215048954/original.jpeg,k-brazil,2024-10-22 05:35:12
original_3874051305_2.jpeg,5319583,Cyrtopodium parviflorum,2.255,"Thalurania glaucopis (J.F.Gmelin, 1788)",2476548,-22.44654,-44.601181,61.0,SOUTH_AMERICA,Rio de Janeiro,,,,2015-08-28T16:25,False,Paula Romano,iNaturalist,http://creativecommons.org/licenses/by-nc/4.0/,Paula Romano,https://inaturalist-open-data.s3.amazonaws.com/photos/215048918/original.jpeg; https://inaturalist-open-data.s3.amazonaws.com/photos/215048954/original.jpeg,k-brazil,2024-10-22 05:35:14
original_3874054377_1.jpeg,5321877,Ionopsis utricularioides,45.71,"Thalurania glaucopis (J.F.Gmelin, 1788)",2476548,-23.937717,-47.614743,215.0,SOUTH_AMERICA,São Paulo,,,,2022-07-17T08:42,False,leco,iNaturalist,http://creativecommons.org/licenses/by-nc/4.0/,leco,https://inaturalist-open-data.s3.amazonaws.com/photos/216282503/original.jpeg,k-brazil,2024-10-22 05:35:17
original_3874193131_1.jpg,2874863,Bixa orellana,8.283,"Thalurania glaucopis (J.F.Gmelin, 1788)",2476548,-25.727599,-54.475002,16072.0,SOUTH_AMERICA,Misiones,,,,2022-07-19T13:36,False,DIEGO.J.PALACIOS.R,iNaturalist,http://creativecommons.org/licenses/by-nc/4.0/,DIEGO.J.PALACIOS.R,https://inaturalist-open-data.s3.amazonaws.com/photos/215849691/original.jpg,k-southern-south-america,2024-10-22 05:35:20
original_3874204944_1.jpeg,2925303,Lantana camara,19.536,"Thalurania glaucopis (J.F.Gmelin, 1788)",2476548,-22.333263,-42.533306,156.0,SOUTH_AMERICA,Rio de Janeiro,,,,2022-07-17T10:40,False,Jardel Leite,iNaturalist,http://creativecommons.org/licenses/by-nc/4.0/,Jardel Leite,https://inaturalist-open-data.s3.amazonaws.com/photos/215041222/original.jpeg,k-brazil,2024-10-22 05:35:23
original_3881538334_1.jpg,5333448,Cyrilla racemiflora,2.252,"Thalurania glaucopis (J.F.Gmelin, 1788)",2476548,-19.937458,-40.600422,5.0,SOUTH_AMERICA,Espírito Santo,,,,2022-07-30T10:28:39,False,Claudio Novaes,iNaturalist,http://creativecommons.org/licenses/by-nc/4.0/,Claudio Novaes,https://inaturalist-open-data.s3.amazonaws.com/photos/218783495/original.jpg,k-brazil,2024-10-22 05:35:25
original_3881621743_1.jpeg,7304860,Piper arboreum,0.5599999999999999,"Thalurania glaucopis (J.F.Gmelin, 1788)",2476548,-25.621802,-54.476072,198.0,SOUTH_AMERICA,Paraná,,,,2012-02-25T14:14,False,@iguazuexplorer,iNaturalist,http://creativecommons.org/licenses/by-nc/4.0/,@iguazuexplorer,https://inaturalist-open-data.s3.amazonaws.com/photos/219271094/original.jpeg,k-southern-south-america,2024-10-22 05:35:27
original_3881638311_1.jpeg,4013385,Cecropia pachystachya,2.46,"Thalurania glaucopis (J.F.Gmelin, 1788)",2476548,-23.781184,-46.302346,1.0,SOUTH_AMERICA,São Paulo,,,,2022-07-21T11:20,False,miguelmagro,iNaturalist,http://creativecommons.org/licenses/by-nc/4.0/,miguelmagro,https://inaturalist-open-data.s3.amazonaws.com/photos/219239631/original.jpeg,k-brazil,2024-10-22 05:35:30
original_3881748696_1.jpg,2696538,Quesnelia quesneliana,85.38900000000001,"Thalurania glaucopis (J.F.Gmelin, 1788)",2476548,-19.935775,-40.59983,10.0,SOUTH_AMERICA,Espírito Santo,,,,2022-07-27T14:17:37,False,Claudio Novaes,iNaturalist,http://creativecommons.org/licenses/by-nc/4.0/,Claudio Novaes,https://inaturalist-open-data.s3.amazonaws.com/photos/217732568/original.jpg; https://inaturalist-open-data.s3.amazonaws.com/photos/217732597/original.jpg; https://inaturalist-open-data.s3.amazonaws.com/photos/217732616/original.jpg; https://inaturalist-open-data.s3.amazonaws.com/photos/217732630/original.jpg,k-brazil,2024-10-22 05:35:43
original_3881748696_2.jpg,2696538,Quesnelia quesneliana,81.741,"Thalurania glaucopis (J.F.Gmelin, 1788)",2476548,-19.935775,-40.59983,10.0,SOUTH_AMERICA,Espírito Santo,,,,2022-07-27T14:17:37,False,Claudio Novaes,iNaturalist,http://creativecommons.org/licenses/by-nc/4.0/,Claudio Novaes,https://inaturalist-open-data.s3.amazonaws.com/photos/217732568/original.jpg; https://inaturalist-open-data.s3.amazonaws.com/photos/217732597/original.jpg; https://inaturalist-open-data.s3.amazonaws.com/photos/217732616/original.jpg; https://inaturalist-open-data.s3.amazonaws.com/photos/217732630/original.jpg,k-brazil,2024-10-22 05:35:45
original_3881748696_3.jpg,2696538,Quesnelia quesneliana,90.47500000000001,"Thalurania glaucopis (J.F.Gmelin, 1788)",2476548,-19.935775,-40.59983,10.0,SOUTH_AMERICA,Espírito Santo,,,,2022-07-27T14:17:37,False,Claudio Novaes,iNaturalist,http://creativecommons.org/licenses/by-nc/4.0/,Claudio Novaes,https://inaturalist-open-data.s3.amazonaws.com/photos/217732568/original.jpg; https://inaturalist-open-data.s3.amazonaws.com/photos/217732597/original.jpg; https://inaturalist-open-data.s3.amazonaws.com/photos/217732616/original.jpg; https://inaturalist-open-data.s3.amazonaws.com/photos/217732630/original.jpg,k-brazil,2024-10-22 05:35:46
original_3881748696_4.jpg,2698346,Aechmea fasciata,3.225,"Thalurania glaucopis (J.F.Gmelin, 1788)",2476548,-19.935775,-40.59983,10.0,SOUTH_AMERICA,Espírito Santo,,,,2022-07-27T14:17:37,False,Claudio Novaes,iNaturalist,http://creativecommons.org/licenses/by-nc/4.0/,Claudio Novaes,https://inaturalist-open-data.s3.amazonaws.com/photos/217732568/original.jpg; https://inaturalist-open-data.s3.amazonaws.com/photos/217732597/original.jpg; https://inaturalist-open-data.s3.amazonaws.com/photos/217732616/original.jpg; https://inaturalist-open-data.s3.amazonaws.com/photos/217732630/original.jpg,k-brazil,2024-10-22 05:35:48
original_3881847521_1.jpeg,9372542,Miconia rubra,2.101,"Thalurania glaucopis (J.F.Gmelin, 1788)",2476548,-22.290467,-42.549735,491.0,SOUTH_AMERICA,Rio de Janeiro,,,,2022-07-31T11:15:13,False,Jardel Leite,iNaturalist,http://creativecommons.org/licenses/by-nc/4.0/,Jardel Leite,https://inaturalist-open-data.s3.amazonaws.com/photos/218905341/original.jpeg; https://inaturalist-open-data.s3.amazonaws.com/photos/218938399/original.jpeg,k-brazil,2024-10-22 05:35:54
original_3881847521_2.jpeg,8017915,Sapindus saponaria,0.571,"Thalurania glaucopis (J.F.Gmelin, 1788)",2476548,-22.290467,-42.549735,491.0,SOUTH_AMERICA,Rio de Janeiro,,,,2022-07-31T11:15:13,False,Jardel Leite,iNaturalist,http://creativecommons.org/licenses/by-nc/4.0/,Jardel Leite,https://inaturalist-open-data.s3.amazonaws.com/photos/218905341/original.jpeg; https://inaturalist-open-data.s3.amazonaws.com/photos/218938399/original.jpeg,k-brazil,2024-10-22 05:35:58
original_3881847781_5.jpeg,2792457,Polystachya concreta,4.7219999999999995,"Thalurania glaucopis (J.F.Gmelin, 1788)",2476548,-22.261969,-43.012146,4.0,SOUTH_AMERICA,Rio de Janeiro,,,,2022-08-01T16:42,False,claudia_mermelstein,iNaturalist,http://creativecommons.org/licenses/by-nc/4.0/,claudia_mermelstein,https://inaturalist-open-data.s3.amazonaws.com/photos/219398603/original.jpeg; https://inaturalist-open-data.s3.amazonaws.com/photos/219398686/original.jpeg; https://inaturalist-open-data.s3.amazonaws.com/photos/219398751/original.jpeg; https://inaturalist-open-data.s3.amazonaws.com/photos/219398803/original.jpeg; https://inaturalist-open-data.s3.amazonaws.com/photos/219398835/original.jpeg; https://inaturalist-open-data.s3.amazonaws.com/photos/219398893/original.jpeg; https://inaturalist-open-data.s3.amazonaws.com/photos/219398934/original.jpeg; https://inaturalist-open-data.s3.amazonaws.com/photos/219399005/original.jpeg; https://inaturalist-open-data.s3.amazonaws.com/photos/219399945/original.jpg,k-brazil,2024-10-22 05:36:06
original_3881847781_7.jpeg,2792457,Polystachya concreta,2.597,"Thalurania glaucopis (J.F.Gmelin, 1788)",2476548,-22.261969,-43.012146,4.0,SOUTH_AMERICA,Rio de Janeiro,,,,2022-08-01T16:42,False,claudia_mermelstein,iNaturalist,http://creativecommons.org/licenses/by-nc/4.0/,claudia_mermelstein,https://inaturalist-open-data.s3.amazonaws.com/photos/219398603/original.jpeg; https://inaturalist-open-data.s3.amazonaws.com/photos/219398686/original.jpeg; https://inaturalist-open-data.s3.amazonaws.com/photos/219398751/original.jpeg; https://inaturalist-open-data.s3.amazonaws.com/photos/219398803/original.jpeg; https://inaturalist-open-data.s3.amazonaws.com/photos/219398835/original.jpeg; https://inaturalist-open-data.s3.amazonaws.com/photos/219398893/original.jpeg; https://inaturalist-open-data.s3.amazonaws.com/photos/219398934/original.jpeg; https://inaturalist-open-data.s3.amazonaws.com/photos/219399005/original.jpeg; https://inaturalist-open-data.s3.amazonaws.com/photos/219399945/original.jpg,k-brazil,2024-10-22 05:36:08
original_3881847781_8.jpeg,3071171,Hevea brasiliensis,0.673,"Thalurania glaucopis (J.F.Gmelin, 1788)",2476548,-22.261969,-43.012146,4.0,SOUTH_AMERICA,Rio de Janeiro,,,,2022-08-01T16:42,False,claudia_mermelstein,iNaturalist,http://creativecommons.org/licenses/by-nc/4.0/,claudia_mermelstein,https://inaturalist-open-data.s3.amazonaws.com/photos/219398603/original.jpeg; https://inaturalist-open-data.s3.amazonaws.com/photos/219398686/original.jpeg; https://inaturalist-open-data.s3.amazonaws.com/photos/219398751/original.jpeg; https://inaturalist-open-data.s3.amazonaws.com/photos/219398803/original.jpeg; https://inaturalist-open-data.s3.amazonaws.com/photos/219398835/original.jpeg; https://inaturalist-open-data.s3.amazonaws.com/photos/219398893/original.jpeg; https://inaturalist-open-data.s3.amazonaws.com/photos/219398934/original.jpeg; https://inaturalist-open-data.s3.amazonaws.com/photos/219399005/original.jpeg; https://inaturalist-open-data.s3.amazonaws.com/photos/219399945/original.jpg,k-brazil,2024-10-22 05:36:10
original_3888785650_1.jpeg,5706141,Luehea divaricata,2.473,"Thalurania glaucopis (J.F.Gmelin, 1788)",2476548,-23.529816,-47.1374,6419.0,SOUTH_AMERICA,São Paulo,,,,2022-06-03T08:21,False,M. A. Lagares,iNaturalist,http://creativecommons.org/licenses/by-nc/4.0/,M. A. Lagares,https://inaturalist-open-data.s3.amazonaws.com/photos/219743867/original.jpeg,k-brazil,2024-10-22 05:36:15
original_3888788122_1.jpeg,2982349,Calliandra dysantha,30.528,"Thalurania glaucopis (J.F.Gmelin, 1788)",2476548,-23.937629,-47.614507,31.0,SOUTH_AMERICA,São Paulo,,,,2022-07-31T16:18,False,leco,iNaturalist,http://creativecommons.org/licenses/by-nc/4.0/,leco,https://inaturalist-open-data.s3.amazonaws.com/photos/220517652/original.jpeg,k-brazil,2024-10-22 05:36:17
original_3888846814_1.jpg,4092405,Handroanthus chrysotrichus,46.729,"Thalurania glaucopis (J.F.Gmelin, 1788)",2476548,-22.877347,-46.96463,1.0,SOUTH_AMERICA,São Paulo,,,,2022-08-03T10:03,False,Nelson Wisnik,iNaturalist,http://creativecommons.org/licenses/by-nc/4.0/,Nelson Wisnik,https://inaturalist-open-data.s3.amazonaws.com/photos/219795252/original.jpg; https://inaturalist-open-data.s3.amazonaws.com/photos/219795529/original.jpg,k-brazil,2024-10-22 05:36:19
original_3888846814_2.jpg,4092405,Handroanthus chrysotrichus,39.995999999999995,"Thalurania glaucopis (J.F.Gmelin, 1788)",2476548,-22.877347,-46.96463,1.0,SOUTH_AMERICA,São Paulo,,,,2022-08-03T10:03,False,Nelson Wisnik,iNaturalist,http://creativecommons.org/licenses/by-nc/4.0/,Nelson Wisnik,https://inaturalist-open-data.s3.amazonaws.com/photos/219795252/original.jpg; https://inaturalist-open-data.s3.amazonaws.com/photos/219795529/original.jpg,k-brazil,2024-10-22 05:36:22
original_3888889055_1.jpg,2760766,Heliconia hirsuta,19.078,"Thalurania glaucopis (J.F.Gmelin, 1788)",2476548,-23.639265,-46.627016,203.0,SOUTH_AMERICA,São Paulo,,,,2021-02-14T14:28,False,Horacio Alberto Garcia,iNaturalist,http://creativecommons.org/licenses/by-nc/4.0/,Horacio Alberto Garcia,https://inaturalist-open-data.s3.amazonaws.com/photos/221219200/original.jpg,k-brazil,2024-10-22 05:36:24
original_3892408996_1.jpeg,7649215,Cordia alliodora,0.386,"Thalurania glaucopis (J.F.Gmelin, 1788)",2476548,-25.635452,-54.435966,7921.0,SOUTH_AMERICA,Paraná,,,,2022-08-13T11:42:24,False,Bhrenno Trad,iNaturalist,http://creativecommons.org/licenses/by-nc/4.0/,Bhrenno Trad,https://inaturalist-open-data.s3.amazonaws.com/photos/222406791/original.jpeg,k-southern-south-america,2024-10-22 05:36:38
original_3892495586_1.jpg,2792457,Polystachya concreta,6.880999999999999,"Thalurania glaucopis (J.F.Gmelin, 1788)",2476548,-23.447509,-47.067646,1249.0,SOUTH_AMERICA,São Paulo,,,,2022-08-02T09:30,False,Tiago Lubiana,iNaturalist,http://creativecommons.org/publicdomain/zero/1.0/,Tiago Lubiana,https://inaturalist-open-data.s3.amazonaws.com/photos/221353201/original.jpg; https://inaturalist-open-data.s3.amazonaws.com/photos/221353208/original.jpg,k-brazil,2024-10-22 05:36:40
original_3892495586_2.jpg,2792457,Polystachya concreta,2.309,"Thalurania glaucopis (J.F.Gmelin, 1788)",2476548,-23.447509,-47.067646,1249.0,SOUTH_AMERICA,São Paulo,,,,2022-08-02T09:30,False,Tiago Lubiana,iNaturalist,http://creativecommons.org/publicdomain/zero/1.0/,Tiago Lubiana,https://inaturalist-open-data.s3.amazonaws.com/photos/221353201/original.jpg; https://inaturalist-open-data.s3.amazonaws.com/photos/221353208/original.jpg,k-brazil,2024-10-22 05:36:43
original_3892597155_1.jpg,3857366,Sambucus australis,2.341,"Thalurania glaucopis (J.F.Gmelin, 1788)",2476548,-22.451043,-42.770891,49.0,SOUTH_AMERICA,Rio de Janeiro,,,,2022-06-27,False,lappuggla,iNaturalist,http://creativecommons.org/licenses/by-nc/4.0/,lappuggla,https://inaturalist-open-data.s3.amazonaws.com/photos/222801595/original.jpg,k-brazil,2024-10-22 05:36:47
original_3902680651_1.jpeg,5347411,Zygia latifolia,0.125,"Thalurania glaucopis (J.F.Gmelin, 1788)",2476548,-22.557745,-43.049449,1.0,SOUTH_AMERICA,Rio de Janeiro,,,,2021-11-29T22:44,False,edvandroabreuribeiro,iNaturalist,http://creativecommons.org/licenses/by-nc/4.0/,edvandroabreuribeiro,https://inaturalist-open-data.s3.amazonaws.com/photos/224954430/original.jpeg,k-brazil,2024-10-22 05:36:58
original_3902911780_1.jpg,5293403,Euterpe edulis,13.434,"Thalurania glaucopis (J.F.Gmelin, 1788)",2476548,-25.601135,-48.813663,50554.0,SOUTH_AMERICA,Paraná,,,,2022-08-28T13:50,False,babiii,iNaturalist,http://creativecommons.org/licenses/by-nc/4.0/,babiii,https://inaturalist-open-data.s3.amazonaws.com/photos/226001777/original.jpg,k-brazil,2024-10-22 05:37:12
original_3902919889_1.jpeg,2792457,Polystachya concreta,2.884,"Thalurania glaucopis (J.F.Gmelin, 1788)",2476548,-23.727122,-46.496414,2.0,SOUTH_AMERICA,São Paulo,,,,2022-08-27T07:08,False,miguelmagro,iNaturalist,http://creativecommons.org/licenses/by-nc/4.0/,miguelmagro,https://inaturalist-open-data.s3.amazonaws.com/photos/226519572/original.jpeg,k-brazil,2024-10-22 05:37:15
original_3902923855_1.jpeg,Unknown,Unknown,0,"Thalurania glaucopis (J.F.Gmelin, 1788)",2476548,-22.216635,-45.962726,10.0,SOUTH_AMERICA,Minas Gerais,,,,2022-09-07T11:32,False,Lu_Costa0808,iNaturalist,http://creativecommons.org/licenses/by-nc/4.0/,Lu_Costa0808,https://inaturalist-open-data.s3.amazonaws.com/photos/228489893/original.jpeg; https://inaturalist-open-data.s3.amazonaws.com/photos/228489931/original.jpeg; https://inaturalist-open-data.s3.amazonaws.com/photos/228489976/original.jpeg,k-brazil,2024-10-22 05:37:17
original_3902923855_2.jpeg,5379861,Sapium haematospermum,0.9939999999999999,"Thalurania glaucopis (J.F.Gmelin, 1788)",2476548,-22.216635,-45.962726,10.0,SOUTH_AMERICA,Minas Gerais,,,,2022-09-07T11:32,False,Lu_Costa0808,iNaturalist,http://creativecommons.org/licenses/by-nc/4.0/,Lu_Costa0808,https://inaturalist-open-data.s3.amazonaws.com/photos/228489893/original.jpeg; https://inaturalist-open-data.s3.amazonaws.com/photos/228489931/original.jpeg; https://inaturalist-open-data.s3.amazonaws.com/photos/228489976/original.jpeg,k-brazil,2024-10-22 05:37:20
original_3902923855_3.jpeg,Unknown,Unknown,0,"Thalurania glaucopis (J.F.Gmelin, 1788)",2476548,-22.216635,-45.962726,10.0,SOUTH_AMERICA,Minas Gerais,,,,2022-09-07T11:32,False,Lu_Costa0808,iNaturalist,http://creativecommons.org/licenses/by-nc/4.0/,Lu_Costa0808,https://inaturalist-open-data.s3.amazonaws.com/photos/228489893/original.jpeg; https://inaturalist-open-data.s3.amazonaws.com/photos/228489931/original.jpeg; https://inaturalist-open-data.s3.amazonaws.com/photos/228489976/original.jpeg,k-brazil,2024-10-22 05:37:22
original_3903028975_1.jpeg,3937390,Malvaviscus concinnus,2.259,"Thalurania glaucopis (J.F.Gmelin, 1788)",2476548,-23.142666,-44.16716,77.0,SOUTH_AMERICA,Rio de Janeiro,,,,2022-09-05T16:05:40,False,Ben Costamagna,iNaturalist,http://creativecommons.org/licenses/by/4.0/,Ben Costamagna,https://inaturalist-open-data.s3.amazonaws.com/photos/228027141/original.jpeg; https://inaturalist-open-data.s3.amazonaws.com/photos/228027254/original.jpeg; https://inaturalist-open-data.s3.amazonaws.com/photos/228027334/original.jpeg,k-brazil,2024-10-22 05:37:24
original_3903028975_2.jpeg,3937390,Malvaviscus concinnus,0.654,"Thalurania glaucopis (J.F.Gmelin, 1788)",2476548,-23.142666,-44.16716,77.0,SOUTH_AMERICA,Rio de Janeiro,,,,2022-09-05T16:05:40,False,Ben Costamagna,iNaturalist,http://creativecommons.org/licenses/by/4.0/,Ben Costamagna,https://inaturalist-open-data.s3.amazonaws.com/photos/228027141/original.jpeg; https://inaturalist-open-data.s3.amazonaws.com/photos/228027254/original.jpeg; https://inaturalist-open-data.s3.amazonaws.com/photos/228027334/original.jpeg,k-brazil,2024-10-22 05:37:26
original_3903028975_3.jpeg,8220878,Callianthe megapotamica,5.24,"Thalurania glaucopis (J.F.Gmelin, 1788)",2476548,-23.142666,-44.16716,77.0,SOUTH_AMERICA,Rio de Janeiro,,,,2022-09-05T16:05:40,False,Ben Costamagna,iNaturalist,http://creativecommons.org/licenses/by/4.0/,Ben Costamagna,https://inaturalist-open-data.s3.amazonaws.com/photos/228027141/original.jpeg; https://inaturalist-open-data.s3.amazonaws.com/photos/228027254/original.jpeg; https://inaturalist-open-data.s3.amazonaws.com/photos/228027334/original.jpeg,k-brazil,2024-10-22 05:37:28
original_3903033668_1.jpeg,7298689,Cybistax antisyphilitica,18.778,"Thalurania glaucopis (J.F.Gmelin, 1788)",2476548,-22.557583,-43.04968,1.0,SOUTH_AMERICA,Rio de Janeiro,,,,2022-09-01T13:57,False,edvandroabreuribeiro,iNaturalist,http://creativecommons.org/licenses/by-nc/4.0/,edvandroabreuribeiro,https://inaturalist-open-data.s3.amazonaws.com/photos/227634833/original.jpeg; https://inaturalist-open-data.s3.amazonaws.com/photos/227634907/original.jpeg,k-brazil,2024-10-22 05:37:32
original_3903582744_1.jpeg,2705621,Paspalum notatum,4.397,"Thalurania glaucopis (J.F.Gmelin, 1788)",2476548,-23.244462,-44.642697,137.0,SOUTH_AMERICA,Rio de Janeiro,,,,2022-09-11T08:54:31,False,Ben Costamagna,iNaturalist,http://creativecommons.org/licenses/by/4.0/,Ben Costamagna,https://inaturalist-open-data.s3.amazonaws.com/photos/229430587/original.jpeg,k-brazil,2024-10-22 05:37:43
original_3911977871_1.jpg,7900084,Callianthe picta,6.476,"Thalurania glaucopis (J.F.Gmelin, 1788)",2476548,-23.584738,-45.82456,8.0,SOUTH_AMERICA,São Paulo,,,,2022-08-26,False,Luciano Bernardes,iNaturalist,http://creativecommons.org/licenses/by-nc/4.0/,Luciano Bernardes,https://inaturalist-open-data.s3.amazonaws.com/photos/230253889/original.jpg,k-brazil,2024-10-22 05:37:45
original_3912135595_1.jpg,8249932,Salvia splendens,10.195,"Thalurania glaucopis (J.F.Gmelin, 1788)",2476548,-23.584738,-45.82456,8.0,SOUTH_AMERICA,São Paulo,,,,2022-08-26,False,Luciano Bernardes,iNaturalist,http://creativecommons.org/licenses/by-nc/4.0/,Luciano Bernardes,https://inaturalist-open-data.s3.amazonaws.com/photos/230253350/original.jpg; https://inaturalist-open-data.s3.amazonaws.com/photos/230253368/original.jpg,k-brazil,2024-10-22 05:37:47
original_3912135595_2.jpg,8249932,Salvia splendens,6.935,"Thalurania glaucopis (J.F.Gmelin, 1788)",2476548,-23.584738,-45.82456,8.0,SOUTH_AMERICA,São Paulo,,,,2022-08-26,False,Luciano Bernardes,iNaturalist,http://creativecommons.org/licenses/by-nc/4.0/,Luciano Bernardes,https://inaturalist-open-data.s3.amazonaws.com/photos/230253350/original.jpg; https://inaturalist-open-data.s3.amazonaws.com/photos/230253368/original.jpg,k-brazil,2024-10-22 05:37:48
original_3912174660_1.jpg,7900084,Callianthe picta,39.12,"Thalurania glaucopis (J.F.Gmelin, 1788)",2476548,-23.584738,-45.82456,8.0,SOUTH_AMERICA,São Paulo,,,,2022-08-26,False,Luciano Bernardes,iNaturalist,http://creativecommons.org/licenses/by-nc/4.0/,Luciano Bernardes,https://inaturalist-open-data.s3.amazonaws.com/photos/230253394/original.jpg; https://inaturalist-open-data.s3.amazonaws.com/photos/230253406/original.jpg; https://inaturalist-open-data.s3.amazonaws.com/photos/230253423/original.jpg; https://inaturalist-open-data.s3.amazonaws.com/photos/230253442/original.jpg; https://inaturalist-open-data.s3.amazonaws.com/photos/230253519/original.jpg,k-brazil,2024-10-22 05:37:52
original_3912174660_2.jpg,7900084,Callianthe picta,25.198999999999998,"Thalurania glaucopis (J.F.Gmelin, 1788)",2476548,-23.584738,-45.82456,8.0,SOUTH_AMERICA,São Paulo,,,,2022-08-26,False,Luciano Bernardes,iNaturalist,http://creativecommons.org/licenses/by-nc/4.0/,Luciano Bernardes,https://inaturalist-open-data.s3.amazonaws.com/photos/230253394/original.jpg; https://inaturalist-open-data.s3.amazonaws.com/photos/230253406/original.jpg; https://inaturalist-open-data.s3.amazonaws.com/photos/230253423/original.jpg; https://inaturalist-open-data.s3.amazonaws.com/photos/230253442/original.jpg; https://inaturalist-open-data.s3.amazonaws.com/photos/230253519/original.jpg,k-brazil,2024-10-22 05:37:54
original_3912174660_3.jpg,8162439,Callianthe striata,46.644000000000005,"Thalurania glaucopis (J.F.Gmelin, 1788)",2476548,-23.584738,-45.82456,8.0,SOUTH_AMERICA,São Paulo,,,,2022-08-26,False,Luciano Bernardes,iNaturalist,http://creativecommons.org/licenses/by-nc/4.0/,Luciano Bernardes,https://inaturalist-open-data.s3.amazonaws.com/photos/230253394/original.jpg; https://inaturalist-open-data.s3.amazonaws.com/photos/230253406/original.jpg; https://inaturalist-open-data.s3.amazonaws.com/photos/230253423/original.jpg; https://inaturalist-open-data.s3.amazonaws.com/photos/230253442/original.jpg; https://inaturalist-open-data.s3.amazonaws.com/photos/230253519/original.jpg,k-brazil,2024-10-22 05:37:56
original_3912174660_4.jpg,7900084,Callianthe picta,49.164,"Thalurania glaucopis (J.F.Gmelin, 1788)",2476548,-23.584738,-45.82456,8.0,SOUTH_AMERICA,São Paulo,,,,2022-08-26,False,Luciano Bernardes,iNaturalist,http://creativecommons.org/licenses/by-nc/4.0/,Luciano Bernardes,https://inaturalist-open-data.s3.amazonaws.com/photos/230253394/original.jpg; https://inaturalist-open-data.s3.amazonaws.com/photos/230253406/original.jpg; https://inaturalist-open-data.s3.amazonaws.com/photos/230253423/original.jpg; https://inaturalist-open-data.s3.amazonaws.com/photos/230253442/original.jpg; https://inaturalist-open-data.s3.amazonaws.com/photos/230253519/original.jpg,k-brazil,2024-10-22 05:37:58
original_3912174660_5.jpg,7900084,Callianthe picta,60.74699999999999,"Thalurania glaucopis (J.F.Gmelin, 1788)",2476548,-23.584738,-45.82456,8.0,SOUTH_AMERICA,São Paulo,,,,2022-08-26,False,Luciano Bernardes,iNaturalist,http://creativecommons.org/licenses/by-nc/4.0/,Luciano Bernardes,https://inaturalist-open-data.s3.amazonaws.com/photos/230253394/original.jpg; https://inaturalist-open-data.s3.amazonaws.com/photos/230253406/original.jpg; https://inaturalist-open-data.s3.amazonaws.com/photos/230253423/original.jpg; https://inaturalist-open-data.s3.amazonaws.com/photos/230253442/original.jpg; https://inaturalist-open-data.s3.amazonaws.com/photos/230253519/original.jpg,k-brazil,2024-10-22 05:38:00
original_3912245697_1.jpeg,7313548,Passiflora capsularis,1.225,"Thalurania glaucopis (J.F.Gmelin, 1788)",2476548,-23.342905,-44.840331,,SOUTH_AMERICA,São Paulo,,,,2022-09-14T11:59:40,False,Nathan Ruser,iNaturalist,http://creativecommons.org/licenses/by/4.0/,Nathan Ruser,https://inaturalist-open-data.s3.amazonaws.com/photos/231525643/original.jpeg,k-brazil,2024-10-22 05:38:05
original_3912265775_2.jpeg,6358534,Ficus insipida,6.837999999999999,"Thalurania glaucopis (J.F.Gmelin, 1788)",2476548,-22.898453,-46.184799,183.0,SOUTH_AMERICA,São Paulo,,,,2022-09-10T17:35:28,False,Tiago Lubiana,iNaturalist,http://creativecommons.org/publicdomain/zero/1.0/,Tiago Lubiana,https://inaturalist-open-data.s3.amazonaws.com/photos/231407947/original.jpeg; https://inaturalist-open-data.s3.amazonaws.com/photos/231407967/original.jpeg,k-brazil,2024-10-22 05:38:11
original_3912290566_1.jpg,8249932,Salvia splendens,24.73,"Thalurania glaucopis (J.F.Gmelin, 1788)",2476548,-23.584738,-45.82456,8.0,SOUTH_AMERICA,São Paulo,,,,2022-08-26,False,Luciano Bernardes,iNaturalist,http://creativecommons.org/licenses/by-nc/4.0/,Luciano Bernardes,https://inaturalist-open-data.s3.amazonaws.com/photos/230253925/original.jpg,k-brazil,2024-10-22 05:38:13
original_3912346459_1.jpeg,7869676,Helicteres guazumifolia,9.610000000000001,"Thalurania glaucopis (J.F.Gmelin, 1788)",2476548,-22.546364,-43.042371,4.0,SOUTH_AMERICA,Rio de Janeiro,,,,2022-09-15T16:03,False,Victor Hugo Rebecchi Siqueira,iNaturalist,http://creativecommons.org/licenses/by-nc/4.0/,Victor Hugo Rebecchi Siqueira,https://inaturalist-open-data.s3.amazonaws.com/photos/230498717/original.jpeg; https://inaturalist-open-data.s3.amazonaws.com/photos/230498764/original.jpeg; https://inaturalist-open-data.s3.amazonaws.com/photos/230498812/original.jpeg; https://inaturalist-open-data.s3.amazonaws.com/photos/230498861/original.jpeg,k-brazil,2024-10-22 05:38:15
original_3912346459_2.jpeg,2984501,Trema micranthum,2.826,"Thalurania glaucopis (J.F.Gmelin, 1788)",2476548,-22.546364,-43.042371,4.0,SOUTH_AMERICA,Rio de Janeiro,,,,2022-09-15T16:03,False,Victor Hugo Rebecchi Siqueira,iNaturalist,http://creativecommons.org/licenses/by-nc/4.0/,Victor Hugo Rebecchi Siqueira,https://inaturalist-open-data.s3.amazonaws.com/photos/230498717/original.jpeg; https://inaturalist-open-data.s3.amazonaws.com/photos/230498764/original.jpeg; https://inaturalist-open-data.s3.amazonaws.com/photos/230498812/original.jpeg; https://inaturalist-open-data.s3.amazonaws.com/photos/230498861/original.jpeg,k-brazil,2024-10-22 05:38:17
original_3912346459_3.jpeg,2984501,Trema micranthum,10.838000000000001,"Thalurania glaucopis (J.F.Gmelin, 1788)",2476548,-22.546364,-43.042371,4.0,SOUTH_AMERICA,Rio de Janeiro,,,,2022-09-15T16:03,False,Victor Hugo Rebecchi Siqueira,iNaturalist,http://creativecommons.org/licenses/by-nc/4.0/,Victor Hugo Rebecchi Siqueira,https://inaturalist-open-data.s3.amazonaws.com/photos/230498717/original.jpeg; https://inaturalist-open-data.s3.amazonaws.com/photos/230498764/original.jpeg; https://inaturalist-open-data.s3.amazonaws.com/photos/230498812/original.jpeg; https://inaturalist-open-data.s3.amazonaws.com/photos/230498861/original.jpeg,k-brazil,2024-10-22 05:38:20
original_3912346459_4.jpeg,2984501,Trema micranthum,12.445,"Thalurania glaucopis (J.F.Gmelin, 1788)",2476548,-22.546364,-43.042371,4.0,SOUTH_AMERICA,Rio de Janeiro,,,,2022-09-15T16:03,False,Victor Hugo Rebecchi Siqueira,iNaturalist,http://creativecommons.org/licenses/by-nc/4.0/,Victor Hugo Rebecchi Siqueira,https://inaturalist-open-data.s3.amazonaws.com/photos/230498717/original.jpeg; https://inaturalist-open-data.s3.amazonaws.com/photos/230498764/original.jpeg; https://inaturalist-open-data.s3.amazonaws.com/photos/230498812/original.jpeg; https://inaturalist-open-data.s3.amazonaws.com/photos/230498861/original.jpeg,k-brazil,2024-10-22 05:38:22
original_3915576700_1.jpeg,5379861,Sapium haematospermum,4.138,"Thalurania glaucopis (J.F.Gmelin, 1788)",2476548,-22.795401,-45.666546,3906.0,SOUTH_AMERICA,São Paulo,,,,2022-09-16T17:13,False,Frederico Machado,iNaturalist,http://creativecommons.org/licenses/by-nc/4.0/,Frederico Machado,https://inaturalist-open-data.s3.amazonaws.com/photos/232542377/original.jpeg,k-brazil,2024-10-22 05:38:29
original_3915598360_1.jpg,3698513,Combretum fruticosum,1.306,"Thalurania glaucopis (J.F.Gmelin, 1788)",2476548,-22.215779,-45.960808,16.0,SOUTH_AMERICA,Minas Gerais,,,,2022-09-18T15:19,False,Lu_Costa0808,iNaturalist,http://creativecommons.org/licenses/by-nc/4.0/,Lu_Costa0808,https://inaturalist-open-data.s3.amazonaws.com/photos/232211673/original.jpg,k-brazil,2024-10-22 05:38:32
original_3915656443_1.jpg,5289756,Phalaris arundinacea,1.38,"Thalurania glaucopis (J.F.Gmelin, 1788)",2476548,-23.762197,-46.337723,61.0,SOUTH_AMERICA,São Paulo,,,,2022-09-03T09:53,False,pupingb,iNaturalist,http://creativecommons.org/licenses/by-nc/4.0/,pupingb,https://inaturalist-open-data.s3.amazonaws.com/photos/233199370/original.jpg,k-brazil,2024-10-22 05:38:35
original_3923350511_1.jpg,5288819,Ananas comosus,86.13499999999999,"Thalurania glaucopis (J.F.Gmelin, 1788)",2476548,-25.628785,-54.437254,7443.0,SOUTH_AMERICA,Paraná,,,,2022-10-01T13:05,False,Bhrenno Trad,iNaturalist,http://creativecommons.org/licenses/by-nc/4.0/,Bhrenno Trad,https://inaturalist-open-data.s3.amazonaws.com/photos/234786965/original.jpg; https://inaturalist-open-data.s3.amazonaws.com/photos/234787411/original.jpeg; https://inaturalist-open-data.s3.amazonaws.com/photos/234787444/original.jpeg,k-southern-south-america,2024-10-22 05:38:37
original_3923544786_1.jpg,3778711,Pachystachys coccinea,9.957,"Thalurania glaucopis (J.F.Gmelin, 1788)",2476548,-23.259304,-44.719377,15.0,SOUTH_AMERICA,Rio de Janeiro,,,,2022-07-29T10:20,False,Volpe,iNaturalist,http://creativecommons.org/licenses/by-nc/4.0/,Volpe,https://inaturalist-open-data.s3.amazonaws.com/photos/233468975/original.jpg,k-brazil,2024-10-22 05:38:43
original_3925249371_1.jpeg,5321877,Ionopsis utricularioides,2.886,"Thalurania glaucopis (J.F.Gmelin, 1788)",2476548,-25.382915,-49.367234,3883.0,SOUTH_AMERICA,Paraná,,,,2022-10-08T08:30,False,Fábio Max Marschner Mayer,iNaturalist,http://creativecommons.org/licenses/by-nc/4.0/,Fábio Max Marschner Mayer,https://inaturalist-open-data.s3.amazonaws.com/photos/235995947/original.jpeg,k-brazil,2024-10-22 05:38:46
original_3925275639_1.jpg,3066465,Euphorbia pulcherrima,44.035000000000004,"Thalurania glaucopis (J.F.Gmelin, 1788)",2476548,-23.431972,-46.609033,203.0,SOUTH_AMERICA,São Paulo,,,,2022-10-09T09:40,False,Lucas A. Giovannini,iNaturalist,http://creativecommons.org/licenses/by-nc/4.0/,Lucas A. Giovannini,https://inaturalist-open-data.s3.amazonaws.com/photos/236594293/original.jpg; https://inaturalist-open-data.s3.amazonaws.com/photos/236594299/original.jpg; https://inaturalist-open-data.s3.amazonaws.com/photos/236594306/original.jpg,k-brazil,2024-10-22 05:38:48
original_3925275639_2.jpg,3066465,Euphorbia pulcherrima,4.692,"Thalurania glaucopis (J.F.Gmelin, 1788)",2476548,-23.431972,-46.609033,203.0,SOUTH_AMERICA,São Paulo,,,,2022-10-09T09:40,False,Lucas A. Giovannini,iNaturalist,http://creativecommons.org/licenses/by-nc/4.0/,Lucas A. Giovannini,https://inaturalist-open-data.s3.amazonaws.com/photos/236594293/original.jpg; https://inaturalist-open-data.s3.amazonaws.com/photos/236594299/original.jpg; https://inaturalist-open-data.s3.amazonaws.com/photos/236594306/original.jpg,k-brazil,2024-10-22 05:38:50
original_3925381422_1.jpeg,5350336,Derris trifoliata,1.013,"Thalurania glaucopis (J.F.Gmelin, 1788)",2476548,-22.52384,-43.030572,1.0,SOUTH_AMERICA,Rio de Janeiro,,,,2019-12-23T09:22,False,edvandroabreuribeiro,iNaturalist,http://creativecommons.org/licenses/by-nc/4.0/,edvandroabreuribeiro,https://inaturalist-open-data.s3.amazonaws.com/photos/236176485/original.jpeg,k-brazil,2024-10-22 05:38:56
original_3925423930_1.jpeg,5938619,Henriettea caudata,51.659,"Thalurania glaucopis (J.F.Gmelin, 1788)",2476548,-22.548683,-43.056268,8.0,SOUTH_AMERICA,Rio de Janeiro,,,,2009-04-13T09:23,False,edvandroabreuribeiro,iNaturalist,http://creativecommons.org/licenses/by-nc/4.0/,edvandroabreuribeiro,https://inaturalist-open-data.s3.amazonaws.com/photos/235274490/original.jpeg,k-brazil,2024-10-22 05:38:59
original_3947585695_1.jpeg,2932944,Capsicum annuum,0.627,"Thalurania glaucopis (J.F.Gmelin, 1788)",2476548,-23.469482,-45.169225,203.0,SOUTH_AMERICA,São Paulo,,,,2022-10-22T12:11,False,Jaydon,iNaturalist,http://creativecommons.org/licenses/by-nc/4.0/,Jaydon,https://inaturalist-open-data.s3.amazonaws.com/photos/239385419/original.jpeg; https://inaturalist-open-data.s3.amazonaws.com/photos/246593533/original.jpeg; https://inaturalist-open-data.s3.amazonaws.com/photos/246593543/original.jpeg,k-brazil,2024-10-22 05:39:06
original_3947585695_2.jpeg,2932944,Capsicum annuum,1.236,"Thalurania glaucopis (J.F.Gmelin, 1788)",2476548,-23.469482,-45.169225,203.0,SOUTH_AMERICA,São Paulo,,,,2022-10-22T12:11,False,Jaydon,iNaturalist,http://creativecommons.org/licenses/by-nc/4.0/,Jaydon,https://inaturalist-open-data.s3.amazonaws.com/photos/239385419/original.jpeg; https://inaturalist-open-data.s3.amazonaws.com/photos/246593533/original.jpeg; https://inaturalist-open-data.s3.amazonaws.com/photos/246593543/original.jpeg,k-brazil,2024-10-22 05:39:08
original_3947644726_1.jpeg,3190595,Spondias dulcis,2.688,"Thalurania glaucopis (J.F.Gmelin, 1788)",2476548,-23.469482,-45.169225,203.0,SOUTH_AMERICA,São Paulo,,,,2022-10-22T11:58,False,Jaydon,iNaturalist,http://creativecommons.org/licenses/by-nc/4.0/,Jaydon,https://inaturalist-open-data.s3.amazonaws.com/photos/239384943/original.jpeg; https://inaturalist-open-data.s3.amazonaws.com/photos/246592533/original.jpeg,k-brazil,2024-10-22 05:39:12
original_3947644726_2.jpeg,2895593,Genipa americana,4.3069999999999995,"Thalurania glaucopis (J.F.Gmelin, 1788)",2476548,-23.469482,-45.169225,203.0,SOUTH_AMERICA,São Paulo,,,,2022-10-22T11:58,False,Jaydon,iNaturalist,http://creativecommons.org/licenses/by-nc/4.0/,Jaydon,https://inaturalist-open-data.s3.amazonaws.com/photos/239384943/original.jpeg; https://inaturalist-open-data.s3.amazonaws.com/photos/246592533/original.jpeg,k-brazil,2024-10-22 05:39:14
original_3947831095_1.jpeg,5349719,Erythrina crista-galli,38.117000000000004,"Thalurania glaucopis (J.F.Gmelin, 1788)",2476548,-25.597163,-54.578599,4096.0,SOUTH_AMERICA,Misiones,,,,2022-09-14T18:22,False,Danalí Herr,iNaturalist,http://creativecommons.org/licenses/by-nc/4.0/,Danalí Herr,https://inaturalist-open-data.s3.amazonaws.com/photos/238400639/original.jpeg,k-southern-south-america,2024-10-22 05:39:28
original_3947837309_1.jpg,3698513,Combretum fruticosum,18.762999999999998,"Thalurania glaucopis (J.F.Gmelin, 1788)",2476548,-22.966812,-43.223188,2.0,SOUTH_AMERICA,Rio de Janeiro,,,,2022-10-18T13:38,False,Thomaz de Carvalho Callado,iNaturalist,http://creativecommons.org/licenses/by/4.0/,Thomaz de Carvalho Callado,https://inaturalist-open-data.s3.amazonaws.com/photos/238757171/original.jpg,k-brazil,2024-10-22 05:39:31
original_3960999790_1.jpg,5383804,Gustavia augusta,3.505,"Thalurania glaucopis (J.F.Gmelin, 1788)",2476548,-22.432083,-44.615306,10.0,SOUTH_AMERICA,Rio de Janeiro,,,,2022-10-15T12:52,False,Paul Tavares,iNaturalist,http://creativecommons.org/licenses/by-nc/4.0/,Paul Tavares,https://inaturalist-open-data.s3.amazonaws.com/photos/239706815/original.jpg; https://inaturalist-open-data.s3.amazonaws.com/photos/239706840/original.jpg,k-brazil,2024-10-22 05:39:36
original_3960999790_2.jpg,3617234,Tabernaemontana grandiflora,3.107,"Thalurania glaucopis (J.F.Gmelin, 1788)",2476548,-22.432083,-44.615306,10.0,SOUTH_AMERICA,Rio de Janeiro,,,,2022-10-15T12:52,False,Paul Tavares,iNaturalist,http://creativecommons.org/licenses/by-nc/4.0/,Paul Tavares,https://inaturalist-open-data.s3.amazonaws.com/photos/239706815/original.jpg; https://inaturalist-open-data.s3.amazonaws.com/photos/239706840/original.jpg,k-brazil,2024-10-22 05:39:39
original_3961119110_1.jpeg,2885742,Chrysophyllum argenteum,3.115,"Thalurania glaucopis (J.F.Gmelin, 1788)",2476548,-23.570509,-46.04113,314.0,SOUTH_AMERICA,São Paulo,,,,2022-02-15T16:07,False,Gabriel L. Gomes,iNaturalist,http://creativecommons.org/licenses/by-nc/4.0/,Gabriel L. Gomes,https://inaturalist-open-data.s3.amazonaws.com/photos/240199814/original.jpeg; https://inaturalist-open-data.s3.amazonaws.com/photos/240932469/original.jpeg,k-brazil,2024-10-22 05:39:44
original_3961263977_1.jpeg,3094253,Symphyotrichum subulatum,1.8190000000000002,"Thalurania glaucopis (J.F.Gmelin, 1788)",2476548,-22.384866,-42.431973,30298.0,SOUTH_AMERICA,Rio de Janeiro,,,,2022-10-27T16:45:48,False,A,iNaturalist,http://creativecommons.org/licenses/by/4.0/,A,https://inaturalist-open-data.s3.amazonaws.com/photos/239948927/original.jpeg; https://inaturalist-open-data.s3.amazonaws.com/photos/239948946/original.jpeg; https://inaturalist-open-data.s3.amazonaws.com/photos/239948970/original.jpeg,k-brazil,2024-10-22 05:39:57
original_3961263977_2.jpeg,3140490,Lactuca serriola,1.7840000000000003,"Thalurania glaucopis (J.F.Gmelin, 1788)",2476548,-22.384866,-42.431973,30298.0,SOUTH_AMERICA,Rio de Janeiro,,,,2022-10-27T16:45:48,False,A,iNaturalist,http://creativecommons.org/licenses/by/4.0/,A,https://inaturalist-open-data.s3.amazonaws.com/photos/239948927/original.jpeg; https://inaturalist-open-data.s3.amazonaws.com/photos/239948946/original.jpeg; https://inaturalist-open-data.s3.amazonaws.com/photos/239948970/original.jpeg,k-brazil,2024-10-22 05:39:59
original_3961263977_3.jpeg,3094253,Symphyotrichum subulatum,1.192,"Thalurania glaucopis (J.F.Gmelin, 1788)",2476548,-22.384866,-42.431973,30298.0,SOUTH_AMERICA,Rio de Janeiro,,,,2022-10-27T16:45:48,False,A,iNaturalist,http://creativecommons.org/licenses/by/4.0/,A,https://inaturalist-open-data.s3.amazonaws.com/photos/239948927/original.jpeg; https://inaturalist-open-data.s3.amazonaws.com/photos/239948946/original.jpeg; https://inaturalist-open-data.s3.amazonaws.com/photos/239948970/original.jpeg,k-brazil,2024-10-22 05:40:01
original_3961328113_1.jpeg,2695342,Tillandsia adpressiflora,2.989,"Thalurania glaucopis (J.F.Gmelin, 1788)",2476548,-23.570578,-46.041152,31.0,SOUTH_AMERICA,São Paulo,,,,2022-02-15T18:17,False,Gabriel L. Gomes,iNaturalist,http://creativecommons.org/licenses/by-nc/4.0/,Gabriel L. Gomes,https://inaturalist-open-data.s3.amazonaws.com/photos/240199895/original.jpeg,k-brazil,2024-10-22 05:40:04
original_3961378104_3.jpg,2907406,Chiococca alba,3.06,"Thalurania glaucopis (J.F.Gmelin, 1788)",2476548,-23.570539,-46.041173,31.0,SOUTH_AMERICA,São Paulo,,,,2022-02-14T07:52,False,Gabriel L. Gomes,iNaturalist,http://creativecommons.org/licenses/by-nc/4.0/,Gabriel L. Gomes,https://inaturalist-open-data.s3.amazonaws.com/photos/241267671/original.jpg; https://inaturalist-open-data.s3.amazonaws.com/photos/241448209/original.jpg; https://inaturalist-open-data.s3.amazonaws.com/photos/241859730/original.jpg,k-brazil,2024-10-22 05:40:12
original_3963377397_1.jpg,7486599,Salvia guaranitica,19.814,"Thalurania glaucopis (J.F.Gmelin, 1788)",2476548,-25.856928,-53.975944,84.0,SOUTH_AMERICA,Misiones,,,,2021-10-17T12:26Z,False,Tomás Carranza Perales,iNaturalist,http://creativecommons.org/licenses/by/4.0/,Tomás Carranza Perales,https://inaturalist-open-data.s3.amazonaws.com/photos/170937648/original.jpg,k-southern-south-america,2024-10-22 05:40:14
original_3963555414_1.jpg,4092146,Handroanthus ochraceus,1.054,"Thalurania glaucopis (J.F.Gmelin, 1788)",2476548,-25.600326,-54.568596,20.0,SOUTH_AMERICA,Misiones,,,,2021-12-20T12:04,False,Tomás Carranza Perales,iNaturalist,http://creativecommons.org/licenses/by/4.0/,Tomás Carranza Perales,https://inaturalist-open-data.s3.amazonaws.com/photos/189458725/original.jpg; https://inaturalist-open-data.s3.amazonaws.com/photos/189458744/original.jpg; https://inaturalist-open-data.s3.amazonaws.com/photos/189458769/original.jpg,k-southern-south-america,2024-10-22 05:40:20
original_3963555414_2.jpg,3085622,Petrorhagia nanteuilii,2.996,"Thalurania glaucopis (J.F.Gmelin, 1788)",2476548,-25.600326,-54.568596,20.0,SOUTH_AMERICA,Misiones,,,,2021-12-20T12:04,False,Tomás Carranza Perales,iNaturalist,http://creativecommons.org/licenses/by/4.0/,Tomás Carranza Perales,https://inaturalist-open-data.s3.amazonaws.com/photos/189458725/original.jpg; https://inaturalist-open-data.s3.amazonaws.com/photos/189458744/original.jpg; https://inaturalist-open-data.s3.amazonaws.com/photos/189458769/original.jpg,k-southern-south-america,2024-10-22 05:40:22
original_3963620817_1.jpeg,5571029,Ficus gomelleira,3.7960000000000003,"Thalurania glaucopis (J.F.Gmelin, 1788)",2476548,-23.447452,-47.16783,7325.0,SOUTH_AMERICA,São Paulo,,,,2022-06-02T08:51,False,M. A. Lagares,iNaturalist,http://creativecommons.org/licenses/by-nc/4.0/,M. A. Lagares,https://inaturalist-open-data.s3.amazonaws.com/photos/241423826/original.jpeg,k-brazil,2024-10-22 05:40:27
original_3966442350_2.jpeg,5321877,Ionopsis utricularioides,2.363,"Thalurania glaucopis (J.F.Gmelin, 1788)",2476548,-22.262784,-43.011895,4.0,SOUTH_AMERICA,Rio de Janeiro,,,,2022-11-14T11:27,False,claudia_mermelstein,iNaturalist,http://creativecommons.org/licenses/by-nc/4.0/,claudia_mermelstein,https://inaturalist-open-data.s3.amazonaws.com/photos/243540333/original.jpeg; https://inaturalist-open-data.s3.amazonaws.com/photos/243540398/original.jpeg,k-brazil,2024-10-22 05:40:32
original_3966504080_1.jpg,5314558,Laelia gloriosa,1.384,"Thalurania glaucopis (J.F.Gmelin, 1788)",2476548,-22.500755,-43.587925,9.0,SOUTH_AMERICA,Rio de Janeiro,,,,2022-11-12T12:22:22,False,Felippe Fonseca,iNaturalist,http://creativecommons.org/licenses/by-nc/4.0/,Felippe Fonseca,https://inaturalist-open-data.s3.amazonaws.com/photos/243077282/original.jpg; https://inaturalist-open-data.s3.amazonaws.com/photos/243077303/original.jpg,k-brazil,2024-10-22 05:40:35
original_3966504080_2.jpg,5314558,Laelia gloriosa,0.991,"Thalurania glaucopis (J.F.Gmelin, 1788)",2476548,-22.500755,-43.587925,9.0,SOUTH_AMERICA,Rio de Janeiro,,,,2022-11-12T12:22:22,False,Felippe Fonseca,iNaturalist,http://creativecommons.org/licenses/by-nc/4.0/,Felippe Fonseca,https://inaturalist-open-data.s3.amazonaws.com/photos/243077282/original.jpg; https://inaturalist-open-data.s3.amazonaws.com/photos/243077303/original.jpg,k-brazil,2024-10-22 05:40:37
original_3966618354_3.jpeg,2792457,Polystachya concreta,5.354,"Thalurania glaucopis (J.F.Gmelin, 1788)",2476548,-22.262626,-43.01188,4.0,SOUTH_AMERICA,Rio de Janeiro,,,,2022-11-13T17:44,False,claudia_mermelstein,iNaturalist,http://creativecommons.org/licenses/by-nc/4.0/,claudia_mermelstein,https://inaturalist-open-data.s3.amazonaws.com/photos/243339608/original.jpeg; https://inaturalist-open-data.s3.amazonaws.com/photos/243339638/original.jpeg; https://inaturalist-open-data.s3.amazonaws.com/photos/243339655/original.jpeg; https://inaturalist-open-data.s3.amazonaws.com/photos/243339678/original.jpeg; https://inaturalist-open-data.s3.amazonaws.com/photos/243339709/original.jpeg; https://inaturalist-open-data.s3.amazonaws.com/photos/243339738/original.jpeg; https://inaturalist-open-data.s3.amazonaws.com/photos/243339753/original.jpeg; https://inaturalist-open-data.s3.amazonaws.com/photos/243339772/original.jpeg; https://inaturalist-open-data.s3.amazonaws.com/photos/243339785/original.jpeg,k-brazil,2024-10-22 05:40:44
original_3966618354_4.jpeg,2928589,Ipomoea tricolor,2.299,"Thalurania glaucopis (J.F.Gmelin, 1788)",2476548,-22.262626,-43.01188,4.0,SOUTH_AMERICA,Rio de Janeiro,,,,2022-11-13T17:44,False,claudia_mermelstein,iNaturalist,http://creativecommons.org/licenses/by-nc/4.0/,claudia_mermelstein,https://inaturalist-open-data.s3.amazonaws.com/photos/243339608/original.jpeg; https://inaturalist-open-data.s3.amazonaws.com/photos/243339638/original.jpeg; https://inaturalist-open-data.s3.amazonaws.com/photos/243339655/original.jpeg; https://inaturalist-open-data.s3.amazonaws.com/photos/243339678/original.jpeg; https://inaturalist-open-data.s3.amazonaws.com/photos/243339709/original.jpeg; https://inaturalist-open-data.s3.amazonaws.com/photos/243339738/original.jpeg; https://inaturalist-open-data.s3.amazonaws.com/photos/243339753/original.jpeg; https://inaturalist-open-data.s3.amazonaws.com/photos/243339772/original.jpeg; https://inaturalist-open-data.s3.amazonaws.com/photos/243339785/original.jpeg,k-brazil,2024-10-22 05:40:46
original_3966618354_7.jpeg,2792457,Polystachya concreta,1.603,"Thalurania glaucopis (J.F.Gmelin, 1788)",2476548,-22.262626,-43.01188,4.0,SOUTH_AMERICA,Rio de Janeiro,,,,2022-11-13T17:44,False,claudia_mermelstein,iNaturalist,http://creativecommons.org/licenses/by-nc/4.0/,claudia_mermelstein,https://inaturalist-open-data.s3.amazonaws.com/photos/243339608/original.jpeg; https://inaturalist-open-data.s3.amazonaws.com/photos/243339638/original.jpeg; https://inaturalist-open-data.s3.amazonaws.com/photos/243339655/original.jpeg; https://inaturalist-open-data.s3.amazonaws.com/photos/243339678/original.jpeg; https://inaturalist-open-data.s3.amazonaws.com/photos/243339709/original.jpeg; https://inaturalist-open-data.s3.amazonaws.com/photos/243339738/original.jpeg; https://inaturalist-open-data.s3.amazonaws.com/photos/243339753/original.jpeg; https://inaturalist-open-data.s3.amazonaws.com/photos/243339772/original.jpeg; https://inaturalist-open-data.s3.amazonaws.com/photos/243339785/original.jpeg,k-brazil,2024-10-22 05:40:52
original_3966618354_8.jpeg,2928589,Ipomoea tricolor,14.706,"Thalurania glaucopis (J.F.Gmelin, 1788)",2476548,-22.262626,-43.01188,4.0,SOUTH_AMERICA,Rio de Janeiro,,,,2022-11-13T17:44,False,claudia_mermelstein,iNaturalist,http://creativecommons.org/licenses/by-nc/4.0/,claudia_mermelstein,https://inaturalist-open-data.s3.amazonaws.com/photos/243339608/original.jpeg; https://inaturalist-open-data.s3.amazonaws.com/photos/243339638/original.jpeg; https://inaturalist-open-data.s3.amazonaws.com/photos/243339655/original.jpeg; https://inaturalist-open-data.s3.amazonaws.com/photos/243339678/original.jpeg; https://inaturalist-open-data.s3.amazonaws.com/photos/243339709/original.jpeg; https://inaturalist-open-data.s3.amazonaws.com/photos/243339738/original.jpeg; https://inaturalist-open-data.s3.amazonaws.com/photos/243339753/original.jpeg; https://inaturalist-open-data.s3.amazonaws.com/photos/243339772/original.jpeg; https://inaturalist-open-data.s3.amazonaws.com/photos/243339785/original.jpeg,k-brazil,2024-10-22 05:40:54
original_3966618354_9.jpeg,2792457,Polystachya concreta,3.5520000000000005,"Thalurania glaucopis (J.F.Gmelin, 1788)",2476548,-22.262626,-43.01188,4.0,SOUTH_AMERICA,Rio de Janeiro,,,,2022-11-13T17:44,False,claudia_mermelstein,iNaturalist,http://creativecommons.org/licenses/by-nc/4.0/,claudia_mermelstein,https://inaturalist-open-data.s3.amazonaws.com/photos/243339608/original.jpeg; https://inaturalist-open-data.s3.amazonaws.com/photos/243339638/original.jpeg; https://inaturalist-open-data.s3.amazonaws.com/photos/243339655/original.jpeg; https://inaturalist-open-data.s3.amazonaws.com/photos/243339678/original.jpeg; https://inaturalist-open-data.s3.amazonaws.com/photos/243339709/original.jpeg; https://inaturalist-open-data.s3.amazonaws.com/photos/243339738/original.jpeg; https://inaturalist-open-data.s3.amazonaws.com/photos/243339753/original.jpeg; https://inaturalist-open-data.s3.amazonaws.com/photos/243339772/original.jpeg; https://inaturalist-open-data.s3.amazonaws.com/photos/243339785/original.jpeg,k-brazil,2024-10-22 05:40:57
original_3985906970_2.jpeg,2792457,Polystachya concreta,1.916,"Thalurania glaucopis (J.F.Gmelin, 1788)",2476548,-25.653828,-54.456445,41.0,SOUTH_AMERICA,Paraná,,,,2022-11-10T10:53,False,Tadeo Brühl Day,iNaturalist,http://creativecommons.org/licenses/by-nc/4.0/,Tadeo Brühl Day,https://inaturalist-open-data.s3.amazonaws.com/photos/244860749/original.jpeg; https://inaturalist-open-data.s3.amazonaws.com/photos/244861065/original.jpeg; https://inaturalist-open-data.s3.amazonaws.com/photos/244861080/original.jpeg; https://inaturalist-open-data.s3.amazonaws.com/photos/244861093/original.jpeg,k-southern-south-america,2024-10-22 05:41:05
original_3985906970_4.jpeg,4142909,Rhipidocladum racemiflorum,2.315,"Thalurania glaucopis (J.F.Gmelin, 1788)",2476548,-25.653828,-54.456445,41.0,SOUTH_AMERICA,Paraná,,,,2022-11-10T10:53,False,Tadeo Brühl Day,iNaturalist,http://creativecommons.org/licenses/by-nc/4.0/,Tadeo Brühl Day,https://inaturalist-open-data.s3.amazonaws.com/photos/244860749/original.jpeg; https://inaturalist-open-data.s3.amazonaws.com/photos/244861065/original.jpeg; https://inaturalist-open-data.s3.amazonaws.com/photos/244861080/original.jpeg; https://inaturalist-open-data.s3.amazonaws.com/photos/244861093/original.jpeg,k-southern-south-america,2024-10-22 05:41:09
original_3985930601_1.jpg,5420380,Psidium guajava,3.232,"Thalurania glaucopis (J.F.Gmelin, 1788)",2476548,-25.666096,-54.466821,14748.0,SOUTH_AMERICA,Misiones,,,,2022-11-06T14:58,False,Bhrenno Trad,iNaturalist,http://creativecommons.org/licenses/by-nc/4.0/,Bhrenno Trad,https://inaturalist-open-data.s3.amazonaws.com/photos/244332241/original.jpg,k-southern-south-america,2024-10-22 05:41:13
original_3985952397_2.jpeg,7275879,Souroubea guianensis,2.01,"Thalurania glaucopis (J.F.Gmelin, 1788)",2476548,-23.777307,-45.354928,31.0,SOUTH_AMERICA,São Paulo,,,,2022-11-15T11:07,False,CoyoteFan,iNaturalist,http://creativecommons.org/licenses/by-nc/4.0/,CoyoteFan,https://inaturalist-open-data.s3.amazonaws.com/photos/244107444/original.jpeg; https://inaturalist-open-data.s3.amazonaws.com/photos/244107756/original.jpeg,k-brazil,2024-10-22 05:41:21
original_3985955360_1.jpeg,2874574,Cucumis dipsaceus,0.79,"Thalurania glaucopis (J.F.Gmelin, 1788)",2476548,-24.267343,-48.410898,,SOUTH_AMERICA,São Paulo,,,,2022-09-07T20:33,False,Nathan Ruser,iNaturalist,http://creativecommons.org/licenses/by/4.0/,Nathan Ruser,https://inaturalist-open-data.s3.amazonaws.com/photos/244057938/original.jpeg,k-brazil,2024-10-22 05:41:24
original_3986142909_1.jpg,7486599,Salvia guaranitica,0.8130000000000001,"Thalurania glaucopis (J.F.Gmelin, 1788)",2476548,-25.682579,-54.454853,122.0,SOUTH_AMERICA,Misiones,,,,2022-07-06T07:06,False,drbrachydactyl,iNaturalist,http://creativecommons.org/licenses/by-nc/4.0/,drbrachydactyl,https://inaturalist-open-data.s3.amazonaws.com/photos/239998168/original.jpg,k-southern-south-america,2024-10-22 05:41:27
original_3986216189_1.jpeg,2695588,Tillandsia recurvata,4.901,"Thalurania glaucopis (J.F.Gmelin, 1788)",2476548,-23.937411,-46.963123,31.0,SOUTH_AMERICA,São Paulo,,,,2022-08-16T20:57,False,cliobr,iNaturalist,http://creativecommons.org/licenses/by-nc/4.0/,cliobr,https://inaturalist-open-data.s3.amazonaws.com/photos/243844177/original.jpeg,k-brazil,2024-10-22 05:41:29
original_3986294826_1.jpg,3587076,Passiflora miniata,13.934,"Thalurania glaucopis (J.F.Gmelin, 1788)",2476548,-19.746402,-42.870846,1982539.0,SOUTH_AMERICA,Minas Gerais,,,,2022-08-14T13:06:41,False,esspolypath,iNaturalist,http://creativecommons.org/licenses/by-nc/4.0/,esspolypath,https://inaturalist-open-data.s3.amazonaws.com/photos/244675242/original.jpg; https://inaturalist-open-data.s3.amazonaws.com/photos/244675251/original.jpg; https://inaturalist-open-data.s3.amazonaws.com/photos/244675264/original.jpg; https://inaturalist-open-data.s3.amazonaws.com/photos/244675274/original.jpg,k-brazil,2024-10-22 05:41:34
original_3986294826_2.jpg,3874097,Rhizophora racemosa,4.822,"Thalurania glaucopis (J.F.Gmelin, 1788)",2476548,-19.746402,-42.870846,1982539.0,SOUTH_AMERICA,Minas Gerais,,,,2022-08-14T13:06:41,False,esspolypath,iNaturalist,http://creativecommons.org/licenses/by-nc/4.0/,esspolypath,https://inaturalist-open-data.s3.amazonaws.com/photos/244675242/original.jpg; https://inaturalist-open-data.s3.amazonaws.com/photos/244675251/original.jpg; https://inaturalist-open-data.s3.amazonaws.com/photos/244675264/original.jpg; https://inaturalist-open-data.s3.amazonaws.com/photos/244675274/original.jpg,k-brazil,2024-10-22 05:41:37
original_3986294826_3.jpg,2760973,Heliconia episcopalis,4.390000000000001,"Thalurania glaucopis (J.F.Gmelin, 1788)",2476548,-19.746402,-42.870846,1982539.0,SOUTH_AMERICA,Minas Gerais,,,,2022-08-14T13:06:41,False,esspolypath,iNaturalist,http://creativecommons.org/licenses/by-nc/4.0/,esspolypath,https://inaturalist-open-data.s3.amazonaws.com/photos/244675242/original.jpg; https://inaturalist-open-data.s3.amazonaws.com/photos/244675251/original.jpg; https://inaturalist-open-data.s3.amazonaws.com/photos/244675264/original.jpg; https://inaturalist-open-data.s3.amazonaws.com/photos/244675274/original.jpg,k-brazil,2024-10-22 05:41:40
original_3986294826_4.jpg,2760973,Heliconia episcopalis,1.4749999999999999,"Thalurania glaucopis (J.F.Gmelin, 1788)",2476548,-19.746402,-42.870846,1982539.0,SOUTH_AMERICA,Minas Gerais,,,,2022-08-14T13:06:41,False,esspolypath,iNaturalist,http://creativecommons.org/licenses/by-nc/4.0/,esspolypath,https://inaturalist-open-data.s3.amazonaws.com/photos/244675242/original.jpg; https://inaturalist-open-data.s3.amazonaws.com/photos/244675251/original.jpg; https://inaturalist-open-data.s3.amazonaws.com/photos/244675264/original.jpg; https://inaturalist-open-data.s3.amazonaws.com/photos/244675274/original.jpg,k-brazil,2024-10-22 05:41:42
original_3986410337_1.jpeg,5420380,Psidium guajava,3.572,"Thalurania glaucopis (J.F.Gmelin, 1788)",2476548,-22.432097,-44.615135,8.0,SOUTH_AMERICA,Rio de Janeiro,,,,2022-10-03T16:49,False,Nicolas Olejnik,iNaturalist,http://creativecommons.org/licenses/by-nc/4.0/,Nicolas Olejnik,https://inaturalist-open-data.s3.amazonaws.com/photos/245533273/original.jpeg; https://inaturalist-open-data.s3.amazonaws.com/photos/245533309/original.jpeg,k-brazil,2024-10-22 05:41:44
original_3986410337_2.jpeg,5420380,Psidium guajava,37.233,"Thalurania glaucopis (J.F.Gmelin, 1788)",2476548,-22.432097,-44.615135,8.0,SOUTH_AMERICA,Rio de Janeiro,,,,2022-10-03T16:49,False,Nicolas Olejnik,iNaturalist,http://creativecommons.org/licenses/by-nc/4.0/,Nicolas Olejnik,https://inaturalist-open-data.s3.amazonaws.com/photos/245533273/original.jpeg; https://inaturalist-open-data.s3.amazonaws.com/photos/245533309/original.jpeg,k-brazil,2024-10-22 05:41:46
original_3988464857_1.jpg,2907406,Chiococca alba,4.662,"Thalurania glaucopis (J.F.Gmelin, 1788)",2476548,-24.004258,-47.561618,15.0,SOUTH_AMERICA,São Paulo,,,,2019-09-27T09:16,False,Wagner Florentino,iNaturalist,http://creativecommons.org/licenses/by-nc/4.0/,Wagner Florentino,https://inaturalist-open-data.s3.amazonaws.com/photos/246005633/original.jpg,k-brazil,2024-10-22 05:41:52
original_3988500273_1.jpg,3817900,Sinningia incarnata,26.982,"Thalurania glaucopis (J.F.Gmelin, 1788)",2476548,-22.459,-44.60725,12.0,SOUTH_AMERICA,Rio de Janeiro,,,,2022-10-16T17:30,False,Paul Tavares,iNaturalist,http://creativecommons.org/licenses/by-nc/4.0/,Paul Tavares,https://inaturalist-open-data.s3.amazonaws.com/photos/246562288/original.jpg,k-brazil,2024-10-22 05:41:54
original_3988590182_1.jpeg,5349528,Erythrina speciosa,14.865999999999998,"Thalurania glaucopis (J.F.Gmelin, 1788)",2476548,-23.512102,-46.961979,43.0,SOUTH_AMERICA,São Paulo,,,,2019-07-07T13:17:25,False,Arthur Bruck,iNaturalist,http://creativecommons.org/licenses/by-nc/4.0/,Arthur Bruck,https://inaturalist-open-data.s3.amazonaws.com/photos/246522804/original.jpeg,k-brazil,2024-10-22 05:42:09
original_3988590840_1.jpg,5321877,Ionopsis utricularioides,5.955,"Thalurania glaucopis (J.F.Gmelin, 1788)",2476548,-22.896192,-44.333928,244.0,SOUTH_AMERICA,Rio de Janeiro,,,,2022-11-12T07:44,False,Italo Aleixo de Faria,iNaturalist,http://creativecommons.org/licenses/by-nc/4.0/,Italo Aleixo de Faria,https://inaturalist-open-data.s3.amazonaws.com/photos/245973601/original.jpg,k-brazil,2024-10-22 05:42:11
original_3994077767_1.jpg,10786206,Rhaphiolepis bibas,2.075,"Thalurania glaucopis (J.F.Gmelin, 1788)",2476548,-22.432083,-44.615306,10.0,SOUTH_AMERICA,Rio de Janeiro,,,,2022-10-17T15:47,False,Paul Tavares,iNaturalist,http://creativecommons.org/licenses/by-nc/4.0/,Paul Tavares,https://inaturalist-open-data.s3.amazonaws.com/photos/246828982/original.jpg,k-brazil,2024-10-22 05:42:23
original_3994080610_1.jpg,2947791,Poecilanthe parviflora,1.23,"Thalurania glaucopis (J.F.Gmelin, 1788)",2476548,-25.690864,-54.440816,940.0,SOUTH_AMERICA,Paraná,,,,2022-09-03T09:26,False,quiltedquetzal,iNaturalist,http://creativecommons.org/licenses/by-nc/4.0/,quiltedquetzal,https://inaturalist-open-data.s3.amazonaws.com/photos/243819308/original.jpg,k-southern-south-america,2024-10-22 05:42:25
original_3994143605_1.jpeg,2760874,Heliconia bihai,1.891,"Thalurania glaucopis (J.F.Gmelin, 1788)",2476548,-22.557599,-43.049598,1.0,SOUTH_AMERICA,Rio de Janeiro,,,,2022-11-13T13:41,False,edvandroabreuribeiro,iNaturalist,http://creativecommons.org/licenses/by-nc/4.0/,edvandroabreuribeiro,https://inaturalist-open-data.s3.amazonaws.com/photos/243527074/original.jpeg; https://inaturalist-open-data.s3.amazonaws.com/photos/243527079/original.jpeg,k-brazil,2024-10-22 05:42:27
original_3994143605_2.jpeg,7264854,Paullinia alata,1.841,"Thalurania glaucopis (J.F.Gmelin, 1788)",2476548,-22.557599,-43.049598,1.0,SOUTH_AMERICA,Rio de Janeiro,,,,2022-11-13T13:41,False,edvandroabreuribeiro,iNaturalist,http://creativecommons.org/licenses/by-nc/4.0/,edvandroabreuribeiro,https://inaturalist-open-data.s3.amazonaws.com/photos/243527074/original.jpeg; https://inaturalist-open-data.s3.amazonaws.com/photos/243527079/original.jpeg,k-brazil,2024-10-22 05:42:31
original_3994223623_1.jpg,5706141,Luehea divaricata,3.0589999999999997,"Thalurania glaucopis (J.F.Gmelin, 1788)",2476548,-25.690864,-54.440816,940.0,SOUTH_AMERICA,Paraná,,,,2022-09-03T09:42,False,quiltedquetzal,iNaturalist,http://creativecommons.org/licenses/by-nc/4.0/,quiltedquetzal,https://inaturalist-open-data.s3.amazonaws.com/photos/243819918/original.jpg,k-southern-south-america,2024-10-22 05:42:37
original_4009822586_1.jpg,5330080,Wolffia brasiliensis,0.603,"Thalurania glaucopis (J.F.Gmelin, 1788)",2476548,-19.907213,-40.553212,6.0,SOUTH_AMERICA,Espírito Santo,,,,2022-11-25T11:39:13,False,Claudio Novaes,iNaturalist,http://creativecommons.org/licenses/by-nc/4.0/,Claudio Novaes,https://inaturalist-open-data.s3.amazonaws.com/photos/244949210/original.jpg; https://inaturalist-open-data.s3.amazonaws.com/photos/244949227/original.jpg; https://inaturalist-open-data.s3.amazonaws.com/photos/244949240/original.jpg; https://inaturalist-open-data.s3.amazonaws.com/photos/244949251/original.jpg,k-brazil,2024-10-22 05:42:39
original_4009944236_1.jpeg,3698513,Combretum fruticosum,1.1520000000000001,"Thalurania glaucopis (J.F.Gmelin, 1788)",2476548,-24.266814,-48.414439,31.0,SOUTH_AMERICA,São Paulo,,,,2019-11-16T12:43,False,Ericson Cernawsky Igual,iNaturalist,http://creativecommons.org/licenses/by-nc/4.0/,Ericson Cernawsky Igual,https://inaturalist-open-data.s3.amazonaws.com/photos/249350786/original.jpeg,k-brazil,2024-10-22 05:42:46
original_4011641675_1.jpeg,2873423,Anthurium scandens,4.506,"Thalurania glaucopis (J.F.Gmelin, 1788)",2476548,-23.658292,-47.211327,14544.0,SOUTH_AMERICA,São Paulo,,,,2022-12-27T13:01:24,False,Laís de Souza Ferreira,iNaturalist,http://creativecommons.org/licenses/by-nc/4.0/,Laís de Souza Ferreira,https://inaturalist-open-data.s3.amazonaws.com/photos/249362293/original.jpeg; https://inaturalist-open-data.s3.amazonaws.com/photos/249362398/original.jpeg; https://inaturalist-open-data.s3.amazonaws.com/photos/249362546/original.jpeg,k-brazil,2024-10-22 05:42:51
original_4011641675_3.jpeg,3917423,Pogonophora schomburgkiana,1.844,"Thalurania glaucopis (J.F.Gmelin, 1788)",2476548,-23.658292,-47.211327,14544.0,SOUTH_AMERICA,São Paulo,,,,2022-12-27T13:01:24,False,Laís de Souza Ferreira,iNaturalist,http://creativecommons.org/licenses/by-nc/4.0/,Laís de Souza Ferreira,https://inaturalist-open-data.s3.amazonaws.com/photos/249362293/original.jpeg; https://inaturalist-open-data.s3.amazonaws.com/photos/249362398/original.jpeg; https://inaturalist-open-data.s3.amazonaws.com/photos/249362546/original.jpeg,k-brazil,2024-10-22 05:42:53
original_4011909957_1.jpeg,4171009,Sphyrospermum buxifolium,2.302,"Thalurania glaucopis (J.F.Gmelin, 1788)",2476548,-24.548402,-48.680535,,SOUTH_AMERICA,São Paulo,,,,2022-04-21T16:57,False,Ericson Cernawsky Igual,iNaturalist,http://creativecommons.org/licenses/by-nc/4.0/,Ericson Cernawsky Igual,https://inaturalist-open-data.s3.amazonaws.com/photos/249803595/original.jpeg,k-brazil,2024-10-22 05:43:04
original_4011995421_1.jpeg,7661971,Bambusa vulgaris,15.672,"Thalurania glaucopis (J.F.Gmelin, 1788)",2476548,-27.598706,-48.438811,41.0,SOUTH_AMERICA,Santa Catarina,,,,2022-12-31T10:25:33,False,bs10aco,iNaturalist,http://creativecommons.org/licenses/by-nc/4.0/,bs10aco,https://inaturalist-open-data.s3.amazonaws.com/photos/250431172/original.jpeg,k-brazil,2024-10-22 05:43:07
original_4014940193_1.jpg,5639996,Ligaria cuneifolia,5.183999999999999,"Thalurania glaucopis (J.F.Gmelin, 1788)",2476548,-23.213656,-44.79299,87.0,SOUTH_AMERICA,Rio de Janeiro,,,,2022-12-21T16:46:08,False,tigger31,iNaturalist,http://creativecommons.org/licenses/by-nc/4.0/,tigger31,https://inaturalist-open-data.s3.amazonaws.com/photos/251035041/original.jpg; https://inaturalist-open-data.s3.amazonaws.com/photos/251035050/original.jpg; https://inaturalist-open-data.s3.amazonaws.com/photos/251035061/original.jpg,k-brazil,2024-10-22 05:43:10
original_4014940193_2.jpg,8181448,Psittacanthus robustus,4.692,"Thalurania glaucopis (J.F.Gmelin, 1788)",2476548,-23.213656,-44.79299,87.0,SOUTH_AMERICA,Rio de Janeiro,,,,2022-12-21T16:46:08,False,tigger31,iNaturalist,http://creativecommons.org/licenses/by-nc/4.0/,tigger31,https://inaturalist-open-data.s3.amazonaws.com/photos/251035041/original.jpg; https://inaturalist-open-data.s3.amazonaws.com/photos/251035050/original.jpg; https://inaturalist-open-data.s3.amazonaws.com/photos/251035061/original.jpg,k-brazil,2024-10-22 05:43:12
original_4014940193_3.jpg,4004864,Psittacanthus cucullaris,6.587,"Thalurania glaucopis (J.F.Gmelin, 1788)",2476548,-23.213656,-44.79299,87.0,SOUTH_AMERICA,Rio de Janeiro,,,,2022-12-21T16:46:08,False,tigger31,iNaturalist,http://creativecommons.org/licenses/by-nc/4.0/,tigger31,https://inaturalist-open-data.s3.amazonaws.com/photos/251035041/original.jpg; https://inaturalist-open-data.s3.amazonaws.com/photos/251035050/original.jpg; https://inaturalist-open-data.s3.amazonaws.com/photos/251035061/original.jpg,k-brazil,2024-10-22 05:43:14
original_4014975202_1.jpg,3086333,Piper amalago,3.54,"Thalurania glaucopis (J.F.Gmelin, 1788)",2476548,-23.459614,-46.756964,39.0,SOUTH_AMERICA,São Paulo,,,,2022-12-30T09:03:09,False,tigger31,iNaturalist,http://creativecommons.org/licenses/by-nc/4.0/,tigger31,https://inaturalist-open-data.s3.amazonaws.com/photos/251045742/original.jpg,k-brazil,2024-10-22 05:43:17
original_4018129055_1.jpeg,2951499,Mucuna pruriens,1.994,"Thalurania glaucopis (J.F.Gmelin, 1788)",2476548,-24.270476,-48.421776,31.0,SOUTH_AMERICA,São Paulo,,,,2016-04-23T14:14,False,Ericson Cernawsky Igual,iNaturalist,http://creativecommons.org/licenses/by-nc/4.0/,Ericson Cernawsky Igual,https://inaturalist-open-data.s3.amazonaws.com/photos/251817290/original.jpeg,k-brazil,2024-10-22 05:43:22
original_4018139957_1.jpeg,2739059,Iriartea deltoidea,2.8129999999999997,"Thalurania glaucopis (J.F.Gmelin, 1788)",2476548,-24.266238,-48.41251,31.0,SOUTH_AMERICA,São Paulo,,,,2016-05-08T14:26,False,Ericson Cernawsky Igual,iNaturalist,http://creativecommons.org/licenses/by-nc/4.0/,Ericson Cernawsky Igual,https://inaturalist-open-data.s3.amazonaws.com/photos/251687555/original.jpeg,k-brazil,2024-10-22 05:43:24
original_4018225954_1.jpeg,3086333,Piper amalago,20.256,"Thalurania glaucopis (J.F.Gmelin, 1788)",2476548,-24.270236,-48.421913,31.0,SOUTH_AMERICA,São Paulo,,,,2016-05-07T11:09,False,Ericson Cernawsky Igual,iNaturalist,http://creativecommons.org/licenses/by-nc/4.0/,Ericson Cernawsky Igual,https://inaturalist-open-data.s3.amazonaws.com/photos/251686949/original.jpeg,k-brazil,2024-10-22 05:43:29
original_4018227853_1.jpg,2792457,Polystachya concreta,14.773,"Thalurania glaucopis (J.F.Gmelin, 1788)",2476548,-20.411351,-40.676034,2033.0,SOUTH_AMERICA,Espírito Santo,,,,2022-12-29T16:55,False,fabricio_reis_costa,iNaturalist,http://creativecommons.org/licenses/by-nc/4.0/,fabricio_reis_costa,https://inaturalist-open-data.s3.amazonaws.com/photos/251511679/original.jpg,k-brazil,2024-10-22 05:43:32
original_4018229089_1.jpeg,2868179,Monstera dubia,3.527,"Thalurania glaucopis (J.F.Gmelin, 1788)",2476548,-23.478943,-45.201289,61.0,SOUTH_AMERICA,São Paulo,,,,2016-07-03T08:53,False,Ericson Cernawsky Igual,iNaturalist,http://creativecommons.org/licenses/by-nc/4.0/,Ericson Cernawsky Igual,https://inaturalist-open-data.s3.amazonaws.com/photos/251858538/original.jpeg,k-brazil,2024-10-22 05:43:34
original_4018232061_1.jpeg,2984335,Urera caracasana,0.84,"Thalurania glaucopis (J.F.Gmelin, 1788)",2476548,-24.270476,-48.421776,31.0,SOUTH_AMERICA,São Paulo,,,,2016-04-23T14:05,False,Ericson Cernawsky Igual,iNaturalist,http://creativecommons.org/licenses/by-nc/4.0/,Ericson Cernawsky Igual,https://inaturalist-open-data.s3.amazonaws.com/photos/251817286/original.jpeg,k-brazil,2024-10-22 05:43:35
original_4018254994_1.jpeg,5407270,Annona sericea,0.27599999999999997,"Thalurania glaucopis (J.F.Gmelin, 1788)",2476548,-24.270476,-48.421776,31.0,SOUTH_AMERICA,São Paulo,,,,2015-01-11T04:23,False,Ericson Cernawsky Igual,iNaturalist,http://creativecommons.org/licenses/by-nc/4.0/,Ericson Cernawsky Igual,https://inaturalist-open-data.s3.amazonaws.com/photos/251705337/original.jpeg,k-brazil,2024-10-22 05:43:38
original_4018279081_1.jpeg,8058246,Passiflora kikiana,0.498,"Thalurania glaucopis (J.F.Gmelin, 1788)",2476548,-23.478943,-45.201289,61.0,SOUTH_AMERICA,São Paulo,,,,2016-07-03T08:46,False,Ericson Cernawsky Igual,iNaturalist,http://creativecommons.org/licenses/by-nc/4.0/,Ericson Cernawsky Igual,https://inaturalist-open-data.s3.amazonaws.com/photos/251858506/original.jpeg,k-brazil,2024-10-22 05:43:42
original_4018284957_1.jpeg,2898772,Palicourea guianensis,49.47,"Thalurania glaucopis (J.F.Gmelin, 1788)",2476548,-24.592533,-48.626366,8.0,SOUTH_AMERICA,São Paulo,,,,2017-04-22T11:43,False,Ericson Cernawsky Igual,iNaturalist,http://creativecommons.org/licenses/by-nc/4.0/,Ericson Cernawsky Igual,https://inaturalist-open-data.s3.amazonaws.com/photos/251681228/original.jpeg,k-brazil,2024-10-22 05:43:44
original_4018321355_1.jpeg,2951499,Mucuna pruriens,3.742,"Thalurania glaucopis (J.F.Gmelin, 1788)",2476548,-22.64665,-44.449338,15.0,SOUTH_AMERICA,São Paulo,,,,2016-08-27T07:49,False,Ericson Cernawsky Igual,iNaturalist,http://creativecommons.org/licenses/by-nc/4.0/,Ericson Cernawsky Igual,https://inaturalist-open-data.s3.amazonaws.com/photos/252262410/original.jpeg,k-brazil,2024-10-22 05:43:46
original_4018421464_1.jpg,2760947,Heliconia acuminata,9.436,"Thalurania glaucopis (J.F.Gmelin, 1788)",2476548,-22.966963,-43.226903,114.0,SOUTH_AMERICA,Rio de Janeiro,,,,2022-12-26T13:51,False,José Tomás Urrea,iNaturalist,http://creativecommons.org/licenses/by-nc/4.0/,José Tomás Urrea,https://inaturalist-open-data.s3.amazonaws.com/photos/252396211/original.jpg; https://inaturalist-open-data.s3.amazonaws.com/photos/252398091/original.jpg,k-brazil,2024-10-22 05:43:51
original_4018421464_2.jpg,2760766,Heliconia hirsuta,30.431,"Thalurania glaucopis (J.F.Gmelin, 1788)",2476548,-22.966963,-43.226903,114.0,SOUTH_AMERICA,Rio de Janeiro,,,,2022-12-26T13:51,False,José Tomás Urrea,iNaturalist,http://creativecommons.org/licenses/by-nc/4.0/,José Tomás Urrea,https://inaturalist-open-data.s3.amazonaws.com/photos/252396211/original.jpg; https://inaturalist-open-data.s3.amazonaws.com/photos/252398091/original.jpg,k-brazil,2024-10-22 05:43:53
original_4018453455_1.png,Unknown,Psidium cattleyanum,0.855,"Thalurania glaucopis (J.F.Gmelin, 1788)",2476548,-23.937849,-46.963318,61.0,SOUTH_AMERICA,São Paulo,,,,2012-07-07,False,cliobr,iNaturalist,http://creativecommons.org/licenses/by-nc/4.0/,cliobr,https://inaturalist-open-data.s3.amazonaws.com/photos/252348144/original.png,k-brazil,2024-10-22 05:43:57
original_4018574010_1.jpeg,5407300,Annona coriacea,2.141,"Thalurania glaucopis (J.F.Gmelin, 1788)",2476548,-24.270476,-48.421776,31.0,SOUTH_AMERICA,São Paulo,,,,2014-12-14T01:45,False,Ericson Cernawsky Igual,iNaturalist,http://creativecommons.org/licenses/by-nc/4.0/,Ericson Cernawsky Igual,https://inaturalist-open-data.s3.amazonaws.com/photos/251705325/original.jpeg,k-brazil,2024-10-22 05:44:00
original_4018600403_1.jpeg,2982058,Calliandra tweediei,63.14300000000001,"Thalurania glaucopis (J.F.Gmelin, 1788)",2476548,-23.937849,-46.963318,61.0,SOUTH_AMERICA,São Paulo,,,,2022-08-16T20:29,False,cliobr,iNaturalist,http://creativecommons.org/licenses/by-nc/4.0/,cliobr,https://inaturalist-open-data.s3.amazonaws.com/photos/252333287/original.jpeg; https://inaturalist-open-data.s3.amazonaws.com/photos/252333449/original.jpeg; https://inaturalist-open-data.s3.amazonaws.com/photos/252333457/original.jpeg,k-brazil,2024-10-22 05:44:03
original_4018600403_2.jpeg,2982058,Calliandra tweediei,79.08699999999999,"Thalurania glaucopis (J.F.Gmelin, 1788)",2476548,-23.937849,-46.963318,61.0,SOUTH_AMERICA,São Paulo,,,,2022-08-16T20:29,False,cliobr,iNaturalist,http://creativecommons.org/licenses/by-nc/4.0/,cliobr,https://inaturalist-open-data.s3.amazonaws.com/photos/252333287/original.jpeg; https://inaturalist-open-data.s3.amazonaws.com/photos/252333449/original.jpeg; https://inaturalist-open-data.s3.amazonaws.com/photos/252333457/original.jpeg,k-brazil,2024-10-22 05:44:05
original_4018600403_3.jpeg,2982058,Calliandra tweediei,72.301,"Thalurania glaucopis (J.F.Gmelin, 1788)",2476548,-23.937849,-46.963318,61.0,SOUTH_AMERICA,São Paulo,,,,2022-08-16T20:29,False,cliobr,iNaturalist,http://creativecommons.org/licenses/by-nc/4.0/,cliobr,https://inaturalist-open-data.s3.amazonaws.com/photos/252333287/original.jpeg; https://inaturalist-open-data.s3.amazonaws.com/photos/252333449/original.jpeg; https://inaturalist-open-data.s3.amazonaws.com/photos/252333457/original.jpeg,k-brazil,2024-10-22 05:44:07
original_4022037778_1.jpeg,5556447,Clusia grandiflora,5.612,"Thalurania glaucopis (J.F.Gmelin, 1788)",2476548,-23.781941,-46.301339,2.0,SOUTH_AMERICA,São Paulo,,,,2023-01-21T09:22,False,miguelmagro,iNaturalist,http://creativecommons.org/licenses/by-nc/4.0/,miguelmagro,https://inaturalist-open-data.s3.amazonaws.com/photos/253422269/original.jpeg,k-brazil,2024-10-22 05:44:09
original_4022041848_1.jpeg,5407300,Annona coriacea,2.6550000000000002,"Thalurania glaucopis (J.F.Gmelin, 1788)",2476548,-24.271337,-48.416603,,SOUTH_AMERICA,São Paulo,,,,2018-01-14T08:47,False,Ericson Cernawsky Igual,iNaturalist,http://creativecommons.org/licenses/by-nc/4.0/,Ericson Cernawsky Igual,https://inaturalist-open-data.s3.amazonaws.com/photos/252519172/original.jpeg; https://inaturalist-open-data.s3.amazonaws.com/photos/252519178/original.jpeg,k-brazil,2024-10-22 05:44:12
original_4022041848_2.jpeg,5407300,Annona coriacea,5.058,"Thalurania glaucopis (J.F.Gmelin, 1788)",2476548,-24.271337,-48.416603,,SOUTH_AMERICA,São Paulo,,,,2018-01-14T08:47,False,Ericson Cernawsky Igual,iNaturalist,http://creativecommons.org/licenses/by-nc/4.0/,Ericson Cernawsky Igual,https://inaturalist-open-data.s3.amazonaws.com/photos/252519172/original.jpeg; https://inaturalist-open-data.s3.amazonaws.com/photos/252519178/original.jpeg,k-brazil,2024-10-22 05:44:14
original_4022122452_1.jpeg,10863132,Pleroma urvilleanum,2.341,"Thalurania glaucopis (J.F.Gmelin, 1788)",2476548,-22.310218,-42.496675,,SOUTH_AMERICA,Rio de Janeiro,,,,2023-01-14T13:17,False,Andy Frank,iNaturalist,http://creativecommons.org/licenses/by-nc/4.0/,Andy Frank,https://inaturalist-open-data.s3.amazonaws.com/photos/253323744/original.jpeg,k-brazil,2024-10-22 05:44:15
original_4028710525_1.jpeg,2698486,Aechmea nudicaulis,14.792,"Thalurania glaucopis (J.F.Gmelin, 1788)",2476548,-22.279653,-43.111821,209.0,SOUTH_AMERICA,Rio de Janeiro,,,,2021-11-13T10:54:58Z,False,Diego Gomes,iNaturalist,http://creativecommons.org/licenses/by-nc/4.0/,Diego Gomes,https://inaturalist-open-data.s3.amazonaws.com/photos/168653569/original.jpeg,k-brazil,2024-10-22 05:44:17
original_4028842689_1.jpg,2874176,Passiflora coccinea,3.094,"Thalurania glaucopis (J.F.Gmelin, 1788)",2476548,-20.923691,-42.542376,212.0,SOUTH_AMERICA,Minas Gerais,,,,2013-04-07T08:20,False,Iracambi Rainforest Conservation and Research Center,iNaturalist,http://creativecommons.org/licenses/by-nc/4.0/,Iracambi Rainforest Conservation and Research Center,https://inaturalist-open-data.s3.amazonaws.com/photos/255255011/original.jpg,k-brazil,2024-10-22 05:44:19
original_4028854577_1.jpg,3172647,Ibicella lutea,53.498000000000005,"Thalurania glaucopis (J.F.Gmelin, 1788)",2476548,-27.033194,-50.138732,4.0,SOUTH_AMERICA,Santa Catarina,,,,2015-06-19T10:15,False,Ivo Kindel,iNaturalist,http://creativecommons.org/licenses/by-nc/4.0/,Ivo Kindel,https://inaturalist-open-data.s3.amazonaws.com/photos/254263124/original.jpg; https://inaturalist-open-data.s3.amazonaws.com/photos/254263164/original.jpg,k-brazil,2024-10-22 05:44:22
original_4028854577_2.jpg,7279239,Hibiscus diversifolius,21.89,"Thalurania glaucopis (J.F.Gmelin, 1788)",2476548,-27.033194,-50.138732,4.0,SOUTH_AMERICA,Santa Catarina,,,,2015-06-19T10:15,False,Ivo Kindel,iNaturalist,http://creativecommons.org/licenses/by-nc/4.0/,Ivo Kindel,https://inaturalist-open-data.s3.amazonaws.com/photos/254263124/original.jpg; https://inaturalist-open-data.s3.amazonaws.com/photos/254263164/original.jpg,k-brazil,2024-10-22 05:44:25
original_4028936349_1.jpeg,5357158,Cassia grandis,26.744,"Thalurania glaucopis (J.F.Gmelin, 1788)",2476548,-20.923691,-42.542376,212.0,SOUTH_AMERICA,Minas Gerais,,,,2016-10-19T10:07,False,Iracambi Rainforest Conservation and Research Center,iNaturalist,http://creativecommons.org/licenses/by-nc/4.0/,Iracambi Rainforest Conservation and Research Center,https://inaturalist-open-data.s3.amazonaws.com/photos/255303224/original.jpeg,k-brazil,2024-10-22 05:44:28
original_4028990714_1.jpeg,5357158,Cassia grandis,22.128999999999998,"Thalurania glaucopis (J.F.Gmelin, 1788)",2476548,-22.431909,-44.61512,93.0,SOUTH_AMERICA,Rio de Janeiro,,,,2023-01-27T20:38:11,False,fabrizio_reginato,iNaturalist,http://creativecommons.org/licenses/by-nc/4.0/,fabrizio_reginato,https://inaturalist-open-data.s3.amazonaws.com/photos/253781732/original.jpeg; https://inaturalist-open-data.s3.amazonaws.com/photos/253781759/original.jpeg,k-brazil,2024-10-22 05:44:31
original_4028990714_2.jpeg,5357158,Cassia grandis,14.06,"Thalurania glaucopis (J.F.Gmelin, 1788)",2476548,-22.431909,-44.61512,93.0,SOUTH_AMERICA,Rio de Janeiro,,,,2023-01-27T20:38:11,False,fabrizio_reginato,iNaturalist,http://creativecommons.org/licenses/by-nc/4.0/,fabrizio_reginato,https://inaturalist-open-data.s3.amazonaws.com/photos/253781732/original.jpeg; https://inaturalist-open-data.s3.amazonaws.com/photos/253781759/original.jpeg,k-brazil,2024-10-22 05:44:33
original_4029043911_1.jpg,2874176,Passiflora coccinea,3.094,"Thalurania glaucopis (J.F.Gmelin, 1788)",2476548,-20.923691,-42.542376,212.0,SOUTH_AMERICA,Minas Gerais,,,,2013-04-07T08:20,False,Iracambi Rainforest Conservation and Research Center,iNaturalist,http://creativecommons.org/licenses/by-nc/4.0/,Iracambi Rainforest Conservation and Research Center,https://inaturalist-open-data.s3.amazonaws.com/photos/255286599/original.jpg,k-brazil,2024-10-22 05:44:34
original_4029206427_3.jpeg,5618317,Pavonia schiedeana,1.38,"Thalurania glaucopis (J.F.Gmelin, 1788)",2476548,-29.724087,-52.436104,6110.0,SOUTH_AMERICA,Rio Grande do Sul,,,,2011-04-20T16:55,False,pedro_reck,iNaturalist,http://creativecommons.org/licenses/by-nc/4.0/,pedro_reck,https://inaturalist-open-data.s3.amazonaws.com/photos/254684891/original.jpeg; https://inaturalist-open-data.s3.amazonaws.com/photos/254684903/original.jpeg; https://inaturalist-open-data.s3.amazonaws.com/photos/254684910/original.jpeg,k-brazil,2024-10-22 05:44:46
original_4029272763_1.jpg,9636531,Distimake tuberosus,3.19,"Thalurania glaucopis (J.F.Gmelin, 1788)",2476548,-20.923691,-42.542376,212.0,SOUTH_AMERICA,Minas Gerais,,,,2013-10-23T16:46,False,Iracambi Rainforest Conservation and Research Center,iNaturalist,http://creativecommons.org/licenses/by-nc/4.0/,Iracambi Rainforest Conservation and Research Center,https://inaturalist-open-data.s3.amazonaws.com/photos/255285263/original.jpg,k-brazil,2024-10-22 05:44:52
original_4029295603_1.jpg,4073614,Pseudobombax septenatum,4.367,"Thalurania glaucopis (J.F.Gmelin, 1788)",2476548,-20.923691,-42.542376,212.0,SOUTH_AMERICA,Minas Gerais,,,,2013-11-20T10:17,False,Iracambi Rainforest Conservation and Research Center,iNaturalist,http://creativecommons.org/licenses/by-nc/4.0/,Iracambi Rainforest Conservation and Research Center,https://inaturalist-open-data.s3.amazonaws.com/photos/255254337/original.jpg,k-brazil,2024-10-22 05:44:54
original_4029305744_1.jpg,2700429,Alcantarea imperialis,13.789000000000001,"Thalurania glaucopis (J.F.Gmelin, 1788)",2476548,-20.923691,-42.542376,212.0,SOUTH_AMERICA,Minas Gerais,,,,2013-11-17T18:33,False,Iracambi Rainforest Conservation and Research Center,iNaturalist,http://creativecommons.org/licenses/by-nc/4.0/,Iracambi Rainforest Conservation and Research Center,https://inaturalist-open-data.s3.amazonaws.com/photos/255285151/original.jpg; https://inaturalist-open-data.s3.amazonaws.com/photos/255285155/original.jpg; https://inaturalist-open-data.s3.amazonaws.com/photos/255285167/original.jpg; https://inaturalist-open-data.s3.amazonaws.com/photos/255285200/original.jpg,k-brazil,2024-10-22 05:45:00
original_4029305744_2.jpg,2700429,Alcantarea imperialis,3.2390000000000003,"Thalurania glaucopis (J.F.Gmelin, 1788)",2476548,-20.923691,-42.542376,212.0,SOUTH_AMERICA,Minas Gerais,,,,2013-11-17T18:33,False,Iracambi Rainforest Conservation and Research Center,iNaturalist,http://creativecommons.org/licenses/by-nc/4.0/,Iracambi Rainforest Conservation and Research Center,https://inaturalist-open-data.s3.amazonaws.com/photos/255285151/original.jpg; https://inaturalist-open-data.s3.amazonaws.com/photos/255285155/original.jpg; https://inaturalist-open-data.s3.amazonaws.com/photos/255285167/original.jpg; https://inaturalist-open-data.s3.amazonaws.com/photos/255285200/original.jpg,k-brazil,2024-10-22 05:45:02
original_4029305744_3.jpg,4073614,Pseudobombax septenatum,4.367,"Thalurania glaucopis (J.F.Gmelin, 1788)",2476548,-20.923691,-42.542376,212.0,SOUTH_AMERICA,Minas Gerais,,,,2013-11-17T18:33,False,Iracambi Rainforest Conservation and Research Center,iNaturalist,http://creativecommons.org/licenses/by-nc/4.0/,Iracambi Rainforest Conservation and Research Center,https://inaturalist-open-data.s3.amazonaws.com/photos/255285151/original.jpg; https://inaturalist-open-data.s3.amazonaws.com/photos/255285155/original.jpg; https://inaturalist-open-data.s3.amazonaws.com/photos/255285167/original.jpg; https://inaturalist-open-data.s3.amazonaws.com/photos/255285200/original.jpg,k-brazil,2024-10-22 05:45:03
original_4029305744_4.jpg,2874176,Passiflora coccinea,3.094,"Thalurania glaucopis (J.F.Gmelin, 1788)",2476548,-20.923691,-42.542376,212.0,SOUTH_AMERICA,Minas Gerais,,,,2013-11-17T18:33,False,Iracambi Rainforest Conservation and Research Center,iNaturalist,http://creativecommons.org/licenses/by-nc/4.0/,Iracambi Rainforest Conservation and Research Center,https://inaturalist-open-data.s3.amazonaws.com/photos/255285151/original.jpg; https://inaturalist-open-data.s3.amazonaws.com/photos/255285155/original.jpg; https://inaturalist-open-data.s3.amazonaws.com/photos/255285167/original.jpg; https://inaturalist-open-data.s3.amazonaws.com/photos/255285200/original.jpg,k-brazil,2024-10-22 05:45:05
original_4034789251_1.jpg,3190500,Guarea guidonia,0.881,"Thalurania glaucopis (J.F.Gmelin, 1788)",2476548,-25.600326,-54.568596,,SOUTH_AMERICA,Misiones,,,,2019-07-17T16:04,False,f35,iNaturalist,http://creativecommons.org/licenses/by-nc/4.0/,f35,https://inaturalist-open-data.s3.amazonaws.com/photos/255664789/original.jpg,k-southern-south-america,2024-10-22 05:45:11
original_4034865968_1.jpg,10863132,Pleroma urvilleanum,24.898,"Thalurania glaucopis (J.F.Gmelin, 1788)",2476548,-23.115587,-46.553207,6630.0,SOUTH_AMERICA,São Paulo,,,,2022-06-11T13:16,False,Renato Machado de Sobral,iNaturalist,http://creativecommons.org/licenses/by-nc/4.0/,Renato Machado de Sobral,https://inaturalist-open-data.s3.amazonaws.com/photos/255422024/original.jpg; https://inaturalist-open-data.s3.amazonaws.com/photos/255422032/original.jpg,k-brazil,2024-10-22 05:45:15
original_4034865968_2.jpg,10863132,Pleroma urvilleanum,21.815,"Thalurania glaucopis (J.F.Gmelin, 1788)",2476548,-23.115587,-46.553207,6630.0,SOUTH_AMERICA,São Paulo,,,,2022-06-11T13:16,False,Renato Machado de Sobral,iNaturalist,http://creativecommons.org/licenses/by-nc/4.0/,Renato Machado de Sobral,https://inaturalist-open-data.s3.amazonaws.com/photos/255422024/original.jpg; https://inaturalist-open-data.s3.amazonaws.com/photos/255422032/original.jpg,k-brazil,2024-10-22 05:45:17
original_4039164279_1.jpg,7530646,Brasiliopuntia brasiliensis,4.874,"Thalurania glaucopis (J.F.Gmelin, 1788)",2476548,-25.870828,-53.96947,31.0,SOUTH_AMERICA,Misiones,,,,2015-08-11T13:02,False,Hugo Hulsberg,iNaturalist,http://creativecommons.org/publicdomain/zero/1.0/,Hugo Hulsberg,https://inaturalist-open-data.s3.amazonaws.com/photos/256624525/original.jpg,k-southern-south-america,2024-10-22 05:45:19
original_4039449311_1.jpg,3888808,Lepechinia floribunda,0.562,"Thalurania glaucopis (J.F.Gmelin, 1788)",2476548,-25.600229,-54.568414,31.0,SOUTH_AMERICA,Misiones,,,,2005-06-18T10:42,False,Hugo Hulsberg,iNaturalist,http://creativecommons.org/publicdomain/zero/1.0/,Hugo Hulsberg,https://inaturalist-open-data.s3.amazonaws.com/photos/256623469/original.jpg,k-southern-south-america,2024-10-22 05:45:24
original_4039532320_1.jpg,2889874,Phoradendron quadrangulare,1.162,"Thalurania glaucopis (J.F.Gmelin, 1788)",2476548,-25.600229,-54.5685,31.0,SOUTH_AMERICA,Misiones,,,,2005-06-20T16:43,False,Hugo Hulsberg,iNaturalist,http://creativecommons.org/publicdomain/zero/1.0/,Hugo Hulsberg,https://inaturalist-open-data.s3.amazonaws.com/photos/256623544/original.jpg,k-southern-south-america,2024-10-22 05:45:29
original_4046297102_1.jpg,5321877,Ionopsis utricularioides,17.342,"Thalurania glaucopis (J.F.Gmelin, 1788)",2476548,-23.826603,-45.341822,4.0,SOUTH_AMERICA,São Paulo,,,,2023-02-25T11:11:25,False,rceaton,iNaturalist,http://creativecommons.org/licenses/by-nc/4.0/,rceaton,https://inaturalist-open-data.s3.amazonaws.com/photos/257942873/original.jpg; https://inaturalist-open-data.s3.amazonaws.com/photos/257943074/original.jpg; https://inaturalist-open-data.s3.amazonaws.com/photos/257943316/original.jpg; https://inaturalist-open-data.s3.amazonaws.com/photos/257943559/original.jpg; https://inaturalist-open-data.s3.amazonaws.com/photos/257943697/original.jpg; https://inaturalist-open-data.s3.amazonaws.com/photos/257943889/original.jpg,k-brazil,2024-10-22 05:45:34
original_4046297102_2.jpg,5321877,Ionopsis utricularioides,3.6310000000000002,"Thalurania glaucopis (J.F.Gmelin, 1788)",2476548,-23.826603,-45.341822,4.0,SOUTH_AMERICA,São Paulo,,,,2023-02-25T11:11:25,False,rceaton,iNaturalist,http://creativecommons.org/licenses/by-nc/4.0/,rceaton,https://inaturalist-open-data.s3.amazonaws.com/photos/257942873/original.jpg; https://inaturalist-open-data.s3.amazonaws.com/photos/257943074/original.jpg; https://inaturalist-open-data.s3.amazonaws.com/photos/257943316/original.jpg; https://inaturalist-open-data.s3.amazonaws.com/photos/257943559/original.jpg; https://inaturalist-open-data.s3.amazonaws.com/photos/257943697/original.jpg; https://inaturalist-open-data.s3.amazonaws.com/photos/257943889/original.jpg,k-brazil,2024-10-22 05:45:36
original_4046297102_3.jpg,2873423,Anthurium scandens,6.546,"Thalurania glaucopis (J.F.Gmelin, 1788)",2476548,-23.826603,-45.341822,4.0,SOUTH_AMERICA,São Paulo,,,,2023-02-25T11:11:25,False,rceaton,iNaturalist,http://creativecommons.org/licenses/by-nc/4.0/,rceaton,https://inaturalist-open-data.s3.amazonaws.com/photos/257942873/original.jpg; https://inaturalist-open-data.s3.amazonaws.com/photos/257943074/original.jpg; https://inaturalist-open-data.s3.amazonaws.com/photos/257943316/original.jpg; https://inaturalist-open-data.s3.amazonaws.com/photos/257943559/original.jpg; https://inaturalist-open-data.s3.amazonaws.com/photos/257943697/original.jpg; https://inaturalist-open-data.s3.amazonaws.com/photos/257943889/original.jpg,k-brazil,2024-10-22 05:45:38
original_4046297102_4.jpg,5320021,Epidendrum nocturnum,8.062999999999999,"Thalurania glaucopis (J.F.Gmelin, 1788)",2476548,-23.826603,-45.341822,4.0,SOUTH_AMERICA,São Paulo,,,,2023-02-25T11:11:25,False,rceaton,iNaturalist,http://creativecommons.org/licenses/by-nc/4.0/,rceaton,https://inaturalist-open-data.s3.amazonaws.com/photos/257942873/original.jpg; https://inaturalist-open-data.s3.amazonaws.com/photos/257943074/original.jpg; https://inaturalist-open-data.s3.amazonaws.com/photos/257943316/original.jpg; https://inaturalist-open-data.s3.amazonaws.com/photos/257943559/original.jpg; https://inaturalist-open-data.s3.amazonaws.com/photos/257943697/original.jpg; https://inaturalist-open-data.s3.amazonaws.com/photos/257943889/original.jpg,k-brazil,2024-10-22 05:45:40
original_4046297102_5.jpg,8411322,Catopsis sessiliflora,9.517000000000001,"Thalurania glaucopis (J.F.Gmelin, 1788)",2476548,-23.826603,-45.341822,4.0,SOUTH_AMERICA,São Paulo,,,,2023-02-25T11:11:25,False,rceaton,iNaturalist,http://creativecommons.org/licenses/by-nc/4.0/,rceaton,https://inaturalist-open-data.s3.amazonaws.com/photos/257942873/original.jpg; https://inaturalist-open-data.s3.amazonaws.com/photos/257943074/original.jpg; https://inaturalist-open-data.s3.amazonaws.com/photos/257943316/original.jpg; https://inaturalist-open-data.s3.amazonaws.com/photos/257943559/original.jpg; https://inaturalist-open-data.s3.amazonaws.com/photos/257943697/original.jpg; https://inaturalist-open-data.s3.amazonaws.com/photos/257943889/original.jpg,k-brazil,2024-10-22 05:45:42
original_4046297102_6.jpg,2873423,Anthurium scandens,14.149999999999999,"Thalurania glaucopis (J.F.Gmelin, 1788)",2476548,-23.826603,-45.341822,4.0,SOUTH_AMERICA,São Paulo,,,,2023-02-25T11:11:25,False,rceaton,iNaturalist,http://creativecommons.org/licenses/by-nc/4.0/,rceaton,https://inaturalist-open-data.s3.amazonaws.com/photos/257942873/original.jpg; https://inaturalist-open-data.s3.amazonaws.com/photos/257943074/original.jpg; https://inaturalist-open-data.s3.amazonaws.com/photos/257943316/original.jpg; https://inaturalist-open-data.s3.amazonaws.com/photos/257943559/original.jpg; https://inaturalist-open-data.s3.amazonaws.com/photos/257943697/original.jpg; https://inaturalist-open-data.s3.amazonaws.com/photos/257943889/original.jpg,k-brazil,2024-10-22 05:45:45
original_4046369789_3.jpeg,5556447,Clusia grandiflora,2.9139999999999997,"Thalurania glaucopis (J.F.Gmelin, 1788)",2476548,-27.994096,-48.638838,437.0,SOUTH_AMERICA,Santa Catarina,,,,2023-02-21T14:54:07,False,Christian,iNaturalist,http://creativecommons.org/licenses/by-nc/4.0/,Christian,https://inaturalist-open-data.s3.amazonaws.com/photos/257501351/original.jpeg; https://inaturalist-open-data.s3.amazonaws.com/photos/257501364/original.jpeg; https://inaturalist-open-data.s3.amazonaws.com/photos/257501375/original.jpeg,k-brazil,2024-10-22 05:45:52
original_4046486353_1.jpg,3172589,Amphilophium paniculatum,3.026,"Thalurania glaucopis (J.F.Gmelin, 1788)",2476548,-25.789354,-48.527373,220.0,SOUTH_AMERICA,Paraná,,,,2022-06-17T18:14,False,paalves,iNaturalist,http://creativecommons.org/licenses/by-nc/4.0/,paalves,https://inaturalist-open-data.s3.amazonaws.com/photos/258304185/original.jpg,k-brazil,2024-10-22 05:45:55
original_4046758176_1.jpg,3082440,Lecythis pisonis,1.828,"Thalurania glaucopis (J.F.Gmelin, 1788)",2476548,-29.606984,-53.689782,122.0,SOUTH_AMERICA,Rio Grande do Sul,,,,2023-02-26T10:38,False,Frank Thomas Sautter,iNaturalist,http://creativecommons.org/licenses/by-nc/4.0/,Frank Thomas Sautter,https://inaturalist-open-data.s3.amazonaws.com/photos/258080572/original.jpg,k-brazil,2024-10-22 05:46:00
original_4055014999_1.jpeg,3191361,Byrsonima crassifolia,2.193,"Thalurania glaucopis (J.F.Gmelin, 1788)",2476548,-25.366381,-48.914445,6691.0,SOUTH_AMERICA,Paraná,,,,2023-03-04T18:00:27,False,Gabriely Miranda,iNaturalist,http://creativecommons.org/licenses/by-nc/4.0/,Gabriely Miranda,https://inaturalist-open-data.s3.amazonaws.com/photos/259135025/original.jpeg; https://inaturalist-open-data.s3.amazonaws.com/photos/259135039/original.jpeg,k-brazil,2024-10-22 05:46:03
original_4055014999_2.jpeg,5421109,Sauvagesia erecta,1.532,"Thalurania glaucopis (J.F.Gmelin, 1788)",2476548,-25.366381,-48.914445,6691.0,SOUTH_AMERICA,Paraná,,,,2023-03-04T18:00:27,False,Gabriely Miranda,iNaturalist,http://creativecommons.org/licenses/by-nc/4.0/,Gabriely Miranda,https://inaturalist-open-data.s3.amazonaws.com/photos/259135025/original.jpeg; https://inaturalist-open-data.s3.amazonaws.com/photos/259135039/original.jpeg,k-brazil,2024-10-22 05:46:05
original_4055093204_1.jpeg,3083180,Bertholletia excelsa,4.745,"Thalurania glaucopis (J.F.Gmelin, 1788)",2476548,-23.438764,-47.167274,2397.0,SOUTH_AMERICA,São Paulo,,,,2023-02-28T11:34,False,M. A. Lagares,iNaturalist,http://creativecommons.org/licenses/by-nc/4.0/,M. A. Lagares,https://inaturalist-open-data.s3.amazonaws.com/photos/259343414/original.jpeg; https://inaturalist-open-data.s3.amazonaws.com/photos/259343498/original.jpeg; https://inaturalist-open-data.s3.amazonaws.com/photos/259343510/original.jpeg,k-brazil,2024-10-22 05:46:10
original_4055093204_2.jpeg,5349620,Erythrina fusca,1.8429999999999997,"Thalurania glaucopis (J.F.Gmelin, 1788)",2476548,-23.438764,-47.167274,2397.0,SOUTH_AMERICA,São Paulo,,,,2023-02-28T11:34,False,M. A. Lagares,iNaturalist,http://creativecommons.org/licenses/by-nc/4.0/,M. A. Lagares,https://inaturalist-open-data.s3.amazonaws.com/photos/259343414/original.jpeg; https://inaturalist-open-data.s3.amazonaws.com/photos/259343498/original.jpeg; https://inaturalist-open-data.s3.amazonaws.com/photos/259343510/original.jpeg,k-brazil,2024-10-22 05:46:12
original_4062552952_1.jpeg,3189950,Paullinia pinnata,5.388,"Thalurania glaucopis (J.F.Gmelin, 1788)",2476548,-29.564228,-50.23332,319.0,SOUTH_AMERICA,Rio Grande do Sul,,,,2023-03-10T08:01:25,False,Guillermo Andreo,iNaturalist,http://creativecommons.org/licenses/by-nc/4.0/,Guillermo Andreo,https://inaturalist-open-data.s3.amazonaws.com/photos/260050950/original.jpeg; https://inaturalist-open-data.s3.amazonaws.com/photos/260050982/original.jpeg,k-brazil,2024-10-22 05:46:16
original_4062552952_2.jpeg,2925462,Stachytarpheta mutabilis,9.536999999999999,"Thalurania glaucopis (J.F.Gmelin, 1788)",2476548,-29.564228,-50.23332,319.0,SOUTH_AMERICA,Rio Grande do Sul,,,,2023-03-10T08:01:25,False,Guillermo Andreo,iNaturalist,http://creativecommons.org/licenses/by-nc/4.0/,Guillermo Andreo,https://inaturalist-open-data.s3.amazonaws.com/photos/260050950/original.jpeg; https://inaturalist-open-data.s3.amazonaws.com/photos/260050982/original.jpeg,k-brazil,2024-10-22 05:46:18
original_4062624333_1.jpeg,7269688,Jacaratia spinosa,5.577,"Thalurania glaucopis (J.F.Gmelin, 1788)",2476548,-25.516336,-54.585376,12263.0,SOUTH_AMERICA,Paraná,,,,2009-12-29T13:04,False,Bob,iNaturalist,http://creativecommons.org/licenses/by/4.0/,Bob,https://inaturalist-open-data.s3.amazonaws.com/photos/260745626/original.jpeg,k-brazil,2024-10-22 05:46:21
original_4062741301_1.jpeg,5350336,Derris trifoliata,4.415,"Thalurania glaucopis (J.F.Gmelin, 1788)",2476548,-27.098985,-48.895774,17.0,SOUTH_AMERICA,Santa Catarina,,,,2023-03-11T17:38,False,André Ambrozio,iNaturalist,http://creativecommons.org/licenses/by-nc/4.0/,André Ambrozio,https://inaturalist-open-data.s3.amazonaws.com/photos/260564541/original.jpeg; https://inaturalist-open-data.s3.amazonaws.com/photos/260564553/original.jpeg,k-brazil,2024-10-22 05:46:23
original_4062741301_2.jpeg,5350336,Derris trifoliata,11.273,"Thalurania glaucopis (J.F.Gmelin, 1788)",2476548,-27.098985,-48.895774,17.0,SOUTH_AMERICA,Santa Catarina,,,,2023-03-11T17:38,False,André Ambrozio,iNaturalist,http://creativecommons.org/licenses/by-nc/4.0/,André Ambrozio,https://inaturalist-open-data.s3.amazonaws.com/photos/260564541/original.jpeg; https://inaturalist-open-data.s3.amazonaws.com/photos/260564553/original.jpeg,k-brazil,2024-10-22 05:46:25
original_4063093660_1.jpeg,2896544,Gonzalagunia hirsuta,5.102,"Thalurania glaucopis (J.F.Gmelin, 1788)",2476548,-23.763389,-46.340438,952.0,SOUTH_AMERICA,São Paulo,,,,2023-03-04T09:12,False,Horacio Alberto Garcia,iNaturalist,http://creativecommons.org/licenses/by-nc/4.0/,Horacio Alberto Garcia,https://inaturalist-open-data.s3.amazonaws.com/photos/259607514/original.jpeg,k-brazil,2024-10-22 05:46:28
original_4067375376_1.jpeg,5379861,Sapium haematospermum,1.106,"Thalurania glaucopis (J.F.Gmelin, 1788)",2476548,-23.684342,-46.494127,1.0,SOUTH_AMERICA,São Paulo,,,,2023-03-02T07:27,False,miguelmagro,iNaturalist,http://creativecommons.org/licenses/by-nc/4.0/,miguelmagro,https://inaturalist-open-data.s3.amazonaws.com/photos/261723202/original.jpeg,k-brazil,2024-10-22 05:46:37
original_4067395357_1.jpeg,3937390,Malvaviscus concinnus,9.046999999999999,"Thalurania glaucopis (J.F.Gmelin, 1788)",2476548,-22.557531,-43.049778,1.0,SOUTH_AMERICA,Rio de Janeiro,,,,2023-03-18T17:32,False,edvandroabreuribeiro,iNaturalist,http://creativecommons.org/licenses/by-nc/4.0/,edvandroabreuribeiro,https://inaturalist-open-data.s3.amazonaws.com/photos/261648281/original.jpeg,k-brazil,2024-10-22 05:46:39
original_4067493301_1.jpg,3169012,Hippocratea volubilis,1.322,"Thalurania glaucopis (J.F.Gmelin, 1788)",2476548,-23.827595,-45.344461,2.0,SOUTH_AMERICA,São Paulo,,,,2023-03-18T17:40,False,Antonio Amaral,iNaturalist,http://creativecommons.org/licenses/by-nc/4.0/,Antonio Amaral,https://inaturalist-open-data.s3.amazonaws.com/photos/261584516/original.jpg,k-brazil,2024-10-22 05:46:47
original_4067510574_1.jpeg,2952798,Peltophorum dubium,1.66,"Thalurania glaucopis (J.F.Gmelin, 1788)",2476548,-25.597161,-54.578599,4096.0,SOUTH_AMERICA,Misiones,,,,2005-07-14T16:36:40,False,guenakenargentina,iNaturalist,http://creativecommons.org/licenses/by-nc/4.0/,guenakenargentina,https://inaturalist-open-data.s3.amazonaws.com/photos/261957236/original.jpeg,k-southern-south-america,2024-10-22 05:46:49
original_4067552569_1.jpg,2744102,Cipura paludosa,17.297,"Thalurania glaucopis (J.F.Gmelin, 1788)",2476548,-19.907405,-40.553438,54.0,SOUTH_AMERICA,Espírito Santo,,,,2023-03-21T09:54:22,False,Claudio Novaes,iNaturalist,http://creativecommons.org/licenses/by-nc/4.0/,Claudio Novaes,https://inaturalist-open-data.s3.amazonaws.com/photos/262022148/original.jpg; https://inaturalist-open-data.s3.amazonaws.com/photos/262022254/original.jpg,k-brazil,2024-10-22 05:46:53
original_4067552569_2.jpg,2744102,Cipura paludosa,35.575,"Thalurania glaucopis (J.F.Gmelin, 1788)",2476548,-19.907405,-40.553438,54.0,SOUTH_AMERICA,Espírito Santo,,,,2023-03-21T09:54:22,False,Claudio Novaes,iNaturalist,http://creativecommons.org/licenses/by-nc/4.0/,Claudio Novaes,https://inaturalist-open-data.s3.amazonaws.com/photos/262022148/original.jpg; https://inaturalist-open-data.s3.amazonaws.com/photos/262022254/original.jpg,k-brazil,2024-10-22 05:46:55
original_4067602591_1.jpg,Unknown,Unknown,0,"Thalurania glaucopis (J.F.Gmelin, 1788)",2476548,-22.435051,-42.933068,200.0,SOUTH_AMERICA,Rio de Janeiro,,,,2022-08-12T13:26,False,Zein et Carlo,iNaturalist,http://creativecommons.org/licenses/by-nc/4.0/,Zein et Carlo,https://inaturalist-open-data.s3.amazonaws.com/photos/261995118/original.jpg; https://inaturalist-open-data.s3.amazonaws.com/photos/261995513/original.jpg; https://inaturalist-open-data.s3.amazonaws.com/photos/261995514/original.jpg; https://inaturalist-open-data.s3.amazonaws.com/photos/261995534/original.jpg; https://inaturalist-open-data.s3.amazonaws.com/photos/261995535/original.jpg; https://inaturalist-open-data.s3.amazonaws.com/photos/261995537/original.jpg; https://inaturalist-open-data.s3.amazonaws.com/photos/261995538/original.jpg; https://inaturalist-open-data.s3.amazonaws.com/photos/261995562/original.jpg,k-brazil,2024-10-22 05:46:57
original_4067602591_2.jpg,5415377,Ruellia brevifolia,0.241,"Thalurania glaucopis (J.F.Gmelin, 1788)",2476548,-22.435051,-42.933068,200.0,SOUTH_AMERICA,Rio de Janeiro,,,,2022-08-12T13:26,False,Zein et Carlo,iNaturalist,http://creativecommons.org/licenses/by-nc/4.0/,Zein et Carlo,https://inaturalist-open-data.s3.amazonaws.com/photos/261995118/original.jpg; https://inaturalist-open-data.s3.amazonaws.com/photos/261995513/original.jpg; https://inaturalist-open-data.s3.amazonaws.com/photos/261995514/original.jpg; https://inaturalist-open-data.s3.amazonaws.com/photos/261995534/original.jpg; https://inaturalist-open-data.s3.amazonaws.com/photos/261995535/original.jpg; https://inaturalist-open-data.s3.amazonaws.com/photos/261995537/original.jpg; https://inaturalist-open-data.s3.amazonaws.com/photos/261995538/original.jpg; https://inaturalist-open-data.s3.amazonaws.com/photos/261995562/original.jpg,k-brazil,2024-10-22 05:46:59
original_4067602591_3.jpg,3587542,Passiflora tholozanii,0.5499999999999999,"Thalurania glaucopis (J.F.Gmelin, 1788)",2476548,-22.435051,-42.933068,200.0,SOUTH_AMERICA,Rio de Janeiro,,,,2022-08-12T13:26,False,Zein et Carlo,iNaturalist,http://creativecommons.org/licenses/by-nc/4.0/,Zein et Carlo,https://inaturalist-open-data.s3.amazonaws.com/photos/261995118/original.jpg; https://inaturalist-open-data.s3.amazonaws.com/photos/261995513/original.jpg; https://inaturalist-open-data.s3.amazonaws.com/photos/261995514/original.jpg; https://inaturalist-open-data.s3.amazonaws.com/photos/261995534/original.jpg; https://inaturalist-open-data.s3.amazonaws.com/photos/261995535/original.jpg; https://inaturalist-open-data.s3.amazonaws.com/photos/261995537/original.jpg; https://inaturalist-open-data.s3.amazonaws.com/photos/261995538/original.jpg; https://inaturalist-open-data.s3.amazonaws.com/photos/261995562/original.jpg,k-brazil,2024-10-22 05:47:01
original_4067602591_4.jpg,Unknown,Unknown,0,"Thalurania glaucopis (J.F.Gmelin, 1788)",2476548,-22.435051,-42.933068,200.0,SOUTH_AMERICA,Rio de Janeiro,,,,2022-08-12T13:26,False,Zein et Carlo,iNaturalist,http://creativecommons.org/licenses/by-nc/4.0/,Zein et Carlo,https://inaturalist-open-data.s3.amazonaws.com/photos/261995118/original.jpg; https://inaturalist-open-data.s3.amazonaws.com/photos/261995513/original.jpg; https://inaturalist-open-data.s3.amazonaws.com/photos/261995514/original.jpg; https://inaturalist-open-data.s3.amazonaws.com/photos/261995534/original.jpg; https://inaturalist-open-data.s3.amazonaws.com/photos/261995535/original.jpg; https://inaturalist-open-data.s3.amazonaws.com/photos/261995537/original.jpg; https://inaturalist-open-data.s3.amazonaws.com/photos/261995538/original.jpg; https://inaturalist-open-data.s3.amazonaws.com/photos/261995562/original.jpg,k-brazil,2024-10-22 05:47:03
original_4067602591_5.jpg,Unknown,Unknown,0,"Thalurania glaucopis (J.F.Gmelin, 1788)",2476548,-22.435051,-42.933068,200.0,SOUTH_AMERICA,Rio de Janeiro,,,,2022-08-12T13:26,False,Zein et Carlo,iNaturalist,http://creativecommons.org/licenses/by-nc/4.0/,Zein et Carlo,https://inaturalist-open-data.s3.amazonaws.com/photos/261995118/original.jpg; https://inaturalist-open-data.s3.amazonaws.com/photos/261995513/original.jpg; https://inaturalist-open-data.s3.amazonaws.com/photos/261995514/original.jpg; https://inaturalist-open-data.s3.amazonaws.com/photos/261995534/original.jpg; https://inaturalist-open-data.s3.amazonaws.com/photos/261995535/original.jpg; https://inaturalist-open-data.s3.amazonaws.com/photos/261995537/original.jpg; https://inaturalist-open-data.s3.amazonaws.com/photos/261995538/original.jpg; https://inaturalist-open-data.s3.amazonaws.com/photos/261995562/original.jpg,k-brazil,2024-10-22 05:47:05
original_4067602591_6.jpg,5415377,Ruellia brevifolia,0.9480000000000001,"Thalurania glaucopis (J.F.Gmelin, 1788)",2476548,-22.435051,-42.933068,200.0,SOUTH_AMERICA,Rio de Janeiro,,,,2022-08-12T13:26,False,Zein et Carlo,iNaturalist,http://creativecommons.org/licenses/by-nc/4.0/,Zein et Carlo,https://inaturalist-open-data.s3.amazonaws.com/photos/261995118/original.jpg; https://inaturalist-open-data.s3.amazonaws.com/photos/261995513/original.jpg; https://inaturalist-open-data.s3.amazonaws.com/photos/261995514/original.jpg; https://inaturalist-open-data.s3.amazonaws.com/photos/261995534/original.jpg; https://inaturalist-open-data.s3.amazonaws.com/photos/261995535/original.jpg; https://inaturalist-open-data.s3.amazonaws.com/photos/261995537/original.jpg; https://inaturalist-open-data.s3.amazonaws.com/photos/261995538/original.jpg; https://inaturalist-open-data.s3.amazonaws.com/photos/261995562/original.jpg,k-brazil,2024-10-22 05:47:06
original_4067602591_7.jpg,5415377,Ruellia brevifolia,0.241,"Thalurania glaucopis (J.F.Gmelin, 1788)",2476548,-22.435051,-42.933068,200.0,SOUTH_AMERICA,Rio de Janeiro,,,,2022-08-12T13:26,False,Zein et Carlo,iNaturalist,http://creativecommons.org/licenses/by-nc/4.0/,Zein et Carlo,https://inaturalist-open-data.s3.amazonaws.com/photos/261995118/original.jpg; https://inaturalist-open-data.s3.amazonaws.com/photos/261995513/original.jpg; https://inaturalist-open-data.s3.amazonaws.com/photos/261995514/original.jpg; https://inaturalist-open-data.s3.amazonaws.com/photos/261995534/original.jpg; https://inaturalist-open-data.s3.amazonaws.com/photos/261995535/original.jpg; https://inaturalist-open-data.s3.amazonaws.com/photos/261995537/original.jpg; https://inaturalist-open-data.s3.amazonaws.com/photos/261995538/original.jpg; https://inaturalist-open-data.s3.amazonaws.com/photos/261995562/original.jpg,k-brazil,2024-10-22 05:47:08
original_4075769034_1.jpeg,2943053,Chloroleucon mangense,1.113,"Thalurania glaucopis (J.F.Gmelin, 1788)",2476548,-22.462911,-43.094148,200.0,SOUTH_AMERICA,Rio de Janeiro,,,,2022-08-27T12:04:29,False,Gabriel Vitoi,iNaturalist,http://creativecommons.org/licenses/by-nc/4.0/,Gabriel Vitoi,https://inaturalist-open-data.s3.amazonaws.com/photos/262118864/original.jpeg,k-brazil,2024-10-22 05:47:12
original_4075823137_1.jpg,Unknown,Unknown,0,"Thalurania glaucopis (J.F.Gmelin, 1788)",2476548,-23.55637,-45.843655,203.0,SOUTH_AMERICA,São Paulo,,,,2018-06-23T15:46,False,manequinho,iNaturalist,http://creativecommons.org/licenses/by-nc/4.0/,manequinho,https://inaturalist-open-data.s3.amazonaws.com/photos/263870923/original.jpg,k-brazil,2024-10-22 05:47:23
original_4075903611_1.jpeg,5371729,Nectandra turbacensis,2.2110000000000003,"Thalurania glaucopis (J.F.Gmelin, 1788)",2476548,-23.85869,-46.458313,,SOUTH_AMERICA,São Paulo,,,,2023-03-25T10:29,False,Pedro Henrique Maloso Ramos,iNaturalist,http://creativecommons.org/licenses/by/4.0/,Pedro Henrique Maloso Ramos,https://inaturalist-open-data.s3.amazonaws.com/photos/263016492/original.jpeg,k-brazil,2024-10-22 05:47:30
original_4075949094_1.jpg,3860494,Henriettea succosa,5.172000000000001,"Thalurania glaucopis (J.F.Gmelin, 1788)",2476548,-24.004135,-47.561876,198.0,SOUTH_AMERICA,São Paulo,,,,2016-06-04T14:05,False,manequinho,iNaturalist,http://creativecommons.org/licenses/by-nc/4.0/,manequinho,https://inaturalist-open-data.s3.amazonaws.com/photos/263870596/original.jpg,k-brazil,2024-10-22 05:47:42
original_4075970094_1.jpeg,10786206,Rhaphiolepis bibas,3.3930000000000002,"Thalurania glaucopis (J.F.Gmelin, 1788)",2476548,-23.057273,-46.641048,206.0,SOUTH_AMERICA,São Paulo,,,,2014-07-10T09:18,False,manequinho,iNaturalist,http://creativecommons.org/licenses/by-nc/4.0/,manequinho,https://inaturalist-open-data.s3.amazonaws.com/photos/263870235/original.jpeg,k-brazil,2024-10-22 05:47:44
original_4076305099_1.jpg,2888728,Sambucus nigra,38.053,"Thalurania glaucopis (J.F.Gmelin, 1788)",2476548,-24.016468,-47.151677,203.0,SOUTH_AMERICA,São Paulo,,,,2018-10-12T10:47,False,manequinho,iNaturalist,http://creativecommons.org/licenses/by-nc/4.0/,manequinho,https://inaturalist-open-data.s3.amazonaws.com/photos/263871095/original.jpg,k-brazil,2024-10-22 05:47:49
original_4076331132_1.jpeg,3155772,Guatteria punctata,1.043,"Thalurania glaucopis (J.F.Gmelin, 1788)",2476548,-23.319124,-45.164709,208.0,SOUTH_AMERICA,São Paulo,,,,2013-10-18T12:11,False,manequinho,iNaturalist,http://creativecommons.org/licenses/by-nc/4.0/,manequinho,https://inaturalist-open-data.s3.amazonaws.com/photos/263870101/original.jpeg,k-brazil,2024-10-22 05:47:51
original_4076350167_1.jpeg,4092242,Handroanthus impetiginosus,0.48,"Thalurania glaucopis (J.F.Gmelin, 1788)",2476548,-23.319124,-45.164709,208.0,SOUTH_AMERICA,São Paulo,,,,2014-05-30T14:16,False,manequinho,iNaturalist,http://creativecommons.org/licenses/by-nc/4.0/,manequinho,https://inaturalist-open-data.s3.amazonaws.com/photos/263870111/original.jpeg,k-brazil,2024-10-22 05:47:53
original_4080548024_1.jpeg,2895593,Genipa americana,29.4,"Thalurania glaucopis (J.F.Gmelin, 1788)",2476548,-23.855022,-46.457595,,SOUTH_AMERICA,São Paulo,,,,2023-04-07T09:29,False,Pedro Henrique Maloso Ramos,iNaturalist,http://creativecommons.org/licenses/by/4.0/,Pedro Henrique Maloso Ramos,https://inaturalist-open-data.s3.amazonaws.com/photos/265746138/original.jpeg,k-brazil,2024-10-22 05:47:56
original_4080729305_1.jpeg,5287939,Bromelia balansae,5.809,"Thalurania glaucopis (J.F.Gmelin, 1788)",2476548,-23.895836,-46.61619,2.0,SOUTH_AMERICA,São Paulo,,,,2023-04-07T07:26,False,miguelmagro,iNaturalist,http://creativecommons.org/licenses/by-nc/4.0/,miguelmagro,https://inaturalist-open-data.s3.amazonaws.com/photos/266233460/original.jpeg,k-brazil,2024-10-22 05:47:58
original_4080759546_1.jpeg,3621389,Tabernaemontana undulata,1.6260000000000001,"Thalurania glaucopis (J.F.Gmelin, 1788)",2476548,-22.969112,-46.995819,5801.0,SOUTH_AMERICA,São Paulo,,,,2023-04-09,False,Salih Ceran,iNaturalist,http://creativecommons.org/licenses/by-nc/4.0/,Salih Ceran,https://inaturalist-open-data.s3.amazonaws.com/photos/266614549/original.jpeg,k-brazil,2024-10-22 05:48:01
original_4080783514_1.jpg,5405436,Stifftia chrysantha,2.1270000000000002,"Thalurania glaucopis (J.F.Gmelin, 1788)",2476548,-23.834057,-45.361725,2.0,SOUTH_AMERICA,São Paulo,,,,2023-04-10T10:54,False,Antonio Amaral,iNaturalist,http://creativecommons.org/licenses/by-nc/4.0/,Antonio Amaral,https://inaturalist-open-data.s3.amazonaws.com/photos/266598285/original.jpg,k-brazil,2024-10-22 05:48:03
original_4080816361_1.jpeg,5415377,Ruellia brevifolia,0.606,"Thalurania glaucopis (J.F.Gmelin, 1788)",2476548,-27.678546,-48.489567,8.0,SOUTH_AMERICA,Santa Catarina,,,,2023-04-09T17:17,False,Fabrício Mil Homens Riella,iNaturalist,http://creativecommons.org/licenses/by-nc/4.0/,Fabrício Mil Homens Riella,https://inaturalist-open-data.s3.amazonaws.com/photos/266367491/original.jpeg; https://inaturalist-open-data.s3.amazonaws.com/photos/266367513/original.jpeg,k-brazil,2024-10-22 05:48:06
original_4080816361_2.jpeg,7279161,Pavonia sepium,0.244,"Thalurania glaucopis (J.F.Gmelin, 1788)",2476548,-27.678546,-48.489567,8.0,SOUTH_AMERICA,Santa Catarina,,,,2023-04-09T17:17,False,Fabrício Mil Homens Riella,iNaturalist,http://creativecommons.org/licenses/by-nc/4.0/,Fabrício Mil Homens Riella,https://inaturalist-open-data.s3.amazonaws.com/photos/266367491/original.jpeg; https://inaturalist-open-data.s3.amazonaws.com/photos/266367513/original.jpeg,k-brazil,2024-10-22 05:48:09
original_4080919513_6.jpg,3169652,Cascabela thevetia,1.7870000000000001,"Thalurania glaucopis (J.F.Gmelin, 1788)",2476548,-19.907642,-40.552912,8.0,SOUTH_AMERICA,Espírito Santo,,,,2023-04-10T13:24:09,False,Claudio Novaes,iNaturalist,http://creativecommons.org/licenses/by-nc/4.0/,Claudio Novaes,https://inaturalist-open-data.s3.amazonaws.com/photos/266581607/original.jpg; https://inaturalist-open-data.s3.amazonaws.com/photos/266582050/original.jpg; https://inaturalist-open-data.s3.amazonaws.com/photos/266582086/original.jpg; https://inaturalist-open-data.s3.amazonaws.com/photos/266582124/original.jpg; https://inaturalist-open-data.s3.amazonaws.com/photos/266582146/original.jpg; https://inaturalist-open-data.s3.amazonaws.com/photos/266582178/original.jpg,k-brazil,2024-10-22 05:48:11
original_4091901165_1.jpg,Unknown,Unknown,0,"Thalurania glaucopis (J.F.Gmelin, 1788)",2476548,-22.506015,-43.179636,545.0,SOUTH_AMERICA,Rio de Janeiro,,,,2023-01-10T11:38,False,Francisco V. Bezerra Neto,iNaturalist,http://creativecommons.org/licenses/by-nc/4.0/,Francisco V. Bezerra Neto,https://inaturalist-open-data.s3.amazonaws.com/photos/267875492/original.jpg; https://inaturalist-open-data.s3.amazonaws.com/photos/267875763/original.jpg; https://inaturalist-open-data.s3.amazonaws.com/photos/267876013/original.jpg; https://inaturalist-open-data.s3.amazonaws.com/photos/267876286/original.jpg,k-brazil,2024-10-22 05:48:15
original_4091901165_2.jpg,6026300,Eryngium pandanifolium,0.126,"Thalurania glaucopis (J.F.Gmelin, 1788)",2476548,-22.506015,-43.179636,545.0,SOUTH_AMERICA,Rio de Janeiro,,,,2023-01-10T11:38,False,Francisco V. Bezerra Neto,iNaturalist,http://creativecommons.org/licenses/by-nc/4.0/,Francisco V. Bezerra Neto,https://inaturalist-open-data.s3.amazonaws.com/photos/267875492/original.jpg; https://inaturalist-open-data.s3.amazonaws.com/photos/267875763/original.jpg; https://inaturalist-open-data.s3.amazonaws.com/photos/267876013/original.jpg; https://inaturalist-open-data.s3.amazonaws.com/photos/267876286/original.jpg,k-brazil,2024-10-22 05:48:17
original_4091901165_3.jpg,2928783,Nicotiana glauca,0.13999999999999999,"Thalurania glaucopis (J.F.Gmelin, 1788)",2476548,-22.506015,-43.179636,545.0,SOUTH_AMERICA,Rio de Janeiro,,,,2023-01-10T11:38,False,Francisco V. Bezerra Neto,iNaturalist,http://creativecommons.org/licenses/by-nc/4.0/,Francisco V. Bezerra Neto,https://inaturalist-open-data.s3.amazonaws.com/photos/267875492/original.jpg; https://inaturalist-open-data.s3.amazonaws.com/photos/267875763/original.jpg; https://inaturalist-open-data.s3.amazonaws.com/photos/267876013/original.jpg; https://inaturalist-open-data.s3.amazonaws.com/photos/267876286/original.jpg,k-brazil,2024-10-22 05:48:19
original_4091901165_4.jpg,2950149,Chamaecrista hispidula,2.095,"Thalurania glaucopis (J.F.Gmelin, 1788)",2476548,-22.506015,-43.179636,545.0,SOUTH_AMERICA,Rio de Janeiro,,,,2023-01-10T11:38,False,Francisco V. Bezerra Neto,iNaturalist,http://creativecommons.org/licenses/by-nc/4.0/,Francisco V. Bezerra Neto,https://inaturalist-open-data.s3.amazonaws.com/photos/267875492/original.jpg; https://inaturalist-open-data.s3.amazonaws.com/photos/267875763/original.jpg; https://inaturalist-open-data.s3.amazonaws.com/photos/267876013/original.jpg; https://inaturalist-open-data.s3.amazonaws.com/photos/267876286/original.jpg,k-brazil,2024-10-22 05:48:21
original_4096414277_1.jpeg,2694745,Tillandsia complanata,2.822,"Thalurania glaucopis (J.F.Gmelin, 1788)",2476548,-23.638397,-46.535333,1953.0,SOUTH_AMERICA,São Paulo,,,,2023-03-14T07:07,False,JULIO CESAR GONZALEZ FILIPINO,iNaturalist,http://creativecommons.org/licenses/by-nc/4.0/,JULIO CESAR GONZALEZ FILIPINO,https://inaturalist-open-data.s3.amazonaws.com/photos/269850320/original.jpeg,k-brazil,2024-10-22 05:48:24
original_4096803129_1.jpg,2929362,Solanum capsicoides,3.012,"Thalurania glaucopis (J.F.Gmelin, 1788)",2476548,-25.685232,-54.439117,2.0,SOUTH_AMERICA,Paraná,,,,2017-06-14T12:13:51,False,inesavasconcelos,iNaturalist,http://creativecommons.org/licenses/by-nc/4.0/,inesavasconcelos,https://inaturalist-open-data.s3.amazonaws.com/photos/269599279/original.jpg,k-southern-south-america,2024-10-22 05:48:30
original_4102564892_1.jpeg,2895593,Genipa americana,2.796,"Thalurania glaucopis (J.F.Gmelin, 1788)",2476548,-23.595427,-45.428874,4.0,SOUTH_AMERICA,São Paulo,,,,2023-04-26T08:46,False,Antonio Amaral,iNaturalist,http://creativecommons.org/licenses/by-nc/4.0/,Antonio Amaral,https://inaturalist-open-data.s3.amazonaws.com/photos/271383498/original.jpeg,k-brazil,2024-10-22 05:48:35
original_4102582345_1.jpeg,7294305,Cantua buxifolia,0.5780000000000001,"Thalurania glaucopis (J.F.Gmelin, 1788)",2476548,-25.615983,-54.45397,2413.0,SOUTH_AMERICA,Paraná,,,,2020-08-23T14:01,False,Luciana Chiyo,iNaturalist,http://creativecommons.org/licenses/by-nc/4.0/,Luciana Chiyo,https://inaturalist-open-data.s3.amazonaws.com/photos/98989438/original.jpeg,k-southern-south-america,2024-10-22 05:48:38
original_4102639706_1.jpg,8252714,Ruellia asperula,2.573,"Thalurania glaucopis (J.F.Gmelin, 1788)",2476548,-19.907312,-40.553178,4.0,SOUTH_AMERICA,Espírito Santo,,,,2023-04-26T10:35:25,False,Claudio Novaes,iNaturalist,http://creativecommons.org/licenses/by-nc/4.0/,Claudio Novaes,https://inaturalist-open-data.s3.amazonaws.com/photos/271072957/original.jpg; https://inaturalist-open-data.s3.amazonaws.com/photos/271073003/original.jpg; https://inaturalist-open-data.s3.amazonaws.com/photos/271073031/original.jpg; https://inaturalist-open-data.s3.amazonaws.com/photos/271073063/original.jpg,k-brazil,2024-10-22 05:48:43
original_4102639706_3.jpg,2945453,Schizolobium parahyba,3.011,"Thalurania glaucopis (J.F.Gmelin, 1788)",2476548,-19.907312,-40.553178,4.0,SOUTH_AMERICA,Espírito Santo,,,,2023-04-26T10:35:25,False,Claudio Novaes,iNaturalist,http://creativecommons.org/licenses/by-nc/4.0/,Claudio Novaes,https://inaturalist-open-data.s3.amazonaws.com/photos/271072957/original.jpg; https://inaturalist-open-data.s3.amazonaws.com/photos/271073003/original.jpg; https://inaturalist-open-data.s3.amazonaws.com/photos/271073031/original.jpg; https://inaturalist-open-data.s3.amazonaws.com/photos/271073063/original.jpg,k-brazil,2024-10-22 05:48:45
original_4102639706_4.jpg,2704740,Zoysia matrella,11.963,"Thalurania glaucopis (J.F.Gmelin, 1788)",2476548,-19.907312,-40.553178,4.0,SOUTH_AMERICA,Espírito Santo,,,,2023-04-26T10:35:25,False,Claudio Novaes,iNaturalist,http://creativecommons.org/licenses/by-nc/4.0/,Claudio Novaes,https://inaturalist-open-data.s3.amazonaws.com/photos/271072957/original.jpg; https://inaturalist-open-data.s3.amazonaws.com/photos/271073003/original.jpg; https://inaturalist-open-data.s3.amazonaws.com/photos/271073031/original.jpg; https://inaturalist-open-data.s3.amazonaws.com/photos/271073063/original.jpg,k-brazil,2024-10-22 05:48:48
original_4102693385_1.jpg,2952808,Anadenanthera peregrina,1.414,"Thalurania glaucopis (J.F.Gmelin, 1788)",2476548,-23.46953,-45.169267,8.0,SOUTH_AMERICA,São Paulo,,,,2021-09-10T15:37:02,False,Luciana Chiyo,iNaturalist,http://creativecommons.org/licenses/by-nc/4.0/,Luciana Chiyo,https://inaturalist-open-data.s3.amazonaws.com/photos/163220718/original.jpg,k-brazil,2024-10-22 05:48:53
original_4102758120_1.jpg,5556447,Clusia grandiflora,2.817,"Thalurania glaucopis (J.F.Gmelin, 1788)",2476548,-23.799452,-46.022942,22594.0,SOUTH_AMERICA,São Paulo,,,,2023-04-29T21:36,False,Ronaldo Garcia,iNaturalist,http://creativecommons.org/licenses/by-nc/4.0/,Ronaldo Garcia,https://inaturalist-open-data.s3.amazonaws.com/photos/273803279/original.jpg,k-brazil,2024-10-22 05:48:56
original_4102773920_1.jpeg,4092242,Handroanthus impetiginosus,2.1260000000000003,"Thalurania glaucopis (J.F.Gmelin, 1788)",2476548,-25.521727,-49.092388,,SOUTH_AMERICA,Paraná,,,,2023-04-30T15:35:43,False,Rosana Moreira da Rocha,iNaturalist,http://creativecommons.org/licenses/by-nc/4.0/,Rosana Moreira da Rocha,https://inaturalist-open-data.s3.amazonaws.com/photos/273488587/original.jpeg,k-brazil,2024-10-22 05:49:00
original_4102863761_1.jpeg,7298634,Jacaranda obtusifolia,1.109,"Thalurania glaucopis (J.F.Gmelin, 1788)",2476548,-22.262054,-43.011752,15.0,SOUTH_AMERICA,Rio de Janeiro,,,,2023-04-30T09:31,False,claudia_mermelstein,iNaturalist,http://creativecommons.org/licenses/by-nc/4.0/,claudia_mermelstein,https://inaturalist-open-data.s3.amazonaws.com/photos/273232922/original.jpeg; https://inaturalist-open-data.s3.amazonaws.com/photos/273232951/original.jpg; https://inaturalist-open-data.s3.amazonaws.com/photos/273233032/original.jpeg,k-brazil,2024-10-22 05:49:02
original_4102863761_2.jpg,2792457,Polystachya concreta,1.7049999999999998,"Thalurania glaucopis (J.F.Gmelin, 1788)",2476548,-22.262054,-43.011752,15.0,SOUTH_AMERICA,Rio de Janeiro,,,,2023-04-30T09:31,False,claudia_mermelstein,iNaturalist,http://creativecommons.org/licenses/by-nc/4.0/,claudia_mermelstein,https://inaturalist-open-data.s3.amazonaws.com/photos/273232922/original.jpeg; https://inaturalist-open-data.s3.amazonaws.com/photos/273232951/original.jpg; https://inaturalist-open-data.s3.amazonaws.com/photos/273233032/original.jpeg,k-brazil,2024-10-22 05:49:04
original_4102863761_3.jpeg,7298634,Jacaranda obtusifolia,1.473,"Thalurania glaucopis (J.F.Gmelin, 1788)",2476548,-22.262054,-43.011752,15.0,SOUTH_AMERICA,Rio de Janeiro,,,,2023-04-30T09:31,False,claudia_mermelstein,iNaturalist,http://creativecommons.org/licenses/by-nc/4.0/,claudia_mermelstein,https://inaturalist-open-data.s3.amazonaws.com/photos/273232922/original.jpeg; https://inaturalist-open-data.s3.amazonaws.com/photos/273232951/original.jpg; https://inaturalist-open-data.s3.amazonaws.com/photos/273233032/original.jpeg,k-brazil,2024-10-22 05:49:06
original_4102990537_1.jpeg,3190533,Schinopsis balansae,0.65,"Thalurania glaucopis (J.F.Gmelin, 1788)",2476548,-26.969917,-48.630165,499.0,SOUTH_AMERICA,Santa Catarina,,,,2023-04-28T15:05,False,Paulo Fernando Simãozinho,iNaturalist,http://creativecommons.org/licenses/by-nc/4.0/,Paulo Fernando Simãozinho,https://inaturalist-open-data.s3.amazonaws.com/photos/274897560/original.jpeg; https://inaturalist-open-data.s3.amazonaws.com/photos/274897997/original.jpeg; https://inaturalist-open-data.s3.amazonaws.com/photos/274898033/original.jpeg; https://inaturalist-open-data.s3.amazonaws.com/photos/274898107/original.jpeg; https://inaturalist-open-data.s3.amazonaws.com/photos/274898160/original.jpeg; https://inaturalist-open-data.s3.amazonaws.com/photos/274898372/original.jpeg; https://inaturalist-open-data.s3.amazonaws.com/photos/274898407/original.jpeg,k-brazil,2024-10-22 05:49:08
original_4102990537_2.jpeg,3190533,Schinopsis balansae,0.9570000000000001,"Thalurania glaucopis (J.F.Gmelin, 1788)",2476548,-26.969917,-48.630165,499.0,SOUTH_AMERICA,Santa Catarina,,,,2023-04-28T15:05,False,Paulo Fernando Simãozinho,iNaturalist,http://creativecommons.org/licenses/by-nc/4.0/,Paulo Fernando Simãozinho,https://inaturalist-open-data.s3.amazonaws.com/photos/274897560/original.jpeg; https://inaturalist-open-data.s3.amazonaws.com/photos/274897997/original.jpeg; https://inaturalist-open-data.s3.amazonaws.com/photos/274898033/original.jpeg; https://inaturalist-open-data.s3.amazonaws.com/photos/274898107/original.jpeg; https://inaturalist-open-data.s3.amazonaws.com/photos/274898160/original.jpeg; https://inaturalist-open-data.s3.amazonaws.com/photos/274898372/original.jpeg; https://inaturalist-open-data.s3.amazonaws.com/photos/274898407/original.jpeg,k-brazil,2024-10-22 05:49:10
original_4103066483_1.jpg,7378543,Vochysia ferruginea,4.163,"Thalurania glaucopis (J.F.Gmelin, 1788)",2476548,-19.907183,-40.553028,19.0,SOUTH_AMERICA,Espírito Santo,,,,2023-03-27T09:37:31,False,Claudio Novaes,iNaturalist,http://creativecommons.org/licenses/by-nc/4.0/,Claudio Novaes,https://inaturalist-open-data.s3.amazonaws.com/photos/263263434/original.jpg; https://inaturalist-open-data.s3.amazonaws.com/photos/263263445/original.jpg; https://inaturalist-open-data.s3.amazonaws.com/photos/263263464/original.jpg; https://inaturalist-open-data.s3.amazonaws.com/photos/263263504/original.jpg; https://inaturalist-open-data.s3.amazonaws.com/photos/263263544/original.jpg,k-brazil,2024-10-22 05:49:22
original_4103066483_2.jpg,7499732,Cattleya violacea,2.386,"Thalurania glaucopis (J.F.Gmelin, 1788)",2476548,-19.907183,-40.553028,19.0,SOUTH_AMERICA,Espírito Santo,,,,2023-03-27T09:37:31,False,Claudio Novaes,iNaturalist,http://creativecommons.org/licenses/by-nc/4.0/,Claudio Novaes,https://inaturalist-open-data.s3.amazonaws.com/photos/263263434/original.jpg; https://inaturalist-open-data.s3.amazonaws.com/photos/263263445/original.jpg; https://inaturalist-open-data.s3.amazonaws.com/photos/263263464/original.jpg; https://inaturalist-open-data.s3.amazonaws.com/photos/263263504/original.jpg; https://inaturalist-open-data.s3.amazonaws.com/photos/263263544/original.jpg,k-brazil,2024-10-22 05:49:24
original_4103066483_3.jpg,3189421,Mammea americana,12.834999999999999,"Thalurania glaucopis (J.F.Gmelin, 1788)",2476548,-19.907183,-40.553028,19.0,SOUTH_AMERICA,Espírito Santo,,,,2023-03-27T09:37:31,False,Claudio Novaes,iNaturalist,http://creativecommons.org/licenses/by-nc/4.0/,Claudio Novaes,https://inaturalist-open-data.s3.amazonaws.com/photos/263263434/original.jpg; https://inaturalist-open-data.s3.amazonaws.com/photos/263263445/original.jpg; https://inaturalist-open-data.s3.amazonaws.com/photos/263263464/original.jpg; https://inaturalist-open-data.s3.amazonaws.com/photos/263263504/original.jpg; https://inaturalist-open-data.s3.amazonaws.com/photos/263263544/original.jpg,k-brazil,2024-10-22 05:49:26
original_4103066483_4.jpg,7499732,Cattleya violacea,15.366,"Thalurania glaucopis (J.F.Gmelin, 1788)",2476548,-19.907183,-40.553028,19.0,SOUTH_AMERICA,Espírito Santo,,,,2023-03-27T09:37:31,False,Claudio Novaes,iNaturalist,http://creativecommons.org/licenses/by-nc/4.0/,Claudio Novaes,https://inaturalist-open-data.s3.amazonaws.com/photos/263263434/original.jpg; https://inaturalist-open-data.s3.amazonaws.com/photos/263263445/original.jpg; https://inaturalist-open-data.s3.amazonaws.com/photos/263263464/original.jpg; https://inaturalist-open-data.s3.amazonaws.com/photos/263263504/original.jpg; https://inaturalist-open-data.s3.amazonaws.com/photos/263263544/original.jpg,k-brazil,2024-10-22 05:49:28
original_4103388457_1.jpg,5350336,Derris trifoliata,0.522,"Thalurania glaucopis (J.F.Gmelin, 1788)",2476548,-27.357441,-48.537137,8.0,SOUTH_AMERICA,Santa Catarina,,,,2023-04-19T16:48,False,Pedro Sessegolo,iNaturalist,http://creativecommons.org/licenses/by-nc/4.0/,Pedro Sessegolo,https://inaturalist-open-data.s3.amazonaws.com/photos/274580383/original.jpg,k-brazil,2024-10-22 05:49:34
original_4111610110_1.jpeg,10932080,Miconia minutiflora,1.059,"Thalurania glaucopis (J.F.Gmelin, 1788)",2476548,-23.909962,-46.692591,74.0,SOUTH_AMERICA,São Paulo,,,,2023-04-29T19:00,False,Victor Morais Ghirotto,iNaturalist,http://creativecommons.org/licenses/by-nc/4.0/,Victor Morais Ghirotto,https://inaturalist-open-data.s3.amazonaws.com/photos/275722092/original.jpeg; https://inaturalist-open-data.s3.amazonaws.com/photos/275722205/original.jpeg,k-brazil,2024-10-22 05:49:37
original_4111610110_2.jpeg,3864198,Tibouchina aspera,3.2710000000000004,"Thalurania glaucopis (J.F.Gmelin, 1788)",2476548,-23.909962,-46.692591,74.0,SOUTH_AMERICA,São Paulo,,,,2023-04-29T19:00,False,Victor Morais Ghirotto,iNaturalist,http://creativecommons.org/licenses/by-nc/4.0/,Victor Morais Ghirotto,https://inaturalist-open-data.s3.amazonaws.com/photos/275722092/original.jpeg; https://inaturalist-open-data.s3.amazonaws.com/photos/275722205/original.jpeg,k-brazil,2024-10-22 05:49:39
original_4111686052_1.jpeg,3937390,Malvaviscus concinnus,0.623,"Thalurania glaucopis (J.F.Gmelin, 1788)",2476548,-26.97037,-48.630067,376.0,SOUTH_AMERICA,Santa Catarina,,,,2023-04-28T17:02,False,Paulo Fernando Simãozinho,iNaturalist,http://creativecommons.org/licenses/by-nc/4.0/,Paulo Fernando Simãozinho,https://inaturalist-open-data.s3.amazonaws.com/photos/275643148/original.jpeg; https://inaturalist-open-data.s3.amazonaws.com/photos/275643195/original.jpeg; https://inaturalist-open-data.s3.amazonaws.com/photos/275643202/original.jpeg; https://inaturalist-open-data.s3.amazonaws.com/photos/275643259/original.jpeg; https://inaturalist-open-data.s3.amazonaws.com/photos/275643264/original.jpeg; https://inaturalist-open-data.s3.amazonaws.com/photos/275643315/original.jpeg; https://inaturalist-open-data.s3.amazonaws.com/photos/275643316/original.jpeg; https://inaturalist-open-data.s3.amazonaws.com/photos/275643370/original.jpeg; https://inaturalist-open-data.s3.amazonaws.com/photos/275643372/original.jpeg; https://inaturalist-open-data.s3.amazonaws.com/photos/275643416/original.jpeg; https://inaturalist-open-data.s3.amazonaws.com/photos/275643418/original.jpeg; https://inaturalist-open-data.s3.amazonaws.com/photos/275643468/original.jpeg; https://inaturalist-open-data.s3.amazonaws.com/photos/275643471/original.jpeg; https://inaturalist-open-data.s3.amazonaws.com/photos/275643524/original.jpeg; https://inaturalist-open-data.s3.amazonaws.com/photos/275643535/original.jpeg; https://inaturalist-open-data.s3.amazonaws.com/photos/275643577/original.jpeg; https://inaturalist-open-data.s3.amazonaws.com/photos/275643590/original.jpeg; https://inaturalist-open-data.s3.amazonaws.com/photos/275643636/original.jpeg; https://inaturalist-open-data.s3.amazonaws.com/photos/275643658/original.jpeg; https://inaturalist-open-data.s3.amazonaws.com/photos/275643690/original.jpeg,k-brazil,2024-10-22 05:49:41
original_4111686052_10.jpeg,3937390,Malvaviscus concinnus,0.681,"Thalurania glaucopis (J.F.Gmelin, 1788)",2476548,-26.97037,-48.630067,376.0,SOUTH_AMERICA,Santa Catarina,,,,2023-04-28T17:02,False,Paulo Fernando Simãozinho,iNaturalist,http://creativecommons.org/licenses/by-nc/4.0/,Paulo Fernando Simãozinho,https://inaturalist-open-data.s3.amazonaws.com/photos/275643148/original.jpeg; https://inaturalist-open-data.s3.amazonaws.com/photos/275643195/original.jpeg; https://inaturalist-open-data.s3.amazonaws.com/photos/275643202/original.jpeg; https://inaturalist-open-data.s3.amazonaws.com/photos/275643259/original.jpeg; https://inaturalist-open-data.s3.amazonaws.com/photos/275643264/original.jpeg; https://inaturalist-open-data.s3.amazonaws.com/photos/275643315/original.jpeg; https://inaturalist-open-data.s3.amazonaws.com/photos/275643316/original.jpeg; https://inaturalist-open-data.s3.amazonaws.com/photos/275643370/original.jpeg; https://inaturalist-open-data.s3.amazonaws.com/photos/275643372/original.jpeg; https://inaturalist-open-data.s3.amazonaws.com/photos/275643416/original.jpeg; https://inaturalist-open-data.s3.amazonaws.com/photos/275643418/original.jpeg; https://inaturalist-open-data.s3.amazonaws.com/photos/275643468/original.jpeg; https://inaturalist-open-data.s3.amazonaws.com/photos/275643471/original.jpeg; https://inaturalist-open-data.s3.amazonaws.com/photos/275643524/original.jpeg; https://inaturalist-open-data.s3.amazonaws.com/photos/275643535/original.jpeg; https://inaturalist-open-data.s3.amazonaws.com/photos/275643577/original.jpeg; https://inaturalist-open-data.s3.amazonaws.com/photos/275643590/original.jpeg; https://inaturalist-open-data.s3.amazonaws.com/photos/275643636/original.jpeg; https://inaturalist-open-data.s3.amazonaws.com/photos/275643658/original.jpeg; https://inaturalist-open-data.s3.amazonaws.com/photos/275643690/original.jpeg,k-brazil,2024-10-22 05:49:43
original_4111686052_11.jpeg,5415377,Ruellia brevifolia,0.18,"Thalurania glaucopis (J.F.Gmelin, 1788)",2476548,-26.97037,-48.630067,376.0,SOUTH_AMERICA,Santa Catarina,,,,2023-04-28T17:02,False,Paulo Fernando Simãozinho,iNaturalist,http://creativecommons.org/licenses/by-nc/4.0/,Paulo Fernando Simãozinho,https://inaturalist-open-data.s3.amazonaws.com/photos/275643148/original.jpeg; https://inaturalist-open-data.s3.amazonaws.com/photos/275643195/original.jpeg; https://inaturalist-open-data.s3.amazonaws.com/photos/275643202/original.jpeg; https://inaturalist-open-data.s3.amazonaws.com/photos/275643259/original.jpeg; https://inaturalist-open-data.s3.amazonaws.com/photos/275643264/original.jpeg; https://inaturalist-open-data.s3.amazonaws.com/photos/275643315/original.jpeg; https://inaturalist-open-data.s3.amazonaws.com/photos/275643316/original.jpeg; https://inaturalist-open-data.s3.amazonaws.com/photos/275643370/original.jpeg; https://inaturalist-open-data.s3.amazonaws.com/photos/275643372/original.jpeg; https://inaturalist-open-data.s3.amazonaws.com/photos/275643416/original.jpeg; https://inaturalist-open-data.s3.amazonaws.com/photos/275643418/original.jpeg; https://inaturalist-open-data.s3.amazonaws.com/photos/275643468/original.jpeg; https://inaturalist-open-data.s3.amazonaws.com/photos/275643471/original.jpeg; https://inaturalist-open-data.s3.amazonaws.com/photos/275643524/original.jpeg; https://inaturalist-open-data.s3.amazonaws.com/photos/275643535/original.jpeg; https://inaturalist-open-data.s3.amazonaws.com/photos/275643577/original.jpeg; https://inaturalist-open-data.s3.amazonaws.com/photos/275643590/original.jpeg; https://inaturalist-open-data.s3.amazonaws.com/photos/275643636/original.jpeg; https://inaturalist-open-data.s3.amazonaws.com/photos/275643658/original.jpeg; https://inaturalist-open-data.s3.amazonaws.com/photos/275643690/original.jpeg,k-brazil,2024-10-22 05:49:45
original_4111686052_12.jpeg,7264147,Dicliptera squarrosa,0.629,"Thalurania glaucopis (J.F.Gmelin, 1788)",2476548,-26.97037,-48.630067,376.0,SOUTH_AMERICA,Santa Catarina,,,,2023-04-28T17:02,False,Paulo Fernando Simãozinho,iNaturalist,http://creativecommons.org/licenses/by-nc/4.0/,Paulo Fernando Simãozinho,https://inaturalist-open-data.s3.amazonaws.com/photos/275643148/original.jpeg; https://inaturalist-open-data.s3.amazonaws.com/photos/275643195/original.jpeg; https://inaturalist-open-data.s3.amazonaws.com/photos/275643202/original.jpeg; https://inaturalist-open-data.s3.amazonaws.com/photos/275643259/original.jpeg; https://inaturalist-open-data.s3.amazonaws.com/photos/275643264/original.jpeg; https://inaturalist-open-data.s3.amazonaws.com/photos/275643315/original.jpeg; https://inaturalist-open-data.s3.amazonaws.com/photos/275643316/original.jpeg; https://inaturalist-open-data.s3.amazonaws.com/photos/275643370/original.jpeg; https://inaturalist-open-data.s3.amazonaws.com/photos/275643372/original.jpeg; https://inaturalist-open-data.s3.amazonaws.com/photos/275643416/original.jpeg; https://inaturalist-open-data.s3.amazonaws.com/photos/275643418/original.jpeg; https://inaturalist-open-data.s3.amazonaws.com/photos/275643468/original.jpeg; https://inaturalist-open-data.s3.amazonaws.com/photos/275643471/original.jpeg; https://inaturalist-open-data.s3.amazonaws.com/photos/275643524/original.jpeg; https://inaturalist-open-data.s3.amazonaws.com/photos/275643535/original.jpeg; https://inaturalist-open-data.s3.amazonaws.com/photos/275643577/original.jpeg; https://inaturalist-open-data.s3.amazonaws.com/photos/275643590/original.jpeg; https://inaturalist-open-data.s3.amazonaws.com/photos/275643636/original.jpeg; https://inaturalist-open-data.s3.amazonaws.com/photos/275643658/original.jpeg; https://inaturalist-open-data.s3.amazonaws.com/photos/275643690/original.jpeg,k-brazil,2024-10-22 05:49:47
original_4111686052_13.jpeg,5415377,Ruellia brevifolia,0.348,"Thalurania glaucopis (J.F.Gmelin, 1788)",2476548,-26.97037,-48.630067,376.0,SOUTH_AMERICA,Santa Catarina,,,,2023-04-28T17:02,False,Paulo Fernando Simãozinho,iNaturalist,http://creativecommons.org/licenses/by-nc/4.0/,Paulo Fernando Simãozinho,https://inaturalist-open-data.s3.amazonaws.com/photos/275643148/original.jpeg; https://inaturalist-open-data.s3.amazonaws.com/photos/275643195/original.jpeg; https://inaturalist-open-data.s3.amazonaws.com/photos/275643202/original.jpeg; https://inaturalist-open-data.s3.amazonaws.com/photos/275643259/original.jpeg; https://inaturalist-open-data.s3.amazonaws.com/photos/275643264/original.jpeg; https://inaturalist-open-data.s3.amazonaws.com/photos/275643315/original.jpeg; https://inaturalist-open-data.s3.amazonaws.com/photos/275643316/original.jpeg; https://inaturalist-open-data.s3.amazonaws.com/photos/275643370/original.jpeg; https://inaturalist-open-data.s3.amazonaws.com/photos/275643372/original.jpeg; https://inaturalist-open-data.s3.amazonaws.com/photos/275643416/original.jpeg; https://inaturalist-open-data.s3.amazonaws.com/photos/275643418/original.jpeg; https://inaturalist-open-data.s3.amazonaws.com/photos/275643468/original.jpeg; https://inaturalist-open-data.s3.amazonaws.com/photos/275643471/original.jpeg; https://inaturalist-open-data.s3.amazonaws.com/photos/275643524/original.jpeg; https://inaturalist-open-data.s3.amazonaws.com/photos/275643535/original.jpeg; https://inaturalist-open-data.s3.amazonaws.com/photos/275643577/original.jpeg; https://inaturalist-open-data.s3.amazonaws.com/photos/275643590/original.jpeg; https://inaturalist-open-data.s3.amazonaws.com/photos/275643636/original.jpeg; https://inaturalist-open-data.s3.amazonaws.com/photos/275643658/original.jpeg; https://inaturalist-open-data.s3.amazonaws.com/photos/275643690/original.jpeg,k-brazil,2024-10-22 05:49:49
original_4111686052_14.jpeg,3937390,Malvaviscus concinnus,0.167,"Thalurania glaucopis (J.F.Gmelin, 1788)",2476548,-26.97037,-48.630067,376.0,SOUTH_AMERICA,Santa Catarina,,,,2023-04-28T17:02,False,Paulo Fernando Simãozinho,iNaturalist,http://creativecommons.org/licenses/by-nc/4.0/,Paulo Fernando Simãozinho,https://inaturalist-open-data.s3.amazonaws.com/photos/275643148/original.jpeg; https://inaturalist-open-data.s3.amazonaws.com/photos/275643195/original.jpeg; https://inaturalist-open-data.s3.amazonaws.com/photos/275643202/original.jpeg; https://inaturalist-open-data.s3.amazonaws.com/photos/275643259/original.jpeg; https://inaturalist-open-data.s3.amazonaws.com/photos/275643264/original.jpeg; https://inaturalist-open-data.s3.amazonaws.com/photos/275643315/original.jpeg; https://inaturalist-open-data.s3.amazonaws.com/photos/275643316/original.jpeg; https://inaturalist-open-data.s3.amazonaws.com/photos/275643370/original.jpeg; https://inaturalist-open-data.s3.amazonaws.com/photos/275643372/original.jpeg; https://inaturalist-open-data.s3.amazonaws.com/photos/275643416/original.jpeg; https://inaturalist-open-data.s3.amazonaws.com/photos/275643418/original.jpeg; https://inaturalist-open-data.s3.amazonaws.com/photos/275643468/original.jpeg; https://inaturalist-open-data.s3.amazonaws.com/photos/275643471/original.jpeg; https://inaturalist-open-data.s3.amazonaws.com/photos/275643524/original.jpeg; https://inaturalist-open-data.s3.amazonaws.com/photos/275643535/original.jpeg; https://inaturalist-open-data.s3.amazonaws.com/photos/275643577/original.jpeg; https://inaturalist-open-data.s3.amazonaws.com/photos/275643590/original.jpeg; https://inaturalist-open-data.s3.amazonaws.com/photos/275643636/original.jpeg; https://inaturalist-open-data.s3.amazonaws.com/photos/275643658/original.jpeg; https://inaturalist-open-data.s3.amazonaws.com/photos/275643690/original.jpeg,k-brazil,2024-10-22 05:49:52
original_4111686052_15.jpeg,3937390,Malvaviscus concinnus,0.38,"Thalurania glaucopis (J.F.Gmelin, 1788)",2476548,-26.97037,-48.630067,376.0,SOUTH_AMERICA,Santa Catarina,,,,2023-04-28T17:02,False,Paulo Fernando Simãozinho,iNaturalist,http://creativecommons.org/licenses/by-nc/4.0/,Paulo Fernando Simãozinho,https://inaturalist-open-data.s3.amazonaws.com/photos/275643148/original.jpeg; https://inaturalist-open-data.s3.amazonaws.com/photos/275643195/original.jpeg; https://inaturalist-open-data.s3.amazonaws.com/photos/275643202/original.jpeg; https://inaturalist-open-data.s3.amazonaws.com/photos/275643259/original.jpeg; https://inaturalist-open-data.s3.amazonaws.com/photos/275643264/original.jpeg; https://inaturalist-open-data.s3.amazonaws.com/photos/275643315/original.jpeg; https://inaturalist-open-data.s3.amazonaws.com/photos/275643316/original.jpeg; https://inaturalist-open-data.s3.amazonaws.com/photos/275643370/original.jpeg; https://inaturalist-open-data.s3.amazonaws.com/photos/275643372/original.jpeg; https://inaturalist-open-data.s3.amazonaws.com/photos/275643416/original.jpeg; https://inaturalist-open-data.s3.amazonaws.com/photos/275643418/original.jpeg; https://inaturalist-open-data.s3.amazonaws.com/photos/275643468/original.jpeg; https://inaturalist-open-data.s3.amazonaws.com/photos/275643471/original.jpeg; https://inaturalist-open-data.s3.amazonaws.com/photos/275643524/original.jpeg; https://inaturalist-open-data.s3.amazonaws.com/photos/275643535/original.jpeg; https://inaturalist-open-data.s3.amazonaws.com/photos/275643577/original.jpeg; https://inaturalist-open-data.s3.amazonaws.com/photos/275643590/original.jpeg; https://inaturalist-open-data.s3.amazonaws.com/photos/275643636/original.jpeg; https://inaturalist-open-data.s3.amazonaws.com/photos/275643658/original.jpeg; https://inaturalist-open-data.s3.amazonaws.com/photos/275643690/original.jpeg,k-brazil,2024-10-22 05:49:53
original_4111686052_16.jpeg,3152633,Abutilon grandifolium,0.217,"Thalurania glaucopis (J.F.Gmelin, 1788)",2476548,-26.97037,-48.630067,376.0,SOUTH_AMERICA,Santa Catarina,,,,2023-04-28T17:02,False,Paulo Fernando Simãozinho,iNaturalist,http://creativecommons.org/licenses/by-nc/4.0/,Paulo Fernando Simãozinho,https://inaturalist-open-data.s3.amazonaws.com/photos/275643148/original.jpeg; https://inaturalist-open-data.s3.amazonaws.com/photos/275643195/original.jpeg; https://inaturalist-open-data.s3.amazonaws.com/photos/275643202/original.jpeg; https://inaturalist-open-data.s3.amazonaws.com/photos/275643259/original.jpeg; https://inaturalist-open-data.s3.amazonaws.com/photos/275643264/original.jpeg; https://inaturalist-open-data.s3.amazonaws.com/photos/275643315/original.jpeg; https://inaturalist-open-data.s3.amazonaws.com/photos/275643316/original.jpeg; https://inaturalist-open-data.s3.amazonaws.com/photos/275643370/original.jpeg; https://inaturalist-open-data.s3.amazonaws.com/photos/275643372/original.jpeg; https://inaturalist-open-data.s3.amazonaws.com/photos/275643416/original.jpeg; https://inaturalist-open-data.s3.amazonaws.com/photos/275643418/original.jpeg; https://inaturalist-open-data.s3.amazonaws.com/photos/275643468/original.jpeg; https://inaturalist-open-data.s3.amazonaws.com/photos/275643471/original.jpeg; https://inaturalist-open-data.s3.amazonaws.com/photos/275643524/original.jpeg; https://inaturalist-open-data.s3.amazonaws.com/photos/275643535/original.jpeg; https://inaturalist-open-data.s3.amazonaws.com/photos/275643577/original.jpeg; https://inaturalist-open-data.s3.amazonaws.com/photos/275643590/original.jpeg; https://inaturalist-open-data.s3.amazonaws.com/photos/275643636/original.jpeg; https://inaturalist-open-data.s3.amazonaws.com/photos/275643658/original.jpeg; https://inaturalist-open-data.s3.amazonaws.com/photos/275643690/original.jpeg,k-brazil,2024-10-22 05:49:55
original_4111686052_17.jpeg,3937390,Malvaviscus concinnus,0.246,"Thalurania glaucopis (J.F.Gmelin, 1788)",2476548,-26.97037,-48.630067,376.0,SOUTH_AMERICA,Santa Catarina,,,,2023-04-28T17:02,False,Paulo Fernando Simãozinho,iNaturalist,http://creativecommons.org/licenses/by-nc/4.0/,Paulo Fernando Simãozinho,https://inaturalist-open-data.s3.amazonaws.com/photos/275643148/original.jpeg; https://inaturalist-open-data.s3.amazonaws.com/photos/275643195/original.jpeg; https://inaturalist-open-data.s3.amazonaws.com/photos/275643202/original.jpeg; https://inaturalist-open-data.s3.amazonaws.com/photos/275643259/original.jpeg; https://inaturalist-open-data.s3.amazonaws.com/photos/275643264/original.jpeg; https://inaturalist-open-data.s3.amazonaws.com/photos/275643315/original.jpeg; https://inaturalist-open-data.s3.amazonaws.com/photos/275643316/original.jpeg; https://inaturalist-open-data.s3.amazonaws.com/photos/275643370/original.jpeg; https://inaturalist-open-data.s3.amazonaws.com/photos/275643372/original.jpeg; https://inaturalist-open-data.s3.amazonaws.com/photos/275643416/original.jpeg; https://inaturalist-open-data.s3.amazonaws.com/photos/275643418/original.jpeg; https://inaturalist-open-data.s3.amazonaws.com/photos/275643468/original.jpeg; https://inaturalist-open-data.s3.amazonaws.com/photos/275643471/original.jpeg; https://inaturalist-open-data.s3.amazonaws.com/photos/275643524/original.jpeg; https://inaturalist-open-data.s3.amazonaws.com/photos/275643535/original.jpeg; https://inaturalist-open-data.s3.amazonaws.com/photos/275643577/original.jpeg; https://inaturalist-open-data.s3.amazonaws.com/photos/275643590/original.jpeg; https://inaturalist-open-data.s3.amazonaws.com/photos/275643636/original.jpeg; https://inaturalist-open-data.s3.amazonaws.com/photos/275643658/original.jpeg; https://inaturalist-open-data.s3.amazonaws.com/photos/275643690/original.jpeg,k-brazil,2024-10-22 05:49:58
original_4111686052_18.jpeg,7869676,Helicteres guazumifolia,0.267,"Thalurania glaucopis (J.F.Gmelin, 1788)",2476548,-26.97037,-48.630067,376.0,SOUTH_AMERICA,Santa Catarina,,,,2023-04-28T17:02,False,Paulo Fernando Simãozinho,iNaturalist,http://creativecommons.org/licenses/by-nc/4.0/,Paulo Fernando Simãozinho,https://inaturalist-open-data.s3.amazonaws.com/photos/275643148/original.jpeg; https://inaturalist-open-data.s3.amazonaws.com/photos/275643195/original.jpeg; https://inaturalist-open-data.s3.amazonaws.com/photos/275643202/original.jpeg; https://inaturalist-open-data.s3.amazonaws.com/photos/275643259/original.jpeg; https://inaturalist-open-data.s3.amazonaws.com/photos/275643264/original.jpeg; https://inaturalist-open-data.s3.amazonaws.com/photos/275643315/original.jpeg; https://inaturalist-open-data.s3.amazonaws.com/photos/275643316/original.jpeg; https://inaturalist-open-data.s3.amazonaws.com/photos/275643370/original.jpeg; https://inaturalist-open-data.s3.amazonaws.com/photos/275643372/original.jpeg; https://inaturalist-open-data.s3.amazonaws.com/photos/275643416/original.jpeg; https://inaturalist-open-data.s3.amazonaws.com/photos/275643418/original.jpeg; https://inaturalist-open-data.s3.amazonaws.com/photos/275643468/original.jpeg; https://inaturalist-open-data.s3.amazonaws.com/photos/275643471/original.jpeg; https://inaturalist-open-data.s3.amazonaws.com/photos/275643524/original.jpeg; https://inaturalist-open-data.s3.amazonaws.com/photos/275643535/original.jpeg; https://inaturalist-open-data.s3.amazonaws.com/photos/275643577/original.jpeg; https://inaturalist-open-data.s3.amazonaws.com/photos/275643590/original.jpeg; https://inaturalist-open-data.s3.amazonaws.com/photos/275643636/original.jpeg; https://inaturalist-open-data.s3.amazonaws.com/photos/275643658/original.jpeg; https://inaturalist-open-data.s3.amazonaws.com/photos/275643690/original.jpeg,k-brazil,2024-10-22 05:50:00
original_4111686052_19.jpeg,5574261,Ruellia inflata,0.19,"Thalurania glaucopis (J.F.Gmelin, 1788)",2476548,-26.97037,-48.630067,376.0,SOUTH_AMERICA,Santa Catarina,,,,2023-04-28T17:02,False,Paulo Fernando Simãozinho,iNaturalist,http://creativecommons.org/licenses/by-nc/4.0/,Paulo Fernando Simãozinho,https://inaturalist-open-data.s3.amazonaws.com/photos/275643148/original.jpeg; https://inaturalist-open-data.s3.amazonaws.com/photos/275643195/original.jpeg; https://inaturalist-open-data.s3.amazonaws.com/photos/275643202/original.jpeg; https://inaturalist-open-data.s3.amazonaws.com/photos/275643259/original.jpeg; https://inaturalist-open-data.s3.amazonaws.com/photos/275643264/original.jpeg; https://inaturalist-open-data.s3.amazonaws.com/photos/275643315/original.jpeg; https://inaturalist-open-data.s3.amazonaws.com/photos/275643316/original.jpeg; https://inaturalist-open-data.s3.amazonaws.com/photos/275643370/original.jpeg; https://inaturalist-open-data.s3.amazonaws.com/photos/275643372/original.jpeg; https://inaturalist-open-data.s3.amazonaws.com/photos/275643416/original.jpeg; https://inaturalist-open-data.s3.amazonaws.com/photos/275643418/original.jpeg; https://inaturalist-open-data.s3.amazonaws.com/photos/275643468/original.jpeg; https://inaturalist-open-data.s3.amazonaws.com/photos/275643471/original.jpeg; https://inaturalist-open-data.s3.amazonaws.com/photos/275643524/original.jpeg; https://inaturalist-open-data.s3.amazonaws.com/photos/275643535/original.jpeg; https://inaturalist-open-data.s3.amazonaws.com/photos/275643577/original.jpeg; https://inaturalist-open-data.s3.amazonaws.com/photos/275643590/original.jpeg; https://inaturalist-open-data.s3.amazonaws.com/photos/275643636/original.jpeg; https://inaturalist-open-data.s3.amazonaws.com/photos/275643658/original.jpeg; https://inaturalist-open-data.s3.amazonaws.com/photos/275643690/original.jpeg,k-brazil,2024-10-22 05:50:02
original_4111686052_2.jpeg,5415377,Ruellia brevifolia,0.271,"Thalurania glaucopis (J.F.Gmelin, 1788)",2476548,-26.97037,-48.630067,376.0,SOUTH_AMERICA,Santa Catarina,,,,2023-04-28T17:02,False,Paulo Fernando Simãozinho,iNaturalist,http://creativecommons.org/licenses/by-nc/4.0/,Paulo Fernando Simãozinho,https://inaturalist-open-data.s3.amazonaws.com/photos/275643148/original.jpeg; https://inaturalist-open-data.s3.amazonaws.com/photos/275643195/original.jpeg; https://inaturalist-open-data.s3.amazonaws.com/photos/275643202/original.jpeg; https://inaturalist-open-data.s3.amazonaws.com/photos/275643259/original.jpeg; https://inaturalist-open-data.s3.amazonaws.com/photos/275643264/original.jpeg; https://inaturalist-open-data.s3.amazonaws.com/photos/275643315/original.jpeg; https://inaturalist-open-data.s3.amazonaws.com/photos/275643316/original.jpeg; https://inaturalist-open-data.s3.amazonaws.com/photos/275643370/original.jpeg; https://inaturalist-open-data.s3.amazonaws.com/photos/275643372/original.jpeg; https://inaturalist-open-data.s3.amazonaws.com/photos/275643416/original.jpeg; https://inaturalist-open-data.s3.amazonaws.com/photos/275643418/original.jpeg; https://inaturalist-open-data.s3.amazonaws.com/photos/275643468/original.jpeg; https://inaturalist-open-data.s3.amazonaws.com/photos/275643471/original.jpeg; https://inaturalist-open-data.s3.amazonaws.com/photos/275643524/original.jpeg; https://inaturalist-open-data.s3.amazonaws.com/photos/275643535/original.jpeg; https://inaturalist-open-data.s3.amazonaws.com/photos/275643577/original.jpeg; https://inaturalist-open-data.s3.amazonaws.com/photos/275643590/original.jpeg; https://inaturalist-open-data.s3.amazonaws.com/photos/275643636/original.jpeg; https://inaturalist-open-data.s3.amazonaws.com/photos/275643658/original.jpeg; https://inaturalist-open-data.s3.amazonaws.com/photos/275643690/original.jpeg,k-brazil,2024-10-22 05:50:04
original_4111686052_20.jpeg,5415377,Ruellia brevifolia,0.52,"Thalurania glaucopis (J.F.Gmelin, 1788)",2476548,-26.97037,-48.630067,376.0,SOUTH_AMERICA,Santa Catarina,,,,2023-04-28T17:02,False,Paulo Fernando Simãozinho,iNaturalist,http://creativecommons.org/licenses/by-nc/4.0/,Paulo Fernando Simãozinho,https://inaturalist-open-data.s3.amazonaws.com/photos/275643148/original.jpeg; https://inaturalist-open-data.s3.amazonaws.com/photos/275643195/original.jpeg; https://inaturalist-open-data.s3.amazonaws.com/photos/275643202/original.jpeg; https://inaturalist-open-data.s3.amazonaws.com/photos/275643259/original.jpeg; https://inaturalist-open-data.s3.amazonaws.com/photos/275643264/original.jpeg; https://inaturalist-open-data.s3.amazonaws.com/photos/275643315/original.jpeg; https://inaturalist-open-data.s3.amazonaws.com/photos/275643316/original.jpeg; https://inaturalist-open-data.s3.amazonaws.com/photos/275643370/original.jpeg; https://inaturalist-open-data.s3.amazonaws.com/photos/275643372/original.jpeg; https://inaturalist-open-data.s3.amazonaws.com/photos/275643416/original.jpeg; https://inaturalist-open-data.s3.amazonaws.com/photos/275643418/original.jpeg; https://inaturalist-open-data.s3.amazonaws.com/photos/275643468/original.jpeg; https://inaturalist-open-data.s3.amazonaws.com/photos/275643471/original.jpeg; https://inaturalist-open-data.s3.amazonaws.com/photos/275643524/original.jpeg; https://inaturalist-open-data.s3.amazonaws.com/photos/275643535/original.jpeg; https://inaturalist-open-data.s3.amazonaws.com/photos/275643577/original.jpeg; https://inaturalist-open-data.s3.amazonaws.com/photos/275643590/original.jpeg; https://inaturalist-open-data.s3.amazonaws.com/photos/275643636/original.jpeg; https://inaturalist-open-data.s3.amazonaws.com/photos/275643658/original.jpeg; https://inaturalist-open-data.s3.amazonaws.com/photos/275643690/original.jpeg,k-brazil,2024-10-22 05:50:06
original_4111686052_3.jpeg,5415377,Ruellia brevifolia,0.5760000000000001,"Thalurania glaucopis (J.F.Gmelin, 1788)",2476548,-26.97037,-48.630067,376.0,SOUTH_AMERICA,Santa Catarina,,,,2023-04-28T17:02,False,Paulo Fernando Simãozinho,iNaturalist,http://creativecommons.org/licenses/by-nc/4.0/,Paulo Fernando Simãozinho,https://inaturalist-open-data.s3.amazonaws.com/photos/275643148/original.jpeg; https://inaturalist-open-data.s3.amazonaws.com/photos/275643195/original.jpeg; https://inaturalist-open-data.s3.amazonaws.com/photos/275643202/original.jpeg; https://inaturalist-open-data.s3.amazonaws.com/photos/275643259/original.jpeg; https://inaturalist-open-data.s3.amazonaws.com/photos/275643264/original.jpeg; https://inaturalist-open-data.s3.amazonaws.com/photos/275643315/original.jpeg; https://inaturalist-open-data.s3.amazonaws.com/photos/275643316/original.jpeg; https://inaturalist-open-data.s3.amazonaws.com/photos/275643370/original.jpeg; https://inaturalist-open-data.s3.amazonaws.com/photos/275643372/original.jpeg; https://inaturalist-open-data.s3.amazonaws.com/photos/275643416/original.jpeg; https://inaturalist-open-data.s3.amazonaws.com/photos/275643418/original.jpeg; https://inaturalist-open-data.s3.amazonaws.com/photos/275643468/original.jpeg; https://inaturalist-open-data.s3.amazonaws.com/photos/275643471/original.jpeg; https://inaturalist-open-data.s3.amazonaws.com/photos/275643524/original.jpeg; https://inaturalist-open-data.s3.amazonaws.com/photos/275643535/original.jpeg; https://inaturalist-open-data.s3.amazonaws.com/photos/275643577/original.jpeg; https://inaturalist-open-data.s3.amazonaws.com/photos/275643590/original.jpeg; https://inaturalist-open-data.s3.amazonaws.com/photos/275643636/original.jpeg; https://inaturalist-open-data.s3.amazonaws.com/photos/275643658/original.jpeg; https://inaturalist-open-data.s3.amazonaws.com/photos/275643690/original.jpeg,k-brazil,2024-10-22 05:50:08
original_4111686052_4.jpeg,5415377,Ruellia brevifolia,0.367,"Thalurania glaucopis (J.F.Gmelin, 1788)",2476548,-26.97037,-48.630067,376.0,SOUTH_AMERICA,Santa Catarina,,,,2023-04-28T17:02,False,Paulo Fernando Simãozinho,iNaturalist,http://creativecommons.org/licenses/by-nc/4.0/,Paulo Fernando Simãozinho,https://inaturalist-open-data.s3.amazonaws.com/photos/275643148/original.jpeg; https://inaturalist-open-data.s3.amazonaws.com/photos/275643195/original.jpeg; https://inaturalist-open-data.s3.amazonaws.com/photos/275643202/original.jpeg; https://inaturalist-open-data.s3.amazonaws.com/photos/275643259/original.jpeg; https://inaturalist-open-data.s3.amazonaws.com/photos/275643264/original.jpeg; https://inaturalist-open-data.s3.amazonaws.com/photos/275643315/original.jpeg; https://inaturalist-open-data.s3.amazonaws.com/photos/275643316/original.jpeg; https://inaturalist-open-data.s3.amazonaws.com/photos/275643370/original.jpeg; https://inaturalist-open-data.s3.amazonaws.com/photos/275643372/original.jpeg; https://inaturalist-open-data.s3.amazonaws.com/photos/275643416/original.jpeg; https://inaturalist-open-data.s3.amazonaws.com/photos/275643418/original.jpeg; https://inaturalist-open-data.s3.amazonaws.com/photos/275643468/original.jpeg; https://inaturalist-open-data.s3.amazonaws.com/photos/275643471/original.jpeg; https://inaturalist-open-data.s3.amazonaws.com/photos/275643524/original.jpeg; https://inaturalist-open-data.s3.amazonaws.com/photos/275643535/original.jpeg; https://inaturalist-open-data.s3.amazonaws.com/photos/275643577/original.jpeg; https://inaturalist-open-data.s3.amazonaws.com/photos/275643590/original.jpeg; https://inaturalist-open-data.s3.amazonaws.com/photos/275643636/original.jpeg; https://inaturalist-open-data.s3.amazonaws.com/photos/275643658/original.jpeg; https://inaturalist-open-data.s3.amazonaws.com/photos/275643690/original.jpeg,k-brazil,2024-10-22 05:50:10
original_4111686052_5.jpeg,3937390,Malvaviscus concinnus,0.197,"Thalurania glaucopis (J.F.Gmelin, 1788)",2476548,-26.97037,-48.630067,376.0,SOUTH_AMERICA,Santa Catarina,,,,2023-04-28T17:02,False,Paulo Fernando Simãozinho,iNaturalist,http://creativecommons.org/licenses/by-nc/4.0/,Paulo Fernando Simãozinho,https://inaturalist-open-data.s3.amazonaws.com/photos/275643148/original.jpeg; https://inaturalist-open-data.s3.amazonaws.com/photos/275643195/original.jpeg; https://inaturalist-open-data.s3.amazonaws.com/photos/275643202/original.jpeg; https://inaturalist-open-data.s3.amazonaws.com/photos/275643259/original.jpeg; https://inaturalist-open-data.s3.amazonaws.com/photos/275643264/original.jpeg; https://inaturalist-open-data.s3.amazonaws.com/photos/275643315/original.jpeg; https://inaturalist-open-data.s3.amazonaws.com/photos/275643316/original.jpeg; https://inaturalist-open-data.s3.amazonaws.com/photos/275643370/original.jpeg; https://inaturalist-open-data.s3.amazonaws.com/photos/275643372/original.jpeg; https://inaturalist-open-data.s3.amazonaws.com/photos/275643416/original.jpeg; https://inaturalist-open-data.s3.amazonaws.com/photos/275643418/original.jpeg; https://inaturalist-open-data.s3.amazonaws.com/photos/275643468/original.jpeg; https://inaturalist-open-data.s3.amazonaws.com/photos/275643471/original.jpeg; https://inaturalist-open-data.s3.amazonaws.com/photos/275643524/original.jpeg; https://inaturalist-open-data.s3.amazonaws.com/photos/275643535/original.jpeg; https://inaturalist-open-data.s3.amazonaws.com/photos/275643577/original.jpeg; https://inaturalist-open-data.s3.amazonaws.com/photos/275643590/original.jpeg; https://inaturalist-open-data.s3.amazonaws.com/photos/275643636/original.jpeg; https://inaturalist-open-data.s3.amazonaws.com/photos/275643658/original.jpeg; https://inaturalist-open-data.s3.amazonaws.com/photos/275643690/original.jpeg,k-brazil,2024-10-22 05:50:12
original_4111686052_6.jpeg,5415377,Ruellia brevifolia,0.2,"Thalurania glaucopis (J.F.Gmelin, 1788)",2476548,-26.97037,-48.630067,376.0,SOUTH_AMERICA,Santa Catarina,,,,2023-04-28T17:02,False,Paulo Fernando Simãozinho,iNaturalist,http://creativecommons.org/licenses/by-nc/4.0/,Paulo Fernando Simãozinho,https://inaturalist-open-data.s3.amazonaws.com/photos/275643148/original.jpeg; https://inaturalist-open-data.s3.amazonaws.com/photos/275643195/original.jpeg; https://inaturalist-open-data.s3.amazonaws.com/photos/275643202/original.jpeg; https://inaturalist-open-data.s3.amazonaws.com/photos/275643259/original.jpeg; https://inaturalist-open-data.s3.amazonaws.com/photos/275643264/original.jpeg; https://inaturalist-open-data.s3.amazonaws.com/photos/275643315/original.jpeg; https://inaturalist-open-data.s3.amazonaws.com/photos/275643316/original.jpeg; https://inaturalist-open-data.s3.amazonaws.com/photos/275643370/original.jpeg; https://inaturalist-open-data.s3.amazonaws.com/photos/275643372/original.jpeg; https://inaturalist-open-data.s3.amazonaws.com/photos/275643416/original.jpeg; https://inaturalist-open-data.s3.amazonaws.com/photos/275643418/original.jpeg; https://inaturalist-open-data.s3.amazonaws.com/photos/275643468/original.jpeg; https://inaturalist-open-data.s3.amazonaws.com/photos/275643471/original.jpeg; https://inaturalist-open-data.s3.amazonaws.com/photos/275643524/original.jpeg; https://inaturalist-open-data.s3.amazonaws.com/photos/275643535/original.jpeg; https://inaturalist-open-data.s3.amazonaws.com/photos/275643577/original.jpeg; https://inaturalist-open-data.s3.amazonaws.com/photos/275643590/original.jpeg; https://inaturalist-open-data.s3.amazonaws.com/photos/275643636/original.jpeg; https://inaturalist-open-data.s3.amazonaws.com/photos/275643658/original.jpeg; https://inaturalist-open-data.s3.amazonaws.com/photos/275643690/original.jpeg,k-brazil,2024-10-22 05:50:14
original_4111686052_7.jpeg,3937390,Malvaviscus concinnus,0.455,"Thalurania glaucopis (J.F.Gmelin, 1788)",2476548,-26.97037,-48.630067,376.0,SOUTH_AMERICA,Santa Catarina,,,,2023-04-28T17:02,False,Paulo Fernando Simãozinho,iNaturalist,http://creativecommons.org/licenses/by-nc/4.0/,Paulo Fernando Simãozinho,https://inaturalist-open-data.s3.amazonaws.com/photos/275643148/original.jpeg; https://inaturalist-open-data.s3.amazonaws.com/photos/275643195/original.jpeg; https://inaturalist-open-data.s3.amazonaws.com/photos/275643202/original.jpeg; https://inaturalist-open-data.s3.amazonaws.com/photos/275643259/original.jpeg; https://inaturalist-open-data.s3.amazonaws.com/photos/275643264/original.jpeg; https://inaturalist-open-data.s3.amazonaws.com/photos/275643315/original.jpeg; https://inaturalist-open-data.s3.amazonaws.com/photos/275643316/original.jpeg; https://inaturalist-open-data.s3.amazonaws.com/photos/275643370/original.jpeg; https://inaturalist-open-data.s3.amazonaws.com/photos/275643372/original.jpeg; https://inaturalist-open-data.s3.amazonaws.com/photos/275643416/original.jpeg; https://inaturalist-open-data.s3.amazonaws.com/photos/275643418/original.jpeg; https://inaturalist-open-data.s3.amazonaws.com/photos/275643468/original.jpeg; https://inaturalist-open-data.s3.amazonaws.com/photos/275643471/original.jpeg; https://inaturalist-open-data.s3.amazonaws.com/photos/275643524/original.jpeg; https://inaturalist-open-data.s3.amazonaws.com/photos/275643535/original.jpeg; https://inaturalist-open-data.s3.amazonaws.com/photos/275643577/original.jpeg; https://inaturalist-open-data.s3.amazonaws.com/photos/275643590/original.jpeg; https://inaturalist-open-data.s3.amazonaws.com/photos/275643636/original.jpeg; https://inaturalist-open-data.s3.amazonaws.com/photos/275643658/original.jpeg; https://inaturalist-open-data.s3.amazonaws.com/photos/275643690/original.jpeg,k-brazil,2024-10-22 05:50:16
original_4111686052_8.jpeg,3937390,Malvaviscus concinnus,0.18,"Thalurania glaucopis (J.F.Gmelin, 1788)",2476548,-26.97037,-48.630067,376.0,SOUTH_AMERICA,Santa Catarina,,,,2023-04-28T17:02,False,Paulo Fernando Simãozinho,iNaturalist,http://creativecommons.org/licenses/by-nc/4.0/,Paulo Fernando Simãozinho,https://inaturalist-open-data.s3.amazonaws.com/photos/275643148/original.jpeg; https://inaturalist-open-data.s3.amazonaws.com/photos/275643195/original.jpeg; https://inaturalist-open-data.s3.amazonaws.com/photos/275643202/original.jpeg; https://inaturalist-open-data.s3.amazonaws.com/photos/275643259/original.jpeg; https://inaturalist-open-data.s3.amazonaws.com/photos/275643264/original.jpeg; https://inaturalist-open-data.s3.amazonaws.com/photos/275643315/original.jpeg; https://inaturalist-open-data.s3.amazonaws.com/photos/275643316/original.jpeg; https://inaturalist-open-data.s3.amazonaws.com/photos/275643370/original.jpeg; https://inaturalist-open-data.s3.amazonaws.com/photos/275643372/original.jpeg; https://inaturalist-open-data.s3.amazonaws.com/photos/275643416/original.jpeg; https://inaturalist-open-data.s3.amazonaws.com/photos/275643418/original.jpeg; https://inaturalist-open-data.s3.amazonaws.com/photos/275643468/original.jpeg; https://inaturalist-open-data.s3.amazonaws.com/photos/275643471/original.jpeg; https://inaturalist-open-data.s3.amazonaws.com/photos/275643524/original.jpeg; https://inaturalist-open-data.s3.amazonaws.com/photos/275643535/original.jpeg; https://inaturalist-open-data.s3.amazonaws.com/photos/275643577/original.jpeg; https://inaturalist-open-data.s3.amazonaws.com/photos/275643590/original.jpeg; https://inaturalist-open-data.s3.amazonaws.com/photos/275643636/original.jpeg; https://inaturalist-open-data.s3.amazonaws.com/photos/275643658/original.jpeg; https://inaturalist-open-data.s3.amazonaws.com/photos/275643690/original.jpeg,k-brazil,2024-10-22 05:50:18
original_4111686052_9.jpeg,7264147,Dicliptera squarrosa,0.129,"Thalurania glaucopis (J.F.Gmelin, 1788)",2476548,-26.97037,-48.630067,376.0,SOUTH_AMERICA,Santa Catarina,,,,2023-04-28T17:02,False,Paulo Fernando Simãozinho,iNaturalist,http://creativecommons.org/licenses/by-nc/4.0/,Paulo Fernando Simãozinho,https://inaturalist-open-data.s3.amazonaws.com/photos/275643148/original.jpeg; https://inaturalist-open-data.s3.amazonaws.com/photos/275643195/original.jpeg; https://inaturalist-open-data.s3.amazonaws.com/photos/275643202/original.jpeg; https://inaturalist-open-data.s3.amazonaws.com/photos/275643259/original.jpeg; https://inaturalist-open-data.s3.amazonaws.com/photos/275643264/original.jpeg; https://inaturalist-open-data.s3.amazonaws.com/photos/275643315/original.jpeg; https://inaturalist-open-data.s3.amazonaws.com/photos/275643316/original.jpeg; https://inaturalist-open-data.s3.amazonaws.com/photos/275643370/original.jpeg; https://inaturalist-open-data.s3.amazonaws.com/photos/275643372/original.jpeg; https://inaturalist-open-data.s3.amazonaws.com/photos/275643416/original.jpeg; https://inaturalist-open-data.s3.amazonaws.com/photos/275643418/original.jpeg; https://inaturalist-open-data.s3.amazonaws.com/photos/275643468/original.jpeg; https://inaturalist-open-data.s3.amazonaws.com/photos/275643471/original.jpeg; https://inaturalist-open-data.s3.amazonaws.com/photos/275643524/original.jpeg; https://inaturalist-open-data.s3.amazonaws.com/photos/275643535/original.jpeg; https://inaturalist-open-data.s3.amazonaws.com/photos/275643577/original.jpeg; https://inaturalist-open-data.s3.amazonaws.com/photos/275643590/original.jpeg; https://inaturalist-open-data.s3.amazonaws.com/photos/275643636/original.jpeg; https://inaturalist-open-data.s3.amazonaws.com/photos/275643658/original.jpeg; https://inaturalist-open-data.s3.amazonaws.com/photos/275643690/original.jpeg,k-brazil,2024-10-22 05:50:20
original_4111729055_1.jpeg,7869676,Helicteres guazumifolia,0.717,"Thalurania glaucopis (J.F.Gmelin, 1788)",2476548,-26.971056,-48.629895,359.0,SOUTH_AMERICA,Santa Catarina,,,,2023-04-28T15:18,False,Paulo Fernando Simãozinho,iNaturalist,http://creativecommons.org/licenses/by-nc/4.0/,Paulo Fernando Simãozinho,https://inaturalist-open-data.s3.amazonaws.com/photos/275644654/original.jpeg; https://inaturalist-open-data.s3.amazonaws.com/photos/275644702/original.jpeg; https://inaturalist-open-data.s3.amazonaws.com/photos/275644705/original.jpeg; https://inaturalist-open-data.s3.amazonaws.com/photos/275644744/original.jpeg; https://inaturalist-open-data.s3.amazonaws.com/photos/275644746/original.jpeg,k-brazil,2024-10-22 05:50:23
original_4111729055_2.jpeg,7264147,Dicliptera squarrosa,0.573,"Thalurania glaucopis (J.F.Gmelin, 1788)",2476548,-26.971056,-48.629895,359.0,SOUTH_AMERICA,Santa Catarina,,,,2023-04-28T15:18,False,Paulo Fernando Simãozinho,iNaturalist,http://creativecommons.org/licenses/by-nc/4.0/,Paulo Fernando Simãozinho,https://inaturalist-open-data.s3.amazonaws.com/photos/275644654/original.jpeg; https://inaturalist-open-data.s3.amazonaws.com/photos/275644702/original.jpeg; https://inaturalist-open-data.s3.amazonaws.com/photos/275644705/original.jpeg; https://inaturalist-open-data.s3.amazonaws.com/photos/275644744/original.jpeg; https://inaturalist-open-data.s3.amazonaws.com/photos/275644746/original.jpeg,k-brazil,2024-10-22 05:50:26
original_4111729055_3.jpeg,7264147,Dicliptera squarrosa,0.5950000000000001,"Thalurania glaucopis (J.F.Gmelin, 1788)",2476548,-26.971056,-48.629895,359.0,SOUTH_AMERICA,Santa Catarina,,,,2023-04-28T15:18,False,Paulo Fernando Simãozinho,iNaturalist,http://creativecommons.org/licenses/by-nc/4.0/,Paulo Fernando Simãozinho,https://inaturalist-open-data.s3.amazonaws.com/photos/275644654/original.jpeg; https://inaturalist-open-data.s3.amazonaws.com/photos/275644702/original.jpeg; https://inaturalist-open-data.s3.amazonaws.com/photos/275644705/original.jpeg; https://inaturalist-open-data.s3.amazonaws.com/photos/275644744/original.jpeg; https://inaturalist-open-data.s3.amazonaws.com/photos/275644746/original.jpeg,k-brazil,2024-10-22 05:50:28
original_4111729055_4.jpeg,7279161,Pavonia sepium,0.362,"Thalurania glaucopis (J.F.Gmelin, 1788)",2476548,-26.971056,-48.629895,359.0,SOUTH_AMERICA,Santa Catarina,,,,2023-04-28T15:18,False,Paulo Fernando Simãozinho,iNaturalist,http://creativecommons.org/licenses/by-nc/4.0/,Paulo Fernando Simãozinho,https://inaturalist-open-data.s3.amazonaws.com/photos/275644654/original.jpeg; https://inaturalist-open-data.s3.amazonaws.com/photos/275644702/original.jpeg; https://inaturalist-open-data.s3.amazonaws.com/photos/275644705/original.jpeg; https://inaturalist-open-data.s3.amazonaws.com/photos/275644744/original.jpeg; https://inaturalist-open-data.s3.amazonaws.com/photos/275644746/original.jpeg,k-brazil,2024-10-22 05:50:30
original_4111729055_5.jpeg,7279161,Pavonia sepium,0.9199999999999999,"Thalurania glaucopis (J.F.Gmelin, 1788)",2476548,-26.971056,-48.629895,359.0,SOUTH_AMERICA,Santa Catarina,,,,2023-04-28T15:18,False,Paulo Fernando Simãozinho,iNaturalist,http://creativecommons.org/licenses/by-nc/4.0/,Paulo Fernando Simãozinho,https://inaturalist-open-data.s3.amazonaws.com/photos/275644654/original.jpeg; https://inaturalist-open-data.s3.amazonaws.com/photos/275644702/original.jpeg; https://inaturalist-open-data.s3.amazonaws.com/photos/275644705/original.jpeg; https://inaturalist-open-data.s3.amazonaws.com/photos/275644744/original.jpeg; https://inaturalist-open-data.s3.amazonaws.com/photos/275644746/original.jpeg,k-brazil,2024-10-22 05:50:32
original_4111927250_1.jpeg,2925303,Lantana camara,1.119,"Thalurania glaucopis (J.F.Gmelin, 1788)",2476548,-23.529268,-45.847208,1824.0,SOUTH_AMERICA,São Paulo,,,,2022-07-22T09:48,False,reinaldogibin,iNaturalist,http://creativecommons.org/licenses/by-nc/4.0/,reinaldogibin,https://inaturalist-open-data.s3.amazonaws.com/photos/277854997/original.jpeg; https://inaturalist-open-data.s3.amazonaws.com/photos/277855028/original.jpeg; https://inaturalist-open-data.s3.amazonaws.com/photos/277855051/original.jpeg; https://inaturalist-open-data.s3.amazonaws.com/photos/277855080/original.jpeg; https://inaturalist-open-data.s3.amazonaws.com/photos/277855109/original.jpeg; https://inaturalist-open-data.s3.amazonaws.com/photos/277855139/original.jpeg; https://inaturalist-open-data.s3.amazonaws.com/photos/277855162/original.jpeg,k-brazil,2024-10-22 05:50:34
original_4111927250_2.jpeg,2925462,Stachytarpheta mutabilis,23.915,"Thalurania glaucopis (J.F.Gmelin, 1788)",2476548,-23.529268,-45.847208,1824.0,SOUTH_AMERICA,São Paulo,,,,2022-07-22T09:48,False,reinaldogibin,iNaturalist,http://creativecommons.org/licenses/by-nc/4.0/,reinaldogibin,https://inaturalist-open-data.s3.amazonaws.com/photos/277854997/original.jpeg; https://inaturalist-open-data.s3.amazonaws.com/photos/277855028/original.jpeg; https://inaturalist-open-data.s3.amazonaws.com/photos/277855051/original.jpeg; https://inaturalist-open-data.s3.amazonaws.com/photos/277855080/original.jpeg; https://inaturalist-open-data.s3.amazonaws.com/photos/277855109/original.jpeg; https://inaturalist-open-data.s3.amazonaws.com/photos/277855139/original.jpeg; https://inaturalist-open-data.s3.amazonaws.com/photos/277855162/original.jpeg,k-brazil,2024-10-22 05:50:37
original_4111927250_3.jpeg,5371729,Nectandra turbacensis,1.8399999999999999,"Thalurania glaucopis (J.F.Gmelin, 1788)",2476548,-23.529268,-45.847208,1824.0,SOUTH_AMERICA,São Paulo,,,,2022-07-22T09:48,False,reinaldogibin,iNaturalist,http://creativecommons.org/licenses/by-nc/4.0/,reinaldogibin,https://inaturalist-open-data.s3.amazonaws.com/photos/277854997/original.jpeg; https://inaturalist-open-data.s3.amazonaws.com/photos/277855028/original.jpeg; https://inaturalist-open-data.s3.amazonaws.com/photos/277855051/original.jpeg; https://inaturalist-open-data.s3.amazonaws.com/photos/277855080/original.jpeg; https://inaturalist-open-data.s3.amazonaws.com/photos/277855109/original.jpeg; https://inaturalist-open-data.s3.amazonaws.com/photos/277855139/original.jpeg; https://inaturalist-open-data.s3.amazonaws.com/photos/277855162/original.jpeg,k-brazil,2024-10-22 05:50:39
original_4111927250_5.jpeg,2925303,Lantana camara,5.623,"Thalurania glaucopis (J.F.Gmelin, 1788)",2476548,-23.529268,-45.847208,1824.0,SOUTH_AMERICA,São Paulo,,,,2022-07-22T09:48,False,reinaldogibin,iNaturalist,http://creativecommons.org/licenses/by-nc/4.0/,reinaldogibin,https://inaturalist-open-data.s3.amazonaws.com/photos/277854997/original.jpeg; https://inaturalist-open-data.s3.amazonaws.com/photos/277855028/original.jpeg; https://inaturalist-open-data.s3.amazonaws.com/photos/277855051/original.jpeg; https://inaturalist-open-data.s3.amazonaws.com/photos/277855080/original.jpeg; https://inaturalist-open-data.s3.amazonaws.com/photos/277855109/original.jpeg; https://inaturalist-open-data.s3.amazonaws.com/photos/277855139/original.jpeg; https://inaturalist-open-data.s3.amazonaws.com/photos/277855162/original.jpeg,k-brazil,2024-10-22 05:50:44
original_4111927250_6.jpeg,2873423,Anthurium scandens,6.429,"Thalurania glaucopis (J.F.Gmelin, 1788)",2476548,-23.529268,-45.847208,1824.0,SOUTH_AMERICA,São Paulo,,,,2022-07-22T09:48,False,reinaldogibin,iNaturalist,http://creativecommons.org/licenses/by-nc/4.0/,reinaldogibin,https://inaturalist-open-data.s3.amazonaws.com/photos/277854997/original.jpeg; https://inaturalist-open-data.s3.amazonaws.com/photos/277855028/original.jpeg; https://inaturalist-open-data.s3.amazonaws.com/photos/277855051/original.jpeg; https://inaturalist-open-data.s3.amazonaws.com/photos/277855080/original.jpeg; https://inaturalist-open-data.s3.amazonaws.com/photos/277855109/original.jpeg; https://inaturalist-open-data.s3.amazonaws.com/photos/277855139/original.jpeg; https://inaturalist-open-data.s3.amazonaws.com/photos/277855162/original.jpeg,k-brazil,2024-10-22 05:50:46
original_4111927250_7.jpeg,7297353,Lippia origanoides,22.573999999999998,"Thalurania glaucopis (J.F.Gmelin, 1788)",2476548,-23.529268,-45.847208,1824.0,SOUTH_AMERICA,São Paulo,,,,2022-07-22T09:48,False,reinaldogibin,iNaturalist,http://creativecommons.org/licenses/by-nc/4.0/,reinaldogibin,https://inaturalist-open-data.s3.amazonaws.com/photos/277854997/original.jpeg; https://inaturalist-open-data.s3.amazonaws.com/photos/277855028/original.jpeg; https://inaturalist-open-data.s3.amazonaws.com/photos/277855051/original.jpeg; https://inaturalist-open-data.s3.amazonaws.com/photos/277855080/original.jpeg; https://inaturalist-open-data.s3.amazonaws.com/photos/277855109/original.jpeg; https://inaturalist-open-data.s3.amazonaws.com/photos/277855139/original.jpeg; https://inaturalist-open-data.s3.amazonaws.com/photos/277855162/original.jpeg,k-brazil,2024-10-22 05:50:48
original_4111947228_1.jpg,5349528,Erythrina speciosa,0.47600000000000003,"Thalurania glaucopis (J.F.Gmelin, 1788)",2476548,-19.907562,-40.552913,9.0,SOUTH_AMERICA,Espírito Santo,,,,2023-05-09T12:58:10,False,Claudio Novaes,iNaturalist,http://creativecommons.org/licenses/by-nc/4.0/,Claudio Novaes,https://inaturalist-open-data.s3.amazonaws.com/photos/277810952/original.jpg; https://inaturalist-open-data.s3.amazonaws.com/photos/277811008/original.jpg; https://inaturalist-open-data.s3.amazonaws.com/photos/277811061/original.jpg; https://inaturalist-open-data.s3.amazonaws.com/photos/277811148/original.jpg,k-brazil,2024-10-22 05:50:51
original_4116114882_1.jpeg,3587589,Passiflora auriculata,6.683,"Thalurania glaucopis (J.F.Gmelin, 1788)",2476548,-24.318292,-46.99406,11727.0,SOUTH_AMERICA,São Paulo,,,,2022-05-20T10:52,False,reinaldogibin,iNaturalist,http://creativecommons.org/licenses/by-nc/4.0/,reinaldogibin,https://inaturalist-open-data.s3.amazonaws.com/photos/278246106/original.jpeg; https://inaturalist-open-data.s3.amazonaws.com/photos/278247678/original.jpeg; https://inaturalist-open-data.s3.amazonaws.com/photos/278247680/original.jpeg; https://inaturalist-open-data.s3.amazonaws.com/photos/278247683/original.jpeg; https://inaturalist-open-data.s3.amazonaws.com/photos/278247697/original.jpeg,k-brazil,2024-10-22 05:50:59
original_4116114882_2.jpeg,3685352,Sparattanthelium wonotoboense,11.207,"Thalurania glaucopis (J.F.Gmelin, 1788)",2476548,-24.318292,-46.99406,11727.0,SOUTH_AMERICA,São Paulo,,,,2022-05-20T10:52,False,reinaldogibin,iNaturalist,http://creativecommons.org/licenses/by-nc/4.0/,reinaldogibin,https://inaturalist-open-data.s3.amazonaws.com/photos/278246106/original.jpeg; https://inaturalist-open-data.s3.amazonaws.com/photos/278247678/original.jpeg; https://inaturalist-open-data.s3.amazonaws.com/photos/278247680/original.jpeg; https://inaturalist-open-data.s3.amazonaws.com/photos/278247683/original.jpeg; https://inaturalist-open-data.s3.amazonaws.com/photos/278247697/original.jpeg,k-brazil,2024-10-22 05:51:01
original_4116114882_4.jpeg,3587589,Passiflora auriculata,5.595,"Thalurania glaucopis (J.F.Gmelin, 1788)",2476548,-24.318292,-46.99406,11727.0,SOUTH_AMERICA,São Paulo,,,,2022-05-20T10:52,False,reinaldogibin,iNaturalist,http://creativecommons.org/licenses/by-nc/4.0/,reinaldogibin,https://inaturalist-open-data.s3.amazonaws.com/photos/278246106/original.jpeg; https://inaturalist-open-data.s3.amazonaws.com/photos/278247678/original.jpeg; https://inaturalist-open-data.s3.amazonaws.com/photos/278247680/original.jpeg; https://inaturalist-open-data.s3.amazonaws.com/photos/278247683/original.jpeg; https://inaturalist-open-data.s3.amazonaws.com/photos/278247697/original.jpeg,k-brazil,2024-10-22 05:51:06
original_4116114882_5.jpeg,3587589,Passiflora auriculata,4.801,"Thalurania glaucopis (J.F.Gmelin, 1788)",2476548,-24.318292,-46.99406,11727.0,SOUTH_AMERICA,São Paulo,,,,2022-05-20T10:52,False,reinaldogibin,iNaturalist,http://creativecommons.org/licenses/by-nc/4.0/,reinaldogibin,https://inaturalist-open-data.s3.amazonaws.com/photos/278246106/original.jpeg; https://inaturalist-open-data.s3.amazonaws.com/photos/278247678/original.jpeg; https://inaturalist-open-data.s3.amazonaws.com/photos/278247680/original.jpeg; https://inaturalist-open-data.s3.amazonaws.com/photos/278247683/original.jpeg; https://inaturalist-open-data.s3.amazonaws.com/photos/278247697/original.jpeg,k-brazil,2024-10-22 05:51:08
original_4116187739_6.jpg,7298689,Cybistax antisyphilitica,1.9619999999999997,"Thalurania glaucopis (J.F.Gmelin, 1788)",2476548,-25.600341,-54.568506,,SOUTH_AMERICA,Misiones,,,,2023-05-10T15:15,False,Samuel A. Schmid,iNaturalist,http://creativecommons.org/licenses/by/4.0/,Samuel A. Schmid,https://inaturalist-open-data.s3.amazonaws.com/photos/279116372/original.jpg; https://inaturalist-open-data.s3.amazonaws.com/photos/279116452/original.jpg; https://inaturalist-open-data.s3.amazonaws.com/photos/279116530/original.jpg; https://inaturalist-open-data.s3.amazonaws.com/photos/279116601/original.jpg; https://inaturalist-open-data.s3.amazonaws.com/photos/279116699/original.jpg; https://inaturalist-open-data.s3.amazonaws.com/photos/279116806/original.jpg; https://inaturalist-open-data.s3.amazonaws.com/photos/279116880/original.jpg; https://inaturalist-open-data.s3.amazonaws.com/photos/279116979/original.jpg; https://inaturalist-open-data.s3.amazonaws.com/photos/279117068/original.jpg,k-southern-south-america,2024-10-22 05:51:24
original_4116187739_9.jpg,7298689,Cybistax antisyphilitica,1.13,"Thalurania glaucopis (J.F.Gmelin, 1788)",2476548,-25.600341,-54.568506,,SOUTH_AMERICA,Misiones,,,,2023-05-10T15:15,False,Samuel A. Schmid,iNaturalist,http://creativecommons.org/licenses/by/4.0/,Samuel A. Schmid,https://inaturalist-open-data.s3.amazonaws.com/photos/279116372/original.jpg; https://inaturalist-open-data.s3.amazonaws.com/photos/279116452/original.jpg; https://inaturalist-open-data.s3.amazonaws.com/photos/279116530/original.jpg; https://inaturalist-open-data.s3.amazonaws.com/photos/279116601/original.jpg; https://inaturalist-open-data.s3.amazonaws.com/photos/279116699/original.jpg; https://inaturalist-open-data.s3.amazonaws.com/photos/279116806/original.jpg; https://inaturalist-open-data.s3.amazonaws.com/photos/279116880/original.jpg; https://inaturalist-open-data.s3.amazonaws.com/photos/279116979/original.jpg; https://inaturalist-open-data.s3.amazonaws.com/photos/279117068/original.jpg,k-southern-south-america,2024-10-22 05:51:32
original_4116196257_1.jpeg,2984498,Celtis iguanaea,4.159,"Thalurania glaucopis (J.F.Gmelin, 1788)",2476548,-23.963247,-47.507167,1218.0,SOUTH_AMERICA,São Paulo,,,,2022-12-26T10:18,False,reinaldogibin,iNaturalist,http://creativecommons.org/licenses/by-nc/4.0/,reinaldogibin,https://inaturalist-open-data.s3.amazonaws.com/photos/279394808/original.jpeg; https://inaturalist-open-data.s3.amazonaws.com/photos/279395085/original.jpeg,k-brazil,2024-10-22 05:51:36
original_4116315126_1.jpg,3613680,Weinmannia trichosperma,5.507,"Thalurania glaucopis (J.F.Gmelin, 1788)",2476548,-25.60037,-54.568456,,SOUTH_AMERICA,Misiones,,,,2023-05-10T15:53,False,Samuel A. Schmid,iNaturalist,http://creativecommons.org/licenses/by/4.0/,Samuel A. Schmid,https://inaturalist-open-data.s3.amazonaws.com/photos/279120850/original.jpg; https://inaturalist-open-data.s3.amazonaws.com/photos/279120916/original.jpg; https://inaturalist-open-data.s3.amazonaws.com/photos/279120966/original.jpg; https://inaturalist-open-data.s3.amazonaws.com/photos/279121017/original.jpg; https://inaturalist-open-data.s3.amazonaws.com/photos/279121085/original.jpg; https://inaturalist-open-data.s3.amazonaws.com/photos/279121158/original.jpg; https://inaturalist-open-data.s3.amazonaws.com/photos/279121217/original.jpg; https://inaturalist-open-data.s3.amazonaws.com/photos/279121275/original.jpg; https://inaturalist-open-data.s3.amazonaws.com/photos/279121325/original.jpg; https://inaturalist-open-data.s3.amazonaws.com/photos/279121385/original.jpg; https://inaturalist-open-data.s3.amazonaws.com/photos/279121425/original.jpg,k-southern-south-america,2024-10-22 05:51:44
original_4116315126_10.jpg,3613680,Weinmannia trichosperma,2.844,"Thalurania glaucopis (J.F.Gmelin, 1788)",2476548,-25.60037,-54.568456,,SOUTH_AMERICA,Misiones,,,,2023-05-10T15:53,False,Samuel A. Schmid,iNaturalist,http://creativecommons.org/licenses/by/4.0/,Samuel A. Schmid,https://inaturalist-open-data.s3.amazonaws.com/photos/279120850/original.jpg; https://inaturalist-open-data.s3.amazonaws.com/photos/279120916/original.jpg; https://inaturalist-open-data.s3.amazonaws.com/photos/279120966/original.jpg; https://inaturalist-open-data.s3.amazonaws.com/photos/279121017/original.jpg; https://inaturalist-open-data.s3.amazonaws.com/photos/279121085/original.jpg; https://inaturalist-open-data.s3.amazonaws.com/photos/279121158/original.jpg; https://inaturalist-open-data.s3.amazonaws.com/photos/279121217/original.jpg; https://inaturalist-open-data.s3.amazonaws.com/photos/279121275/original.jpg; https://inaturalist-open-data.s3.amazonaws.com/photos/279121325/original.jpg; https://inaturalist-open-data.s3.amazonaws.com/photos/279121385/original.jpg; https://inaturalist-open-data.s3.amazonaws.com/photos/279121425/original.jpg,k-southern-south-america,2024-10-22 05:51:46
original_4116315126_11.jpg,3795588,Vachellia caven,1.5890000000000002,"Thalurania glaucopis (J.F.Gmelin, 1788)",2476548,-25.60037,-54.568456,,SOUTH_AMERICA,Misiones,,,,2023-05-10T15:53,False,Samuel A. Schmid,iNaturalist,http://creativecommons.org/licenses/by/4.0/,Samuel A. Schmid,https://inaturalist-open-data.s3.amazonaws.com/photos/279120850/original.jpg; https://inaturalist-open-data.s3.amazonaws.com/photos/279120916/original.jpg; https://inaturalist-open-data.s3.amazonaws.com/photos/279120966/original.jpg; https://inaturalist-open-data.s3.amazonaws.com/photos/279121017/original.jpg; https://inaturalist-open-data.s3.amazonaws.com/photos/279121085/original.jpg; https://inaturalist-open-data.s3.amazonaws.com/photos/279121158/original.jpg; https://inaturalist-open-data.s3.amazonaws.com/photos/279121217/original.jpg; https://inaturalist-open-data.s3.amazonaws.com/photos/279121275/original.jpg; https://inaturalist-open-data.s3.amazonaws.com/photos/279121325/original.jpg; https://inaturalist-open-data.s3.amazonaws.com/photos/279121385/original.jpg; https://inaturalist-open-data.s3.amazonaws.com/photos/279121425/original.jpg,k-southern-south-america,2024-10-22 05:51:48
original_4116315126_2.jpg,3795588,Vachellia caven,3.186,"Thalurania glaucopis (J.F.Gmelin, 1788)",2476548,-25.60037,-54.568456,,SOUTH_AMERICA,Misiones,,,,2023-05-10T15:53,False,Samuel A. Schmid,iNaturalist,http://creativecommons.org/licenses/by/4.0/,Samuel A. Schmid,https://inaturalist-open-data.s3.amazonaws.com/photos/279120850/original.jpg; https://inaturalist-open-data.s3.amazonaws.com/photos/279120916/original.jpg; https://inaturalist-open-data.s3.amazonaws.com/photos/279120966/original.jpg; https://inaturalist-open-data.s3.amazonaws.com/photos/279121017/original.jpg; https://inaturalist-open-data.s3.amazonaws.com/photos/279121085/original.jpg; https://inaturalist-open-data.s3.amazonaws.com/photos/279121158/original.jpg; https://inaturalist-open-data.s3.amazonaws.com/photos/279121217/original.jpg; https://inaturalist-open-data.s3.amazonaws.com/photos/279121275/original.jpg; https://inaturalist-open-data.s3.amazonaws.com/photos/279121325/original.jpg; https://inaturalist-open-data.s3.amazonaws.com/photos/279121385/original.jpg; https://inaturalist-open-data.s3.amazonaws.com/photos/279121425/original.jpg,k-southern-south-america,2024-10-22 05:51:50
original_4116315126_3.jpg,3795588,Vachellia caven,4.777,"Thalurania glaucopis (J.F.Gmelin, 1788)",2476548,-25.60037,-54.568456,,SOUTH_AMERICA,Misiones,,,,2023-05-10T15:53,False,Samuel A. Schmid,iNaturalist,http://creativecommons.org/licenses/by/4.0/,Samuel A. Schmid,https://inaturalist-open-data.s3.amazonaws.com/photos/279120850/original.jpg; https://inaturalist-open-data.s3.amazonaws.com/photos/279120916/original.jpg; https://inaturalist-open-data.s3.amazonaws.com/photos/279120966/original.jpg; https://inaturalist-open-data.s3.amazonaws.com/photos/279121017/original.jpg; https://inaturalist-open-data.s3.amazonaws.com/photos/279121085/original.jpg; https://inaturalist-open-data.s3.amazonaws.com/photos/279121158/original.jpg; https://inaturalist-open-data.s3.amazonaws.com/photos/279121217/original.jpg; https://inaturalist-open-data.s3.amazonaws.com/photos/279121275/original.jpg; https://inaturalist-open-data.s3.amazonaws.com/photos/279121325/original.jpg; https://inaturalist-open-data.s3.amazonaws.com/photos/279121385/original.jpg; https://inaturalist-open-data.s3.amazonaws.com/photos/279121425/original.jpg,k-southern-south-america,2024-10-22 05:51:52
original_4116315126_4.jpg,3795588,Vachellia caven,2.153,"Thalurania glaucopis (J.F.Gmelin, 1788)",2476548,-25.60037,-54.568456,,SOUTH_AMERICA,Misiones,,,,2023-05-10T15:53,False,Samuel A. Schmid,iNaturalist,http://creativecommons.org/licenses/by/4.0/,Samuel A. Schmid,https://inaturalist-open-data.s3.amazonaws.com/photos/279120850/original.jpg; https://inaturalist-open-data.s3.amazonaws.com/photos/279120916/original.jpg; https://inaturalist-open-data.s3.amazonaws.com/photos/279120966/original.jpg; https://inaturalist-open-data.s3.amazonaws.com/photos/279121017/original.jpg; https://inaturalist-open-data.s3.amazonaws.com/photos/279121085/original.jpg; https://inaturalist-open-data.s3.amazonaws.com/photos/279121158/original.jpg; https://inaturalist-open-data.s3.amazonaws.com/photos/279121217/original.jpg; https://inaturalist-open-data.s3.amazonaws.com/photos/279121275/original.jpg; https://inaturalist-open-data.s3.amazonaws.com/photos/279121325/original.jpg; https://inaturalist-open-data.s3.amazonaws.com/photos/279121385/original.jpg; https://inaturalist-open-data.s3.amazonaws.com/photos/279121425/original.jpg,k-southern-south-america,2024-10-22 05:51:55
original_4116315126_5.jpg,3613680,Weinmannia trichosperma,3.6540000000000004,"Thalurania glaucopis (J.F.Gmelin, 1788)",2476548,-25.60037,-54.568456,,SOUTH_AMERICA,Misiones,,,,2023-05-10T15:53,False,Samuel A. Schmid,iNaturalist,http://creativecommons.org/licenses/by/4.0/,Samuel A. Schmid,https://inaturalist-open-data.s3.amazonaws.com/photos/279120850/original.jpg; https://inaturalist-open-data.s3.amazonaws.com/photos/279120916/original.jpg; https://inaturalist-open-data.s3.amazonaws.com/photos/279120966/original.jpg; https://inaturalist-open-data.s3.amazonaws.com/photos/279121017/original.jpg; https://inaturalist-open-data.s3.amazonaws.com/photos/279121085/original.jpg; https://inaturalist-open-data.s3.amazonaws.com/photos/279121158/original.jpg; https://inaturalist-open-data.s3.amazonaws.com/photos/279121217/original.jpg; https://inaturalist-open-data.s3.amazonaws.com/photos/279121275/original.jpg; https://inaturalist-open-data.s3.amazonaws.com/photos/279121325/original.jpg; https://inaturalist-open-data.s3.amazonaws.com/photos/279121385/original.jpg; https://inaturalist-open-data.s3.amazonaws.com/photos/279121425/original.jpg,k-southern-south-america,2024-10-22 05:51:57
original_4116315126_6.jpg,3795588,Vachellia caven,1.521,"Thalurania glaucopis (J.F.Gmelin, 1788)",2476548,-25.60037,-54.568456,,SOUTH_AMERICA,Misiones,,,,2023-05-10T15:53,False,Samuel A. Schmid,iNaturalist,http://creativecommons.org/licenses/by/4.0/,Samuel A. Schmid,https://inaturalist-open-data.s3.amazonaws.com/photos/279120850/original.jpg; https://inaturalist-open-data.s3.amazonaws.com/photos/279120916/original.jpg; https://inaturalist-open-data.s3.amazonaws.com/photos/279120966/original.jpg; https://inaturalist-open-data.s3.amazonaws.com/photos/279121017/original.jpg; https://inaturalist-open-data.s3.amazonaws.com/photos/279121085/original.jpg; https://inaturalist-open-data.s3.amazonaws.com/photos/279121158/original.jpg; https://inaturalist-open-data.s3.amazonaws.com/photos/279121217/original.jpg; https://inaturalist-open-data.s3.amazonaws.com/photos/279121275/original.jpg; https://inaturalist-open-data.s3.amazonaws.com/photos/279121325/original.jpg; https://inaturalist-open-data.s3.amazonaws.com/photos/279121385/original.jpg; https://inaturalist-open-data.s3.amazonaws.com/photos/279121425/original.jpg,k-southern-south-america,2024-10-22 05:52:00
original_4116315126_7.jpg,3613680,Weinmannia trichosperma,1.882,"Thalurania glaucopis (J.F.Gmelin, 1788)",2476548,-25.60037,-54.568456,,SOUTH_AMERICA,Misiones,,,,2023-05-10T15:53,False,Samuel A. Schmid,iNaturalist,http://creativecommons.org/licenses/by/4.0/,Samuel A. Schmid,https://inaturalist-open-data.s3.amazonaws.com/photos/279120850/original.jpg; https://inaturalist-open-data.s3.amazonaws.com/photos/279120916/original.jpg; https://inaturalist-open-data.s3.amazonaws.com/photos/279120966/original.jpg; https://inaturalist-open-data.s3.amazonaws.com/photos/279121017/original.jpg; https://inaturalist-open-data.s3.amazonaws.com/photos/279121085/original.jpg; https://inaturalist-open-data.s3.amazonaws.com/photos/279121158/original.jpg; https://inaturalist-open-data.s3.amazonaws.com/photos/279121217/original.jpg; https://inaturalist-open-data.s3.amazonaws.com/photos/279121275/original.jpg; https://inaturalist-open-data.s3.amazonaws.com/photos/279121325/original.jpg; https://inaturalist-open-data.s3.amazonaws.com/photos/279121385/original.jpg; https://inaturalist-open-data.s3.amazonaws.com/photos/279121425/original.jpg,k-southern-south-america,2024-10-22 05:52:02
original_4116315126_8.jpg,3613680,Weinmannia trichosperma,1.6199999999999999,"Thalurania glaucopis (J.F.Gmelin, 1788)",2476548,-25.60037,-54.568456,,SOUTH_AMERICA,Misiones,,,,2023-05-10T15:53,False,Samuel A. Schmid,iNaturalist,http://creativecommons.org/licenses/by/4.0/,Samuel A. Schmid,https://inaturalist-open-data.s3.amazonaws.com/photos/279120850/original.jpg; https://inaturalist-open-data.s3.amazonaws.com/photos/279120916/original.jpg; https://inaturalist-open-data.s3.amazonaws.com/photos/279120966/original.jpg; https://inaturalist-open-data.s3.amazonaws.com/photos/279121017/original.jpg; https://inaturalist-open-data.s3.amazonaws.com/photos/279121085/original.jpg; https://inaturalist-open-data.s3.amazonaws.com/photos/279121158/original.jpg; https://inaturalist-open-data.s3.amazonaws.com/photos/279121217/original.jpg; https://inaturalist-open-data.s3.amazonaws.com/photos/279121275/original.jpg; https://inaturalist-open-data.s3.amazonaws.com/photos/279121325/original.jpg; https://inaturalist-open-data.s3.amazonaws.com/photos/279121385/original.jpg; https://inaturalist-open-data.s3.amazonaws.com/photos/279121425/original.jpg,k-southern-south-america,2024-10-22 05:52:05
original_4116392811_1.jpeg,2889925,Helosis cayennensis,2.4,"Thalurania glaucopis (J.F.Gmelin, 1788)",2476548,-24.318292,-46.99406,11727.0,SOUTH_AMERICA,São Paulo,,,,2020-09-26T08:18,False,reinaldogibin,iNaturalist,http://creativecommons.org/licenses/by-nc/4.0/,reinaldogibin,https://inaturalist-open-data.s3.amazonaws.com/photos/277942564/original.jpeg; https://inaturalist-open-data.s3.amazonaws.com/photos/277942593/original.jpeg; https://inaturalist-open-data.s3.amazonaws.com/photos/277942618/original.jpeg,k-brazil,2024-10-22 05:52:09
original_4116392811_2.jpeg,2930569,Solanum mammosum,1.755,"Thalurania glaucopis (J.F.Gmelin, 1788)",2476548,-24.318292,-46.99406,11727.0,SOUTH_AMERICA,São Paulo,,,,2020-09-26T08:18,False,reinaldogibin,iNaturalist,http://creativecommons.org/licenses/by-nc/4.0/,reinaldogibin,https://inaturalist-open-data.s3.amazonaws.com/photos/277942564/original.jpeg; https://inaturalist-open-data.s3.amazonaws.com/photos/277942593/original.jpeg; https://inaturalist-open-data.s3.amazonaws.com/photos/277942618/original.jpeg,k-brazil,2024-10-22 05:52:12
original_4116392811_3.jpeg,2889925,Helosis cayennensis,1.6099999999999999,"Thalurania glaucopis (J.F.Gmelin, 1788)",2476548,-24.318292,-46.99406,11727.0,SOUTH_AMERICA,São Paulo,,,,2020-09-26T08:18,False,reinaldogibin,iNaturalist,http://creativecommons.org/licenses/by-nc/4.0/,reinaldogibin,https://inaturalist-open-data.s3.amazonaws.com/photos/277942564/original.jpeg; https://inaturalist-open-data.s3.amazonaws.com/photos/277942593/original.jpeg; https://inaturalist-open-data.s3.amazonaws.com/photos/277942618/original.jpeg,k-brazil,2024-10-22 05:52:14
original_4116449567_1.jpeg,3155130,Desmos chinensis,0.375,"Thalurania glaucopis (J.F.Gmelin, 1788)",2476548,-22.74259,-46.898451,4944.0,SOUTH_AMERICA,São Paulo,,,,2022-07-04T10:36,False,reinaldogibin,iNaturalist,http://creativecommons.org/licenses/by-nc/4.0/,reinaldogibin,https://inaturalist-open-data.s3.amazonaws.com/photos/279702763/original.jpeg; https://inaturalist-open-data.s3.amazonaws.com/photos/279702786/original.jpeg; https://inaturalist-open-data.s3.amazonaws.com/photos/279702824/original.jpeg,k-brazil,2024-10-22 05:52:17
original_4116449567_2.jpeg,3086260,Pisonia aculeata,0.9169999999999999,"Thalurania glaucopis (J.F.Gmelin, 1788)",2476548,-22.74259,-46.898451,4944.0,SOUTH_AMERICA,São Paulo,,,,2022-07-04T10:36,False,reinaldogibin,iNaturalist,http://creativecommons.org/licenses/by-nc/4.0/,reinaldogibin,https://inaturalist-open-data.s3.amazonaws.com/photos/279702763/original.jpeg; https://inaturalist-open-data.s3.amazonaws.com/photos/279702786/original.jpeg; https://inaturalist-open-data.s3.amazonaws.com/photos/279702824/original.jpeg,k-brazil,2024-10-22 05:52:19
original_4116449567_3.jpeg,2920395,Psychotria horizontalis,2.29,"Thalurania glaucopis (J.F.Gmelin, 1788)",2476548,-22.74259,-46.898451,4944.0,SOUTH_AMERICA,São Paulo,,,,2022-07-04T10:36,False,reinaldogibin,iNaturalist,http://creativecommons.org/licenses/by-nc/4.0/,reinaldogibin,https://inaturalist-open-data.s3.amazonaws.com/photos/279702763/original.jpeg; https://inaturalist-open-data.s3.amazonaws.com/photos/279702786/original.jpeg; https://inaturalist-open-data.s3.amazonaws.com/photos/279702824/original.jpeg,k-brazil,2024-10-22 05:52:21
original_4116474947_1.jpeg,5350336,Derris trifoliata,3.961,"Thalurania glaucopis (J.F.Gmelin, 1788)",2476548,-23.963247,-47.507167,1218.0,SOUTH_AMERICA,São Paulo,,,,2019-07-28T11:07,False,reinaldogibin,iNaturalist,http://creativecommons.org/licenses/by-nc/4.0/,reinaldogibin,https://inaturalist-open-data.s3.amazonaws.com/photos/278056480/original.jpeg; https://inaturalist-open-data.s3.amazonaws.com/photos/278056485/original.jpeg; https://inaturalist-open-data.s3.amazonaws.com/photos/278056487/original.jpeg,k-brazil,2024-10-22 05:52:23
original_4116474947_2.jpeg,5350336,Derris trifoliata,5.601,"Thalurania glaucopis (J.F.Gmelin, 1788)",2476548,-23.963247,-47.507167,1218.0,SOUTH_AMERICA,São Paulo,,,,2019-07-28T11:07,False,reinaldogibin,iNaturalist,http://creativecommons.org/licenses/by-nc/4.0/,reinaldogibin,https://inaturalist-open-data.s3.amazonaws.com/photos/278056480/original.jpeg; https://inaturalist-open-data.s3.amazonaws.com/photos/278056485/original.jpeg; https://inaturalist-open-data.s3.amazonaws.com/photos/278056487/original.jpeg,k-brazil,2024-10-22 05:52:25
original_4116474947_3.jpeg,2952966,Bauhinia longicuspis,1.517,"Thalurania glaucopis (J.F.Gmelin, 1788)",2476548,-23.963247,-47.507167,1218.0,SOUTH_AMERICA,São Paulo,,,,2019-07-28T11:07,False,reinaldogibin,iNaturalist,http://creativecommons.org/licenses/by-nc/4.0/,reinaldogibin,https://inaturalist-open-data.s3.amazonaws.com/photos/278056480/original.jpeg; https://inaturalist-open-data.s3.amazonaws.com/photos/278056485/original.jpeg; https://inaturalist-open-data.s3.amazonaws.com/photos/278056487/original.jpeg,k-brazil,2024-10-22 05:52:27
original_4116493197_3.jpeg,3155130,Desmos chinensis,0.381,"Thalurania glaucopis (J.F.Gmelin, 1788)",2476548,-22.74259,-46.898451,4944.0,SOUTH_AMERICA,São Paulo,,,,2022-11-08T14:05,False,reinaldogibin,iNaturalist,http://creativecommons.org/licenses/by-nc/4.0/,reinaldogibin,https://inaturalist-open-data.s3.amazonaws.com/photos/279430358/original.jpeg; https://inaturalist-open-data.s3.amazonaws.com/photos/279430401/original.jpeg; https://inaturalist-open-data.s3.amazonaws.com/photos/279430447/original.jpeg; https://inaturalist-open-data.s3.amazonaws.com/photos/279430484/original.jpeg; https://inaturalist-open-data.s3.amazonaws.com/photos/279430525/original.jpeg; https://inaturalist-open-data.s3.amazonaws.com/photos/279432681/original.jpeg; https://inaturalist-open-data.s3.amazonaws.com/photos/279432683/original.jpeg; https://inaturalist-open-data.s3.amazonaws.com/photos/279432685/original.jpeg; https://inaturalist-open-data.s3.amazonaws.com/photos/279432687/original.jpeg; https://inaturalist-open-data.s3.amazonaws.com/photos/279432721/original.jpeg,k-brazil,2024-10-22 05:52:35
original_4116493197_4.jpeg,3175434,Myrrhinium atropurpureum,3.984,"Thalurania glaucopis (J.F.Gmelin, 1788)",2476548,-22.74259,-46.898451,4944.0,SOUTH_AMERICA,São Paulo,,,,2022-11-08T14:05,False,reinaldogibin,iNaturalist,http://creativecommons.org/licenses/by-nc/4.0/,reinaldogibin,https://inaturalist-open-data.s3.amazonaws.com/photos/279430358/original.jpeg; https://inaturalist-open-data.s3.amazonaws.com/photos/279430401/original.jpeg; https://inaturalist-open-data.s3.amazonaws.com/photos/279430447/original.jpeg; https://inaturalist-open-data.s3.amazonaws.com/photos/279430484/original.jpeg; https://inaturalist-open-data.s3.amazonaws.com/photos/279430525/original.jpeg; https://inaturalist-open-data.s3.amazonaws.com/photos/279432681/original.jpeg; https://inaturalist-open-data.s3.amazonaws.com/photos/279432683/original.jpeg; https://inaturalist-open-data.s3.amazonaws.com/photos/279432685/original.jpeg; https://inaturalist-open-data.s3.amazonaws.com/photos/279432687/original.jpeg; https://inaturalist-open-data.s3.amazonaws.com/photos/279432721/original.jpeg,k-brazil,2024-10-22 05:52:37
original_4116493197_5.jpeg,3175434,Myrrhinium atropurpureum,6.646000000000001,"Thalurania glaucopis (J.F.Gmelin, 1788)",2476548,-22.74259,-46.898451,4944.0,SOUTH_AMERICA,São Paulo,,,,2022-11-08T14:05,False,reinaldogibin,iNaturalist,http://creativecommons.org/licenses/by-nc/4.0/,reinaldogibin,https://inaturalist-open-data.s3.amazonaws.com/photos/279430358/original.jpeg; https://inaturalist-open-data.s3.amazonaws.com/photos/279430401/original.jpeg; https://inaturalist-open-data.s3.amazonaws.com/photos/279430447/original.jpeg; https://inaturalist-open-data.s3.amazonaws.com/photos/279430484/original.jpeg; https://inaturalist-open-data.s3.amazonaws.com/photos/279430525/original.jpeg; https://inaturalist-open-data.s3.amazonaws.com/photos/279432681/original.jpeg; https://inaturalist-open-data.s3.amazonaws.com/photos/279432683/original.jpeg; https://inaturalist-open-data.s3.amazonaws.com/photos/279432685/original.jpeg; https://inaturalist-open-data.s3.amazonaws.com/photos/279432687/original.jpeg; https://inaturalist-open-data.s3.amazonaws.com/photos/279432721/original.jpeg,k-brazil,2024-10-22 05:52:39
original_4116493197_6.jpeg,7298320,Dolichandra cynanchoides,1.498,"Thalurania glaucopis (J.F.Gmelin, 1788)",2476548,-22.74259,-46.898451,4944.0,SOUTH_AMERICA,São Paulo,,,,2022-11-08T14:05,False,reinaldogibin,iNaturalist,http://creativecommons.org/licenses/by-nc/4.0/,reinaldogibin,https://inaturalist-open-data.s3.amazonaws.com/photos/279430358/original.jpeg; https://inaturalist-open-data.s3.amazonaws.com/photos/279430401/original.jpeg; https://inaturalist-open-data.s3.amazonaws.com/photos/279430447/original.jpeg; https://inaturalist-open-data.s3.amazonaws.com/photos/279430484/original.jpeg; https://inaturalist-open-data.s3.amazonaws.com/photos/279430525/original.jpeg; https://inaturalist-open-data.s3.amazonaws.com/photos/279432681/original.jpeg; https://inaturalist-open-data.s3.amazonaws.com/photos/279432683/original.jpeg; https://inaturalist-open-data.s3.amazonaws.com/photos/279432685/original.jpeg; https://inaturalist-open-data.s3.amazonaws.com/photos/279432687/original.jpeg; https://inaturalist-open-data.s3.amazonaws.com/photos/279432721/original.jpeg,k-brazil,2024-10-22 05:52:41
original_4116493197_8.jpeg,3175434,Myrrhinium atropurpureum,0.9039999999999999,"Thalurania glaucopis (J.F.Gmelin, 1788)",2476548,-22.74259,-46.898451,4944.0,SOUTH_AMERICA,São Paulo,,,,2022-11-08T14:05,False,reinaldogibin,iNaturalist,http://creativecommons.org/licenses/by-nc/4.0/,reinaldogibin,https://inaturalist-open-data.s3.amazonaws.com/photos/279430358/original.jpeg; https://inaturalist-open-data.s3.amazonaws.com/photos/279430401/original.jpeg; https://inaturalist-open-data.s3.amazonaws.com/photos/279430447/original.jpeg; https://inaturalist-open-data.s3.amazonaws.com/photos/279430484/original.jpeg; https://inaturalist-open-data.s3.amazonaws.com/photos/279430525/original.jpeg; https://inaturalist-open-data.s3.amazonaws.com/photos/279432681/original.jpeg; https://inaturalist-open-data.s3.amazonaws.com/photos/279432683/original.jpeg; https://inaturalist-open-data.s3.amazonaws.com/photos/279432685/original.jpeg; https://inaturalist-open-data.s3.amazonaws.com/photos/279432687/original.jpeg; https://inaturalist-open-data.s3.amazonaws.com/photos/279432721/original.jpeg,k-brazil,2024-10-22 05:52:45
original_4116493197_9.jpeg,7298320,Dolichandra cynanchoides,4.6129999999999995,"Thalurania glaucopis (J.F.Gmelin, 1788)",2476548,-22.74259,-46.898451,4944.0,SOUTH_AMERICA,São Paulo,,,,2022-11-08T14:05,False,reinaldogibin,iNaturalist,http://creativecommons.org/licenses/by-nc/4.0/,reinaldogibin,https://inaturalist-open-data.s3.amazonaws.com/photos/279430358/original.jpeg; https://inaturalist-open-data.s3.amazonaws.com/photos/279430401/original.jpeg; https://inaturalist-open-data.s3.amazonaws.com/photos/279430447/original.jpeg; https://inaturalist-open-data.s3.amazonaws.com/photos/279430484/original.jpeg; https://inaturalist-open-data.s3.amazonaws.com/photos/279430525/original.jpeg; https://inaturalist-open-data.s3.amazonaws.com/photos/279432681/original.jpeg; https://inaturalist-open-data.s3.amazonaws.com/photos/279432683/original.jpeg; https://inaturalist-open-data.s3.amazonaws.com/photos/279432685/original.jpeg; https://inaturalist-open-data.s3.amazonaws.com/photos/279432687/original.jpeg; https://inaturalist-open-data.s3.amazonaws.com/photos/279432721/original.jpeg,k-brazil,2024-10-22 05:52:48
original_4116528999_1.jpeg,2943053,Chloroleucon mangense,2.392,"Thalurania glaucopis (J.F.Gmelin, 1788)",2476548,-20.402211,-43.510557,5392.0,SOUTH_AMERICA,Minas Gerais,,,,2015-09-07T13:44,False,Gustavo Gonsioroski,iNaturalist,http://creativecommons.org/licenses/by-nc/4.0/,Gustavo Gonsioroski,https://inaturalist-open-data.s3.amazonaws.com/photos/280136847/original.jpeg,k-brazil,2024-10-22 05:52:50
original_4116531888_1.jpeg,3937390,Malvaviscus concinnus,0.313,"Thalurania glaucopis (J.F.Gmelin, 1788)",2476548,-29.70984,-53.736925,122.0,SOUTH_AMERICA,Rio Grande do Sul,,,,2023-05-10T14:50,False,Frank Thomas Sautter,iNaturalist,http://creativecommons.org/licenses/by-nc/4.0/,Frank Thomas Sautter,https://inaturalist-open-data.s3.amazonaws.com/photos/278163731/original.jpeg,k-brazil,2024-10-22 05:52:53
original_4116578069_1.jpeg,2738831,Desmoncus polyacanthos,5.553,"Thalurania glaucopis (J.F.Gmelin, 1788)",2476548,-22.815867,-44.000867,14265.0,SOUTH_AMERICA,Rio de Janeiro,,,,2022-08-15T16:00,False,monitorespec,iNaturalist,http://creativecommons.org/licenses/by-nc/4.0/,monitorespec,https://inaturalist-open-data.s3.amazonaws.com/photos/278168735/original.jpeg,k-brazil,2024-10-22 05:52:55
original_4116586385_3.jpg,Unknown,Unknown,0,"Thalurania glaucopis (J.F.Gmelin, 1788)",2476548,-19.90757,-40.552955,4.0,SOUTH_AMERICA,Espírito Santo,,,,2023-05-16T07:58:37,False,Claudio Novaes,iNaturalist,http://creativecommons.org/licenses/by-nc/4.0/,Claudio Novaes,https://inaturalist-open-data.s3.amazonaws.com/photos/279987791/original.jpg; https://inaturalist-open-data.s3.amazonaws.com/photos/279987820/original.jpg; https://inaturalist-open-data.s3.amazonaws.com/photos/279987850/original.jpg; https://inaturalist-open-data.s3.amazonaws.com/photos/279987909/original.jpg,k-brazil,2024-10-22 05:52:58
original_4120896115_1.jpg,7309398,Vitex megapotamica,5.153,"Thalurania glaucopis (J.F.Gmelin, 1788)",2476548,-22.74259,-46.898451,4944.0,SOUTH_AMERICA,São Paulo,,,,2021-07-21T18:55,False,reinaldogibin,iNaturalist,http://creativecommons.org/licenses/by-nc/4.0/,reinaldogibin,https://inaturalist-open-data.s3.amazonaws.com/photos/280762880/original.jpg,k-brazil,2024-10-22 05:52:59
original_4120905367_1.jpg,7298634,Jacaranda obtusifolia,1.6119999999999999,"Thalurania glaucopis (J.F.Gmelin, 1788)",2476548,-28.506516,-49.466799,3861.0,SOUTH_AMERICA,Santa Catarina,,,,2021-11-05T18:13:43,False,Júlia Gava Sandrini,iNaturalist,http://creativecommons.org/licenses/by-nc/4.0/,Júlia Gava Sandrini,https://inaturalist-open-data.s3.amazonaws.com/photos/176466163/original.jpg; https://inaturalist-open-data.s3.amazonaws.com/photos/176466176/original.jpg,k-brazil,2024-10-22 05:53:02
original_4120974188_1.jpg,2932944,Capsicum annuum,2.9090000000000003,"Thalurania glaucopis (J.F.Gmelin, 1788)",2476548,-23.779863,-45.560668,,SOUTH_AMERICA,São Paulo,,,,2023-05-20T07:34,False,Victor Beccari,iNaturalist,http://creativecommons.org/licenses/by-nc/4.0/,Victor Beccari,https://inaturalist-open-data.s3.amazonaws.com/photos/281441824/original.jpg; https://inaturalist-open-data.s3.amazonaws.com/photos/281441858/original.jpg; https://inaturalist-open-data.s3.amazonaws.com/photos/281441893/original.jpg,k-brazil,2024-10-22 05:53:08
original_4120974188_2.jpg,8252714,Ruellia asperula,2.568,"Thalurania glaucopis (J.F.Gmelin, 1788)",2476548,-23.779863,-45.560668,,SOUTH_AMERICA,São Paulo,,,,2023-05-20T07:34,False,Victor Beccari,iNaturalist,http://creativecommons.org/licenses/by-nc/4.0/,Victor Beccari,https://inaturalist-open-data.s3.amazonaws.com/photos/281441824/original.jpg; https://inaturalist-open-data.s3.amazonaws.com/photos/281441858/original.jpg; https://inaturalist-open-data.s3.amazonaws.com/photos/281441893/original.jpg,k-brazil,2024-10-22 05:53:10
original_4120974188_3.jpg,5590493,Drymonia serrulata,2.175,"Thalurania glaucopis (J.F.Gmelin, 1788)",2476548,-23.779863,-45.560668,,SOUTH_AMERICA,São Paulo,,,,2023-05-20T07:34,False,Victor Beccari,iNaturalist,http://creativecommons.org/licenses/by-nc/4.0/,Victor Beccari,https://inaturalist-open-data.s3.amazonaws.com/photos/281441824/original.jpg; https://inaturalist-open-data.s3.amazonaws.com/photos/281441858/original.jpg; https://inaturalist-open-data.s3.amazonaws.com/photos/281441893/original.jpg,k-brazil,2024-10-22 05:53:13
original_4121033014_1.jpg,2705848,Urochloa mutica,1.028,"Thalurania glaucopis (J.F.Gmelin, 1788)",2476548,-23.779837,-45.560673,,SOUTH_AMERICA,São Paulo,,,,2023-05-20T07:29,False,Victor Beccari,iNaturalist,http://creativecommons.org/licenses/by-nc/4.0/,Victor Beccari,https://inaturalist-open-data.s3.amazonaws.com/photos/281441781/original.jpg; https://inaturalist-open-data.s3.amazonaws.com/photos/281441802/original.jpg,k-brazil,2024-10-22 05:53:16
original_4121033014_2.jpg,2760746,Heliconia densiflora,38.279,"Thalurania glaucopis (J.F.Gmelin, 1788)",2476548,-23.779837,-45.560673,,SOUTH_AMERICA,São Paulo,,,,2023-05-20T07:29,False,Victor Beccari,iNaturalist,http://creativecommons.org/licenses/by-nc/4.0/,Victor Beccari,https://inaturalist-open-data.s3.amazonaws.com/photos/281441781/original.jpg; https://inaturalist-open-data.s3.amazonaws.com/photos/281441802/original.jpg,k-brazil,2024-10-22 05:53:18
original_4121094422_1.jpg,7313548,Passiflora capsularis,0.5329999999999999,"Thalurania glaucopis (J.F.Gmelin, 1788)",2476548,-23.779768,-45.56068,,SOUTH_AMERICA,São Paulo,,,,2023-05-22T08:34,False,Victor Beccari,iNaturalist,http://creativecommons.org/licenses/by-nc/4.0/,Victor Beccari,https://inaturalist-open-data.s3.amazonaws.com/photos/282251328/original.jpg; https://inaturalist-open-data.s3.amazonaws.com/photos/282251344/original.jpg,k-brazil,2024-10-22 05:53:21
original_4121426876_2.jpg,7296187,Pseudobombax grandiflorum,6.758,"Thalurania glaucopis (J.F.Gmelin, 1788)",2476548,-23.777275,-45.560733,,SOUTH_AMERICA,São Paulo,,,,2023-05-20T09:19,False,Victor Beccari,iNaturalist,http://creativecommons.org/licenses/by-nc/4.0/,Victor Beccari,https://inaturalist-open-data.s3.amazonaws.com/photos/281442950/original.jpg; https://inaturalist-open-data.s3.amazonaws.com/photos/281442969/original.jpg,k-brazil,2024-10-22 05:53:31
original_4121443341_1.jpg,5349528,Erythrina speciosa,1.127,"Thalurania glaucopis (J.F.Gmelin, 1788)",2476548,-23.779838,-45.560787,,SOUTH_AMERICA,São Paulo,,,,2023-05-21T16:12,False,Victor Beccari,iNaturalist,http://creativecommons.org/licenses/by-nc/4.0/,Victor Beccari,https://inaturalist-open-data.s3.amazonaws.com/photos/282250685/original.jpg,k-brazil,2024-10-22 05:53:34
original_4126751008_1.jpg,3086328,Piper tuberculatum,4.077,"Thalurania glaucopis (J.F.Gmelin, 1788)",2476548,-24.318292,-46.99406,11727.0,SOUTH_AMERICA,São Paulo,,,,2023-05-24,False,Luciano Bernardes,iNaturalist,http://creativecommons.org/licenses/by-nc/4.0/,Luciano Bernardes,https://inaturalist-open-data.s3.amazonaws.com/photos/283221510/original.jpg,k-brazil,2024-10-22 05:53:37
original_4126752231_1.jpeg,3055569,Dalechampia scandens,4.2139999999999995,"Thalurania glaucopis (J.F.Gmelin, 1788)",2476548,-26.344298,-49.021177,29868.0,SOUTH_AMERICA,Santa Catarina,,,,2021-07-23T16:43,False,Pâmela Pradi,iNaturalist,http://creativecommons.org/licenses/by-nc/4.0/,Pâmela Pradi,https://inaturalist-open-data.s3.amazonaws.com/photos/273505535/original.jpeg,k-brazil,2024-10-22 05:53:40
original_4127168841_1.jpeg,5331145,Casearia aculeata,4.656,"Thalurania glaucopis (J.F.Gmelin, 1788)",2476548,-29.663737,-53.739605,61.0,SOUTH_AMERICA,Rio Grande do Sul,,,,2023-05-25T13:44,False,Frank Thomas Sautter,iNaturalist,http://creativecommons.org/licenses/by-nc/4.0/,Frank Thomas Sautter,https://inaturalist-open-data.s3.amazonaws.com/photos/283139039/original.jpeg,k-brazil,2024-10-22 05:53:46
original_4127260769_1.jpeg,2808912,Sacoila lanceolata,0.596,"Thalurania glaucopis (J.F.Gmelin, 1788)",2476548,-30.068579,-51.120358,39.0,SOUTH_AMERICA,Rio Grande do Sul,,,,2023-05-17T15:11:12,False,Rafaele Fogaça Muniz 🐝,iNaturalist,http://creativecommons.org/licenses/by-nc/4.0/,Rafaele Fogaça Muniz 🐝,https://inaturalist-open-data.s3.amazonaws.com/photos/280387096/original.jpeg; https://inaturalist-open-data.s3.amazonaws.com/photos/280387133/original.jpeg; https://inaturalist-open-data.s3.amazonaws.com/photos/280387174/original.jpeg; https://inaturalist-open-data.s3.amazonaws.com/photos/280387224/original.jpeg,k-brazil,2024-10-22 05:53:48
original_4127260769_2.jpeg,2925462,Stachytarpheta mutabilis,0.394,"Thalurania glaucopis (J.F.Gmelin, 1788)",2476548,-30.068579,-51.120358,39.0,SOUTH_AMERICA,Rio Grande do Sul,,,,2023-05-17T15:11:12,False,Rafaele Fogaça Muniz 🐝,iNaturalist,http://creativecommons.org/licenses/by-nc/4.0/,Rafaele Fogaça Muniz 🐝,https://inaturalist-open-data.s3.amazonaws.com/photos/280387096/original.jpeg; https://inaturalist-open-data.s3.amazonaws.com/photos/280387133/original.jpeg; https://inaturalist-open-data.s3.amazonaws.com/photos/280387174/original.jpeg; https://inaturalist-open-data.s3.amazonaws.com/photos/280387224/original.jpeg,k-brazil,2024-10-22 05:53:51
original_4127260769_3.jpeg,11065948,Ipomoea lobata,2.028,"Thalurania glaucopis (J.F.Gmelin, 1788)",2476548,-30.068579,-51.120358,39.0,SOUTH_AMERICA,Rio Grande do Sul,,,,2023-05-17T15:11:12,False,Rafaele Fogaça Muniz 🐝,iNaturalist,http://creativecommons.org/licenses/by-nc/4.0/,Rafaele Fogaça Muniz 🐝,https://inaturalist-open-data.s3.amazonaws.com/photos/280387096/original.jpeg; https://inaturalist-open-data.s3.amazonaws.com/photos/280387133/original.jpeg; https://inaturalist-open-data.s3.amazonaws.com/photos/280387174/original.jpeg; https://inaturalist-open-data.s3.amazonaws.com/photos/280387224/original.jpeg,k-brazil,2024-10-22 05:53:53
original_4127260769_4.jpeg,2925462,Stachytarpheta mutabilis,1.649,"Thalurania glaucopis (J.F.Gmelin, 1788)",2476548,-30.068579,-51.120358,39.0,SOUTH_AMERICA,Rio Grande do Sul,,,,2023-05-17T15:11:12,False,Rafaele Fogaça Muniz 🐝,iNaturalist,http://creativecommons.org/licenses/by-nc/4.0/,Rafaele Fogaça Muniz 🐝,https://inaturalist-open-data.s3.amazonaws.com/photos/280387096/original.jpeg; https://inaturalist-open-data.s3.amazonaws.com/photos/280387133/original.jpeg; https://inaturalist-open-data.s3.amazonaws.com/photos/280387174/original.jpeg; https://inaturalist-open-data.s3.amazonaws.com/photos/280387224/original.jpeg,k-brazil,2024-10-22 05:53:55
original_4129770146_2.jpeg,2698628,Aechmea castelnavii,11.182,"Thalurania glaucopis (J.F.Gmelin, 1788)",2476548,-22.9673,-43.2282,,SOUTH_AMERICA,Rio de Janeiro,,,,2018-09-11T12:23,False,claudiaram11,iNaturalist,http://creativecommons.org/licenses/by-nc/4.0/,claudiaram11,https://inaturalist-open-data.s3.amazonaws.com/photos/285636056/original.jpeg; https://inaturalist-open-data.s3.amazonaws.com/photos/285636921/original.jpeg; https://inaturalist-open-data.s3.amazonaws.com/photos/285637100/original.jpeg,k-brazil,2024-10-22 05:53:57
original_4129770146_3.jpeg,5288894,Vriesea gigantea,10.882,"Thalurania glaucopis (J.F.Gmelin, 1788)",2476548,-22.9673,-43.2282,,SOUTH_AMERICA,Rio de Janeiro,,,,2018-09-11T12:23,False,claudiaram11,iNaturalist,http://creativecommons.org/licenses/by-nc/4.0/,claudiaram11,https://inaturalist-open-data.s3.amazonaws.com/photos/285636056/original.jpeg; https://inaturalist-open-data.s3.amazonaws.com/photos/285636921/original.jpeg; https://inaturalist-open-data.s3.amazonaws.com/photos/285637100/original.jpeg,k-brazil,2024-10-22 05:53:59
original_4129832739_1.jpeg,5350336,Derris trifoliata,3.5029999999999997,"Thalurania glaucopis (J.F.Gmelin, 1788)",2476548,-23.64154,-46.375695,,SOUTH_AMERICA,São Paulo,,,,2013-01-27T09:35,False,Horacio Alberto Garcia,iNaturalist,http://creativecommons.org/licenses/by-nc/4.0/,Horacio Alberto Garcia,https://inaturalist-open-data.s3.amazonaws.com/photos/285551796/original.jpeg,k-brazil,2024-10-22 05:54:03
original_4129895737_1.jpeg,2964988,Centrosema brasilianum,0.38899999999999996,"Thalurania glaucopis (J.F.Gmelin, 1788)",2476548,-23.772052,-46.303665,2.0,SOUTH_AMERICA,São Paulo,,,,2023-05-13T09:47,False,miguelmagro,iNaturalist,http://creativecommons.org/licenses/by-nc/4.0/,miguelmagro,https://inaturalist-open-data.s3.amazonaws.com/photos/285633103/original.jpeg,k-brazil,2024-10-22 05:54:05
original_4129912750_1.jpeg,7981652,Rhabdadenia biflora,2.336,"Thalurania glaucopis (J.F.Gmelin, 1788)",2476548,-23.779591,-46.302074,1.0,SOUTH_AMERICA,São Paulo,,,,2023-05-13T15:23,False,miguelmagro,iNaturalist,http://creativecommons.org/licenses/by-nc/4.0/,miguelmagro,https://inaturalist-open-data.s3.amazonaws.com/photos/286677336/original.jpeg,k-brazil,2024-10-22 05:54:08
original_4130017594_2.jpeg,9060332,Ipomoea heptaphylla,3.016,"Thalurania glaucopis (J.F.Gmelin, 1788)",2476548,-22.762061,-46.881285,4944.0,SOUTH_AMERICA,São Paulo,,,,2023-06-02T11:22,False,reinaldogibin,iNaturalist,http://creativecommons.org/licenses/by-nc/4.0/,reinaldogibin,https://inaturalist-open-data.s3.amazonaws.com/photos/285944677/original.jpeg; https://inaturalist-open-data.s3.amazonaws.com/photos/285944690/original.jpeg; https://inaturalist-open-data.s3.amazonaws.com/photos/285944706/original.jpeg; https://inaturalist-open-data.s3.amazonaws.com/photos/285944720/original.jpeg,k-brazil,2024-10-22 05:54:11
original_4130017594_3.jpeg,2951499,Mucuna pruriens,4.321,"Thalurania glaucopis (J.F.Gmelin, 1788)",2476548,-22.762061,-46.881285,4944.0,SOUTH_AMERICA,São Paulo,,,,2023-06-02T11:22,False,reinaldogibin,iNaturalist,http://creativecommons.org/licenses/by-nc/4.0/,reinaldogibin,https://inaturalist-open-data.s3.amazonaws.com/photos/285944677/original.jpeg; https://inaturalist-open-data.s3.amazonaws.com/photos/285944690/original.jpeg; https://inaturalist-open-data.s3.amazonaws.com/photos/285944706/original.jpeg; https://inaturalist-open-data.s3.amazonaws.com/photos/285944720/original.jpeg,k-brazil,2024-10-22 05:54:12
original_4130017594_4.jpeg,9060332,Ipomoea heptaphylla,0.987,"Thalurania glaucopis (J.F.Gmelin, 1788)",2476548,-22.762061,-46.881285,4944.0,SOUTH_AMERICA,São Paulo,,,,2023-06-02T11:22,False,reinaldogibin,iNaturalist,http://creativecommons.org/licenses/by-nc/4.0/,reinaldogibin,https://inaturalist-open-data.s3.amazonaws.com/photos/285944677/original.jpeg; https://inaturalist-open-data.s3.amazonaws.com/photos/285944690/original.jpeg; https://inaturalist-open-data.s3.amazonaws.com/photos/285944706/original.jpeg; https://inaturalist-open-data.s3.amazonaws.com/photos/285944720/original.jpeg,k-brazil,2024-10-22 05:54:14
original_4130115274_1.jpg,8095300,Palicourea hoffmannseggiana,3.6470000000000002,"Thalurania glaucopis (J.F.Gmelin, 1788)",2476548,-22.887323,-48.444658,38709.0,SOUTH_AMERICA,São Paulo,,,,2019-05-23T13:33,False,Bruno Oliani,iNaturalist,http://creativecommons.org/licenses/by-nc/4.0/,Bruno Oliani,https://inaturalist-open-data.s3.amazonaws.com/photos/286742561/original.jpg,k-brazil,2024-10-22 05:54:19
original_4130169511_1.jpeg,2732453,Socratea exorrhiza,4.982,"Thalurania glaucopis (J.F.Gmelin, 1788)",2476548,-22.784378,-46.901884,4944.0,SOUTH_AMERICA,São Paulo,,,,2023-06-03T08:28,False,reinaldogibin,iNaturalist,http://creativecommons.org/licenses/by-nc/4.0/,reinaldogibin,https://inaturalist-open-data.s3.amazonaws.com/photos/286162425/original.jpeg,k-brazil,2024-10-22 05:54:21
original_4130218441_2.jpg,5405436,Stifftia chrysantha,2.07,"Thalurania glaucopis (J.F.Gmelin, 1788)",2476548,-23.23502,-46.970933,106.0,SOUTH_AMERICA,São Paulo,,,,2023-06-04T10:48:48,False,sandiamant,iNaturalist,http://creativecommons.org/licenses/by-nc/4.0/,sandiamant,https://inaturalist-open-data.s3.amazonaws.com/photos/286609989/original.jpg; https://inaturalist-open-data.s3.amazonaws.com/photos/286610009/original.jpg; https://inaturalist-open-data.s3.amazonaws.com/photos/286610046/original.jpg,k-brazil,2024-10-22 05:54:25
original_4133844880_1.jpeg,7107974,Cedrela fissilis,6.441,"Thalurania glaucopis (J.F.Gmelin, 1788)",2476548,-22.734357,-46.893473,4944.0,SOUTH_AMERICA,São Paulo,,,,2023-06-07T11:53,False,reinaldogibin,iNaturalist,http://creativecommons.org/licenses/by-nc/4.0/,reinaldogibin,https://inaturalist-open-data.s3.amazonaws.com/photos/287632832/original.jpeg,k-brazil,2024-10-22 05:54:29
original_4133915094_1.jpg,3778854,Sanchezia oblonga,7.449,"Thalurania glaucopis (J.F.Gmelin, 1788)",2476548,-23.438923,-46.611945,15.0,SOUTH_AMERICA,São Paulo,,,,2023-06-09,False,Luciano Bernardes,iNaturalist,http://creativecommons.org/licenses/by-nc/4.0/,Luciano Bernardes,https://inaturalist-open-data.s3.amazonaws.com/photos/288606457/original.jpg,k-brazil,2024-10-22 05:54:34
original_4134041548_1.jpg,3039424,Ziziphus mauritiana,1.0330000000000001,"Thalurania glaucopis (J.F.Gmelin, 1788)",2476548,-23.563803,-45.837778,202.0,SOUTH_AMERICA,São Paulo,,,,2016-01-30T20:39,False,Nereston (Nelinho) Camargo,iNaturalist,http://creativecommons.org/licenses/by-nc/4.0/,Nereston (Nelinho) Camargo,https://inaturalist-open-data.s3.amazonaws.com/photos/289679617/original.jpg,k-brazil,2024-10-22 05:54:36
original_4137805310_1.jpg,5415341,Odontonema cuspidatum,54.337999999999994,"Thalurania glaucopis (J.F.Gmelin, 1788)",2476548,-25.61568,-54.478518,24.0,SOUTH_AMERICA,Paraná,,,,2023-06-24T14:39:29,False,joescience1,iNaturalist,http://creativecommons.org/licenses/by-nc/4.0/,joescience1,https://inaturalist-open-data.s3.amazonaws.com/photos/293447070/original.jpg; https://inaturalist-open-data.s3.amazonaws.com/photos/293447108/original.jpg; https://inaturalist-open-data.s3.amazonaws.com/photos/293447137/original.jpg,k-southern-south-america,2024-10-22 05:54:38
original_4137805310_2.jpg,5415341,Odontonema cuspidatum,13.446,"Thalurania glaucopis (J.F.Gmelin, 1788)",2476548,-25.61568,-54.478518,24.0,SOUTH_AMERICA,Paraná,,,,2023-06-24T14:39:29,False,joescience1,iNaturalist,http://creativecommons.org/licenses/by-nc/4.0/,joescience1,https://inaturalist-open-data.s3.amazonaws.com/photos/293447070/original.jpg; https://inaturalist-open-data.s3.amazonaws.com/photos/293447108/original.jpg; https://inaturalist-open-data.s3.amazonaws.com/photos/293447137/original.jpg,k-southern-south-america,2024-10-22 05:54:40
original_4137833493_1.jpeg,7661971,Bambusa vulgaris,9.501,"Thalurania glaucopis (J.F.Gmelin, 1788)",2476548,-22.549099,-43.050215,8.0,SOUTH_AMERICA,Rio de Janeiro,,,,2023-06-15T14:42,False,Victor Hugo Rebecchi Siqueira,iNaturalist,http://creativecommons.org/licenses/by-nc/4.0/,Victor Hugo Rebecchi Siqueira,https://inaturalist-open-data.s3.amazonaws.com/photos/290632895/original.jpeg,k-brazil,2024-10-22 05:54:44
original_4137913412_1.jpeg,7271393,Guarea macrophylla,1.388,"Thalurania glaucopis (J.F.Gmelin, 1788)",2476548,-23.67594,-46.408803,1.0,SOUTH_AMERICA,São Paulo,,,,2023-06-11T09:11,False,miguelmagro,iNaturalist,http://creativecommons.org/licenses/by-nc/4.0/,miguelmagro,https://inaturalist-open-data.s3.amazonaws.com/photos/289761166/original.jpeg,k-brazil,2024-10-22 05:54:46
original_4137960450_1.jpeg,7304064,Curatella americana,2.318,"Thalurania glaucopis (J.F.Gmelin, 1788)",2476548,-20.382246,-43.545799,629.0,SOUTH_AMERICA,Minas Gerais,,,,2019-11-16T15:29,False,Paulo Gonçalves Carvalho,iNaturalist,http://creativecommons.org/licenses/by-nc/4.0/,Paulo Gonçalves Carvalho,https://inaturalist-open-data.s3.amazonaws.com/photos/291121368/original.jpeg,k-brazil,2024-10-22 05:54:49
original_4138007294_1.jpeg,2932944,Capsicum annuum,2.9499999999999997,"Thalurania glaucopis (J.F.Gmelin, 1788)",2476548,-22.952619,-43.210978,2.0,SOUTH_AMERICA,Rio de Janeiro,,,,2023-05-27T09:46,False,Cesar Lezama,iNaturalist,http://creativecommons.org/licenses/by-nc/4.0/,Cesar Lezama,https://inaturalist-open-data.s3.amazonaws.com/photos/293676933/original.jpeg,k-brazil,2024-10-22 05:54:52
original_4138153456_1.jpg,5361938,Ficus citrifolia,7.058000000000001,"Thalurania glaucopis (J.F.Gmelin, 1788)",2476548,-22.90127,-43.448046,25.0,SOUTH_AMERICA,Rio de Janeiro,,,,2023-06-17T08:10,False,Diego Monsores,iNaturalist,http://creativecommons.org/licenses/by-nc/4.0/,Diego Monsores,https://inaturalist-open-data.s3.amazonaws.com/photos/291132106/original.jpg; https://inaturalist-open-data.s3.amazonaws.com/photos/291132190/original.jpg; https://inaturalist-open-data.s3.amazonaws.com/photos/291132272/original.jpg,k-brazil,2024-10-22 05:54:55
original_4138153456_2.jpg,5361938,Ficus citrifolia,8.099,"Thalurania glaucopis (J.F.Gmelin, 1788)",2476548,-22.90127,-43.448046,25.0,SOUTH_AMERICA,Rio de Janeiro,,,,2023-06-17T08:10,False,Diego Monsores,iNaturalist,http://creativecommons.org/licenses/by-nc/4.0/,Diego Monsores,https://inaturalist-open-data.s3.amazonaws.com/photos/291132106/original.jpg; https://inaturalist-open-data.s3.amazonaws.com/photos/291132190/original.jpg; https://inaturalist-open-data.s3.amazonaws.com/photos/291132272/original.jpg,k-brazil,2024-10-22 05:54:57
original_4138153456_3.jpg,6358534,Ficus insipida,1.96,"Thalurania glaucopis (J.F.Gmelin, 1788)",2476548,-22.90127,-43.448046,25.0,SOUTH_AMERICA,Rio de Janeiro,,,,2023-06-17T08:10,False,Diego Monsores,iNaturalist,http://creativecommons.org/licenses/by-nc/4.0/,Diego Monsores,https://inaturalist-open-data.s3.amazonaws.com/photos/291132106/original.jpg; https://inaturalist-open-data.s3.amazonaws.com/photos/291132190/original.jpg; https://inaturalist-open-data.s3.amazonaws.com/photos/291132272/original.jpg,k-brazil,2024-10-22 05:54:59
original_4138261261_1.jpeg,7308720,Scutellaria incarnata,1.775,"Thalurania glaucopis (J.F.Gmelin, 1788)",2476548,-22.952623,-43.210977,2.0,SOUTH_AMERICA,Rio de Janeiro,,,,2023-05-27T09:47,False,Cesar Lezama,iNaturalist,http://creativecommons.org/licenses/by-nc/4.0/,Cesar Lezama,https://inaturalist-open-data.s3.amazonaws.com/photos/293677070/original.jpeg,k-brazil,2024-10-22 05:55:01
original_4138390512_1.jpeg,5329202,Elodea granatensis,0.958,"Thalurania glaucopis (J.F.Gmelin, 1788)",2476548,-25.600326,-54.568596,198.0,SOUTH_AMERICA,Misiones,,,,2023-06-03T16:45,False,Romi Galeota Lencina,iNaturalist,http://creativecommons.org/licenses/by/4.0/,Romi Galeota Lencina,https://inaturalist-open-data.s3.amazonaws.com/photos/292969405/original.jpeg,k-southern-south-america,2024-10-22 05:55:05
original_4138500126_2.jpg,2766221,Cordyline indivisa,0.8250000000000001,"Thalurania glaucopis (J.F.Gmelin, 1788)",2476548,-25.614119,-54.480228,39.0,SOUTH_AMERICA,Paraná,,,,2023-06-24T15:39:48,False,joescience1,iNaturalist,http://creativecommons.org/licenses/by-nc/4.0/,joescience1,https://inaturalist-open-data.s3.amazonaws.com/photos/293424337/original.jpg; https://inaturalist-open-data.s3.amazonaws.com/photos/293424368/original.jpg,k-southern-south-america,2024-10-22 05:55:10
original_4138557388_1.jpeg,5357158,Cassia grandis,8.985,"Thalurania glaucopis (J.F.Gmelin, 1788)",2476548,-22.901755,-43.447007,16.0,SOUTH_AMERICA,Rio de Janeiro,,,,2023-06-17T09:06:13,False,Libi Rivero,iNaturalist,http://creativecommons.org/licenses/by-nc/4.0/,Libi Rivero,https://inaturalist-open-data.s3.amazonaws.com/photos/291393777/original.jpeg,k-brazil,2024-10-22 05:55:13
original_4138695718_1.jpg,3189950,Paullinia pinnata,1.4989999999999999,"Thalurania glaucopis (J.F.Gmelin, 1788)",2476548,-25.682579,-54.454853,122.0,SOUTH_AMERICA,Misiones,,,,2023-06-18T11:58,False,drbrachydactyl,iNaturalist,http://creativecommons.org/licenses/by-nc/4.0/,drbrachydactyl,https://inaturalist-open-data.s3.amazonaws.com/photos/293091651/original.jpg; https://inaturalist-open-data.s3.amazonaws.com/photos/293091861/original.jpg,k-southern-south-america,2024-10-22 05:55:15
original_4162104019_1.jpeg,3188559,Miconia affinis,8.583,"Thalurania glaucopis (J.F.Gmelin, 1788)",2476548,-23.963247,-47.507167,1218.0,SOUTH_AMERICA,São Paulo,,,,2023-07-13T08:03,False,reinaldogibin,iNaturalist,http://creativecommons.org/licenses/by-nc/4.0/,reinaldogibin,https://inaturalist-open-data.s3.amazonaws.com/photos/300389675/original.jpeg,k-brazil,2024-10-22 05:55:28
original_4162292555_1.jpeg,5293403,Euterpe edulis,2.571,"Thalurania glaucopis (J.F.Gmelin, 1788)",2476548,-22.310076,-42.497062,204.0,SOUTH_AMERICA,Rio de Janeiro,,,,2022-06-22T10:10,False,bettinadungs,iNaturalist,http://creativecommons.org/licenses/by-nc/4.0/,bettinadungs,https://inaturalist-open-data.s3.amazonaws.com/photos/300770778/original.jpeg,k-brazil,2024-10-22 05:55:33
original_4162375122_1.jpeg,5321877,Ionopsis utricularioides,6.119,"Thalurania glaucopis (J.F.Gmelin, 1788)",2476548,-22.310076,-42.497062,204.0,SOUTH_AMERICA,Rio de Janeiro,,,,2023-04-02T10:41,False,bettinadungs,iNaturalist,http://creativecommons.org/licenses/by-nc/4.0/,bettinadungs,https://inaturalist-open-data.s3.amazonaws.com/photos/300795303/original.jpeg,k-brazil,2024-10-22 05:55:38
original_4162486551_1.jpeg,3770188,Justicia carnea,9.624,"Thalurania glaucopis (J.F.Gmelin, 1788)",2476548,-22.310076,-42.497062,204.0,SOUTH_AMERICA,Rio de Janeiro,,,,2022-03-24T17:01,False,bettinadungs,iNaturalist,http://creativecommons.org/licenses/by-nc/4.0/,bettinadungs,https://inaturalist-open-data.s3.amazonaws.com/photos/300761862/original.jpeg,k-brazil,2024-10-22 05:55:43
original_4165393133_1.jpeg,5350336,Derris trifoliata,5.042,"Thalurania glaucopis (J.F.Gmelin, 1788)",2476548,-24.588026,-48.628786,4.0,SOUTH_AMERICA,São Paulo,,,,2023-07-12T18:49,False,tegholmes,iNaturalist,http://creativecommons.org/licenses/by-nc/4.0/,tegholmes,https://inaturalist-open-data.s3.amazonaws.com/photos/301949824/original.jpeg,k-brazil,2024-10-22 05:55:46
original_4165473966_2.jpeg,4092405,Handroanthus chrysotrichus,1.693,"Thalurania glaucopis (J.F.Gmelin, 1788)",2476548,-27.993725,-48.647722,4.0,SOUTH_AMERICA,Santa Catarina,,,,2023-07-07T14:16,False,Christian,iNaturalist,http://creativecommons.org/licenses/by-nc/4.0/,Christian,https://inaturalist-open-data.s3.amazonaws.com/photos/301903462/original.jpeg; https://inaturalist-open-data.s3.amazonaws.com/photos/301903516/original.jpeg; https://inaturalist-open-data.s3.amazonaws.com/photos/301903546/original.jpeg; https://inaturalist-open-data.s3.amazonaws.com/photos/301903648/original.jpeg; https://inaturalist-open-data.s3.amazonaws.com/photos/301903699/original.jpeg,k-brazil,2024-10-22 05:56:01
original_4165473966_4.jpeg,3039162,Cissus erosa,2.593,"Thalurania glaucopis (J.F.Gmelin, 1788)",2476548,-27.993725,-48.647722,4.0,SOUTH_AMERICA,Santa Catarina,,,,2023-07-07T14:16,False,Christian,iNaturalist,http://creativecommons.org/licenses/by-nc/4.0/,Christian,https://inaturalist-open-data.s3.amazonaws.com/photos/301903462/original.jpeg; https://inaturalist-open-data.s3.amazonaws.com/photos/301903516/original.jpeg; https://inaturalist-open-data.s3.amazonaws.com/photos/301903546/original.jpeg; https://inaturalist-open-data.s3.amazonaws.com/photos/301903648/original.jpeg; https://inaturalist-open-data.s3.amazonaws.com/photos/301903699/original.jpeg,k-brazil,2024-10-22 05:56:06
original_4165511491_1.jpeg,Unknown,Unknown,0,"Thalurania glaucopis (J.F.Gmelin, 1788)",2476548,-19.98977,-40.606324,203.0,SOUTH_AMERICA,Espírito Santo,,,,2023-05-30T12:17,False,Rafaela Marques Coelho,iNaturalist,http://creativecommons.org/licenses/by-nc/4.0/,Rafaela Marques Coelho,https://inaturalist-open-data.s3.amazonaws.com/photos/285188603/original.jpeg,k-brazil,2024-10-22 05:56:10
original_4165684028_1.jpg,5415377,Ruellia brevifolia,0.218,"Thalurania glaucopis (J.F.Gmelin, 1788)",2476548,-25.454212,-54.585191,205.0,SOUTH_AMERICA,Paraná,,,,2008-06-14T11:56,False,wilsonpni,iNaturalist,http://creativecommons.org/licenses/by-nc/4.0/,wilsonpni,https://inaturalist-open-data.s3.amazonaws.com/photos/302931075/original.jpg; https://inaturalist-open-data.s3.amazonaws.com/photos/302931189/original.jpg; https://inaturalist-open-data.s3.amazonaws.com/photos/302931222/original.jpg,k-southern-south-america,2024-10-22 05:56:14
original_4165684028_2.jpg,5415377,Ruellia brevifolia,1.7080000000000002,"Thalurania glaucopis (J.F.Gmelin, 1788)",2476548,-25.454212,-54.585191,205.0,SOUTH_AMERICA,Paraná,,,,2008-06-14T11:56,False,wilsonpni,iNaturalist,http://creativecommons.org/licenses/by-nc/4.0/,wilsonpni,https://inaturalist-open-data.s3.amazonaws.com/photos/302931075/original.jpg; https://inaturalist-open-data.s3.amazonaws.com/photos/302931189/original.jpg; https://inaturalist-open-data.s3.amazonaws.com/photos/302931222/original.jpg,k-southern-south-america,2024-10-22 05:56:16
original_4165684028_3.jpg,8162439,Callianthe striata,0.379,"Thalurania glaucopis (J.F.Gmelin, 1788)",2476548,-25.454212,-54.585191,205.0,SOUTH_AMERICA,Paraná,,,,2008-06-14T11:56,False,wilsonpni,iNaturalist,http://creativecommons.org/licenses/by-nc/4.0/,wilsonpni,https://inaturalist-open-data.s3.amazonaws.com/photos/302931075/original.jpg; https://inaturalist-open-data.s3.amazonaws.com/photos/302931189/original.jpg; https://inaturalist-open-data.s3.amazonaws.com/photos/302931222/original.jpg,k-southern-south-america,2024-10-22 05:56:18
original_4171226480_3.jpeg,3181064,Campomanesia xanthocarpa,3.0669999999999997,"Thalurania glaucopis (J.F.Gmelin, 1788)",2476548,-25.396979,-49.283544,224.0,SOUTH_AMERICA,Paraná,,,,2022-10-13T12:31:29,False,Clarice Dorocinski,iNaturalist,http://creativecommons.org/licenses/by-nc/4.0/,Clarice Dorocinski,https://inaturalist-open-data.s3.amazonaws.com/photos/237024011/original.jpeg; https://inaturalist-open-data.s3.amazonaws.com/photos/237024044/original.jpeg; https://inaturalist-open-data.s3.amazonaws.com/photos/237024067/original.jpeg; https://inaturalist-open-data.s3.amazonaws.com/photos/237024096/original.jpeg,k-brazil,2024-10-22 05:56:25
original_4171226480_4.jpeg,3770188,Justicia carnea,77.97500000000001,"Thalurania glaucopis (J.F.Gmelin, 1788)",2476548,-25.396979,-49.283544,224.0,SOUTH_AMERICA,Paraná,,,,2022-10-13T12:31:29,False,Clarice Dorocinski,iNaturalist,http://creativecommons.org/licenses/by-nc/4.0/,Clarice Dorocinski,https://inaturalist-open-data.s3.amazonaws.com/photos/237024011/original.jpeg; https://inaturalist-open-data.s3.amazonaws.com/photos/237024044/original.jpeg; https://inaturalist-open-data.s3.amazonaws.com/photos/237024067/original.jpeg; https://inaturalist-open-data.s3.amazonaws.com/photos/237024096/original.jpeg,k-brazil,2024-10-22 05:56:27
original_4171226652_1.jpg,2907406,Chiococca alba,2.049,"Thalurania glaucopis (J.F.Gmelin, 1788)",2476548,-25.607172,-54.565601,3654.0,SOUTH_AMERICA,Misiones,,,,2018-02-16T16:02:15,False,simso,iNaturalist,http://creativecommons.org/licenses/by-nc/4.0/,simso,https://inaturalist-open-data.s3.amazonaws.com/photos/294948441/original.jpg,k-southern-south-america,2024-10-22 05:56:29
original_4171337007_1.jpg,8220878,Callianthe megapotamica,0.17099999999999999,"Thalurania glaucopis (J.F.Gmelin, 1788)",2476548,-19.907322,-40.553233,10.0,SOUTH_AMERICA,Espírito Santo,,,,2023-07-25T14:45:11,False,Claudio Novaes,iNaturalist,http://creativecommons.org/licenses/by-nc/4.0/,Claudio Novaes,https://inaturalist-open-data.s3.amazonaws.com/photos/304141750/original.jpg; https://inaturalist-open-data.s3.amazonaws.com/photos/304141780/original.jpg,k-brazil,2024-10-22 05:56:32
original_4171337007_2.jpg,3150256,Pseudogynoxys chenopodioides,0.183,"Thalurania glaucopis (J.F.Gmelin, 1788)",2476548,-19.907322,-40.553233,10.0,SOUTH_AMERICA,Espírito Santo,,,,2023-07-25T14:45:11,False,Claudio Novaes,iNaturalist,http://creativecommons.org/licenses/by-nc/4.0/,Claudio Novaes,https://inaturalist-open-data.s3.amazonaws.com/photos/304141750/original.jpg; https://inaturalist-open-data.s3.amazonaws.com/photos/304141780/original.jpg,k-brazil,2024-10-22 05:56:34
original_4171418500_1.jpg,3083180,Bertholletia excelsa,9.297,"Thalurania glaucopis (J.F.Gmelin, 1788)",2476548,-22.297245,-44.466083,8.0,SOUTH_AMERICA,Rio de Janeiro,,,,2022-07-18T16:29,False,Reinaldo Oliveira Elias,iNaturalist,http://creativecommons.org/licenses/by/4.0/,Reinaldo Oliveira Elias,https://inaturalist-open-data.s3.amazonaws.com/photos/218550565/original.jpg; https://inaturalist-open-data.s3.amazonaws.com/photos/218550728/original.jpg; https://inaturalist-open-data.s3.amazonaws.com/photos/218550949/original.jpg; https://inaturalist-open-data.s3.amazonaws.com/photos/218551046/original.jpg; https://inaturalist-open-data.s3.amazonaws.com/photos/218551150/original.jpg; https://inaturalist-open-data.s3.amazonaws.com/photos/218551265/original.jpg; https://inaturalist-open-data.s3.amazonaws.com/photos/218551368/original.jpg,k-brazil,2024-10-22 05:56:39
original_4171418500_4.jpg,3083180,Bertholletia excelsa,1.733,"Thalurania glaucopis (J.F.Gmelin, 1788)",2476548,-22.297245,-44.466083,8.0,SOUTH_AMERICA,Rio de Janeiro,,,,2022-07-18T16:29,False,Reinaldo Oliveira Elias,iNaturalist,http://creativecommons.org/licenses/by/4.0/,Reinaldo Oliveira Elias,https://inaturalist-open-data.s3.amazonaws.com/photos/218550565/original.jpg; https://inaturalist-open-data.s3.amazonaws.com/photos/218550728/original.jpg; https://inaturalist-open-data.s3.amazonaws.com/photos/218550949/original.jpg; https://inaturalist-open-data.s3.amazonaws.com/photos/218551046/original.jpg; https://inaturalist-open-data.s3.amazonaws.com/photos/218551150/original.jpg; https://inaturalist-open-data.s3.amazonaws.com/photos/218551265/original.jpg; https://inaturalist-open-data.s3.amazonaws.com/photos/218551368/original.jpg,k-brazil,2024-10-22 05:56:46
original_4171418500_6.jpg,5289624,Chloris virgata,2.4219999999999997,"Thalurania glaucopis (J.F.Gmelin, 1788)",2476548,-22.297245,-44.466083,8.0,SOUTH_AMERICA,Rio de Janeiro,,,,2022-07-18T16:29,False,Reinaldo Oliveira Elias,iNaturalist,http://creativecommons.org/licenses/by/4.0/,Reinaldo Oliveira Elias,https://inaturalist-open-data.s3.amazonaws.com/photos/218550565/original.jpg; https://inaturalist-open-data.s3.amazonaws.com/photos/218550728/original.jpg; https://inaturalist-open-data.s3.amazonaws.com/photos/218550949/original.jpg; https://inaturalist-open-data.s3.amazonaws.com/photos/218551046/original.jpg; https://inaturalist-open-data.s3.amazonaws.com/photos/218551150/original.jpg; https://inaturalist-open-data.s3.amazonaws.com/photos/218551265/original.jpg; https://inaturalist-open-data.s3.amazonaws.com/photos/218551368/original.jpg,k-brazil,2024-10-22 05:56:52
original_4171459064_1.jpg,5349719,Erythrina crista-galli,56.75,"Thalurania glaucopis (J.F.Gmelin, 1788)",2476548,-25.681994,-54.447411,91.0,SOUTH_AMERICA,Misiones,,,,2005-10-24T13:37,False,wilsonpni,iNaturalist,http://creativecommons.org/licenses/by-nc/4.0/,wilsonpni,https://inaturalist-open-data.s3.amazonaws.com/photos/304736390/original.jpg,k-southern-south-america,2024-10-22 05:56:57
original_4171610277_1.jpeg,2903524,Isertia spiciformis,0.49,"Thalurania glaucopis (J.F.Gmelin, 1788)",2476548,-29.657266,-53.914352,122.0,SOUTH_AMERICA,Rio Grande do Sul,,,,2023-07-28T15:19,False,Frank Thomas Sautter,iNaturalist,http://creativecommons.org/licenses/by-nc/4.0/,Frank Thomas Sautter,https://inaturalist-open-data.s3.amazonaws.com/photos/304884975/original.jpeg,k-brazil,2024-10-22 05:57:00
original_4171729360_1.jpeg,2781165,Lapageria rosea,1.505,"Thalurania glaucopis (J.F.Gmelin, 1788)",2476548,-25.600326,-54.568596,198.0,SOUTH_AMERICA,Misiones,,,,2014-06-21T17:25,False,Gonzalo Diaz,iNaturalist,http://creativecommons.org/licenses/by-nc/4.0/,Gonzalo Diaz,https://inaturalist-open-data.s3.amazonaws.com/photos/159408859/original.jpeg,k-southern-south-america,2024-10-22 05:57:02
original_4171959339_1.jpg,5406679,Sterculia apetala,42.148,"Thalurania glaucopis (J.F.Gmelin, 1788)",2476548,-21.74361,-46.687071,8.0,SOUTH_AMERICA,São Paulo,,,,2023-08-05T16:17,False,Pedro Lotti Carvalho Dias,iNaturalist,http://creativecommons.org/licenses/by-nc/4.0/,Pedro Lotti Carvalho Dias,https://inaturalist-open-data.s3.amazonaws.com/photos/307873471/original.jpg; https://inaturalist-open-data.s3.amazonaws.com/photos/307875893/original.jpg; https://inaturalist-open-data.s3.amazonaws.com/photos/307875912/original.jpg; https://inaturalist-open-data.s3.amazonaws.com/photos/307875925/original.jpg,k-brazil,2024-10-22 05:57:05
original_4171959339_2.jpg,5406679,Sterculia apetala,2.916,"Thalurania glaucopis (J.F.Gmelin, 1788)",2476548,-21.74361,-46.687071,8.0,SOUTH_AMERICA,São Paulo,,,,2023-08-05T16:17,False,Pedro Lotti Carvalho Dias,iNaturalist,http://creativecommons.org/licenses/by-nc/4.0/,Pedro Lotti Carvalho Dias,https://inaturalist-open-data.s3.amazonaws.com/photos/307873471/original.jpg; https://inaturalist-open-data.s3.amazonaws.com/photos/307875893/original.jpg; https://inaturalist-open-data.s3.amazonaws.com/photos/307875912/original.jpg; https://inaturalist-open-data.s3.amazonaws.com/photos/307875925/original.jpg,k-brazil,2024-10-22 05:57:07
original_4171959339_3.jpg,2950750,Hymenaea courbaril,3.579,"Thalurania glaucopis (J.F.Gmelin, 1788)",2476548,-21.74361,-46.687071,8.0,SOUTH_AMERICA,São Paulo,,,,2023-08-05T16:17,False,Pedro Lotti Carvalho Dias,iNaturalist,http://creativecommons.org/licenses/by-nc/4.0/,Pedro Lotti Carvalho Dias,https://inaturalist-open-data.s3.amazonaws.com/photos/307873471/original.jpg; https://inaturalist-open-data.s3.amazonaws.com/photos/307875893/original.jpg; https://inaturalist-open-data.s3.amazonaws.com/photos/307875912/original.jpg; https://inaturalist-open-data.s3.amazonaws.com/photos/307875925/original.jpg,k-brazil,2024-10-22 05:57:09
original_4171959339_4.jpg,5406679,Sterculia apetala,10.279,"Thalurania glaucopis (J.F.Gmelin, 1788)",2476548,-21.74361,-46.687071,8.0,SOUTH_AMERICA,São Paulo,,,,2023-08-05T16:17,False,Pedro Lotti Carvalho Dias,iNaturalist,http://creativecommons.org/licenses/by-nc/4.0/,Pedro Lotti Carvalho Dias,https://inaturalist-open-data.s3.amazonaws.com/photos/307873471/original.jpg; https://inaturalist-open-data.s3.amazonaws.com/photos/307875893/original.jpg; https://inaturalist-open-data.s3.amazonaws.com/photos/307875912/original.jpg; https://inaturalist-open-data.s3.amazonaws.com/photos/307875925/original.jpg,k-brazil,2024-10-22 05:57:11
original_4172030558_1.jpeg,2792457,Polystachya concreta,1.3719999999999999,"Thalurania glaucopis (J.F.Gmelin, 1788)",2476548,-25.600326,-54.568596,88.0,SOUTH_AMERICA,Misiones,,,,2023-07-24T17:17,False,demianlescano,iNaturalist,http://creativecommons.org/licenses/by-nc/4.0/,demianlescano,https://inaturalist-open-data.s3.amazonaws.com/photos/306261304/original.jpeg,k-southern-south-america,2024-10-22 05:57:13
original_4176931074_1.jpeg,5321877,Ionopsis utricularioides,15.76,"Thalurania glaucopis (J.F.Gmelin, 1788)",2476548,-24.267328,-48.411748,,SOUTH_AMERICA,São Paulo,,,,2023-07-09T22:06,False,Manuel Ruedi,iNaturalist,http://creativecommons.org/licenses/by-nc/4.0/,Manuel Ruedi,https://inaturalist-open-data.s3.amazonaws.com/photos/308790908/original.jpeg,k-brazil,2024-10-22 05:57:16
original_4177361331_1.jpg,3152597,Hibiscus striatus,1.8319999999999999,"Thalurania glaucopis (J.F.Gmelin, 1788)",2476548,-21.830859,-43.188417,22.0,SOUTH_AMERICA,Minas Gerais,,,,2023-08-06T07:54:23,False,Conrado Pável de Oliveira,iNaturalist,http://creativecommons.org/licenses/by-nc/4.0/,Conrado Pável de Oliveira,https://inaturalist-open-data.s3.amazonaws.com/photos/310021485/original.jpg,k-brazil,2024-10-22 05:57:26
original_4177530253_1.jpg,7309398,Vitex megapotamica,3.05,"Thalurania glaucopis (J.F.Gmelin, 1788)",2476548,-20.316862,-41.134771,4132.0,SOUTH_AMERICA,Espírito Santo,,,,2023-08-12T10:30,False,maisetavares,iNaturalist,http://creativecommons.org/licenses/by-nc/4.0/,maisetavares,https://inaturalist-open-data.s3.amazonaws.com/photos/310700409/original.jpg; https://inaturalist-open-data.s3.amazonaws.com/photos/310700428/original.jpg; https://inaturalist-open-data.s3.amazonaws.com/photos/310700443/original.jpg,k-brazil,2024-10-22 05:57:32
original_4177530253_2.jpg,3169418,Myrsine coriacea,1.247,"Thalurania glaucopis (J.F.Gmelin, 1788)",2476548,-20.316862,-41.134771,4132.0,SOUTH_AMERICA,Espírito Santo,,,,2023-08-12T10:30,False,maisetavares,iNaturalist,http://creativecommons.org/licenses/by-nc/4.0/,maisetavares,https://inaturalist-open-data.s3.amazonaws.com/photos/310700409/original.jpg; https://inaturalist-open-data.s3.amazonaws.com/photos/310700428/original.jpg; https://inaturalist-open-data.s3.amazonaws.com/photos/310700443/original.jpg,k-brazil,2024-10-22 05:57:34
original_4177530253_3.jpg,2694745,Tillandsia complanata,1.913,"Thalurania glaucopis (J.F.Gmelin, 1788)",2476548,-20.316862,-41.134771,4132.0,SOUTH_AMERICA,Espírito Santo,,,,2023-08-12T10:30,False,maisetavares,iNaturalist,http://creativecommons.org/licenses/by-nc/4.0/,maisetavares,https://inaturalist-open-data.s3.amazonaws.com/photos/310700409/original.jpg; https://inaturalist-open-data.s3.amazonaws.com/photos/310700428/original.jpg; https://inaturalist-open-data.s3.amazonaws.com/photos/310700443/original.jpg,k-brazil,2024-10-22 05:57:36
original_4400349775_1.jpeg,5354953,Machaerium aculeatum,1.147,"Thalurania glaucopis (J.F.Gmelin, 1788)",2476548,-22.441106,-44.608359,28.0,SOUTH_AMERICA,Rio de Janeiro,,,,2023-07-21T15:30,False,Nicolas Olejnik,iNaturalist,http://creativecommons.org/licenses/by-nc/4.0/,Nicolas Olejnik,https://inaturalist-open-data.s3.amazonaws.com/photos/311980543/original.jpeg; https://inaturalist-open-data.s3.amazonaws.com/photos/311980556/original.jpeg,k-brazil,2024-10-22 05:57:39
original_4400415168_1.jpeg,5321877,Ionopsis utricularioides,2.77,"Thalurania glaucopis (J.F.Gmelin, 1788)",2476548,-23.776955,-46.301333,7171.0,SOUTH_AMERICA,São Paulo,,,,2023-08-19T12:29,False,Bruno Henrique Aranda,iNaturalist,http://creativecommons.org/licenses/by/4.0/,Bruno Henrique Aranda,https://inaturalist-open-data.s3.amazonaws.com/photos/311971693/original.jpeg,k-brazil,2024-10-22 05:57:43
original_4405068176_1.jpeg,3083180,Bertholletia excelsa,5.583,"Thalurania glaucopis (J.F.Gmelin, 1788)",2476548,-22.252161,-45.70374,2951.0,SOUTH_AMERICA,Minas Gerais,,,,2023-08-24T16:54:11,False,Júlio César de Souza,iNaturalist,http://creativecommons.org/licenses/by-nc/4.0/,Júlio César de Souza,https://inaturalist-open-data.s3.amazonaws.com/photos/313556545/original.jpeg,k-brazil,2024-10-22 05:57:46
original_4405325933_1.jpeg,Unknown,Unknown,0,"Thalurania glaucopis (J.F.Gmelin, 1788)",2476548,-23.584721,-46.882275,209.0,SOUTH_AMERICA,São Paulo,,,,2023-08-25T16:01:17,False,Felipe Andreucci,iNaturalist,http://creativecommons.org/licenses/by-nc/4.0/,Felipe Andreucci,https://inaturalist-open-data.s3.amazonaws.com/photos/313822038/original.jpeg,k-brazil,2024-10-22 05:57:48
original_4405405547_1.jpg,5349528,Erythrina speciosa,31.295,"Thalurania glaucopis (J.F.Gmelin, 1788)",2476548,-24.365922,-47.012204,4.0,SOUTH_AMERICA,São Paulo,,,,2023-08-02,False,Luciano Bernardes,iNaturalist,http://creativecommons.org/licenses/by-nc/4.0/,Luciano Bernardes,https://inaturalist-open-data.s3.amazonaws.com/photos/313435418/original.jpg,k-brazil,2024-10-22 05:57:51
original_4405427577_1.jpg,3937390,Malvaviscus concinnus,0.27299999999999996,"Thalurania glaucopis (J.F.Gmelin, 1788)",2476548,-24.365922,-47.012204,4.0,SOUTH_AMERICA,São Paulo,,,,2023-08-02,False,Luciano Bernardes,iNaturalist,http://creativecommons.org/licenses/by-nc/4.0/,Luciano Bernardes,https://inaturalist-open-data.s3.amazonaws.com/photos/313435443/original.jpg; https://inaturalist-open-data.s3.amazonaws.com/photos/313435453/original.jpg,k-brazil,2024-10-22 05:57:56
original_4405427577_2.jpg,3937390,Malvaviscus concinnus,1.075,"Thalurania glaucopis (J.F.Gmelin, 1788)",2476548,-24.365922,-47.012204,4.0,SOUTH_AMERICA,São Paulo,,,,2023-08-02,False,Luciano Bernardes,iNaturalist,http://creativecommons.org/licenses/by-nc/4.0/,Luciano Bernardes,https://inaturalist-open-data.s3.amazonaws.com/photos/313435443/original.jpg; https://inaturalist-open-data.s3.amazonaws.com/photos/313435453/original.jpg,k-brazil,2024-10-22 05:57:59
original_4405598350_1.jpeg,3795445,Vachellia macracantha,4.009,"Thalurania glaucopis (J.F.Gmelin, 1788)",2476548,-21.830809,-43.188534,4.0,SOUTH_AMERICA,Minas Gerais,,,,2023-08-06T07:37,False,Conrado Pável de Oliveira,iNaturalist,http://creativecommons.org/licenses/by-nc/4.0/,Conrado Pável de Oliveira,https://inaturalist-open-data.s3.amazonaws.com/photos/314490156/original.jpeg,k-brazil,2024-10-22 05:58:03
original_4407395869_1.jpg,2932884,Solanum schlechtendalianum,7.720000000000001,"Thalurania glaucopis (J.F.Gmelin, 1788)",2476548,-23.776955,-46.301333,7171.0,SOUTH_AMERICA,São Paulo,,,,2023-09-02T12:58,False,Renato Machado de Sobral,iNaturalist,http://creativecommons.org/licenses/by-nc/4.0/,Renato Machado de Sobral,https://inaturalist-open-data.s3.amazonaws.com/photos/316856515/original.jpg; https://inaturalist-open-data.s3.amazonaws.com/photos/316856523/original.jpg,k-brazil,2024-10-22 05:58:06
original_4407395869_2.jpg,2932884,Solanum schlechtendalianum,5.787,"Thalurania glaucopis (J.F.Gmelin, 1788)",2476548,-23.776955,-46.301333,7171.0,SOUTH_AMERICA,São Paulo,,,,2023-09-02T12:58,False,Renato Machado de Sobral,iNaturalist,http://creativecommons.org/licenses/by-nc/4.0/,Renato Machado de Sobral,https://inaturalist-open-data.s3.amazonaws.com/photos/316856515/original.jpg; https://inaturalist-open-data.s3.amazonaws.com/photos/316856523/original.jpg,k-brazil,2024-10-22 05:58:09
original_4413620112_1.jpeg,2982058,Calliandra tweediei,1.765,"Thalurania glaucopis (J.F.Gmelin, 1788)",2476548,-22.216676,-45.962737,148.0,SOUTH_AMERICA,Minas Gerais,,,,2023-09-03T10:02,False,Lu_Costa0808,iNaturalist,http://creativecommons.org/licenses/by-nc/4.0/,Lu_Costa0808,https://inaturalist-open-data.s3.amazonaws.com/photos/318536641/original.jpeg,k-brazil,2024-10-22 05:58:11
original_4413819231_1.jpeg,3587076,Passiflora miniata,0.659,"Thalurania glaucopis (J.F.Gmelin, 1788)",2476548,-22.971944,-43.224922,15.0,SOUTH_AMERICA,Rio de Janeiro,,,,2023-09-09T15:08,False,claudia_mermelstein,iNaturalist,http://creativecommons.org/licenses/by-nc/4.0/,claudia_mermelstein,https://inaturalist-open-data.s3.amazonaws.com/photos/318237343/original.jpeg; https://inaturalist-open-data.s3.amazonaws.com/photos/318237364/original.jpeg; https://inaturalist-open-data.s3.amazonaws.com/photos/318237394/original.jpeg; https://inaturalist-open-data.s3.amazonaws.com/photos/318237403/original.jpeg; https://inaturalist-open-data.s3.amazonaws.com/photos/318237439/original.jpeg,k-brazil,2024-10-22 05:58:17
original_4413819231_2.jpeg,2889355,Antigonon leptopus,0.326,"Thalurania glaucopis (J.F.Gmelin, 1788)",2476548,-22.971944,-43.224922,15.0,SOUTH_AMERICA,Rio de Janeiro,,,,2023-09-09T15:08,False,claudia_mermelstein,iNaturalist,http://creativecommons.org/licenses/by-nc/4.0/,claudia_mermelstein,https://inaturalist-open-data.s3.amazonaws.com/photos/318237343/original.jpeg; https://inaturalist-open-data.s3.amazonaws.com/photos/318237364/original.jpeg; https://inaturalist-open-data.s3.amazonaws.com/photos/318237394/original.jpeg; https://inaturalist-open-data.s3.amazonaws.com/photos/318237403/original.jpeg; https://inaturalist-open-data.s3.amazonaws.com/photos/318237439/original.jpeg,k-brazil,2024-10-22 05:58:19
original_4413819231_3.jpeg,2889355,Antigonon leptopus,0.10200000000000001,"Thalurania glaucopis (J.F.Gmelin, 1788)",2476548,-22.971944,-43.224922,15.0,SOUTH_AMERICA,Rio de Janeiro,,,,2023-09-09T15:08,False,claudia_mermelstein,iNaturalist,http://creativecommons.org/licenses/by-nc/4.0/,claudia_mermelstein,https://inaturalist-open-data.s3.amazonaws.com/photos/318237343/original.jpeg; https://inaturalist-open-data.s3.amazonaws.com/photos/318237364/original.jpeg; https://inaturalist-open-data.s3.amazonaws.com/photos/318237394/original.jpeg; https://inaturalist-open-data.s3.amazonaws.com/photos/318237403/original.jpeg; https://inaturalist-open-data.s3.amazonaws.com/photos/318237439/original.jpeg,k-brazil,2024-10-22 05:58:21
original_4413819231_4.jpeg,Unknown,Unknown,0,"Thalurania glaucopis (J.F.Gmelin, 1788)",2476548,-22.971944,-43.224922,15.0,SOUTH_AMERICA,Rio de Janeiro,,,,2023-09-09T15:08,False,claudia_mermelstein,iNaturalist,http://creativecommons.org/licenses/by-nc/4.0/,claudia_mermelstein,https://inaturalist-open-data.s3.amazonaws.com/photos/318237343/original.jpeg; https://inaturalist-open-data.s3.amazonaws.com/photos/318237364/original.jpeg; https://inaturalist-open-data.s3.amazonaws.com/photos/318237394/original.jpeg; https://inaturalist-open-data.s3.amazonaws.com/photos/318237403/original.jpeg; https://inaturalist-open-data.s3.amazonaws.com/photos/318237439/original.jpeg,k-brazil,2024-10-22 05:58:24
original_4413819231_5.jpeg,2889355,Antigonon leptopus,0.592,"Thalurania glaucopis (J.F.Gmelin, 1788)",2476548,-22.971944,-43.224922,15.0,SOUTH_AMERICA,Rio de Janeiro,,,,2023-09-09T15:08,False,claudia_mermelstein,iNaturalist,http://creativecommons.org/licenses/by-nc/4.0/,claudia_mermelstein,https://inaturalist-open-data.s3.amazonaws.com/photos/318237343/original.jpeg; https://inaturalist-open-data.s3.amazonaws.com/photos/318237364/original.jpeg; https://inaturalist-open-data.s3.amazonaws.com/photos/318237394/original.jpeg; https://inaturalist-open-data.s3.amazonaws.com/photos/318237403/original.jpeg; https://inaturalist-open-data.s3.amazonaws.com/photos/318237439/original.jpeg,k-brazil,2024-10-22 05:58:26
original_4413844721_1.jpeg,3580118,Araujia angustifolia,1.163,"Thalurania glaucopis (J.F.Gmelin, 1788)",2476548,-26.937715,-54.434214,179033.0,SOUTH_AMERICA,Misiones,,,,2022-10-21T06:42,False,sofiaseg,iNaturalist,http://creativecommons.org/licenses/by-nc/4.0/,sofiaseg,https://inaturalist-open-data.s3.amazonaws.com/photos/317511688/original.jpeg,k-southern-south-america,2024-10-22 05:58:28
original_4414115327_1.jpeg,Unknown,Unknown,0,"Thalurania glaucopis (J.F.Gmelin, 1788)",2476548,-22.216881,-45.962797,139.0,SOUTH_AMERICA,Minas Gerais,,,,2023-09-03T10:32,False,Lu_Costa0808,iNaturalist,http://creativecommons.org/licenses/by-nc/4.0/,Lu_Costa0808,https://inaturalist-open-data.s3.amazonaws.com/photos/318537498/original.jpeg,k-brazil,2024-10-22 05:58:33
original_4414161380_1.jpg,3082562,Couroupita guianensis,14.806,"Thalurania glaucopis (J.F.Gmelin, 1788)",2476548,-20.406867,-41.720617,12.0,SOUTH_AMERICA,Espírito Santo,,,,2023-09-09T10:12:41,False,Claudio Novaes,iNaturalist,http://creativecommons.org/licenses/by-nc/4.0/,Claudio Novaes,https://inaturalist-open-data.s3.amazonaws.com/photos/318511106/original.jpg; https://inaturalist-open-data.s3.amazonaws.com/photos/318511134/original.jpg; https://inaturalist-open-data.s3.amazonaws.com/photos/318511155/original.jpg,k-brazil,2024-10-22 05:58:35
original_4414161380_2.jpg,3082562,Couroupita guianensis,2.988,"Thalurania glaucopis (J.F.Gmelin, 1788)",2476548,-20.406867,-41.720617,12.0,SOUTH_AMERICA,Espírito Santo,,,,2023-09-09T10:12:41,False,Claudio Novaes,iNaturalist,http://creativecommons.org/licenses/by-nc/4.0/,Claudio Novaes,https://inaturalist-open-data.s3.amazonaws.com/photos/318511106/original.jpg; https://inaturalist-open-data.s3.amazonaws.com/photos/318511134/original.jpg; https://inaturalist-open-data.s3.amazonaws.com/photos/318511155/original.jpg,k-brazil,2024-10-22 05:58:37
original_4416855054_1.jpeg,3054262,Crateva tapia,17.741,"Thalurania glaucopis (J.F.Gmelin, 1788)",2476548,-23.594172,-45.428223,7.0,SOUTH_AMERICA,São Paulo,,,,2023-09-21T11:12:23,False,Ian.M.M,iNaturalist,http://creativecommons.org/licenses/by-nc/4.0/,Ian.M.M,https://inaturalist-open-data.s3.amazonaws.com/photos/321621116/original.jpeg; https://inaturalist-open-data.s3.amazonaws.com/photos/321621140/original.jpeg; https://inaturalist-open-data.s3.amazonaws.com/photos/321621194/original.jpeg; https://inaturalist-open-data.s3.amazonaws.com/photos/321622528/original.jpeg,k-brazil,2024-10-22 05:58:42
original_4416855054_3.jpeg,2694600,Tillandsia fendleri,4.201,"Thalurania glaucopis (J.F.Gmelin, 1788)",2476548,-23.594172,-45.428223,7.0,SOUTH_AMERICA,São Paulo,,,,2023-09-21T11:12:23,False,Ian.M.M,iNaturalist,http://creativecommons.org/licenses/by-nc/4.0/,Ian.M.M,https://inaturalist-open-data.s3.amazonaws.com/photos/321621116/original.jpeg; https://inaturalist-open-data.s3.amazonaws.com/photos/321621140/original.jpeg; https://inaturalist-open-data.s3.amazonaws.com/photos/321621194/original.jpeg; https://inaturalist-open-data.s3.amazonaws.com/photos/321622528/original.jpeg,k-brazil,2024-10-22 05:58:46
original_4416855054_4.jpeg,3155130,Desmos chinensis,18.159,"Thalurania glaucopis (J.F.Gmelin, 1788)",2476548,-23.594172,-45.428223,7.0,SOUTH_AMERICA,São Paulo,,,,2023-09-21T11:12:23,False,Ian.M.M,iNaturalist,http://creativecommons.org/licenses/by-nc/4.0/,Ian.M.M,https://inaturalist-open-data.s3.amazonaws.com/photos/321621116/original.jpeg; https://inaturalist-open-data.s3.amazonaws.com/photos/321621140/original.jpeg; https://inaturalist-open-data.s3.amazonaws.com/photos/321621194/original.jpeg; https://inaturalist-open-data.s3.amazonaws.com/photos/321622528/original.jpeg,k-brazil,2024-10-22 05:58:50
original_4416952538_1.jpeg,3190533,Schinopsis balansae,3.041,"Thalurania glaucopis (J.F.Gmelin, 1788)",2476548,-29.393025,-50.380619,206.0,SOUTH_AMERICA,Rio Grande do Sul,,,,2023-09-23T15:51:40,False,Danielly Cortes,iNaturalist,http://creativecommons.org/licenses/by-nc/4.0/,Danielly Cortes,https://inaturalist-open-data.s3.amazonaws.com/photos/322245192/original.jpeg; https://inaturalist-open-data.s3.amazonaws.com/photos/322245368/original.jpeg,k-brazil,2024-10-22 05:58:55
original_4416952538_2.jpeg,3169679,Hancornia speciosa,2.638,"Thalurania glaucopis (J.F.Gmelin, 1788)",2476548,-29.393025,-50.380619,206.0,SOUTH_AMERICA,Rio Grande do Sul,,,,2023-09-23T15:51:40,False,Danielly Cortes,iNaturalist,http://creativecommons.org/licenses/by-nc/4.0/,Danielly Cortes,https://inaturalist-open-data.s3.amazonaws.com/photos/322245192/original.jpeg; https://inaturalist-open-data.s3.amazonaws.com/photos/322245368/original.jpeg,k-brazil,2024-10-22 05:58:58
original_4417138881_1.jpeg,5406093,Montanoa bipinnatifida,27.345999999999997,"Thalurania glaucopis (J.F.Gmelin, 1788)",2476548,-27.199334,-54.017182,244.0,SOUTH_AMERICA,Misiones,,,,2019-12-01T10:25,False,Ricardo D. Moyano,iNaturalist,http://creativecommons.org/licenses/by-nc/4.0/,Ricardo D. Moyano,https://inaturalist-open-data.s3.amazonaws.com/photos/322280421/original.jpeg; https://inaturalist-open-data.s3.amazonaws.com/photos/322280461/original.jpeg; https://inaturalist-open-data.s3.amazonaws.com/photos/322280472/original.jpeg,k-southern-south-america,2024-10-22 05:59:06
original_4417138881_2.jpeg,5406093,Montanoa bipinnatifida,11.522,"Thalurania glaucopis (J.F.Gmelin, 1788)",2476548,-27.199334,-54.017182,244.0,SOUTH_AMERICA,Misiones,,,,2019-12-01T10:25,False,Ricardo D. Moyano,iNaturalist,http://creativecommons.org/licenses/by-nc/4.0/,Ricardo D. Moyano,https://inaturalist-open-data.s3.amazonaws.com/photos/322280421/original.jpeg; https://inaturalist-open-data.s3.amazonaws.com/photos/322280461/original.jpeg; https://inaturalist-open-data.s3.amazonaws.com/photos/322280472/original.jpeg,k-southern-south-america,2024-10-22 05:59:08
original_4417138881_3.jpeg,5406093,Montanoa bipinnatifida,6.299,"Thalurania glaucopis (J.F.Gmelin, 1788)",2476548,-27.199334,-54.017182,244.0,SOUTH_AMERICA,Misiones,,,,2019-12-01T10:25,False,Ricardo D. Moyano,iNaturalist,http://creativecommons.org/licenses/by-nc/4.0/,Ricardo D. Moyano,https://inaturalist-open-data.s3.amazonaws.com/photos/322280421/original.jpeg; https://inaturalist-open-data.s3.amazonaws.com/photos/322280461/original.jpeg; https://inaturalist-open-data.s3.amazonaws.com/photos/322280472/original.jpeg,k-southern-south-america,2024-10-22 05:59:10
original_4417156569_1.jpg,3021440,Prunus myrtifolia,0.128,"Thalurania glaucopis (J.F.Gmelin, 1788)",2476548,-23.489413,-46.147768,4778.0,SOUTH_AMERICA,São Paulo,,,,2023-09-25T15:36:14,False,roumazeilles,iNaturalist,http://creativecommons.org/licenses/by-nc/4.0/,roumazeilles,https://inaturalist-open-data.s3.amazonaws.com/photos/322819310/original.jpg,k-brazil,2024-10-22 05:59:14
original_4417156602_1.jpeg,2735459,Oenocarpus distichus,6.209,"Thalurania glaucopis (J.F.Gmelin, 1788)",2476548,-23.767946,-46.341673,186.0,SOUTH_AMERICA,São Paulo,,,,2023-09-23T10:18,False,Horacio Alberto Garcia,iNaturalist,http://creativecommons.org/licenses/by-nc/4.0/,Horacio Alberto Garcia,https://inaturalist-open-data.s3.amazonaws.com/photos/322879001/original.jpeg,k-brazil,2024-10-22 05:59:17
original_4420860601_1.jpeg,8334562,Maytenus floribunda,2.911,"Thalurania glaucopis (J.F.Gmelin, 1788)",2476548,-24.294766,-48.538815,156.0,SOUTH_AMERICA,São Paulo,,,,2023-08-26T08:34,False,Rob Gilbert,iNaturalist,http://creativecommons.org/licenses/by-nc/4.0/,Rob Gilbert,https://inaturalist-open-data.s3.amazonaws.com/photos/324313971/original.jpeg,k-brazil,2024-10-22 05:59:19
original_4420994136_2.jpg,3866517,Bellucia pentamera,10.666,"Thalurania glaucopis (J.F.Gmelin, 1788)",2476548,-23.234848,-46.970758,394.0,SOUTH_AMERICA,São Paulo,,,,2023-09-30T12:09:55,False,sandiamant,iNaturalist,http://creativecommons.org/licenses/by-nc/4.0/,sandiamant,https://inaturalist-open-data.s3.amazonaws.com/photos/324258371/original.jpg; https://inaturalist-open-data.s3.amazonaws.com/photos/324258391/original.jpg,k-brazil,2024-10-22 05:59:25
original_4424463042_1.jpeg,8185162,Symphonia globulifera,3.843,"Thalurania glaucopis (J.F.Gmelin, 1788)",2476548,-23.820123,-47.054379,2.0,SOUTH_AMERICA,São Paulo,,,,2023-07-02T10:34,False,miguelmagro,iNaturalist,http://creativecommons.org/licenses/by-nc/4.0/,miguelmagro,https://inaturalist-open-data.s3.amazonaws.com/photos/325499814/original.jpeg,k-brazil,2024-10-22 05:59:31
original_4424676888_1.jpg,3190638,Mangifera indica,4.17,"Thalurania glaucopis (J.F.Gmelin, 1788)",2476548,-19.937437,-40.600478,4.0,SOUTH_AMERICA,Espírito Santo,,,,2023-10-08T13:50:50,False,Claudio Novaes,iNaturalist,http://creativecommons.org/licenses/by-nc/4.0/,Claudio Novaes,https://inaturalist-open-data.s3.amazonaws.com/photos/326402649/original.jpg; https://inaturalist-open-data.s3.amazonaws.com/photos/326402669/original.jpg,k-brazil,2024-10-22 05:59:33
original_4424676888_2.jpg,2698468,Aechmea caudata,1.8530000000000002,"Thalurania glaucopis (J.F.Gmelin, 1788)",2476548,-19.937437,-40.600478,4.0,SOUTH_AMERICA,Espírito Santo,,,,2023-10-08T13:50:50,False,Claudio Novaes,iNaturalist,http://creativecommons.org/licenses/by-nc/4.0/,Claudio Novaes,https://inaturalist-open-data.s3.amazonaws.com/photos/326402649/original.jpg; https://inaturalist-open-data.s3.amazonaws.com/photos/326402669/original.jpg,k-brazil,2024-10-22 05:59:35
original_4430536147_1.jpg,4091431,Tabebuia roseoalba,16.549,"Thalurania glaucopis (J.F.Gmelin, 1788)",2476548,-22.428888,-42.180733,6.0,SOUTH_AMERICA,Rio de Janeiro,,,,2023-09-07T14:39:56,False,samuelbneves,iNaturalist,http://creativecommons.org/licenses/by-nc/4.0/,samuelbneves,https://inaturalist-open-data.s3.amazonaws.com/photos/327324312/original.jpg,k-brazil,2024-10-22 05:59:37
original_4430681265_1.jpg,5421063,Platonia insignis,0.8059999999999999,"Thalurania glaucopis (J.F.Gmelin, 1788)",2476548,-22.372787,-44.703964,387.0,SOUTH_AMERICA,Minas Gerais,,,,2018-07-17T06:34,False,Gerold Morrison,iNaturalist,http://creativecommons.org/licenses/by-nc/4.0/,Gerold Morrison,https://inaturalist-open-data.s3.amazonaws.com/photos/329572272/original.jpg,k-brazil,2024-10-22 05:59:40
original_4430999049_1.jpg,7297353,Lippia origanoides,12.152000000000001,"Thalurania glaucopis (J.F.Gmelin, 1788)",2476548,-22.43197,-44.615233,5.0,SOUTH_AMERICA,Rio de Janeiro,,,,2023-10-04T17:51:45,False,Chris Payne,iNaturalist,http://creativecommons.org/licenses/by-nc/4.0/,Chris Payne,https://inaturalist-open-data.s3.amazonaws.com/photos/327278056/original.jpg,k-brazil,2024-10-22 05:59:47
original_4431048105_1.jpg,7981652,Rhabdadenia biflora,2.937,"Thalurania glaucopis (J.F.Gmelin, 1788)",2476548,-22.904644,-43.45115,103.0,SOUTH_AMERICA,Rio de Janeiro,,,,2023-10-10T12:44,False,Diego Monsores,iNaturalist,http://creativecommons.org/licenses/by-nc/4.0/,Diego Monsores,https://inaturalist-open-data.s3.amazonaws.com/photos/328022724/original.jpg; https://inaturalist-open-data.s3.amazonaws.com/photos/328022752/original.jpg; https://inaturalist-open-data.s3.amazonaws.com/photos/328022774/original.jpg; https://inaturalist-open-data.s3.amazonaws.com/photos/328022777/original.jpg; https://inaturalist-open-data.s3.amazonaws.com/photos/328022816/original.jpg; https://inaturalist-open-data.s3.amazonaws.com/photos/328022826/original.jpg; https://inaturalist-open-data.s3.amazonaws.com/photos/328022830/original.jpg,k-brazil,2024-10-22 05:59:50
original_4431048105_3.jpg,3617234,Tabernaemontana grandiflora,2.806,"Thalurania glaucopis (J.F.Gmelin, 1788)",2476548,-22.904644,-43.45115,103.0,SOUTH_AMERICA,Rio de Janeiro,,,,2023-10-10T12:44,False,Diego Monsores,iNaturalist,http://creativecommons.org/licenses/by-nc/4.0/,Diego Monsores,https://inaturalist-open-data.s3.amazonaws.com/photos/328022724/original.jpg; https://inaturalist-open-data.s3.amazonaws.com/photos/328022752/original.jpg; https://inaturalist-open-data.s3.amazonaws.com/photos/328022774/original.jpg; https://inaturalist-open-data.s3.amazonaws.com/photos/328022777/original.jpg; https://inaturalist-open-data.s3.amazonaws.com/photos/328022816/original.jpg; https://inaturalist-open-data.s3.amazonaws.com/photos/328022826/original.jpg; https://inaturalist-open-data.s3.amazonaws.com/photos/328022830/original.jpg,k-brazil,2024-10-22 05:59:54
original_4431048105_5.jpg,2697985,Aechmea mertensii,2.912,"Thalurania glaucopis (J.F.Gmelin, 1788)",2476548,-22.904644,-43.45115,103.0,SOUTH_AMERICA,Rio de Janeiro,,,,2023-10-10T12:44,False,Diego Monsores,iNaturalist,http://creativecommons.org/licenses/by-nc/4.0/,Diego Monsores,https://inaturalist-open-data.s3.amazonaws.com/photos/328022724/original.jpg; https://inaturalist-open-data.s3.amazonaws.com/photos/328022752/original.jpg; https://inaturalist-open-data.s3.amazonaws.com/photos/328022774/original.jpg; https://inaturalist-open-data.s3.amazonaws.com/photos/328022777/original.jpg; https://inaturalist-open-data.s3.amazonaws.com/photos/328022816/original.jpg; https://inaturalist-open-data.s3.amazonaws.com/photos/328022826/original.jpg; https://inaturalist-open-data.s3.amazonaws.com/photos/328022830/original.jpg,k-brazil,2024-10-22 05:59:58
original_4431048105_6.jpg,3086528,Rhizophora mangle,2.7470000000000003,"Thalurania glaucopis (J.F.Gmelin, 1788)",2476548,-22.904644,-43.45115,103.0,SOUTH_AMERICA,Rio de Janeiro,,,,2023-10-10T12:44,False,Diego Monsores,iNaturalist,http://creativecommons.org/licenses/by-nc/4.0/,Diego Monsores,https://inaturalist-open-data.s3.amazonaws.com/photos/328022724/original.jpg; https://inaturalist-open-data.s3.amazonaws.com/photos/328022752/original.jpg; https://inaturalist-open-data.s3.amazonaws.com/photos/328022774/original.jpg; https://inaturalist-open-data.s3.amazonaws.com/photos/328022777/original.jpg; https://inaturalist-open-data.s3.amazonaws.com/photos/328022816/original.jpg; https://inaturalist-open-data.s3.amazonaws.com/photos/328022826/original.jpg; https://inaturalist-open-data.s3.amazonaws.com/photos/328022830/original.jpg,k-brazil,2024-10-22 06:00:00
original_4431293570_1.jpeg,2792457,Polystachya concreta,14.667,"Thalurania glaucopis (J.F.Gmelin, 1788)",2476548,-20.081784,-40.594888,205.0,SOUTH_AMERICA,Espírito Santo,,,,2023-10-09T13:32,False,Nil Rodrigues,iNaturalist,http://creativecommons.org/licenses/by-nc/4.0/,Nil Rodrigues,https://inaturalist-open-data.s3.amazonaws.com/photos/330567173/original.jpeg,k-brazil,2024-10-22 06:00:08
original_4436251901_1.jpeg,4092017,Handroanthus serratifolius,2.177,"Thalurania glaucopis (J.F.Gmelin, 1788)",2476548,-22.81517,-48.404526,8.0,SOUTH_AMERICA,São Paulo,,,,2023-08-12T04:25,False,brianhof,iNaturalist,http://creativecommons.org/licenses/by-nc/4.0/,brianhof,https://inaturalist-open-data.s3.amazonaws.com/photos/331829866/original.jpeg; https://inaturalist-open-data.s3.amazonaws.com/photos/331829937/original.jpeg,k-brazil,2024-10-22 06:00:11
original_4436412972_1.jpeg,7297211,Lantana rugulosa,0.297,"Thalurania glaucopis (J.F.Gmelin, 1788)",2476548,-24.267705,-48.414499,15.0,SOUTH_AMERICA,São Paulo,,,,2023-08-16T05:06,False,brianhof,iNaturalist,http://creativecommons.org/licenses/by-nc/4.0/,brianhof,https://inaturalist-open-data.s3.amazonaws.com/photos/331922410/original.jpeg,k-brazil,2024-10-22 06:00:18
original_4436415296_1.jpeg,3172499,Jacaranda mimosifolia,0.567,"Thalurania glaucopis (J.F.Gmelin, 1788)",2476548,-25.530553,-54.135487,5.0,SOUTH_AMERICA,Misiones,,,,2023-10-14T07:27:20,False,María Fernanda Goracy,iNaturalist,http://creativecommons.org/licenses/by-nc/4.0/,María Fernanda Goracy,https://inaturalist-open-data.s3.amazonaws.com/photos/331299748/original.jpeg; https://inaturalist-open-data.s3.amazonaws.com/photos/331299768/original.jpeg,k-southern-south-america,2024-10-22 06:00:20
original_4436415296_2.jpeg,3172499,Jacaranda mimosifolia,1.551,"Thalurania glaucopis (J.F.Gmelin, 1788)",2476548,-25.530553,-54.135487,5.0,SOUTH_AMERICA,Misiones,,,,2023-10-14T07:27:20,False,María Fernanda Goracy,iNaturalist,http://creativecommons.org/licenses/by-nc/4.0/,María Fernanda Goracy,https://inaturalist-open-data.s3.amazonaws.com/photos/331299748/original.jpeg; https://inaturalist-open-data.s3.amazonaws.com/photos/331299768/original.jpeg,k-southern-south-america,2024-10-22 06:00:22
original_4438760709_1.jpeg,5621415,Cereus stenogonus,1.281,"Thalurania glaucopis (J.F.Gmelin, 1788)",2476548,-22.903267,-43.270536,13823.0,SOUTH_AMERICA,Rio de Janeiro,,,,2014-08-27T19:28,False,saydelah,iNaturalist,http://creativecommons.org/licenses/by/4.0/,saydelah,https://inaturalist-open-data.s3.amazonaws.com/photos/332861896/original.jpeg,k-brazil,2024-10-22 06:00:27
original_4438992726_1.jpeg,2705621,Paspalum notatum,0.9289999999999999,"Thalurania glaucopis (J.F.Gmelin, 1788)",2476548,-24.030314,-47.351848,31.0,SOUTH_AMERICA,São Paulo,,,,2023-11-03T17:07,False,Bruno Henrique Aranda,iNaturalist,http://creativecommons.org/licenses/by/4.0/,Bruno Henrique Aranda,https://inaturalist-open-data.s3.amazonaws.com/photos/332787187/original.jpeg; https://inaturalist-open-data.s3.amazonaws.com/photos/332787218/original.jpeg; https://inaturalist-open-data.s3.amazonaws.com/photos/332787279/original.jpeg; https://inaturalist-open-data.s3.amazonaws.com/photos/332787288/original.jpeg; https://inaturalist-open-data.s3.amazonaws.com/photos/332787367/original.jpeg; https://inaturalist-open-data.s3.amazonaws.com/photos/332787369/original.jpeg,k-brazil,2024-10-22 06:00:30
original_4440644078_1.jpg,2951478,Mucuna urens,0.297,"Thalurania glaucopis (J.F.Gmelin, 1788)",2476548,-26.099253,-48.89222,3.0,SOUTH_AMERICA,Santa Catarina,,,,2023-09-23T14:00:31,False,tuts,iNaturalist,http://creativecommons.org/licenses/by-nc/4.0/,tuts,https://inaturalist-open-data.s3.amazonaws.com/photos/322322484/original.jpg; https://inaturalist-open-data.s3.amazonaws.com/photos/322322648/original.jpg,k-brazil,2024-10-22 06:00:42
original_4440722723_1.jpeg,7322827,Fuchsia regia,18.709,"Thalurania glaucopis (J.F.Gmelin, 1788)",2476548,-25.449264,-49.019117,5.0,SOUTH_AMERICA,Paraná,,,,2023-04-30T18:18:42,False,Cassiana Silva Castro,iNaturalist,http://creativecommons.org/licenses/by-nc/4.0/,Cassiana Silva Castro,https://inaturalist-open-data.s3.amazonaws.com/photos/273652778/original.jpeg,k-brazil,2024-10-22 06:00:48
original_4440783333_1.jpeg,3190484,Swietenia macrophylla,1.7489999999999999,"Thalurania glaucopis (J.F.Gmelin, 1788)",2476548,-22.435338,-43.161942,,SOUTH_AMERICA,Rio de Janeiro,,,,2023-11-10T09:57:26,False,ellen_brilhante,iNaturalist,http://creativecommons.org/licenses/by-nc/4.0/,ellen_brilhante,https://inaturalist-open-data.s3.amazonaws.com/photos/334130973/original.jpeg; https://inaturalist-open-data.s3.amazonaws.com/photos/334130988/original.jpeg; https://inaturalist-open-data.s3.amazonaws.com/photos/334131016/original.jpeg; https://inaturalist-open-data.s3.amazonaws.com/photos/334131043/original.jpeg,k-brazil,2024-10-22 06:00:51
original_4440783333_2.jpeg,5574261,Ruellia inflata,1.51,"Thalurania glaucopis (J.F.Gmelin, 1788)",2476548,-22.435338,-43.161942,,SOUTH_AMERICA,Rio de Janeiro,,,,2023-11-10T09:57:26,False,ellen_brilhante,iNaturalist,http://creativecommons.org/licenses/by-nc/4.0/,ellen_brilhante,https://inaturalist-open-data.s3.amazonaws.com/photos/334130973/original.jpeg; https://inaturalist-open-data.s3.amazonaws.com/photos/334130988/original.jpeg; https://inaturalist-open-data.s3.amazonaws.com/photos/334131016/original.jpeg; https://inaturalist-open-data.s3.amazonaws.com/photos/334131043/original.jpeg,k-brazil,2024-10-22 06:00:53
original_4440783333_3.jpeg,3190484,Swietenia macrophylla,1.415,"Thalurania glaucopis (J.F.Gmelin, 1788)",2476548,-22.435338,-43.161942,,SOUTH_AMERICA,Rio de Janeiro,,,,2023-11-10T09:57:26,False,ellen_brilhante,iNaturalist,http://creativecommons.org/licenses/by-nc/4.0/,ellen_brilhante,https://inaturalist-open-data.s3.amazonaws.com/photos/334130973/original.jpeg; https://inaturalist-open-data.s3.amazonaws.com/photos/334130988/original.jpeg; https://inaturalist-open-data.s3.amazonaws.com/photos/334131016/original.jpeg; https://inaturalist-open-data.s3.amazonaws.com/photos/334131043/original.jpeg,k-brazil,2024-10-22 06:00:55
original_4440783333_4.jpeg,3172977,Pachystachys spicata,0.146,"Thalurania glaucopis (J.F.Gmelin, 1788)",2476548,-22.435338,-43.161942,,SOUTH_AMERICA,Rio de Janeiro,,,,2023-11-10T09:57:26,False,ellen_brilhante,iNaturalist,http://creativecommons.org/licenses/by-nc/4.0/,ellen_brilhante,https://inaturalist-open-data.s3.amazonaws.com/photos/334130973/original.jpeg; https://inaturalist-open-data.s3.amazonaws.com/photos/334130988/original.jpeg; https://inaturalist-open-data.s3.amazonaws.com/photos/334131016/original.jpeg; https://inaturalist-open-data.s3.amazonaws.com/photos/334131043/original.jpeg,k-brazil,2024-10-22 06:00:57
original_4440808448_1.jpg,7290349,Pleopeltis macrocarpa,3.2039999999999997,"Thalurania glaucopis (J.F.Gmelin, 1788)",2476548,-22.386482,-44.554636,8.0,SOUTH_AMERICA,Rio de Janeiro,,,,2023-11-03T14:47,False,Renato dos Santos,iNaturalist,http://creativecommons.org/licenses/by-nc/4.0/,Renato dos Santos,https://inaturalist-open-data.s3.amazonaws.com/photos/333656702/original.jpg,k-brazil,2024-10-22 06:00:59
original_4442517238_1.jpg,2792457,Polystachya concreta,0.966,"Thalurania glaucopis (J.F.Gmelin, 1788)",2476548,-22.310296,-42.49676,,SOUTH_AMERICA,Rio de Janeiro,,,,2023-11-04T12:38,False,Devon Bradley,iNaturalist,http://creativecommons.org/licenses/by-nc/4.0/,Devon Bradley,https://inaturalist-open-data.s3.amazonaws.com/photos/335812315/original.jpg,k-brazil,2024-10-22 06:01:05
original_4442549240_1.jpeg,5349620,Erythrina fusca,3.221,"Thalurania glaucopis (J.F.Gmelin, 1788)",2476548,-23.863134,-46.457495,8.0,SOUTH_AMERICA,São Paulo,,,,2023-11-15T13:32,False,Pedro Henrique Maloso Ramos,iNaturalist,http://creativecommons.org/licenses/by/4.0/,Pedro Henrique Maloso Ramos,https://inaturalist-open-data.s3.amazonaws.com/photos/335222564/original.jpeg,k-brazil,2024-10-22 06:01:07
original_4442557782_1.png,3107187,Senecio tamoides,1.4569999999999999,"Thalurania glaucopis (J.F.Gmelin, 1788)",2476548,-31.412013,-52.661852,1190.0,SOUTH_AMERICA,Rio Grande do Sul,,,,2023-11-05,False,Daniel Dias,iNaturalist,http://creativecommons.org/licenses/by-nc/4.0/,Daniel Dias,https://inaturalist-open-data.s3.amazonaws.com/photos/335305196/original.png; https://inaturalist-open-data.s3.amazonaws.com/photos/335305203/original.png,k-brazil,2024-10-22 06:01:09
original_4453944591_1.jpeg,5320021,Epidendrum nocturnum,1.044,"Thalurania glaucopis (J.F.Gmelin, 1788)",2476548,-15.390712,-39.575193,5057.0,SOUTH_AMERICA,Bahia,,,,2020-02-06T17:24,False,Justyn Stahl,iNaturalist,http://creativecommons.org/licenses/by-nc/4.0/,Justyn Stahl,https://inaturalist-open-data.s3.amazonaws.com/photos/337523632/original.jpeg,k-brazil,2024-10-22 06:01:14
original_4453971004_1.jpeg,2734435,Chamaedorea pinnatifrons,2.858,"Thalurania glaucopis (J.F.Gmelin, 1788)",2476548,-23.727609,-46.499242,4.0,SOUTH_AMERICA,São Paulo,,,,2023-11-23T12:02,False,miguelmagro,iNaturalist,http://creativecommons.org/licenses/by-nc/4.0/,miguelmagro,https://inaturalist-open-data.s3.amazonaws.com/photos/337109903/original.jpeg,k-brazil,2024-10-22 06:01:16
original_4453999743_1.jpg,3152597,Hibiscus striatus,2.872,"Thalurania glaucopis (J.F.Gmelin, 1788)",2476548,-25.47894,-48.833167,3057.0,SOUTH_AMERICA,Paraná,,,,2023-08-26T16:00,False,Gabriely Miranda,iNaturalist,http://creativecommons.org/licenses/by-nc/4.0/,Gabriely Miranda,https://inaturalist-open-data.s3.amazonaws.com/photos/336885852/original.jpg,k-brazil,2024-10-22 06:01:19
original_4454053703_1.jpg,5651017,Sloanea caribaea,0.9440000000000001,"Thalurania glaucopis (J.F.Gmelin, 1788)",2476548,-25.38478,-49.016278,4.0,SOUTH_AMERICA,Paraná,,,,2023-11-26T07:50:43,False,kainazito,iNaturalist,http://creativecommons.org/licenses/by-nc/4.0/,kainazito,https://inaturalist-open-data.s3.amazonaws.com/photos/337328472/original.jpg; https://inaturalist-open-data.s3.amazonaws.com/photos/337328492/original.jpg; https://inaturalist-open-data.s3.amazonaws.com/photos/337328511/original.jpg,k-brazil,2024-10-22 06:01:21
original_4454053703_2.jpg,2951478,Mucuna urens,3.903,"Thalurania glaucopis (J.F.Gmelin, 1788)",2476548,-25.38478,-49.016278,4.0,SOUTH_AMERICA,Paraná,,,,2023-11-26T07:50:43,False,kainazito,iNaturalist,http://creativecommons.org/licenses/by-nc/4.0/,kainazito,https://inaturalist-open-data.s3.amazonaws.com/photos/337328472/original.jpg; https://inaturalist-open-data.s3.amazonaws.com/photos/337328492/original.jpg; https://inaturalist-open-data.s3.amazonaws.com/photos/337328511/original.jpg,k-brazil,2024-10-22 06:01:24
original_4454053703_3.jpg,5579703,Prionostemma aspera,22.319,"Thalurania glaucopis (J.F.Gmelin, 1788)",2476548,-25.38478,-49.016278,4.0,SOUTH_AMERICA,Paraná,,,,2023-11-26T07:50:43,False,kainazito,iNaturalist,http://creativecommons.org/licenses/by-nc/4.0/,kainazito,https://inaturalist-open-data.s3.amazonaws.com/photos/337328472/original.jpg; https://inaturalist-open-data.s3.amazonaws.com/photos/337328492/original.jpg; https://inaturalist-open-data.s3.amazonaws.com/photos/337328511/original.jpg,k-brazil,2024-10-22 06:01:26
original_4454060732_1.jpeg,2763146,Phenakospermum guyannense,6.519,"Thalurania glaucopis (J.F.Gmelin, 1788)",2476548,-26.304376,-48.846374,28331.0,SOUTH_AMERICA,Santa Catarina,,,,2023-09-29T08:33,False,Luana Lobemeyer,iNaturalist,http://creativecommons.org/licenses/by-nc-nd/4.0/,Luana Lobemeyer,https://inaturalist-open-data.s3.amazonaws.com/photos/337889144/original.jpeg; https://inaturalist-open-data.s3.amazonaws.com/photos/337889145/original.jpeg; https://inaturalist-open-data.s3.amazonaws.com/photos/337889146/original.jpeg,k-brazil,2024-10-22 06:01:28
original_4454060732_2.jpeg,2763146,Phenakospermum guyannense,7.519000000000001,"Thalurania glaucopis (J.F.Gmelin, 1788)",2476548,-26.304376,-48.846374,28331.0,SOUTH_AMERICA,Santa Catarina,,,,2023-09-29T08:33,False,Luana Lobemeyer,iNaturalist,http://creativecommons.org/licenses/by-nc-nd/4.0/,Luana Lobemeyer,https://inaturalist-open-data.s3.amazonaws.com/photos/337889144/original.jpeg; https://inaturalist-open-data.s3.amazonaws.com/photos/337889145/original.jpeg; https://inaturalist-open-data.s3.amazonaws.com/photos/337889146/original.jpeg,k-brazil,2024-10-22 06:01:30
original_4454060732_3.jpeg,2763146,Phenakospermum guyannense,11.951,"Thalurania glaucopis (J.F.Gmelin, 1788)",2476548,-26.304376,-48.846374,28331.0,SOUTH_AMERICA,Santa Catarina,,,,2023-09-29T08:33,False,Luana Lobemeyer,iNaturalist,http://creativecommons.org/licenses/by-nc-nd/4.0/,Luana Lobemeyer,https://inaturalist-open-data.s3.amazonaws.com/photos/337889144/original.jpeg; https://inaturalist-open-data.s3.amazonaws.com/photos/337889145/original.jpeg; https://inaturalist-open-data.s3.amazonaws.com/photos/337889146/original.jpeg,k-brazil,2024-10-22 06:01:32
original_4454081439_1.jpeg,5339445,Randia armata,3.8600000000000003,"Thalurania glaucopis (J.F.Gmelin, 1788)",2476548,-25.384993,-49.015471,224.0,SOUTH_AMERICA,Paraná,,,,2023-11-26T09:27,False,Gabriely Miranda,iNaturalist,http://creativecommons.org/licenses/by-nc/4.0/,Gabriely Miranda,https://inaturalist-open-data.s3.amazonaws.com/photos/337684664/original.jpeg,k-brazil,2024-10-22 06:01:38
original_4454095375_1.jpeg,3169012,Hippocratea volubilis,5.092,"Thalurania glaucopis (J.F.Gmelin, 1788)",2476548,-22.557589,-43.049483,1.0,SOUTH_AMERICA,Rio de Janeiro,,,,2023-11-27T17:49,False,edvandroabreuribeiro,iNaturalist,http://creativecommons.org/licenses/by-nc/4.0/,edvandroabreuribeiro,https://inaturalist-open-data.s3.amazonaws.com/photos/337886106/original.jpeg,k-brazil,2024-10-22 06:01:40
original_4458382638_1.jpeg,5371729,Nectandra turbacensis,13.272999999999998,"Thalurania glaucopis (J.F.Gmelin, 1788)",2476548,-26.200933,-48.673089,2196.0,SOUTH_AMERICA,Santa Catarina,,,,2022-10-03T09:14,False,Luana Lobemeyer,iNaturalist,http://creativecommons.org/licenses/by-nc-nd/4.0/,Luana Lobemeyer,https://inaturalist-open-data.s3.amazonaws.com/photos/337886806/original.jpeg; https://inaturalist-open-data.s3.amazonaws.com/photos/337886808/original.jpeg; https://inaturalist-open-data.s3.amazonaws.com/photos/337886810/original.jpeg,k-brazil,2024-10-22 06:01:42
original_4458382638_2.jpeg,2870554,Anaphyllopsis americana,1.542,"Thalurania glaucopis (J.F.Gmelin, 1788)",2476548,-26.200933,-48.673089,2196.0,SOUTH_AMERICA,Santa Catarina,,,,2022-10-03T09:14,False,Luana Lobemeyer,iNaturalist,http://creativecommons.org/licenses/by-nc-nd/4.0/,Luana Lobemeyer,https://inaturalist-open-data.s3.amazonaws.com/photos/337886806/original.jpeg; https://inaturalist-open-data.s3.amazonaws.com/photos/337886808/original.jpeg; https://inaturalist-open-data.s3.amazonaws.com/photos/337886810/original.jpeg,k-brazil,2024-10-22 06:01:44
original_4458382638_3.jpeg,3034090,Aniba guianensis,1.139,"Thalurania glaucopis (J.F.Gmelin, 1788)",2476548,-26.200933,-48.673089,2196.0,SOUTH_AMERICA,Santa Catarina,,,,2022-10-03T09:14,False,Luana Lobemeyer,iNaturalist,http://creativecommons.org/licenses/by-nc-nd/4.0/,Luana Lobemeyer,https://inaturalist-open-data.s3.amazonaws.com/photos/337886806/original.jpeg; https://inaturalist-open-data.s3.amazonaws.com/photos/337886808/original.jpeg; https://inaturalist-open-data.s3.amazonaws.com/photos/337886810/original.jpeg,k-brazil,2024-10-22 06:01:46
original_4458423854_1.jpeg,3169679,Hancornia speciosa,2.37,"Thalurania glaucopis (J.F.Gmelin, 1788)",2476548,-19.956153,-40.606339,,SOUTH_AMERICA,Espírito Santo,,,,2023-11-25T17:43,False,Rodrigo Leite,iNaturalist,http://creativecommons.org/licenses/by-nc/4.0/,Rodrigo Leite,https://inaturalist-open-data.s3.amazonaws.com/photos/338120745/original.jpeg,k-brazil,2024-10-22 06:01:48
original_4458643130_1.jpeg,2984565,Artocarpus heterophyllus,8.082,"Thalurania glaucopis (J.F.Gmelin, 1788)",2476548,-22.967985,-43.224569,390.0,SOUTH_AMERICA,Rio de Janeiro,,,,2023-11-18T12:12:14,False,Beatriz Queiroga,iNaturalist,http://creativecommons.org/licenses/by-nc/4.0/,Beatriz Queiroga,https://inaturalist-open-data.s3.amazonaws.com/photos/338307572/original.jpeg,k-brazil,2024-10-22 06:01:50
original_4458708787_2.jpeg,2762971,Musa velutina,1.03,"Thalurania glaucopis (J.F.Gmelin, 1788)",2476548,-23.656759,-46.883184,204.0,SOUTH_AMERICA,São Paulo,,,,2023-12-02T16:56:09,False,Cajá-manga,iNaturalist,http://creativecommons.org/licenses/by/4.0/,Cajá-manga,https://inaturalist-open-data.s3.amazonaws.com/photos/338678996/original.jpeg; https://inaturalist-open-data.s3.amazonaws.com/photos/338679017/original.jpeg; https://inaturalist-open-data.s3.amazonaws.com/photos/338679033/original.jpeg,k-brazil,2024-10-22 06:01:52
original_4458712196_1.jpeg,Unknown,Unknown,0,"Thalurania glaucopis (J.F.Gmelin, 1788)",2476548,-19.889142,-40.545954,194.0,SOUTH_AMERICA,Espírito Santo,,,,2023-12-01T04:10,False,nah_fachetti19,iNaturalist,http://creativecommons.org/licenses/by-nc-sa/4.0/,nah_fachetti19,https://inaturalist-open-data.s3.amazonaws.com/photos/338993068/original.jpeg; https://inaturalist-open-data.s3.amazonaws.com/photos/338993086/original.jpeg; https://inaturalist-open-data.s3.amazonaws.com/photos/338993112/original.jpeg,k-brazil,2024-10-22 06:01:54
original_4458712196_2.jpeg,Unknown,Unknown,0,"Thalurania glaucopis (J.F.Gmelin, 1788)",2476548,-19.889142,-40.545954,194.0,SOUTH_AMERICA,Espírito Santo,,,,2023-12-01T04:10,False,nah_fachetti19,iNaturalist,http://creativecommons.org/licenses/by-nc-sa/4.0/,nah_fachetti19,https://inaturalist-open-data.s3.amazonaws.com/photos/338993068/original.jpeg; https://inaturalist-open-data.s3.amazonaws.com/photos/338993086/original.jpeg; https://inaturalist-open-data.s3.amazonaws.com/photos/338993112/original.jpeg,k-brazil,2024-10-22 06:01:56
original_4458712196_3.jpeg,Unknown,Unknown,0,"Thalurania glaucopis (J.F.Gmelin, 1788)",2476548,-19.889142,-40.545954,194.0,SOUTH_AMERICA,Espírito Santo,,,,2023-12-01T04:10,False,nah_fachetti19,iNaturalist,http://creativecommons.org/licenses/by-nc-sa/4.0/,nah_fachetti19,https://inaturalist-open-data.s3.amazonaws.com/photos/338993068/original.jpeg; https://inaturalist-open-data.s3.amazonaws.com/photos/338993086/original.jpeg; https://inaturalist-open-data.s3.amazonaws.com/photos/338993112/original.jpeg,k-brazil,2024-10-22 06:01:58
original_4465474618_1.jpg,2650442,Niphidium crassifolium,8.834999999999999,"Thalurania glaucopis (J.F.Gmelin, 1788)",2476548,-23.771618,-46.290041,15.0,SOUTH_AMERICA,São Paulo,,,,2023-12-08,False,Luciano Bernardes,iNaturalist,http://creativecommons.org/licenses/by-nc/4.0/,Luciano Bernardes,https://inaturalist-open-data.s3.amazonaws.com/photos/340010944/original.jpg,k-brazil,2024-10-22 06:02:00
original_4465493103_1.jpg,2756885,Costus scaber,19.176000000000002,"Thalurania glaucopis (J.F.Gmelin, 1788)",2476548,-24.384389,-47.92797,1327.0,SOUTH_AMERICA,São Paulo,,,,2023-12-09T09:16,False,manequinho,iNaturalist,http://creativecommons.org/licenses/by-nc/4.0/,manequinho,https://inaturalist-open-data.s3.amazonaws.com/photos/340397547/original.jpg,k-brazil,2024-10-22 06:02:03
original_4465502575_1.jpeg,3083180,Bertholletia excelsa,2.111,"Thalurania glaucopis (J.F.Gmelin, 1788)",2476548,-22.327404,-46.723048,204.0,SOUTH_AMERICA,São Paulo,,,,2023-12-09T07:27,False,reinaldogibin,iNaturalist,http://creativecommons.org/licenses/by-nc/4.0/,reinaldogibin,https://inaturalist-open-data.s3.amazonaws.com/photos/339944684/original.jpeg,k-brazil,2024-10-22 06:02:11
original_4465778031_1.jpeg,5938619,Henriettea caudata,3.5159999999999996,"Thalurania glaucopis (J.F.Gmelin, 1788)",2476548,-26.080103,-48.644298,,SOUTH_AMERICA,Santa Catarina,,,,2017-02-16T11:03,False,edu_bal,iNaturalist,http://creativecommons.org/licenses/by-nc/4.0/,edu_bal,https://inaturalist-open-data.s3.amazonaws.com/photos/340224217/original.jpeg; https://inaturalist-open-data.s3.amazonaws.com/photos/340224597/original.jpeg,k-brazil,2024-10-22 06:02:17
original_4465778031_2.jpeg,5333948,Micropholis guyanensis,6.558999999999999,"Thalurania glaucopis (J.F.Gmelin, 1788)",2476548,-26.080103,-48.644298,,SOUTH_AMERICA,Santa Catarina,,,,2017-02-16T11:03,False,edu_bal,iNaturalist,http://creativecommons.org/licenses/by-nc/4.0/,edu_bal,https://inaturalist-open-data.s3.amazonaws.com/photos/340224217/original.jpeg; https://inaturalist-open-data.s3.amazonaws.com/photos/340224597/original.jpeg,k-brazil,2024-10-22 06:02:19
original_4500784865_1.jpeg,7322827,Fuchsia regia,7.291,"Thalurania glaucopis (J.F.Gmelin, 1788)",2476548,-23.860202,-46.458464,2.0,SOUTH_AMERICA,São Paulo,,,,2023-12-16T10:46,False,Pedro Henrique Maloso Ramos,iNaturalist,http://creativecommons.org/licenses/by/4.0/,Pedro Henrique Maloso Ramos,https://inaturalist-open-data.s3.amazonaws.com/photos/341177887/original.jpeg,k-brazil,2024-10-22 06:02:28
original_4506291069_1.jpg,5349528,Erythrina speciosa,2.541,"Thalurania glaucopis (J.F.Gmelin, 1788)",2476548,-23.057273,-46.641048,206.0,SOUTH_AMERICA,São Paulo,,,,2023-12-22T06:37,False,manequinho,iNaturalist,http://creativecommons.org/licenses/by-nc/4.0/,manequinho,https://inaturalist-open-data.s3.amazonaws.com/photos/342060652/original.jpg,k-brazil,2024-10-22 06:02:33
original_4506495445_1.jpeg,5321877,Ionopsis utricularioides,4.9639999999999995,"Thalurania glaucopis (J.F.Gmelin, 1788)",2476548,-15.391611,-39.564547,,SOUTH_AMERICA,Bahia,,,,2023-12-16T09:57,False,Laura Gaudette,iNaturalist,http://creativecommons.org/licenses/by/4.0/,Laura Gaudette,https://inaturalist-open-data.s3.amazonaws.com/photos/342312962/original.jpeg,k-brazil,2024-10-22 06:02:39
original_4507685572_1.jpeg,2976206,Entada polystachya,2.554,"Thalurania glaucopis (J.F.Gmelin, 1788)",2476548,-22.580737,-46.861324,819.0,SOUTH_AMERICA,São Paulo,,,,2023-12-03T12:48,False,Lauro de Camargo Neto,iNaturalist,http://creativecommons.org/licenses/by-nc/4.0/,Lauro de Camargo Neto,https://inaturalist-open-data.s3.amazonaws.com/photos/343475089/original.jpeg,k-brazil,2024-10-22 06:02:47
original_4507708730_1.jpeg,2923156,Psychotria nuda,1.51,"Thalurania glaucopis (J.F.Gmelin, 1788)",2476548,-22.262756,-43.011895,4.0,SOUTH_AMERICA,Rio de Janeiro,,,,2023-12-30T17:25,False,claudia_mermelstein,iNaturalist,http://creativecommons.org/licenses/by-nc/4.0/,claudia_mermelstein,https://inaturalist-open-data.s3.amazonaws.com/photos/343668456/original.jpeg; https://inaturalist-open-data.s3.amazonaws.com/photos/343668592/original.jpeg,k-brazil,2024-10-22 06:02:50
original_4507708730_2.jpeg,2923156,Psychotria nuda,0.658,"Thalurania glaucopis (J.F.Gmelin, 1788)",2476548,-22.262756,-43.011895,4.0,SOUTH_AMERICA,Rio de Janeiro,,,,2023-12-30T17:25,False,claudia_mermelstein,iNaturalist,http://creativecommons.org/licenses/by-nc/4.0/,claudia_mermelstein,https://inaturalist-open-data.s3.amazonaws.com/photos/343668456/original.jpeg; https://inaturalist-open-data.s3.amazonaws.com/photos/343668592/original.jpeg,k-brazil,2024-10-22 06:02:51
original_4507710404_1.jpeg,5288894,Vriesea gigantea,26.673000000000002,"Thalurania glaucopis (J.F.Gmelin, 1788)",2476548,-24.050287,-47.208428,200.0,SOUTH_AMERICA,São Paulo,,,,2023-12-23T07:07:37,False,Karina Avila,iNaturalist,http://creativecommons.org/licenses/by-nc/4.0/,Karina Avila,https://inaturalist-open-data.s3.amazonaws.com/photos/343378371/original.jpeg,k-brazil,2024-10-22 06:02:54
original_4507873438_1.jpeg,7981652,Rhabdadenia biflora,2.299,"Thalurania glaucopis (J.F.Gmelin, 1788)",2476548,-14.33245,-40.214894,,SOUTH_AMERICA,Bahia,,,,2023-12-12T13:39,False,Laura Gaudette,iNaturalist,http://creativecommons.org/licenses/by/4.0/,Laura Gaudette,https://inaturalist-open-data.s3.amazonaws.com/photos/342782480/original.jpeg,k-brazil,2024-10-22 06:03:01
original_4507904660_1.jpeg,3055361,Alchornea glandulosa,4.677,"Thalurania glaucopis (J.F.Gmelin, 1788)",2476548,-25.538081,-54.141521,455.0,SOUTH_AMERICA,Misiones,,,,2022-08-14T15:32:16,False,Flor Zorzoli,iNaturalist,http://creativecommons.org/licenses/by-nc/4.0/,Flor Zorzoli,https://inaturalist-open-data.s3.amazonaws.com/photos/343585004/original.jpeg; https://inaturalist-open-data.s3.amazonaws.com/photos/343585022/original.jpeg; https://inaturalist-open-data.s3.amazonaws.com/photos/343585037/original.jpeg; https://inaturalist-open-data.s3.amazonaws.com/photos/343585056/original.jpeg; https://inaturalist-open-data.s3.amazonaws.com/photos/343585069/original.jpeg,k-southern-south-america,2024-10-22 06:03:04
original_4507904660_2.jpeg,3055361,Alchornea glandulosa,3.124,"Thalurania glaucopis (J.F.Gmelin, 1788)",2476548,-25.538081,-54.141521,455.0,SOUTH_AMERICA,Misiones,,,,2022-08-14T15:32:16,False,Flor Zorzoli,iNaturalist,http://creativecommons.org/licenses/by-nc/4.0/,Flor Zorzoli,https://inaturalist-open-data.s3.amazonaws.com/photos/343585004/original.jpeg; https://inaturalist-open-data.s3.amazonaws.com/photos/343585022/original.jpeg; https://inaturalist-open-data.s3.amazonaws.com/photos/343585037/original.jpeg; https://inaturalist-open-data.s3.amazonaws.com/photos/343585056/original.jpeg; https://inaturalist-open-data.s3.amazonaws.com/photos/343585069/original.jpeg,k-southern-south-america,2024-10-22 06:03:06
original_4507904660_3.jpeg,5321877,Ionopsis utricularioides,9.705,"Thalurania glaucopis (J.F.Gmelin, 1788)",2476548,-25.538081,-54.141521,455.0,SOUTH_AMERICA,Misiones,,,,2022-08-14T15:32:16,False,Flor Zorzoli,iNaturalist,http://creativecommons.org/licenses/by-nc/4.0/,Flor Zorzoli,https://inaturalist-open-data.s3.amazonaws.com/photos/343585004/original.jpeg; https://inaturalist-open-data.s3.amazonaws.com/photos/343585022/original.jpeg; https://inaturalist-open-data.s3.amazonaws.com/photos/343585037/original.jpeg; https://inaturalist-open-data.s3.amazonaws.com/photos/343585056/original.jpeg; https://inaturalist-open-data.s3.amazonaws.com/photos/343585069/original.jpeg,k-southern-south-america,2024-10-22 06:03:09
original_4507904660_4.jpeg,3189950,Paullinia pinnata,0.898,"Thalurania glaucopis (J.F.Gmelin, 1788)",2476548,-25.538081,-54.141521,455.0,SOUTH_AMERICA,Misiones,,,,2022-08-14T15:32:16,False,Flor Zorzoli,iNaturalist,http://creativecommons.org/licenses/by-nc/4.0/,Flor Zorzoli,https://inaturalist-open-data.s3.amazonaws.com/photos/343585004/original.jpeg; https://inaturalist-open-data.s3.amazonaws.com/photos/343585022/original.jpeg; https://inaturalist-open-data.s3.amazonaws.com/photos/343585037/original.jpeg; https://inaturalist-open-data.s3.amazonaws.com/photos/343585056/original.jpeg; https://inaturalist-open-data.s3.amazonaws.com/photos/343585069/original.jpeg,k-southern-south-america,2024-10-22 06:03:12
original_4507904660_5.jpeg,4931838,Amphilophium crucigerum,2.113,"Thalurania glaucopis (J.F.Gmelin, 1788)",2476548,-25.538081,-54.141521,455.0,SOUTH_AMERICA,Misiones,,,,2022-08-14T15:32:16,False,Flor Zorzoli,iNaturalist,http://creativecommons.org/licenses/by-nc/4.0/,Flor Zorzoli,https://inaturalist-open-data.s3.amazonaws.com/photos/343585004/original.jpeg; https://inaturalist-open-data.s3.amazonaws.com/photos/343585022/original.jpeg; https://inaturalist-open-data.s3.amazonaws.com/photos/343585037/original.jpeg; https://inaturalist-open-data.s3.amazonaws.com/photos/343585056/original.jpeg; https://inaturalist-open-data.s3.amazonaws.com/photos/343585069/original.jpeg,k-southern-south-america,2024-10-22 06:03:14
original_4507990671_1.jpg,Unknown,Unknown,0,"Thalurania glaucopis (J.F.Gmelin, 1788)",2476548,-23.017357,-44.965568,37814.0,SOUTH_AMERICA,São Paulo,,,,2023-12-27T12:37:46,False,Mariana Amado Costa,iNaturalist,http://creativecommons.org/licenses/by-nc/4.0/,Mariana Amado Costa,https://inaturalist-open-data.s3.amazonaws.com/photos/343651101/original.jpg; https://inaturalist-open-data.s3.amazonaws.com/photos/343651114/original.jpg; https://inaturalist-open-data.s3.amazonaws.com/photos/343651123/original.jpg,k-brazil,2024-10-22 06:03:23
original_4507990671_2.jpg,Unknown,Unknown,0,"Thalurania glaucopis (J.F.Gmelin, 1788)",2476548,-23.017357,-44.965568,37814.0,SOUTH_AMERICA,São Paulo,,,,2023-12-27T12:37:46,False,Mariana Amado Costa,iNaturalist,http://creativecommons.org/licenses/by-nc/4.0/,Mariana Amado Costa,https://inaturalist-open-data.s3.amazonaws.com/photos/343651101/original.jpg; https://inaturalist-open-data.s3.amazonaws.com/photos/343651114/original.jpg; https://inaturalist-open-data.s3.amazonaws.com/photos/343651123/original.jpg,k-brazil,2024-10-22 06:03:25
original_4507990671_3.jpg,Unknown,Unknown,0,"Thalurania glaucopis (J.F.Gmelin, 1788)",2476548,-23.017357,-44.965568,37814.0,SOUTH_AMERICA,São Paulo,,,,2023-12-27T12:37:46,False,Mariana Amado Costa,iNaturalist,http://creativecommons.org/licenses/by-nc/4.0/,Mariana Amado Costa,https://inaturalist-open-data.s3.amazonaws.com/photos/343651101/original.jpg; https://inaturalist-open-data.s3.amazonaws.com/photos/343651114/original.jpg; https://inaturalist-open-data.s3.amazonaws.com/photos/343651123/original.jpg,k-brazil,2024-10-22 06:03:27
original_4510077126_1.jpeg,3621389,Tabernaemontana undulata,1.864,"Thalurania glaucopis (J.F.Gmelin, 1788)",2476548,-27.031649,-49.455134,4.0,SOUTH_AMERICA,Santa Catarina,,,,2024-01-04T09:45,False,Jonathan Lorencetti Ehlert,iNaturalist,http://creativecommons.org/licenses/by-sa/4.0/,Jonathan Lorencetti Ehlert,https://inaturalist-open-data.s3.amazonaws.com/photos/344480375/original.jpeg,k-brazil,2024-10-22 06:03:29
original_4510136663_1.jpeg,4092242,Handroanthus impetiginosus,9.188,"Thalurania glaucopis (J.F.Gmelin, 1788)",2476548,-29.565017,-50.232518,251.0,SOUTH_AMERICA,Rio Grande do Sul,,,,2024-01-06T10:01,False,Guillermo Andreo,iNaturalist,http://creativecommons.org/licenses/by-nc/4.0/,Guillermo Andreo,https://inaturalist-open-data.s3.amazonaws.com/photos/344858043/original.jpeg; https://inaturalist-open-data.s3.amazonaws.com/photos/344858831/original.jpeg; https://inaturalist-open-data.s3.amazonaws.com/photos/344859089/original.jpeg; https://inaturalist-open-data.s3.amazonaws.com/photos/344859225/original.jpeg,k-brazil,2024-10-22 06:03:40
original_4510136663_3.jpeg,7981652,Rhabdadenia biflora,5.791,"Thalurania glaucopis (J.F.Gmelin, 1788)",2476548,-29.565017,-50.232518,251.0,SOUTH_AMERICA,Rio Grande do Sul,,,,2024-01-06T10:01,False,Guillermo Andreo,iNaturalist,http://creativecommons.org/licenses/by-nc/4.0/,Guillermo Andreo,https://inaturalist-open-data.s3.amazonaws.com/photos/344858043/original.jpeg; https://inaturalist-open-data.s3.amazonaws.com/photos/344858831/original.jpeg; https://inaturalist-open-data.s3.amazonaws.com/photos/344859089/original.jpeg; https://inaturalist-open-data.s3.amazonaws.com/photos/344859225/original.jpeg,k-brazil,2024-10-22 06:03:45
original_4510323819_1.jpeg,3621389,Tabernaemontana undulata,3.229,"Thalurania glaucopis (J.F.Gmelin, 1788)",2476548,-19.937137,-40.598502,840.0,SOUTH_AMERICA,Espírito Santo,,,,2023-10-05T16:06,False,Nil Rodrigues,iNaturalist,http://creativecommons.org/licenses/by-nc/4.0/,Nil Rodrigues,https://inaturalist-open-data.s3.amazonaws.com/photos/344337698/original.jpeg,k-brazil,2024-10-22 06:03:54
original_4510330168_1.jpeg,2792457,Polystachya concreta,14.667,"Thalurania glaucopis (J.F.Gmelin, 1788)",2476548,-20.100531,-40.527924,2232.0,SOUTH_AMERICA,Espírito Santo,,,,2023-10-09T13:32,False,Nil Rodrigues,iNaturalist,http://creativecommons.org/licenses/by-nc/4.0/,Nil Rodrigues,https://inaturalist-open-data.s3.amazonaws.com/photos/344524248/original.jpeg,k-brazil,2024-10-22 06:03:58
original_4510358863_1.jpeg,4092405,Handroanthus chrysotrichus,0.857,"Thalurania glaucopis (J.F.Gmelin, 1788)",2476548,-19.937137,-40.598502,840.0,SOUTH_AMERICA,Espírito Santo,,,,2023-10-05T12:59,False,Nil Rodrigues,iNaturalist,http://creativecommons.org/licenses/by-nc/4.0/,Nil Rodrigues,https://inaturalist-open-data.s3.amazonaws.com/photos/344337402/original.jpeg,k-brazil,2024-10-22 06:04:10
original_4512049876_1.jpeg,5556447,Clusia grandiflora,3.4479999999999995,"Thalurania glaucopis (J.F.Gmelin, 1788)",2476548,-22.967894,-43.22503,524.0,SOUTH_AMERICA,Rio de Janeiro,,,,2023-09-04T12:31,False,abelardomendesjr,iNaturalist,http://creativecommons.org/licenses/by-nc/4.0/,abelardomendesjr,https://inaturalist-open-data.s3.amazonaws.com/photos/339132224/original.jpeg,k-brazil,2024-10-22 06:04:18
original_4512174239_1.jpeg,3189950,Paullinia pinnata,23.305999999999997,"Thalurania glaucopis (J.F.Gmelin, 1788)",2476548,-23.440381,-46.638446,61.0,SOUTH_AMERICA,São Paulo,,,,2024-01-10T10:31,False,Pedro Henrique Maloso Ramos,iNaturalist,http://creativecommons.org/licenses/by/4.0/,Pedro Henrique Maloso Ramos,https://inaturalist-open-data.s3.amazonaws.com/photos/345560582/original.jpeg,k-brazil,2024-10-22 06:04:22
original_4512234388_1.jpg,3155772,Guatteria punctata,1.31,"Thalurania glaucopis (J.F.Gmelin, 1788)",2476548,-23.776955,-46.301333,7171.0,SOUTH_AMERICA,São Paulo,,,,2024-01-09T17:30,False,Enéas V. Gouvêa Junior,iNaturalist,http://creativecommons.org/licenses/by-sa/4.0/,Enéas V. Gouvêa Junior,https://inaturalist-open-data.s3.amazonaws.com/photos/345560142/original.jpg,k-brazil,2024-10-22 06:04:25
original_4512239313_1.jpeg,3054262,Crateva tapia,0.468,"Thalurania glaucopis (J.F.Gmelin, 1788)",2476548,-25.68915,-54.442598,1311.0,SOUTH_AMERICA,Paraná,,,,2023-12-31T16:23,False,Diego Carús,iNaturalist,http://creativecommons.org/publicdomain/zero/1.0/,Diego Carús,https://inaturalist-open-data.s3.amazonaws.com/photos/345507893/original.jpeg,k-southern-south-america,2024-10-22 06:04:28
original_4512272425_1.jpeg,5372440,Gouania lupuloides,1.638,"Thalurania glaucopis (J.F.Gmelin, 1788)",2476548,-25.5998,-54.568506,534.0,SOUTH_AMERICA,Misiones,,,,2024-01-11T21:31:47,False,carlessi,iNaturalist,http://creativecommons.org/licenses/by-nc/4.0/,carlessi,https://inaturalist-open-data.s3.amazonaws.com/photos/345886293/original.jpeg,k-southern-south-america,2024-10-22 06:04:30
original_4516315555_1.jpeg,5348857,Parkia pendula,3.6130000000000004,"Thalurania glaucopis (J.F.Gmelin, 1788)",2476548,-27.039649,-49.471577,4.0,SOUTH_AMERICA,Santa Catarina,,,,2024-01-23T08:03,False,Jonathan Lorencetti Ehlert,iNaturalist,http://creativecommons.org/licenses/by-sa/4.0/,Jonathan Lorencetti Ehlert,https://inaturalist-open-data.s3.amazonaws.com/photos/347927573/original.jpeg,k-brazil,2024-10-22 06:04:40
original_4516338442_1.jpeg,7309398,Vitex megapotamica,0.666,"Thalurania glaucopis (J.F.Gmelin, 1788)",2476548,-25.60032,-54.568434,61.0,SOUTH_AMERICA,Misiones,,,,2023-07-14T15:39,False,Mark,iNaturalist,http://creativecommons.org/licenses/by-nc/4.0/,Mark,https://inaturalist-open-data.s3.amazonaws.com/photos/345050421/original.jpeg,k-southern-south-america,2024-10-22 06:04:43
original_4516559061_1.jpeg,5319715,Epidendrum rigidum,2.73,"Thalurania glaucopis (J.F.Gmelin, 1788)",2476548,-27.03915,-49.473622,15.0,SOUTH_AMERICA,Santa Catarina,,,,2023-12-04T14:19,False,Jonathan Lorencetti Ehlert,iNaturalist,http://creativecommons.org/licenses/by-sa/4.0/,Jonathan Lorencetti Ehlert,https://inaturalist-open-data.s3.amazonaws.com/photos/346903405/original.jpeg; https://inaturalist-open-data.s3.amazonaws.com/photos/346903413/original.jpeg,k-brazil,2024-10-22 06:04:58
original_4516559061_2.jpeg,2872811,Anthurium gracile,4.21,"Thalurania glaucopis (J.F.Gmelin, 1788)",2476548,-27.03915,-49.473622,15.0,SOUTH_AMERICA,Santa Catarina,,,,2023-12-04T14:19,False,Jonathan Lorencetti Ehlert,iNaturalist,http://creativecommons.org/licenses/by-sa/4.0/,Jonathan Lorencetti Ehlert,https://inaturalist-open-data.s3.amazonaws.com/photos/346903405/original.jpeg; https://inaturalist-open-data.s3.amazonaws.com/photos/346903413/original.jpeg,k-brazil,2024-10-22 06:05:00
original_4516870540_1.jpeg,2950149,Chamaecrista hispidula,9.038,"Thalurania glaucopis (J.F.Gmelin, 1788)",2476548,-21.728195,-47.584906,205.0,SOUTH_AMERICA,São Paulo,,,,2024-01-20T13:45:45,False,Felipe Andreucci,iNaturalist,http://creativecommons.org/licenses/by-nc/4.0/,Felipe Andreucci,https://inaturalist-open-data.s3.amazonaws.com/photos/347226581/original.jpeg,k-brazil,2024-10-22 06:05:15
original_4516927369_1.jpg,5357680,Inga vera,14.176,"Thalurania glaucopis (J.F.Gmelin, 1788)",2476548,-23.404842,-45.015347,9.0,SOUTH_AMERICA,São Paulo,,,,2024-01-25T14:22:34,False,Liu Idárraga Orozco,iNaturalist,http://creativecommons.org/licenses/by-nc/4.0/,Liu Idárraga Orozco,https://inaturalist-open-data.s3.amazonaws.com/photos/347958696/original.jpeg; https://inaturalist-open-data.s3.amazonaws.com/photos/352431066/original.jpg,k-brazil,2024-10-22 06:05:17
original_4519059827_1.jpeg,3870634,Mouriri francavillana,10.26,"Thalurania glaucopis (J.F.Gmelin, 1788)",2476548,-22.449238,-42.773059,357.0,SOUTH_AMERICA,Rio de Janeiro,,,,2024-01-14T08:36,False,denismatthey,iNaturalist,http://creativecommons.org/licenses/by-nc/4.0/,denismatthey,https://inaturalist-open-data.s3.amazonaws.com/photos/348989943/original.jpeg,k-brazil,2024-10-22 06:05:19
original_4519144313_1.jpeg,5319715,Epidendrum rigidum,10.975,"Thalurania glaucopis (J.F.Gmelin, 1788)",2476548,-20.267708,-40.435311,206.0,SOUTH_AMERICA,Espírito Santo,,,,2002-11-30T00:00,False,Dr David Doolittle,iNaturalist,http://creativecommons.org/licenses/by-nc/4.0/,Dr David Doolittle,https://inaturalist-open-data.s3.amazonaws.com/photos/349038186/original.jpeg,k-brazil,2024-10-22 06:05:29
original_4519151544_1.jpeg,5677150,Chrysopogon zizanioides,0.924,"Thalurania glaucopis (J.F.Gmelin, 1788)",2476548,-22.442705,-44.526961,6.0,SOUTH_AMERICA,Rio de Janeiro,,,,2024-02-02T16:07:53,False,danielsd,iNaturalist,http://creativecommons.org/licenses/by-nc/4.0/,danielsd,https://inaturalist-open-data.s3.amazonaws.com/photos/349336543/original.jpeg; https://inaturalist-open-data.s3.amazonaws.com/photos/349336561/original.jpeg; https://inaturalist-open-data.s3.amazonaws.com/photos/349336569/original.jpeg; https://inaturalist-open-data.s3.amazonaws.com/photos/349336590/original.jpeg,k-brazil,2024-10-22 06:05:31
original_4519151544_2.jpeg,3169838,Allamanda schottii,3.526,"Thalurania glaucopis (J.F.Gmelin, 1788)",2476548,-22.442705,-44.526961,6.0,SOUTH_AMERICA,Rio de Janeiro,,,,2024-02-02T16:07:53,False,danielsd,iNaturalist,http://creativecommons.org/licenses/by-nc/4.0/,danielsd,https://inaturalist-open-data.s3.amazonaws.com/photos/349336543/original.jpeg; https://inaturalist-open-data.s3.amazonaws.com/photos/349336561/original.jpeg; https://inaturalist-open-data.s3.amazonaws.com/photos/349336569/original.jpeg; https://inaturalist-open-data.s3.amazonaws.com/photos/349336590/original.jpeg,k-brazil,2024-10-22 06:05:33
original_4519151544_3.jpeg,8034409,Canna indica,1.436,"Thalurania glaucopis (J.F.Gmelin, 1788)",2476548,-22.442705,-44.526961,6.0,SOUTH_AMERICA,Rio de Janeiro,,,,2024-02-02T16:07:53,False,danielsd,iNaturalist,http://creativecommons.org/licenses/by-nc/4.0/,danielsd,https://inaturalist-open-data.s3.amazonaws.com/photos/349336543/original.jpeg; https://inaturalist-open-data.s3.amazonaws.com/photos/349336561/original.jpeg; https://inaturalist-open-data.s3.amazonaws.com/photos/349336569/original.jpeg; https://inaturalist-open-data.s3.amazonaws.com/photos/349336590/original.jpeg,k-brazil,2024-10-22 06:05:35
original_4519172040_1.jpg,10863132,Pleroma urvilleanum,15.811,"Thalurania glaucopis (J.F.Gmelin, 1788)",2476548,-22.44315,-44.570698,7167.0,SOUTH_AMERICA,Rio de Janeiro,,,,2015-01-10T15:14,False,T P Anantheswaran,iNaturalist,http://creativecommons.org/licenses/by-nc/4.0/,T P Anantheswaran,https://inaturalist-open-data.s3.amazonaws.com/photos/349422198/original.jpg,k-brazil,2024-10-22 06:05:39
original_4519292665_1.jpg,3189950,Paullinia pinnata,11.588,"Thalurania glaucopis (J.F.Gmelin, 1788)",2476548,-18.782352,-42.08387,206.0,SOUTH_AMERICA,Minas Gerais,,,,2024-02-05T11:31,False,Nil Rodrigues,iNaturalist,http://creativecommons.org/licenses/by-nc/4.0/,Nil Rodrigues,https://inaturalist-open-data.s3.amazonaws.com/photos/349894752/original.jpg; https://inaturalist-open-data.s3.amazonaws.com/photos/349895320/original.jpg,k-brazil,2024-10-22 06:05:44
original_4519292665_2.jpg,2943522,Eperua falcata,2.0709999999999997,"Thalurania glaucopis (J.F.Gmelin, 1788)",2476548,-18.782352,-42.08387,206.0,SOUTH_AMERICA,Minas Gerais,,,,2024-02-05T11:31,False,Nil Rodrigues,iNaturalist,http://creativecommons.org/licenses/by-nc/4.0/,Nil Rodrigues,https://inaturalist-open-data.s3.amazonaws.com/photos/349894752/original.jpg; https://inaturalist-open-data.s3.amazonaws.com/photos/349895320/original.jpg,k-brazil,2024-10-22 06:05:46
original_4519306820_1.jpeg,2695342,Tillandsia adpressiflora,38.794000000000004,"Thalurania glaucopis (J.F.Gmelin, 1788)",2476548,-28.019528,-48.66052,9.0,SOUTH_AMERICA,Santa Catarina,,,,2024-02-06T07:13:58,False,Renan Martini,iNaturalist,http://creativecommons.org/licenses/by-nc/4.0/,Renan Martini,https://inaturalist-open-data.s3.amazonaws.com/photos/349991746/original.jpeg,k-brazil,2024-10-22 06:05:48
original_4519326968_1.jpeg,3083180,Bertholletia excelsa,3.768,"Thalurania glaucopis (J.F.Gmelin, 1788)",2476548,-28.019349,-48.660332,14.0,SOUTH_AMERICA,Santa Catarina,,,,2024-02-06T07:22:40,False,Renan Martini,iNaturalist,http://creativecommons.org/licenses/by-nc/4.0/,Renan Martini,https://inaturalist-open-data.s3.amazonaws.com/photos/349992965/original.jpeg,k-brazil,2024-10-22 06:05:52
original_4522557996_1.jpeg,2760766,Heliconia hirsuta,21.182000000000002,"Thalurania glaucopis (J.F.Gmelin, 1788)",2476548,-28.019525,-48.660506,9.0,SOUTH_AMERICA,Santa Catarina,,,,2024-02-07T07:14:05,False,Renan Martini,iNaturalist,http://creativecommons.org/licenses/by-nc/4.0/,Renan Martini,https://inaturalist-open-data.s3.amazonaws.com/photos/350151779/original.jpeg,k-brazil,2024-10-22 06:05:54
original_4522765271_1.jpg,7869676,Helicteres guazumifolia,1.41,"Thalurania glaucopis (J.F.Gmelin, 1788)",2476548,-23.779328,-46.298908,15.0,SOUTH_AMERICA,São Paulo,,,,2024-01-09,False,Luciano Bernardes,iNaturalist,http://creativecommons.org/licenses/by-nc/4.0/,Luciano Bernardes,https://inaturalist-open-data.s3.amazonaws.com/photos/351233009/original.jpg,k-brazil,2024-10-22 06:06:02
original_4522782677_1.jpeg,3172622,Sesamum indicum,1.712,"Thalurania glaucopis (J.F.Gmelin, 1788)",2476548,-22.4425,-44.5268,,SOUTH_AMERICA,Rio de Janeiro,,,,2024-02-12T14:47:02,False,danielsd,iNaturalist,http://creativecommons.org/licenses/by-nc/4.0/,danielsd,https://inaturalist-open-data.s3.amazonaws.com/photos/351092061/original.jpeg; https://inaturalist-open-data.s3.amazonaws.com/photos/351092085/original.jpeg; https://inaturalist-open-data.s3.amazonaws.com/photos/351092101/original.jpeg,k-brazil,2024-10-22 06:06:04
original_4522782677_2.jpeg,5349719,Erythrina crista-galli,3.7060000000000004,"Thalurania glaucopis (J.F.Gmelin, 1788)",2476548,-22.4425,-44.5268,,SOUTH_AMERICA,Rio de Janeiro,,,,2024-02-12T14:47:02,False,danielsd,iNaturalist,http://creativecommons.org/licenses/by-nc/4.0/,danielsd,https://inaturalist-open-data.s3.amazonaws.com/photos/351092061/original.jpeg; https://inaturalist-open-data.s3.amazonaws.com/photos/351092085/original.jpeg; https://inaturalist-open-data.s3.amazonaws.com/photos/351092101/original.jpeg,k-brazil,2024-10-22 06:06:06
original_4522824634_1.jpg,2768686,Asparagus setaceus,5.5440000000000005,"Thalurania glaucopis (J.F.Gmelin, 1788)",2476548,-22.427905,-43.502921,30278.0,SOUTH_AMERICA,Rio de Janeiro,,,,2024-02-12T11:25:59,False,Felippe Fonseca,iNaturalist,http://creativecommons.org/licenses/by-nc/4.0/,Felippe Fonseca,https://inaturalist-open-data.s3.amazonaws.com/photos/351075811/original.jpg; https://inaturalist-open-data.s3.amazonaws.com/photos/351075818/original.jpg; https://inaturalist-open-data.s3.amazonaws.com/photos/351075825/original.jpg; https://inaturalist-open-data.s3.amazonaws.com/photos/351075835/original.jpg,k-brazil,2024-10-22 06:06:16
original_4522824634_2.jpg,2768686,Asparagus setaceus,0.9570000000000001,"Thalurania glaucopis (J.F.Gmelin, 1788)",2476548,-22.427905,-43.502921,30278.0,SOUTH_AMERICA,Rio de Janeiro,,,,2024-02-12T11:25:59,False,Felippe Fonseca,iNaturalist,http://creativecommons.org/licenses/by-nc/4.0/,Felippe Fonseca,https://inaturalist-open-data.s3.amazonaws.com/photos/351075811/original.jpg; https://inaturalist-open-data.s3.amazonaws.com/photos/351075818/original.jpg; https://inaturalist-open-data.s3.amazonaws.com/photos/351075825/original.jpg; https://inaturalist-open-data.s3.amazonaws.com/photos/351075835/original.jpg,k-brazil,2024-10-22 06:06:17
original_4522824634_3.jpg,3034807,Conium maculatum,8.626000000000001,"Thalurania glaucopis (J.F.Gmelin, 1788)",2476548,-22.427905,-43.502921,30278.0,SOUTH_AMERICA,Rio de Janeiro,,,,2024-02-12T11:25:59,False,Felippe Fonseca,iNaturalist,http://creativecommons.org/licenses/by-nc/4.0/,Felippe Fonseca,https://inaturalist-open-data.s3.amazonaws.com/photos/351075811/original.jpg; https://inaturalist-open-data.s3.amazonaws.com/photos/351075818/original.jpg; https://inaturalist-open-data.s3.amazonaws.com/photos/351075825/original.jpg; https://inaturalist-open-data.s3.amazonaws.com/photos/351075835/original.jpg,k-brazil,2024-10-22 06:06:20
original_4522824634_4.jpg,2768686,Asparagus setaceus,8.083,"Thalurania glaucopis (J.F.Gmelin, 1788)",2476548,-22.427905,-43.502921,30278.0,SOUTH_AMERICA,Rio de Janeiro,,,,2024-02-12T11:25:59,False,Felippe Fonseca,iNaturalist,http://creativecommons.org/licenses/by-nc/4.0/,Felippe Fonseca,https://inaturalist-open-data.s3.amazonaws.com/photos/351075811/original.jpg; https://inaturalist-open-data.s3.amazonaws.com/photos/351075818/original.jpg; https://inaturalist-open-data.s3.amazonaws.com/photos/351075825/original.jpg; https://inaturalist-open-data.s3.amazonaws.com/photos/351075835/original.jpg,k-brazil,2024-10-22 06:06:22
original_4525071538_1.jpg,3071171,Hevea brasiliensis,4.297,"Thalurania glaucopis (J.F.Gmelin, 1788)",2476548,-23.205227,-46.156279,1091.0,SOUTH_AMERICA,São Paulo,,,,2024-02-12T12:43,False,Enéas V. Gouvêa Junior,iNaturalist,http://creativecommons.org/licenses/by-sa/4.0/,Enéas V. Gouvêa Junior,https://inaturalist-open-data.s3.amazonaws.com/photos/351420364/original.jpg,k-brazil,2024-10-22 06:06:27
original_4525110719_1.jpg,7107974,Cedrela fissilis,2.715,"Thalurania glaucopis (J.F.Gmelin, 1788)",2476548,-22.740846,-45.594391,6637.0,SOUTH_AMERICA,São Paulo,,,,2024-02-11T13:00,False,Isac Souza,iNaturalist,http://creativecommons.org/licenses/by/4.0/,Isac Souza,https://inaturalist-open-data.s3.amazonaws.com/photos/351670216/original.jpg,k-brazil,2024-10-22 06:06:33
original_4525146681_1.jpg,Unknown,Unknown,0,"Thalurania glaucopis (J.F.Gmelin, 1788)",2476548,-22.659317,-45.854453,764.0,SOUTH_AMERICA,Minas Gerais,,,,2024-02-11T11:29,False,Ronaldo Garcia,iNaturalist,http://creativecommons.org/licenses/by-nc/4.0/,Ronaldo Garcia,https://inaturalist-open-data.s3.amazonaws.com/photos/351410246/original.jpg,k-brazil,2024-10-22 06:06:36
original_4525161655_1.jpeg,3587005,Passiflora misera,17.192,"Thalurania glaucopis (J.F.Gmelin, 1788)",2476548,-26.97184,-48.628085,18.0,SOUTH_AMERICA,Santa Catarina,,,,2024-02-11T07:49,False,fbernasconi,iNaturalist,http://creativecommons.org/licenses/by-nc/4.0/,fbernasconi,https://inaturalist-open-data.s3.amazonaws.com/photos/351657932/original.jpeg,k-brazil,2024-10-22 06:06:39
original_4525164976_2.jpeg,2698340,Aechmea blanchetiana,70.15,"Thalurania glaucopis (J.F.Gmelin, 1788)",2476548,-28.019541,-48.660555,8.0,SOUTH_AMERICA,Santa Catarina,,,,2024-02-17T07:23:19,False,Renan Martini,iNaturalist,http://creativecommons.org/licenses/by-nc/4.0/,Renan Martini,https://inaturalist-open-data.s3.amazonaws.com/photos/351926283/original.jpeg; https://inaturalist-open-data.s3.amazonaws.com/photos/351926300/original.jpeg,k-brazil,2024-10-22 06:06:43
original_4525168541_1.jpeg,5556447,Clusia grandiflora,0.807,"Thalurania glaucopis (J.F.Gmelin, 1788)",2476548,-23.338157,-44.706655,8.0,SOUTH_AMERICA,Rio de Janeiro,,,,2024-01-24T10:21:47,False,Liu Idárraga Orozco,iNaturalist,http://creativecommons.org/licenses/by-nc/4.0/,Liu Idárraga Orozco,https://inaturalist-open-data.s3.amazonaws.com/photos/351835359/original.jpeg; https://inaturalist-open-data.s3.amazonaws.com/photos/351835364/original.jpeg; https://static.inaturalist.org/sounds/898918.wav?1708126072,k-brazil,2024-10-22 06:06:45
original_4525168541_2.jpeg,5556447,Clusia grandiflora,0.8340000000000001,"Thalurania glaucopis (J.F.Gmelin, 1788)",2476548,-23.338157,-44.706655,8.0,SOUTH_AMERICA,Rio de Janeiro,,,,2024-01-24T10:21:47,False,Liu Idárraga Orozco,iNaturalist,http://creativecommons.org/licenses/by-nc/4.0/,Liu Idárraga Orozco,https://inaturalist-open-data.s3.amazonaws.com/photos/351835359/original.jpeg; https://inaturalist-open-data.s3.amazonaws.com/photos/351835364/original.jpeg; https://static.inaturalist.org/sounds/898918.wav?1708126072,k-brazil,2024-10-22 06:06:49
original_4525216490_1.jpeg,2693899,Billbergia porteana,13.993,"Thalurania glaucopis (J.F.Gmelin, 1788)",2476548,-27.099337,-48.894205,711.0,SOUTH_AMERICA,Santa Catarina,,,,2024-02-17T11:30,False,kinho_observador,iNaturalist,http://creativecommons.org/licenses/by-nc/4.0/,kinho_observador,https://inaturalist-open-data.s3.amazonaws.com/photos/352024390/original.jpeg,k-brazil,2024-10-22 06:06:51
original_4525259401_1.jpg,5412613,Centropogon cornutus,2.394,"Thalurania glaucopis (J.F.Gmelin, 1788)",2476548,-22.459359,-43.546259,30278.0,SOUTH_AMERICA,Rio de Janeiro,,,,2024-02-17T10:09:40,False,Felippe Fonseca,iNaturalist,http://creativecommons.org/licenses/by-nc/4.0/,Felippe Fonseca,https://inaturalist-open-data.s3.amazonaws.com/photos/351965774/original.jpg; https://inaturalist-open-data.s3.amazonaws.com/photos/351965789/original.jpg; https://inaturalist-open-data.s3.amazonaws.com/photos/351965803/original.jpg,k-brazil,2024-10-22 06:06:59
original_4525264363_1.jpg,8924323,Ludwigia hyssopifolia,2.481,"Thalurania glaucopis (J.F.Gmelin, 1788)",2476548,-23.963247,-47.507167,1218.0,SOUTH_AMERICA,São Paulo,,,,2018-08-12T10:42,False,Jarbas Mattos,iNaturalist,http://creativecommons.org/licenses/by-nc/4.0/,Jarbas Mattos,https://inaturalist-open-data.s3.amazonaws.com/photos/352176535/original.jpg,k-brazil,2024-10-22 06:07:05
original_4527979591_1.jpeg,5361926,Ficus americana,5.865,"Thalurania glaucopis (J.F.Gmelin, 1788)",2476548,-23.335493,-46.620346,129.0,SOUTH_AMERICA,São Paulo,,,,2024-02-21T15:31:02,False,Cristiane Bolochio,iNaturalist,http://creativecommons.org/licenses/by-nc/4.0/,Cristiane Bolochio,https://inaturalist-open-data.s3.amazonaws.com/photos/352805149/original.jpeg; https://inaturalist-open-data.s3.amazonaws.com/photos/352805172/original.jpeg,k-brazil,2024-10-22 06:07:14
original_4527979591_2.jpeg,5371729,Nectandra turbacensis,6.917,"Thalurania glaucopis (J.F.Gmelin, 1788)",2476548,-23.335493,-46.620346,129.0,SOUTH_AMERICA,São Paulo,,,,2024-02-21T15:31:02,False,Cristiane Bolochio,iNaturalist,http://creativecommons.org/licenses/by-nc/4.0/,Cristiane Bolochio,https://inaturalist-open-data.s3.amazonaws.com/photos/352805149/original.jpeg; https://inaturalist-open-data.s3.amazonaws.com/photos/352805172/original.jpeg,k-brazil,2024-10-22 06:07:16
original_4527991646_1.jpeg,5289756,Phalaris arundinacea,1.383,"Thalurania glaucopis (J.F.Gmelin, 1788)",2476548,-22.4528,-42.7703,1000.0,SOUTH_AMERICA,Rio de Janeiro,,,,2017-03-28T14:27,False,peterallenbds,iNaturalist,http://creativecommons.org/licenses/by-nc/4.0/,peterallenbds,https://inaturalist-open-data.s3.amazonaws.com/photos/352809318/original.jpeg,k-brazil,2024-10-22 06:07:18
original_4528249550_4.jpeg,3152052,Apeiba tibourbou,2.164,"Thalurania glaucopis (J.F.Gmelin, 1788)",2476548,-27.992168,-48.647112,82.0,SOUTH_AMERICA,Santa Catarina,,,,2024-01-30T08:47:29,False,Christian,iNaturalist,http://creativecommons.org/licenses/by-nc/4.0/,Christian,https://inaturalist-open-data.s3.amazonaws.com/photos/352795978/original.jpeg; https://inaturalist-open-data.s3.amazonaws.com/photos/352795991/original.jpeg; https://inaturalist-open-data.s3.amazonaws.com/photos/352796010/original.jpeg; https://inaturalist-open-data.s3.amazonaws.com/photos/352796031/original.jpeg,k-brazil,2024-10-22 06:07:28
original_4528336694_1.jpg,5350336,Derris trifoliata,8.138,"Thalurania glaucopis (J.F.Gmelin, 1788)",2476548,-23.758434,-45.92587,10.0,SOUTH_AMERICA,São Paulo,,,,2023-11-10T11:54:03,False,faelfk,iNaturalist,http://creativecommons.org/licenses/by-nc/4.0/,faelfk,https://inaturalist-open-data.s3.amazonaws.com/photos/353548009/original.jpg,k-brazil,2024-10-22 06:07:32
original_4528340544_1.jpg,5319583,Cyrtopodium parviflorum,5.005,"Thalurania glaucopis (J.F.Gmelin, 1788)",2476548,-20.23502,-40.400901,30490.0,SOUTH_AMERICA,Espírito Santo,,,,2024-02-11T10:36,False,Leonardo Merçon,iNaturalist,http://creativecommons.org/licenses/by-nc/4.0/,Leonardo Merçon,https://inaturalist-open-data.s3.amazonaws.com/photos/353400643/original.jpg; https://inaturalist-open-data.s3.amazonaws.com/photos/353400651/original.jpg,k-brazil,2024-10-22 06:07:34
original_4528340544_2.jpg,5319583,Cyrtopodium parviflorum,1.432,"Thalurania glaucopis (J.F.Gmelin, 1788)",2476548,-20.23502,-40.400901,30490.0,SOUTH_AMERICA,Espírito Santo,,,,2024-02-11T10:36,False,Leonardo Merçon,iNaturalist,http://creativecommons.org/licenses/by-nc/4.0/,Leonardo Merçon,https://inaturalist-open-data.s3.amazonaws.com/photos/353400643/original.jpg; https://inaturalist-open-data.s3.amazonaws.com/photos/353400651/original.jpg,k-brazil,2024-10-22 06:07:36
original_4528414325_1.jpeg,3616287,Mandevilla sanderi,0.598,"Thalurania glaucopis (J.F.Gmelin, 1788)",2476548,-22.4528,-42.7703,1000.0,SOUTH_AMERICA,Rio de Janeiro,,,,2016-01-22T16:31,False,peterallenbds,iNaturalist,http://creativecommons.org/licenses/by-nc/4.0/,peterallenbds,https://inaturalist-open-data.s3.amazonaws.com/photos/353974347/original.jpeg,k-brazil,2024-10-22 06:07:38
original_4535610234_1.jpeg,2760766,Heliconia hirsuta,50.663000000000004,"Thalurania glaucopis (J.F.Gmelin, 1788)",2476548,-28.019531,-48.660507,11.0,SOUTH_AMERICA,Santa Catarina,,,,2024-02-18T13:14:56,False,Renan Martini,iNaturalist,http://creativecommons.org/licenses/by-nc/4.0/,Renan Martini,https://inaturalist-open-data.s3.amazonaws.com/photos/353423544/original.jpeg,k-brazil,2024-10-22 06:07:41
original_4535708693_1.jpg,2760548,Heliconia stricta,0.72,"Thalurania glaucopis (J.F.Gmelin, 1788)",2476548,-22.968933,-43.223212,70.0,SOUTH_AMERICA,Rio de Janeiro,,,,2023-12-30T13:14,False,mila_l,iNaturalist,http://creativecommons.org/licenses/by-nc/4.0/,mila_l,https://inaturalist-open-data.s3.amazonaws.com/photos/355006037/original.jpg,k-brazil,2024-10-22 06:07:43
original_4535727616_1.jpeg,3084036,Rhipsalis baccifera,32.454,"Thalurania glaucopis (J.F.Gmelin, 1788)",2476548,-23.057273,-46.641048,163.0,SOUTH_AMERICA,São Paulo,,,,2024-02-27T17:23,False,manequinho,iNaturalist,http://creativecommons.org/licenses/by-nc/4.0/,manequinho,https://inaturalist-open-data.s3.amazonaws.com/photos/354978571/original.jpeg,k-brazil,2024-10-22 06:07:48
original_4535926522_1.jpg,2932913,Brunfelsia uniflora,3.61,"Thalurania glaucopis (J.F.Gmelin, 1788)",2476548,-22.413767,-42.619392,35.0,SOUTH_AMERICA,Rio de Janeiro,,,,2024-02-27T21:22,False,mrsckoddas,iNaturalist,http://creativecommons.org/licenses/by-nc/4.0/,mrsckoddas,https://inaturalist-open-data.s3.amazonaws.com/photos/354245793/original.jpg; https://inaturalist-open-data.s3.amazonaws.com/photos/354245805/original.jpg,k-brazil,2024-10-22 06:07:51
original_4535926522_2.jpg,5660277,Cordia americana,3.458,"Thalurania glaucopis (J.F.Gmelin, 1788)",2476548,-22.413767,-42.619392,35.0,SOUTH_AMERICA,Rio de Janeiro,,,,2024-02-27T21:22,False,mrsckoddas,iNaturalist,http://creativecommons.org/licenses/by-nc/4.0/,mrsckoddas,https://inaturalist-open-data.s3.amazonaws.com/photos/354245793/original.jpg; https://inaturalist-open-data.s3.amazonaws.com/photos/354245805/original.jpg,k-brazil,2024-10-22 06:07:53
original_4535936248_1.jpeg,5289330,Vriesea carinata,2.943,"Thalurania glaucopis (J.F.Gmelin, 1788)",2476548,-23.67499,-46.408599,2.0,SOUTH_AMERICA,São Paulo,,,,2023-04-20T12:14,False,miguelmagro,iNaturalist,http://creativecommons.org/licenses/by-nc/4.0/,miguelmagro,https://inaturalist-open-data.s3.amazonaws.com/photos/355440262/original.jpeg,k-brazil,2024-10-22 06:07:55
original_4535988724_1.jpeg,2698340,Aechmea blanchetiana,56.547000000000004,"Thalurania glaucopis (J.F.Gmelin, 1788)",2476548,-28.019543,-48.660516,9.0,SOUTH_AMERICA,Santa Catarina,,,,2024-03-02T07:35:25,False,Renan Martini,iNaturalist,http://creativecommons.org/licenses/by-nc/4.0/,Renan Martini,https://inaturalist-open-data.s3.amazonaws.com/photos/355045061/original.jpeg,k-brazil,2024-10-22 06:07:57
original_4596980133_1.jpeg,2792457,Polystachya concreta,1.4040000000000001,"Thalurania glaucopis (J.F.Gmelin, 1788)",2476548,-28.019589,-48.660584,8.0,SOUTH_AMERICA,Santa Catarina,,,,2024-03-06T06:32:46,False,Renan Martini,iNaturalist,http://creativecommons.org/licenses/by-nc/4.0/,Renan Martini,https://inaturalist-open-data.s3.amazonaws.com/photos/356964982/original.jpeg,k-brazil,2024-10-22 06:08:01
original_4597028800_3.jpg,5420380,Psidium guajava,0.8710000000000001,"Thalurania glaucopis (J.F.Gmelin, 1788)",2476548,-22.432112,-44.615352,,SOUTH_AMERICA,Rio de Janeiro,,,,2024-01-15T16:55,False,Cameron Eckert,iNaturalist,http://creativecommons.org/licenses/by-nc/4.0/,Cameron Eckert,https://inaturalist-open-data.s3.amazonaws.com/photos/357392888/original.jpg; https://inaturalist-open-data.s3.amazonaws.com/photos/357392889/original.jpg; https://inaturalist-open-data.s3.amazonaws.com/photos/357392919/original.jpg,k-brazil,2024-10-22 06:08:13
original_4597376608_1.jpg,2895593,Genipa americana,1.584,"Thalurania glaucopis (J.F.Gmelin, 1788)",2476548,-27.208913,-54.033225,1953.0,SOUTH_AMERICA,Misiones,,,,2024-02-18T07:35,False,Adrian Antunez,iNaturalist,http://creativecommons.org/licenses/by-nc/4.0/,Adrian Antunez,https://inaturalist-open-data.s3.amazonaws.com/photos/355980049/original.jpg,k-southern-south-america,2024-10-22 06:08:22
original_4597406925_1.jpeg,5320021,Epidendrum nocturnum,9.554,"Thalurania glaucopis (J.F.Gmelin, 1788)",2476548,-23.799372,-46.022942,22594.0,SOUTH_AMERICA,São Paulo,,,,2024-03-09T15:41:56,False,miguelpodas,iNaturalist,http://creativecommons.org/licenses/by-sa/4.0/,miguelpodas,https://inaturalist-open-data.s3.amazonaws.com/photos/356879622/original.jpeg,k-brazil,2024-10-22 06:08:27
original_4597447159_1.jpg,3133616,Eremanthus erythropappus,10.265,"Thalurania glaucopis (J.F.Gmelin, 1788)",2476548,-20.481445,-41.838433,10.0,SOUTH_AMERICA,Minas Gerais,,,,2024-03-16T12:27:20,False,Claudio Novaes,iNaturalist,http://creativecommons.org/licenses/by-nc/4.0/,Claudio Novaes,https://inaturalist-open-data.s3.amazonaws.com/photos/358315048/original.jpg; https://inaturalist-open-data.s3.amazonaws.com/photos/358315073/original.jpg; https://inaturalist-open-data.s3.amazonaws.com/photos/358315103/original.jpg,k-brazil,2024-10-22 06:08:32
original_4597447159_2.jpg,5314558,Laelia gloriosa,0.9169999999999999,"Thalurania glaucopis (J.F.Gmelin, 1788)",2476548,-20.481445,-41.838433,10.0,SOUTH_AMERICA,Minas Gerais,,,,2024-03-16T12:27:20,False,Claudio Novaes,iNaturalist,http://creativecommons.org/licenses/by-nc/4.0/,Claudio Novaes,https://inaturalist-open-data.s3.amazonaws.com/photos/358315048/original.jpg; https://inaturalist-open-data.s3.amazonaws.com/photos/358315073/original.jpg; https://inaturalist-open-data.s3.amazonaws.com/photos/358315103/original.jpg,k-brazil,2024-10-22 06:08:34
original_4597447159_3.jpg,3191361,Byrsonima crassifolia,8.848,"Thalurania glaucopis (J.F.Gmelin, 1788)",2476548,-20.481445,-41.838433,10.0,SOUTH_AMERICA,Minas Gerais,,,,2024-03-16T12:27:20,False,Claudio Novaes,iNaturalist,http://creativecommons.org/licenses/by-nc/4.0/,Claudio Novaes,https://inaturalist-open-data.s3.amazonaws.com/photos/358315048/original.jpg; https://inaturalist-open-data.s3.amazonaws.com/photos/358315073/original.jpg; https://inaturalist-open-data.s3.amazonaws.com/photos/358315103/original.jpg,k-brazil,2024-10-22 06:08:36
original_4597465440_1.jpeg,5321877,Ionopsis utricularioides,1.431,"Thalurania glaucopis (J.F.Gmelin, 1788)",2476548,-25.600326,-54.568596,198.0,SOUTH_AMERICA,Misiones,,,,2023-06-22T13:23,False,MarcosHalemFelix,iNaturalist,http://creativecommons.org/licenses/by-nc/4.0/,MarcosHalemFelix,https://inaturalist-open-data.s3.amazonaws.com/photos/357203357/original.jpeg,k-southern-south-america,2024-10-22 06:08:38
original_4597574618_1.jpg,3169756,Nerium oleander,1.469,"Thalurania glaucopis (J.F.Gmelin, 1788)",2476548,-23.152084,-44.228944,16031.0,SOUTH_AMERICA,Rio de Janeiro,,,,2012-06-26T14:12,False,mmostert12,iNaturalist,http://creativecommons.org/licenses/by-nc/4.0/,mmostert12,https://inaturalist-open-data.s3.amazonaws.com/photos/358026316/original.jpg; https://inaturalist-open-data.s3.amazonaws.com/photos/358026337/original.jpg,k-brazil,2024-10-22 06:08:44
original_4597574618_2.jpg,3169756,Nerium oleander,2.851,"Thalurania glaucopis (J.F.Gmelin, 1788)",2476548,-23.152084,-44.228944,16031.0,SOUTH_AMERICA,Rio de Janeiro,,,,2012-06-26T14:12,False,mmostert12,iNaturalist,http://creativecommons.org/licenses/by-nc/4.0/,mmostert12,https://inaturalist-open-data.s3.amazonaws.com/photos/358026316/original.jpg; https://inaturalist-open-data.s3.amazonaws.com/photos/358026337/original.jpg,k-brazil,2024-10-22 06:08:46
original_4599892566_1.jpeg,4092146,Handroanthus ochraceus,5.4510000000000005,"Thalurania glaucopis (J.F.Gmelin, 1788)",2476548,-24.318292,-46.99406,11727.0,SOUTH_AMERICA,São Paulo,,,,2022-06-28T09:13,False,Sandra,iNaturalist,http://creativecommons.org/licenses/by-nc/4.0/,Sandra,https://inaturalist-open-data.s3.amazonaws.com/photos/360190145/original.jpeg,k-brazil,2024-10-22 06:08:48
original_4600089651_1.jpg,2958715,Caesalpinia pulcherrima,14.393,"Thalurania glaucopis (J.F.Gmelin, 1788)",2476548,-22.945697,-43.097236,4.0,SOUTH_AMERICA,Rio de Janeiro,,,,2024-03-22T13:40:11,False,Gustavo Henrique,iNaturalist,http://creativecommons.org/licenses/by-nc/4.0/,Gustavo Henrique,https://inaturalist-open-data.s3.amazonaws.com/photos/359601751/original.jpg,k-brazil,2024-10-22 06:08:54
original_4606666753_1.jpg,2946600,Clitoria fairchildiana,7.054,"Thalurania glaucopis (J.F.Gmelin, 1788)",2476548,-20.316987,-40.803768,416.0,SOUTH_AMERICA,Espírito Santo,,,,2018-05-27T14:27,False,eduardovieira17,iNaturalist,http://creativecommons.org/licenses/by-nc/4.0/,eduardovieira17,https://inaturalist-open-data.s3.amazonaws.com/photos/360892987/original.jpg,k-brazil,2024-10-22 06:08:57
original_4606784072_1.jpg,5384862,Bougainvillea glabra,1.411,"Thalurania glaucopis (J.F.Gmelin, 1788)",2476548,-29.513611,-51.028801,4655.0,SOUTH_AMERICA,Rio Grande do Sul,,,,2024-03-30T10:28:17,False,lauraroehe,iNaturalist,http://creativecommons.org/licenses/by-nc/4.0/,lauraroehe,https://inaturalist-open-data.s3.amazonaws.com/photos/361620359/original.jpg; https://inaturalist-open-data.s3.amazonaws.com/photos/361620377/original.jpg; https://inaturalist-open-data.s3.amazonaws.com/photos/361620408/original.jpg,k-brazil,2024-10-22 06:09:00
original_4606784072_2.jpg,3173122,Justicia brandegeeana,0.232,"Thalurania glaucopis (J.F.Gmelin, 1788)",2476548,-29.513611,-51.028801,4655.0,SOUTH_AMERICA,Rio Grande do Sul,,,,2024-03-30T10:28:17,False,lauraroehe,iNaturalist,http://creativecommons.org/licenses/by-nc/4.0/,lauraroehe,https://inaturalist-open-data.s3.amazonaws.com/photos/361620359/original.jpg; https://inaturalist-open-data.s3.amazonaws.com/photos/361620377/original.jpg; https://inaturalist-open-data.s3.amazonaws.com/photos/361620408/original.jpg,k-brazil,2024-10-22 06:09:01
original_4606784072_3.jpg,5384862,Bougainvillea glabra,0.6890000000000001,"Thalurania glaucopis (J.F.Gmelin, 1788)",2476548,-29.513611,-51.028801,4655.0,SOUTH_AMERICA,Rio Grande do Sul,,,,2024-03-30T10:28:17,False,lauraroehe,iNaturalist,http://creativecommons.org/licenses/by-nc/4.0/,lauraroehe,https://inaturalist-open-data.s3.amazonaws.com/photos/361620359/original.jpg; https://inaturalist-open-data.s3.amazonaws.com/photos/361620377/original.jpg; https://inaturalist-open-data.s3.amazonaws.com/photos/361620408/original.jpg,k-brazil,2024-10-22 06:09:03
original_4606896194_1.jpg,2885742,Chrysophyllum argenteum,1.118,"Thalurania glaucopis (J.F.Gmelin, 1788)",2476548,-22.446468,-44.613393,,SOUTH_AMERICA,Rio de Janeiro,,,,2024-01-16T15:21,False,Cameron Eckert,iNaturalist,http://creativecommons.org/licenses/by-nc/4.0/,Cameron Eckert,https://inaturalist-open-data.s3.amazonaws.com/photos/364352652/original.jpg; https://inaturalist-open-data.s3.amazonaws.com/photos/364352694/original.jpg; https://inaturalist-open-data.s3.amazonaws.com/photos/364352803/original.jpg; https://inaturalist-open-data.s3.amazonaws.com/photos/364352832/original.jpg; https://inaturalist-open-data.s3.amazonaws.com/photos/364352842/original.jpg,k-brazil,2024-10-22 06:09:06
original_4606896194_2.jpg,8181448,Psittacanthus robustus,1.31,"Thalurania glaucopis (J.F.Gmelin, 1788)",2476548,-22.446468,-44.613393,,SOUTH_AMERICA,Rio de Janeiro,,,,2024-01-16T15:21,False,Cameron Eckert,iNaturalist,http://creativecommons.org/licenses/by-nc/4.0/,Cameron Eckert,https://inaturalist-open-data.s3.amazonaws.com/photos/364352652/original.jpg; https://inaturalist-open-data.s3.amazonaws.com/photos/364352694/original.jpg; https://inaturalist-open-data.s3.amazonaws.com/photos/364352803/original.jpg; https://inaturalist-open-data.s3.amazonaws.com/photos/364352832/original.jpg; https://inaturalist-open-data.s3.amazonaws.com/photos/364352842/original.jpg,k-brazil,2024-10-22 06:09:08
original_4606896194_3.jpg,2885742,Chrysophyllum argenteum,1.598,"Thalurania glaucopis (J.F.Gmelin, 1788)",2476548,-22.446468,-44.613393,,SOUTH_AMERICA,Rio de Janeiro,,,,2024-01-16T15:21,False,Cameron Eckert,iNaturalist,http://creativecommons.org/licenses/by-nc/4.0/,Cameron Eckert,https://inaturalist-open-data.s3.amazonaws.com/photos/364352652/original.jpg; https://inaturalist-open-data.s3.amazonaws.com/photos/364352694/original.jpg; https://inaturalist-open-data.s3.amazonaws.com/photos/364352803/original.jpg; https://inaturalist-open-data.s3.amazonaws.com/photos/364352832/original.jpg; https://inaturalist-open-data.s3.amazonaws.com/photos/364352842/original.jpg,k-brazil,2024-10-22 06:09:10
original_4606896194_4.jpg,2695342,Tillandsia adpressiflora,1.9529999999999998,"Thalurania glaucopis (J.F.Gmelin, 1788)",2476548,-22.446468,-44.613393,,SOUTH_AMERICA,Rio de Janeiro,,,,2024-01-16T15:21,False,Cameron Eckert,iNaturalist,http://creativecommons.org/licenses/by-nc/4.0/,Cameron Eckert,https://inaturalist-open-data.s3.amazonaws.com/photos/364352652/original.jpg; https://inaturalist-open-data.s3.amazonaws.com/photos/364352694/original.jpg; https://inaturalist-open-data.s3.amazonaws.com/photos/364352803/original.jpg; https://inaturalist-open-data.s3.amazonaws.com/photos/364352832/original.jpg; https://inaturalist-open-data.s3.amazonaws.com/photos/364352842/original.jpg,k-brazil,2024-10-22 06:09:12
original_4606896194_5.jpg,5288894,Vriesea gigantea,1.0250000000000001,"Thalurania glaucopis (J.F.Gmelin, 1788)",2476548,-22.446468,-44.613393,,SOUTH_AMERICA,Rio de Janeiro,,,,2024-01-16T15:21,False,Cameron Eckert,iNaturalist,http://creativecommons.org/licenses/by-nc/4.0/,Cameron Eckert,https://inaturalist-open-data.s3.amazonaws.com/photos/364352652/original.jpg; https://inaturalist-open-data.s3.amazonaws.com/photos/364352694/original.jpg; https://inaturalist-open-data.s3.amazonaws.com/photos/364352803/original.jpg; https://inaturalist-open-data.s3.amazonaws.com/photos/364352832/original.jpg; https://inaturalist-open-data.s3.amazonaws.com/photos/364352842/original.jpg,k-brazil,2024-10-22 06:09:15
original_4606929838_2.jpeg,3866517,Bellucia pentamera,23.012,"Thalurania glaucopis (J.F.Gmelin, 1788)",2476548,-22.420228,-44.531875,,SOUTH_AMERICA,Rio de Janeiro,,,,2024-04-07T14:51:30,False,danielsd,iNaturalist,http://creativecommons.org/licenses/by-nc/4.0/,danielsd,https://inaturalist-open-data.s3.amazonaws.com/photos/364666907/original.jpeg; https://inaturalist-open-data.s3.amazonaws.com/photos/364666936/original.jpeg,k-brazil,2024-10-22 06:09:17
original_4607184976_1.jpg,8036286,Tabernaemontana heterophylla,1.867,"Thalurania glaucopis (J.F.Gmelin, 1788)",2476548,-20.741804,-41.27724,566.0,SOUTH_AMERICA,Espírito Santo,,,,2018-05-29T10:20,False,eduardovieira17,iNaturalist,http://creativecommons.org/licenses/by-nc/4.0/,eduardovieira17,https://inaturalist-open-data.s3.amazonaws.com/photos/364524515/original.jpg,k-brazil,2024-10-22 06:09:22
original_4607256870_1.jpeg,8252714,Ruellia asperula,1.533,"Thalurania glaucopis (J.F.Gmelin, 1788)",2476548,-22.310076,-42.497062,204.0,SOUTH_AMERICA,Rio de Janeiro,,,,2024-02-03T16:24,False,bettinadungs,iNaturalist,http://creativecommons.org/licenses/by-nc/4.0/,bettinadungs,https://inaturalist-open-data.s3.amazonaws.com/photos/364264391/original.jpeg,k-brazil,2024-10-22 06:09:25
original_4607353349_1.jpeg,8034409,Canna indica,7.5009999999999994,"Thalurania glaucopis (J.F.Gmelin, 1788)",2476548,-30.070442,-51.119422,15.0,SOUTH_AMERICA,Rio Grande do Sul,,,,2023-08-28T15:18:39,False,Bruno Grassi,iNaturalist,http://creativecommons.org/licenses/by-nc/4.0/,Bruno Grassi,https://inaturalist-open-data.s3.amazonaws.com/photos/314724422/original.jpeg,k-brazil,2024-10-22 06:09:28
original_4607382384_1.jpg,2756853,Costus erythrothyrsus,1.149,"Thalurania glaucopis (J.F.Gmelin, 1788)",2476548,-23.469597,-45.169247,4.0,SOUTH_AMERICA,São Paulo,,,,2024-04-10T09:18:49,False,joao_andretwi,iNaturalist,http://creativecommons.org/licenses/by-nc/4.0/,joao_andretwi,https://inaturalist-open-data.s3.amazonaws.com/photos/365178277/original.jpg; https://inaturalist-open-data.s3.amazonaws.com/photos/365179157/original.jpg,k-brazil,2024-10-22 06:09:30
original_4607382384_2.jpg,2756853,Costus erythrothyrsus,1.473,"Thalurania glaucopis (J.F.Gmelin, 1788)",2476548,-23.469597,-45.169247,4.0,SOUTH_AMERICA,São Paulo,,,,2024-04-10T09:18:49,False,joao_andretwi,iNaturalist,http://creativecommons.org/licenses/by-nc/4.0/,joao_andretwi,https://inaturalist-open-data.s3.amazonaws.com/photos/365178277/original.jpg; https://inaturalist-open-data.s3.amazonaws.com/photos/365179157/original.jpg,k-brazil,2024-10-22 06:09:33
original_4607417628_1.jpeg,4929146,Schnella kunthiana,1.46,"Thalurania glaucopis (J.F.Gmelin, 1788)",2476548,-12.543419,-41.575249,500.0,SOUTH_AMERICA,Bahia,,,,2024-04-03T07:58,False,steve b,iNaturalist,http://creativecommons.org/publicdomain/zero/1.0/,steve b,https://inaturalist-open-data.s3.amazonaws.com/photos/362998102/original.jpeg,k-brazil,2024-10-22 06:09:35
original_4846806996_1.jpeg,7167078,Bougainvillea spectabilis,11.681,"Thalurania glaucopis (J.F.Gmelin, 1788)",2476548,-22.716875,-45.851997,263.0,SOUTH_AMERICA,Minas Gerais,,,,2024-04-13T16:07:32,False,Cristiane Bolochio,iNaturalist,http://creativecommons.org/licenses/by-nc/4.0/,Cristiane Bolochio,https://inaturalist-open-data.s3.amazonaws.com/photos/366623177/original.jpeg,k-brazil,2024-10-22 06:09:50
original_4846884819_1.jpg,2702901,Leersia hexandra,3.5340000000000003,"Thalurania glaucopis (J.F.Gmelin, 1788)",2476548,-23.776955,-46.301333,281.0,SOUTH_AMERICA,São Paulo,,,,2024-02-10T12:36,False,Felipe Kenzo Aoyagui,iNaturalist,http://creativecommons.org/licenses/by-nc/4.0/,Felipe Kenzo Aoyagui,https://inaturalist-open-data.s3.amazonaws.com/photos/366102500/original.jpg,k-brazil,2024-10-22 06:09:53
original_4846923473_1.jpeg,3866517,Bellucia pentamera,6.468,"Thalurania glaucopis (J.F.Gmelin, 1788)",2476548,-27.802401,-48.651617,15.0,SOUTH_AMERICA,Santa Catarina,,,,2021-01-30T13:07Z,False,Diego Dos Anjos Souza,iNaturalist,http://creativecommons.org/licenses/by/4.0/,Diego Dos Anjos Souza,https://inaturalist-open-data.s3.amazonaws.com/photos/178161787/original.jpeg,k-brazil,2024-10-22 06:09:56
original_4846957190_1.jpeg,10908302,Macropsychanthus megacarpus,1.23,"Thalurania glaucopis (J.F.Gmelin, 1788)",2476548,-22.319233,-42.535024,980.0,SOUTH_AMERICA,Rio de Janeiro,,,,2024-04-13T09:20:38,False,Jardel Leite,iNaturalist,http://creativecommons.org/licenses/by-nc/4.0/,Jardel Leite,https://inaturalist-open-data.s3.amazonaws.com/photos/367042128/original.jpeg,k-brazil,2024-10-22 06:09:58
original_4847045345_1.jpeg,2932944,Capsicum annuum,16.526,"Thalurania glaucopis (J.F.Gmelin, 1788)",2476548,-27.23267,-53.851338,70.0,SOUTH_AMERICA,Rio Grande do Sul,,,,2024-03-31T14:32,False,thaliavoeltz,iNaturalist,http://creativecommons.org/licenses/by-nc/4.0/,thaliavoeltz,https://inaturalist-open-data.s3.amazonaws.com/photos/366828119/original.jpeg,k-brazil,2024-10-22 06:10:05
original_4847170324_1.jpg,3157016,Xylopia ligustrifolia,1.323,"Thalurania glaucopis (J.F.Gmelin, 1788)",2476548,-23.469503,-45.169345,13.0,SOUTH_AMERICA,São Paulo,,,,2024-04-10T09:34:59,False,ninaleme,iNaturalist,http://creativecommons.org/licenses/by-nc/4.0/,ninaleme,https://inaturalist-open-data.s3.amazonaws.com/photos/365893758/original.jpg,k-brazil,2024-10-22 06:10:08
original_4851751052_1.jpg,8220878,Callianthe megapotamica,0.818,"Thalurania glaucopis (J.F.Gmelin, 1788)",2476548,-23.141606,-44.168858,2.0,SOUTH_AMERICA,Rio de Janeiro,,,,2024-02-28T09:08,False,Bruno Siqueira,iNaturalist,http://creativecommons.org/licenses/by-nc/4.0/,Bruno Siqueira,https://inaturalist-open-data.s3.amazonaws.com/photos/367497102/original.jpg,k-brazil,2024-10-22 06:10:10
original_4851813771_1.jpeg,2768763,Asparagus aethiopicus,0.13699999999999998,"Thalurania glaucopis (J.F.Gmelin, 1788)",2476548,-27.405874,-48.425931,,SOUTH_AMERICA,Santa Catarina,,,,2024-04-20T09:41,False,agujaceratops,iNaturalist,http://creativecommons.org/licenses/by/4.0/,agujaceratops,https://inaturalist-open-data.s3.amazonaws.com/photos/368979354/original.jpeg,k-brazil,2024-10-22 06:10:14
original_4851833489_1.jpg,2874484,Carica papaya,47.727000000000004,"Thalurania glaucopis (J.F.Gmelin, 1788)",2476548,-26.98595,-48.649706,25.0,SOUTH_AMERICA,Santa Catarina,,,,2024-04-27T09:14:40,False,"Odebrecht, Clarisse",iNaturalist,http://creativecommons.org/licenses/by-nc/4.0/,"Odebrecht, Clarisse",https://inaturalist-open-data.s3.amazonaws.com/photos/372391265/original.jpg; https://inaturalist-open-data.s3.amazonaws.com/photos/372391348/original.jpg; https://inaturalist-open-data.s3.amazonaws.com/photos/372391522/original.jpg; https://inaturalist-open-data.s3.amazonaws.com/photos/372391615/original.jpg,k-brazil,2024-10-22 06:10:18
original_4851833489_2.jpg,2874484,Carica papaya,86.4,"Thalurania glaucopis (J.F.Gmelin, 1788)",2476548,-26.98595,-48.649706,25.0,SOUTH_AMERICA,Santa Catarina,,,,2024-04-27T09:14:40,False,"Odebrecht, Clarisse",iNaturalist,http://creativecommons.org/licenses/by-nc/4.0/,"Odebrecht, Clarisse",https://inaturalist-open-data.s3.amazonaws.com/photos/372391265/original.jpg; https://inaturalist-open-data.s3.amazonaws.com/photos/372391348/original.jpg; https://inaturalist-open-data.s3.amazonaws.com/photos/372391522/original.jpg; https://inaturalist-open-data.s3.amazonaws.com/photos/372391615/original.jpg,k-brazil,2024-10-22 06:10:21
original_4851833489_3.jpg,2874484,Carica papaya,64.344,"Thalurania glaucopis (J.F.Gmelin, 1788)",2476548,-26.98595,-48.649706,25.0,SOUTH_AMERICA,Santa Catarina,,,,2024-04-27T09:14:40,False,"Odebrecht, Clarisse",iNaturalist,http://creativecommons.org/licenses/by-nc/4.0/,"Odebrecht, Clarisse",https://inaturalist-open-data.s3.amazonaws.com/photos/372391265/original.jpg; https://inaturalist-open-data.s3.amazonaws.com/photos/372391348/original.jpg; https://inaturalist-open-data.s3.amazonaws.com/photos/372391522/original.jpg; https://inaturalist-open-data.s3.amazonaws.com/photos/372391615/original.jpg,k-brazil,2024-10-22 06:10:23
original_4851833489_4.jpg,10770835,Ruehssia rubrofusca,3.6630000000000003,"Thalurania glaucopis (J.F.Gmelin, 1788)",2476548,-26.98595,-48.649706,25.0,SOUTH_AMERICA,Santa Catarina,,,,2024-04-27T09:14:40,False,"Odebrecht, Clarisse",iNaturalist,http://creativecommons.org/licenses/by-nc/4.0/,"Odebrecht, Clarisse",https://inaturalist-open-data.s3.amazonaws.com/photos/372391265/original.jpg; https://inaturalist-open-data.s3.amazonaws.com/photos/372391348/original.jpg; https://inaturalist-open-data.s3.amazonaws.com/photos/372391522/original.jpg; https://inaturalist-open-data.s3.amazonaws.com/photos/372391615/original.jpg,k-brazil,2024-10-22 06:10:25
original_4851882592_1.jpeg,3830518,Abuta grandifolia,16.659,"Thalurania glaucopis (J.F.Gmelin, 1788)",2476548,-23.863434,-46.45256,2.0,SOUTH_AMERICA,São Paulo,,,,2024-04-20T12:06,False,Pedro Henrique Maloso Ramos,iNaturalist,http://creativecommons.org/licenses/by/4.0/,Pedro Henrique Maloso Ramos,https://inaturalist-open-data.s3.amazonaws.com/photos/368646485/original.jpeg,k-brazil,2024-10-22 06:10:27
original_4851929023_1.jpeg,3086355,Piper hispidum,2.8160000000000003,"Thalurania glaucopis (J.F.Gmelin, 1788)",2476548,-23.86358,-46.452572,4.0,SOUTH_AMERICA,São Paulo,,,,2024-04-20T11:51,False,Pedro Henrique Maloso Ramos,iNaturalist,http://creativecommons.org/licenses/by/4.0/,Pedro Henrique Maloso Ramos,https://inaturalist-open-data.s3.amazonaws.com/photos/368822840/original.jpeg,k-brazil,2024-10-22 06:10:30
original_4852007880_1.jpeg,3083180,Bertholletia excelsa,4.294,"Thalurania glaucopis (J.F.Gmelin, 1788)",2476548,-27.040115,-49.470344,4.0,SOUTH_AMERICA,Santa Catarina,,,,2024-04-27T08:56,False,Jonathan Lorencetti Ehlert,iNaturalist,http://creativecommons.org/licenses/by-sa/4.0/,Jonathan Lorencetti Ehlert,https://inaturalist-open-data.s3.amazonaws.com/photos/371717849/original.jpeg; https://inaturalist-open-data.s3.amazonaws.com/photos/371717890/original.jpeg,k-brazil,2024-10-22 06:10:32
original_4852007880_2.jpeg,5556447,Clusia grandiflora,1.439,"Thalurania glaucopis (J.F.Gmelin, 1788)",2476548,-27.040115,-49.470344,4.0,SOUTH_AMERICA,Santa Catarina,,,,2024-04-27T08:56,False,Jonathan Lorencetti Ehlert,iNaturalist,http://creativecommons.org/licenses/by-sa/4.0/,Jonathan Lorencetti Ehlert,https://inaturalist-open-data.s3.amazonaws.com/photos/371717849/original.jpeg; https://inaturalist-open-data.s3.amazonaws.com/photos/371717890/original.jpeg,k-brazil,2024-10-22 06:10:34
original_4852146683_1.jpg,4931838,Amphilophium crucigerum,2.225,"Thalurania glaucopis (J.F.Gmelin, 1788)",2476548,-25.614814,-54.484968,3.0,SOUTH_AMERICA,Paraná,,,,2024-04-26T14:23:53,False,gabrielapossato,iNaturalist,http://creativecommons.org/licenses/by-nc/4.0/,gabrielapossato,https://inaturalist-open-data.s3.amazonaws.com/photos/370993243/original.jpg,k-southern-south-america,2024-10-22 06:10:37
original_4852227090_1.jpg,3778854,Sanchezia oblonga,34.819,"Thalurania glaucopis (J.F.Gmelin, 1788)",2476548,-23.442162,-46.624261,418.0,SOUTH_AMERICA,São Paulo,,,,2024-04-27T14:00,False,Luciano Bernardes,iNaturalist,http://creativecommons.org/licenses/by-nc/4.0/,Luciano Bernardes,https://inaturalist-open-data.s3.amazonaws.com/photos/372303392/original.jpg,k-brazil,2024-10-22 06:10:41
original_4852443801_1.jpg,4092242,Handroanthus impetiginosus,0.296,"Thalurania glaucopis (J.F.Gmelin, 1788)",2476548,-25.614831,-54.484889,4.0,SOUTH_AMERICA,Paraná,,,,2024-04-26T14:42:03,False,cunhasabrina,iNaturalist,http://creativecommons.org/licenses/by-nc/4.0/,cunhasabrina,https://inaturalist-open-data.s3.amazonaws.com/photos/371033972/original.jpg,k-southern-south-america,2024-10-22 06:10:47
original_4852703893_1.jpeg,5350336,Derris trifoliata,0.8380000000000001,"Thalurania glaucopis (J.F.Gmelin, 1788)",2476548,-27.036182,-49.477014,198.0,SOUTH_AMERICA,Santa Catarina,,,,2024-04-28T11:04,False,Aline Fernanda Antunes,iNaturalist,http://creativecommons.org/licenses/by-nc/4.0/,Aline Fernanda Antunes,https://inaturalist-open-data.s3.amazonaws.com/photos/373038468/original.jpeg,k-brazil,2024-10-22 06:10:51
original_4852745046_1.jpeg,7661971,Bambusa vulgaris,1.198,"Thalurania glaucopis (J.F.Gmelin, 1788)",2476548,-23.144595,-44.167322,,SOUTH_AMERICA,Rio de Janeiro,,,,2022-09-17T14:10,False,Bruno Siqueira,iNaturalist,http://creativecommons.org/licenses/by-nc/4.0/,Bruno Siqueira,https://inaturalist-open-data.s3.amazonaws.com/photos/367534728/original.jpeg,k-brazil,2024-10-22 06:10:57
original_4852794750_1.jpg,2792457,Polystachya concreta,7.283,"Thalurania glaucopis (J.F.Gmelin, 1788)",2476548,-23.142338,-44.172027,,SOUTH_AMERICA,Rio de Janeiro,,,,2023-01-31T09:24,False,Bruno Siqueira,iNaturalist,http://creativecommons.org/licenses/by-nc/4.0/,Bruno Siqueira,https://inaturalist-open-data.s3.amazonaws.com/photos/367513668/original.jpg,k-brazil,2024-10-22 06:10:59
original_4853036610_1.jpg,5286126,Podocarpus parlatorei,0.873,"Thalurania glaucopis (J.F.Gmelin, 1788)",2476548,-25.614826,-54.484939,287.0,SOUTH_AMERICA,Paraná,,,,2024-04-26T14:22:52,False,gabrielapossato,iNaturalist,http://creativecommons.org/licenses/by-nc/4.0/,gabrielapossato,https://inaturalist-open-data.s3.amazonaws.com/photos/370989096/original.jpg,k-southern-south-america,2024-10-22 06:11:04
original_4853110713_1.jpg,7900084,Callianthe picta,1.2970000000000002,"Thalurania glaucopis (J.F.Gmelin, 1788)",2476548,-23.461546,-46.63559,612.0,SOUTH_AMERICA,São Paulo,,,,2024-04-27T12:57:05,False,erikasouza__,iNaturalist,http://creativecommons.org/licenses/by-nc/4.0/,erikasouza__,https://inaturalist-open-data.s3.amazonaws.com/photos/372818592/original.jpg,k-brazil,2024-10-22 06:11:07
original_4853115238_1.jpeg,5286126,Podocarpus parlatorei,0.363,"Thalurania glaucopis (J.F.Gmelin, 1788)",2476548,-25.614783,-54.484661,6.0,SOUTH_AMERICA,Paraná,,,,2024-04-26T08:27:43,False,Barbara Weber,iNaturalist,http://creativecommons.org/licenses/by-nc/4.0/,Barbara Weber,https://inaturalist-open-data.s3.amazonaws.com/photos/370725121/original.jpeg,k-southern-south-america,2024-10-22 06:11:09
original_4854781134_1.jpeg,3174923,Myrcia guianensis,0.8370000000000001,"Thalurania glaucopis (J.F.Gmelin, 1788)",2476548,-25.521788,-49.092333,,SOUTH_AMERICA,Paraná,,,,2024-04-28T14:10,False,heliobletus,iNaturalist,http://creativecommons.org/licenses/by-nc/4.0/,heliobletus,https://inaturalist-open-data.s3.amazonaws.com/photos/375853149/original.jpeg,k-brazil,2024-10-22 06:11:12
original_4854793417_1.jpeg,4142909,Rhipidocladum racemiflorum,1.299,"Thalurania glaucopis (J.F.Gmelin, 1788)",2476548,-25.600326,-54.568596,198.0,SOUTH_AMERICA,Misiones,,,,2024-03-30T10:23,False,Patrick Palines,iNaturalist,http://creativecommons.org/licenses/by-nc/4.0/,Patrick Palines,https://inaturalist-open-data.s3.amazonaws.com/photos/377681044/original.jpeg; https://inaturalist-open-data.s3.amazonaws.com/photos/377681168/original.jpeg,k-southern-south-america,2024-10-22 06:11:14
original_4854793417_2.jpeg,2928792,Cestrum parqui,0.27699999999999997,"Thalurania glaucopis (J.F.Gmelin, 1788)",2476548,-25.600326,-54.568596,198.0,SOUTH_AMERICA,Misiones,,,,2024-03-30T10:23,False,Patrick Palines,iNaturalist,http://creativecommons.org/licenses/by-nc/4.0/,Patrick Palines,https://inaturalist-open-data.s3.amazonaws.com/photos/377681044/original.jpeg; https://inaturalist-open-data.s3.amazonaws.com/photos/377681168/original.jpeg,k-southern-south-america,2024-10-22 06:11:17
original_4855009691_1.jpeg,3157126,Xylopia aromatica,0.611,"Thalurania glaucopis (J.F.Gmelin, 1788)",2476548,-25.613872,-54.482526,205.0,SOUTH_AMERICA,Paraná,,,,2024-05-04T17:01,False,Pablo Cauã da Silva Toledo,iNaturalist,http://creativecommons.org/licenses/by/4.0/,Pablo Cauã da Silva Toledo,https://inaturalist-open-data.s3.amazonaws.com/photos/377383956/original.jpeg,k-southern-south-america,2024-10-22 06:11:20
original_4855029284_1.jpeg,3152052,Apeiba tibourbou,1.894,"Thalurania glaucopis (J.F.Gmelin, 1788)",2476548,-22.319233,-42.535024,980.0,SOUTH_AMERICA,Rio de Janeiro,,,,2024-04-13T09:21:18,False,Jardel Leite,iNaturalist,http://creativecommons.org/licenses/by-nc/4.0/,Jardel Leite,https://inaturalist-open-data.s3.amazonaws.com/photos/377292228/original.jpeg,k-brazil,2024-10-22 06:11:25
original_4855250525_1.jpeg,2792457,Polystachya concreta,0.464,"Thalurania glaucopis (J.F.Gmelin, 1788)",2476548,-25.602036,-54.581743,2537.0,SOUTH_AMERICA,Misiones,,,,2024-04-13T21:14:54,False,Monique,iNaturalist,http://creativecommons.org/licenses/by-nc/4.0/,Monique,https://inaturalist-open-data.s3.amazonaws.com/photos/377157400/original.jpeg,k-southern-south-america,2024-10-22 06:11:31
original_4855350212_1.jpeg,2932944,Capsicum annuum,1.122,"Thalurania glaucopis (J.F.Gmelin, 1788)",2476548,-25.552385,-54.521089,2.0,SOUTH_AMERICA,Paraná,,,,2024-04-28T10:52,False,chrisfarias,iNaturalist,http://creativecommons.org/licenses/by-nc/4.0/,chrisfarias,https://inaturalist-open-data.s3.amazonaws.com/photos/375643108/original.jpeg; https://inaturalist-open-data.s3.amazonaws.com/photos/375643166/original.jpeg,k-brazil,2024-10-22 06:11:38
original_4855350212_2.jpeg,3152052,Apeiba tibourbou,6.662999999999999,"Thalurania glaucopis (J.F.Gmelin, 1788)",2476548,-25.552385,-54.521089,2.0,SOUTH_AMERICA,Paraná,,,,2024-04-28T10:52,False,chrisfarias,iNaturalist,http://creativecommons.org/licenses/by-nc/4.0/,chrisfarias,https://inaturalist-open-data.s3.amazonaws.com/photos/375643108/original.jpeg; https://inaturalist-open-data.s3.amazonaws.com/photos/375643166/original.jpeg,k-brazil,2024-10-22 06:11:40
original_4863471199_1.jpeg,2763146,Phenakospermum guyannense,51.905,"Thalurania glaucopis (J.F.Gmelin, 1788)",2476548,-23.418205,-45.067053,12.0,SOUTH_AMERICA,São Paulo,,,,2024-05-11,False,jmgruiz,iNaturalist,http://creativecommons.org/licenses/by-nc/4.0/,jmgruiz,https://inaturalist-open-data.s3.amazonaws.com/photos/380073557/original.jpeg,k-brazil,2024-10-22 06:11:50
original_4863544632_1.jpeg,2763146,Phenakospermum guyannense,45.109,"Thalurania glaucopis (J.F.Gmelin, 1788)",2476548,-23.418204,-45.06706,13.0,SOUTH_AMERICA,São Paulo,,,,2024-05-09,False,jmgruiz,iNaturalist,http://creativecommons.org/licenses/by-nc/4.0/,jmgruiz,https://inaturalist-open-data.s3.amazonaws.com/photos/379351424/original.jpeg,k-brazil,2024-10-22 06:11:55
original_4863648134_1.jpeg,2928774,Nicotiana tabacum,2.636,"Thalurania glaucopis (J.F.Gmelin, 1788)",2476548,-23.4182,-45.067063,12.0,SOUTH_AMERICA,São Paulo,,,,2024-05-11,False,jmgruiz,iNaturalist,http://creativecommons.org/licenses/by-nc/4.0/,jmgruiz,https://inaturalist-open-data.s3.amazonaws.com/photos/380196963/original.jpeg,k-brazil,2024-10-22 06:11:57
original_4863755701_1.jpeg,5590493,Drymonia serrulata,2.42,"Thalurania glaucopis (J.F.Gmelin, 1788)",2476548,-23.418201,-45.067054,11.0,SOUTH_AMERICA,São Paulo,,,,2024-05-10,False,jmgruiz,iNaturalist,http://creativecommons.org/licenses/by-nc/4.0/,jmgruiz,https://inaturalist-open-data.s3.amazonaws.com/photos/379655597/original.jpeg,k-brazil,2024-10-22 06:12:00
original_4863767133_1.jpg,5420380,Psidium guajava,0.316,"Thalurania glaucopis (J.F.Gmelin, 1788)",2476548,-24.60203,-48.343645,,SOUTH_AMERICA,São Paulo,,,,2024-04-30T11:22,False,Nereston (Nelinho) Camargo,iNaturalist,http://creativecommons.org/licenses/by-nc/4.0/,Nereston (Nelinho) Camargo,https://inaturalist-open-data.s3.amazonaws.com/photos/381236756/original.jpg,k-brazil,2024-10-22 06:12:02
original_4863782504_1.jpg,7327320,Guapira opposita,14.943999999999999,"Thalurania glaucopis (J.F.Gmelin, 1788)",2476548,-24.363874,-47.021492,204.0,SOUTH_AMERICA,São Paulo,,,,2024-04-29T11:42,False,Nereston (Nelinho) Camargo,iNaturalist,http://creativecommons.org/licenses/by-nc/4.0/,Nereston (Nelinho) Camargo,https://inaturalist-open-data.s3.amazonaws.com/photos/381236598/original.jpg,k-brazil,2024-10-22 06:12:06
original_4863857085_1.jpeg,3086333,Piper amalago,1.576,"Thalurania glaucopis (J.F.Gmelin, 1788)",2476548,-25.600309,-54.568666,15.0,SOUTH_AMERICA,Misiones,,,,2024-05-04T17:14,False,Hugo Hulsberg,iNaturalist,http://creativecommons.org/publicdomain/zero/1.0/,Hugo Hulsberg,https://inaturalist-open-data.s3.amazonaws.com/photos/381079861/original.jpeg,k-southern-south-america,2024-10-22 06:12:21
original_4863875552_1.jpg,4931838,Amphilophium crucigerum,1.369,"Thalurania glaucopis (J.F.Gmelin, 1788)",2476548,-23.449996,-46.659016,31.0,SOUTH_AMERICA,São Paulo,,,,2024-05-04,False,Luciano Bernardes,iNaturalist,http://creativecommons.org/licenses/by-nc/4.0/,Luciano Bernardes,https://inaturalist-open-data.s3.amazonaws.com/photos/379480323/original.jpg,k-brazil,2024-10-22 06:12:25
original_4867660146_3.jpeg,2698018,Aechmea distichantha,11.004,"Thalurania glaucopis (J.F.Gmelin, 1788)",2476548,-25.627647,-54.462084,,SOUTH_AMERICA,Paraná,,,,2022-10-19T10:43:09,False,@iguazuexplorer,iNaturalist,http://creativecommons.org/licenses/by-nc/4.0/,@iguazuexplorer,https://inaturalist-open-data.s3.amazonaws.com/photos/383618502/original.jpeg; https://inaturalist-open-data.s3.amazonaws.com/photos/383618555/original.jpeg; https://inaturalist-open-data.s3.amazonaws.com/photos/383618617/original.jpeg; https://inaturalist-open-data.s3.amazonaws.com/photos/383618668/original.jpeg; https://inaturalist-open-data.s3.amazonaws.com/photos/383618716/original.jpeg,k-southern-south-america,2024-10-22 06:12:29
original_4867736443_3.jpg,2695645,Tillandsia bulbosa,2.685,"Thalurania glaucopis (J.F.Gmelin, 1788)",2476548,-23.892704,-46.618561,126.0,SOUTH_AMERICA,São Paulo,,,,2024-05-20T11:50:47,False,gutomag,iNaturalist,http://creativecommons.org/licenses/by-nc/4.0/,gutomag,https://inaturalist-open-data.s3.amazonaws.com/photos/384246080/original.jpg; https://inaturalist-open-data.s3.amazonaws.com/photos/384246105/original.jpg; https://inaturalist-open-data.s3.amazonaws.com/photos/384246125/original.jpg; https://inaturalist-open-data.s3.amazonaws.com/photos/384246146/original.jpg,k-brazil,2024-10-22 06:12:37
original_4867859237_1.jpeg,5706141,Luehea divaricata,0.8750000000000001,"Thalurania glaucopis (J.F.Gmelin, 1788)",2476548,-25.538257,-54.142272,122.0,SOUTH_AMERICA,Misiones,,,,2024-05-06T08:29,False,Hugo Hulsberg,iNaturalist,http://creativecommons.org/publicdomain/zero/1.0/,Hugo Hulsberg,https://inaturalist-open-data.s3.amazonaws.com/photos/381807715/original.jpeg; https://inaturalist-open-data.s3.amazonaws.com/photos/381807917/original.jpeg,k-southern-south-america,2024-10-22 06:12:43
original_4867859237_2.jpeg,5706141,Luehea divaricata,8.165,"Thalurania glaucopis (J.F.Gmelin, 1788)",2476548,-25.538257,-54.142272,122.0,SOUTH_AMERICA,Misiones,,,,2024-05-06T08:29,False,Hugo Hulsberg,iNaturalist,http://creativecommons.org/publicdomain/zero/1.0/,Hugo Hulsberg,https://inaturalist-open-data.s3.amazonaws.com/photos/381807715/original.jpeg; https://inaturalist-open-data.s3.amazonaws.com/photos/381807917/original.jpeg,k-southern-south-america,2024-10-22 06:12:46
original_4867902664_1.jpg,5350336,Derris trifoliata,0.8659999999999999,"Thalurania glaucopis (J.F.Gmelin, 1788)",2476548,-22.554014,-45.779984,3213.0,SOUTH_AMERICA,Minas Gerais,,,,2024-04-13T06:06,False,manequinho,iNaturalist,http://creativecommons.org/licenses/by-nc/4.0/,manequinho,https://inaturalist-open-data.s3.amazonaws.com/photos/383936910/original.jpg,k-brazil,2024-10-22 06:12:52
original_4872019574_1.jpg,5417648,Eugenia stictopetala,0.7020000000000001,"Thalurania glaucopis (J.F.Gmelin, 1788)",2476548,-24.016516,-47.151628,208.0,SOUTH_AMERICA,São Paulo,,,,2024-05-20T12:21,False,Claudio Martins de Souza,iNaturalist,http://creativecommons.org/licenses/by-nc/4.0/,Claudio Martins de Souza,https://inaturalist-open-data.s3.amazonaws.com/photos/386572370/original.jpg,k-brazil,2024-10-22 06:12:54
original_4872148114_1.jpeg,2932917,Brunfelsia grandiflora,3.742,"Thalurania glaucopis (J.F.Gmelin, 1788)",2476548,-19.956284,-40.60644,229.0,SOUTH_AMERICA,Espírito Santo,,,,2024-05-14T15:32,False,Nil Rodrigues,iNaturalist,http://creativecommons.org/licenses/by-nc/4.0/,Nil Rodrigues,https://inaturalist-open-data.s3.amazonaws.com/photos/386629738/original.jpeg,k-brazil,2024-10-22 06:13:04
original_4872160026_1.jpeg,7297353,Lippia origanoides,1.608,"Thalurania glaucopis (J.F.Gmelin, 1788)",2476548,-19.956284,-40.60644,229.0,SOUTH_AMERICA,Espírito Santo,,,,2024-05-14T17:28,False,Nil Rodrigues,iNaturalist,http://creativecommons.org/licenses/by-nc/4.0/,Nil Rodrigues,https://inaturalist-open-data.s3.amazonaws.com/photos/386629904/original.jpeg,k-brazil,2024-10-22 06:13:06
original_4872162445_1.jpeg,2695741,Tillandsia pohliana,3.2550000000000003,"Thalurania glaucopis (J.F.Gmelin, 1788)",2476548,-19.956284,-40.60644,229.0,SOUTH_AMERICA,Espírito Santo,,,,2024-05-15T11:16,False,Nil Rodrigues,iNaturalist,http://creativecommons.org/licenses/by-nc/4.0/,Nil Rodrigues,https://inaturalist-open-data.s3.amazonaws.com/photos/386629961/original.jpeg,k-brazil,2024-10-22 06:13:08
original_4872251358_1.jpeg,2943053,Chloroleucon mangense,1.388,"Thalurania glaucopis (J.F.Gmelin, 1788)",2476548,-20.028572,-43.789935,,SOUTH_AMERICA,Minas Gerais,,,,2024-05-24T10:02,False,agujaceratops,iNaturalist,http://creativecommons.org/licenses/by/4.0/,agujaceratops,https://inaturalist-open-data.s3.amazonaws.com/photos/385648617/original.jpeg; https://inaturalist-open-data.s3.amazonaws.com/photos/385649074/original.jpeg; https://inaturalist-open-data.s3.amazonaws.com/photos/385649102/original.jpeg,k-brazil,2024-10-22 06:13:11
original_4872251358_2.jpeg,3190533,Schinopsis balansae,2.129,"Thalurania glaucopis (J.F.Gmelin, 1788)",2476548,-20.028572,-43.789935,,SOUTH_AMERICA,Minas Gerais,,,,2024-05-24T10:02,False,agujaceratops,iNaturalist,http://creativecommons.org/licenses/by/4.0/,agujaceratops,https://inaturalist-open-data.s3.amazonaws.com/photos/385648617/original.jpeg; https://inaturalist-open-data.s3.amazonaws.com/photos/385649074/original.jpeg; https://inaturalist-open-data.s3.amazonaws.com/photos/385649102/original.jpeg,k-brazil,2024-10-22 06:13:13
original_4872251358_3.jpeg,3190533,Schinopsis balansae,2.319,"Thalurania glaucopis (J.F.Gmelin, 1788)",2476548,-20.028572,-43.789935,,SOUTH_AMERICA,Minas Gerais,,,,2024-05-24T10:02,False,agujaceratops,iNaturalist,http://creativecommons.org/licenses/by/4.0/,agujaceratops,https://inaturalist-open-data.s3.amazonaws.com/photos/385648617/original.jpeg; https://inaturalist-open-data.s3.amazonaws.com/photos/385649074/original.jpeg; https://inaturalist-open-data.s3.amazonaws.com/photos/385649102/original.jpeg,k-brazil,2024-10-22 06:13:15
original_4872282083_1.jpeg,4927144,Ipomoea mauritiana,0.835,"Thalurania glaucopis (J.F.Gmelin, 1788)",2476548,-19.956284,-40.60644,229.0,SOUTH_AMERICA,Espírito Santo,,,,2024-05-14T15:47,False,Nil Rodrigues,iNaturalist,http://creativecommons.org/licenses/by-nc/4.0/,Nil Rodrigues,https://inaturalist-open-data.s3.amazonaws.com/photos/386629845/original.jpeg,k-brazil,2024-10-22 06:13:18
original_4872307777_1.jpeg,3622465,Echinopepon racemosus,5.718,"Thalurania glaucopis (J.F.Gmelin, 1788)",2476548,-23.778805,-46.300203,1.0,SOUTH_AMERICA,São Paulo,,,,2024-04-09T16:55,False,miguelmagro,iNaturalist,http://creativecommons.org/licenses/by-nc/4.0/,miguelmagro,https://inaturalist-open-data.s3.amazonaws.com/photos/386514032/original.jpeg,k-brazil,2024-10-22 06:13:20
original_4872310229_1.jpeg,2969531,Mimosa tenuiflora,8.591,"Thalurania glaucopis (J.F.Gmelin, 1788)",2476548,-19.956284,-40.60644,229.0,SOUTH_AMERICA,Espírito Santo,,,,2024-05-14T14:55,False,Nil Rodrigues,iNaturalist,http://creativecommons.org/licenses/by-nc/4.0/,Nil Rodrigues,https://inaturalist-open-data.s3.amazonaws.com/photos/386629624/original.jpeg,k-brazil,2024-10-22 06:13:22
original_4872378543_1.jpg,5349528,Erythrina speciosa,0.782,"Thalurania glaucopis (J.F.Gmelin, 1788)",2476548,-24.016516,-47.151628,208.0,SOUTH_AMERICA,São Paulo,,,,2024-05-20T13:27,False,Claudio Martins de Souza,iNaturalist,http://creativecommons.org/licenses/by-nc/4.0/,Claudio Martins de Souza,https://inaturalist-open-data.s3.amazonaws.com/photos/386893819/original.jpg,k-brazil,2024-10-22 06:13:28
original_4872578203_1.jpg,2650442,Niphidium crassifolium,5.083,"Thalurania glaucopis (J.F.Gmelin, 1788)",2476548,-19.937278,-40.600638,35.0,SOUTH_AMERICA,Espírito Santo,,,,2024-05-21T10:04:20,False,Claudio Novaes,iNaturalist,http://creativecommons.org/licenses/by-nc/4.0/,Claudio Novaes,https://inaturalist-open-data.s3.amazonaws.com/photos/384711258/original.jpg; https://inaturalist-open-data.s3.amazonaws.com/photos/384711274/original.jpg,k-brazil,2024-10-22 06:13:35
original_4874984018_1.jpeg,2696530,Quesnelia testudo,5.92,"Thalurania glaucopis (J.F.Gmelin, 1788)",2476548,-19.935648,-40.599462,209.0,SOUTH_AMERICA,Espírito Santo,,,,2024-05-26T10:39,False,Marcio Santos Ferreira,iNaturalist,http://creativecommons.org/licenses/by-nc/4.0/,Marcio Santos Ferreira,https://inaturalist-open-data.s3.amazonaws.com/photos/388585860/original.jpeg,k-brazil,2024-10-22 06:13:38
original_4875032328_2.jpeg,7869676,Helicteres guazumifolia,0.796,"Thalurania glaucopis (J.F.Gmelin, 1788)",2476548,-23.565458,-46.723709,1.0,SOUTH_AMERICA,São Paulo,,,,2024-02-29T08:20,False,Bruno Luka de Souza Bambirra Silveira,iNaturalist,http://creativecommons.org/licenses/by-nc/4.0/,Bruno Luka de Souza Bambirra Silveira,https://inaturalist-open-data.s3.amazonaws.com/photos/390345653/original.jpeg; https://inaturalist-open-data.s3.amazonaws.com/photos/390345884/original.jpeg; https://inaturalist-open-data.s3.amazonaws.com/photos/390345885/original.jpeg,k-brazil,2024-10-22 06:13:40
original_4875075453_1.jpg,2888728,Sambucus nigra,2.043,"Thalurania glaucopis (J.F.Gmelin, 1788)",2476548,-24.016554,-47.152504,2.0,SOUTH_AMERICA,São Paulo,,,,2024-05-20T11:43,False,Anderson Sandro,iNaturalist,http://creativecommons.org/licenses/by-nc/4.0/,Anderson Sandro,https://inaturalist-open-data.s3.amazonaws.com/photos/388885550/original.jpg,k-brazil,2024-10-22 06:13:43
original_4875108417_1.jpeg,2697985,Aechmea mertensii,1.139,"Thalurania glaucopis (J.F.Gmelin, 1788)",2476548,-24.588085,-48.62887,267.0,SOUTH_AMERICA,São Paulo,,,,2022-03-13T16:23Z,False,Malte Krömer,iNaturalist,http://creativecommons.org/licenses/by/4.0/,Malte Krömer,https://inaturalist-open-data.s3.amazonaws.com/photos/183309125/original.jpeg,k-brazil,2024-10-22 06:13:46
original_4875226735_1.jpg,6029771,Helicteres baruensis,12.213000000000001,"Thalurania glaucopis (J.F.Gmelin, 1788)",2476548,-23.791891,-45.552789,122.0,SOUTH_AMERICA,São Paulo,,,,2024-06-01,False,Luciano Bernardes,iNaturalist,http://creativecommons.org/licenses/by-nc/4.0/,Luciano Bernardes,https://inaturalist-open-data.s3.amazonaws.com/photos/390358608/original.jpg,k-brazil,2024-10-22 06:13:49
original_4875228381_1.jpeg,Unknown,Unknown,0,"Thalurania glaucopis (J.F.Gmelin, 1788)",2476548,-19.932035,-40.599911,205.0,SOUTH_AMERICA,Espírito Santo,,,,2024-05-16T12:43,False,Nil Rodrigues,iNaturalist,http://creativecommons.org/licenses/by-nc/4.0/,Nil Rodrigues,https://inaturalist-open-data.s3.amazonaws.com/photos/386981448/original.jpeg,k-brazil,2024-10-22 06:13:51
original_4875259204_1.jpeg,5331145,Casearia aculeata,2.32,"Thalurania glaucopis (J.F.Gmelin, 1788)",2476548,-19.956284,-40.60644,229.0,SOUTH_AMERICA,Espírito Santo,,,,2024-05-16T08:13,False,Nil Rodrigues,iNaturalist,http://creativecommons.org/licenses/by-nc/4.0/,Nil Rodrigues,https://inaturalist-open-data.s3.amazonaws.com/photos/388762732/original.jpeg,k-brazil,2024-10-22 06:13:54
original_4875270603_1.jpeg,5338451,Manettia luteorubra,3.2460000000000004,"Thalurania glaucopis (J.F.Gmelin, 1788)",2476548,-19.956284,-40.60644,229.0,SOUTH_AMERICA,Espírito Santo,,,,2024-05-15T13:25,False,Nil Rodrigues,iNaturalist,http://creativecommons.org/licenses/by-nc/4.0/,Nil Rodrigues,https://inaturalist-open-data.s3.amazonaws.com/photos/388271601/original.jpeg,k-brazil,2024-10-22 06:13:56
original_4875358383_1.jpeg,2732453,Socratea exorrhiza,0.659,"Thalurania glaucopis (J.F.Gmelin, 1788)",2476548,-19.935648,-40.599462,209.0,SOUTH_AMERICA,Espírito Santo,,,,2024-05-26T10:36,False,Marcio Santos Ferreira,iNaturalist,http://creativecommons.org/licenses/by-nc/4.0/,Marcio Santos Ferreira,https://inaturalist-open-data.s3.amazonaws.com/photos/388582905/original.jpeg,k-brazil,2024-10-22 06:14:01
original_4891750681_1.jpeg,5372440,Gouania lupuloides,0.44200000000000006,"Thalurania glaucopis (J.F.Gmelin, 1788)",2476548,-25.600339,-54.568604,2.0,SOUTH_AMERICA,Misiones,,,,2024-06-03T13:14,False,drewe,iNaturalist,http://creativecommons.org/licenses/by-nc/4.0/,drewe,https://inaturalist-open-data.s3.amazonaws.com/photos/393396438/original.jpeg,k-southern-south-america,2024-10-22 06:14:06
original_4900883621_1.jpeg,5350336,Derris trifoliata,5.625,"Thalurania glaucopis (J.F.Gmelin, 1788)",2476548,-27.112526,-48.613058,61.0,SOUTH_AMERICA,Santa Catarina,,,,2024-06-11T11:50,False,Fabrício Mil Homens Riella,iNaturalist,http://creativecommons.org/licenses/by-nc/4.0/,Fabrício Mil Homens Riella,https://inaturalist-open-data.s3.amazonaws.com/photos/393481461/original.jpeg,k-brazil,2024-10-22 06:14:11
original_4900900362_1.jpg,5406783,Pavonia hastata,2.174,"Thalurania glaucopis (J.F.Gmelin, 1788)",2476548,-25.686029,-54.446386,,SOUTH_AMERICA,Misiones,,,,2012-05-15T13:32:28,False,Gustavo Fernando Durán,iNaturalist,http://creativecommons.org/licenses/by-nc-sa/4.0/,Gustavo Fernando Durán,https://inaturalist-open-data.s3.amazonaws.com/photos/39235263/original.jpg,k-southern-south-america,2024-10-22 06:14:14
original_4901152670_1.jpg,7669080,Fridericia chica,1.1440000000000001,"Thalurania glaucopis (J.F.Gmelin, 1788)",2476548,-22.732607,-45.59953,1073.0,SOUTH_AMERICA,São Paulo,,,,2024-06-14T14:31,False,manequinho,iNaturalist,http://creativecommons.org/licenses/by-nc/4.0/,manequinho,https://inaturalist-open-data.s3.amazonaws.com/photos/396571282/original.jpg; https://inaturalist-open-data.s3.amazonaws.com/photos/396571288/original.jpg; https://inaturalist-open-data.s3.amazonaws.com/photos/396571292/original.jpg,k-brazil,2024-10-22 06:14:18
original_4901152670_3.jpg,5333448,Cyrilla racemiflora,1.891,"Thalurania glaucopis (J.F.Gmelin, 1788)",2476548,-22.732607,-45.59953,1073.0,SOUTH_AMERICA,São Paulo,,,,2024-06-14T14:31,False,manequinho,iNaturalist,http://creativecommons.org/licenses/by-nc/4.0/,manequinho,https://inaturalist-open-data.s3.amazonaws.com/photos/396571282/original.jpg; https://inaturalist-open-data.s3.amazonaws.com/photos/396571288/original.jpg; https://inaturalist-open-data.s3.amazonaws.com/photos/396571292/original.jpg,k-brazil,2024-10-22 06:14:22
original_4901181204_1.jpg,5350336,Derris trifoliata,20.276,"Thalurania glaucopis (J.F.Gmelin, 1788)",2476548,-23.46951,-45.1693,,SOUTH_AMERICA,São Paulo,,,,2022-04-09T00:00,False,Jens Bokelaar,iNaturalist,http://creativecommons.org/licenses/by-nc/4.0/,Jens Bokelaar,https://inaturalist-open-data.s3.amazonaws.com/photos/355464297/original.jpg,k-brazil,2024-10-22 06:14:25
original_4901254980_1.jpeg,3698513,Combretum fruticosum,0.8099999999999999,"Thalurania glaucopis (J.F.Gmelin, 1788)",2476548,-15.392267,-39.564764,,SOUTH_AMERICA,Bahia,,,,2020-02-07T14:14,False,shrike2,iNaturalist,http://creativecommons.org/licenses/by-nc/4.0/,shrike2,https://inaturalist-open-data.s3.amazonaws.com/photos/79728587/original.jpeg,k-brazil,2024-10-22 06:14:28
original_4901301489_1.jpeg,7297353,Lippia origanoides,2.453,"Thalurania glaucopis (J.F.Gmelin, 1788)",2476548,-19.393553,-42.689859,488.0,SOUTH_AMERICA,Minas Gerais,,,,2024-06-15T08:44,False,Nil Rodrigues,iNaturalist,http://creativecommons.org/licenses/by-nc/4.0/,Nil Rodrigues,https://inaturalist-open-data.s3.amazonaws.com/photos/395553706/original.jpeg,k-brazil,2024-10-22 06:14:30
original_4901440486_1.jpg,5349620,Erythrina fusca,2.477,"Thalurania glaucopis (J.F.Gmelin, 1788)",2476548,-19.0557,-40.146011,32.0,SOUTH_AMERICA,Espírito Santo,,,,2024-06-25T11:54,False,nah_fachetti19,iNaturalist,http://creativecommons.org/licenses/by-nc-sa/4.0/,nah_fachetti19,https://inaturalist-open-data.s3.amazonaws.com/photos/399117708/original.jpg; https://inaturalist-open-data.s3.amazonaws.com/photos/399117746/original.jpg,k-brazil,2024-10-22 06:14:34
original_4901440486_2.jpg,3085178,Chamissoa altissima,3.3779999999999997,"Thalurania glaucopis (J.F.Gmelin, 1788)",2476548,-19.0557,-40.146011,32.0,SOUTH_AMERICA,Espírito Santo,,,,2024-06-25T11:54,False,nah_fachetti19,iNaturalist,http://creativecommons.org/licenses/by-nc-sa/4.0/,nah_fachetti19,https://inaturalist-open-data.s3.amazonaws.com/photos/399117708/original.jpg; https://inaturalist-open-data.s3.amazonaws.com/photos/399117746/original.jpg,k-brazil,2024-10-22 06:14:36
original_4901631344_1.jpeg,5357680,Inga vera,3.5770000000000004,"Thalurania glaucopis (J.F.Gmelin, 1788)",2476548,-23.33511,-46.620153,196.0,SOUTH_AMERICA,São Paulo,,,,2017-05-04T14:04,False,Bruna,iNaturalist,http://creativecommons.org/licenses/by-nc/4.0/,Bruna,https://inaturalist-open-data.s3.amazonaws.com/photos/394436036/original.jpeg,k-brazil,2024-10-22 06:14:41
original_4901662779_1.jpg,2792457,Polystachya concreta,1.7080000000000002,"Thalurania glaucopis (J.F.Gmelin, 1788)",2476548,-25.600314,-54.568579,9.0,SOUTH_AMERICA,Misiones,,,,2024-06-04T11:32,False,alexws23,iNaturalist,http://creativecommons.org/licenses/by-nc/4.0/,alexws23,https://inaturalist-open-data.s3.amazonaws.com/photos/397060592/original.jpg,k-southern-south-america,2024-10-22 06:14:44
original_4901731385_1.jpg,2976206,Entada polystachya,3.557,"Thalurania glaucopis (J.F.Gmelin, 1788)",2476548,-19.055615,-40.146102,60.0,SOUTH_AMERICA,Espírito Santo,,,,2024-06-20T11:28,False,nah_fachetti19,iNaturalist,http://creativecommons.org/licenses/by-nc-sa/4.0/,nah_fachetti19,https://inaturalist-open-data.s3.amazonaws.com/photos/397456845/original.jpg; https://inaturalist-open-data.s3.amazonaws.com/photos/397456891/original.jpg,k-brazil,2024-10-22 06:14:47
original_4901731385_2.jpg,3698513,Combretum fruticosum,1.72,"Thalurania glaucopis (J.F.Gmelin, 1788)",2476548,-19.055615,-40.146102,60.0,SOUTH_AMERICA,Espírito Santo,,,,2024-06-20T11:28,False,nah_fachetti19,iNaturalist,http://creativecommons.org/licenses/by-nc-sa/4.0/,nah_fachetti19,https://inaturalist-open-data.s3.amazonaws.com/photos/397456845/original.jpg; https://inaturalist-open-data.s3.amazonaws.com/photos/397456891/original.jpg,k-brazil,2024-10-22 06:14:49
original_4901965125_2.jpg,3083180,Bertholletia excelsa,0.877,"Thalurania glaucopis (J.F.Gmelin, 1788)",2476548,-14.4036,-40.125828,,SOUTH_AMERICA,Bahia,,,,2020-02-02T11:22,False,shrike2,iNaturalist,http://creativecommons.org/licenses/by-nc/4.0/,shrike2,https://inaturalist-open-data.s3.amazonaws.com/photos/65895816/original.jpg; https://inaturalist-open-data.s3.amazonaws.com/photos/65895824/original.jpg,k-brazil,2024-10-22 06:15:00
original_4901967418_1.jpeg,8673712,Ludwigia elegans,1.347,"Thalurania glaucopis (J.F.Gmelin, 1788)",2476548,-25.600283,-54.568564,8.0,SOUTH_AMERICA,Misiones,,,,2024-06-01T12:38,False,Gustavo Fernando Durán,iNaturalist,http://creativecommons.org/licenses/by-nc-sa/4.0/,Gustavo Fernando Durán,https://inaturalist-open-data.s3.amazonaws.com/photos/393094989/original.jpeg; https://inaturalist-open-data.s3.amazonaws.com/photos/393095638/original.jpeg; https://inaturalist-open-data.s3.amazonaws.com/photos/393095655/original.jpeg; https://inaturalist-open-data.s3.amazonaws.com/photos/393095666/original.jpeg; https://inaturalist-open-data.s3.amazonaws.com/photos/393095696/original.jpeg; https://inaturalist-open-data.s3.amazonaws.com/photos/393095720/original.jpeg; https://inaturalist-open-data.s3.amazonaws.com/photos/393095725/original.jpeg; https://inaturalist-open-data.s3.amazonaws.com/photos/393095771/original.jpeg; https://inaturalist-open-data.s3.amazonaws.com/photos/393095798/original.jpeg,k-southern-south-america,2024-10-22 06:15:05
original_4901967418_2.jpeg,8673712,Ludwigia elegans,0.662,"Thalurania glaucopis (J.F.Gmelin, 1788)",2476548,-25.600283,-54.568564,8.0,SOUTH_AMERICA,Misiones,,,,2024-06-01T12:38,False,Gustavo Fernando Durán,iNaturalist,http://creativecommons.org/licenses/by-nc-sa/4.0/,Gustavo Fernando Durán,https://inaturalist-open-data.s3.amazonaws.com/photos/393094989/original.jpeg; https://inaturalist-open-data.s3.amazonaws.com/photos/393095638/original.jpeg; https://inaturalist-open-data.s3.amazonaws.com/photos/393095655/original.jpeg; https://inaturalist-open-data.s3.amazonaws.com/photos/393095666/original.jpeg; https://inaturalist-open-data.s3.amazonaws.com/photos/393095696/original.jpeg; https://inaturalist-open-data.s3.amazonaws.com/photos/393095720/original.jpeg; https://inaturalist-open-data.s3.amazonaws.com/photos/393095725/original.jpeg; https://inaturalist-open-data.s3.amazonaws.com/photos/393095771/original.jpeg; https://inaturalist-open-data.s3.amazonaws.com/photos/393095798/original.jpeg,k-southern-south-america,2024-10-22 06:15:07
original_4901967418_3.jpeg,7304860,Piper arboreum,4.5440000000000005,"Thalurania glaucopis (J.F.Gmelin, 1788)",2476548,-25.600283,-54.568564,8.0,SOUTH_AMERICA,Misiones,,,,2024-06-01T12:38,False,Gustavo Fernando Durán,iNaturalist,http://creativecommons.org/licenses/by-nc-sa/4.0/,Gustavo Fernando Durán,https://inaturalist-open-data.s3.amazonaws.com/photos/393094989/original.jpeg; https://inaturalist-open-data.s3.amazonaws.com/photos/393095638/original.jpeg; https://inaturalist-open-data.s3.amazonaws.com/photos/393095655/original.jpeg; https://inaturalist-open-data.s3.amazonaws.com/photos/393095666/original.jpeg; https://inaturalist-open-data.s3.amazonaws.com/photos/393095696/original.jpeg; https://inaturalist-open-data.s3.amazonaws.com/photos/393095720/original.jpeg; https://inaturalist-open-data.s3.amazonaws.com/photos/393095725/original.jpeg; https://inaturalist-open-data.s3.amazonaws.com/photos/393095771/original.jpeg; https://inaturalist-open-data.s3.amazonaws.com/photos/393095798/original.jpeg,k-southern-south-america,2024-10-22 06:15:09
original_4901967418_4.jpeg,8673712,Ludwigia elegans,1.392,"Thalurania glaucopis (J.F.Gmelin, 1788)",2476548,-25.600283,-54.568564,8.0,SOUTH_AMERICA,Misiones,,,,2024-06-01T12:38,False,Gustavo Fernando Durán,iNaturalist,http://creativecommons.org/licenses/by-nc-sa/4.0/,Gustavo Fernando Durán,https://inaturalist-open-data.s3.amazonaws.com/photos/393094989/original.jpeg; https://inaturalist-open-data.s3.amazonaws.com/photos/393095638/original.jpeg; https://inaturalist-open-data.s3.amazonaws.com/photos/393095655/original.jpeg; https://inaturalist-open-data.s3.amazonaws.com/photos/393095666/original.jpeg; https://inaturalist-open-data.s3.amazonaws.com/photos/393095696/original.jpeg; https://inaturalist-open-data.s3.amazonaws.com/photos/393095720/original.jpeg; https://inaturalist-open-data.s3.amazonaws.com/photos/393095725/original.jpeg; https://inaturalist-open-data.s3.amazonaws.com/photos/393095771/original.jpeg; https://inaturalist-open-data.s3.amazonaws.com/photos/393095798/original.jpeg,k-southern-south-america,2024-10-22 06:15:11
original_4901967418_5.jpeg,8673712,Ludwigia elegans,1.7680000000000002,"Thalurania glaucopis (J.F.Gmelin, 1788)",2476548,-25.600283,-54.568564,8.0,SOUTH_AMERICA,Misiones,,,,2024-06-01T12:38,False,Gustavo Fernando Durán,iNaturalist,http://creativecommons.org/licenses/by-nc-sa/4.0/,Gustavo Fernando Durán,https://inaturalist-open-data.s3.amazonaws.com/photos/393094989/original.jpeg; https://inaturalist-open-data.s3.amazonaws.com/photos/393095638/original.jpeg; https://inaturalist-open-data.s3.amazonaws.com/photos/393095655/original.jpeg; https://inaturalist-open-data.s3.amazonaws.com/photos/393095666/original.jpeg; https://inaturalist-open-data.s3.amazonaws.com/photos/393095696/original.jpeg; https://inaturalist-open-data.s3.amazonaws.com/photos/393095720/original.jpeg; https://inaturalist-open-data.s3.amazonaws.com/photos/393095725/original.jpeg; https://inaturalist-open-data.s3.amazonaws.com/photos/393095771/original.jpeg; https://inaturalist-open-data.s3.amazonaws.com/photos/393095798/original.jpeg,k-southern-south-america,2024-10-22 06:15:14
original_4901967418_6.jpeg,8673712,Ludwigia elegans,0.651,"Thalurania glaucopis (J.F.Gmelin, 1788)",2476548,-25.600283,-54.568564,8.0,SOUTH_AMERICA,Misiones,,,,2024-06-01T12:38,False,Gustavo Fernando Durán,iNaturalist,http://creativecommons.org/licenses/by-nc-sa/4.0/,Gustavo Fernando Durán,https://inaturalist-open-data.s3.amazonaws.com/photos/393094989/original.jpeg; https://inaturalist-open-data.s3.amazonaws.com/photos/393095638/original.jpeg; https://inaturalist-open-data.s3.amazonaws.com/photos/393095655/original.jpeg; https://inaturalist-open-data.s3.amazonaws.com/photos/393095666/original.jpeg; https://inaturalist-open-data.s3.amazonaws.com/photos/393095696/original.jpeg; https://inaturalist-open-data.s3.amazonaws.com/photos/393095720/original.jpeg; https://inaturalist-open-data.s3.amazonaws.com/photos/393095725/original.jpeg; https://inaturalist-open-data.s3.amazonaws.com/photos/393095771/original.jpeg; https://inaturalist-open-data.s3.amazonaws.com/photos/393095798/original.jpeg,k-southern-south-america,2024-10-22 06:15:17
original_4901967418_7.jpeg,8673712,Ludwigia elegans,0.6910000000000001,"Thalurania glaucopis (J.F.Gmelin, 1788)",2476548,-25.600283,-54.568564,8.0,SOUTH_AMERICA,Misiones,,,,2024-06-01T12:38,False,Gustavo Fernando Durán,iNaturalist,http://creativecommons.org/licenses/by-nc-sa/4.0/,Gustavo Fernando Durán,https://inaturalist-open-data.s3.amazonaws.com/photos/393094989/original.jpeg; https://inaturalist-open-data.s3.amazonaws.com/photos/393095638/original.jpeg; https://inaturalist-open-data.s3.amazonaws.com/photos/393095655/original.jpeg; https://inaturalist-open-data.s3.amazonaws.com/photos/393095666/original.jpeg; https://inaturalist-open-data.s3.amazonaws.com/photos/393095696/original.jpeg; https://inaturalist-open-data.s3.amazonaws.com/photos/393095720/original.jpeg; https://inaturalist-open-data.s3.amazonaws.com/photos/393095725/original.jpeg; https://inaturalist-open-data.s3.amazonaws.com/photos/393095771/original.jpeg; https://inaturalist-open-data.s3.amazonaws.com/photos/393095798/original.jpeg,k-southern-south-america,2024-10-22 06:15:19
original_4901967418_8.jpeg,8673712,Ludwigia elegans,0.559,"Thalurania glaucopis (J.F.Gmelin, 1788)",2476548,-25.600283,-54.568564,8.0,SOUTH_AMERICA,Misiones,,,,2024-06-01T12:38,False,Gustavo Fernando Durán,iNaturalist,http://creativecommons.org/licenses/by-nc-sa/4.0/,Gustavo Fernando Durán,https://inaturalist-open-data.s3.amazonaws.com/photos/393094989/original.jpeg; https://inaturalist-open-data.s3.amazonaws.com/photos/393095638/original.jpeg; https://inaturalist-open-data.s3.amazonaws.com/photos/393095655/original.jpeg; https://inaturalist-open-data.s3.amazonaws.com/photos/393095666/original.jpeg; https://inaturalist-open-data.s3.amazonaws.com/photos/393095696/original.jpeg; https://inaturalist-open-data.s3.amazonaws.com/photos/393095720/original.jpeg; https://inaturalist-open-data.s3.amazonaws.com/photos/393095725/original.jpeg; https://inaturalist-open-data.s3.amazonaws.com/photos/393095771/original.jpeg; https://inaturalist-open-data.s3.amazonaws.com/photos/393095798/original.jpeg,k-southern-south-america,2024-10-22 06:15:21
original_4901967418_9.jpeg,8673712,Ludwigia elegans,1.262,"Thalurania glaucopis (J.F.Gmelin, 1788)",2476548,-25.600283,-54.568564,8.0,SOUTH_AMERICA,Misiones,,,,2024-06-01T12:38,False,Gustavo Fernando Durán,iNaturalist,http://creativecommons.org/licenses/by-nc-sa/4.0/,Gustavo Fernando Durán,https://inaturalist-open-data.s3.amazonaws.com/photos/393094989/original.jpeg; https://inaturalist-open-data.s3.amazonaws.com/photos/393095638/original.jpeg; https://inaturalist-open-data.s3.amazonaws.com/photos/393095655/original.jpeg; https://inaturalist-open-data.s3.amazonaws.com/photos/393095666/original.jpeg; https://inaturalist-open-data.s3.amazonaws.com/photos/393095696/original.jpeg; https://inaturalist-open-data.s3.amazonaws.com/photos/393095720/original.jpeg; https://inaturalist-open-data.s3.amazonaws.com/photos/393095725/original.jpeg; https://inaturalist-open-data.s3.amazonaws.com/photos/393095771/original.jpeg; https://inaturalist-open-data.s3.amazonaws.com/photos/393095798/original.jpeg,k-southern-south-america,2024-10-22 06:15:23
original_4903821018_1.jpg,3698513,Combretum fruticosum,4.877,"Thalurania glaucopis (J.F.Gmelin, 1788)",2476548,-23.792684,-45.332141,8.0,SOUTH_AMERICA,São Paulo,,,,2024-06-12,False,Luciano Bernardes,iNaturalist,http://creativecommons.org/licenses/by-nc/4.0/,Luciano Bernardes,https://inaturalist-open-data.s3.amazonaws.com/photos/401783013/original.jpg; https://inaturalist-open-data.s3.amazonaws.com/photos/401783040/original.jpg,k-brazil,2024-10-22 06:15:41
original_4903821018_2.jpg,3698513,Combretum fruticosum,4.259,"Thalurania glaucopis (J.F.Gmelin, 1788)",2476548,-23.792684,-45.332141,8.0,SOUTH_AMERICA,São Paulo,,,,2024-06-12,False,Luciano Bernardes,iNaturalist,http://creativecommons.org/licenses/by-nc/4.0/,Luciano Bernardes,https://inaturalist-open-data.s3.amazonaws.com/photos/401783013/original.jpg; https://inaturalist-open-data.s3.amazonaws.com/photos/401783040/original.jpg,k-brazil,2024-10-22 06:15:44
original_4903912850_1.jpg,5289330,Vriesea carinata,20.796,"Thalurania glaucopis (J.F.Gmelin, 1788)",2476548,-23.58491,-45.82444,,SOUTH_AMERICA,São Paulo,,,,2024-06-08T08:16,False,Peter Hollinger,iNaturalist,http://creativecommons.org/licenses/by-nc/4.0/,Peter Hollinger,https://inaturalist-open-data.s3.amazonaws.com/photos/399642420/original.jpg; https://inaturalist-open-data.s3.amazonaws.com/photos/399642421/original.jpg,k-brazil,2024-10-22 06:15:52
original_4903933736_1.jpeg,4092405,Handroanthus chrysotrichus,3.7159999999999997,"Thalurania glaucopis (J.F.Gmelin, 1788)",2476548,-22.453821,-44.59568,1225.0,SOUTH_AMERICA,Rio de Janeiro,,,,2011-04-10T18:59,False,Thomas Bitsch,iNaturalist,http://creativecommons.org/licenses/by-nc/4.0/,Thomas Bitsch,https://inaturalist-open-data.s3.amazonaws.com/photos/402011230/original.jpeg,k-brazil,2024-10-22 06:16:00
original_4903935557_1.jpeg,3974744,Vachellia nilotica,3.4070000000000005,"Thalurania glaucopis (J.F.Gmelin, 1788)",2476548,-25.608835,-54.557205,429.0,SOUTH_AMERICA,Misiones,,,,2024-05-29T10:19,False,Gustavo Fernando Durán,iNaturalist,http://creativecommons.org/licenses/by-nc-sa/4.0/,Gustavo Fernando Durán,https://inaturalist-open-data.s3.amazonaws.com/photos/399637615/original.jpeg; https://inaturalist-open-data.s3.amazonaws.com/photos/399637621/original.jpeg,k-southern-south-america,2024-10-22 06:16:03
original_4903937984_1.jpeg,3795445,Vachellia macracantha,6.474,"Thalurania glaucopis (J.F.Gmelin, 1788)",2476548,-14.329824,-40.214434,1658.0,SOUTH_AMERICA,Bahia,,,,2024-06-06T11:43,False,Alessandro Rocha,iNaturalist,http://creativecommons.org/licenses/by-nc/4.0/,Alessandro Rocha,https://inaturalist-open-data.s3.amazonaws.com/photos/401070554/original.jpeg,k-brazil,2024-10-22 06:16:08
original_4903947187_1.jpg,3587589,Passiflora auriculata,18.572,"Thalurania glaucopis (J.F.Gmelin, 1788)",2476548,-27.14781,-48.934232,117.0,SOUTH_AMERICA,Santa Catarina,,,,2022-11-08T08:47,False,zab0s,iNaturalist,http://creativecommons.org/licenses/by-nc/4.0/,zab0s,https://inaturalist-open-data.s3.amazonaws.com/photos/397272586/original.jpg,k-brazil,2024-10-22 06:16:10
original_4903984105_1.jpg,3190500,Guarea guidonia,7.566000000000001,"Thalurania glaucopis (J.F.Gmelin, 1788)",2476548,-23.902028,-45.457191,31.0,SOUTH_AMERICA,São Paulo,,,,2024-06-11,False,Luciano Bernardes,iNaturalist,http://creativecommons.org/licenses/by-nc/4.0/,Luciano Bernardes,https://inaturalist-open-data.s3.amazonaws.com/photos/401779487/original.jpg,k-brazil,2024-10-22 06:16:15
original_4904003655_1.jpeg,2705781,Hymenachne amplexicaulis,1.25,"Thalurania glaucopis (J.F.Gmelin, 1788)",2476548,-14.32977,-40.21532,1427.0,SOUTH_AMERICA,Bahia,,,,2024-06-06T09:00,False,Alessandro Rocha,iNaturalist,http://creativecommons.org/licenses/by-nc/4.0/,Alessandro Rocha,https://inaturalist-open-data.s3.amazonaws.com/photos/401029088/original.jpeg,k-brazil,2024-10-22 06:16:18
original_4904034961_1.jpg,2951571,Mucuna sloanei,1.8689999999999998,"Thalurania glaucopis (J.F.Gmelin, 1788)",2476548,-25.595794,-54.572026,488.0,SOUTH_AMERICA,Misiones,,,,2024-06-22T10:22,False,Hugo,iNaturalist,http://creativecommons.org/licenses/by-nc/4.0/,Hugo,https://inaturalist-open-data.s3.amazonaws.com/photos/400353942/original.jpg,k-southern-south-america,2024-10-22 06:16:21
original_4904079196_1.jpg,7869676,Helicteres guazumifolia,2.905,"Thalurania glaucopis (J.F.Gmelin, 1788)",2476548,-28.514098,-49.457305,2027.0,SOUTH_AMERICA,Santa Catarina,,,,2022-05-21T13:16,False,Isabel Coradi Gomes,iNaturalist,http://creativecommons.org/licenses/by-nc/4.0/,Isabel Coradi Gomes,https://inaturalist-open-data.s3.amazonaws.com/photos/400823452/original.jpg,k-brazil,2024-10-22 06:16:24
original_4904109511_1.jpg,3172977,Pachystachys spicata,0.11499999999999999,"Thalurania glaucopis (J.F.Gmelin, 1788)",2476548,-20.208592,-40.452369,30490.0,SOUTH_AMERICA,Espírito Santo,,,,2024-02-10T12:56,False,Leonardo Merçon,iNaturalist,http://creativecommons.org/licenses/by-nc/4.0/,Leonardo Merçon,https://inaturalist-open-data.s3.amazonaws.com/photos/353400327/original.jpg; https://inaturalist-open-data.s3.amazonaws.com/photos/353400347/original.jpg,k-brazil,2024-10-22 06:16:26
original_4904128545_1.jpeg,5415341,Odontonema cuspidatum,42.799,"Thalurania glaucopis (J.F.Gmelin, 1788)",2476548,-25.608835,-54.557205,429.0,SOUTH_AMERICA,Misiones,,,,2024-05-29T10:40,False,Gustavo Fernando Durán,iNaturalist,http://creativecommons.org/licenses/by-nc-sa/4.0/,Gustavo Fernando Durán,https://inaturalist-open-data.s3.amazonaws.com/photos/399637736/original.jpeg; https://inaturalist-open-data.s3.amazonaws.com/photos/399637753/original.jpeg; https://inaturalist-open-data.s3.amazonaws.com/photos/399637756/original.jpeg; https://inaturalist-open-data.s3.amazonaws.com/photos/399637776/original.jpeg; https://inaturalist-open-data.s3.amazonaws.com/photos/399637795/original.jpeg; https://inaturalist-open-data.s3.amazonaws.com/photos/399637797/original.jpeg; https://inaturalist-open-data.s3.amazonaws.com/photos/399637814/original.jpeg; https://inaturalist-open-data.s3.amazonaws.com/photos/399637844/original.jpeg; https://inaturalist-open-data.s3.amazonaws.com/photos/399637847/original.jpeg; https://inaturalist-open-data.s3.amazonaws.com/photos/399637879/original.jpeg; https://inaturalist-open-data.s3.amazonaws.com/photos/399637888/original.jpeg,k-southern-south-america,2024-10-22 06:16:30
original_4904128545_10.jpeg,5415341,Odontonema cuspidatum,56.21000000000001,"Thalurania glaucopis (J.F.Gmelin, 1788)",2476548,-25.608835,-54.557205,429.0,SOUTH_AMERICA,Misiones,,,,2024-05-29T10:40,False,Gustavo Fernando Durán,iNaturalist,http://creativecommons.org/licenses/by-nc-sa/4.0/,Gustavo Fernando Durán,https://inaturalist-open-data.s3.amazonaws.com/photos/399637736/original.jpeg; https://inaturalist-open-data.s3.amazonaws.com/photos/399637753/original.jpeg; https://inaturalist-open-data.s3.amazonaws.com/photos/399637756/original.jpeg; https://inaturalist-open-data.s3.amazonaws.com/photos/399637776/original.jpeg; https://inaturalist-open-data.s3.amazonaws.com/photos/399637795/original.jpeg; https://inaturalist-open-data.s3.amazonaws.com/photos/399637797/original.jpeg; https://inaturalist-open-data.s3.amazonaws.com/photos/399637814/original.jpeg; https://inaturalist-open-data.s3.amazonaws.com/photos/399637844/original.jpeg; https://inaturalist-open-data.s3.amazonaws.com/photos/399637847/original.jpeg; https://inaturalist-open-data.s3.amazonaws.com/photos/399637879/original.jpeg; https://inaturalist-open-data.s3.amazonaws.com/photos/399637888/original.jpeg,k-southern-south-america,2024-10-22 06:16:32
original_4904128545_11.jpeg,5415341,Odontonema cuspidatum,65.578,"Thalurania glaucopis (J.F.Gmelin, 1788)",2476548,-25.608835,-54.557205,429.0,SOUTH_AMERICA,Misiones,,,,2024-05-29T10:40,False,Gustavo Fernando Durán,iNaturalist,http://creativecommons.org/licenses/by-nc-sa/4.0/,Gustavo Fernando Durán,https://inaturalist-open-data.s3.amazonaws.com/photos/399637736/original.jpeg; https://inaturalist-open-data.s3.amazonaws.com/photos/399637753/original.jpeg; https://inaturalist-open-data.s3.amazonaws.com/photos/399637756/original.jpeg; https://inaturalist-open-data.s3.amazonaws.com/photos/399637776/original.jpeg; https://inaturalist-open-data.s3.amazonaws.com/photos/399637795/original.jpeg; https://inaturalist-open-data.s3.amazonaws.com/photos/399637797/original.jpeg; https://inaturalist-open-data.s3.amazonaws.com/photos/399637814/original.jpeg; https://inaturalist-open-data.s3.amazonaws.com/photos/399637844/original.jpeg; https://inaturalist-open-data.s3.amazonaws.com/photos/399637847/original.jpeg; https://inaturalist-open-data.s3.amazonaws.com/photos/399637879/original.jpeg; https://inaturalist-open-data.s3.amazonaws.com/photos/399637888/original.jpeg,k-southern-south-america,2024-10-22 06:16:35
original_4904128545_5.jpeg,5415341,Odontonema cuspidatum,60.768,"Thalurania glaucopis (J.F.Gmelin, 1788)",2476548,-25.608835,-54.557205,429.0,SOUTH_AMERICA,Misiones,,,,2024-05-29T10:40,False,Gustavo Fernando Durán,iNaturalist,http://creativecommons.org/licenses/by-nc-sa/4.0/,Gustavo Fernando Durán,https://inaturalist-open-data.s3.amazonaws.com/photos/399637736/original.jpeg; https://inaturalist-open-data.s3.amazonaws.com/photos/399637753/original.jpeg; https://inaturalist-open-data.s3.amazonaws.com/photos/399637756/original.jpeg; https://inaturalist-open-data.s3.amazonaws.com/photos/399637776/original.jpeg; https://inaturalist-open-data.s3.amazonaws.com/photos/399637795/original.jpeg; https://inaturalist-open-data.s3.amazonaws.com/photos/399637797/original.jpeg; https://inaturalist-open-data.s3.amazonaws.com/photos/399637814/original.jpeg; https://inaturalist-open-data.s3.amazonaws.com/photos/399637844/original.jpeg; https://inaturalist-open-data.s3.amazonaws.com/photos/399637847/original.jpeg; https://inaturalist-open-data.s3.amazonaws.com/photos/399637879/original.jpeg; https://inaturalist-open-data.s3.amazonaws.com/photos/399637888/original.jpeg,k-southern-south-america,2024-10-22 06:16:37
original_4904128545_6.jpeg,5415341,Odontonema cuspidatum,49.296,"Thalurania glaucopis (J.F.Gmelin, 1788)",2476548,-25.608835,-54.557205,429.0,SOUTH_AMERICA,Misiones,,,,2024-05-29T10:40,False,Gustavo Fernando Durán,iNaturalist,http://creativecommons.org/licenses/by-nc-sa/4.0/,Gustavo Fernando Durán,https://inaturalist-open-data.s3.amazonaws.com/photos/399637736/original.jpeg; https://inaturalist-open-data.s3.amazonaws.com/photos/399637753/original.jpeg; https://inaturalist-open-data.s3.amazonaws.com/photos/399637756/original.jpeg; https://inaturalist-open-data.s3.amazonaws.com/photos/399637776/original.jpeg; https://inaturalist-open-data.s3.amazonaws.com/photos/399637795/original.jpeg; https://inaturalist-open-data.s3.amazonaws.com/photos/399637797/original.jpeg; https://inaturalist-open-data.s3.amazonaws.com/photos/399637814/original.jpeg; https://inaturalist-open-data.s3.amazonaws.com/photos/399637844/original.jpeg; https://inaturalist-open-data.s3.amazonaws.com/photos/399637847/original.jpeg; https://inaturalist-open-data.s3.amazonaws.com/photos/399637879/original.jpeg; https://inaturalist-open-data.s3.amazonaws.com/photos/399637888/original.jpeg,k-southern-south-america,2024-10-22 06:16:39
original_4904128545_7.jpeg,5415341,Odontonema cuspidatum,27.544,"Thalurania glaucopis (J.F.Gmelin, 1788)",2476548,-25.608835,-54.557205,429.0,SOUTH_AMERICA,Misiones,,,,2024-05-29T10:40,False,Gustavo Fernando Durán,iNaturalist,http://creativecommons.org/licenses/by-nc-sa/4.0/,Gustavo Fernando Durán,https://inaturalist-open-data.s3.amazonaws.com/photos/399637736/original.jpeg; https://inaturalist-open-data.s3.amazonaws.com/photos/399637753/original.jpeg; https://inaturalist-open-data.s3.amazonaws.com/photos/399637756/original.jpeg; https://inaturalist-open-data.s3.amazonaws.com/photos/399637776/original.jpeg; https://inaturalist-open-data.s3.amazonaws.com/photos/399637795/original.jpeg; https://inaturalist-open-data.s3.amazonaws.com/photos/399637797/original.jpeg; https://inaturalist-open-data.s3.amazonaws.com/photos/399637814/original.jpeg; https://inaturalist-open-data.s3.amazonaws.com/photos/399637844/original.jpeg; https://inaturalist-open-data.s3.amazonaws.com/photos/399637847/original.jpeg; https://inaturalist-open-data.s3.amazonaws.com/photos/399637879/original.jpeg; https://inaturalist-open-data.s3.amazonaws.com/photos/399637888/original.jpeg,k-southern-south-america,2024-10-22 06:16:41
original_4904128545_8.jpeg,5415341,Odontonema cuspidatum,37.128,"Thalurania glaucopis (J.F.Gmelin, 1788)",2476548,-25.608835,-54.557205,429.0,SOUTH_AMERICA,Misiones,,,,2024-05-29T10:40,False,Gustavo Fernando Durán,iNaturalist,http://creativecommons.org/licenses/by-nc-sa/4.0/,Gustavo Fernando Durán,https://inaturalist-open-data.s3.amazonaws.com/photos/399637736/original.jpeg; https://inaturalist-open-data.s3.amazonaws.com/photos/399637753/original.jpeg; https://inaturalist-open-data.s3.amazonaws.com/photos/399637756/original.jpeg; https://inaturalist-open-data.s3.amazonaws.com/photos/399637776/original.jpeg; https://inaturalist-open-data.s3.amazonaws.com/photos/399637795/original.jpeg; https://inaturalist-open-data.s3.amazonaws.com/photos/399637797/original.jpeg; https://inaturalist-open-data.s3.amazonaws.com/photos/399637814/original.jpeg; https://inaturalist-open-data.s3.amazonaws.com/photos/399637844/original.jpeg; https://inaturalist-open-data.s3.amazonaws.com/photos/399637847/original.jpeg; https://inaturalist-open-data.s3.amazonaws.com/photos/399637879/original.jpeg; https://inaturalist-open-data.s3.amazonaws.com/photos/399637888/original.jpeg,k-southern-south-america,2024-10-22 06:16:43
original_4904128545_9.jpeg,5415341,Odontonema cuspidatum,26.918,"Thalurania glaucopis (J.F.Gmelin, 1788)",2476548,-25.608835,-54.557205,429.0,SOUTH_AMERICA,Misiones,,,,2024-05-29T10:40,False,Gustavo Fernando Durán,iNaturalist,http://creativecommons.org/licenses/by-nc-sa/4.0/,Gustavo Fernando Durán,https://inaturalist-open-data.s3.amazonaws.com/photos/399637736/original.jpeg; https://inaturalist-open-data.s3.amazonaws.com/photos/399637753/original.jpeg; https://inaturalist-open-data.s3.amazonaws.com/photos/399637756/original.jpeg; https://inaturalist-open-data.s3.amazonaws.com/photos/399637776/original.jpeg; https://inaturalist-open-data.s3.amazonaws.com/photos/399637795/original.jpeg; https://inaturalist-open-data.s3.amazonaws.com/photos/399637797/original.jpeg; https://inaturalist-open-data.s3.amazonaws.com/photos/399637814/original.jpeg; https://inaturalist-open-data.s3.amazonaws.com/photos/399637844/original.jpeg; https://inaturalist-open-data.s3.amazonaws.com/photos/399637847/original.jpeg; https://inaturalist-open-data.s3.amazonaws.com/photos/399637879/original.jpeg; https://inaturalist-open-data.s3.amazonaws.com/photos/399637888/original.jpeg,k-southern-south-america,2024-10-22 06:16:45
original_4904241168_1.jpeg,3937390,Malvaviscus concinnus,1.209,"Thalurania glaucopis (J.F.Gmelin, 1788)",2476548,-27.678554,-48.48963,1.0,SOUTH_AMERICA,Santa Catarina,,,,2024-06-29T10:51,False,Fabrício Mil Homens Riella,iNaturalist,http://creativecommons.org/licenses/by-nc/4.0/,Fabrício Mil Homens Riella,https://inaturalist-open-data.s3.amazonaws.com/photos/400689277/original.jpeg; https://inaturalist-open-data.s3.amazonaws.com/photos/400689288/original.jpeg; https://inaturalist-open-data.s3.amazonaws.com/photos/400689294/original.jpeg,k-brazil,2024-10-22 06:17:02
original_4904241168_2.jpeg,2951571,Mucuna sloanei,4.859,"Thalurania glaucopis (J.F.Gmelin, 1788)",2476548,-27.678554,-48.48963,1.0,SOUTH_AMERICA,Santa Catarina,,,,2024-06-29T10:51,False,Fabrício Mil Homens Riella,iNaturalist,http://creativecommons.org/licenses/by-nc/4.0/,Fabrício Mil Homens Riella,https://inaturalist-open-data.s3.amazonaws.com/photos/400689277/original.jpeg; https://inaturalist-open-data.s3.amazonaws.com/photos/400689288/original.jpeg; https://inaturalist-open-data.s3.amazonaws.com/photos/400689294/original.jpeg,k-brazil,2024-10-22 06:17:04
original_4908015101_1.jpeg,2907406,Chiococca alba,0.492,"Thalurania glaucopis (J.F.Gmelin, 1788)",2476548,-18.771164,-42.094024,15.0,SOUTH_AMERICA,Minas Gerais,,,,2024-07-06T08:55,False,Nil Rodrigues,iNaturalist,http://creativecommons.org/licenses/by-nc/4.0/,Nil Rodrigues,https://inaturalist-open-data.s3.amazonaws.com/photos/403887506/original.jpeg,k-brazil,2024-10-22 06:17:12
original_4908078575_1.jpg,2907406,Chiococca alba,1.886,"Thalurania glaucopis (J.F.Gmelin, 1788)",2476548,-23.481454,-45.07978,307.0,SOUTH_AMERICA,São Paulo,,,,2024-04-11T14:29:28,False,brunabeltran,iNaturalist,http://creativecommons.org/licenses/by-nc/4.0/,brunabeltran,https://inaturalist-open-data.s3.amazonaws.com/photos/405610759/original.jpg,k-brazil,2024-10-22 06:17:18
original_4908322615_1.jpeg,4260481,Apeiba membranacea,6.743,"Thalurania glaucopis (J.F.Gmelin, 1788)",2476548,-27.076007,-48.882188,267.0,SOUTH_AMERICA,Santa Catarina,,,,2024-07-03T15:47,False,kinho_observador,iNaturalist,http://creativecommons.org/licenses/by-nc/4.0/,kinho_observador,https://inaturalist-open-data.s3.amazonaws.com/photos/402573278/original.jpeg,k-brazil,2024-10-22 06:17:34
original_4908705178_1.jpeg,Unknown,Unknown,0,"Thalurania glaucopis (J.F.Gmelin, 1788)",2476548,-22.435271,-43.161817,,SOUTH_AMERICA,Rio de Janeiro,,,,2024-07-06T10:07:25,False,ellen_brilhante,iNaturalist,http://creativecommons.org/licenses/by-nc/4.0/,ellen_brilhante,https://inaturalist-open-data.s3.amazonaws.com/photos/403613167/original.jpeg; https://inaturalist-open-data.s3.amazonaws.com/photos/403613199/original.jpeg,k-brazil,2024-10-22 06:17:40
original_4908705178_2.jpeg,Unknown,Unknown,0,"Thalurania glaucopis (J.F.Gmelin, 1788)",2476548,-22.435271,-43.161817,,SOUTH_AMERICA,Rio de Janeiro,,,,2024-07-06T10:07:25,False,ellen_brilhante,iNaturalist,http://creativecommons.org/licenses/by-nc/4.0/,ellen_brilhante,https://inaturalist-open-data.s3.amazonaws.com/photos/403613167/original.jpeg; https://inaturalist-open-data.s3.amazonaws.com/photos/403613199/original.jpeg,k-brazil,2024-10-22 06:17:42
original_4908718150_1.jpg,2951571,Mucuna sloanei,1.385,"Thalurania glaucopis (J.F.Gmelin, 1788)",2476548,-24.184127,-46.789767,12335.0,SOUTH_AMERICA,São Paulo,,,,2024-07-05T09:56,False,manequinho,iNaturalist,http://creativecommons.org/licenses/by-nc/4.0/,manequinho,https://inaturalist-open-data.s3.amazonaws.com/photos/404038751/original.jpg,k-brazil,2024-10-22 06:17:44
original_4908886569_1.jpg,3188562,Miconia prasina,12.737000000000002,"Thalurania glaucopis (J.F.Gmelin, 1788)",2476548,-19.910499,-40.519355,19.0,SOUTH_AMERICA,Espírito Santo,,,,2023-12-07T11:50,False,Leonardo Merçon,iNaturalist,http://creativecommons.org/licenses/by-nc/4.0/,Leonardo Merçon,https://inaturalist-open-data.s3.amazonaws.com/photos/405066346/original.jpg; https://inaturalist-open-data.s3.amazonaws.com/photos/405066353/original.jpg,k-brazil,2024-10-22 06:17:49
original_4908886569_2.jpg,3188562,Miconia prasina,23.407,"Thalurania glaucopis (J.F.Gmelin, 1788)",2476548,-19.910499,-40.519355,19.0,SOUTH_AMERICA,Espírito Santo,,,,2023-12-07T11:50,False,Leonardo Merçon,iNaturalist,http://creativecommons.org/licenses/by-nc/4.0/,Leonardo Merçon,https://inaturalist-open-data.s3.amazonaws.com/photos/405066346/original.jpg; https://inaturalist-open-data.s3.amazonaws.com/photos/405066353/original.jpg,k-brazil,2024-10-22 06:17:50
original_4909083970_1.jpg,2932944,Capsicum annuum,12.028,"Thalurania glaucopis (J.F.Gmelin, 1788)",2476548,-23.387172,-45.662802,1108.0,SOUTH_AMERICA,São Paulo,,,,2024-07-12T10:09,False,Enéas V. Gouvêa Junior,iNaturalist,http://creativecommons.org/licenses/by-sa/4.0/,Enéas V. Gouvêa Junior,https://inaturalist-open-data.s3.amazonaws.com/photos/407464067/original.jpg,k-brazil,2024-10-22 06:17:53
original_4910665062_1.jpeg,4092253,Handroanthus heptaphyllus,0.151,"Thalurania glaucopis (J.F.Gmelin, 1788)",2476548,-22.431716,-44.615269,,SOUTH_AMERICA,Rio de Janeiro,,,,2024-07-15T08:50,False,agujaceratops,iNaturalist,http://creativecommons.org/licenses/by/4.0/,agujaceratops,https://inaturalist-open-data.s3.amazonaws.com/photos/409743161/original.jpeg,k-brazil,2024-10-22 06:18:07
original_4910685322_1.jpeg,3817732,Sinningia lineata,0.14100000000000001,"Thalurania glaucopis (J.F.Gmelin, 1788)",2476548,-22.43522,-43.161929,,SOUTH_AMERICA,Rio de Janeiro,,,,2024-07-18T10:40:51,False,ellen_brilhante,iNaturalist,http://creativecommons.org/licenses/by-nc/4.0/,ellen_brilhante,https://inaturalist-open-data.s3.amazonaws.com/photos/408508225/original.jpeg; https://inaturalist-open-data.s3.amazonaws.com/photos/410748639/original.jpeg; https://inaturalist-open-data.s3.amazonaws.com/photos/410748677/original.jpeg,k-brazil,2024-10-22 06:18:09
original_4910685322_2.jpeg,3817900,Sinningia incarnata,0.315,"Thalurania glaucopis (J.F.Gmelin, 1788)",2476548,-22.43522,-43.161929,,SOUTH_AMERICA,Rio de Janeiro,,,,2024-07-18T10:40:51,False,ellen_brilhante,iNaturalist,http://creativecommons.org/licenses/by-nc/4.0/,ellen_brilhante,https://inaturalist-open-data.s3.amazonaws.com/photos/408508225/original.jpeg; https://inaturalist-open-data.s3.amazonaws.com/photos/410748639/original.jpeg; https://inaturalist-open-data.s3.amazonaws.com/photos/410748677/original.jpeg,k-brazil,2024-10-22 06:18:11
original_4910685322_3.jpeg,Unknown,Unknown,0,"Thalurania glaucopis (J.F.Gmelin, 1788)",2476548,-22.43522,-43.161929,,SOUTH_AMERICA,Rio de Janeiro,,,,2024-07-18T10:40:51,False,ellen_brilhante,iNaturalist,http://creativecommons.org/licenses/by-nc/4.0/,ellen_brilhante,https://inaturalist-open-data.s3.amazonaws.com/photos/408508225/original.jpeg; https://inaturalist-open-data.s3.amazonaws.com/photos/410748639/original.jpeg; https://inaturalist-open-data.s3.amazonaws.com/photos/410748677/original.jpeg,k-brazil,2024-10-22 06:18:13
original_4910896391_3.jpg,5415081,Crescentia cujete,8.179,"Thalurania glaucopis (J.F.Gmelin, 1788)",2476548,-23.057273,-46.641048,163.0,SOUTH_AMERICA,São Paulo,,,,2024-07-13T07:46,False,manequinho,iNaturalist,http://creativecommons.org/licenses/by-nc/4.0/,manequinho,https://inaturalist-open-data.s3.amazonaws.com/photos/409691501/original.jpg; https://inaturalist-open-data.s3.amazonaws.com/photos/409691504/original.jpg; https://inaturalist-open-data.s3.amazonaws.com/photos/409691518/original.jpg,k-brazil,2024-10-22 06:18:27
original_4910930259_1.jpeg,2762680,Musa acuminata,0.11800000000000001,"Thalurania glaucopis (J.F.Gmelin, 1788)",2476548,-26.298995,-54.307665,534963.0,SOUTH_AMERICA,Misiones,,,,2015-12-29,False,jay_up,iNaturalist,http://creativecommons.org/licenses/by-nc/4.0/,jay_up,https://inaturalist-open-data.s3.amazonaws.com/photos/409620018/original.jpeg,k-southern-south-america,2024-10-22 06:18:31
original_4911115477_1.jpeg,3152052,Apeiba tibourbou,23.705000000000002,"Thalurania glaucopis (J.F.Gmelin, 1788)",2476548,-22.543475,-43.066109,8.0,SOUTH_AMERICA,Rio de Janeiro,,,,2024-07-18T12:27,False,Victor Hugo Rebecchi Siqueira,iNaturalist,http://creativecommons.org/licenses/by-nc/4.0/,Victor Hugo Rebecchi Siqueira,https://inaturalist-open-data.s3.amazonaws.com/photos/408625585/original.jpeg,k-brazil,2024-10-22 06:18:46
original_4919361593_1.jpeg,2904000,Calycophyllum spruceanum,17.412,"Thalurania glaucopis (J.F.Gmelin, 1788)",2476548,-24.021953,-47.066733,4.0,SOUTH_AMERICA,São Paulo,,,,2024-07-25T09:42,False,Nick Kowalske,iNaturalist,http://creativecommons.org/licenses/by-nc/4.0/,Nick Kowalske,https://inaturalist-open-data.s3.amazonaws.com/photos/413253958/original.jpeg,k-brazil,2024-10-22 06:18:49
original_4919375380_1.jpg,5651017,Sloanea caribaea,0.608,"Thalurania glaucopis (J.F.Gmelin, 1788)",2476548,-23.584738,-45.82456,8.0,SOUTH_AMERICA,São Paulo,,,,2024-07-17,False,Luciano Bernardes,iNaturalist,http://creativecommons.org/licenses/by-nc/4.0/,Luciano Bernardes,https://inaturalist-open-data.s3.amazonaws.com/photos/412299644/original.jpg; https://inaturalist-open-data.s3.amazonaws.com/photos/412299687/original.jpg,k-brazil,2024-10-22 06:18:52
original_4919375380_2.jpg,2705621,Paspalum notatum,2.742,"Thalurania glaucopis (J.F.Gmelin, 1788)",2476548,-23.584738,-45.82456,8.0,SOUTH_AMERICA,São Paulo,,,,2024-07-17,False,Luciano Bernardes,iNaturalist,http://creativecommons.org/licenses/by-nc/4.0/,Luciano Bernardes,https://inaturalist-open-data.s3.amazonaws.com/photos/412299644/original.jpg; https://inaturalist-open-data.s3.amazonaws.com/photos/412299687/original.jpg,k-brazil,2024-10-22 06:18:54
original_4919436377_2.jpeg,2696530,Quesnelia testudo,1.7590000000000001,"Thalurania glaucopis (J.F.Gmelin, 1788)",2476548,-22.261984,-43.011237,20.0,SOUTH_AMERICA,Rio de Janeiro,,,,2024-07-25T11:07,False,claudia_mermelstein,iNaturalist,http://creativecommons.org/licenses/by-nc/4.0/,claudia_mermelstein,https://inaturalist-open-data.s3.amazonaws.com/photos/411413603/original.jpeg; https://inaturalist-open-data.s3.amazonaws.com/photos/411414034/original.jpeg,k-brazil,2024-10-22 06:19:01
original_4919669248_1.jpeg,2792457,Polystachya concreta,7.212000000000001,"Thalurania glaucopis (J.F.Gmelin, 1788)",2476548,-24.01665,-47.152805,2.0,SOUTH_AMERICA,São Paulo,,,,2024-07-18T10:44,False,Nick Kowalske,iNaturalist,http://creativecommons.org/licenses/by-nc/4.0/,Nick Kowalske,https://inaturalist-open-data.s3.amazonaws.com/photos/411883894/original.jpeg,k-brazil,2024-10-22 06:19:03
original_4919672251_1.jpg,2651850,Adiantum macrophyllum,1.069,"Thalurania glaucopis (J.F.Gmelin, 1788)",2476548,-23.584738,-45.82456,8.0,SOUTH_AMERICA,São Paulo,,,,2024-07-17,False,Luciano Bernardes,iNaturalist,http://creativecommons.org/licenses/by-nc/4.0/,Luciano Bernardes,https://inaturalist-open-data.s3.amazonaws.com/photos/412299604/original.jpg,k-brazil,2024-10-22 06:19:06
original_4921535967_2.jpeg,3189950,Paullinia pinnata,2.945,"Thalurania glaucopis (J.F.Gmelin, 1788)",2476548,-19.937406,-40.60028,7.0,SOUTH_AMERICA,Espírito Santo,,,,2024-08-01T13:58:05,False,Ítalo dos Santos Agustinho,iNaturalist,http://creativecommons.org/licenses/by-nc/4.0/,Ítalo dos Santos Agustinho,https://inaturalist-open-data.s3.amazonaws.com/photos/414259035/original.jpeg; https://inaturalist-open-data.s3.amazonaws.com/photos/414259101/original.jpeg,k-brazil,2024-10-22 06:19:11
original_4921616276_1.jpeg,2873047,Anthurium pentaphyllum,11.506,"Thalurania glaucopis (J.F.Gmelin, 1788)",2476548,-22.829307,-45.644037,61.0,SOUTH_AMERICA,São Paulo,,,,2024-08-01T12:51,False,miguelap,iNaturalist,http://creativecommons.org/licenses/by-nc/4.0/,miguelap,https://inaturalist-open-data.s3.amazonaws.com/photos/415143591/original.jpeg; https://inaturalist-open-data.s3.amazonaws.com/photos/415143595/original.jpeg; https://inaturalist-open-data.s3.amazonaws.com/photos/415143623/original.jpeg; https://inaturalist-open-data.s3.amazonaws.com/photos/415143665/original.jpeg; https://inaturalist-open-data.s3.amazonaws.com/photos/415143681/original.jpeg,k-brazil,2024-10-22 06:19:14
original_4921616276_2.jpeg,2932944,Capsicum annuum,5.267,"Thalurania glaucopis (J.F.Gmelin, 1788)",2476548,-22.829307,-45.644037,61.0,SOUTH_AMERICA,São Paulo,,,,2024-08-01T12:51,False,miguelap,iNaturalist,http://creativecommons.org/licenses/by-nc/4.0/,miguelap,https://inaturalist-open-data.s3.amazonaws.com/photos/415143591/original.jpeg; https://inaturalist-open-data.s3.amazonaws.com/photos/415143595/original.jpeg; https://inaturalist-open-data.s3.amazonaws.com/photos/415143623/original.jpeg; https://inaturalist-open-data.s3.amazonaws.com/photos/415143665/original.jpeg; https://inaturalist-open-data.s3.amazonaws.com/photos/415143681/original.jpeg,k-brazil,2024-10-22 06:19:16
original_4921616276_3.jpeg,2951478,Mucuna urens,5.463,"Thalurania glaucopis (J.F.Gmelin, 1788)",2476548,-22.829307,-45.644037,61.0,SOUTH_AMERICA,São Paulo,,,,2024-08-01T12:51,False,miguelap,iNaturalist,http://creativecommons.org/licenses/by-nc/4.0/,miguelap,https://inaturalist-open-data.s3.amazonaws.com/photos/415143591/original.jpeg; https://inaturalist-open-data.s3.amazonaws.com/photos/415143595/original.jpeg; https://inaturalist-open-data.s3.amazonaws.com/photos/415143623/original.jpeg; https://inaturalist-open-data.s3.amazonaws.com/photos/415143665/original.jpeg; https://inaturalist-open-data.s3.amazonaws.com/photos/415143681/original.jpeg,k-brazil,2024-10-22 06:19:19
original_4921616276_4.jpeg,5302606,Renealmia alpinia,0.272,"Thalurania glaucopis (J.F.Gmelin, 1788)",2476548,-22.829307,-45.644037,61.0,SOUTH_AMERICA,São Paulo,,,,2024-08-01T12:51,False,miguelap,iNaturalist,http://creativecommons.org/licenses/by-nc/4.0/,miguelap,https://inaturalist-open-data.s3.amazonaws.com/photos/415143591/original.jpeg; https://inaturalist-open-data.s3.amazonaws.com/photos/415143595/original.jpeg; https://inaturalist-open-data.s3.amazonaws.com/photos/415143623/original.jpeg; https://inaturalist-open-data.s3.amazonaws.com/photos/415143665/original.jpeg; https://inaturalist-open-data.s3.amazonaws.com/photos/415143681/original.jpeg,k-brazil,2024-10-22 06:19:21
original_4921616276_5.jpeg,Unknown,Unknown,0,"Thalurania glaucopis (J.F.Gmelin, 1788)",2476548,-22.829307,-45.644037,61.0,SOUTH_AMERICA,São Paulo,,,,2024-08-01T12:51,False,miguelap,iNaturalist,http://creativecommons.org/licenses/by-nc/4.0/,miguelap,https://inaturalist-open-data.s3.amazonaws.com/photos/415143591/original.jpeg; https://inaturalist-open-data.s3.amazonaws.com/photos/415143595/original.jpeg; https://inaturalist-open-data.s3.amazonaws.com/photos/415143623/original.jpeg; https://inaturalist-open-data.s3.amazonaws.com/photos/415143665/original.jpeg; https://inaturalist-open-data.s3.amazonaws.com/photos/415143681/original.jpeg,k-brazil,2024-10-22 06:19:22
original_4921744777_2.jpeg,2932884,Solanum schlechtendalianum,8.876000000000001,"Thalurania glaucopis (J.F.Gmelin, 1788)",2476548,-25.592902,-54.499466,7193.0,SOUTH_AMERICA,Paraná,,,,2024-07-28T12:26:09,False,hervech,iNaturalist,http://creativecommons.org/licenses/by-nc/4.0/,hervech,https://inaturalist-open-data.s3.amazonaws.com/photos/415193682/original.jpeg; https://inaturalist-open-data.s3.amazonaws.com/photos/415193796/original.jpeg,k-southern-south-america,2024-10-22 06:19:27
original_4921754364_1.jpeg,5319715,Epidendrum rigidum,1.0619999999999998,"Thalurania glaucopis (J.F.Gmelin, 1788)",2476548,-25.604016,-54.490648,4921.0,SOUTH_AMERICA,Paraná,,,,2024-07-28T12:24:49,False,hervech,iNaturalist,http://creativecommons.org/licenses/by-nc/4.0/,hervech,https://inaturalist-open-data.s3.amazonaws.com/photos/415195893/original.jpeg; https://inaturalist-open-data.s3.amazonaws.com/photos/415196000/original.jpeg,k-southern-south-america,2024-10-22 06:19:31
original_4921754364_2.jpeg,5319715,Epidendrum rigidum,4.5409999999999995,"Thalurania glaucopis (J.F.Gmelin, 1788)",2476548,-25.604016,-54.490648,4921.0,SOUTH_AMERICA,Paraná,,,,2024-07-28T12:24:49,False,hervech,iNaturalist,http://creativecommons.org/licenses/by-nc/4.0/,hervech,https://inaturalist-open-data.s3.amazonaws.com/photos/415195893/original.jpeg; https://inaturalist-open-data.s3.amazonaws.com/photos/415196000/original.jpeg,k-southern-south-america,2024-10-22 06:19:33
original_4921890852_1.jpeg,8673712,Ludwigia elegans,2.07,"Thalurania glaucopis (J.F.Gmelin, 1788)",2476548,-23.776995,-46.299677,1.0,SOUTH_AMERICA,São Paulo,,,,2024-05-04T13:12,False,Bruno Luka de Souza Bambirra Silveira,iNaturalist,http://creativecommons.org/licenses/by-nc/4.0/,Bruno Luka de Souza Bambirra Silveira,https://inaturalist-open-data.s3.amazonaws.com/photos/413688318/original.jpeg; https://inaturalist-open-data.s3.amazonaws.com/photos/413688319/original.jpeg,k-brazil,2024-10-22 06:19:37
original_4921928456_1.jpeg,4117345,Sporobolus pyramidalis,0.524,"Thalurania glaucopis (J.F.Gmelin, 1788)",2476548,-23.776993,-46.299679,1.0,SOUTH_AMERICA,São Paulo,,,,2024-05-04T13:06,False,Bruno Luka de Souza Bambirra Silveira,iNaturalist,http://creativecommons.org/licenses/by-nc/4.0/,Bruno Luka de Souza Bambirra Silveira,https://inaturalist-open-data.s3.amazonaws.com/photos/413687744/original.jpeg; https://inaturalist-open-data.s3.amazonaws.com/photos/413687745/original.jpeg; https://inaturalist-open-data.s3.amazonaws.com/photos/413687756/original.jpeg,k-brazil,2024-10-22 06:19:42
original_4921983600_2.jpeg,2697985,Aechmea mertensii,2.388,"Thalurania glaucopis (J.F.Gmelin, 1788)",2476548,-23.778798,-46.304961,1.0,SOUTH_AMERICA,São Paulo,,,,2024-05-04T09:43,False,Bruno Luka de Souza Bambirra Silveira,iNaturalist,http://creativecommons.org/licenses/by-nc/4.0/,Bruno Luka de Souza Bambirra Silveira,https://inaturalist-open-data.s3.amazonaws.com/photos/413682581/original.jpeg; https://inaturalist-open-data.s3.amazonaws.com/photos/413682583/original.jpeg,k-brazil,2024-10-22 06:19:58
original_4922020242_1.jpeg,7274333,Tropaeolum pentaphyllum,1.001,"Thalurania glaucopis (J.F.Gmelin, 1788)",2476548,-23.776988,-46.299659,1.0,SOUTH_AMERICA,São Paulo,,,,2024-03-03T12:46,False,Bruno Luka de Souza Bambirra Silveira,iNaturalist,http://creativecommons.org/licenses/by-nc/4.0/,Bruno Luka de Souza Bambirra Silveira,https://inaturalist-open-data.s3.amazonaws.com/photos/413604210/original.jpeg; https://inaturalist-open-data.s3.amazonaws.com/photos/413604212/original.jpeg; https://inaturalist-open-data.s3.amazonaws.com/photos/413604222/original.jpeg,k-brazil,2024-10-22 06:20:10
original_4922027730_1.jpeg,3157500,Duguetia inconspicua,3.856,"Thalurania glaucopis (J.F.Gmelin, 1788)",2476548,-23.449489,-46.655133,2.0,SOUTH_AMERICA,São Paulo,,,,2024-05-01T17:13,False,Bruno Luka de Souza Bambirra Silveira,iNaturalist,http://creativecommons.org/licenses/by-nc/4.0/,Bruno Luka de Souza Bambirra Silveira,https://inaturalist-open-data.s3.amazonaws.com/photos/413667970/original.jpeg; https://inaturalist-open-data.s3.amazonaws.com/photos/413667978/original.jpeg; https://inaturalist-open-data.s3.amazonaws.com/photos/413667983/original.jpeg,k-brazil,2024-10-22 06:20:15
original_891090926_1.jpg,3157550,Duguetia eximia,10.897,"Thalurania glaucopis (J.F.Gmelin, 1788)",2476548,-24.264417,-47.427805,100.0,SOUTH_AMERICA,São Paulo,,,,2010-10-08,False,Tim Hirsch,iNaturalist,http://creativecommons.org/licenses/by/4.0/,Tim Hirsch,https://inaturalist-open-data.s3.amazonaws.com/photos/153098/original.jpg,k-brazil,2024-10-22 06:20:20
original_899940991_1.JPG,3172499,Jacaranda mimosifolia,1.048,"Thalurania glaucopis (J.F.Gmelin, 1788)",2476548,-25.60033,-54.56845,,SOUTH_AMERICA,Misiones,,,,2011-11-08,False,Carmelo López Abad,iNaturalist,http://creativecommons.org/licenses/by-nc/4.0/,Carmelo López Abad,https://inaturalist-open-data.s3.amazonaws.com/photos/398911/original.JPG,k-southern-south-america,2024-10-22 06:20:22
