imageFileName,gbifIDPlant,speciesPlant,scorePlant,scientificNameBird,gbifIDBird,decimalLatitude,decimalLongitude,coordinateUncertaintyInMeters,continent,stateProvince,year,month,day,eventDate,dateFieldsValid,creator,publisher,license,rightsHolder,identifier,projectID,identificationDateTime
23554091408_97212a2ed2_b_1668763354_1.jpg,7313343,Passiflora glandulosa,2.911,"Heliodoxa rubinoides (Bourcier & Mulsant, 1846)",2476931,3.539678,-76.606293,250.0,SOUTH_AMERICA,nan,,,,2017-08-18T00:00,False,Unknown,Unknown,Unknown,Unknown,http://live.staticflickr.com/4436/23554107968_4e8a6442dc_b.jpg; http://live.staticflickr.com/4446/23554091408_97212a2ed2_b.jpg; http://live.staticflickr.com/4466/36697184754_21d89aa976_b.jpg; http://live.staticflickr.com/4511/37358933806_b7b21c118b_b.jpg,k-western-south-america,2024-10-25 18:09:20
26332577858_2020619e87_b_1807857160_2.jpg,6388688,Desfontainia spinosa,0.8410000000000001,"Heliodoxa rubinoides (Bourcier & Mulsant, 1846)",2476931,-0.027423,-78.756981,250.0,SOUTH_AMERICA,nan,,,,2017-12-23T00:00,False,Unknown,Unknown,Unknown,Unknown,http://live.staticflickr.com/4612/26332577858_2020619e87_b.jpg; http://live.staticflickr.com/4621/26332579288_642f68bb97_b.jpg,k-western-south-america,2024-10-25 18:09:24
26332579288_642f68bb97_b_1807857160_1.jpg,2650774,Histiopteris incisa,1.398,"Heliodoxa rubinoides (Bourcier & Mulsant, 1846)",2476931,-0.027423,-78.756981,250.0,SOUTH_AMERICA,nan,,,,2017-12-23T00:00,False,Unknown,Unknown,Unknown,Unknown,http://live.staticflickr.com/4612/26332577858_2020619e87_b.jpg; http://live.staticflickr.com/4621/26332579288_642f68bb97_b.jpg,k-western-south-america,2024-10-25 18:09:26
28629966340_7e268c8e7d_b_1338827948_1.jpg,7313343,Passiflora glandulosa,3.168,"Heliodoxa rubinoides (Bourcier & Mulsant, 1846)",2476931,3.537237,-76.616982,250.0,SOUTH_AMERICA,nan,,,,2016-07-21T00:00,False,Unknown,Unknown,Unknown,Unknown,http://live.staticflickr.com/7714/28299036253_e91dd7031a_b.jpg; http://live.staticflickr.com/8610/28629966340_7e268c8e7d_b.jpg; http://live.staticflickr.com/8847/28883096766_fb0422e6ed_b.jpg,k-western-south-america,2024-10-25 18:09:30
36697184754_21d89aa976_b_1668763354_2.jpg,3866517,Bellucia pentamera,1.311,"Heliodoxa rubinoides (Bourcier & Mulsant, 1846)",2476931,3.539678,-76.606293,250.0,SOUTH_AMERICA,nan,,,,2017-08-18T00:00,False,Unknown,Unknown,Unknown,Unknown,http://live.staticflickr.com/4436/23554107968_4e8a6442dc_b.jpg; http://live.staticflickr.com/4446/23554091408_97212a2ed2_b.jpg; http://live.staticflickr.com/4466/36697184754_21d89aa976_b.jpg; http://live.staticflickr.com/4511/37358933806_b7b21c118b_b.jpg,k-western-south-america,2024-10-25 18:09:33
50002617526_2605628f8e_b_3388084193_1.jpg,3152090,Corchorus tridens,0.889,"Heliodoxa rubinoides (Bourcier & Mulsant, 1846)",2476931,-0.024752,-78.72374,250.0,SOUTH_AMERICA,nan,,,,2020-03-08T00:00,False,Unknown,Unknown,Unknown,Unknown,https://live.staticflickr.com/65535/50002617526_2605628f8e_b.jpg; https://live.staticflickr.com/65535/50002617856_2c82b76628_b.jpg,k-western-south-america,2024-10-25 18:09:39
50002617856_2c82b76628_b_3388084193_2.jpg,5361889,Morus alba,2.017,"Heliodoxa rubinoides (Bourcier & Mulsant, 1846)",2476931,-0.024752,-78.72374,250.0,SOUTH_AMERICA,nan,,,,2020-03-08T00:00,False,Unknown,Unknown,Unknown,Unknown,https://live.staticflickr.com/65535/50002617526_2605628f8e_b.jpg; https://live.staticflickr.com/65535/50002617856_2c82b76628_b.jpg,k-western-south-america,2024-10-25 18:09:40
50002849132_51394219f6_b_3388401518_1.jpg,5319469,Maxillaria villosa,1.667,"Heliodoxa rubinoides (Bourcier & Mulsant, 1846)",2476931,-0.024752,-78.72374,250.0,SOUTH_AMERICA,nan,,,,2020-03-12T00:00,False,Unknown,Unknown,Unknown,Unknown,https://live.staticflickr.com/65535/50002849132_51394219f6_b.jpg,k-western-south-america,2024-10-25 18:09:42
51793366552_985f240595_b_3447403069_2.jpg,2930216,Solanum betaceum,9.078999999999999,"Heliodoxa rubinoides (Bourcier & Mulsant, 1846)",2476931,3.526289,-76.616753,250.0,SOUTH_AMERICA,nan,,,,2021-12-13T00:00,False,Unknown,Unknown,Unknown,Unknown,https://live.staticflickr.com/65535/51793366367_f7295c525f_b.jpg; https://live.staticflickr.com/65535/51793366552_985f240595_b.jpg; https://live.staticflickr.com/65535/51794438933_7eebca1fda_b.jpg,k-western-south-america,2024-10-25 18:09:46
51794438933_7eebca1fda_b_3447403069_1.jpg,8162439,Callianthe striata,11.940000000000001,"Heliodoxa rubinoides (Bourcier & Mulsant, 1846)",2476931,3.526289,-76.616753,250.0,SOUTH_AMERICA,nan,,,,2021-12-13T00:00,False,Unknown,Unknown,Unknown,Unknown,https://live.staticflickr.com/65535/51793366367_f7295c525f_b.jpg; https://live.staticflickr.com/65535/51793366552_985f240595_b.jpg; https://live.staticflickr.com/65535/51794438933_7eebca1fda_b.jpg,k-western-south-america,2024-10-25 18:09:48
52236266488_c1ee8876d3_b_4176311027_1.jpg,2930137,Solanum lycopersicum,3.007,"Heliodoxa rubinoides (Bourcier & Mulsant, 1846)",2476931,-0.029076,-78.752403,250.0,SOUTH_AMERICA,nan,,,,2021-12-10T00:00,False,Unknown,Unknown,Unknown,Unknown,https://live.staticflickr.com/65535/52236266488_c1ee8876d3_b.jpg,k-western-south-america,2024-10-25 18:09:55
52236268296_43fcf06c85_b_4175587669_1.jpg,5421144,Dodonaea viscosa,2.21,"Heliodoxa rubinoides (Bourcier & Mulsant, 1846)",2476931,-0.026177,-78.759125,250.0,SOUTH_AMERICA,nan,,,,2021-12-09T00:00,False,Unknown,Unknown,Unknown,Unknown,https://live.staticflickr.com/65535/52236268296_43fcf06c85_b.jpg,k-western-south-america,2024-10-25 18:09:57
52244667592_41cc002147_b_4175584246_1.jpg,2930137,Solanum lycopersicum,5.382,"Heliodoxa rubinoides (Bourcier & Mulsant, 1846)",2476931,0.040626,-78.678131,250.0,SOUTH_AMERICA,nan,,,,2021-12-18T00:00,False,Unknown,Unknown,Unknown,Unknown,https://live.staticflickr.com/65535/52244667592_41cc002147_b.jpg,k-western-south-america,2024-10-25 18:09:59
52245512528_32a2e105b2_b_4176256708_1.jpg,5834757,Mouriri sagotiana,2.447,"Heliodoxa rubinoides (Bourcier & Mulsant, 1846)",2476931,-0.024752,-78.72374,250.0,SOUTH_AMERICA,nan,,,,2021-12-13T00:00,False,Unknown,Unknown,Unknown,Unknown,https://live.staticflickr.com/65535/52245512528_32a2e105b2_b.jpg,k-western-south-america,2024-10-25 18:10:01
52245634451_52da10a3aa_b_4176735728_1.jpg,3189635,Camellia sinensis,4.492999999999999,"Heliodoxa rubinoides (Bourcier & Mulsant, 1846)",2476931,0.040626,-78.678131,250.0,SOUTH_AMERICA,nan,,,,2021-12-17T00:00,False,Unknown,Unknown,Unknown,Unknown,https://live.staticflickr.com/65535/52245634451_52da10a3aa_b.jpg; https://live.staticflickr.com/65535/52246130530_3cc87c0fa7_b.jpg,k-western-south-america,2024-10-25 18:10:06
52246057875_ca8461bea2_b_4175507574_1.jpg,5421144,Dodonaea viscosa,4.971,"Heliodoxa rubinoides (Bourcier & Mulsant, 1846)",2476931,-0.026177,-78.759125,250.0,SOUTH_AMERICA,nan,,,,2021-12-10T00:00,False,Unknown,Unknown,Unknown,Unknown,https://live.staticflickr.com/65535/52246057875_ca8461bea2_b.jpg,k-western-south-america,2024-10-25 18:10:13
52246130530_3cc87c0fa7_b_4176735728_2.jpg,3189635,Camellia sinensis,7.521,"Heliodoxa rubinoides (Bourcier & Mulsant, 1846)",2476931,0.040626,-78.678131,250.0,SOUTH_AMERICA,nan,,,,2021-12-17T00:00,False,Unknown,Unknown,Unknown,Unknown,https://live.staticflickr.com/65535/52245634451_52da10a3aa_b.jpg; https://live.staticflickr.com/65535/52246130530_3cc87c0fa7_b.jpg,k-western-south-america,2024-10-25 18:10:14
8358248177_cbcd59f3ef_b_922043157_2.jpg,3190647,Quassia amara,0.9039999999999999,"Heliodoxa rubinoides (Bourcier & Mulsant, 1846)",2476931,-0.06506,-78.701591,250.0,SOUTH_AMERICA,nan,,,,2012-12-04T00:00,False,Unknown,Unknown,Unknown,Unknown,http://live.staticflickr.com/8216/8359313266_5fe81dc435_b.jpg; http://live.staticflickr.com/8225/8358248177_cbcd59f3ef_b.jpg,k-western-south-america,2024-10-25 18:10:19
8359313266_5fe81dc435_b_922043157_1.jpg,2756950,Costus woodsonii,31.927,"Heliodoxa rubinoides (Bourcier & Mulsant, 1846)",2476931,-0.06506,-78.701591,250.0,SOUTH_AMERICA,nan,,,,2012-12-04T00:00,False,Unknown,Unknown,Unknown,Unknown,http://live.staticflickr.com/8216/8359313266_5fe81dc435_b.jpg; http://live.staticflickr.com/8225/8358248177_cbcd59f3ef_b.jpg,k-western-south-america,2024-10-25 18:10:21
DSC04621+1372432036_2250604188_2.JPG,3621740,Himatanthus articulatus,1.529,BOLD:ACH0149,2476931,5.158,-75.983,,SOUTH_AMERICA,Risaralda,,,,2004-08-21,False,Unknown,Unknown,CreativeCommons - Attribution Non-Commercial Share-Alike; http://creativecommons.org/licenses/by-nc-sa/4.0/,Unknown,http://www.boldsystems.org/pics/IAVHB/DSC04620+1372432008.JPG; http://www.boldsystems.org/pics/IAVHB/DSC04621+1372432036.JPG; http://www.boldsystems.org/pics/IAVHB/DSC04625+1372432096.JPG,k-western-south-america,2024-10-25 18:10:23
DSC04625+1372432096_2250604188_1.JPG,5392252,Cichorium intybus,1.876,BOLD:ACH0149,2476931,5.158,-75.983,,SOUTH_AMERICA,Risaralda,,,,2004-08-21,False,Unknown,Unknown,CreativeCommons - Attribution Non-Commercial Share-Alike; http://creativecommons.org/licenses/by-nc-sa/4.0/,Unknown,http://www.boldsystems.org/pics/IAVHB/DSC04620+1372432008.JPG; http://www.boldsystems.org/pics/IAVHB/DSC04621+1372432036.JPG; http://www.boldsystems.org/pics/IAVHB/DSC04625+1372432096.JPG,k-western-south-america,2024-10-25 18:10:24
original_1052585084_2.JPG,3152559,Hibiscus rosa-sinensis,4.1209999999999996,"Heliodoxa rubinoides (Bourcier & Mulsant, 1846)",2476931,0.003519,-78.699532,,SOUTH_AMERICA,Pichincha,,,,2014-10-07,False,Carmelo López Abad,iNaturalist,http://creativecommons.org/licenses/by-nc/4.0/,Carmelo López Abad,https://inaturalist-open-data.s3.amazonaws.com/photos/1394336/original.JPG; https://inaturalist-open-data.s3.amazonaws.com/photos/1394337/original.JPG,k-western-south-america,2024-10-25 18:10:40
original_1315046953_1.jpg,3169012,Hippocratea volubilis,11.604000000000001,"Heliodoxa rubinoides (Bourcier & Mulsant, 1846)",2476931,-0.55686,-77.880878,,SOUTH_AMERICA,Napo,,,,2009-05-06T14:24:05,False,Andy Jones,iNaturalist,http://creativecommons.org/licenses/by-nc/4.0/,Andy Jones,https://inaturalist-open-data.s3.amazonaws.com/photos/3044423/original.jpg,k-western-south-america,2024-10-25 18:10:48
original_1580502513_1.jpeg,5412613,Centropogon cornutus,5.442,"Heliodoxa rubinoides (Bourcier & Mulsant, 1846)",2476931,-0.037902,-78.803522,,SOUTH_AMERICA,Pichincha,,,,2017-06-16,False,Daniel Puckett,iNaturalist,http://creativecommons.org/licenses/by-nc/4.0/,Daniel Puckett,https://inaturalist-open-data.s3.amazonaws.com/photos/9102106/original.jpeg; https://inaturalist-open-data.s3.amazonaws.com/photos/9102132/original.jpeg,k-western-south-america,2024-10-25 18:10:59
original_1580502513_2.jpeg,5415463,Thunbergia alata,2.489,"Heliodoxa rubinoides (Bourcier & Mulsant, 1846)",2476931,-0.037902,-78.803522,,SOUTH_AMERICA,Pichincha,,,,2017-06-16,False,Daniel Puckett,iNaturalist,http://creativecommons.org/licenses/by-nc/4.0/,Daniel Puckett,https://inaturalist-open-data.s3.amazonaws.com/photos/9102106/original.jpeg; https://inaturalist-open-data.s3.amazonaws.com/photos/9102132/original.jpeg,k-western-south-america,2024-10-25 18:11:01
original_1584404862_1.jpeg,3054364,Juglans neotropica,1.409,"Heliodoxa rubinoides (Bourcier & Mulsant, 1846)",2476931,-0.069846,-78.761909,,SOUTH_AMERICA,Pichincha,,,,2017-06-16T07:10,False,rebry,iNaturalist,http://creativecommons.org/licenses/by-nc/4.0/,rebry,https://inaturalist-open-data.s3.amazonaws.com/photos/9006717/original.jpeg,k-western-south-america,2024-10-25 18:11:08
original_1702474795_1.jpeg,2981879,Calliandra tergemina,4.133,"Heliodoxa rubinoides (Bourcier & Mulsant, 1846)",2476931,-0.076723,-78.789997,1000.0,SOUTH_AMERICA,Pichincha,,,,2015-10-02T08:26,False,danielboyes,iNaturalist,http://creativecommons.org/licenses/by-nc/4.0/,danielboyes,https://inaturalist-open-data.s3.amazonaws.com/photos/11670528/original.jpeg,k-western-south-america,2024-10-25 18:11:13
original_1802732908_1.jpeg,2762752,Musa × paradisiaca,1.298,"Heliodoxa rubinoides (Bourcier & Mulsant, 1846)",2476931,-0.016039,-78.680877,472.0,SOUTH_AMERICA,Pichincha,,,,2017-06-21T13:21,False,sternberg_science_camps,iNaturalist,http://creativecommons.org/licenses/by-nc-nd/4.0/,sternberg_science_camps,https://inaturalist-open-data.s3.amazonaws.com/photos/12553883/original.jpeg,k-western-south-america,2024-10-25 18:11:17
original_1802742778_1.jpeg,2760947,Heliconia acuminata,4.739,"Heliodoxa rubinoides (Bourcier & Mulsant, 1846)",2476931,-0.021767,-78.694897,1084.0,SOUTH_AMERICA,Pichincha,,,,2017-06-23T17:39,False,sternberg_science_camps,iNaturalist,http://creativecommons.org/licenses/by-nc-nd/4.0/,sternberg_science_camps,https://inaturalist-open-data.s3.amazonaws.com/photos/12595796/original.jpeg; https://inaturalist-open-data.s3.amazonaws.com/photos/12595829/original.jpeg,k-western-south-america,2024-10-25 18:11:19
original_1802742778_2.jpeg,3866517,Bellucia pentamera,1.55,"Heliodoxa rubinoides (Bourcier & Mulsant, 1846)",2476931,-0.021767,-78.694897,1084.0,SOUTH_AMERICA,Pichincha,,,,2017-06-23T17:39,False,sternberg_science_camps,iNaturalist,http://creativecommons.org/licenses/by-nc-nd/4.0/,sternberg_science_camps,https://inaturalist-open-data.s3.amazonaws.com/photos/12595796/original.jpeg; https://inaturalist-open-data.s3.amazonaws.com/photos/12595829/original.jpeg,k-western-south-america,2024-10-25 18:11:21
original_1836572374_2.jpg,2760973,Heliconia episcopalis,12.803,"Heliodoxa rubinoides (Bourcier & Mulsant, 1846)",2476931,3.540845,-76.606578,,SOUTH_AMERICA,Valle del Cauca,,,,2018-02-01T11:44,False,David McCorquodale,iNaturalist,http://creativecommons.org/licenses/by/4.0/,David McCorquodale,https://inaturalist-open-data.s3.amazonaws.com/photos/13875285/original.jpg; https://inaturalist-open-data.s3.amazonaws.com/photos/13875293/original.jpg,k-western-south-america,2024-10-25 18:11:33
original_1836698159_1.jpeg,2874711,Begonia foliosa,4.336,"Heliodoxa rubinoides (Bourcier & Mulsant, 1846)",2476931,-0.029557,-78.752685,,SOUTH_AMERICA,Pichincha,,,,2018-02-03T11:24,False,charley,iNaturalist,http://creativecommons.org/licenses/by-nc/4.0/,charley,https://inaturalist-open-data.s3.amazonaws.com/photos/13379889/original.jpeg; https://inaturalist-open-data.s3.amazonaws.com/photos/13379894/original.jpeg; https://inaturalist-open-data.s3.amazonaws.com/photos/13379899/original.jpeg,k-western-south-america,2024-10-25 18:11:36
original_1836698159_2.jpeg,5590493,Drymonia serrulata,3.2329999999999997,"Heliodoxa rubinoides (Bourcier & Mulsant, 1846)",2476931,-0.029557,-78.752685,,SOUTH_AMERICA,Pichincha,,,,2018-02-03T11:24,False,charley,iNaturalist,http://creativecommons.org/licenses/by-nc/4.0/,charley,https://inaturalist-open-data.s3.amazonaws.com/photos/13379889/original.jpeg; https://inaturalist-open-data.s3.amazonaws.com/photos/13379894/original.jpeg; https://inaturalist-open-data.s3.amazonaws.com/photos/13379899/original.jpeg,k-western-south-america,2024-10-25 18:11:38
original_1836698159_3.jpeg,3782128,Siparuna poeppigii,2.698,"Heliodoxa rubinoides (Bourcier & Mulsant, 1846)",2476931,-0.029557,-78.752685,,SOUTH_AMERICA,Pichincha,,,,2018-02-03T11:24,False,charley,iNaturalist,http://creativecommons.org/licenses/by-nc/4.0/,charley,https://inaturalist-open-data.s3.amazonaws.com/photos/13379889/original.jpeg; https://inaturalist-open-data.s3.amazonaws.com/photos/13379894/original.jpeg; https://inaturalist-open-data.s3.amazonaws.com/photos/13379899/original.jpeg,k-western-south-america,2024-10-25 18:11:40
original_1837783632_1.jpeg,7167078,Bougainvillea spectabilis,1.849,"Heliodoxa rubinoides (Bourcier & Mulsant, 1846)",2476931,0.007822,-78.679801,4339.0,SOUTH_AMERICA,Pichincha,,,,2014-05-30T14:19,False,Cullin,iNaturalist,http://creativecommons.org/licenses/by-nc/4.0/,Cullin,https://inaturalist-open-data.s3.amazonaws.com/photos/4919811/original.jpeg,k-western-south-america,2024-10-25 18:11:49
original_1883521407_1.jpg,8368994,Passiflora mixta,5.018000000000001,"Heliodoxa rubinoides (Bourcier & Mulsant, 1846)",2476931,5.042599,-75.444977,384.0,SOUTH_AMERICA,Caldas,,,,2016-11-04T10:18,False,max_hof_mann,iNaturalist,http://creativecommons.org/licenses/by-nc/4.0/,max_hof_mann,https://inaturalist-open-data.s3.amazonaws.com/photos/21310201/original.jpg,k-western-south-america,2024-10-25 18:11:57
original_1883521483_1.jpg,5412526,Centropogon granulosus,2.263,"Heliodoxa rubinoides (Bourcier & Mulsant, 1846)",2476931,5.126722,-75.448971,997.0,SOUTH_AMERICA,Caldas,,,,2016-11-07T12:55,False,max_hof_mann,iNaturalist,http://creativecommons.org/licenses/by-nc/4.0/,max_hof_mann,https://inaturalist-open-data.s3.amazonaws.com/photos/21310562/original.jpg,k-western-south-america,2024-10-25 18:12:00
original_1883966466_1.jpeg,5590493,Drymonia serrulata,10.992,"Heliodoxa rubinoides (Bourcier & Mulsant, 1846)",2476931,-0.590859,-77.880621,212.0,SOUTH_AMERICA,Napo,,,,2010-11-03T07:12,False,David M. Gascoigne,iNaturalist,http://creativecommons.org/licenses/by-nc/4.0/,David M. Gascoigne,https://inaturalist-open-data.s3.amazonaws.com/photos/22016798/original.jpeg; https://inaturalist-open-data.s3.amazonaws.com/photos/22016878/original.jpeg,k-western-south-america,2024-10-25 18:12:03
original_1883966466_2.jpeg,5590493,Drymonia serrulata,4.764,"Heliodoxa rubinoides (Bourcier & Mulsant, 1846)",2476931,-0.590859,-77.880621,212.0,SOUTH_AMERICA,Napo,,,,2010-11-03T07:12,False,David M. Gascoigne,iNaturalist,http://creativecommons.org/licenses/by-nc/4.0/,David M. Gascoigne,https://inaturalist-open-data.s3.amazonaws.com/photos/22016798/original.jpeg; https://inaturalist-open-data.s3.amazonaws.com/photos/22016878/original.jpeg,k-western-south-america,2024-10-25 18:12:05
original_1890670309_1.jpg,7661971,Bambusa vulgaris,8.083,"Heliodoxa rubinoides (Bourcier & Mulsant, 1846)",2476931,5.042898,-75.445063,427.0,SOUTH_AMERICA,Caldas,,,,2016-11-04T10:18,False,max_hof_mann,iNaturalist,http://creativecommons.org/licenses/by-nc/4.0/,max_hof_mann,https://inaturalist-open-data.s3.amazonaws.com/photos/21310203/original.jpg,k-western-south-america,2024-10-25 18:12:07
original_1898800050_1.jpg,5357680,Inga vera,34.458,"Heliodoxa rubinoides (Bourcier & Mulsant, 1846)",2476931,5.786129,-76.019359,244.0,SOUTH_AMERICA,Antioquia,,,,2018-04-29,False,Bioexploradores Farallones,iNaturalist,http://creativecommons.org/licenses/by-nc/4.0/,Bioexploradores Farallones,https://inaturalist-open-data.s3.amazonaws.com/photos/23344220/original.jpg,k-western-south-america,2024-10-25 18:12:10
original_1949987545_1.jpeg,3184509,Syzygium malaccense,6.035,"Heliodoxa rubinoides (Bourcier & Mulsant, 1846)",2476931,5.043606,-75.445194,263.0,SOUTH_AMERICA,Caldas,,,,2016-02-25T10:38:44,False,Jeff Harding,iNaturalist,http://creativecommons.org/licenses/by-nc/4.0/,Jeff Harding,https://inaturalist-open-data.s3.amazonaws.com/photos/28833364/original.jpeg,k-western-south-america,2024-10-25 18:12:15
original_1950009048_1.jpg,2896544,Gonzalagunia hirsuta,1.709,"Heliodoxa rubinoides (Bourcier & Mulsant, 1846)",2476931,0.029423,-78.680615,,SOUTH_AMERICA,Pichincha,,,,2018-03-16T12:16,False,John D Reynolds,iNaturalist,http://creativecommons.org/licenses/by-nc/4.0/,John D Reynolds,https://inaturalist-open-data.s3.amazonaws.com/photos/29022629/original.jpg; https://inaturalist-open-data.s3.amazonaws.com/photos/29022642/original.jpg,k-western-south-america,2024-10-25 18:12:21
original_1950009048_2.jpg,5331145,Casearia aculeata,3.66,"Heliodoxa rubinoides (Bourcier & Mulsant, 1846)",2476931,0.029423,-78.680615,,SOUTH_AMERICA,Pichincha,,,,2018-03-16T12:16,False,John D Reynolds,iNaturalist,http://creativecommons.org/licenses/by-nc/4.0/,John D Reynolds,https://inaturalist-open-data.s3.amazonaws.com/photos/29022629/original.jpg; https://inaturalist-open-data.s3.amazonaws.com/photos/29022642/original.jpg,k-western-south-america,2024-10-25 18:12:23
original_1950009512_1.jpg,2650442,Niphidium crassifolium,10.143,"Heliodoxa rubinoides (Bourcier & Mulsant, 1846)",2476931,0.029362,-78.680723,,SOUTH_AMERICA,Pichincha,,,,2018-03-16T12:04,False,John D Reynolds,iNaturalist,http://creativecommons.org/licenses/by-nc/4.0/,John D Reynolds,https://inaturalist-open-data.s3.amazonaws.com/photos/29022635/original.jpg,k-western-south-america,2024-10-25 18:12:26
original_1978449839_1.jpg,2965003,Centrosema plumieri,7.947,"Heliodoxa rubinoides (Bourcier & Mulsant, 1846)",2476931,3.538822,-76.606314,219.0,SOUTH_AMERICA,Valle del Cauca,,,,2016-02-07T10:23,False,Ken Chamberlain,iNaturalist,http://creativecommons.org/licenses/by-nc/4.0/,Ken Chamberlain,https://inaturalist-open-data.s3.amazonaws.com/photos/29258699/original.jpg,k-western-south-america,2024-10-25 18:12:35
original_1978456285_1.jpg,8220878,Callianthe megapotamica,51.879,"Heliodoxa rubinoides (Bourcier & Mulsant, 1846)",2476931,5.066797,-75.448486,644.0,SOUTH_AMERICA,Caldas,,,,2016-02-15T14:41,False,Ken Chamberlain,iNaturalist,http://creativecommons.org/licenses/by-nc/4.0/,Ken Chamberlain,https://inaturalist-open-data.s3.amazonaws.com/photos/29289937/original.jpg,k-western-south-america,2024-10-25 18:12:38
original_1990466360_1.jpg,5384390,Amaranthus cruentus,6.159,"Heliodoxa rubinoides (Bourcier & Mulsant, 1846)",2476931,3.558733,-76.573748,,SOUTH_AMERICA,Valle del Cauca,,,,2018-12-08T09:25,False,ccaicedov,iNaturalist,http://creativecommons.org/licenses/by-nc/4.0/,ccaicedov,https://inaturalist-open-data.s3.amazonaws.com/photos/29838724/original.jpg,k-western-south-america,2024-10-25 18:12:43
original_1990491579_1.jpg,2650442,Niphidium crassifolium,3.596,"Heliodoxa rubinoides (Bourcier & Mulsant, 1846)",2476931,0.014453,-78.71129,244.0,SOUTH_AMERICA,Pichincha,,,,2018-12-28T05:22,False,Chloe and Trevor Van Loon,iNaturalist,http://creativecommons.org/licenses/by-nc/4.0/,Chloe and Trevor Van Loon,https://inaturalist-open-data.s3.amazonaws.com/photos/30207463/original.jpg; https://inaturalist-open-data.s3.amazonaws.com/photos/30207474/original.jpg,k-western-south-america,2024-10-25 18:12:46
original_1990512118_1.jpg,5384390,Amaranthus cruentus,5.445,"Heliodoxa rubinoides (Bourcier & Mulsant, 1846)",2476931,3.554889,-76.563507,4330.0,SOUTH_AMERICA,Valle del Cauca,,,,2018-12-08T09:25,False,ccaicedov,iNaturalist,http://creativecommons.org/licenses/by-nc/4.0/,ccaicedov,https://inaturalist-open-data.s3.amazonaws.com/photos/30301884/original.jpg,k-western-south-america,2024-10-25 18:12:51
original_1990525276_1.jpeg,2929362,Solanum capsicoides,1.554,"Heliodoxa rubinoides (Bourcier & Mulsant, 1846)",2476931,-0.0245,-78.72461,,SOUTH_AMERICA,Pichincha,,,,2018-09-02T09:19,False,Anneke Jonker,iNaturalist,http://creativecommons.org/licenses/by-nc/4.0/,Anneke Jonker,https://inaturalist-open-data.s3.amazonaws.com/photos/30365110/original.jpeg; https://inaturalist-open-data.s3.amazonaws.com/photos/30365119/original.jpeg; https://inaturalist-open-data.s3.amazonaws.com/photos/30365126/original.jpeg,k-western-south-america,2024-10-25 18:12:54
original_1990525276_2.jpeg,5338405,Manettia cordifolia,6.728000000000001,"Heliodoxa rubinoides (Bourcier & Mulsant, 1846)",2476931,-0.0245,-78.72461,,SOUTH_AMERICA,Pichincha,,,,2018-09-02T09:19,False,Anneke Jonker,iNaturalist,http://creativecommons.org/licenses/by-nc/4.0/,Anneke Jonker,https://inaturalist-open-data.s3.amazonaws.com/photos/30365110/original.jpeg; https://inaturalist-open-data.s3.amazonaws.com/photos/30365119/original.jpeg; https://inaturalist-open-data.s3.amazonaws.com/photos/30365126/original.jpeg,k-western-south-america,2024-10-25 18:12:56
original_1990532341_1.jpeg,2925462,Stachytarpheta mutabilis,7.907,"Heliodoxa rubinoides (Bourcier & Mulsant, 1846)",2476931,-0.02958,-78.75278,,SOUTH_AMERICA,Pichincha,,,,2018-09-03T15:01,False,Anneke Jonker,iNaturalist,http://creativecommons.org/licenses/by-nc/4.0/,Anneke Jonker,https://inaturalist-open-data.s3.amazonaws.com/photos/30395710/original.jpeg; https://inaturalist-open-data.s3.amazonaws.com/photos/30395717/original.jpeg,k-western-south-america,2024-10-25 18:13:02
original_1990532341_2.jpeg,2925462,Stachytarpheta mutabilis,12.152000000000001,"Heliodoxa rubinoides (Bourcier & Mulsant, 1846)",2476931,-0.02958,-78.75278,,SOUTH_AMERICA,Pichincha,,,,2018-09-03T15:01,False,Anneke Jonker,iNaturalist,http://creativecommons.org/licenses/by-nc/4.0/,Anneke Jonker,https://inaturalist-open-data.s3.amazonaws.com/photos/30395710/original.jpeg; https://inaturalist-open-data.s3.amazonaws.com/photos/30395717/original.jpeg,k-western-south-america,2024-10-25 18:13:04
original_2012984845_1.jpeg,10863132,Pleroma urvilleanum,1.273,"Heliodoxa rubinoides (Bourcier & Mulsant, 1846)",2476931,-0.016202,-78.681099,207.0,SOUTH_AMERICA,Pichincha,,,,2012-05-16T03:34,False,Rob Foster,iNaturalist,http://creativecommons.org/licenses/by/4.0/,Rob Foster,https://inaturalist-open-data.s3.amazonaws.com/photos/32280000/original.jpeg; https://inaturalist-open-data.s3.amazonaws.com/photos/32280124/original.jpeg; https://inaturalist-open-data.s3.amazonaws.com/photos/32280136/original.jpeg; https://inaturalist-open-data.s3.amazonaws.com/photos/32280143/original.jpeg; https://inaturalist-open-data.s3.amazonaws.com/photos/32280174/original.jpeg,k-western-south-america,2024-10-25 18:13:18
original_2012984845_3.jpeg,2762989,Musa ornata,11.004999999999999,"Heliodoxa rubinoides (Bourcier & Mulsant, 1846)",2476931,-0.016202,-78.681099,207.0,SOUTH_AMERICA,Pichincha,,,,2012-05-16T03:34,False,Rob Foster,iNaturalist,http://creativecommons.org/licenses/by/4.0/,Rob Foster,https://inaturalist-open-data.s3.amazonaws.com/photos/32280000/original.jpeg; https://inaturalist-open-data.s3.amazonaws.com/photos/32280124/original.jpeg; https://inaturalist-open-data.s3.amazonaws.com/photos/32280136/original.jpeg; https://inaturalist-open-data.s3.amazonaws.com/photos/32280143/original.jpeg; https://inaturalist-open-data.s3.amazonaws.com/photos/32280174/original.jpeg,k-western-south-america,2024-10-25 18:13:23
original_2012984845_4.jpeg,5288138,Pitcairnia brittoniana,2.1149999999999998,"Heliodoxa rubinoides (Bourcier & Mulsant, 1846)",2476931,-0.016202,-78.681099,207.0,SOUTH_AMERICA,Pichincha,,,,2012-05-16T03:34,False,Rob Foster,iNaturalist,http://creativecommons.org/licenses/by/4.0/,Rob Foster,https://inaturalist-open-data.s3.amazonaws.com/photos/32280000/original.jpeg; https://inaturalist-open-data.s3.amazonaws.com/photos/32280124/original.jpeg; https://inaturalist-open-data.s3.amazonaws.com/photos/32280136/original.jpeg; https://inaturalist-open-data.s3.amazonaws.com/photos/32280143/original.jpeg; https://inaturalist-open-data.s3.amazonaws.com/photos/32280174/original.jpeg,k-western-south-america,2024-10-25 18:13:25
original_2238853244_1.jpeg,2908986,Pentas lanceolata,96.624,"Heliodoxa rubinoides (Bourcier & Mulsant, 1846)",2476931,6.294722,-75.499725,,SOUTH_AMERICA,Antioquia,,,,2019-04-27T10:45:28,False,njaramic,iNaturalist,http://creativecommons.org/licenses/by-nc/4.0/,njaramic,https://inaturalist-open-data.s3.amazonaws.com/photos/36234600/original.jpeg; https://inaturalist-open-data.s3.amazonaws.com/photos/36234748/original.jpeg; https://inaturalist-open-data.s3.amazonaws.com/photos/36234961/original.jpeg,k-western-south-america,2024-10-25 18:13:41
original_2238853244_2.jpeg,2908986,Pentas lanceolata,82.842,"Heliodoxa rubinoides (Bourcier & Mulsant, 1846)",2476931,6.294722,-75.499725,,SOUTH_AMERICA,Antioquia,,,,2019-04-27T10:45:28,False,njaramic,iNaturalist,http://creativecommons.org/licenses/by-nc/4.0/,njaramic,https://inaturalist-open-data.s3.amazonaws.com/photos/36234600/original.jpeg; https://inaturalist-open-data.s3.amazonaws.com/photos/36234748/original.jpeg; https://inaturalist-open-data.s3.amazonaws.com/photos/36234961/original.jpeg,k-western-south-america,2024-10-25 18:13:43
original_2238853244_3.jpeg,2908986,Pentas lanceolata,85.454,"Heliodoxa rubinoides (Bourcier & Mulsant, 1846)",2476931,6.294722,-75.499725,,SOUTH_AMERICA,Antioquia,,,,2019-04-27T10:45:28,False,njaramic,iNaturalist,http://creativecommons.org/licenses/by-nc/4.0/,njaramic,https://inaturalist-open-data.s3.amazonaws.com/photos/36234600/original.jpeg; https://inaturalist-open-data.s3.amazonaws.com/photos/36234748/original.jpeg; https://inaturalist-open-data.s3.amazonaws.com/photos/36234961/original.jpeg,k-western-south-america,2024-10-25 18:13:45
original_2242879666_1.jpeg,2650481,Phlebodium pseudoaureum,5.2010000000000005,"Heliodoxa rubinoides (Bourcier & Mulsant, 1846)",2476931,-1.044331,-79.826873,1752.0,SOUTH_AMERICA,Manabi,,,,2019-03-31,False,valeriadp,iNaturalist,http://creativecommons.org/licenses/by-nc/4.0/,valeriadp,https://inaturalist-open-data.s3.amazonaws.com/photos/38198695/original.jpeg,k-western-south-america,2024-10-25 18:13:47
original_2265895649_1.jpeg,5290299,Elymus repens,0.545,"Heliodoxa rubinoides (Bourcier & Mulsant, 1846)",2476931,-0.029617,-78.752727,,SOUTH_AMERICA,Pichincha,,,,2019-03-10T17:02,False,Tim Guida,iNaturalist,http://creativecommons.org/licenses/by-nc/4.0/,Tim Guida,https://inaturalist-open-data.s3.amazonaws.com/photos/41777850/original.jpeg,k-western-south-america,2024-10-25 18:13:53
original_2283163217_1.jpeg,2734435,Chamaedorea pinnatifrons,5.43,"Heliodoxa rubinoides (Bourcier & Mulsant, 1846)",2476931,-0.068616,-78.761824,,SOUTH_AMERICA,Pichincha,,,,2011-01-24T15:50,False,John C.,iNaturalist,http://creativecommons.org/licenses/by-nc/4.0/,John C.,https://inaturalist-open-data.s3.amazonaws.com/photos/43965305/original.jpeg,k-western-south-america,2024-10-25 18:14:01
original_2283203235_1.png,5387098,Dahlia coccinea,3.084,"Heliodoxa rubinoides (Bourcier & Mulsant, 1846)",2476931,3.539356,-76.605955,,SOUTH_AMERICA,Valle del Cauca,,,,2019-06-13,False,nickfartree,iNaturalist,http://creativecommons.org/licenses/by-nc/4.0/,nickfartree,https://inaturalist-open-data.s3.amazonaws.com/photos/44197507/original.png,k-western-south-america,2024-10-25 18:14:11
original_2311303183_1.jpeg,5412457,Centropogon solanifolius,6.9190000000000005,"Heliodoxa rubinoides (Bourcier & Mulsant, 1846)",2476931,-0.015907,-78.680679,,SOUTH_AMERICA,Pichincha,,,,2019-07-18T11:09:11,False,Victor E. Chocho,iNaturalist,http://creativecommons.org/licenses/by/4.0/,Victor E. Chocho,https://inaturalist-open-data.s3.amazonaws.com/photos/45339949/original.jpeg; https://inaturalist-open-data.s3.amazonaws.com/photos/45339996/original.jpeg,k-western-south-america,2024-10-25 18:14:34
original_2331852863_1.jpeg,3072900,Jatropha gossypiifolia,3.3520000000000003,"Heliodoxa rubinoides (Bourcier & Mulsant, 1846)",2476931,0.02625,-78.63977,8.0,SOUTH_AMERICA,Pichincha,,,,2019-07-30,False,sea-kangaroo,iNaturalist,http://creativecommons.org/licenses/by-nc-nd/4.0/,sea-kangaroo,https://inaturalist-open-data.s3.amazonaws.com/photos/46882322/original.jpeg; https://inaturalist-open-data.s3.amazonaws.com/photos/46882345/original.jpeg; https://inaturalist-open-data.s3.amazonaws.com/photos/46882395/original.jpeg; https://inaturalist-open-data.s3.amazonaws.com/photos/46882399/original.jpeg; https://inaturalist-open-data.s3.amazonaws.com/photos/46882410/original.jpeg,k-western-south-america,2024-10-25 18:14:38
original_2331852863_2.jpeg,9238381,Wallisia anceps,15.338,"Heliodoxa rubinoides (Bourcier & Mulsant, 1846)",2476931,0.02625,-78.63977,8.0,SOUTH_AMERICA,Pichincha,,,,2019-07-30,False,sea-kangaroo,iNaturalist,http://creativecommons.org/licenses/by-nc-nd/4.0/,sea-kangaroo,https://inaturalist-open-data.s3.amazonaws.com/photos/46882322/original.jpeg; https://inaturalist-open-data.s3.amazonaws.com/photos/46882345/original.jpeg; https://inaturalist-open-data.s3.amazonaws.com/photos/46882395/original.jpeg; https://inaturalist-open-data.s3.amazonaws.com/photos/46882399/original.jpeg; https://inaturalist-open-data.s3.amazonaws.com/photos/46882410/original.jpeg,k-western-south-america,2024-10-25 18:14:39
original_2331852863_3.jpeg,5384075,Opuntia stricta,0.84,"Heliodoxa rubinoides (Bourcier & Mulsant, 1846)",2476931,0.02625,-78.63977,8.0,SOUTH_AMERICA,Pichincha,,,,2019-07-30,False,sea-kangaroo,iNaturalist,http://creativecommons.org/licenses/by-nc-nd/4.0/,sea-kangaroo,https://inaturalist-open-data.s3.amazonaws.com/photos/46882322/original.jpeg; https://inaturalist-open-data.s3.amazonaws.com/photos/46882345/original.jpeg; https://inaturalist-open-data.s3.amazonaws.com/photos/46882395/original.jpeg; https://inaturalist-open-data.s3.amazonaws.com/photos/46882399/original.jpeg; https://inaturalist-open-data.s3.amazonaws.com/photos/46882410/original.jpeg,k-western-south-america,2024-10-25 18:14:40
original_2331852863_4.jpeg,5321877,Ionopsis utricularioides,6.586,"Heliodoxa rubinoides (Bourcier & Mulsant, 1846)",2476931,0.02625,-78.63977,8.0,SOUTH_AMERICA,Pichincha,,,,2019-07-30,False,sea-kangaroo,iNaturalist,http://creativecommons.org/licenses/by-nc-nd/4.0/,sea-kangaroo,https://inaturalist-open-data.s3.amazonaws.com/photos/46882322/original.jpeg; https://inaturalist-open-data.s3.amazonaws.com/photos/46882345/original.jpeg; https://inaturalist-open-data.s3.amazonaws.com/photos/46882395/original.jpeg; https://inaturalist-open-data.s3.amazonaws.com/photos/46882399/original.jpeg; https://inaturalist-open-data.s3.amazonaws.com/photos/46882410/original.jpeg,k-western-south-america,2024-10-25 18:14:42
original_2331852863_5.jpeg,3152820,Platanus occidentalis,6.2330000000000005,"Heliodoxa rubinoides (Bourcier & Mulsant, 1846)",2476931,0.02625,-78.63977,8.0,SOUTH_AMERICA,Pichincha,,,,2019-07-30,False,sea-kangaroo,iNaturalist,http://creativecommons.org/licenses/by-nc-nd/4.0/,sea-kangaroo,https://inaturalist-open-data.s3.amazonaws.com/photos/46882322/original.jpeg; https://inaturalist-open-data.s3.amazonaws.com/photos/46882345/original.jpeg; https://inaturalist-open-data.s3.amazonaws.com/photos/46882395/original.jpeg; https://inaturalist-open-data.s3.amazonaws.com/photos/46882399/original.jpeg; https://inaturalist-open-data.s3.amazonaws.com/photos/46882410/original.jpeg,k-western-south-america,2024-10-25 18:14:44
original_2350383387_1.jpg,2705621,Paspalum notatum,1.714,"Heliodoxa rubinoides (Bourcier & Mulsant, 1846)",2476931,0.038226,-78.695551,4.0,SOUTH_AMERICA,Pichincha,,,,2018-09-23,False,Samuel Valdes,iNaturalist,http://creativecommons.org/licenses/by-nc-nd/4.0/,Samuel Valdes,https://inaturalist-open-data.s3.amazonaws.com/photos/47861933/original.jpg,k-western-south-america,2024-10-25 18:14:53
original_2350387926_1.jpg,5599385,Heterotis rotundifolia,1.484,"Heliodoxa rubinoides (Bourcier & Mulsant, 1846)",2476931,0.030529,-78.68118,4.0,SOUTH_AMERICA,Pichincha,,,,2018-09-22,False,Samuel Valdes,iNaturalist,http://creativecommons.org/licenses/by-nc-nd/4.0/,Samuel Valdes,https://inaturalist-open-data.s3.amazonaws.com/photos/47862150/original.jpg,k-western-south-america,2024-10-25 18:14:56
original_2366104638_1.jpeg,7661971,Bambusa vulgaris,3.109,"Heliodoxa rubinoides (Bourcier & Mulsant, 1846)",2476931,0.118406,-78.61208,15.0,SOUTH_AMERICA,Pichincha,,,,2018-11-01,False,Holger Beck,iNaturalist,http://creativecommons.org/licenses/by-nc/4.0/,Holger Beck,https://inaturalist-open-data.s3.amazonaws.com/photos/48686423/original.jpeg,k-western-south-america,2024-10-25 18:15:02
original_2397505797_1.jpg,3114910,Tessaria integrifolia,27.453,"Heliodoxa rubinoides (Bourcier & Mulsant, 1846)",2476931,-0.028839,-78.762188,248.0,SOUTH_AMERICA,Pichincha,,,,2019-08-18T15:40,False,Judy Gallagher,iNaturalist,http://creativecommons.org/licenses/by-sa/4.0/,Judy Gallagher,https://inaturalist-open-data.s3.amazonaws.com/photos/48664909/original.jpg,k-western-south-america,2024-10-25 18:15:04
original_2423088002_1.jpg,5321877,Ionopsis utricularioides,13.256,"Heliodoxa rubinoides (Bourcier & Mulsant, 1846)",2476931,0.04585,-78.68015,,SOUTH_AMERICA,Pichincha,,,,2019-01-30T08:54,False,John G. Phillips,iNaturalist,http://creativecommons.org/licenses/by-nc/4.0/,John G. Phillips,https://inaturalist-open-data.s3.amazonaws.com/photos/51445238/original.jpg; https://inaturalist-open-data.s3.amazonaws.com/photos/51445249/original.jpg,k-western-south-america,2024-10-25 18:15:12
original_2423088002_2.jpg,8368994,Passiflora mixta,12.825000000000001,"Heliodoxa rubinoides (Bourcier & Mulsant, 1846)",2476931,0.04585,-78.68015,,SOUTH_AMERICA,Pichincha,,,,2019-01-30T08:54,False,John G. Phillips,iNaturalist,http://creativecommons.org/licenses/by-nc/4.0/,John G. Phillips,https://inaturalist-open-data.s3.amazonaws.com/photos/51445238/original.jpg; https://inaturalist-open-data.s3.amazonaws.com/photos/51445249/original.jpg,k-western-south-america,2024-10-25 18:15:14
original_2429325382_1.jpeg,2873423,Anthurium scandens,4.08,"Heliodoxa rubinoides (Bourcier & Mulsant, 1846)",2476931,0.118406,-78.61208,25.0,SOUTH_AMERICA,Pichincha,,,,2012-08-11T14:14,False,Holger Beck,iNaturalist,http://creativecommons.org/licenses/by-nc/4.0/,Holger Beck,https://inaturalist-open-data.s3.amazonaws.com/photos/52923344/original.jpeg,k-western-south-america,2024-10-25 18:15:17
original_2456574152_1.jpg,3054364,Juglans neotropica,4.829,"Heliodoxa rubinoides (Bourcier & Mulsant, 1846)",2476931,0.049583,-78.687827,4722.0,SOUTH_AMERICA,Pichincha,,,,2019-11-03T10:36,False,Linda,iNaturalist,http://creativecommons.org/licenses/by-nc/4.0/,Linda,https://inaturalist-open-data.s3.amazonaws.com/photos/56199381/original.jpg; https://inaturalist-open-data.s3.amazonaws.com/photos/56199388/original.jpg,k-western-south-america,2024-10-25 18:15:27
original_2456574152_2.jpg,5321877,Ionopsis utricularioides,6.9639999999999995,"Heliodoxa rubinoides (Bourcier & Mulsant, 1846)",2476931,0.049583,-78.687827,4722.0,SOUTH_AMERICA,Pichincha,,,,2019-11-03T10:36,False,Linda,iNaturalist,http://creativecommons.org/licenses/by-nc/4.0/,Linda,https://inaturalist-open-data.s3.amazonaws.com/photos/56199381/original.jpg; https://inaturalist-open-data.s3.amazonaws.com/photos/56199388/original.jpg,k-western-south-america,2024-10-25 18:15:29
original_2529293245_1.jpeg,3830518,Abuta grandifolia,4.72,"Heliodoxa rubinoides (Bourcier & Mulsant, 1846)",2476931,3.566796,-76.583156,200.0,SOUTH_AMERICA,Valle del Cauca,,,,2019-06-08T09:25,False,Luis G Restrepo,iNaturalist,http://creativecommons.org/licenses/by-nc/4.0/,Luis G Restrepo,https://inaturalist-open-data.s3.amazonaws.com/photos/57914888/original.jpeg,k-western-south-america,2024-10-25 18:15:39
original_2540769050_3.jpeg,4093319,Delostoma integrifolium,2.716,"Heliodoxa rubinoides (Bourcier & Mulsant, 1846)",2476931,-3.666022,-79.724413,7273.0,SOUTH_AMERICA,El Oro,,,,2018-03-08,False,subhashc,iNaturalist,http://creativecommons.org/licenses/by-nc/4.0/,subhashc,https://inaturalist-open-data.s3.amazonaws.com/photos/58410953/original.jpeg; https://inaturalist-open-data.s3.amazonaws.com/photos/58410961/original.jpeg; https://inaturalist-open-data.s3.amazonaws.com/photos/58411005/original.jpeg,k-western-south-america,2024-10-25 18:15:45
original_2540791238_1.jpeg,3190647,Quassia amara,7.510999999999999,"Heliodoxa rubinoides (Bourcier & Mulsant, 1846)",2476931,-3.666022,-79.724413,7273.0,SOUTH_AMERICA,El Oro,,,,2018-03-08,False,subhashc,iNaturalist,http://creativecommons.org/licenses/by-nc/4.0/,subhashc,https://inaturalist-open-data.s3.amazonaws.com/photos/58410971/original.jpeg,k-western-south-america,2024-10-25 18:15:47
original_2550051678_1.jpg,5321877,Ionopsis utricularioides,4.022,"Heliodoxa rubinoides (Bourcier & Mulsant, 1846)",2476931,-4.495412,-79.131992,545.0,SOUTH_AMERICA,Zamora Chinchipe,,,,2018-03-14,False,subhashc,iNaturalist,http://creativecommons.org/licenses/by-nc/4.0/,subhashc,https://inaturalist-open-data.s3.amazonaws.com/photos/59246421/original.jpg,k-western-south-america,2024-10-25 18:15:49
original_2550072718_1.jpg,3713853,Garcinia magnifolia,1.473,"Heliodoxa rubinoides (Bourcier & Mulsant, 1846)",2476931,-0.012531,-78.729948,,SOUTH_AMERICA,Pichincha,,,,2016-08-28,False,Ben Tsai蔡維哲,iNaturalist,http://creativecommons.org/licenses/by-nc/4.0/,Ben Tsai蔡維哲,https://inaturalist-open-data.s3.amazonaws.com/photos/59233237/original.jpg,k-western-south-america,2024-10-25 18:15:51
original_2550103427_1.jpeg,5590525,Drymonia rubra,2.646,"Heliodoxa rubinoides (Bourcier & Mulsant, 1846)",2476931,-5.697147,-77.808924,171.0,SOUTH_AMERICA,Amazonas,,,,2016-02-09T15:27,False,lauriekoepke,iNaturalist,http://creativecommons.org/licenses/by-nc/4.0/,lauriekoepke,https://inaturalist-open-data.s3.amazonaws.com/photos/13405761/original.jpeg,k-western-south-america,2024-10-25 18:15:54
original_2563533947_1.jpeg,5556447,Clusia grandiflora,11.583,"Heliodoxa rubinoides (Bourcier & Mulsant, 1846)",2476931,0.138484,-78.612699,212.0,SOUTH_AMERICA,Pichincha,,,,2020-01-04,False,kedavis13,iNaturalist,http://creativecommons.org/licenses/by-nc/4.0/,kedavis13,https://inaturalist-open-data.s3.amazonaws.com/photos/59984157/original.jpeg; https://inaturalist-open-data.s3.amazonaws.com/photos/59984166/original.jpeg; https://inaturalist-open-data.s3.amazonaws.com/photos/59984168/original.jpeg,k-western-south-america,2024-10-25 18:15:56
original_2563533947_2.jpeg,5556447,Clusia grandiflora,1.026,"Heliodoxa rubinoides (Bourcier & Mulsant, 1846)",2476931,0.138484,-78.612699,212.0,SOUTH_AMERICA,Pichincha,,,,2020-01-04,False,kedavis13,iNaturalist,http://creativecommons.org/licenses/by-nc/4.0/,kedavis13,https://inaturalist-open-data.s3.amazonaws.com/photos/59984157/original.jpeg; https://inaturalist-open-data.s3.amazonaws.com/photos/59984166/original.jpeg; https://inaturalist-open-data.s3.amazonaws.com/photos/59984168/original.jpeg,k-western-south-america,2024-10-25 18:15:58
original_2563533947_3.jpeg,4093319,Delostoma integrifolium,0.7929999999999999,"Heliodoxa rubinoides (Bourcier & Mulsant, 1846)",2476931,0.138484,-78.612699,212.0,SOUTH_AMERICA,Pichincha,,,,2020-01-04,False,kedavis13,iNaturalist,http://creativecommons.org/licenses/by-nc/4.0/,kedavis13,https://inaturalist-open-data.s3.amazonaws.com/photos/59984157/original.jpeg; https://inaturalist-open-data.s3.amazonaws.com/photos/59984166/original.jpeg; https://inaturalist-open-data.s3.amazonaws.com/photos/59984168/original.jpeg,k-western-south-america,2024-10-25 18:16:00
original_2563605659_1.jpeg,2695906,Tillandsia lajensis,2.572,"Heliodoxa rubinoides (Bourcier & Mulsant, 1846)",2476931,0.026102,-78.639739,65.0,SOUTH_AMERICA,Pichincha,,,,2019-12-27T12:59,False,Howard Friedman,iNaturalist,http://creativecommons.org/licenses/by-nc/4.0/,Howard Friedman,https://inaturalist-open-data.s3.amazonaws.com/photos/60319708/original.jpeg,k-western-south-america,2024-10-25 18:16:12
original_2573842787_1.jpg,2792457,Polystachya concreta,3.227,"Heliodoxa rubinoides (Bourcier & Mulsant, 1846)",2476931,-0.589783,-77.880741,257.0,SOUTH_AMERICA,Napo,,,,2020-01-12T07:55,False,John G. Phillips,iNaturalist,http://creativecommons.org/licenses/by-nc/4.0/,John G. Phillips,https://inaturalist-open-data.s3.amazonaws.com/photos/60694134/original.jpg; https://inaturalist-open-data.s3.amazonaws.com/photos/60694136/original.jpg,k-western-south-america,2024-10-25 18:16:20
original_2573842787_2.jpg,3866517,Bellucia pentamera,2.0389999999999997,"Heliodoxa rubinoides (Bourcier & Mulsant, 1846)",2476931,-0.589783,-77.880741,257.0,SOUTH_AMERICA,Napo,,,,2020-01-12T07:55,False,John G. Phillips,iNaturalist,http://creativecommons.org/licenses/by-nc/4.0/,John G. Phillips,https://inaturalist-open-data.s3.amazonaws.com/photos/60694134/original.jpg; https://inaturalist-open-data.s3.amazonaws.com/photos/60694136/original.jpg,k-western-south-america,2024-10-25 18:16:22
original_2573848766_1.jpg,3188717,Ammannia latifolia,1.1780000000000002,"Heliodoxa rubinoides (Bourcier & Mulsant, 1846)",2476931,-0.589783,-77.880741,257.0,SOUTH_AMERICA,Napo,,,,2020-01-12T07:50,False,John G. Phillips,iNaturalist,http://creativecommons.org/licenses/by-nc/4.0/,John G. Phillips,https://inaturalist-open-data.s3.amazonaws.com/photos/60694116/original.jpg,k-western-south-america,2024-10-25 18:16:25
original_2573879270_1.jpeg,2872887,Anthurium salvinii,7.577,"Heliodoxa rubinoides (Bourcier & Mulsant, 1846)",2476931,0.025306,-78.632625,4.0,SOUTH_AMERICA,Pichincha,,,,2020-02-16T11:14,False,David Torres,iNaturalist,http://creativecommons.org/licenses/by-nc/4.0/,David Torres,https://inaturalist-open-data.s3.amazonaws.com/photos/61625276/original.jpg; https://inaturalist-open-data.s3.amazonaws.com/photos/61625287/original.jpeg; https://inaturalist-open-data.s3.amazonaws.com/photos/61625291/original.jpeg; https://inaturalist-open-data.s3.amazonaws.com/photos/61625296/original.jpeg,k-western-south-america,2024-10-25 18:16:27
original_2573879270_2.jpg,5590493,Drymonia serrulata,2.913,"Heliodoxa rubinoides (Bourcier & Mulsant, 1846)",2476931,0.025306,-78.632625,4.0,SOUTH_AMERICA,Pichincha,,,,2020-02-16T11:14,False,David Torres,iNaturalist,http://creativecommons.org/licenses/by-nc/4.0/,David Torres,https://inaturalist-open-data.s3.amazonaws.com/photos/61625276/original.jpg; https://inaturalist-open-data.s3.amazonaws.com/photos/61625287/original.jpeg; https://inaturalist-open-data.s3.amazonaws.com/photos/61625291/original.jpeg; https://inaturalist-open-data.s3.amazonaws.com/photos/61625296/original.jpeg,k-western-south-america,2024-10-25 18:16:30
original_2573879270_4.jpeg,2754074,Bomarea pardina,1.982,"Heliodoxa rubinoides (Bourcier & Mulsant, 1846)",2476931,0.025306,-78.632625,4.0,SOUTH_AMERICA,Pichincha,,,,2020-02-16T11:14,False,David Torres,iNaturalist,http://creativecommons.org/licenses/by-nc/4.0/,David Torres,https://inaturalist-open-data.s3.amazonaws.com/photos/61625276/original.jpg; https://inaturalist-open-data.s3.amazonaws.com/photos/61625287/original.jpeg; https://inaturalist-open-data.s3.amazonaws.com/photos/61625291/original.jpeg; https://inaturalist-open-data.s3.amazonaws.com/photos/61625296/original.jpeg,k-western-south-america,2024-10-25 18:16:34
original_2573926804_1.jpg,8368994,Passiflora mixta,8.457,"Heliodoxa rubinoides (Bourcier & Mulsant, 1846)",2476931,-0.589783,-77.880741,257.0,SOUTH_AMERICA,Napo,,,,2020-01-12T08:00,False,John G. Phillips,iNaturalist,http://creativecommons.org/licenses/by-nc/4.0/,John G. Phillips,https://inaturalist-open-data.s3.amazonaws.com/photos/60694149/original.jpg; https://inaturalist-open-data.s3.amazonaws.com/photos/60694151/original.jpg; https://inaturalist-open-data.s3.amazonaws.com/photos/60694152/original.jpg,k-western-south-america,2024-10-25 18:16:39
original_2573926804_2.jpg,8368994,Passiflora mixta,9.548,"Heliodoxa rubinoides (Bourcier & Mulsant, 1846)",2476931,-0.589783,-77.880741,257.0,SOUTH_AMERICA,Napo,,,,2020-01-12T08:00,False,John G. Phillips,iNaturalist,http://creativecommons.org/licenses/by-nc/4.0/,John G. Phillips,https://inaturalist-open-data.s3.amazonaws.com/photos/60694149/original.jpg; https://inaturalist-open-data.s3.amazonaws.com/photos/60694151/original.jpg; https://inaturalist-open-data.s3.amazonaws.com/photos/60694152/original.jpg,k-western-south-america,2024-10-25 18:16:41
original_2574035346_1.jpeg,2760615,Heliconia imbricata,18.953,"Heliodoxa rubinoides (Bourcier & Mulsant, 1846)",2476931,0.025372,-78.632652,4.0,SOUTH_AMERICA,Pichincha,,,,2020-02-16T11:19,False,David Torres,iNaturalist,http://creativecommons.org/licenses/by-nc/4.0/,David Torres,https://inaturalist-open-data.s3.amazonaws.com/photos/61626256/original.jpg; https://inaturalist-open-data.s3.amazonaws.com/photos/61626266/original.jpeg; https://inaturalist-open-data.s3.amazonaws.com/photos/61626268/original.jpeg; https://inaturalist-open-data.s3.amazonaws.com/photos/61626272/original.jpeg,k-western-south-america,2024-10-25 18:17:04
original_2574035346_2.jpg,2756834,Costus laevis,5.776,"Heliodoxa rubinoides (Bourcier & Mulsant, 1846)",2476931,0.025372,-78.632652,4.0,SOUTH_AMERICA,Pichincha,,,,2020-02-16T11:19,False,David Torres,iNaturalist,http://creativecommons.org/licenses/by-nc/4.0/,David Torres,https://inaturalist-open-data.s3.amazonaws.com/photos/61626256/original.jpg; https://inaturalist-open-data.s3.amazonaws.com/photos/61626266/original.jpeg; https://inaturalist-open-data.s3.amazonaws.com/photos/61626268/original.jpeg; https://inaturalist-open-data.s3.amazonaws.com/photos/61626272/original.jpeg,k-western-south-america,2024-10-25 18:17:06
original_2574035346_3.jpeg,2760615,Heliconia imbricata,4.12,"Heliodoxa rubinoides (Bourcier & Mulsant, 1846)",2476931,0.025372,-78.632652,4.0,SOUTH_AMERICA,Pichincha,,,,2020-02-16T11:19,False,David Torres,iNaturalist,http://creativecommons.org/licenses/by-nc/4.0/,David Torres,https://inaturalist-open-data.s3.amazonaws.com/photos/61626256/original.jpg; https://inaturalist-open-data.s3.amazonaws.com/photos/61626266/original.jpeg; https://inaturalist-open-data.s3.amazonaws.com/photos/61626268/original.jpeg; https://inaturalist-open-data.s3.amazonaws.com/photos/61626272/original.jpeg,k-western-south-america,2024-10-25 18:17:09
original_2574035346_4.jpeg,2760615,Heliconia imbricata,9.790000000000001,"Heliodoxa rubinoides (Bourcier & Mulsant, 1846)",2476931,0.025372,-78.632652,4.0,SOUTH_AMERICA,Pichincha,,,,2020-02-16T11:19,False,David Torres,iNaturalist,http://creativecommons.org/licenses/by-nc/4.0/,David Torres,https://inaturalist-open-data.s3.amazonaws.com/photos/61626256/original.jpg; https://inaturalist-open-data.s3.amazonaws.com/photos/61626266/original.jpeg; https://inaturalist-open-data.s3.amazonaws.com/photos/61626268/original.jpeg; https://inaturalist-open-data.s3.amazonaws.com/photos/61626272/original.jpeg,k-western-south-america,2024-10-25 18:17:11
original_2574114740_1.jpg,2760973,Heliconia episcopalis,1.2149999999999999,"Heliodoxa rubinoides (Bourcier & Mulsant, 1846)",2476931,-0.016052,-78.680618,31.0,SOUTH_AMERICA,Pichincha,,,,2006-06-17T21:05,False,Geir Drange,iNaturalist,http://creativecommons.org/licenses/by-nc/4.0/,Geir Drange,https://inaturalist-open-data.s3.amazonaws.com/photos/61212812/original.jpg,k-western-south-america,2024-10-25 18:17:18
original_2574142137_1.jpeg,3866517,Bellucia pentamera,9.446,"Heliodoxa rubinoides (Bourcier & Mulsant, 1846)",2476931,0.030527,-78.681179,214.0,SOUTH_AMERICA,Pichincha,,,,2019-04-24,False,subhashc,iNaturalist,http://creativecommons.org/licenses/by-nc/4.0/,subhashc,https://inaturalist-open-data.s3.amazonaws.com/photos/60862867/original.jpeg,k-western-south-america,2024-10-25 18:17:23
original_2574236729_1.jpg,5372800,Salix purpurea,5.175,"Heliodoxa rubinoides (Bourcier & Mulsant, 1846)",2476931,0.002393,-78.676168,31.0,SOUTH_AMERICA,Pichincha,,,,2008-05-29T12:48,False,Stephen Cresswell,iNaturalist,http://creativecommons.org/licenses/by-nc-nd/4.0/,Stephen Cresswell,https://inaturalist-open-data.s3.amazonaws.com/photos/61828447/original.jpg,k-western-south-america,2024-10-25 18:17:44
original_2574246233_1.jpg,3184509,Syzygium malaccense,10.342,"Heliodoxa rubinoides (Bourcier & Mulsant, 1846)",2476931,0.138484,-78.612699,212.0,SOUTH_AMERICA,Pichincha,,,,2020-01-04,False,hannahbeam,iNaturalist,http://creativecommons.org/licenses/by-nc/4.0/,hannahbeam,https://inaturalist-open-data.s3.amazonaws.com/photos/60912162/original.jpg,k-western-south-america,2024-10-25 18:17:46
original_2574259959_1.jpg,2956417,Calpurnia aurea,1.614,"Heliodoxa rubinoides (Bourcier & Mulsant, 1846)",2476931,5.073306,-75.437861,30.0,SOUTH_AMERICA,Caldas,,,,2020-01-24T13:20,False,Paul Tavares,iNaturalist,http://creativecommons.org/licenses/by-nc/4.0/,Paul Tavares,https://inaturalist-open-data.s3.amazonaws.com/photos/61340589/original.jpg,k-western-south-america,2024-10-25 18:17:51
original_2576365890_1.jpeg,5288745,Vriesea pleiosticha,69.358,"Heliodoxa rubinoides (Bourcier & Mulsant, 1846)",2476931,0.126176,-78.595846,500.0,SOUTH_AMERICA,Pichincha,,,,2017-05-09T12:49,False,Holger Beck,iNaturalist,http://creativecommons.org/licenses/by-nc/4.0/,Holger Beck,https://inaturalist-open-data.s3.amazonaws.com/photos/53426443/original.jpeg,k-western-south-america,2024-10-25 18:18:02
original_2576379964_1.jpg,2956176,Delonix regia,4.148000000000001,"Heliodoxa rubinoides (Bourcier & Mulsant, 1846)",2476931,0.002457,-78.676211,31.0,SOUTH_AMERICA,Pichincha,,,,2008-05-29T12:53,False,Stephen Cresswell,iNaturalist,http://creativecommons.org/licenses/by-nc-nd/4.0/,Stephen Cresswell,https://inaturalist-open-data.s3.amazonaws.com/photos/61828359/original.jpg,k-western-south-america,2024-10-25 18:18:04
original_2576426990_1.jpg,3155772,Guatteria punctata,2.705,"Heliodoxa rubinoides (Bourcier & Mulsant, 1846)",2476931,-0.025665,-78.683478,122.0,SOUTH_AMERICA,Pichincha,,,,2019-12-23T07:09,False,Andy Pearce 🕊,iNaturalist,http://creativecommons.org/licenses/by-nc/4.0/,Andy Pearce 🕊,https://inaturalist-open-data.s3.amazonaws.com/photos/62080304/original.jpg,k-western-south-america,2024-10-25 18:18:11
original_2579316850_1.jpg,2932389,Solanum torvum,2.2079999999999997,"Heliodoxa rubinoides (Bourcier & Mulsant, 1846)",2476931,-5.696048,-77.811551,224.0,SOUTH_AMERICA,Amazonas,,,,2018-07-15,False,Allen Chartier,iNaturalist,http://creativecommons.org/licenses/by-nc/4.0/,Allen Chartier,https://inaturalist-open-data.s3.amazonaws.com/photos/61002888/original.jpg; https://inaturalist-open-data.s3.amazonaws.com/photos/61003034/original.jpg,k-western-south-america,2024-10-25 18:18:16
original_2579316850_2.jpg,5380439,Adelia ricinella,2.902,"Heliodoxa rubinoides (Bourcier & Mulsant, 1846)",2476931,-5.696048,-77.811551,224.0,SOUTH_AMERICA,Amazonas,,,,2018-07-15,False,Allen Chartier,iNaturalist,http://creativecommons.org/licenses/by-nc/4.0/,Allen Chartier,https://inaturalist-open-data.s3.amazonaws.com/photos/61002888/original.jpg; https://inaturalist-open-data.s3.amazonaws.com/photos/61003034/original.jpg,k-western-south-america,2024-10-25 18:18:17
original_2580264572_1.jpeg,3082392,Lecythis minor,10.984,"Heliodoxa rubinoides (Bourcier & Mulsant, 1846)",2476931,-0.469315,-77.865829,,SOUTH_AMERICA,Napo,,,,2019-02-04T06:38,False,blackdogto,iNaturalist,http://creativecommons.org/licenses/by-nc/4.0/,blackdogto,https://inaturalist-open-data.s3.amazonaws.com/photos/63548427/original.jpeg; https://inaturalist-open-data.s3.amazonaws.com/photos/63548430/original.jpeg,k-western-south-america,2024-10-25 18:18:23
original_2596092500_1.jpg,2979199,Acaciella villosa,2.666,"Heliodoxa rubinoides (Bourcier & Mulsant, 1846)",2476931,-4.495467,-79.132026,8.0,SOUTH_AMERICA,Zamora Chinchipe,,,,2011-11-30,False,Mickaël Villemagne,iNaturalist,http://creativecommons.org/licenses/by-nc/4.0/,Mickaël Villemagne,https://inaturalist-open-data.s3.amazonaws.com/photos/64249569/original.jpg,k-western-south-america,2024-10-25 18:18:31
original_2596325938_1.jpeg,5571029,Ficus gomelleira,29.464000000000002,"Heliodoxa rubinoides (Bourcier & Mulsant, 1846)",2476931,0.118406,-78.61208,250.0,SOUTH_AMERICA,Pichincha,,,,2013-01-31T16:06,False,Holger Beck,iNaturalist,http://creativecommons.org/licenses/by-nc/4.0/,Holger Beck,https://inaturalist-open-data.s3.amazonaws.com/photos/64443737/original.jpeg,k-western-south-america,2024-10-25 18:18:36
original_2597844982_1.jpeg,4142909,Rhipidocladum racemiflorum,2.363,"Heliodoxa rubinoides (Bourcier & Mulsant, 1846)",2476931,0.118406,-78.61208,25.0,SOUTH_AMERICA,Pichincha,,,,2013-07-29T16:25,False,Holger Beck,iNaturalist,http://creativecommons.org/licenses/by-nc/4.0/,Holger Beck,https://inaturalist-open-data.s3.amazonaws.com/photos/65511562/original.jpeg,k-western-south-america,2024-10-25 18:18:39
original_2603438867_1.jpeg,8368994,Passiflora mixta,0.534,"Heliodoxa rubinoides (Bourcier & Mulsant, 1846)",2476931,0.028868,-78.680048,8.0,SOUTH_AMERICA,Pichincha,,,,2015-03-14T09:43,False,docprt,iNaturalist,http://creativecommons.org/licenses/by-nc/4.0/,docprt,https://inaturalist-open-data.s3.amazonaws.com/photos/66807547/original.jpeg,k-western-south-america,2024-10-25 18:18:49
original_2609127363_1.jpeg,7299919,Cestrum racemosum,0.601,"Heliodoxa rubinoides (Bourcier & Mulsant, 1846)",2476931,-0.590854,-77.88061,8.0,SOUTH_AMERICA,Napo,,,,2015-03-20T13:14,False,docprt,iNaturalist,http://creativecommons.org/licenses/by-nc/4.0/,docprt,https://inaturalist-open-data.s3.amazonaws.com/photos/67625066/original.jpeg,k-western-south-america,2024-10-25 18:18:57
original_2609149641_1.jpeg,2984359,Boehmeria nivea,2.6550000000000002,"Heliodoxa rubinoides (Bourcier & Mulsant, 1846)",2476931,-0.590844,-77.880643,8.0,SOUTH_AMERICA,Napo,,,,2015-03-20T13:28,False,docprt,iNaturalist,http://creativecommons.org/licenses/by-nc/4.0/,docprt,https://inaturalist-open-data.s3.amazonaws.com/photos/67625156/original.jpeg,k-western-south-america,2024-10-25 18:19:00
original_2609157888_1.jpeg,5319583,Cyrtopodium parviflorum,1.265,"Heliodoxa rubinoides (Bourcier & Mulsant, 1846)",2476931,-0.6,-77.883333,212.0,SOUTH_AMERICA,Napo,,,,2019-10-28T00:19,False,Andrés León-Reyes,iNaturalist,http://creativecommons.org/licenses/by-nc/4.0/,Andrés León-Reyes,https://inaturalist-open-data.s3.amazonaws.com/photos/68098854/original.jpeg; https://inaturalist-open-data.s3.amazonaws.com/photos/68099021/original.jpeg; https://inaturalist-open-data.s3.amazonaws.com/photos/68099052/original.jpeg,k-western-south-america,2024-10-25 18:19:01
original_2609157888_2.jpeg,2650818,Cystopteris fragilis,0.5660000000000001,"Heliodoxa rubinoides (Bourcier & Mulsant, 1846)",2476931,-0.6,-77.883333,212.0,SOUTH_AMERICA,Napo,,,,2019-10-28T00:19,False,Andrés León-Reyes,iNaturalist,http://creativecommons.org/licenses/by-nc/4.0/,Andrés León-Reyes,https://inaturalist-open-data.s3.amazonaws.com/photos/68098854/original.jpeg; https://inaturalist-open-data.s3.amazonaws.com/photos/68099021/original.jpeg; https://inaturalist-open-data.s3.amazonaws.com/photos/68099052/original.jpeg,k-western-south-america,2024-10-25 18:19:04
original_2609157888_3.jpeg,5319583,Cyrtopodium parviflorum,3.505,"Heliodoxa rubinoides (Bourcier & Mulsant, 1846)",2476931,-0.6,-77.883333,212.0,SOUTH_AMERICA,Napo,,,,2019-10-28T00:19,False,Andrés León-Reyes,iNaturalist,http://creativecommons.org/licenses/by-nc/4.0/,Andrés León-Reyes,https://inaturalist-open-data.s3.amazonaws.com/photos/68098854/original.jpeg; https://inaturalist-open-data.s3.amazonaws.com/photos/68099021/original.jpeg; https://inaturalist-open-data.s3.amazonaws.com/photos/68099052/original.jpeg,k-western-south-america,2024-10-25 18:19:05
original_2609242630_1.jpeg,7313348,Passiflora platyloba,3.2680000000000002,"Heliodoxa rubinoides (Bourcier & Mulsant, 1846)",2476931,0.118406,-78.61208,200.0,SOUTH_AMERICA,Pichincha,,,,2014-01-27T14:29,False,Holger Beck,iNaturalist,http://creativecommons.org/licenses/by-nc/4.0/,Holger Beck,https://inaturalist-open-data.s3.amazonaws.com/photos/67799580/original.jpeg,k-western-south-america,2024-10-25 18:19:10
original_2620050039_1.jpeg,2650857,Diplazium striatum,3.569,"Heliodoxa rubinoides (Bourcier & Mulsant, 1846)",2476931,0.118406,-78.61208,650.0,SOUTH_AMERICA,Pichincha,,,,2014-07-03T07:22,False,Holger Beck,iNaturalist,http://creativecommons.org/licenses/by-nc/4.0/,Holger Beck,https://inaturalist-open-data.s3.amazonaws.com/photos/71012475/original.jpeg,k-western-south-america,2024-10-25 18:19:24
original_2634134725_1.jpg,9636531,Distimake tuberosus,0.839,"Heliodoxa rubinoides (Bourcier & Mulsant, 1846)",2476931,-0.080534,-78.624968,31451.0,SOUTH_AMERICA,Pichincha,,,,2020-05-30T13:17,False,Eric,iNaturalist,http://creativecommons.org/licenses/by-nc/4.0/,Eric,https://inaturalist-open-data.s3.amazonaws.com/photos/76228673/original.jpg; https://inaturalist-open-data.s3.amazonaws.com/photos/76228690/original.jpg,k-western-south-america,2024-10-25 18:19:37
original_2634134725_2.jpg,8220878,Callianthe megapotamica,1.247,"Heliodoxa rubinoides (Bourcier & Mulsant, 1846)",2476931,-0.080534,-78.624968,31451.0,SOUTH_AMERICA,Pichincha,,,,2020-05-30T13:17,False,Eric,iNaturalist,http://creativecommons.org/licenses/by-nc/4.0/,Eric,https://inaturalist-open-data.s3.amazonaws.com/photos/76228673/original.jpg; https://inaturalist-open-data.s3.amazonaws.com/photos/76228690/original.jpg,k-western-south-america,2024-10-25 18:19:38
original_2634140738_1.jpg,8162439,Callianthe striata,2.716,"Heliodoxa rubinoides (Bourcier & Mulsant, 1846)",2476931,-0.030775,-78.608446,31451.0,SOUTH_AMERICA,Pichincha,,,,2020-05-30T14:43,False,Eric,iNaturalist,http://creativecommons.org/licenses/by-nc/4.0/,Eric,https://inaturalist-open-data.s3.amazonaws.com/photos/76228810/original.jpg; https://inaturalist-open-data.s3.amazonaws.com/photos/76228832/original.jpg,k-western-south-america,2024-10-25 18:19:41
original_2634140738_2.jpg,8162439,Callianthe striata,8.082,"Heliodoxa rubinoides (Bourcier & Mulsant, 1846)",2476931,-0.030775,-78.608446,31451.0,SOUTH_AMERICA,Pichincha,,,,2020-05-30T14:43,False,Eric,iNaturalist,http://creativecommons.org/licenses/by-nc/4.0/,Eric,https://inaturalist-open-data.s3.amazonaws.com/photos/76228810/original.jpg; https://inaturalist-open-data.s3.amazonaws.com/photos/76228832/original.jpg,k-western-south-america,2024-10-25 18:19:43
original_2634363096_1.jpeg,3866517,Bellucia pentamera,11.364,"Heliodoxa rubinoides (Bourcier & Mulsant, 1846)",2476931,0.026042,-78.63977,39.0,SOUTH_AMERICA,Pichincha,,,,2016-02-15T09:45,False,Holger Beck,iNaturalist,http://creativecommons.org/licenses/by-nc/4.0/,Holger Beck,https://inaturalist-open-data.s3.amazonaws.com/photos/74485327/original.jpeg,k-western-south-america,2024-10-25 18:19:48
original_2641331817_1.jpeg,3155625,Guatteria amplifolia,1.902,"Heliodoxa rubinoides (Bourcier & Mulsant, 1846)",2476931,0.145046,-78.602075,1500.0,SOUTH_AMERICA,Pichincha,,,,2019-12-06T12:46Z,False,olliedav,iNaturalist,http://creativecommons.org/licenses/by-nc/4.0/,olliedav,https://inaturalist-open-data.s3.amazonaws.com/photos/77205333/original.jpeg,k-western-south-america,2024-10-25 18:19:50
original_2802536563_1.jpeg,5361926,Ficus americana,7.135,"Heliodoxa rubinoides (Bourcier & Mulsant, 1846)",2476931,-0.537048,-77.911161,4201.0,SOUTH_AMERICA,Napo,,,,2019-12-29T13:20,False,Howard Friedman,iNaturalist,http://creativecommons.org/licenses/by-nc/4.0/,Howard Friedman,https://inaturalist-open-data.s3.amazonaws.com/photos/70752047/original.jpeg,k-western-south-america,2024-10-25 18:19:56
original_2802562928_1.jpeg,2984498,Celtis iguanaea,1.121,"Heliodoxa rubinoides (Bourcier & Mulsant, 1846)",2476931,5.040228,-75.445324,211.0,SOUTH_AMERICA,Caldas,,,,2019-11-11T08:15,False,Hugo Efraín Garzón Castrillón,iNaturalist,http://creativecommons.org/licenses/by-nc/4.0/,Hugo Efraín Garzón Castrillón,https://inaturalist-open-data.s3.amazonaws.com/photos/78394739/original.jpeg,k-western-south-america,2024-10-25 18:19:59
original_2802983472_2.jpeg,2930137,Solanum lycopersicum,4.207000000000001,"Heliodoxa rubinoides (Bourcier & Mulsant, 1846)",2476931,0.020148,-78.707476,4.0,SOUTH_AMERICA,Pichincha,,,,2016-02-01T18:27,False,cedarleaf,iNaturalist,http://creativecommons.org/licenses/by-nc/4.0/,cedarleaf,https://inaturalist-open-data.s3.amazonaws.com/photos/79600375/original.jpeg; https://inaturalist-open-data.s3.amazonaws.com/photos/79600396/original.jpeg,k-western-south-america,2024-10-25 18:20:04
original_2826137789_1.jpg,2930137,Solanum lycopersicum,3.1530000000000005,"Heliodoxa rubinoides (Bourcier & Mulsant, 1846)",2476931,5.106425,-75.460297,3000.0,SOUTH_AMERICA,Caldas,,,,2009-02-01T17:43,False,cotinga,iNaturalist,http://creativecommons.org/licenses/by-nc/4.0/,cotinga,https://inaturalist-open-data.s3.amazonaws.com/photos/86123509/original.jpg; https://inaturalist-open-data.s3.amazonaws.com/photos/86124131/original.jpg,k-western-south-america,2024-10-25 18:20:12
original_2850742722_1.jpg,2753941,Bomarea crassifolia,0.7979999999999999,"Heliodoxa rubinoides (Bourcier & Mulsant, 1846)",2476931,-0.030257,-78.76383,,SOUTH_AMERICA,Pichincha,,,,2020-01-16T08:46,False,djhird,iNaturalist,http://creativecommons.org/licenses/by-nc/4.0/,djhird,https://inaturalist-open-data.s3.amazonaws.com/photos/89881802/original.jpg,k-western-south-america,2024-10-25 18:20:19
original_2851127965_1.jpg,5591185,Drymonia coccinea,60.915,"Heliodoxa rubinoides (Bourcier & Mulsant, 1846)",2476931,-0.030257,-78.76383,,SOUTH_AMERICA,Pichincha,,,,2020-01-15T12:09,False,djhird,iNaturalist,http://creativecommons.org/licenses/by-nc/4.0/,djhird,https://inaturalist-open-data.s3.amazonaws.com/photos/90112237/original.jpg,k-western-south-america,2024-10-25 18:20:26
original_2856495153_1.jpeg,2760967,Heliconia rostrata,20.535,"Heliodoxa rubinoides (Bourcier & Mulsant, 1846)",2476931,3.539289,-76.606287,40.0,SOUTH_AMERICA,Valle del Cauca,,,,2017-10-26T09:44,False,Jeff Harding,iNaturalist,http://creativecommons.org/licenses/by-nc/4.0/,Jeff Harding,https://inaturalist-open-data.s3.amazonaws.com/photos/91725358/original.jpeg,k-western-south-america,2024-10-25 18:20:30
original_2859962894_1.jpg,2932944,Capsicum annuum,0.575,"Heliodoxa rubinoides (Bourcier & Mulsant, 1846)",2476931,-0.37804,-78.074108,,SOUTH_AMERICA,Napo,,,,2020-01-09T10:17,False,djhird,iNaturalist,http://creativecommons.org/licenses/by-nc/4.0/,djhird,https://inaturalist-open-data.s3.amazonaws.com/photos/92578680/original.jpg,k-western-south-america,2024-10-25 18:20:37
original_2864582733_1.jpeg,7275886,Norantea guianensis,2.308,"Heliodoxa rubinoides (Bourcier & Mulsant, 1846)",2476931,5.4926,-75.780523,72.0,SOUTH_AMERICA,Caldas,,,,2019-12-22T07:27:01,False,Edwin Múnera Chavarría,iNaturalist,http://creativecommons.org/licenses/by-nc/4.0/,Edwin Múnera Chavarría,https://inaturalist-open-data.s3.amazonaws.com/photos/94791741/original.jpeg,k-western-south-america,2024-10-25 18:20:42
original_2864662697_1.jpeg,2946600,Clitoria fairchildiana,22.537,"Heliodoxa rubinoides (Bourcier & Mulsant, 1846)",2476931,0.025566,-78.69608,263.0,SOUTH_AMERICA,Pichincha,,,,2016-05-12T10:40:30,False,Nelson Apolo,iNaturalist,http://creativecommons.org/licenses/by-nc/4.0/,Nelson Apolo,https://inaturalist-open-data.s3.amazonaws.com/photos/95185363/original.jpeg,k-western-south-america,2024-10-25 18:20:44
original_2868259142_1.jpg,8077391,Citrus × aurantium,2.709,"Heliodoxa rubinoides (Bourcier & Mulsant, 1846)",2476931,3.538795,-76.606204,85.0,SOUTH_AMERICA,Valle del Cauca,,,,2018-12-04,False,Andy Frank,iNaturalist,http://creativecommons.org/licenses/by-nc/4.0/,Andy Frank,https://inaturalist-open-data.s3.amazonaws.com/photos/96539021/original.jpg,k-western-south-america,2024-10-25 18:20:46
original_2868354158_1.jpg,2932944,Capsicum annuum,6.632000000000001,"Heliodoxa rubinoides (Bourcier & Mulsant, 1846)",2476931,0.030354,-78.866461,15805.0,SOUTH_AMERICA,Pichincha,,,,2004-02-22T10:47,False,Guenther Eichhorn,iNaturalist,http://creativecommons.org/licenses/by-nc/4.0/,Guenther Eichhorn,https://inaturalist-open-data.s3.amazonaws.com/photos/96250888/original.jpg,k-western-south-america,2024-10-25 18:20:49
original_2963924536_1.jpeg,2651039,Elaphoglossum peltatum,2.9770000000000003,"Heliodoxa rubinoides (Bourcier & Mulsant, 1846)",2476931,-0.576636,-77.877455,366.0,SOUTH_AMERICA,Napo,,,,2019-01-12T05:53,False,hdcooper,iNaturalist,http://creativecommons.org/licenses/by-nc/4.0/,hdcooper,https://inaturalist-open-data.s3.amazonaws.com/photos/101330713/original.jpeg,k-western-south-america,2024-10-25 18:20:53
original_2980834348_1.jpg,8335424,Miconia tomentosa,7.281,"Heliodoxa rubinoides (Bourcier & Mulsant, 1846)",2476931,0.003007,-78.678556,315.0,SOUTH_AMERICA,Pichincha,,,,2007-12-06T15:25,False,sandradennis,iNaturalist,http://creativecommons.org/licenses/by-nc/4.0/,sandradennis,https://inaturalist-open-data.s3.amazonaws.com/photos/53600526/original.jpg,k-western-south-america,2024-10-25 18:20:55
original_2980848468_1.jpg,2876131,Alnus acuminata,1.471,"Heliodoxa rubinoides (Bourcier & Mulsant, 1846)",2476931,-0.596728,-77.891825,244.0,SOUTH_AMERICA,Napo,,,,2020-08-22T18:18,False,David Torres,iNaturalist,http://creativecommons.org/licenses/by-nc/4.0/,David Torres,https://inaturalist-open-data.s3.amazonaws.com/photos/91837017/original.jpg; https://inaturalist-open-data.s3.amazonaws.com/photos/91837038/original.jpg; https://inaturalist-open-data.s3.amazonaws.com/photos/91837046/original.jpg,k-western-south-america,2024-10-25 18:20:58
original_2980965987_1.jpg,2792457,Polystachya concreta,1.8599999999999999,"Heliodoxa rubinoides (Bourcier & Mulsant, 1846)",2476931,0.063617,-78.683952,458.0,SOUTH_AMERICA,Pichincha,,,,2020-10-24T15:50,False,Emy Aguirre,iNaturalist,http://creativecommons.org/licenses/by-nc/4.0/,Emy Aguirre,https://inaturalist-open-data.s3.amazonaws.com/photos/102931243/original.jpg,k-western-south-america,2024-10-25 18:21:03
original_2984381616_1.jpg,7167078,Bougainvillea spectabilis,7.031999999999999,"Heliodoxa rubinoides (Bourcier & Mulsant, 1846)",2476931,-0.104903,-78.737335,8117.0,SOUTH_AMERICA,Pichincha,,,,2020-11-06T17:01,False,manuelaortiz,iNaturalist,http://creativecommons.org/licenses/by-nc/4.0/,manuelaortiz,https://inaturalist-open-data.s3.amazonaws.com/photos/103506340/original.jpg,k-western-south-america,2024-10-25 18:21:09
original_2984433856_1.jpg,2650442,Niphidium crassifolium,60.67700000000001,"Heliodoxa rubinoides (Bourcier & Mulsant, 1846)",2476931,-0.006951,-78.720992,212.0,SOUTH_AMERICA,Pichincha,,,,2020-11-01T10:03,False,Alicia Arzani,iNaturalist,http://creativecommons.org/licenses/by-nc/4.0/,Alicia Arzani,https://inaturalist-open-data.s3.amazonaws.com/photos/103885306/original.jpg,k-western-south-america,2024-10-25 18:21:12
original_2984434973_1.jpeg,5321877,Ionopsis utricularioides,8.143,"Heliodoxa rubinoides (Bourcier & Mulsant, 1846)",2476931,0.020149,-78.707239,212.0,SOUTH_AMERICA,Pichincha,,,,2013-12-04T09:13,False,Tom Murray,iNaturalist,http://creativecommons.org/licenses/by-nc/4.0/,Tom Murray,https://inaturalist-open-data.s3.amazonaws.com/photos/104058493/original.jpeg,k-western-south-america,2024-10-25 18:21:14
original_2984472338_1.jpeg,5321877,Ionopsis utricularioides,39.103,"Heliodoxa rubinoides (Bourcier & Mulsant, 1846)",2476931,0.118406,-78.61208,150.0,SOUTH_AMERICA,Pichincha,,,,2019-08-22,False,Holger Beck,iNaturalist,http://creativecommons.org/licenses/by-nc/4.0/,Holger Beck,https://inaturalist-open-data.s3.amazonaws.com/photos/49142088/original.jpeg,k-western-south-america,2024-10-25 18:21:19
original_2984498012_1.jpeg,2888601,Viburnum lantanoides,2.596,"Heliodoxa rubinoides (Bourcier & Mulsant, 1846)",2476931,0.008766,-78.678299,2169.0,SOUTH_AMERICA,Pichincha,,,,2013-11-27T15:23,False,Tom Murray,iNaturalist,http://creativecommons.org/licenses/by-nc/4.0/,Tom Murray,https://inaturalist-open-data.s3.amazonaws.com/photos/104067516/original.jpeg,k-western-south-america,2024-10-25 18:21:21
original_2984514346_2.jpeg,2888601,Viburnum lantanoides,0.9390000000000001,"Heliodoxa rubinoides (Bourcier & Mulsant, 1846)",2476931,-0.379405,-78.076703,15.0,SOUTH_AMERICA,Napo,,,,2015-03-21T10:12,False,docprt,iNaturalist,http://creativecommons.org/licenses/by-nc/4.0/,docprt,https://inaturalist-open-data.s3.amazonaws.com/photos/67684118/original.jpeg; https://inaturalist-open-data.s3.amazonaws.com/photos/67684124/original.jpeg; https://inaturalist-open-data.s3.amazonaws.com/photos/67684141/original.jpeg,k-western-south-america,2024-10-25 18:21:25
original_2988299462_1.jpeg,7661971,Bambusa vulgaris,8.579,"Heliodoxa rubinoides (Bourcier & Mulsant, 1846)",2476931,0.118406,-78.61208,350.0,SOUTH_AMERICA,Pichincha,,,,2016-07-15T07:41,False,Holger Beck,iNaturalist,http://creativecommons.org/licenses/by-nc/4.0/,Holger Beck,https://inaturalist-open-data.s3.amazonaws.com/photos/75238158/original.jpeg,k-western-south-america,2024-10-25 18:21:32
original_2988314786_1.jpg,2872811,Anthurium gracile,5.309,"Heliodoxa rubinoides (Bourcier & Mulsant, 1846)",2476931,-0.076803,-78.763505,4913.0,SOUTH_AMERICA,Pichincha,,,,2020-11-07T18:07:18,False,manuelaortiz,iNaturalist,http://creativecommons.org/licenses/by-nc/4.0/,manuelaortiz,https://inaturalist-open-data.s3.amazonaws.com/photos/103523704/original.jpg,k-western-south-america,2024-10-25 18:21:35
original_2988322902_1.jpeg,2792457,Polystachya concreta,1.9480000000000002,"Heliodoxa rubinoides (Bourcier & Mulsant, 1846)",2476931,0.319782,-78.49412,29918.0,SOUTH_AMERICA,Imbabura,,,,2019-08-15T16:03,False,sparky47,iNaturalist,http://creativecommons.org/licenses/by-nc/4.0/,sparky47,https://inaturalist-open-data.s3.amazonaws.com/photos/104234160/original.jpeg,k-western-south-america,2024-10-25 18:21:37
original_2988446381_1.jpeg,2932944,Capsicum annuum,9.288,"Heliodoxa rubinoides (Bourcier & Mulsant, 1846)",2476931,-0.024721,-78.724557,91.0,SOUTH_AMERICA,Pichincha,,,,2019-08-21T12:09,False,Christoph Moning,iNaturalist,http://creativecommons.org/licenses/by/4.0/,Christoph Moning,https://inaturalist-open-data.s3.amazonaws.com/photos/104814115/original.jpeg; https://inaturalist-open-data.s3.amazonaws.com/photos/104814314/original.jpeg; https://inaturalist-open-data.s3.amazonaws.com/photos/104814324/original.jpeg; https://inaturalist-open-data.s3.amazonaws.com/photos/104814342/original.jpeg; https://inaturalist-open-data.s3.amazonaws.com/photos/104814352/original.jpeg,k-western-south-america,2024-10-25 18:21:42
original_2988446381_2.jpeg,2932944,Capsicum annuum,9.264999999999999,"Heliodoxa rubinoides (Bourcier & Mulsant, 1846)",2476931,-0.024721,-78.724557,91.0,SOUTH_AMERICA,Pichincha,,,,2019-08-21T12:09,False,Christoph Moning,iNaturalist,http://creativecommons.org/licenses/by/4.0/,Christoph Moning,https://inaturalist-open-data.s3.amazonaws.com/photos/104814115/original.jpeg; https://inaturalist-open-data.s3.amazonaws.com/photos/104814314/original.jpeg; https://inaturalist-open-data.s3.amazonaws.com/photos/104814324/original.jpeg; https://inaturalist-open-data.s3.amazonaws.com/photos/104814342/original.jpeg; https://inaturalist-open-data.s3.amazonaws.com/photos/104814352/original.jpeg,k-western-south-america,2024-10-25 18:21:44
original_2988446381_3.jpeg,5590493,Drymonia serrulata,6.311,"Heliodoxa rubinoides (Bourcier & Mulsant, 1846)",2476931,-0.024721,-78.724557,91.0,SOUTH_AMERICA,Pichincha,,,,2019-08-21T12:09,False,Christoph Moning,iNaturalist,http://creativecommons.org/licenses/by/4.0/,Christoph Moning,https://inaturalist-open-data.s3.amazonaws.com/photos/104814115/original.jpeg; https://inaturalist-open-data.s3.amazonaws.com/photos/104814314/original.jpeg; https://inaturalist-open-data.s3.amazonaws.com/photos/104814324/original.jpeg; https://inaturalist-open-data.s3.amazonaws.com/photos/104814342/original.jpeg; https://inaturalist-open-data.s3.amazonaws.com/photos/104814352/original.jpeg,k-western-south-america,2024-10-25 18:21:46
original_2988446381_4.jpeg,5412613,Centropogon cornutus,1.8880000000000001,"Heliodoxa rubinoides (Bourcier & Mulsant, 1846)",2476931,-0.024721,-78.724557,91.0,SOUTH_AMERICA,Pichincha,,,,2019-08-21T12:09,False,Christoph Moning,iNaturalist,http://creativecommons.org/licenses/by/4.0/,Christoph Moning,https://inaturalist-open-data.s3.amazonaws.com/photos/104814115/original.jpeg; https://inaturalist-open-data.s3.amazonaws.com/photos/104814314/original.jpeg; https://inaturalist-open-data.s3.amazonaws.com/photos/104814324/original.jpeg; https://inaturalist-open-data.s3.amazonaws.com/photos/104814342/original.jpeg; https://inaturalist-open-data.s3.amazonaws.com/photos/104814352/original.jpeg,k-western-south-america,2024-10-25 18:21:48
original_2988455761_1.jpg,7167078,Bougainvillea spectabilis,7.031999999999999,"Heliodoxa rubinoides (Bourcier & Mulsant, 1846)",2476931,-0.063061,-78.771971,3037.0,SOUTH_AMERICA,Pichincha,,,,2020-11-07T17:51:59,False,manuelaortiz,iNaturalist,http://creativecommons.org/licenses/by-nc/4.0/,manuelaortiz,https://inaturalist-open-data.s3.amazonaws.com/photos/103521826/original.jpg,k-western-south-america,2024-10-25 18:21:52
original_2988485449_1.jpeg,8368994,Passiflora mixta,1.549,"Heliodoxa rubinoides (Bourcier & Mulsant, 1846)",2476931,-0.590699,-77.8806,8.0,SOUTH_AMERICA,Napo,,,,2015-03-20T13:01,False,docprt,iNaturalist,http://creativecommons.org/licenses/by-nc/4.0/,docprt,https://inaturalist-open-data.s3.amazonaws.com/photos/67615785/original.jpeg; https://inaturalist-open-data.s3.amazonaws.com/photos/67615791/original.jpeg,k-western-south-america,2024-10-25 18:21:55
original_2988510345_1.jpg,2739059,Iriartea deltoidea,6.952999999999999,"Heliodoxa rubinoides (Bourcier & Mulsant, 1846)",2476931,0.025364,-78.632462,10.0,SOUTH_AMERICA,Pichincha,,,,2019-03-31T10:57:58,False,paoflores,iNaturalist,http://creativecommons.org/licenses/by-nc/4.0/,paoflores,https://inaturalist-open-data.s3.amazonaws.com/photos/34255341/original.jpg; https://inaturalist-open-data.s3.amazonaws.com/photos/34255354/original.jpg; https://inaturalist-open-data.s3.amazonaws.com/photos/34255360/original.jpg,k-western-south-america,2024-10-25 18:22:01
original_2988523358_1.jpeg,5415081,Crescentia cujete,3.54,"Heliodoxa rubinoides (Bourcier & Mulsant, 1846)",2476931,0.02022,-78.707139,38.0,SOUTH_AMERICA,Pichincha,,,,2019-08-21T10:42,False,Christoph Moning,iNaturalist,http://creativecommons.org/licenses/by/4.0/,Christoph Moning,https://inaturalist-open-data.s3.amazonaws.com/photos/104813683/original.jpeg,k-western-south-america,2024-10-25 18:22:04
original_2988546878_1.jpg,3152583,Hibiscus syriacus,4.522,"Heliodoxa rubinoides (Bourcier & Mulsant, 1846)",2476931,-0.070891,-78.777239,6008.0,SOUTH_AMERICA,Pichincha,,,,2020-11-07T17:53:06,False,manuelaortiz,iNaturalist,http://creativecommons.org/licenses/by-nc/4.0/,manuelaortiz,https://inaturalist-open-data.s3.amazonaws.com/photos/103521952/original.jpg; https://inaturalist-open-data.s3.amazonaws.com/photos/103522613/original.jpg,k-western-south-america,2024-10-25 18:22:06
original_2988546878_2.jpg,4060951,Varronia curassavica,11.443,"Heliodoxa rubinoides (Bourcier & Mulsant, 1846)",2476931,-0.070891,-78.777239,6008.0,SOUTH_AMERICA,Pichincha,,,,2020-11-07T17:53:06,False,manuelaortiz,iNaturalist,http://creativecommons.org/licenses/by-nc/4.0/,manuelaortiz,https://inaturalist-open-data.s3.amazonaws.com/photos/103521952/original.jpg; https://inaturalist-open-data.s3.amazonaws.com/photos/103522613/original.jpg,k-western-south-america,2024-10-25 18:22:08
original_2988554464_1.jpeg,5591185,Drymonia coccinea,5.596,"Heliodoxa rubinoides (Bourcier & Mulsant, 1846)",2476931,-0.556295,-77.890364,1132.0,SOUTH_AMERICA,Napo,,,,2019-12-29T13:24,False,Howard Friedman,iNaturalist,http://creativecommons.org/licenses/by-nc/4.0/,Howard Friedman,https://inaturalist-open-data.s3.amazonaws.com/photos/70749656/original.jpeg,k-western-south-america,2024-10-25 18:22:11
original_2988559808_1.jpg,5396557,Tithonia diversifolia,17.180999999999997,"Heliodoxa rubinoides (Bourcier & Mulsant, 1846)",2476931,-0.082484,-78.774965,6613.0,SOUTH_AMERICA,Pichincha,,,,2020-11-07T18:15:33,False,manuelaortiz,iNaturalist,http://creativecommons.org/licenses/by-nc/4.0/,manuelaortiz,https://inaturalist-open-data.s3.amazonaws.com/photos/103524725/original.jpg,k-western-south-america,2024-10-25 18:22:13
original_2992727370_1.jpeg,4093319,Delostoma integrifolium,4.294,"Heliodoxa rubinoides (Bourcier & Mulsant, 1846)",2476931,0.020149,-78.707239,116.0,SOUTH_AMERICA,Pichincha,,,,2017-04-07T09:10,False,Chuck Gates,iNaturalist,http://creativecommons.org/licenses/by-nc/4.0/,Chuck Gates,https://inaturalist-open-data.s3.amazonaws.com/photos/27373734/original.jpeg,k-western-south-america,2024-10-25 18:22:20
original_2992834397_1.jpeg,2870714,Philodendron deflexum,1.636,"Heliodoxa rubinoides (Bourcier & Mulsant, 1846)",2476931,0.118406,-78.61208,15.0,SOUTH_AMERICA,Pichincha,,,,2019-09-03T14:50,False,Holger Beck,iNaturalist,http://creativecommons.org/licenses/by-nc/4.0/,Holger Beck,https://inaturalist-open-data.s3.amazonaws.com/photos/50549164/original.jpeg,k-western-south-america,2024-10-25 18:22:25
original_2999111768_1.jpeg,7870294,Erythroxylum macrophyllum,2.2110000000000003,"Heliodoxa rubinoides (Bourcier & Mulsant, 1846)",2476931,-0.592106,-77.850719,190.0,SOUTH_AMERICA,Napo,,,,2020-11-30T15:33:44,False,Nelson Apolo,iNaturalist,http://creativecommons.org/licenses/by-nc/4.0/,Nelson Apolo,https://inaturalist-open-data.s3.amazonaws.com/photos/106611366/original.jpeg,k-western-south-america,2024-10-25 18:22:28
original_2999114155_1.jpg,2815832,Dimerandra emarginata,7.446999999999999,"Heliodoxa rubinoides (Bourcier & Mulsant, 1846)",2476931,0.029322,-78.68068,32.0,SOUTH_AMERICA,Pichincha,,,,2020-12-06T09:07:05,False,Luis Fierro,iNaturalist,http://creativecommons.org/licenses/by-nc/4.0/,Luis Fierro,https://inaturalist-open-data.s3.amazonaws.com/photos/107000663/original.jpg; https://inaturalist-open-data.s3.amazonaws.com/photos/107000671/original.jpg,k-western-south-america,2024-10-25 18:22:30
original_2999114155_2.jpg,8368994,Passiflora mixta,14.576,"Heliodoxa rubinoides (Bourcier & Mulsant, 1846)",2476931,0.029322,-78.68068,32.0,SOUTH_AMERICA,Pichincha,,,,2020-12-06T09:07:05,False,Luis Fierro,iNaturalist,http://creativecommons.org/licenses/by-nc/4.0/,Luis Fierro,https://inaturalist-open-data.s3.amazonaws.com/photos/107000663/original.jpg; https://inaturalist-open-data.s3.amazonaws.com/photos/107000671/original.jpg,k-western-south-america,2024-10-25 18:22:33
original_2999201994_1.jpg,8368994,Passiflora mixta,14.576,"Heliodoxa rubinoides (Bourcier & Mulsant, 1846)",2476931,0.029433,-78.680772,24.0,SOUTH_AMERICA,Pichincha,,,,2020-12-06T09:07:08,False,Luis Fierro,iNaturalist,http://creativecommons.org/licenses/by-nc/4.0/,Luis Fierro,https://inaturalist-open-data.s3.amazonaws.com/photos/106777119/original.jpg; https://inaturalist-open-data.s3.amazonaws.com/photos/106777123/original.jpg,k-western-south-america,2024-10-25 18:22:35
original_2999201994_2.jpg,2815832,Dimerandra emarginata,7.446999999999999,"Heliodoxa rubinoides (Bourcier & Mulsant, 1846)",2476931,0.029433,-78.680772,24.0,SOUTH_AMERICA,Pichincha,,,,2020-12-06T09:07:08,False,Luis Fierro,iNaturalist,http://creativecommons.org/licenses/by-nc/4.0/,Luis Fierro,https://inaturalist-open-data.s3.amazonaws.com/photos/106777119/original.jpg; https://inaturalist-open-data.s3.amazonaws.com/photos/106777123/original.jpg,k-western-south-america,2024-10-25 18:22:36
original_3008406022_1.jpeg,8358388,Aristolochia trilobata,1.7469999999999999,"Heliodoxa rubinoides (Bourcier & Mulsant, 1846)",2476931,-0.592125,-77.880322,,SOUTH_AMERICA,Napo,,,,2010-03-14T18:06,False,Stephen John Davies,iNaturalist,http://creativecommons.org/licenses/by-nc/4.0/,Stephen John Davies,https://inaturalist-open-data.s3.amazonaws.com/photos/108086314/original.jpeg,k-western-south-america,2024-10-25 18:22:39
original_3013892318_1.jpg,5288745,Vriesea pleiosticha,41.912,"Heliodoxa rubinoides (Bourcier & Mulsant, 1846)",2476931,-0.029547,-78.754731,31.0,SOUTH_AMERICA,Pichincha,,,,2018-01-19T08:03,False,Michael Bakker Paiva,iNaturalist,http://creativecommons.org/licenses/by/4.0/,Michael Bakker Paiva,https://inaturalist-open-data.s3.amazonaws.com/photos/13022984/original.jpg,k-western-south-america,2024-10-25 18:22:47
original_3013995274_1.jpeg,5357158,Cassia grandis,15.404000000000002,"Heliodoxa rubinoides (Bourcier & Mulsant, 1846)",2476931,5.811791,-75.801362,31.0,SOUTH_AMERICA,Antioquia,,,,2019-03-20T10:31,False,Edwin Múnera Chavarría,iNaturalist,http://creativecommons.org/licenses/by-nc/4.0/,Edwin Múnera Chavarría,https://inaturalist-open-data.s3.amazonaws.com/photos/108817660/original.jpeg,k-western-south-america,2024-10-25 18:22:51
original_3014004332_1.jpeg,2792457,Polystachya concreta,6.0729999999999995,"Heliodoxa rubinoides (Bourcier & Mulsant, 1846)",2476931,-0.026951,-78.749914,494.0,SOUTH_AMERICA,Pichincha,,,,2018-04-24T07:54,False,Michael Bakker Paiva,iNaturalist,http://creativecommons.org/licenses/by/4.0/,Michael Bakker Paiva,https://inaturalist-open-data.s3.amazonaws.com/photos/18115878/original.jpeg,k-western-south-america,2024-10-25 18:22:54
original_3014032326_1.jpg,2951571,Mucuna sloanei,5.213,"Heliodoxa rubinoides (Bourcier & Mulsant, 1846)",2476931,-0.030062,-78.754324,31.0,SOUTH_AMERICA,Pichincha,,,,2018-01-19T08:24,False,Michael Bakker Paiva,iNaturalist,http://creativecommons.org/licenses/by/4.0/,Michael Bakker Paiva,https://inaturalist-open-data.s3.amazonaws.com/photos/13023019/original.jpg,k-western-south-america,2024-10-25 18:22:56
original_3014069317_1.jpeg,2762989,Musa ornata,6.933,"Heliodoxa rubinoides (Bourcier & Mulsant, 1846)",2476931,-0.069094,-78.761802,31.0,SOUTH_AMERICA,Pichincha,,,,2016-04-22T19:27,False,Michael Bakker Paiva,iNaturalist,http://creativecommons.org/licenses/by/4.0/,Michael Bakker Paiva,https://inaturalist-open-data.s3.amazonaws.com/photos/10329090/original.jpeg,k-western-south-america,2024-10-25 18:22:59
original_3014096319_1.jpeg,3085420,Dianthus caryophyllus,4.058,"Heliodoxa rubinoides (Bourcier & Mulsant, 1846)",2476931,-0.068858,-78.761995,31.0,SOUTH_AMERICA,Pichincha,,,,2016-04-22T19:28,False,Michael Bakker Paiva,iNaturalist,http://creativecommons.org/licenses/by/4.0/,Michael Bakker Paiva,https://inaturalist-open-data.s3.amazonaws.com/photos/10329097/original.jpeg,k-western-south-america,2024-10-25 18:23:02
original_3018086004_2.jpg,3188585,Miconia calvescens,25.124999999999996,"Heliodoxa rubinoides (Bourcier & Mulsant, 1846)",2476931,0.001944,-78.6775,212.0,SOUTH_AMERICA,Pichincha,,,,2019-12-19T20:15,False,Jose Rui Santos,iNaturalist,http://creativecommons.org/licenses/by-nc/4.0/,Jose Rui Santos,https://inaturalist-open-data.s3.amazonaws.com/photos/109213813/original.jpg; https://inaturalist-open-data.s3.amazonaws.com/photos/109213820/original.jpg,k-western-south-america,2024-10-25 18:23:06
original_3031575628_1.jpg,3617234,Tabernaemontana grandiflora,1.635,Heliodoxa rubinoides rubinoides,2476931,5.103801,-75.482736,196.0,SOUTH_AMERICA,Caldas,,,,2019-11-02T13:03,False,David Monroy R,iNaturalist,http://creativecommons.org/licenses/by-nc/4.0/,David Monroy R,https://inaturalist-open-data.s3.amazonaws.com/photos/64678914/original.jpg,k-western-south-america,2024-10-25 18:23:09
original_3031692311_1.jpg,7269222,Zanthoxylum rhoifolium,0.6910000000000001,"Heliodoxa rubinoides (Bourcier & Mulsant, 1846)",2476931,-0.010691,-78.730799,212.0,SOUTH_AMERICA,Pichincha,,,,2019-12-24T09:42,False,Andy Pearce 🕊,iNaturalist,http://creativecommons.org/licenses/by-nc/4.0/,Andy Pearce 🕊,https://inaturalist-open-data.s3.amazonaws.com/photos/110649505/original.jpg,k-western-south-america,2024-10-25 18:23:12
original_3031925866_1.jpg,2650661,Asplenium serratum,2.732,"Heliodoxa rubinoides (Bourcier & Mulsant, 1846)",2476931,-0.010691,-78.730799,212.0,SOUTH_AMERICA,Pichincha,,,,2017-01-02T02:39,False,Andy Pearce 🕊,iNaturalist,http://creativecommons.org/licenses/by-nc/4.0/,Andy Pearce 🕊,https://inaturalist-open-data.s3.amazonaws.com/photos/111239750/original.jpg,k-western-south-america,2024-10-25 18:23:14
original_3032023372_1.jpg,2756519,Apteria aphylla,1.214,"Heliodoxa rubinoides (Bourcier & Mulsant, 1846)",2476931,-0.010691,-78.730799,212.0,SOUTH_AMERICA,Pichincha,,,,2016-12-31T11:51,False,Andy Pearce 🕊,iNaturalist,http://creativecommons.org/licenses/by-nc/4.0/,Andy Pearce 🕊,https://inaturalist-open-data.s3.amazonaws.com/photos/110721451/original.jpg,k-western-south-america,2024-10-25 18:23:17
original_3039111869_1.jpeg,3860494,Henriettea succosa,1.69,"Heliodoxa rubinoides (Bourcier & Mulsant, 1846)",2476931,0.007637,-78.727072,195.0,SOUTH_AMERICA,Pichincha,,,,2021-01-28T08:13:53,False,Nelson Apolo,iNaturalist,http://creativecommons.org/licenses/by-nc/4.0/,Nelson Apolo,https://inaturalist-open-data.s3.amazonaws.com/photos/111395295/original.jpeg,k-western-south-america,2024-10-25 18:23:23
original_3044694262_1.jpg,4088199,Utricularia jamesoniana,3.669,"Heliodoxa rubinoides (Bourcier & Mulsant, 1846)",2476931,-0.024806,-78.724472,212.0,SOUTH_AMERICA,Pichincha,,,,2020-11-21T08:46Z,False,brewmaster,iNaturalist,http://creativecommons.org/licenses/by-nc/4.0/,brewmaster,https://inaturalist-open-data.s3.amazonaws.com/photos/114015600/original.jpg,k-western-south-america,2024-10-25 18:23:40
original_3044896252_1.jpg,3083180,Bertholletia excelsa,2.032,"Heliodoxa rubinoides (Bourcier & Mulsant, 1846)",2476931,0.005543,-78.677047,15.0,SOUTH_AMERICA,Pichincha,,,,2021-02-14T09:04,False,David Torres,iNaturalist,http://creativecommons.org/licenses/by-nc/4.0/,David Torres,https://inaturalist-open-data.s3.amazonaws.com/photos/113053739/original.jpg; https://inaturalist-open-data.s3.amazonaws.com/photos/113053743/original.jpg; https://inaturalist-open-data.s3.amazonaws.com/photos/113053747/original.jpg; https://inaturalist-open-data.s3.amazonaws.com/photos/113053754/original.jpg; https://inaturalist-open-data.s3.amazonaws.com/photos/113053763/original.jpg,k-western-south-america,2024-10-25 18:23:44
original_3044896252_2.jpg,5580093,Crossopetalum uragoga,2.6679999999999997,"Heliodoxa rubinoides (Bourcier & Mulsant, 1846)",2476931,0.005543,-78.677047,15.0,SOUTH_AMERICA,Pichincha,,,,2021-02-14T09:04,False,David Torres,iNaturalist,http://creativecommons.org/licenses/by-nc/4.0/,David Torres,https://inaturalist-open-data.s3.amazonaws.com/photos/113053739/original.jpg; https://inaturalist-open-data.s3.amazonaws.com/photos/113053743/original.jpg; https://inaturalist-open-data.s3.amazonaws.com/photos/113053747/original.jpg; https://inaturalist-open-data.s3.amazonaws.com/photos/113053754/original.jpg; https://inaturalist-open-data.s3.amazonaws.com/photos/113053763/original.jpg,k-western-south-america,2024-10-25 18:23:46
original_3044896252_3.jpg,5580093,Crossopetalum uragoga,3.6740000000000004,"Heliodoxa rubinoides (Bourcier & Mulsant, 1846)",2476931,0.005543,-78.677047,15.0,SOUTH_AMERICA,Pichincha,,,,2021-02-14T09:04,False,David Torres,iNaturalist,http://creativecommons.org/licenses/by-nc/4.0/,David Torres,https://inaturalist-open-data.s3.amazonaws.com/photos/113053739/original.jpg; https://inaturalist-open-data.s3.amazonaws.com/photos/113053743/original.jpg; https://inaturalist-open-data.s3.amazonaws.com/photos/113053747/original.jpg; https://inaturalist-open-data.s3.amazonaws.com/photos/113053754/original.jpg; https://inaturalist-open-data.s3.amazonaws.com/photos/113053763/original.jpg,k-western-south-america,2024-10-25 18:23:48
original_3044896252_4.jpg,3083180,Bertholletia excelsa,2.5909999999999997,"Heliodoxa rubinoides (Bourcier & Mulsant, 1846)",2476931,0.005543,-78.677047,15.0,SOUTH_AMERICA,Pichincha,,,,2021-02-14T09:04,False,David Torres,iNaturalist,http://creativecommons.org/licenses/by-nc/4.0/,David Torres,https://inaturalist-open-data.s3.amazonaws.com/photos/113053739/original.jpg; https://inaturalist-open-data.s3.amazonaws.com/photos/113053743/original.jpg; https://inaturalist-open-data.s3.amazonaws.com/photos/113053747/original.jpg; https://inaturalist-open-data.s3.amazonaws.com/photos/113053754/original.jpg; https://inaturalist-open-data.s3.amazonaws.com/photos/113053763/original.jpg,k-western-south-america,2024-10-25 18:23:50
original_3044896252_5.jpg,3083180,Bertholletia excelsa,3.437,"Heliodoxa rubinoides (Bourcier & Mulsant, 1846)",2476931,0.005543,-78.677047,15.0,SOUTH_AMERICA,Pichincha,,,,2021-02-14T09:04,False,David Torres,iNaturalist,http://creativecommons.org/licenses/by-nc/4.0/,David Torres,https://inaturalist-open-data.s3.amazonaws.com/photos/113053739/original.jpg; https://inaturalist-open-data.s3.amazonaws.com/photos/113053743/original.jpg; https://inaturalist-open-data.s3.amazonaws.com/photos/113053747/original.jpg; https://inaturalist-open-data.s3.amazonaws.com/photos/113053754/original.jpg; https://inaturalist-open-data.s3.amazonaws.com/photos/113053763/original.jpg,k-western-south-america,2024-10-25 18:23:53
original_3044918567_1.jpeg,5357677,Inga edulis,21.969,"Heliodoxa rubinoides (Bourcier & Mulsant, 1846)",2476931,0.025811,-78.632437,207.0,SOUTH_AMERICA,Pichincha,,,,2021-02-18T19:48,False,dayliinapanta,iNaturalist,http://creativecommons.org/licenses/by-nc/4.0/,dayliinapanta,https://inaturalist-open-data.s3.amazonaws.com/photos/113329417/original.jpeg,k-western-south-america,2024-10-25 18:23:55
original_3058704089_1.jpg,Unknown,Psidium cattleyanum,0.584,"Heliodoxa rubinoides (Bourcier & Mulsant, 1846)",2476931,0.026178,-78.639753,4.0,SOUTH_AMERICA,Pichincha,,,,2018-03-10T13:42,False,johnmeikle,iNaturalist,http://creativecommons.org/licenses/by-nc/4.0/,johnmeikle,https://inaturalist-open-data.s3.amazonaws.com/photos/114952218/original.jpg,k-western-south-america,2024-10-25 18:23:59
original_3059054691_1.jpg,5938224,Fuchsia magellanica,8.169,"Heliodoxa rubinoides (Bourcier & Mulsant, 1846)",2476931,0.026185,-78.639774,4.0,SOUTH_AMERICA,Pichincha,,,,2018-03-10T13:43,False,johnmeikle,iNaturalist,http://creativecommons.org/licenses/by-nc/4.0/,johnmeikle,https://inaturalist-open-data.s3.amazonaws.com/photos/114952024/original.jpg; https://inaturalist-open-data.s3.amazonaws.com/photos/114952032/original.jpg,k-western-south-america,2024-10-25 18:24:01
original_3059054691_2.jpg,5938224,Fuchsia magellanica,38.91,"Heliodoxa rubinoides (Bourcier & Mulsant, 1846)",2476931,0.026185,-78.639774,4.0,SOUTH_AMERICA,Pichincha,,,,2018-03-10T13:43,False,johnmeikle,iNaturalist,http://creativecommons.org/licenses/by-nc/4.0/,johnmeikle,https://inaturalist-open-data.s3.amazonaws.com/photos/114952024/original.jpg; https://inaturalist-open-data.s3.amazonaws.com/photos/114952032/original.jpg,k-western-south-america,2024-10-25 18:24:03
original_3067663854_1.jpg,10667667,Pseudogynoxys benthamii,6.67,"Heliodoxa rubinoides (Bourcier & Mulsant, 1846)",2476931,0.002112,-78.67751,,SOUTH_AMERICA,Pichincha,,,,2020-02-28T14:36,False,John Eppler,iNaturalist,http://creativecommons.org/licenses/by-nc/4.0/,John Eppler,https://inaturalist-open-data.s3.amazonaws.com/photos/63845345/original.jpg,k-western-south-america,2024-10-25 18:24:09
original_3067878388_1.jpg,2872811,Anthurium gracile,4.759,"Heliodoxa rubinoides (Bourcier & Mulsant, 1846)",2476931,-0.002737,-78.688145,488.0,SOUTH_AMERICA,Pichincha,,,,2009-04-10T17:45,False,Todd Boland,iNaturalist,http://creativecommons.org/licenses/by-nc/4.0/,Todd Boland,https://inaturalist-open-data.s3.amazonaws.com/photos/109770404/original.jpg,k-western-south-america,2024-10-25 18:24:12
original_3067905202_1.jpeg,5590493,Drymonia serrulata,2.558,"Heliodoxa rubinoides (Bourcier & Mulsant, 1846)",2476931,-0.02904,-78.750289,4.0,SOUTH_AMERICA,Pichincha,,,,2019-02-02T11:29,False,blkvulture,iNaturalist,http://creativecommons.org/licenses/by-nc/4.0/,blkvulture,https://inaturalist-open-data.s3.amazonaws.com/photos/116838733/original.jpeg,k-western-south-america,2024-10-25 18:24:15
original_3068112301_1.jpg,8162439,Callianthe striata,6.482,"Heliodoxa rubinoides (Bourcier & Mulsant, 1846)",2476931,-0.024637,-78.724535,,SOUTH_AMERICA,Pichincha,,,,2020-02-25T14:19,False,John Eppler,iNaturalist,http://creativecommons.org/licenses/by-nc/4.0/,John Eppler,https://inaturalist-open-data.s3.amazonaws.com/photos/101721215/original.jpg,k-western-south-america,2024-10-25 18:24:22
original_3090830104_1.jpeg,2760862,Heliconia vaginalis,6.421,"Heliodoxa rubinoides (Bourcier & Mulsant, 1846)",2476931,-0.015983,-78.680856,189.0,SOUTH_AMERICA,Pichincha,,,,2021-04-09T16:17:36,False,taopina,iNaturalist,http://creativecommons.org/licenses/by-nc/4.0/,taopina,https://inaturalist-open-data.s3.amazonaws.com/photos/119886649/original.jpeg,k-western-south-america,2024-10-25 18:24:33
original_3090881829_1.jpg,4173060,Psammisia coarctata,4.067,"Heliodoxa rubinoides (Bourcier & Mulsant, 1846)",2476931,0.009252,-78.677113,,SOUTH_AMERICA,Pichincha,,,,2018-11-18T15:02,False,Morten Ross,iNaturalist,http://creativecommons.org/licenses/by-nc/4.0/,Morten Ross,https://inaturalist-open-data.s3.amazonaws.com/photos/120713261/original.jpg; https://inaturalist-open-data.s3.amazonaws.com/photos/120717516/original.jpg; https://inaturalist-open-data.s3.amazonaws.com/photos/120717528/original.jpg; https://inaturalist-open-data.s3.amazonaws.com/photos/120717536/original.jpg; https://inaturalist-open-data.s3.amazonaws.com/photos/120717539/original.jpg,k-western-south-america,2024-10-25 18:24:35
original_3090881829_2.jpg,4173060,Psammisia coarctata,1.335,"Heliodoxa rubinoides (Bourcier & Mulsant, 1846)",2476931,0.009252,-78.677113,,SOUTH_AMERICA,Pichincha,,,,2018-11-18T15:02,False,Morten Ross,iNaturalist,http://creativecommons.org/licenses/by-nc/4.0/,Morten Ross,https://inaturalist-open-data.s3.amazonaws.com/photos/120713261/original.jpg; https://inaturalist-open-data.s3.amazonaws.com/photos/120717516/original.jpg; https://inaturalist-open-data.s3.amazonaws.com/photos/120717528/original.jpg; https://inaturalist-open-data.s3.amazonaws.com/photos/120717536/original.jpg; https://inaturalist-open-data.s3.amazonaws.com/photos/120717539/original.jpg,k-western-south-america,2024-10-25 18:24:38
original_3090881829_3.jpg,4173060,Psammisia coarctata,14.795,"Heliodoxa rubinoides (Bourcier & Mulsant, 1846)",2476931,0.009252,-78.677113,,SOUTH_AMERICA,Pichincha,,,,2018-11-18T15:02,False,Morten Ross,iNaturalist,http://creativecommons.org/licenses/by-nc/4.0/,Morten Ross,https://inaturalist-open-data.s3.amazonaws.com/photos/120713261/original.jpg; https://inaturalist-open-data.s3.amazonaws.com/photos/120717516/original.jpg; https://inaturalist-open-data.s3.amazonaws.com/photos/120717528/original.jpg; https://inaturalist-open-data.s3.amazonaws.com/photos/120717536/original.jpg; https://inaturalist-open-data.s3.amazonaws.com/photos/120717539/original.jpg,k-western-south-america,2024-10-25 18:24:40
original_3090881829_4.jpg,4173060,Psammisia coarctata,10.321,"Heliodoxa rubinoides (Bourcier & Mulsant, 1846)",2476931,0.009252,-78.677113,,SOUTH_AMERICA,Pichincha,,,,2018-11-18T15:02,False,Morten Ross,iNaturalist,http://creativecommons.org/licenses/by-nc/4.0/,Morten Ross,https://inaturalist-open-data.s3.amazonaws.com/photos/120713261/original.jpg; https://inaturalist-open-data.s3.amazonaws.com/photos/120717516/original.jpg; https://inaturalist-open-data.s3.amazonaws.com/photos/120717528/original.jpg; https://inaturalist-open-data.s3.amazonaws.com/photos/120717536/original.jpg; https://inaturalist-open-data.s3.amazonaws.com/photos/120717539/original.jpg,k-western-south-america,2024-10-25 18:24:42
original_3090881829_5.jpg,4173060,Psammisia coarctata,14.2,"Heliodoxa rubinoides (Bourcier & Mulsant, 1846)",2476931,0.009252,-78.677113,,SOUTH_AMERICA,Pichincha,,,,2018-11-18T15:02,False,Morten Ross,iNaturalist,http://creativecommons.org/licenses/by-nc/4.0/,Morten Ross,https://inaturalist-open-data.s3.amazonaws.com/photos/120713261/original.jpg; https://inaturalist-open-data.s3.amazonaws.com/photos/120717516/original.jpg; https://inaturalist-open-data.s3.amazonaws.com/photos/120717528/original.jpg; https://inaturalist-open-data.s3.amazonaws.com/photos/120717536/original.jpg; https://inaturalist-open-data.s3.amazonaws.com/photos/120717539/original.jpg,k-western-south-america,2024-10-25 18:24:44
original_3112384261_1.jpeg,2760973,Heliconia episcopalis,31.916,"Heliodoxa rubinoides (Bourcier & Mulsant, 1846)",2476931,-0.006951,-78.720992,212.0,SOUTH_AMERICA,Pichincha,,,,2021-03-27T03:28Z,False,mateozambonino9,iNaturalist,http://creativecommons.org/licenses/by-nc/4.0/,mateozambonino9,https://inaturalist-open-data.s3.amazonaws.com/photos/124991732/original.jpeg,k-western-south-america,2024-10-25 18:24:46
original_3113398596_1.jpg,5318366,Maxillaria porrecta,6.109,"Heliodoxa rubinoides (Bourcier & Mulsant, 1846)",2476931,-0.015949,-78.680983,4.0,SOUTH_AMERICA,Pichincha,,,,2021-04-09T11:53Z,False,taopina,iNaturalist,http://creativecommons.org/licenses/by-nc/4.0/,taopina,https://inaturalist-open-data.s3.amazonaws.com/photos/128313086/original.jpg,k-western-south-america,2024-10-25 18:24:49
original_3113548558_1.jpeg,2651039,Elaphoglossum peltatum,18.906,"Heliodoxa rubinoides (Bourcier & Mulsant, 1846)",2476931,-0.015949,-78.680983,4.0,SOUTH_AMERICA,Pichincha,,,,2021-04-09T11:50Z,False,taopina,iNaturalist,http://creativecommons.org/licenses/by-nc/4.0/,taopina,https://inaturalist-open-data.s3.amazonaws.com/photos/128313035/original.jpeg,k-western-south-america,2024-10-25 18:24:54
original_3113667560_1.jpg,2874711,Begonia foliosa,6.404999999999999,"Heliodoxa rubinoides (Bourcier & Mulsant, 1846)",2476931,-0.026456,-78.759203,15.0,SOUTH_AMERICA,Pichincha,,,,2021-04-10T11:04Z,False,taopina,iNaturalist,http://creativecommons.org/licenses/by-nc/4.0/,taopina,https://inaturalist-open-data.s3.amazonaws.com/photos/128314107/original.jpg,k-western-south-america,2024-10-25 18:24:56
original_3113682327_1.jpeg,5590493,Drymonia serrulata,2.001,"Heliodoxa rubinoides (Bourcier & Mulsant, 1846)",2476931,-0.049833,-78.775455,1156.0,SOUTH_AMERICA,Pichincha,,,,2021-03-21T08:14,False,Mateo Castro,iNaturalist,http://creativecommons.org/licenses/by-nc/4.0/,Mateo Castro,https://inaturalist-open-data.s3.amazonaws.com/photos/127930339/original.jpeg,k-western-south-america,2024-10-25 18:24:58
original_3117881018_1.jpeg,3188559,Miconia affinis,5.5120000000000005,"Heliodoxa rubinoides (Bourcier & Mulsant, 1846)",2476931,0.116248,-78.600134,650.0,SOUTH_AMERICA,Pichincha,,,,2021-05-10T12:15,False,Holger Beck,iNaturalist,http://creativecommons.org/licenses/by-nc/4.0/,Holger Beck,https://inaturalist-open-data.s3.amazonaws.com/photos/129340286/original.jpeg,k-western-south-america,2024-10-25 18:25:05
original_3302010236_1.jpeg,2705733,Oplismenus compositus,0.594,"Heliodoxa rubinoides (Bourcier & Mulsant, 1846)",2476931,-0.058711,-78.774782,2169.0,SOUTH_AMERICA,Pichincha,,,,2021-05-27,False,Alejandro Paez,iNaturalist,http://creativecommons.org/licenses/by-nc/4.0/,Alejandro Paez,https://inaturalist-open-data.s3.amazonaws.com/photos/134890083/original.jpeg,k-western-south-america,2024-10-25 18:25:09
original_3314444444_1.jpg,2760862,Heliconia vaginalis,11.578,"Heliodoxa rubinoides (Bourcier & Mulsant, 1846)",2476931,-0.015949,-78.680983,4.0,SOUTH_AMERICA,Pichincha,,,,2021-04-09T16:17Z,False,taopina,iNaturalist,http://creativecommons.org/licenses/by-nc/4.0/,taopina,https://inaturalist-open-data.s3.amazonaws.com/photos/128312637/original.jpg,k-western-south-america,2024-10-25 18:25:16
original_3321184223_1.jpg,2979199,Acaciella villosa,7.106999999999999,"Heliodoxa rubinoides (Bourcier & Mulsant, 1846)",2476931,-1.831239,-78.183406,637159.0,SOUTH_AMERICA,Morona Santiago,,,,2019-10-01T07:11,False,eric gofreed,iNaturalist,http://creativecommons.org/licenses/by-nc/4.0/,eric gofreed,https://inaturalist-open-data.s3.amazonaws.com/photos/139612749/original.jpg,k-western-south-america,2024-10-25 18:25:21
original_3325940570_1.jpg,2756856,Costus comosus,1.345,"Heliodoxa rubinoides (Bourcier & Mulsant, 1846)",2476931,-0.048717,-78.775198,2169.0,SOUTH_AMERICA,Pichincha,,,,2012-04-02T14:10,False,abbirder,iNaturalist,http://creativecommons.org/licenses/by-nc/4.0/,abbirder,https://inaturalist-open-data.s3.amazonaws.com/photos/142001551/original.jpg,k-western-south-america,2024-10-25 18:25:24
original_3328020714_1.jpg,3700896,Neea psychotrioides,2.095,"Heliodoxa rubinoides (Bourcier & Mulsant, 1846)",2476931,-0.053302,-78.776242,31.0,SOUTH_AMERICA,Pichincha,,,,2012-04-03T06:27,False,abbirder,iNaturalist,http://creativecommons.org/licenses/by-nc/4.0/,abbirder,https://inaturalist-open-data.s3.amazonaws.com/photos/142178293/original.jpg,k-western-south-america,2024-10-25 18:25:29
original_3337774745_1.jpg,3055511,Alchornea triplinervia,3.42,"Heliodoxa rubinoides (Bourcier & Mulsant, 1846)",2476931,4.360498,-74.335384,36.0,SOUTH_AMERICA,Cundinamarca,,,,2021-07-30T08:22,False,Nick Moore,iNaturalist,http://creativecommons.org/licenses/by-nc/4.0/,Nick Moore,https://inaturalist-open-data.s3.amazonaws.com/photos/151221303/original.jpg,k-western-south-america,2024-10-25 18:25:38
original_3383910642_1.jpeg,2932944,Capsicum annuum,11.071,"Heliodoxa rubinoides (Bourcier & Mulsant, 1846)",2476931,-0.015983,-78.680856,188.0,SOUTH_AMERICA,Pichincha,,,,2018-08-17T21:25,False,canguil14,iNaturalist,http://creativecommons.org/licenses/by-nc/4.0/,canguil14,https://inaturalist-open-data.s3.amazonaws.com/photos/123119400/original.jpeg,k-western-south-america,2024-10-25 18:25:41
original_3384172065_1.jpeg,7960979,Urtica dioica,1.097,"Heliodoxa rubinoides (Bourcier & Mulsant, 1846)",2476931,0.025602,-78.696073,61.0,SOUTH_AMERICA,Pichincha,,,,2021-10-02T16:48,False,milulopez,iNaturalist,http://creativecommons.org/licenses/by-nc/4.0/,milulopez,https://inaturalist-open-data.s3.amazonaws.com/photos/161350453/original.jpeg,k-western-south-america,2024-10-25 18:25:53
original_3384282550_1.jpg,5303127,Canna iridiflora,2.237,"Heliodoxa rubinoides (Bourcier & Mulsant, 1846)",2476931,0.029431,-78.680695,6.0,SOUTH_AMERICA,Pichincha,,,,2020-12-06T11:04:29,False,Luis Fierro,iNaturalist,http://creativecommons.org/licenses/by-nc/4.0/,Luis Fierro,https://inaturalist-open-data.s3.amazonaws.com/photos/106755630/original.jpg; https://inaturalist-open-data.s3.amazonaws.com/photos/106755641/original.jpg; https://inaturalist-open-data.s3.amazonaws.com/photos/106755659/original.jpg,k-western-south-america,2024-10-25 18:25:56
original_3384282550_2.jpg,2762989,Musa ornata,52.342999999999996,"Heliodoxa rubinoides (Bourcier & Mulsant, 1846)",2476931,0.029431,-78.680695,6.0,SOUTH_AMERICA,Pichincha,,,,2020-12-06T11:04:29,False,Luis Fierro,iNaturalist,http://creativecommons.org/licenses/by-nc/4.0/,Luis Fierro,https://inaturalist-open-data.s3.amazonaws.com/photos/106755630/original.jpg; https://inaturalist-open-data.s3.amazonaws.com/photos/106755641/original.jpg; https://inaturalist-open-data.s3.amazonaws.com/photos/106755659/original.jpg,k-western-south-america,2024-10-25 18:25:58
original_3384282550_3.jpg,2760940,Heliconia latispatha,6.012,"Heliodoxa rubinoides (Bourcier & Mulsant, 1846)",2476931,0.029431,-78.680695,6.0,SOUTH_AMERICA,Pichincha,,,,2020-12-06T11:04:29,False,Luis Fierro,iNaturalist,http://creativecommons.org/licenses/by-nc/4.0/,Luis Fierro,https://inaturalist-open-data.s3.amazonaws.com/photos/106755630/original.jpg; https://inaturalist-open-data.s3.amazonaws.com/photos/106755641/original.jpg; https://inaturalist-open-data.s3.amazonaws.com/photos/106755659/original.jpg,k-western-south-america,2024-10-25 18:26:00
original_3384345585_1.jpeg,2760862,Heliconia vaginalis,16.858999999999998,"Heliodoxa rubinoides (Bourcier & Mulsant, 1846)",2476931,-0.029897,-78.763636,4.0,SOUTH_AMERICA,Pichincha,,,,2019-02-02T14:01,False,blkvulture,iNaturalist,http://creativecommons.org/licenses/by-nc/4.0/,blkvulture,https://inaturalist-open-data.s3.amazonaws.com/photos/116879360/original.jpeg,k-western-south-america,2024-10-25 18:26:03
original_3384644719_1.jpeg,2874119,Xylosma flexuosa,1.908,"Heliodoxa rubinoides (Bourcier & Mulsant, 1846)",2476931,-0.379392,-78.076649,516.0,SOUTH_AMERICA,Napo,,,,2020-02-02T14:49,False,Tristan Jobin,iNaturalist,http://creativecommons.org/licenses/by/4.0/,Tristan Jobin,https://inaturalist-open-data.s3.amazonaws.com/photos/132731991/original.jpeg,k-western-south-america,2024-10-25 18:26:10
original_3391578036_1.jpeg,2948882,Macrolobium acaciifolium,4.25,"Heliodoxa rubinoides (Bourcier & Mulsant, 1846)",2476931,3.518607,-76.618314,17.0,SOUTH_AMERICA,Valle del Cauca,,,,2021-10-10T13:49,False,gabo_utria,iNaturalist,http://creativecommons.org/licenses/by-nc/4.0/,gabo_utria,https://inaturalist-open-data.s3.amazonaws.com/photos/162930310/original.jpeg,k-western-south-america,2024-10-25 18:26:15
original_3398779941_1.jpg,5372392,Vitis vinifera,1.794,"Heliodoxa rubinoides (Bourcier & Mulsant, 1846)",2476931,-0.015983,-78.680856,,SOUTH_AMERICA,Pichincha,,,,2021-10-23T08:35,False,Amaru Rubio,iNaturalist,http://creativecommons.org/licenses/by-nc/4.0/,Amaru Rubio,https://inaturalist-open-data.s3.amazonaws.com/photos/165246341/original.jpg; https://inaturalist-open-data.s3.amazonaws.com/photos/165246350/original.jpg; https://inaturalist-open-data.s3.amazonaws.com/photos/165246366/original.jpg; https://inaturalist-open-data.s3.amazonaws.com/photos/165246383/original.jpg; https://inaturalist-open-data.s3.amazonaws.com/photos/166167378/original.jpg,k-western-south-america,2024-10-25 18:26:18
original_3398779941_3.jpg,3054364,Juglans neotropica,1.414,"Heliodoxa rubinoides (Bourcier & Mulsant, 1846)",2476931,-0.015983,-78.680856,,SOUTH_AMERICA,Pichincha,,,,2021-10-23T08:35,False,Amaru Rubio,iNaturalist,http://creativecommons.org/licenses/by-nc/4.0/,Amaru Rubio,https://inaturalist-open-data.s3.amazonaws.com/photos/165246341/original.jpg; https://inaturalist-open-data.s3.amazonaws.com/photos/165246350/original.jpg; https://inaturalist-open-data.s3.amazonaws.com/photos/165246366/original.jpg; https://inaturalist-open-data.s3.amazonaws.com/photos/165246383/original.jpg; https://inaturalist-open-data.s3.amazonaws.com/photos/166167378/original.jpg,k-western-south-america,2024-10-25 18:26:22
original_3398779941_4.jpg,5372392,Vitis vinifera,2.688,"Heliodoxa rubinoides (Bourcier & Mulsant, 1846)",2476931,-0.015983,-78.680856,,SOUTH_AMERICA,Pichincha,,,,2021-10-23T08:35,False,Amaru Rubio,iNaturalist,http://creativecommons.org/licenses/by-nc/4.0/,Amaru Rubio,https://inaturalist-open-data.s3.amazonaws.com/photos/165246341/original.jpg; https://inaturalist-open-data.s3.amazonaws.com/photos/165246350/original.jpg; https://inaturalist-open-data.s3.amazonaws.com/photos/165246366/original.jpg; https://inaturalist-open-data.s3.amazonaws.com/photos/165246383/original.jpg; https://inaturalist-open-data.s3.amazonaws.com/photos/166167378/original.jpg,k-western-south-america,2024-10-25 18:26:24
original_3398779941_5.jpg,5372392,Vitis vinifera,2.08,"Heliodoxa rubinoides (Bourcier & Mulsant, 1846)",2476931,-0.015983,-78.680856,,SOUTH_AMERICA,Pichincha,,,,2021-10-23T08:35,False,Amaru Rubio,iNaturalist,http://creativecommons.org/licenses/by-nc/4.0/,Amaru Rubio,https://inaturalist-open-data.s3.amazonaws.com/photos/165246341/original.jpg; https://inaturalist-open-data.s3.amazonaws.com/photos/165246350/original.jpg; https://inaturalist-open-data.s3.amazonaws.com/photos/165246366/original.jpg; https://inaturalist-open-data.s3.amazonaws.com/photos/165246383/original.jpg; https://inaturalist-open-data.s3.amazonaws.com/photos/166167378/original.jpg,k-western-south-america,2024-10-25 18:26:26
original_3398817928_2.jpg,4261683,Entelea arborescens,0.865,"Heliodoxa rubinoides (Bourcier & Mulsant, 1846)",2476931,-0.015983,-78.680856,,SOUTH_AMERICA,Pichincha,,,,2021-10-23T14:42,False,Amaru Rubio,iNaturalist,http://creativecommons.org/licenses/by-nc/4.0/,Amaru Rubio,https://inaturalist-open-data.s3.amazonaws.com/photos/165250218/original.jpg; https://inaturalist-open-data.s3.amazonaws.com/photos/165250220/original.jpg; https://inaturalist-open-data.s3.amazonaws.com/photos/166169339/original.jpg,k-western-south-america,2024-10-25 18:26:30
original_3398817928_3.jpg,10833216,Grona triflora,1.78,"Heliodoxa rubinoides (Bourcier & Mulsant, 1846)",2476931,-0.015983,-78.680856,,SOUTH_AMERICA,Pichincha,,,,2021-10-23T14:42,False,Amaru Rubio,iNaturalist,http://creativecommons.org/licenses/by-nc/4.0/,Amaru Rubio,https://inaturalist-open-data.s3.amazonaws.com/photos/165250218/original.jpg; https://inaturalist-open-data.s3.amazonaws.com/photos/165250220/original.jpg; https://inaturalist-open-data.s3.amazonaws.com/photos/166169339/original.jpg,k-western-south-america,2024-10-25 18:26:32
original_3398827924_1.jpeg,2650936,Nephrolepis biserrata,5.969,"Heliodoxa rubinoides (Bourcier & Mulsant, 1846)",2476931,0.025811,-78.632437,207.0,SOUTH_AMERICA,Pichincha,,,,2021-10-17T12:58,False,Diego Torres Sierra,iNaturalist,http://creativecommons.org/licenses/by-nc/4.0/,Diego Torres Sierra,https://inaturalist-open-data.s3.amazonaws.com/photos/165283819/original.jpeg,k-western-south-america,2024-10-25 18:26:35
original_3398861926_1.jpg,2792457,Polystachya concreta,15.325,"Heliodoxa rubinoides (Bourcier & Mulsant, 1846)",2476931,-0.015983,-78.680856,,SOUTH_AMERICA,Pichincha,,,,2021-10-23T14:42,False,Amaru Rubio,iNaturalist,http://creativecommons.org/licenses/by-nc/4.0/,Amaru Rubio,https://inaturalist-open-data.s3.amazonaws.com/photos/165250168/original.jpg; https://inaturalist-open-data.s3.amazonaws.com/photos/165250170/original.jpg,k-western-south-america,2024-10-25 18:26:37
original_3398861926_2.jpg,2792457,Polystachya concreta,28.152,"Heliodoxa rubinoides (Bourcier & Mulsant, 1846)",2476931,-0.015983,-78.680856,,SOUTH_AMERICA,Pichincha,,,,2021-10-23T14:42,False,Amaru Rubio,iNaturalist,http://creativecommons.org/licenses/by-nc/4.0/,Amaru Rubio,https://inaturalist-open-data.s3.amazonaws.com/photos/165250168/original.jpg; https://inaturalist-open-data.s3.amazonaws.com/photos/165250170/original.jpg,k-western-south-america,2024-10-25 18:26:39
original_3399092955_1.jpg,3183840,Syzygium cumini,1.7770000000000001,"Heliodoxa rubinoides (Bourcier & Mulsant, 1846)",2476931,-0.015983,-78.680856,,SOUTH_AMERICA,Pichincha,,,,2021-10-23T08:45,False,Amaru Rubio,iNaturalist,http://creativecommons.org/licenses/by-nc/4.0/,Amaru Rubio,https://inaturalist-open-data.s3.amazonaws.com/photos/165246624/original.jpg; https://inaturalist-open-data.s3.amazonaws.com/photos/165246649/original.jpg; https://inaturalist-open-data.s3.amazonaws.com/photos/165246655/original.jpg; https://inaturalist-open-data.s3.amazonaws.com/photos/165246702/original.jpg; https://inaturalist-open-data.s3.amazonaws.com/photos/165246706/original.jpg; https://inaturalist-open-data.s3.amazonaws.com/photos/165246760/original.jpg; https://inaturalist-open-data.s3.amazonaws.com/photos/166167995/original.jpg,k-western-south-america,2024-10-25 18:26:43
original_3399288089_1.jpg,2695645,Tillandsia bulbosa,3.39,"Heliodoxa rubinoides (Bourcier & Mulsant, 1846)",2476931,0.025634,-78.632718,15.0,SOUTH_AMERICA,Pichincha,,,,2021-10-17T12:47,False,David Torres,iNaturalist,http://creativecommons.org/licenses/by-nc/4.0/,David Torres,https://inaturalist-open-data.s3.amazonaws.com/photos/165471730/original.jpg,k-western-south-america,2024-10-25 18:27:02
original_3399325972_2.jpg,2932944,Capsicum annuum,3.428,"Heliodoxa rubinoides (Bourcier & Mulsant, 1846)",2476931,-0.015983,-78.680856,,SOUTH_AMERICA,Pichincha,,,,2021-10-23T14:26,False,Amaru Rubio,iNaturalist,http://creativecommons.org/licenses/by-nc/4.0/,Amaru Rubio,https://inaturalist-open-data.s3.amazonaws.com/photos/165248535/original.jpg; https://inaturalist-open-data.s3.amazonaws.com/photos/165248559/original.jpg; https://inaturalist-open-data.s3.amazonaws.com/photos/165248570/original.jpg; https://inaturalist-open-data.s3.amazonaws.com/photos/166169783/original.jpg,k-western-south-america,2024-10-25 18:27:11
original_3399325972_3.jpg,2932944,Capsicum annuum,9.354,"Heliodoxa rubinoides (Bourcier & Mulsant, 1846)",2476931,-0.015983,-78.680856,,SOUTH_AMERICA,Pichincha,,,,2021-10-23T14:26,False,Amaru Rubio,iNaturalist,http://creativecommons.org/licenses/by-nc/4.0/,Amaru Rubio,https://inaturalist-open-data.s3.amazonaws.com/photos/165248535/original.jpg; https://inaturalist-open-data.s3.amazonaws.com/photos/165248559/original.jpg; https://inaturalist-open-data.s3.amazonaws.com/photos/165248570/original.jpg; https://inaturalist-open-data.s3.amazonaws.com/photos/166169783/original.jpg,k-western-south-america,2024-10-25 18:27:13
original_3399325972_4.jpg,2932944,Capsicum annuum,5.949999999999999,"Heliodoxa rubinoides (Bourcier & Mulsant, 1846)",2476931,-0.015983,-78.680856,,SOUTH_AMERICA,Pichincha,,,,2021-10-23T14:26,False,Amaru Rubio,iNaturalist,http://creativecommons.org/licenses/by-nc/4.0/,Amaru Rubio,https://inaturalist-open-data.s3.amazonaws.com/photos/165248535/original.jpg; https://inaturalist-open-data.s3.amazonaws.com/photos/165248559/original.jpg; https://inaturalist-open-data.s3.amazonaws.com/photos/165248570/original.jpg; https://inaturalist-open-data.s3.amazonaws.com/photos/166169783/original.jpg,k-western-south-america,2024-10-25 18:27:16
original_3399425928_1.jpg,3155772,Guatteria punctata,5.103,"Heliodoxa rubinoides (Bourcier & Mulsant, 1846)",2476931,-0.015983,-78.680856,,SOUTH_AMERICA,Pichincha,,,,2021-10-23T14:26,False,Amaru Rubio,iNaturalist,http://creativecommons.org/licenses/by-nc/4.0/,Amaru Rubio,https://inaturalist-open-data.s3.amazonaws.com/photos/165248458/original.jpg; https://inaturalist-open-data.s3.amazonaws.com/photos/165248476/original.jpg; https://inaturalist-open-data.s3.amazonaws.com/photos/165248488/original.jpg; https://inaturalist-open-data.s3.amazonaws.com/photos/165248501/original.jpg; https://inaturalist-open-data.s3.amazonaws.com/photos/165248509/original.jpg; https://inaturalist-open-data.s3.amazonaws.com/photos/165248522/original.jpg; https://inaturalist-open-data.s3.amazonaws.com/photos/166169819/original.jpg,k-western-south-america,2024-10-25 18:27:25
original_3399425928_2.jpg,3155772,Guatteria punctata,6.805,"Heliodoxa rubinoides (Bourcier & Mulsant, 1846)",2476931,-0.015983,-78.680856,,SOUTH_AMERICA,Pichincha,,,,2021-10-23T14:26,False,Amaru Rubio,iNaturalist,http://creativecommons.org/licenses/by-nc/4.0/,Amaru Rubio,https://inaturalist-open-data.s3.amazonaws.com/photos/165248458/original.jpg; https://inaturalist-open-data.s3.amazonaws.com/photos/165248476/original.jpg; https://inaturalist-open-data.s3.amazonaws.com/photos/165248488/original.jpg; https://inaturalist-open-data.s3.amazonaws.com/photos/165248501/original.jpg; https://inaturalist-open-data.s3.amazonaws.com/photos/165248509/original.jpg; https://inaturalist-open-data.s3.amazonaws.com/photos/165248522/original.jpg; https://inaturalist-open-data.s3.amazonaws.com/photos/166169819/original.jpg,k-western-south-america,2024-10-25 18:27:27
original_3399425928_3.jpg,3155772,Guatteria punctata,3.6639999999999997,"Heliodoxa rubinoides (Bourcier & Mulsant, 1846)",2476931,-0.015983,-78.680856,,SOUTH_AMERICA,Pichincha,,,,2021-10-23T14:26,False,Amaru Rubio,iNaturalist,http://creativecommons.org/licenses/by-nc/4.0/,Amaru Rubio,https://inaturalist-open-data.s3.amazonaws.com/photos/165248458/original.jpg; https://inaturalist-open-data.s3.amazonaws.com/photos/165248476/original.jpg; https://inaturalist-open-data.s3.amazonaws.com/photos/165248488/original.jpg; https://inaturalist-open-data.s3.amazonaws.com/photos/165248501/original.jpg; https://inaturalist-open-data.s3.amazonaws.com/photos/165248509/original.jpg; https://inaturalist-open-data.s3.amazonaws.com/photos/165248522/original.jpg; https://inaturalist-open-data.s3.amazonaws.com/photos/166169819/original.jpg,k-western-south-america,2024-10-25 18:27:29
original_3399425928_4.jpg,3155772,Guatteria punctata,12.989999999999998,"Heliodoxa rubinoides (Bourcier & Mulsant, 1846)",2476931,-0.015983,-78.680856,,SOUTH_AMERICA,Pichincha,,,,2021-10-23T14:26,False,Amaru Rubio,iNaturalist,http://creativecommons.org/licenses/by-nc/4.0/,Amaru Rubio,https://inaturalist-open-data.s3.amazonaws.com/photos/165248458/original.jpg; https://inaturalist-open-data.s3.amazonaws.com/photos/165248476/original.jpg; https://inaturalist-open-data.s3.amazonaws.com/photos/165248488/original.jpg; https://inaturalist-open-data.s3.amazonaws.com/photos/165248501/original.jpg; https://inaturalist-open-data.s3.amazonaws.com/photos/165248509/original.jpg; https://inaturalist-open-data.s3.amazonaws.com/photos/165248522/original.jpg; https://inaturalist-open-data.s3.amazonaws.com/photos/166169819/original.jpg,k-western-south-america,2024-10-25 18:27:31
original_3399425928_5.jpg,3155772,Guatteria punctata,3.399,"Heliodoxa rubinoides (Bourcier & Mulsant, 1846)",2476931,-0.015983,-78.680856,,SOUTH_AMERICA,Pichincha,,,,2021-10-23T14:26,False,Amaru Rubio,iNaturalist,http://creativecommons.org/licenses/by-nc/4.0/,Amaru Rubio,https://inaturalist-open-data.s3.amazonaws.com/photos/165248458/original.jpg; https://inaturalist-open-data.s3.amazonaws.com/photos/165248476/original.jpg; https://inaturalist-open-data.s3.amazonaws.com/photos/165248488/original.jpg; https://inaturalist-open-data.s3.amazonaws.com/photos/165248501/original.jpg; https://inaturalist-open-data.s3.amazonaws.com/photos/165248509/original.jpg; https://inaturalist-open-data.s3.amazonaws.com/photos/165248522/original.jpg; https://inaturalist-open-data.s3.amazonaws.com/photos/166169819/original.jpg,k-western-south-america,2024-10-25 18:27:33
original_3399425928_6.jpg,3155772,Guatteria punctata,4.931,"Heliodoxa rubinoides (Bourcier & Mulsant, 1846)",2476931,-0.015983,-78.680856,,SOUTH_AMERICA,Pichincha,,,,2021-10-23T14:26,False,Amaru Rubio,iNaturalist,http://creativecommons.org/licenses/by-nc/4.0/,Amaru Rubio,https://inaturalist-open-data.s3.amazonaws.com/photos/165248458/original.jpg; https://inaturalist-open-data.s3.amazonaws.com/photos/165248476/original.jpg; https://inaturalist-open-data.s3.amazonaws.com/photos/165248488/original.jpg; https://inaturalist-open-data.s3.amazonaws.com/photos/165248501/original.jpg; https://inaturalist-open-data.s3.amazonaws.com/photos/165248509/original.jpg; https://inaturalist-open-data.s3.amazonaws.com/photos/165248522/original.jpg; https://inaturalist-open-data.s3.amazonaws.com/photos/166169819/original.jpg,k-western-south-america,2024-10-25 18:27:36
original_3399425928_7.jpg,3155772,Guatteria punctata,4.3229999999999995,"Heliodoxa rubinoides (Bourcier & Mulsant, 1846)",2476931,-0.015983,-78.680856,,SOUTH_AMERICA,Pichincha,,,,2021-10-23T14:26,False,Amaru Rubio,iNaturalist,http://creativecommons.org/licenses/by-nc/4.0/,Amaru Rubio,https://inaturalist-open-data.s3.amazonaws.com/photos/165248458/original.jpg; https://inaturalist-open-data.s3.amazonaws.com/photos/165248476/original.jpg; https://inaturalist-open-data.s3.amazonaws.com/photos/165248488/original.jpg; https://inaturalist-open-data.s3.amazonaws.com/photos/165248501/original.jpg; https://inaturalist-open-data.s3.amazonaws.com/photos/165248509/original.jpg; https://inaturalist-open-data.s3.amazonaws.com/photos/165248522/original.jpg; https://inaturalist-open-data.s3.amazonaws.com/photos/166169819/original.jpg,k-western-south-america,2024-10-25 18:27:38
original_3399427158_1.jpg,5571029,Ficus gomelleira,2.933,"Heliodoxa rubinoides (Bourcier & Mulsant, 1846)",2476931,-0.016038,-78.680858,8.0,SOUTH_AMERICA,Pichincha,,,,2021-10-23T08:34,False,David Torres,iNaturalist,http://creativecommons.org/licenses/by-nc/4.0/,David Torres,https://inaturalist-open-data.s3.amazonaws.com/photos/165680211/original.jpg,k-western-south-america,2024-10-25 18:27:40
original_3399488931_1.jpeg,3155772,Guatteria punctata,0.7000000000000001,"Heliodoxa rubinoides (Bourcier & Mulsant, 1846)",2476931,0.025811,-78.632437,207.0,SOUTH_AMERICA,Pichincha,,,,2021-10-17T12:55,False,Diego Torres Sierra,iNaturalist,http://creativecommons.org/licenses/by-nc/4.0/,Diego Torres Sierra,https://inaturalist-open-data.s3.amazonaws.com/photos/165283039/original.jpeg; https://inaturalist-open-data.s3.amazonaws.com/photos/165283055/original.jpeg; https://inaturalist-open-data.s3.amazonaws.com/photos/165283069/original.jpeg,k-western-south-america,2024-10-25 18:27:43
original_3399488931_2.jpeg,7981652,Rhabdadenia biflora,2.2270000000000003,"Heliodoxa rubinoides (Bourcier & Mulsant, 1846)",2476931,0.025811,-78.632437,207.0,SOUTH_AMERICA,Pichincha,,,,2021-10-17T12:55,False,Diego Torres Sierra,iNaturalist,http://creativecommons.org/licenses/by-nc/4.0/,Diego Torres Sierra,https://inaturalist-open-data.s3.amazonaws.com/photos/165283039/original.jpeg; https://inaturalist-open-data.s3.amazonaws.com/photos/165283055/original.jpeg; https://inaturalist-open-data.s3.amazonaws.com/photos/165283069/original.jpeg,k-western-south-america,2024-10-25 18:27:45
original_3399488931_3.jpeg,3152052,Apeiba tibourbou,0.946,"Heliodoxa rubinoides (Bourcier & Mulsant, 1846)",2476931,0.025811,-78.632437,207.0,SOUTH_AMERICA,Pichincha,,,,2021-10-17T12:55,False,Diego Torres Sierra,iNaturalist,http://creativecommons.org/licenses/by-nc/4.0/,Diego Torres Sierra,https://inaturalist-open-data.s3.amazonaws.com/photos/165283039/original.jpeg; https://inaturalist-open-data.s3.amazonaws.com/photos/165283055/original.jpeg; https://inaturalist-open-data.s3.amazonaws.com/photos/165283069/original.jpeg,k-western-south-america,2024-10-25 18:27:47
original_3407968656_1.jpg,3622781,Gurania sinuata,0.6859999999999999,"Heliodoxa rubinoides (Bourcier & Mulsant, 1846)",2476931,-0.016052,-78.681003,4.0,SOUTH_AMERICA,Pichincha,,,,2021-10-23T14:24,False,David Torres,iNaturalist,http://creativecommons.org/licenses/by-nc/4.0/,David Torres,https://inaturalist-open-data.s3.amazonaws.com/photos/166226741/original.jpg; https://inaturalist-open-data.s3.amazonaws.com/photos/166226748/original.jpg,k-western-south-america,2024-10-25 18:27:52
original_3407968656_2.jpg,3622781,Gurania sinuata,2.6390000000000002,"Heliodoxa rubinoides (Bourcier & Mulsant, 1846)",2476931,-0.016052,-78.681003,4.0,SOUTH_AMERICA,Pichincha,,,,2021-10-23T14:24,False,David Torres,iNaturalist,http://creativecommons.org/licenses/by-nc/4.0/,David Torres,https://inaturalist-open-data.s3.amazonaws.com/photos/166226741/original.jpg; https://inaturalist-open-data.s3.amazonaws.com/photos/166226748/original.jpg,k-western-south-america,2024-10-25 18:27:54
original_3407984059_1.jpeg,5321877,Ionopsis utricularioides,11.222999999999999,"Heliodoxa rubinoides (Bourcier & Mulsant, 1846)",2476931,0.118406,-78.61208,,SOUTH_AMERICA,Pichincha,,,,2021-10-26T08:04,False,Holger Beck,iNaturalist,http://creativecommons.org/licenses/by-nc/4.0/,Holger Beck,https://inaturalist-open-data.s3.amazonaws.com/photos/166844853/original.jpeg,k-western-south-america,2024-10-25 18:27:57
original_3415611425_1.jpg,3132710,Pluchea carolinensis,5.445,"Heliodoxa rubinoides (Bourcier & Mulsant, 1846)",2476931,0.030527,-78.681179,214.0,SOUTH_AMERICA,Pichincha,,,,2017-06-05T11:47Z,False,Blythe Nilson,iNaturalist,http://creativecommons.org/licenses/by-nc/4.0/,Blythe Nilson,https://inaturalist-open-data.s3.amazonaws.com/photos/168478602/original.jpg,k-western-south-america,2024-10-25 18:27:59
original_3415775885_2.jpg,8435196,Passiflora pallida,2.984,"Heliodoxa rubinoides (Bourcier & Mulsant, 1846)",2476931,-10.542098,-75.369458,31.0,SOUTH_AMERICA,Pasco,,,,2021-11-10T08:16,False,douglascook,iNaturalist,http://creativecommons.org/licenses/by-nc/4.0/,douglascook,https://inaturalist-open-data.s3.amazonaws.com/photos/168990636/original.jpg; https://inaturalist-open-data.s3.amazonaws.com/photos/168990783/original.jpg; https://inaturalist-open-data.s3.amazonaws.com/photos/168990879/original.jpg; https://inaturalist-open-data.s3.amazonaws.com/photos/168990933/original.jpg; https://inaturalist-open-data.s3.amazonaws.com/photos/168991047/original.jpg; https://inaturalist-open-data.s3.amazonaws.com/photos/168991118/original.jpg; https://inaturalist-open-data.s3.amazonaws.com/photos/168991146/original.jpg; https://inaturalist-open-data.s3.amazonaws.com/photos/168991188/original.jpg; https://inaturalist-open-data.s3.amazonaws.com/photos/168991227/original.jpg,k-western-south-america,2024-10-25 18:28:04
original_3415775885_4.jpg,2874569,Cucumis sativus,3.718,"Heliodoxa rubinoides (Bourcier & Mulsant, 1846)",2476931,-10.542098,-75.369458,31.0,SOUTH_AMERICA,Pasco,,,,2021-11-10T08:16,False,douglascook,iNaturalist,http://creativecommons.org/licenses/by-nc/4.0/,douglascook,https://inaturalist-open-data.s3.amazonaws.com/photos/168990636/original.jpg; https://inaturalist-open-data.s3.amazonaws.com/photos/168990783/original.jpg; https://inaturalist-open-data.s3.amazonaws.com/photos/168990879/original.jpg; https://inaturalist-open-data.s3.amazonaws.com/photos/168990933/original.jpg; https://inaturalist-open-data.s3.amazonaws.com/photos/168991047/original.jpg; https://inaturalist-open-data.s3.amazonaws.com/photos/168991118/original.jpg; https://inaturalist-open-data.s3.amazonaws.com/photos/168991146/original.jpg; https://inaturalist-open-data.s3.amazonaws.com/photos/168991188/original.jpg; https://inaturalist-open-data.s3.amazonaws.com/photos/168991227/original.jpg,k-western-south-america,2024-10-25 18:28:08
original_3415775885_7.jpg,2874569,Cucumis sativus,2.891,"Heliodoxa rubinoides (Bourcier & Mulsant, 1846)",2476931,-10.542098,-75.369458,31.0,SOUTH_AMERICA,Pasco,,,,2021-11-10T08:16,False,douglascook,iNaturalist,http://creativecommons.org/licenses/by-nc/4.0/,douglascook,https://inaturalist-open-data.s3.amazonaws.com/photos/168990636/original.jpg; https://inaturalist-open-data.s3.amazonaws.com/photos/168990783/original.jpg; https://inaturalist-open-data.s3.amazonaws.com/photos/168990879/original.jpg; https://inaturalist-open-data.s3.amazonaws.com/photos/168990933/original.jpg; https://inaturalist-open-data.s3.amazonaws.com/photos/168991047/original.jpg; https://inaturalist-open-data.s3.amazonaws.com/photos/168991118/original.jpg; https://inaturalist-open-data.s3.amazonaws.com/photos/168991146/original.jpg; https://inaturalist-open-data.s3.amazonaws.com/photos/168991188/original.jpg; https://inaturalist-open-data.s3.amazonaws.com/photos/168991227/original.jpg,k-western-south-america,2024-10-25 18:28:14
original_3415974098_1.jpg,4093319,Delostoma integrifolium,1.981,"Heliodoxa rubinoides (Bourcier & Mulsant, 1846)",2476931,0.027293,-78.639847,212.0,SOUTH_AMERICA,Pichincha,,,,2021-09-24T17:52Z,False,Philipp Hoenle,iNaturalist,http://creativecommons.org/publicdomain/zero/1.0/,Philipp Hoenle,https://inaturalist-open-data.s3.amazonaws.com/photos/169149156/original.jpg,k-western-south-america,2024-10-25 18:28:25
original_3415977551_1.jpg,5341760,Brugmansia sanguinea,1.967,"Heliodoxa rubinoides (Bourcier & Mulsant, 1846)",2476931,0.027293,-78.639847,212.0,SOUTH_AMERICA,Pichincha,,,,2021-09-24T17:48Z,False,Philipp Hoenle,iNaturalist,http://creativecommons.org/publicdomain/zero/1.0/,Philipp Hoenle,https://inaturalist-open-data.s3.amazonaws.com/photos/169149107/original.jpg; https://inaturalist-open-data.s3.amazonaws.com/photos/169149115/original.jpg,k-western-south-america,2024-10-25 18:28:27
original_3415995831_1.jpg,8410331,Justicia aurea,8.738,"Heliodoxa rubinoides (Bourcier & Mulsant, 1846)",2476931,0.027293,-78.639847,212.0,SOUTH_AMERICA,Pichincha,,,,2021-09-24T17:43Z,False,Philipp Hoenle,iNaturalist,http://creativecommons.org/publicdomain/zero/1.0/,Philipp Hoenle,https://inaturalist-open-data.s3.amazonaws.com/photos/169149065/original.jpg,k-western-south-america,2024-10-25 18:28:33
original_3455463997_1.jpg,3152240,Ochroma pyramidale,9.364,"Heliodoxa rubinoides (Bourcier & Mulsant, 1846)",2476931,0.153139,-78.068046,1140.0,SOUTH_AMERICA,Pichincha,,,,2021-01-12T11:36,False,nepasliz,iNaturalist,http://creativecommons.org/licenses/by-nc/4.0/,nepasliz,https://inaturalist-open-data.s3.amazonaws.com/photos/109946071/original.jpg,k-western-south-america,2024-10-25 18:28:48
original_3455950849_1.jpeg,2650637,Asplenium monanthes,6.84,"Heliodoxa rubinoides (Bourcier & Mulsant, 1846)",2476931,0.02082,-78.709789,212.0,SOUTH_AMERICA,Pichincha,,,,2021-08-24T17:15:13Z,False,Nelson Apolo,iNaturalist,http://creativecommons.org/licenses/by-nc/4.0/,Nelson Apolo,https://inaturalist-open-data.s3.amazonaws.com/photos/175852315/original.jpeg,k-western-south-america,2024-10-25 18:28:56
original_3455994421_3.jpeg,3190647,Quassia amara,6.773999999999999,"Heliodoxa rubinoides (Bourcier & Mulsant, 1846)",2476931,0.002179,-78.67783,,SOUTH_AMERICA,Pichincha,,,,2021-12-01T14:09:16,False,Donald Pendleton,iNaturalist,http://creativecommons.org/licenses/by-nc/4.0/,Donald Pendleton,https://inaturalist-open-data.s3.amazonaws.com/photos/171019783/original.jpeg; https://inaturalist-open-data.s3.amazonaws.com/photos/171019796/original.jpeg; https://inaturalist-open-data.s3.amazonaws.com/photos/171019813/original.jpeg; https://inaturalist-open-data.s3.amazonaws.com/photos/171019828/original.jpeg; https://inaturalist-open-data.s3.amazonaws.com/photos/171019838/original.jpeg,k-western-south-america,2024-10-25 18:29:06
original_3456095357_1.jpg,2651039,Elaphoglossum peltatum,1.857,"Heliodoxa rubinoides (Bourcier & Mulsant, 1846)",2476931,3.566368,-76.585269,206.0,SOUTH_AMERICA,Valle del Cauca,,,,2021-12-07T09:27,False,David Monroy R,iNaturalist,http://creativecommons.org/licenses/by-nc/4.0/,David Monroy R,https://inaturalist-open-data.s3.amazonaws.com/photos/173518998/original.jpg,k-western-south-america,2024-10-25 18:29:13
original_3456599850_1.jpeg,2750406,Gladiolus dalenii,90.324,"Heliodoxa rubinoides (Bourcier & Mulsant, 1846)",2476931,6.252487,-75.456297,,SOUTH_AMERICA,Antioquia,,,,2021-12-02T10:43,False,David J Barton,iNaturalist,http://creativecommons.org/licenses/by-nc/4.0/,David J Barton,https://inaturalist-open-data.s3.amazonaws.com/photos/172811710/original.jpeg,k-western-south-america,2024-10-25 18:29:20
original_3456712003_1.jpg,5938225,Fuchsia boliviana,2.385,"Heliodoxa rubinoides (Bourcier & Mulsant, 1846)",2476931,-10.448648,-75.342157,31189.0,SOUTH_AMERICA,Pasco,,,,2021-12-24T06:45,False,douglascook,iNaturalist,http://creativecommons.org/licenses/by-nc/4.0/,douglascook,https://inaturalist-open-data.s3.amazonaws.com/photos/174478049/original.jpg,k-western-south-america,2024-10-25 18:29:23
original_3457071055_1.jpeg,3190638,Mangifera indica,3.5610000000000004,"Heliodoxa rubinoides (Bourcier & Mulsant, 1846)",2476931,0.118406,-78.61208,50.0,SOUTH_AMERICA,Pichincha,,,,2021-12-19T07:50,False,Holger Beck,iNaturalist,http://creativecommons.org/licenses/by-nc/4.0/,Holger Beck,https://inaturalist-open-data.s3.amazonaws.com/photos/173023947/original.jpeg,k-western-south-america,2024-10-25 18:29:25
original_3465912080_1.jpg,3021850,Prunus serotina,1.2930000000000001,"Heliodoxa rubinoides (Bourcier & Mulsant, 1846)",2476931,-0.589755,-77.879923,20.0,SOUTH_AMERICA,Napo,,,,2019-12-21T08:09,False,Cullen Hanks,iNaturalist,http://creativecommons.org/licenses/by/4.0/,Cullen Hanks,https://inaturalist-open-data.s3.amazonaws.com/photos/177760573/original.jpg; https://inaturalist-open-data.s3.amazonaws.com/photos/177760612/original.jpg; https://inaturalist-open-data.s3.amazonaws.com/photos/177760643/original.jpg,k-western-south-america,2024-10-25 18:29:28
original_3465912080_2.jpg,3021850,Prunus serotina,4.054,"Heliodoxa rubinoides (Bourcier & Mulsant, 1846)",2476931,-0.589755,-77.879923,20.0,SOUTH_AMERICA,Napo,,,,2019-12-21T08:09,False,Cullen Hanks,iNaturalist,http://creativecommons.org/licenses/by/4.0/,Cullen Hanks,https://inaturalist-open-data.s3.amazonaws.com/photos/177760573/original.jpg; https://inaturalist-open-data.s3.amazonaws.com/photos/177760612/original.jpg; https://inaturalist-open-data.s3.amazonaws.com/photos/177760643/original.jpg,k-western-south-america,2024-10-25 18:29:30
original_3466061300_1.jpg,5321877,Ionopsis utricularioides,18.171,"Heliodoxa rubinoides (Bourcier & Mulsant, 1846)",2476931,0.020157,-78.707182,30.0,SOUTH_AMERICA,Pichincha,,,,2019-12-19T10:12,False,Cullen Hanks,iNaturalist,http://creativecommons.org/licenses/by/4.0/,Cullen Hanks,https://inaturalist-open-data.s3.amazonaws.com/photos/177698399/original.jpg; https://inaturalist-open-data.s3.amazonaws.com/photos/177698434/original.jpg,k-western-south-america,2024-10-25 18:29:34
original_3466061300_2.jpg,5321877,Ionopsis utricularioides,23.616999999999997,"Heliodoxa rubinoides (Bourcier & Mulsant, 1846)",2476931,0.020157,-78.707182,30.0,SOUTH_AMERICA,Pichincha,,,,2019-12-19T10:12,False,Cullen Hanks,iNaturalist,http://creativecommons.org/licenses/by/4.0/,Cullen Hanks,https://inaturalist-open-data.s3.amazonaws.com/photos/177698399/original.jpg; https://inaturalist-open-data.s3.amazonaws.com/photos/177698434/original.jpg,k-western-south-america,2024-10-25 18:29:36
original_3468728029_1.jpeg,2925462,Stachytarpheta mutabilis,60.982,"Heliodoxa rubinoides (Bourcier & Mulsant, 1846)",2476931,-0.599444,-77.890278,,SOUTH_AMERICA,Napo,,,,2022-02-06T08:00:24,False,Diego Torres Sierra,iNaturalist,http://creativecommons.org/licenses/by-nc/4.0/,Diego Torres Sierra,https://inaturalist-open-data.s3.amazonaws.com/photos/178510946/original.jpeg; https://inaturalist-open-data.s3.amazonaws.com/photos/178510959/original.jpeg,k-western-south-america,2024-10-25 18:29:39
original_3468728029_2.jpeg,2925462,Stachytarpheta mutabilis,12.325,"Heliodoxa rubinoides (Bourcier & Mulsant, 1846)",2476931,-0.599444,-77.890278,,SOUTH_AMERICA,Napo,,,,2022-02-06T08:00:24,False,Diego Torres Sierra,iNaturalist,http://creativecommons.org/licenses/by-nc/4.0/,Diego Torres Sierra,https://inaturalist-open-data.s3.amazonaws.com/photos/178510946/original.jpeg; https://inaturalist-open-data.s3.amazonaws.com/photos/178510959/original.jpeg,k-western-south-america,2024-10-25 18:29:41
original_3499467499_1.jpeg,5938224,Fuchsia magellanica,6.2780000000000005,"Heliodoxa rubinoides (Bourcier & Mulsant, 1846)",2476931,-0.026609,-78.759493,15.0,SOUTH_AMERICA,Pichincha,,,,2022-01-26T09:48,False,Michael Bakker Paiva,iNaturalist,http://creativecommons.org/licenses/by/4.0/,Michael Bakker Paiva,https://inaturalist-open-data.s3.amazonaws.com/photos/178692533/original.jpeg,k-western-south-america,2024-10-25 18:29:50
original_3499532491_1.jpeg,2874176,Passiflora coccinea,5.696,"Heliodoxa rubinoides aequatorialis (Gould, 1860)",2476931,-0.026609,-78.759493,15.0,SOUTH_AMERICA,Pichincha,,,,2022-01-26T09:59,False,Michael Bakker Paiva,iNaturalist,http://creativecommons.org/licenses/by/4.0/,Michael Bakker Paiva,https://inaturalist-open-data.s3.amazonaws.com/photos/178692936/original.jpeg,k-western-south-america,2024-10-25 18:29:55
original_3499574574_1.jpeg,2874711,Begonia foliosa,2.4250000000000003,"Heliodoxa rubinoides aequatorialis (Gould, 1860)",2476931,-0.026609,-78.759493,15.0,SOUTH_AMERICA,Pichincha,,,,2022-01-26T10:04,False,Michael Bakker Paiva,iNaturalist,http://creativecommons.org/licenses/by/4.0/,Michael Bakker Paiva,https://inaturalist-open-data.s3.amazonaws.com/photos/178693074/original.jpeg,k-western-south-america,2024-10-25 18:29:57
original_3705421621_1.jpg,7279239,Hibiscus diversifolius,38.525,"Heliodoxa rubinoides (Bourcier & Mulsant, 1846)",2476931,-0.590988,-77.880664,2.0,SOUTH_AMERICA,Napo,,,,2022-02-08T04:23,False,Nancy Overholtz,iNaturalist,http://creativecommons.org/licenses/by-sa/4.0/,Nancy Overholtz,https://inaturalist-open-data.s3.amazonaws.com/photos/181075180/original.jpg,k-western-south-america,2024-10-25 18:30:01
original_3705469497_1.jpeg,2925303,Lantana camara,12.901000000000002,"Heliodoxa rubinoides (Bourcier & Mulsant, 1846)",2476931,-0.589734,-77.880509,4.0,SOUTH_AMERICA,Napo,,,,2020-02-29T09:16,False,Kat Milligan,iNaturalist,http://creativecommons.org/licenses/by-nc/4.0/,Kat Milligan,https://inaturalist-open-data.s3.amazonaws.com/photos/180436553/original.jpeg,k-western-south-america,2024-10-25 18:30:03
original_3712426237_1.jpg,4093319,Delostoma integrifolium,0.624,"Heliodoxa rubinoides (Bourcier & Mulsant, 1846)",2476931,5.063556,-75.5038,4523.0,SOUTH_AMERICA,Caldas,,,,2017-11-16T02:09,False,lcolmer,iNaturalist,http://creativecommons.org/licenses/by-nc/4.0/,lcolmer,https://inaturalist-open-data.s3.amazonaws.com/photos/182294805/original.jpg,k-western-south-america,2024-10-25 18:30:06
original_3712457015_1.jpg,3189837,Acer saccharinum,0.538,"Heliodoxa rubinoides (Bourcier & Mulsant, 1846)",2476931,5.058769,-75.50689,3838.0,SOUTH_AMERICA,Caldas,,,,2017-11-16T02:18,False,lcolmer,iNaturalist,http://creativecommons.org/licenses/by-nc/4.0/,lcolmer,https://inaturalist-open-data.s3.amazonaws.com/photos/182294853/original.jpg,k-western-south-america,2024-10-25 18:30:08
original_3712574943_1.jpeg,2734435,Chamaedorea pinnatifrons,1.729,"Heliodoxa rubinoides (Bourcier & Mulsant, 1846)",2476931,0.118406,-78.61208,15.0,SOUTH_AMERICA,Pichincha,,,,2022-03-07T16:34,False,Holger Beck,iNaturalist,http://creativecommons.org/licenses/by-nc/4.0/,Holger Beck,https://inaturalist-open-data.s3.amazonaws.com/photos/182155282/original.jpeg,k-western-south-america,2024-10-25 18:30:10
original_3746952747_1.jpeg,6365487,Columnea consanguinea,15.6,"Heliodoxa rubinoides (Bourcier & Mulsant, 1846)",2476931,0.025833,-78.632222,,SOUTH_AMERICA,Pichincha,,,,2022-03-20T13:42:46,False,Diego Torres Sierra,iNaturalist,http://creativecommons.org/licenses/by-nc/4.0/,Diego Torres Sierra,https://inaturalist-open-data.s3.amazonaws.com/photos/183930436/original.jpeg; https://inaturalist-open-data.s3.amazonaws.com/photos/183930469/original.jpeg,k-western-south-america,2024-10-25 18:30:13
original_3746952747_2.jpeg,4173060,Psammisia coarctata,3.771,"Heliodoxa rubinoides (Bourcier & Mulsant, 1846)",2476931,0.025833,-78.632222,,SOUTH_AMERICA,Pichincha,,,,2022-03-20T13:42:46,False,Diego Torres Sierra,iNaturalist,http://creativecommons.org/licenses/by-nc/4.0/,Diego Torres Sierra,https://inaturalist-open-data.s3.amazonaws.com/photos/183930436/original.jpeg; https://inaturalist-open-data.s3.amazonaws.com/photos/183930469/original.jpeg,k-western-south-america,2024-10-25 18:30:15
original_3747029780_1.jpg,2734435,Chamaedorea pinnatifrons,6.522,"Heliodoxa rubinoides (Bourcier & Mulsant, 1846)",2476931,0.025556,-78.632751,15.0,SOUTH_AMERICA,Pichincha,,,,2022-03-20T10:24,False,David Torres,iNaturalist,http://creativecommons.org/licenses/by-nc/4.0/,David Torres,https://inaturalist-open-data.s3.amazonaws.com/photos/184005173/original.jpg; https://inaturalist-open-data.s3.amazonaws.com/photos/184005178/original.jpg; https://inaturalist-open-data.s3.amazonaws.com/photos/184005185/original.jpg,k-western-south-america,2024-10-25 18:30:18
original_3747029780_3.jpg,5321877,Ionopsis utricularioides,10.01,"Heliodoxa rubinoides (Bourcier & Mulsant, 1846)",2476931,0.025556,-78.632751,15.0,SOUTH_AMERICA,Pichincha,,,,2022-03-20T10:24,False,David Torres,iNaturalist,http://creativecommons.org/licenses/by-nc/4.0/,David Torres,https://inaturalist-open-data.s3.amazonaws.com/photos/184005173/original.jpg; https://inaturalist-open-data.s3.amazonaws.com/photos/184005178/original.jpg; https://inaturalist-open-data.s3.amazonaws.com/photos/184005185/original.jpg,k-western-south-america,2024-10-25 18:30:22
original_3747101516_1.jpg,3832240,Ertela trifolia,2.1149999999999998,"Heliodoxa rubinoides (Bourcier & Mulsant, 1846)",2476931,0.040441,-78.678786,1.0,SOUTH_AMERICA,Pichincha,,,,2022-02-13T12:52,False,Nancy Overholtz,iNaturalist,http://creativecommons.org/licenses/by-sa/4.0/,Nancy Overholtz,https://inaturalist-open-data.s3.amazonaws.com/photos/183398629/original.jpg,k-western-south-america,2024-10-25 18:30:25
original_3747191144_1.jpeg,5387098,Dahlia coccinea,22.067,"Heliodoxa rubinoides (Bourcier & Mulsant, 1846)",2476931,-0.015983,-78.680856,188.0,SOUTH_AMERICA,Pichincha,,,,2022-03-14T08:51Z,False,taopina,iNaturalist,http://creativecommons.org/licenses/by-nc/4.0/,taopina,https://inaturalist-open-data.s3.amazonaws.com/photos/184257489/original.jpeg,k-western-south-america,2024-10-25 18:30:28
original_3747289077_1.jpeg,2925462,Stachytarpheta mutabilis,45.96,"Heliodoxa rubinoides (Bourcier & Mulsant, 1846)",2476931,-0.024365,-78.724671,212.0,SOUTH_AMERICA,Pichincha,,,,2022-03-14T13:26Z,False,taopina,iNaturalist,http://creativecommons.org/licenses/by-nc/4.0/,taopina,https://inaturalist-open-data.s3.amazonaws.com/photos/184259526/original.jpeg,k-western-south-america,2024-10-25 18:30:30
original_3747295228_1.jpeg,2925385,Lippia alba,22.2,"Heliodoxa rubinoides (Bourcier & Mulsant, 1846)",2476931,-0.024365,-78.724671,212.0,SOUTH_AMERICA,Pichincha,,,,2022-03-14T13:25Z,False,taopina,iNaturalist,http://creativecommons.org/licenses/by-nc/4.0/,taopina,https://inaturalist-open-data.s3.amazonaws.com/photos/184259494/original.jpeg,k-western-south-america,2024-10-25 18:30:32
original_3747373410_1.jpeg,2797465,Sobralia macrophylla,3.3579999999999997,"Heliodoxa rubinoides (Bourcier & Mulsant, 1846)",2476931,-0.024365,-78.724671,212.0,SOUTH_AMERICA,Pichincha,,,,2022-03-14T13:10Z,False,taopina,iNaturalist,http://creativecommons.org/licenses/by-nc/4.0/,taopina,https://inaturalist-open-data.s3.amazonaws.com/photos/184258262/original.jpeg,k-western-south-america,2024-10-25 18:30:34
original_3759227355_1.jpeg,5341821,Streptosolen jamesonii,21.019,"Heliodoxa rubinoides (Bourcier & Mulsant, 1846)",2476931,6.252588,-75.456447,,SOUTH_AMERICA,Antioquia,,,,2022-03-29T09:16,False,Santi MD,iNaturalist,http://creativecommons.org/licenses/by-nc/4.0/,Santi MD,https://inaturalist-open-data.s3.amazonaws.com/photos/185253008/original.jpeg,k-western-south-america,2024-10-25 18:30:39
original_3764531118_1.jpeg,2695266,Tillandsia variabilis,15.766,"Heliodoxa rubinoides (Bourcier & Mulsant, 1846)",2476931,-0.412116,-78.028181,,SOUTH_AMERICA,Napo,,,,2022-04-25T16:25,False,Luis Yupa,iNaturalist,http://creativecommons.org/licenses/by-nc/4.0/,Luis Yupa,https://inaturalist-open-data.s3.amazonaws.com/photos/190990453/original.jpeg,k-western-south-america,2024-10-25 18:30:50
original_3772637237_2.jpg,4093319,Delostoma integrifolium,0.642,"Heliodoxa rubinoides (Bourcier & Mulsant, 1846)",2476931,0.005518,-78.67696,16.0,SOUTH_AMERICA,Pichincha,,,,2022-04-29T09:19,False,Daniel Velasco C.,iNaturalist,http://creativecommons.org/licenses/by/4.0/,Daniel Velasco C.,https://inaturalist-open-data.s3.amazonaws.com/photos/192231160/original.jpg; https://inaturalist-open-data.s3.amazonaws.com/photos/192231458/original.jpg; https://inaturalist-open-data.s3.amazonaws.com/photos/192234896/original.jpg; https://inaturalist-open-data.s3.amazonaws.com/photos/192235403/original.jpg; https://inaturalist-open-data.s3.amazonaws.com/photos/192235788/original.jpg,k-western-south-america,2024-10-25 18:30:55
original_3773468933_1.jpeg,3082392,Lecythis minor,2.945,"Heliodoxa rubinoides (Bourcier & Mulsant, 1846)",2476931,5.073154,-75.439445,279.0,SOUTH_AMERICA,Caldas,,,,2022-05-03T12:30:02,False,Jay,iNaturalist,http://creativecommons.org/licenses/by-nc/4.0/,Jay,https://inaturalist-open-data.s3.amazonaws.com/photos/194475652/original.jpeg,k-western-south-america,2024-10-25 18:31:04
original_3858527127_1.jpeg,Unknown,Unknown,0,"Heliodoxa rubinoides (Bourcier & Mulsant, 1846)",2476931,6.296422,-75.502067,232.0,SOUTH_AMERICA,Antioquia,,,,2021-12-27T12:35,False,Paula Andrea Ruiz-Ruiz,iNaturalist,http://creativecommons.org/licenses/by-nc/4.0/,Paula Andrea Ruiz-Ruiz,https://inaturalist-open-data.s3.amazonaws.com/photos/206789741/original.jpeg,k-western-south-america,2024-10-25 18:31:11
original_3858634566_1.jpeg,9636531,Distimake tuberosus,2.442,"Heliodoxa rubinoides (Bourcier & Mulsant, 1846)",2476931,-0.027972,-78.752099,482.0,SOUTH_AMERICA,Pichincha,,,,2017-07-26,False,emskakoon,iNaturalist,http://creativecommons.org/licenses/by-nc/4.0/,emskakoon,https://inaturalist-open-data.s3.amazonaws.com/photos/207903760/original.jpeg,k-western-south-america,2024-10-25 18:31:12
original_3858641438_1.jpeg,3866517,Bellucia pentamera,4.108,"Heliodoxa rubinoides (Bourcier & Mulsant, 1846)",2476931,0.026081,-78.639664,212.0,SOUTH_AMERICA,Pichincha,,,,2022-03-26T13:46,False,paulaleoro,iNaturalist,http://creativecommons.org/licenses/by-nc/4.0/,paulaleoro,https://inaturalist-open-data.s3.amazonaws.com/photos/207539123/original.jpeg,k-western-south-america,2024-10-25 18:31:15
original_3858965421_1.jpeg,7222047,Heisteria acuminata,1.6049999999999998,"Heliodoxa rubinoides (Bourcier & Mulsant, 1846)",2476931,0.025608,-78.719944,1401.0,SOUTH_AMERICA,Pichincha,,,,2022-04-30T15:52,False,Bob Hislop,iNaturalist,http://creativecommons.org/licenses/by-nc/4.0/,Bob Hislop,https://inaturalist-open-data.s3.amazonaws.com/photos/211917802/original.jpeg,k-western-south-america,2024-10-25 18:31:20
original_3874042312_1.jpg,3155772,Guatteria punctata,6.494999999999999,"Heliodoxa rubinoides (Bourcier & Mulsant, 1846)",2476931,-0.579627,-77.868753,,SOUTH_AMERICA,Napo,,,,2022-06-16T15:22,False,Joshua Doby,iNaturalist,http://creativecommons.org/licenses/by-nc/4.0/,Joshua Doby,https://inaturalist-open-data.s3.amazonaws.com/photos/212559764/original.jpg,k-western-south-america,2024-10-25 18:31:31
original_3874125348_1.jpg,5380439,Adelia ricinella,0.5950000000000001,"Heliodoxa rubinoides (Bourcier & Mulsant, 1846)",2476931,0.025388,-78.632385,,SOUTH_AMERICA,Pichincha,,,,2022-06-12T11:19,False,Joshua Doby,iNaturalist,http://creativecommons.org/licenses/by-nc/4.0/,Joshua Doby,https://inaturalist-open-data.s3.amazonaws.com/photos/212612778/original.jpg,k-western-south-america,2024-10-25 18:31:38
original_3892556795_1.jpeg,2951571,Mucuna sloanei,1.6,"Heliodoxa rubinoides (Bourcier & Mulsant, 1846)",2476931,0.062176,-78.682022,2169.0,SOUTH_AMERICA,Pichincha,,,,2009-12-22T10:44,False,David M. Gascoigne,iNaturalist,http://creativecommons.org/licenses/by-nc/4.0/,David M. Gascoigne,https://inaturalist-open-data.s3.amazonaws.com/photos/221928275/original.jpeg,k-western-south-america,2024-10-25 18:31:40
original_3892647831_1.jpeg,5590493,Drymonia serrulata,7.556,"Heliodoxa rubinoides (Bourcier & Mulsant, 1846)",2476931,-0.59005,-77.880608,212.0,SOUTH_AMERICA,Napo,,,,2010-11-03T07:12,False,David M. Gascoigne,iNaturalist,http://creativecommons.org/licenses/by-nc/4.0/,David M. Gascoigne,https://inaturalist-open-data.s3.amazonaws.com/photos/221928158/original.jpeg,k-western-south-america,2024-10-25 18:31:43
original_3902258400_1.jpg,5590525,Drymonia rubra,1.403,"Heliodoxa rubinoides (Bourcier & Mulsant, 1846)",2476931,-5.968165,-77.760363,3906.0,SOUTH_AMERICA,Amazonas,,,,2019-01-03T20:22,False,OlegRozhko,iNaturalist,http://creativecommons.org/licenses/by-nc-nd/4.0/,OlegRozhko,https://inaturalist-open-data.s3.amazonaws.com/photos/214460861/original.jpg,k-western-south-america,2024-10-25 18:31:49
original_3902563581_1.jpg,2756856,Costus comosus,2.4899999999999998,"Heliodoxa rubinoides (Bourcier & Mulsant, 1846)",2476931,-0.015969,-78.680747,,SOUTH_AMERICA,Pichincha,,,,2015-07-18T06:27:59,False,dgallinson,iNaturalist,http://creativecommons.org/licenses/by-nc/4.0/,dgallinson,https://inaturalist-open-data.s3.amazonaws.com/photos/223647750/original.jpg; https://inaturalist-open-data.s3.amazonaws.com/photos/223647769/original.jpg,k-western-south-america,2024-10-25 18:31:52
original_3902563581_2.jpg,2760784,Heliconia vellerigera,2.9579999999999997,"Heliodoxa rubinoides (Bourcier & Mulsant, 1846)",2476931,-0.015969,-78.680747,,SOUTH_AMERICA,Pichincha,,,,2015-07-18T06:27:59,False,dgallinson,iNaturalist,http://creativecommons.org/licenses/by-nc/4.0/,dgallinson,https://inaturalist-open-data.s3.amazonaws.com/photos/223647750/original.jpg; https://inaturalist-open-data.s3.amazonaws.com/photos/223647769/original.jpg,k-western-south-america,2024-10-25 18:31:54
original_3903375105_1.jpeg,3084934,Alternanthera brasiliana,5.625,"Heliodoxa rubinoides (Bourcier & Mulsant, 1846)",2476931,-0.027709,-78.751815,8.0,SOUTH_AMERICA,Pichincha,,,,2022-08-10T12:29,False,mschneider,iNaturalist,http://creativecommons.org/licenses/by-nc/4.0/,mschneider,https://inaturalist-open-data.s3.amazonaws.com/photos/227809711/original.jpeg,k-western-south-america,2024-10-25 18:32:12
original_3912007077_1.jpg,7721174,Vallea stipularis,0.991,"Heliodoxa rubinoides (Bourcier & Mulsant, 1846)",2476931,0.029606,-78.680774,31.0,SOUTH_AMERICA,Pichincha,,,,2018-03-22T17:24,False,johnmeikle,iNaturalist,http://creativecommons.org/licenses/by-nc/4.0/,johnmeikle,https://inaturalist-open-data.s3.amazonaws.com/photos/230116215/original.jpg,k-western-south-america,2024-10-25 18:32:14
original_3912007834_1.jpg,5321877,Ionopsis utricularioides,23.879,"Heliodoxa rubinoides (Bourcier & Mulsant, 1846)",2476931,0.020615,-78.707493,61.0,SOUTH_AMERICA,Pichincha,,,,2018-03-22T09:17,False,johnmeikle,iNaturalist,http://creativecommons.org/licenses/by-nc/4.0/,johnmeikle,https://inaturalist-open-data.s3.amazonaws.com/photos/231042543/original.jpg,k-western-south-america,2024-10-25 18:32:16
original_3912055804_1.jpeg,5321877,Ionopsis utricularioides,1.693,"Heliodoxa rubinoides (Bourcier & Mulsant, 1846)",2476931,3.530064,-76.612513,212.0,SOUTH_AMERICA,Valle del Cauca,,,,2022-08-21T08:45:37,False,Alvaro Rojas (brújula de aves),iNaturalist,http://creativecommons.org/licenses/by-nc/4.0/,Alvaro Rojas (brújula de aves),https://inaturalist-open-data.s3.amazonaws.com/photos/229177467/original.jpeg; https://inaturalist-open-data.s3.amazonaws.com/photos/229177502/original.jpeg; https://inaturalist-open-data.s3.amazonaws.com/photos/229177532/original.jpeg; https://inaturalist-open-data.s3.amazonaws.com/photos/229177561/original.jpeg,k-western-south-america,2024-10-25 18:32:21
original_3912055804_2.jpeg,7661971,Bambusa vulgaris,2.057,"Heliodoxa rubinoides (Bourcier & Mulsant, 1846)",2476931,3.530064,-76.612513,212.0,SOUTH_AMERICA,Valle del Cauca,,,,2022-08-21T08:45:37,False,Alvaro Rojas (brújula de aves),iNaturalist,http://creativecommons.org/licenses/by-nc/4.0/,Alvaro Rojas (brújula de aves),https://inaturalist-open-data.s3.amazonaws.com/photos/229177467/original.jpeg; https://inaturalist-open-data.s3.amazonaws.com/photos/229177502/original.jpeg; https://inaturalist-open-data.s3.amazonaws.com/photos/229177532/original.jpeg; https://inaturalist-open-data.s3.amazonaws.com/photos/229177561/original.jpeg,k-western-south-america,2024-10-25 18:32:24
original_3912193173_1.jpeg,8688929,Ceiba speciosa,0.697,"Heliodoxa rubinoides (Bourcier & Mulsant, 1846)",2476931,4.558455,-75.327466,4.0,SOUTH_AMERICA,Tolima,,,,2022-09-01T10:06,False,Christoph Moning,iNaturalist,http://creativecommons.org/licenses/by/4.0/,Christoph Moning,https://inaturalist-open-data.s3.amazonaws.com/photos/230656405/original.jpeg,k-western-south-america,2024-10-25 18:32:33
original_3912195328_1.jpeg,5354953,Machaerium aculeatum,2.23,"Heliodoxa rubinoides (Bourcier & Mulsant, 1846)",2476931,4.55846,-75.327421,2.0,SOUTH_AMERICA,Tolima,,,,2022-09-01T09:59,False,Christoph Moning,iNaturalist,http://creativecommons.org/licenses/by/4.0/,Christoph Moning,https://inaturalist-open-data.s3.amazonaws.com/photos/230659009/original.jpeg,k-western-south-america,2024-10-25 18:32:35
original_3912225547_1.jpeg,7313348,Passiflora platyloba,5.34,"Heliodoxa rubinoides (Bourcier & Mulsant, 1846)",2476931,4.558453,-75.327406,2.0,SOUTH_AMERICA,Tolima,,,,2022-09-01T07:14,False,Christoph Moning,iNaturalist,http://creativecommons.org/licenses/by/4.0/,Christoph Moning,https://inaturalist-open-data.s3.amazonaws.com/photos/230658990/original.jpeg,k-western-south-america,2024-10-25 18:32:40
original_3915362915_2.jpg,2888601,Viburnum lantanoides,7.199,"Heliodoxa rubinoides (Bourcier & Mulsant, 1846)",2476931,4.17297,-75.73441,21.0,SOUTH_AMERICA,Quindío,,,,2022-09-18T11:35:12,False,merchanangel,iNaturalist,http://creativecommons.org/licenses/by-nc/4.0/,merchanangel,https://inaturalist-open-data.s3.amazonaws.com/photos/232017552/original.jpg; https://inaturalist-open-data.s3.amazonaws.com/photos/232017578/original.jpg; https://inaturalist-open-data.s3.amazonaws.com/photos/232017622/original.jpg; https://inaturalist-open-data.s3.amazonaws.com/photos/232017672/original.jpg,k-western-south-america,2024-10-25 18:32:47
original_3915419818_1.jpg,3830518,Abuta grandifolia,7.774,"Heliodoxa rubinoides (Bourcier & Mulsant, 1846)",2476931,-0.029336,-78.752091,8.0,SOUTH_AMERICA,Pichincha,,,,2018-03-21T12:04,False,johnmeikle,iNaturalist,http://creativecommons.org/licenses/by-nc/4.0/,johnmeikle,https://inaturalist-open-data.s3.amazonaws.com/photos/231026139/original.jpg,k-western-south-america,2024-10-25 18:32:53
original_3915489611_1.jpeg,2839320,Elleanthus robustus,7.55,"Heliodoxa rubinoides (Bourcier & Mulsant, 1846)",2476931,-0.029502,-78.752795,,SOUTH_AMERICA,Pichincha,,,,2022-07-24T17:02,False,Manuel Ruedi,iNaturalist,http://creativecommons.org/licenses/by-nc/4.0/,Manuel Ruedi,https://inaturalist-open-data.s3.amazonaws.com/photos/232188849/original.jpeg,k-western-south-america,2024-10-25 18:32:56
original_3915528319_2.jpg,7499732,Cattleya violacea,4.023000000000001,"Heliodoxa rubinoides (Bourcier & Mulsant, 1846)",2476931,0.029311,-78.680672,4.0,SOUTH_AMERICA,Pichincha,,,,2022-09-25T14:25:42,False,jzmichel,iNaturalist,http://creativecommons.org/licenses/by-nc/4.0/,jzmichel,https://inaturalist-open-data.s3.amazonaws.com/photos/233089410/original.jpg; https://inaturalist-open-data.s3.amazonaws.com/photos/233089446/original.jpg,k-western-south-america,2024-10-25 18:33:01
original_3947075310_1.jpeg,5834757,Mouriri sagotiana,2.8449999999999998,"Heliodoxa rubinoides (Bourcier & Mulsant, 1846)",2476931,0.009194,-78.675857,33.0,SOUTH_AMERICA,Pichincha,,,,2014-06-02T23:48,False,jmbearce,iNaturalist,http://creativecommons.org/licenses/by-nc/4.0/,jmbearce,https://inaturalist-open-data.s3.amazonaws.com/photos/237072467/original.jpeg,k-western-south-america,2024-10-25 18:33:14
original_3963622325_1.jpg,2792457,Polystachya concreta,11.164,"Heliodoxa rubinoides (Bourcier & Mulsant, 1846)",2476931,0.024635,-78.724613,1280.0,SOUTH_AMERICA,Pichincha,,,,2019-08-22T09:50,False,Jen Cross,iNaturalist,http://creativecommons.org/licenses/by-nc/4.0/,Jen Cross,https://inaturalist-open-data.s3.amazonaws.com/photos/50195996/original.jpg,k-western-south-america,2024-10-25 18:33:24
original_3966775405_2.jpg,3071171,Hevea brasiliensis,3.131,"Heliodoxa rubinoides (Bourcier & Mulsant, 1846)",2476931,0.002158,-78.677453,4.0,SOUTH_AMERICA,Pichincha,,,,2022-11-08T06:57:26,False,Anthony,iNaturalist,http://creativecommons.org/licenses/by-nc/4.0/,Anthony,https://inaturalist-open-data.s3.amazonaws.com/photos/243552163/original.jpg; https://inaturalist-open-data.s3.amazonaws.com/photos/243552211/original.jpg,k-western-south-america,2024-10-25 18:33:28
original_3985813723_1.jpeg,2754074,Bomarea pardina,3.238,"Heliodoxa rubinoides (Bourcier & Mulsant, 1846)",2476931,-0.030318,-78.763878,470.0,SOUTH_AMERICA,Pichincha,,,,2022-11-10T08:13,False,johnharshman,iNaturalist,http://creativecommons.org/licenses/by-nc/4.0/,johnharshman,https://inaturalist-open-data.s3.amazonaws.com/photos/244651940/original.jpeg,k-western-south-america,2024-10-25 18:33:31
original_3985839811_1.jpeg,10786206,Rhaphiolepis bibas,2.938,"Heliodoxa rubinoides (Bourcier & Mulsant, 1846)",2476931,0.009574,-78.676278,8.0,SOUTH_AMERICA,Pichincha,,,,2022-11-04T11:02,False,Ted Goshulak,iNaturalist,http://creativecommons.org/licenses/by-nc/4.0/,Ted Goshulak,https://inaturalist-open-data.s3.amazonaws.com/photos/244715721/original.jpeg,k-western-south-america,2024-10-25 18:33:34
original_3985850770_1.jpeg,4088199,Utricularia jamesoniana,11.024000000000001,"Heliodoxa rubinoides (Bourcier & Mulsant, 1846)",2476931,0.009574,-78.676278,8.0,SOUTH_AMERICA,Pichincha,,,,2022-11-05T04:58,False,Ted Goshulak,iNaturalist,http://creativecommons.org/licenses/by-nc/4.0/,Ted Goshulak,https://inaturalist-open-data.s3.amazonaws.com/photos/244717676/original.jpeg,k-western-south-america,2024-10-25 18:33:36
original_3986211018_1.jpeg,5321877,Ionopsis utricularioides,24.938,"Heliodoxa rubinoides (Bourcier & Mulsant, 1846)",2476931,0.026172,-78.696724,20.0,SOUTH_AMERICA,Pichincha,,,,2020-11-01T16:35,False,tellkamp,iNaturalist,http://creativecommons.org/licenses/by-nc/4.0/,tellkamp,https://inaturalist-open-data.s3.amazonaws.com/photos/243527266/original.jpeg,k-western-south-america,2024-10-25 18:33:43
original_3986225323_1.jpeg,4175764,Persea caerulea,2.907,"Heliodoxa rubinoides (Bourcier & Mulsant, 1846)",2476931,0.008977,-78.677065,31.0,SOUTH_AMERICA,Pichincha,,,,2022-11-05T04:38,False,Ted Goshulak,iNaturalist,http://creativecommons.org/licenses/by-nc/4.0/,Ted Goshulak,https://inaturalist-open-data.s3.amazonaws.com/photos/245611283/original.jpeg,k-western-south-america,2024-10-25 18:33:45
original_3986379366_1.jpeg,4088199,Utricularia jamesoniana,11.024000000000001,"Heliodoxa rubinoides (Bourcier & Mulsant, 1846)",2476931,0.008977,-78.677065,31.0,SOUTH_AMERICA,Pichincha,,,,2022-11-05T04:58,False,Ted Goshulak,iNaturalist,http://creativecommons.org/licenses/by-nc/4.0/,Ted Goshulak,https://inaturalist-open-data.s3.amazonaws.com/photos/245611687/original.jpeg,k-western-south-america,2024-10-25 18:33:49
original_3986391341_1.jpg,7278651,Escallonia resinosa,0.893,"Heliodoxa rubinoides (Bourcier & Mulsant, 1846)",2476931,-0.111739,-78.584856,217.0,SOUTH_AMERICA,Pichincha,,,,2022-11-02T17:19,False,Herb Wilson,iNaturalist,http://creativecommons.org/licenses/by-nc/4.0/,Herb Wilson,https://inaturalist-open-data.s3.amazonaws.com/photos/245583629/original.jpg,k-western-south-america,2024-10-25 18:33:51
original_3988445248_1.jpg,5372392,Vitis vinifera,1.22,"Heliodoxa rubinoides (Bourcier & Mulsant, 1846)",2476931,5.073305,-75.437928,,SOUTH_AMERICA,Caldas,,,,2020-01-22T16:44,False,Alan Wells,iNaturalist,http://creativecommons.org/licenses/by-nc/4.0/,Alan Wells,https://inaturalist-open-data.s3.amazonaws.com/photos/246568034/original.jpg,k-western-south-america,2024-10-25 18:33:53
original_3988495184_1.jpeg,5321877,Ionopsis utricularioides,2.106,"Heliodoxa rubinoides (Bourcier & Mulsant, 1846)",2476931,5.077038,-75.437096,474.0,SOUTH_AMERICA,Caldas,,,,2022-11-30T08:23,False,Abby Darrah,iNaturalist,http://creativecommons.org/licenses/by/4.0/,Abby Darrah,https://inaturalist-open-data.s3.amazonaws.com/photos/246469627/original.jpeg,k-western-south-america,2024-10-25 18:33:57
original_3994300625_1.jpeg,2792457,Polystachya concreta,10.377,"Heliodoxa rubinoides (Bourcier & Mulsant, 1846)",2476931,0.009574,-78.676278,8.0,SOUTH_AMERICA,Pichincha,,,,2022-11-04T04:08,False,Ted Goshulak,iNaturalist,http://creativecommons.org/licenses/by-nc/4.0/,Ted Goshulak,https://inaturalist-open-data.s3.amazonaws.com/photos/244713436/original.jpeg,k-western-south-america,2024-10-25 18:34:14
original_4009725431_1.jpeg,2702048,Juncus balticus,1.0999999999999999,"Heliodoxa rubinoides (Bourcier & Mulsant, 1846)",2476931,5.044611,-75.444811,4.0,SOUTH_AMERICA,Caldas,,,,2016-09-01T16:16,False,mike_steinmann,iNaturalist,http://creativecommons.org/licenses/by-nc/4.0/,mike_steinmann,https://inaturalist-open-data.s3.amazonaws.com/photos/179521010/original.jpeg; https://inaturalist-open-data.s3.amazonaws.com/photos/179521014/original.jpeg,k-western-south-america,2024-10-25 18:34:23
original_4009725431_2.jpeg,2715757,Cyperus entrerianus,2.048,"Heliodoxa rubinoides (Bourcier & Mulsant, 1846)",2476931,5.044611,-75.444811,4.0,SOUTH_AMERICA,Caldas,,,,2016-09-01T16:16,False,mike_steinmann,iNaturalist,http://creativecommons.org/licenses/by-nc/4.0/,mike_steinmann,https://inaturalist-open-data.s3.amazonaws.com/photos/179521010/original.jpeg; https://inaturalist-open-data.s3.amazonaws.com/photos/179521014/original.jpeg,k-western-south-america,2024-10-25 18:34:26
original_4014983972_3.jpg,2898772,Palicourea guianensis,8.674,"Heliodoxa rubinoides (Bourcier & Mulsant, 1846)",2476931,3.565922,-76.585159,227.0,SOUTH_AMERICA,Valle del Cauca,,,,2023-01-05T11:04,False,Delmar W. Bachert,iNaturalist,http://creativecommons.org/licenses/by-nc/4.0/,Delmar W. Bachert,https://inaturalist-open-data.s3.amazonaws.com/photos/250724942/original.jpg; https://inaturalist-open-data.s3.amazonaws.com/photos/250725595/original.jpg; https://inaturalist-open-data.s3.amazonaws.com/photos/250752500/original.jpg,k-western-south-america,2024-10-25 18:34:36
original_4015028427_1.jpg,2946600,Clitoria fairchildiana,24.779,"Heliodoxa rubinoides (Bourcier & Mulsant, 1846)",2476931,0.15759,-78.669333,773.0,SOUTH_AMERICA,Pichincha,,,,2023-01-08T05:01:55,False,kuntaberako,iNaturalist,http://creativecommons.org/licenses/by-nc/4.0/,kuntaberako,https://inaturalist-open-data.s3.amazonaws.com/photos/251391888/original.jpg,k-western-south-america,2024-10-25 18:34:38
original_4018169785_1.jpeg,7309398,Vitex megapotamica,0.907,"Heliodoxa rubinoides (Bourcier & Mulsant, 1846)",2476931,0.118406,-78.61208,500.0,SOUTH_AMERICA,Pichincha,,,,2023-01-01T09:38,False,Holger Beck,iNaturalist,http://creativecommons.org/licenses/by-nc/4.0/,Holger Beck,https://inaturalist-open-data.s3.amazonaws.com/photos/251487892/original.jpeg,k-western-south-america,2024-10-25 18:34:41
original_4018292761_1.jpg,3189635,Camellia sinensis,6.483999999999999,"Heliodoxa rubinoides (Bourcier & Mulsant, 1846)",2476931,0.032677,-78.680985,,SOUTH_AMERICA,Pichincha,,,,2022-12-05T13:20,False,Tom Benson,iNaturalist,http://creativecommons.org/licenses/by-nc/4.0/,Tom Benson,https://inaturalist-open-data.s3.amazonaws.com/photos/250201963/original.jpg,k-western-south-america,2024-10-25 18:34:46
original_4021993186_1.jpg,2651039,Elaphoglossum peltatum,3.873,"Heliodoxa rubinoides (Bourcier & Mulsant, 1846)",2476931,0.078736,-78.75073,12343.0,SOUTH_AMERICA,Pichincha,,,,2023-01-17T09:45:01,False,san8n,iNaturalist,http://creativecommons.org/licenses/by-nc/4.0/,san8n,https://inaturalist-open-data.s3.amazonaws.com/photos/252778888/original.jpg,k-western-south-america,2024-10-25 18:34:48
original_4022046912_1.jpg,2705621,Paspalum notatum,2.553,"Heliodoxa rubinoides (Bourcier & Mulsant, 1846)",2476931,0.080666,-78.731804,11050.0,SOUTH_AMERICA,Pichincha,,,,2023-01-17T08:51:33,False,san8n,iNaturalist,http://creativecommons.org/licenses/by-nc/4.0/,san8n,https://inaturalist-open-data.s3.amazonaws.com/photos/252779016/original.jpg,k-western-south-america,2024-10-25 18:34:51
original_4022134373_1.jpg,3155772,Guatteria punctata,3.1870000000000003,"Heliodoxa rubinoides (Bourcier & Mulsant, 1846)",2476931,-0.030318,-78.763878,470.0,SOUTH_AMERICA,Pichincha,,,,2023-01-01T07:50,False,Maryse Neukomm,iNaturalist,http://creativecommons.org/licenses/by-nc/4.0/,Maryse Neukomm,https://inaturalist-open-data.s3.amazonaws.com/photos/252808067/original.jpg,k-western-south-america,2024-10-25 18:34:54
original_4022311988_1.jpg,5321877,Ionopsis utricularioides,16.323,"Heliodoxa rubinoides (Bourcier & Mulsant, 1846)",2476931,0.024343,-78.711506,212.0,SOUTH_AMERICA,Pichincha,,,,2014-11-23T07:15,False,Suzanne Labbé,iNaturalist,http://creativecommons.org/licenses/by-nc/4.0/,Suzanne Labbé,https://inaturalist-open-data.s3.amazonaws.com/photos/252549468/original.jpg,k-western-south-america,2024-10-25 18:34:58
original_4022368388_1.jpg,5590525,Drymonia rubra,3.398,"Heliodoxa rubinoides (Bourcier & Mulsant, 1846)",2476931,0.085454,-78.825782,38214.0,SOUTH_AMERICA,Pichincha,,,,2023-01-17T09:27:54,False,san8n,iNaturalist,http://creativecommons.org/licenses/by-nc/4.0/,san8n,https://inaturalist-open-data.s3.amazonaws.com/photos/252936271/original.jpg,k-western-south-america,2024-10-25 18:35:00
original_4028682496_1.jpeg,6365487,Columnea consanguinea,4.816,"Heliodoxa rubinoides (Bourcier & Mulsant, 1846)",2476931,5.492435,-75.779082,4.0,SOUTH_AMERICA,Caldas,,,,2020-12-07T12:38,False,Sebas Arango,iNaturalist,http://creativecommons.org/licenses/by-nc/4.0/,Sebas Arango,https://inaturalist-open-data.s3.amazonaws.com/photos/106889428/original.jpeg,k-western-south-america,2024-10-25 18:35:03
original_4028831314_1.jpeg,3083180,Bertholletia excelsa,13.941,"Heliodoxa rubinoides (Bourcier & Mulsant, 1846)",2476931,5.204984,-75.901745,31.0,SOUTH_AMERICA,Risaralda,,,,2018-06-30,False,Sebas Arango,iNaturalist,http://creativecommons.org/licenses/by-nc/4.0/,Sebas Arango,https://inaturalist-open-data.s3.amazonaws.com/photos/20615909/original.jpeg; https://inaturalist-open-data.s3.amazonaws.com/photos/20615926/original.jpeg,k-western-south-america,2024-10-25 18:35:06
original_4028889438_1.jpg,2792457,Polystachya concreta,1.051,"Heliodoxa rubinoides (Bourcier & Mulsant, 1846)",2476931,5.04422,-75.44493,99.0,SOUTH_AMERICA,Caldas,,,,2023-01-23T13:06,False,Delmar W. Bachert,iNaturalist,http://creativecommons.org/licenses/by-nc/4.0/,Delmar W. Bachert,https://inaturalist-open-data.s3.amazonaws.com/photos/253492223/original.jpg; https://inaturalist-open-data.s3.amazonaws.com/photos/253493237/original.jpg; https://inaturalist-open-data.s3.amazonaws.com/photos/253493534/original.jpg; https://inaturalist-open-data.s3.amazonaws.com/photos/253504012/original.jpg; https://inaturalist-open-data.s3.amazonaws.com/photos/253504028/original.jpg,k-western-south-america,2024-10-25 18:35:14
original_4028889438_3.jpg,2874119,Xylosma flexuosa,5.721,"Heliodoxa rubinoides (Bourcier & Mulsant, 1846)",2476931,5.04422,-75.44493,99.0,SOUTH_AMERICA,Caldas,,,,2023-01-23T13:06,False,Delmar W. Bachert,iNaturalist,http://creativecommons.org/licenses/by-nc/4.0/,Delmar W. Bachert,https://inaturalist-open-data.s3.amazonaws.com/photos/253492223/original.jpg; https://inaturalist-open-data.s3.amazonaws.com/photos/253493237/original.jpg; https://inaturalist-open-data.s3.amazonaws.com/photos/253493534/original.jpg; https://inaturalist-open-data.s3.amazonaws.com/photos/253504012/original.jpg; https://inaturalist-open-data.s3.amazonaws.com/photos/253504028/original.jpg,k-western-south-america,2024-10-25 18:35:18
original_4028889438_4.jpg,8619679,Parkinsonia praecox,1.791,"Heliodoxa rubinoides (Bourcier & Mulsant, 1846)",2476931,5.04422,-75.44493,99.0,SOUTH_AMERICA,Caldas,,,,2023-01-23T13:06,False,Delmar W. Bachert,iNaturalist,http://creativecommons.org/licenses/by-nc/4.0/,Delmar W. Bachert,https://inaturalist-open-data.s3.amazonaws.com/photos/253492223/original.jpg; https://inaturalist-open-data.s3.amazonaws.com/photos/253493237/original.jpg; https://inaturalist-open-data.s3.amazonaws.com/photos/253493534/original.jpg; https://inaturalist-open-data.s3.amazonaws.com/photos/253504012/original.jpg; https://inaturalist-open-data.s3.amazonaws.com/photos/253504028/original.jpg,k-western-south-america,2024-10-25 18:35:21
original_4028889438_5.jpg,2792457,Polystachya concreta,2.9010000000000002,"Heliodoxa rubinoides (Bourcier & Mulsant, 1846)",2476931,5.04422,-75.44493,99.0,SOUTH_AMERICA,Caldas,,,,2023-01-23T13:06,False,Delmar W. Bachert,iNaturalist,http://creativecommons.org/licenses/by-nc/4.0/,Delmar W. Bachert,https://inaturalist-open-data.s3.amazonaws.com/photos/253492223/original.jpg; https://inaturalist-open-data.s3.amazonaws.com/photos/253493237/original.jpg; https://inaturalist-open-data.s3.amazonaws.com/photos/253493534/original.jpg; https://inaturalist-open-data.s3.amazonaws.com/photos/253504012/original.jpg; https://inaturalist-open-data.s3.amazonaws.com/photos/253504028/original.jpg,k-western-south-america,2024-10-25 18:35:23
original_4029094036_1.jpg,3169662,Mandevilla subsagittata,1.7950000000000002,"Heliodoxa rubinoides (Bourcier & Mulsant, 1846)",2476931,5.044132,-75.44435,488.0,SOUTH_AMERICA,Caldas,,,,2023-01-23T13:51,False,Delmar W. Bachert,iNaturalist,http://creativecommons.org/licenses/by-nc/4.0/,Delmar W. Bachert,https://inaturalist-open-data.s3.amazonaws.com/photos/253924881/original.jpg; https://inaturalist-open-data.s3.amazonaws.com/photos/253925724/original.jpg; https://inaturalist-open-data.s3.amazonaws.com/photos/253926049/original.jpg,k-western-south-america,2024-10-25 18:35:28
original_4029094036_2.jpg,3169662,Mandevilla subsagittata,4.431,"Heliodoxa rubinoides (Bourcier & Mulsant, 1846)",2476931,5.044132,-75.44435,488.0,SOUTH_AMERICA,Caldas,,,,2023-01-23T13:51,False,Delmar W. Bachert,iNaturalist,http://creativecommons.org/licenses/by-nc/4.0/,Delmar W. Bachert,https://inaturalist-open-data.s3.amazonaws.com/photos/253924881/original.jpg; https://inaturalist-open-data.s3.amazonaws.com/photos/253925724/original.jpg; https://inaturalist-open-data.s3.amazonaws.com/photos/253926049/original.jpg,k-western-south-america,2024-10-25 18:35:30
original_4029094036_3.jpg,2907406,Chiococca alba,2.348,"Heliodoxa rubinoides (Bourcier & Mulsant, 1846)",2476931,5.044132,-75.44435,488.0,SOUTH_AMERICA,Caldas,,,,2023-01-23T13:51,False,Delmar W. Bachert,iNaturalist,http://creativecommons.org/licenses/by-nc/4.0/,Delmar W. Bachert,https://inaturalist-open-data.s3.amazonaws.com/photos/253924881/original.jpg; https://inaturalist-open-data.s3.amazonaws.com/photos/253925724/original.jpg; https://inaturalist-open-data.s3.amazonaws.com/photos/253926049/original.jpg,k-western-south-america,2024-10-25 18:35:33
original_4029331568_1.jpg,2925462,Stachytarpheta mutabilis,33.489999999999995,"Heliodoxa rubinoides (Bourcier & Mulsant, 1846)",2476931,-0.712096,-77.954639,28235.0,SOUTH_AMERICA,Napo,,,,2023-01-25T11:48:25,False,Debara,iNaturalist,http://creativecommons.org/licenses/by-nc/4.0/,Debara,https://inaturalist-open-data.s3.amazonaws.com/photos/255273702/original.jpg,k-western-south-america,2024-10-25 18:35:35
original_4034842667_1.jpg,5372392,Vitis vinifera,2.751,"Heliodoxa rubinoides (Bourcier & Mulsant, 1846)",2476931,0.00978,-78.67612,8.0,SOUTH_AMERICA,Pichincha,,,,2011-03-20T14:21,False,hr_dragonfly,iNaturalist,http://creativecommons.org/licenses/by-nc/4.0/,hr_dragonfly,https://inaturalist-open-data.s3.amazonaws.com/photos/255636617/original.jpg,k-western-south-america,2024-10-25 18:35:45
original_4035006405_1.jpg,3086325,Piper marginatum,4.329000000000001,"Heliodoxa rubinoides (Bourcier & Mulsant, 1846)",2476931,-0.010747,-78.73088,4.0,SOUTH_AMERICA,Pichincha,,,,2023-02-05T16:19:38,False,Karl Kaufmann,iNaturalist,http://creativecommons.org/licenses/by-nc/4.0/,Karl Kaufmann,https://inaturalist-open-data.s3.amazonaws.com/photos/255781720/original.jpg,k-western-south-america,2024-10-25 18:35:48
original_4039154134_1.jpg,2651039,Elaphoglossum peltatum,7.796,"Heliodoxa rubinoides (Bourcier & Mulsant, 1846)",2476931,3.529718,-76.618812,244.0,SOUTH_AMERICA,Valle del Cauca,,,,2023-02-15T07:37,False,Brennan Moore,iNaturalist,http://creativecommons.org/licenses/by-nc/4.0/,Brennan Moore,https://inaturalist-open-data.s3.amazonaws.com/photos/257064962/original.jpg,k-western-south-america,2024-10-25 18:35:50
original_4039355706_1.jpeg,3152240,Ochroma pyramidale,2.7119999999999997,"Heliodoxa rubinoides (Bourcier & Mulsant, 1846)",2476931,3.51968,-76.619075,,SOUTH_AMERICA,Valle del Cauca,,,,2023-01-21T16:22,False,Guy Babineau,iNaturalist,http://creativecommons.org/licenses/by/4.0/,Guy Babineau,https://inaturalist-open-data.s3.amazonaws.com/photos/255452028/original.jpeg,k-western-south-america,2024-10-25 18:35:53
original_4039455337_1.jpg,2754207,Bomarea multiflora,2.701,"Heliodoxa rubinoides (Bourcier & Mulsant, 1846)",2476931,0.025454,-78.632752,4.0,SOUTH_AMERICA,Pichincha,,,,2023-01-29T16:23,False,j4n_w,iNaturalist,http://creativecommons.org/licenses/by-nc/4.0/,j4n_w,https://inaturalist-open-data.s3.amazonaws.com/photos/257025879/original.jpg,k-western-south-america,2024-10-25 18:35:56
original_4046394190_1.jpeg,4088199,Utricularia jamesoniana,4.6,"Heliodoxa rubinoides (Bourcier & Mulsant, 1846)",2476931,0.030527,-78.681179,214.0,SOUTH_AMERICA,Pichincha,,,,2023-02-16T08:34,False,Chrissy McClarren and Andy Reago,iNaturalist,http://creativecommons.org/publicdomain/zero/1.0/,Chrissy McClarren and Andy Reago,https://inaturalist-open-data.s3.amazonaws.com/photos/258090875/original.jpeg,k-western-south-america,2024-10-25 18:35:58
original_4046796359_1.jpg,9636531,Distimake tuberosus,2.738,"Heliodoxa rubinoides (Bourcier & Mulsant, 1846)",2476931,0.009302,-78.67612,15.0,SOUTH_AMERICA,Pichincha,,,,2011-03-21T15:06,False,hr_dragonfly,iNaturalist,http://creativecommons.org/licenses/by-nc/4.0/,hr_dragonfly,https://inaturalist-open-data.s3.amazonaws.com/photos/258401758/original.jpg,k-western-south-america,2024-10-25 18:36:00
original_4054892077_1.jpeg,3075397,Lacistema aggregatum,4.594,"Heliodoxa rubinoides (Bourcier & Mulsant, 1846)",2476931,-0.078728,-78.7758,38.0,SOUTH_AMERICA,Pichincha,,,,2018-03-24T22:28,False,João Cordeiro Pereira,iNaturalist,http://creativecommons.org/licenses/by-nc/4.0/,João Cordeiro Pereira,https://inaturalist-open-data.s3.amazonaws.com/photos/259181566/original.jpeg,k-western-south-america,2024-10-25 18:36:06
original_4054906077_1.jpg,5580093,Crossopetalum uragoga,3.351,"Heliodoxa rubinoides (Bourcier & Mulsant, 1846)",2476931,-0.023551,-78.768354,8.0,SOUTH_AMERICA,Pichincha,,,,2023-02-01T23:05,False,j4n_w,iNaturalist,http://creativecommons.org/licenses/by-nc/4.0/,j4n_w,https://inaturalist-open-data.s3.amazonaws.com/photos/259205817/original.jpg,k-western-south-america,2024-10-25 18:36:09
original_4054946182_1.jpeg,2872887,Anthurium salvinii,4.056,"Heliodoxa rubinoides (Bourcier & Mulsant, 1846)",2476931,0.025556,-78.632222,,SOUTH_AMERICA,Pichincha,,,,2023-03-05T13:30:19,False,Diego Torres Sierra,iNaturalist,http://creativecommons.org/licenses/by-nc/4.0/,Diego Torres Sierra,https://inaturalist-open-data.s3.amazonaws.com/photos/259428417/original.jpeg; https://inaturalist-open-data.s3.amazonaws.com/photos/259428445/original.jpeg; https://inaturalist-open-data.s3.amazonaws.com/photos/259428453/original.jpeg,k-western-south-america,2024-10-25 18:36:10
original_4054946182_2.jpeg,3157016,Xylopia ligustrifolia,1.217,"Heliodoxa rubinoides (Bourcier & Mulsant, 1846)",2476931,0.025556,-78.632222,,SOUTH_AMERICA,Pichincha,,,,2023-03-05T13:30:19,False,Diego Torres Sierra,iNaturalist,http://creativecommons.org/licenses/by-nc/4.0/,Diego Torres Sierra,https://inaturalist-open-data.s3.amazonaws.com/photos/259428417/original.jpeg; https://inaturalist-open-data.s3.amazonaws.com/photos/259428445/original.jpeg; https://inaturalist-open-data.s3.amazonaws.com/photos/259428453/original.jpeg,k-western-south-america,2024-10-25 18:36:12
original_4062918783_1.jpg,5319715,Epidendrum rigidum,1.4569999999999999,"Heliodoxa rubinoides (Bourcier & Mulsant, 1846)",2476931,0.025649,-78.63274,15.0,SOUTH_AMERICA,Pichincha,,,,2023-03-05T13:19,False,David Torres,iNaturalist,http://creativecommons.org/licenses/by-nc/4.0/,David Torres,https://inaturalist-open-data.s3.amazonaws.com/photos/259766182/original.jpg; https://inaturalist-open-data.s3.amazonaws.com/photos/259766189/original.jpg; https://inaturalist-open-data.s3.amazonaws.com/photos/259766198/original.jpg,k-western-south-america,2024-10-25 18:36:16
original_4062918783_2.jpg,5372914,Salix humboldtiana,3.7289999999999996,"Heliodoxa rubinoides (Bourcier & Mulsant, 1846)",2476931,0.025649,-78.63274,15.0,SOUTH_AMERICA,Pichincha,,,,2023-03-05T13:19,False,David Torres,iNaturalist,http://creativecommons.org/licenses/by-nc/4.0/,David Torres,https://inaturalist-open-data.s3.amazonaws.com/photos/259766182/original.jpg; https://inaturalist-open-data.s3.amazonaws.com/photos/259766189/original.jpg; https://inaturalist-open-data.s3.amazonaws.com/photos/259766198/original.jpg,k-western-south-america,2024-10-25 18:36:18
original_4062918783_3.jpg,5319715,Epidendrum rigidum,3.8129999999999997,"Heliodoxa rubinoides (Bourcier & Mulsant, 1846)",2476931,0.025649,-78.63274,15.0,SOUTH_AMERICA,Pichincha,,,,2023-03-05T13:19,False,David Torres,iNaturalist,http://creativecommons.org/licenses/by-nc/4.0/,David Torres,https://inaturalist-open-data.s3.amazonaws.com/photos/259766182/original.jpg; https://inaturalist-open-data.s3.amazonaws.com/photos/259766189/original.jpg; https://inaturalist-open-data.s3.amazonaws.com/photos/259766198/original.jpg,k-western-south-america,2024-10-25 18:36:21
original_4063038727_1.jpg,7328194,Cavendishia complectens,5.955,"Heliodoxa rubinoides (Bourcier & Mulsant, 1846)",2476931,0.025649,-78.63274,15.0,SOUTH_AMERICA,Pichincha,,,,2023-03-05T13:18,False,David Torres,iNaturalist,http://creativecommons.org/licenses/by-nc/4.0/,David Torres,https://inaturalist-open-data.s3.amazonaws.com/photos/259766153/original.jpg,k-western-south-america,2024-10-25 18:36:23
original_4067217728_1.jpeg,3082392,Lecythis minor,36.967,"Heliodoxa rubinoides (Bourcier & Mulsant, 1846)",2476931,5.062974,-75.50277,11785.0,SOUTH_AMERICA,Caldas,,,,2023-02-11T06:38,False,Bruce Taylor,iNaturalist,http://creativecommons.org/licenses/by-nc/4.0/,Bruce Taylor,https://inaturalist-open-data.s3.amazonaws.com/photos/257666538/original.jpeg,k-western-south-america,2024-10-25 18:36:26
original_4075586951_1.jpeg,5321877,Ionopsis utricularioides,3.0949999999999998,"Heliodoxa rubinoides (Bourcier & Mulsant, 1846)",2476931,5.373569,-75.890742,50.0,SOUTH_AMERICA,Caldas,,,,2023-03-14T15:22,False,desertnaturalist,iNaturalist,http://creativecommons.org/licenses/by/4.0/,desertnaturalist,https://inaturalist-open-data.s3.amazonaws.com/photos/261859687/original.jpeg,k-western-south-america,2024-10-25 18:36:28
original_4075810070_1.jpg,5313487,Lycaste schilleriana,0.8959999999999999,"Heliodoxa rubinoides (Bourcier & Mulsant, 1846)",2476931,0.02974,-78.680566,31.0,SOUTH_AMERICA,Pichincha,,,,2019-08-02T07:43,False,Frode Jacobsen,iNaturalist,http://creativecommons.org/licenses/by-nc/4.0/,Frode Jacobsen,https://inaturalist-open-data.s3.amazonaws.com/photos/263778376/original.jpg; https://inaturalist-open-data.s3.amazonaws.com/photos/263778406/original.jpg,k-western-south-america,2024-10-25 18:36:33
original_4075810070_2.jpg,3083180,Bertholletia excelsa,1.8339999999999999,"Heliodoxa rubinoides (Bourcier & Mulsant, 1846)",2476931,0.02974,-78.680566,31.0,SOUTH_AMERICA,Pichincha,,,,2019-08-02T07:43,False,Frode Jacobsen,iNaturalist,http://creativecommons.org/licenses/by-nc/4.0/,Frode Jacobsen,https://inaturalist-open-data.s3.amazonaws.com/photos/263778376/original.jpg; https://inaturalist-open-data.s3.amazonaws.com/photos/263778406/original.jpg,k-western-south-america,2024-10-25 18:36:36
original_4075854505_1.jpeg,5412457,Centropogon solanifolius,9.529,"Heliodoxa rubinoides (Bourcier & Mulsant, 1846)",2476931,-0.028654,-78.752077,4.0,SOUTH_AMERICA,Pichincha,,,,2023-03-09T14:05,False,Michael Butler,iNaturalist,http://creativecommons.org/licenses/by-nc/4.0/,Michael Butler,https://inaturalist-open-data.s3.amazonaws.com/photos/262824162/original.jpeg,k-western-south-america,2024-10-25 18:36:39
original_4075890267_1.jpg,6388688,Desfontainia spinosa,1.83,"Heliodoxa rubinoides (Bourcier & Mulsant, 1846)",2476931,-0.02927,-78.752348,15.0,SOUTH_AMERICA,Pichincha,,,,2019-08-02T12:00,False,Frode Jacobsen,iNaturalist,http://creativecommons.org/licenses/by-nc/4.0/,Frode Jacobsen,https://inaturalist-open-data.s3.amazonaws.com/photos/263936820/original.jpg,k-western-south-america,2024-10-25 18:36:41
original_4075924073_1.jpg,2932944,Capsicum annuum,4.089,"Heliodoxa rubinoides (Bourcier & Mulsant, 1846)",2476931,-0.024593,-78.724574,21.0,SOUTH_AMERICA,Pichincha,,,,2019-08-02T09:54,False,Frode Jacobsen,iNaturalist,http://creativecommons.org/licenses/by-nc/4.0/,Frode Jacobsen,https://inaturalist-open-data.s3.amazonaws.com/photos/263789420/original.jpg,k-western-south-america,2024-10-25 18:36:44
original_4076233910_1.jpg,2874119,Xylosma flexuosa,0.899,"Heliodoxa rubinoides (Bourcier & Mulsant, 1846)",2476931,5.375632,-75.886915,1186.0,SOUTH_AMERICA,Caldas,,,,2023-02-28T19:53,False,Jana Václavíková,iNaturalist,http://creativecommons.org/licenses/by-nc/4.0/,Jana Václavíková,https://inaturalist-open-data.s3.amazonaws.com/photos/260705360/original.jpg,k-western-south-america,2024-10-25 18:36:49
original_4076424425_3.jpeg,4025948,Microgramma thurnii,0.7060000000000001,"Heliodoxa rubinoides (Bourcier & Mulsant, 1846)",2476931,-4.495172,-79.131985,,SOUTH_AMERICA,Zamora Chinchipe,,,,2023-03-13T15:37,False,William Hull,iNaturalist,http://creativecommons.org/licenses/by-nc/4.0/,William Hull,https://inaturalist-open-data.s3.amazonaws.com/photos/264292843/original.jpeg; https://inaturalist-open-data.s3.amazonaws.com/photos/264292862/original.jpeg; https://inaturalist-open-data.s3.amazonaws.com/photos/264292874/original.jpeg; https://inaturalist-open-data.s3.amazonaws.com/photos/264292884/original.jpeg; https://inaturalist-open-data.s3.amazonaws.com/photos/264292893/original.jpeg; https://inaturalist-open-data.s3.amazonaws.com/photos/264292914/original.jpeg,k-western-south-america,2024-10-25 18:36:59
original_4080499806_3.jpg,3874097,Rhizophora racemosa,5.449,"Heliodoxa rubinoides (Bourcier & Mulsant, 1846)",2476931,3.539167,-76.606086,10.0,SOUTH_AMERICA,Valle del Cauca,,,,2022-08-02T14:14,False,eamonccorbett,iNaturalist,http://creativecommons.org/licenses/by-nc/4.0/,eamonccorbett,https://inaturalist-open-data.s3.amazonaws.com/photos/265401049/original.jpg; https://inaturalist-open-data.s3.amazonaws.com/photos/265401194/original.jpg; https://inaturalist-open-data.s3.amazonaws.com/photos/265401281/original.jpg; https://inaturalist-open-data.s3.amazonaws.com/photos/265401399/original.jpg; https://inaturalist-open-data.s3.amazonaws.com/photos/265401495/original.jpg,k-western-south-america,2024-10-25 18:37:12
original_4080499806_4.jpg,2760619,Heliconia wagneriana,0.859,"Heliodoxa rubinoides (Bourcier & Mulsant, 1846)",2476931,3.539167,-76.606086,10.0,SOUTH_AMERICA,Valle del Cauca,,,,2022-08-02T14:14,False,eamonccorbett,iNaturalist,http://creativecommons.org/licenses/by-nc/4.0/,eamonccorbett,https://inaturalist-open-data.s3.amazonaws.com/photos/265401049/original.jpg; https://inaturalist-open-data.s3.amazonaws.com/photos/265401194/original.jpg; https://inaturalist-open-data.s3.amazonaws.com/photos/265401281/original.jpg; https://inaturalist-open-data.s3.amazonaws.com/photos/265401399/original.jpg; https://inaturalist-open-data.s3.amazonaws.com/photos/265401495/original.jpg,k-western-south-america,2024-10-25 18:37:15
original_4080810377_1.jpeg,2888601,Viburnum lantanoides,10.788,"Heliodoxa rubinoides (Bourcier & Mulsant, 1846)",2476931,-0.37844,-78.074156,16.0,SOUTH_AMERICA,Napo,,,,2023-03-18T13:01:45,False,Amaru Rubio,iNaturalist,http://creativecommons.org/licenses/by-nc/4.0/,Amaru Rubio,https://inaturalist-open-data.s3.amazonaws.com/photos/266270051/original.jpeg,k-western-south-america,2024-10-25 18:37:20
original_4096555009_1.jpg,7661971,Bambusa vulgaris,3.001,"Heliodoxa rubinoides (Bourcier & Mulsant, 1846)",2476931,-0.011252,-78.688051,8.0,SOUTH_AMERICA,Pichincha,,,,2023-04-16T07:55,False,David Torres,iNaturalist,http://creativecommons.org/licenses/by-nc/4.0/,David Torres,https://inaturalist-open-data.s3.amazonaws.com/photos/269366751/original.jpg; https://inaturalist-open-data.s3.amazonaws.com/photos/269366773/original.jpg; https://inaturalist-open-data.s3.amazonaws.com/photos/269366796/original.jpg,k-western-south-america,2024-10-25 18:37:23
original_4096555009_3.jpg,7661971,Bambusa vulgaris,0.992,"Heliodoxa rubinoides (Bourcier & Mulsant, 1846)",2476931,-0.011252,-78.688051,8.0,SOUTH_AMERICA,Pichincha,,,,2023-04-16T07:55,False,David Torres,iNaturalist,http://creativecommons.org/licenses/by-nc/4.0/,David Torres,https://inaturalist-open-data.s3.amazonaws.com/photos/269366751/original.jpg; https://inaturalist-open-data.s3.amazonaws.com/photos/269366773/original.jpg; https://inaturalist-open-data.s3.amazonaws.com/photos/269366796/original.jpg,k-western-south-america,2024-10-25 18:37:27
original_4096618430_1.jpg,8358388,Aristolochia trilobata,10.971,"Heliodoxa rubinoides (Bourcier & Mulsant, 1846)",2476931,-0.026488,-78.759352,199.0,SOUTH_AMERICA,Pichincha,,,,2023-04-08T14:31,False,James D Barry (Delaware),iNaturalist,http://creativecommons.org/licenses/by-nc/4.0/,James D Barry (Delaware),https://inaturalist-open-data.s3.amazonaws.com/photos/270000880/original.jpg,k-western-south-america,2024-10-25 18:37:29
original_4102805544_1.jpeg,7326642,Connarus fasciculatus,3.9730000000000003,"Heliodoxa rubinoides (Bourcier & Mulsant, 1846)",2476931,0.022947,-78.710478,,SOUTH_AMERICA,Pichincha,,,,2022-01-23T17:29,False,Tim Forrester,iNaturalist,http://creativecommons.org/licenses/by-nc/4.0/,Tim Forrester,https://inaturalist-open-data.s3.amazonaws.com/photos/272763559/original.jpeg,k-western-south-america,2024-10-25 18:37:32
original_4103321534_1.jpeg,2754028,Bomarea edulis,1.411,"Heliodoxa rubinoides (Bourcier & Mulsant, 1846)",2476931,0.019935,-78.707171,212.0,SOUTH_AMERICA,Pichincha,,,,2022-01-23T12:44,False,Tim Forrester,iNaturalist,http://creativecommons.org/licenses/by-nc/4.0/,Tim Forrester,https://inaturalist-open-data.s3.amazonaws.com/photos/272756655/original.jpeg,k-western-south-america,2024-10-25 18:37:37
original_4112083805_1.jpg,5415417,Ruellia chartacea,8.058,"Heliodoxa rubinoides (Bourcier & Mulsant, 1846)",2476931,-0.006849,-78.720908,4.0,SOUTH_AMERICA,Pichincha,,,,2023-04-30T12:17,False,David Torres,iNaturalist,http://creativecommons.org/licenses/by-nc/4.0/,David Torres,https://inaturalist-open-data.s3.amazonaws.com/photos/275318005/original.jpg,k-western-south-america,2024-10-25 18:37:44
original_4116057639_1.jpg,2957544,Senna latifolia,0.7000000000000001,"Heliodoxa rubinoides (Bourcier & Mulsant, 1846)",2476931,-0.007009,-78.720881,8.0,SOUTH_AMERICA,Pichincha,,,,2023-04-30T08:22,False,David Torres,iNaturalist,http://creativecommons.org/licenses/by-nc/4.0/,David Torres,https://inaturalist-open-data.s3.amazonaws.com/photos/275093424/original.jpg; https://inaturalist-open-data.s3.amazonaws.com/photos/275093481/original.jpg,k-western-south-america,2024-10-25 18:37:47
original_4116057639_2.jpg,5590493,Drymonia serrulata,1.0659999999999998,"Heliodoxa rubinoides (Bourcier & Mulsant, 1846)",2476931,-0.007009,-78.720881,8.0,SOUTH_AMERICA,Pichincha,,,,2023-04-30T08:22,False,David Torres,iNaturalist,http://creativecommons.org/licenses/by-nc/4.0/,David Torres,https://inaturalist-open-data.s3.amazonaws.com/photos/275093424/original.jpg; https://inaturalist-open-data.s3.amazonaws.com/photos/275093481/original.jpg,k-western-south-america,2024-10-25 18:37:49
original_4116398532_1.jpg,5590525,Drymonia rubra,6.712999999999999,"Heliodoxa rubinoides (Bourcier & Mulsant, 1846)",2476931,-0.007009,-78.720881,8.0,SOUTH_AMERICA,Pichincha,,,,2023-04-30T08:36,False,David Torres,iNaturalist,http://creativecommons.org/licenses/by-nc/4.0/,David Torres,https://inaturalist-open-data.s3.amazonaws.com/photos/275100760/original.jpg,k-western-south-america,2024-10-25 18:37:54
original_4116469646_1.jpg,2869742,Spathiphyllum friedrichsthalii,1.905,"Heliodoxa rubinoides (Bourcier & Mulsant, 1846)",2476931,-0.006917,-78.720969,4.0,SOUTH_AMERICA,Pichincha,,,,2023-01-24T09:12,False,moodejo,iNaturalist,http://creativecommons.org/licenses/by-nc/4.0/,moodejo,https://inaturalist-open-data.s3.amazonaws.com/photos/277036683/original.jpg,k-western-south-america,2024-10-25 18:37:56
original_4120887494_1.jpeg,7279239,Hibiscus diversifolius,90.117,"Heliodoxa rubinoides (Bourcier & Mulsant, 1846)",2476931,-0.59005,-77.880608,1071.0,SOUTH_AMERICA,Napo,,,,2023-02-22T12:11,False,Chrissy McClarren and Andy Reago,iNaturalist,http://creativecommons.org/publicdomain/zero/1.0/,Chrissy McClarren and Andy Reago,https://inaturalist-open-data.s3.amazonaws.com/photos/260006982/original.jpeg,k-western-south-america,2024-10-25 18:38:06
original_4120911523_1.jpg,5321877,Ionopsis utricularioides,10.008000000000001,"Heliodoxa rubinoides (Bourcier & Mulsant, 1846)",2476931,-0.162679,-78.546898,25268.0,SOUTH_AMERICA,Pichincha,,,,2022-12-05T09:50,False,uzielon,iNaturalist,http://creativecommons.org/licenses/by-nc/4.0/,uzielon,https://inaturalist-open-data.s3.amazonaws.com/photos/275219855/original.jpg,k-western-south-america,2024-10-25 18:38:09
original_4120942498_1.jpeg,5349719,Erythrina crista-galli,2.709,"Heliodoxa rubinoides (Bourcier & Mulsant, 1846)",2476931,-0.469585,-77.865437,,SOUTH_AMERICA,Napo,,,,2023-02-27T15:32,False,Bob McDougall,iNaturalist,http://creativecommons.org/licenses/by-nc/4.0/,Bob McDougall,https://inaturalist-open-data.s3.amazonaws.com/photos/261245807/original.jpeg,k-western-south-america,2024-10-25 18:38:11
original_4120998495_1.jpeg,7279239,Hibiscus diversifolius,2.242,"Heliodoxa rubinoides (Bourcier & Mulsant, 1846)",2476931,-0.59005,-77.880608,1071.0,SOUTH_AMERICA,Napo,,,,2023-02-22T12:11,False,Chrissy McClarren and Andy Reago,iNaturalist,http://creativecommons.org/publicdomain/zero/1.0/,Chrissy McClarren and Andy Reago,https://inaturalist-open-data.s3.amazonaws.com/photos/260006972/original.jpeg,k-western-south-america,2024-10-25 18:38:20
original_4121011469_2.jpg,5331145,Casearia aculeata,2.444,"Heliodoxa rubinoides (Bourcier & Mulsant, 1846)",2476931,0.022925,-78.710913,9.0,SOUTH_AMERICA,Pichincha,,,,2023-01-30T14:58,False,j4n_w,iNaturalist,http://creativecommons.org/licenses/by-nc/4.0/,j4n_w,https://inaturalist-open-data.s3.amazonaws.com/photos/259153071/original.jpg; https://inaturalist-open-data.s3.amazonaws.com/photos/259153125/original.jpg,k-western-south-america,2024-10-25 18:38:26
original_4121021540_1.jpg,5320021,Epidendrum nocturnum,6.371,"Heliodoxa rubinoides (Bourcier & Mulsant, 1846)",2476931,-0.011253,-78.688012,8.0,SOUTH_AMERICA,Pichincha,,,,2023-04-15T07:58,False,David Torres,iNaturalist,http://creativecommons.org/licenses/by-nc/4.0/,David Torres,https://inaturalist-open-data.s3.amazonaws.com/photos/269056905/original.jpg; https://inaturalist-open-data.s3.amazonaws.com/photos/269056925/original.jpg; https://inaturalist-open-data.s3.amazonaws.com/photos/269056944/original.jpg,k-western-south-america,2024-10-25 18:38:28
original_4121021540_2.jpg,5320021,Epidendrum nocturnum,2.375,"Heliodoxa rubinoides (Bourcier & Mulsant, 1846)",2476931,-0.011253,-78.688012,8.0,SOUTH_AMERICA,Pichincha,,,,2023-04-15T07:58,False,David Torres,iNaturalist,http://creativecommons.org/licenses/by-nc/4.0/,David Torres,https://inaturalist-open-data.s3.amazonaws.com/photos/269056905/original.jpg; https://inaturalist-open-data.s3.amazonaws.com/photos/269056925/original.jpg; https://inaturalist-open-data.s3.amazonaws.com/photos/269056944/original.jpg,k-western-south-america,2024-10-25 18:38:31
original_4121021540_3.jpg,2797555,Sobralia decora,4.009,"Heliodoxa rubinoides (Bourcier & Mulsant, 1846)",2476931,-0.011253,-78.688012,8.0,SOUTH_AMERICA,Pichincha,,,,2023-04-15T07:58,False,David Torres,iNaturalist,http://creativecommons.org/licenses/by-nc/4.0/,David Torres,https://inaturalist-open-data.s3.amazonaws.com/photos/269056905/original.jpg; https://inaturalist-open-data.s3.amazonaws.com/photos/269056925/original.jpg; https://inaturalist-open-data.s3.amazonaws.com/photos/269056944/original.jpg,k-western-south-america,2024-10-25 18:38:33
original_4121026501_5.jpg,5387098,Dahlia coccinea,19.439,"Heliodoxa rubinoides (Bourcier & Mulsant, 1846)",2476931,-0.011275,-78.68803,4.0,SOUTH_AMERICA,Pichincha,,,,2023-04-15T11:51,False,David Torres,iNaturalist,http://creativecommons.org/licenses/by-nc/4.0/,David Torres,https://inaturalist-open-data.s3.amazonaws.com/photos/269331951/original.jpg; https://inaturalist-open-data.s3.amazonaws.com/photos/269331965/original.jpg; https://inaturalist-open-data.s3.amazonaws.com/photos/269331988/original.jpg; https://inaturalist-open-data.s3.amazonaws.com/photos/269332007/original.jpg; https://inaturalist-open-data.s3.amazonaws.com/photos/269332033/original.jpg; https://inaturalist-open-data.s3.amazonaws.com/photos/269332051/original.jpg; https://inaturalist-open-data.s3.amazonaws.com/photos/269332067/original.jpg,k-western-south-america,2024-10-25 18:38:45
original_4121026501_6.jpg,5387098,Dahlia coccinea,25.403,"Heliodoxa rubinoides (Bourcier & Mulsant, 1846)",2476931,-0.011275,-78.68803,4.0,SOUTH_AMERICA,Pichincha,,,,2023-04-15T11:51,False,David Torres,iNaturalist,http://creativecommons.org/licenses/by-nc/4.0/,David Torres,https://inaturalist-open-data.s3.amazonaws.com/photos/269331951/original.jpg; https://inaturalist-open-data.s3.amazonaws.com/photos/269331965/original.jpg; https://inaturalist-open-data.s3.amazonaws.com/photos/269331988/original.jpg; https://inaturalist-open-data.s3.amazonaws.com/photos/269332007/original.jpg; https://inaturalist-open-data.s3.amazonaws.com/photos/269332033/original.jpg; https://inaturalist-open-data.s3.amazonaws.com/photos/269332051/original.jpg; https://inaturalist-open-data.s3.amazonaws.com/photos/269332067/original.jpg,k-western-south-america,2024-10-25 18:38:47
original_4121026501_7.jpg,3681615,Ipomoea cholulensis,5.938000000000001,"Heliodoxa rubinoides (Bourcier & Mulsant, 1846)",2476931,-0.011275,-78.68803,4.0,SOUTH_AMERICA,Pichincha,,,,2023-04-15T11:51,False,David Torres,iNaturalist,http://creativecommons.org/licenses/by-nc/4.0/,David Torres,https://inaturalist-open-data.s3.amazonaws.com/photos/269331951/original.jpg; https://inaturalist-open-data.s3.amazonaws.com/photos/269331965/original.jpg; https://inaturalist-open-data.s3.amazonaws.com/photos/269331988/original.jpg; https://inaturalist-open-data.s3.amazonaws.com/photos/269332007/original.jpg; https://inaturalist-open-data.s3.amazonaws.com/photos/269332033/original.jpg; https://inaturalist-open-data.s3.amazonaws.com/photos/269332051/original.jpg; https://inaturalist-open-data.s3.amazonaws.com/photos/269332067/original.jpg,k-western-south-america,2024-10-25 18:38:49
original_4121032474_1.jpeg,3172977,Pachystachys spicata,14.982000000000001,"Heliodoxa rubinoides (Bourcier & Mulsant, 1846)",2476931,-0.377397,-78.075891,2322.0,SOUTH_AMERICA,Napo,,,,2023-02-26T16:25,False,Bob McDougall,iNaturalist,http://creativecommons.org/licenses/by-nc/4.0/,Bob McDougall,https://inaturalist-open-data.s3.amazonaws.com/photos/260935037/original.jpeg,k-western-south-america,2024-10-25 18:38:51
original_4121048502_1.jpeg,5321877,Ionopsis utricularioides,15.601,"Heliodoxa rubinoides (Bourcier & Mulsant, 1846)",2476931,-1.83123,-78.183406,212.0,SOUTH_AMERICA,Morona Santiago,,,,2020-11-21T07:53:23,False,brewmaster,iNaturalist,http://creativecommons.org/licenses/by-nc/4.0/,brewmaster,https://inaturalist-open-data.s3.amazonaws.com/photos/264402332/original.jpeg,k-western-south-america,2024-10-25 18:38:54
original_4121154439_1.jpeg,4088199,Utricularia jamesoniana,4.319,"Heliodoxa rubinoides (Bourcier & Mulsant, 1846)",2476931,0.009574,-78.676278,8.0,SOUTH_AMERICA,Pichincha,,,,2022-11-04T04:10,False,Ted Goshulak,iNaturalist,http://creativecommons.org/licenses/by-nc/4.0/,Ted Goshulak,https://inaturalist-open-data.s3.amazonaws.com/photos/244713470/original.jpeg,k-western-south-america,2024-10-25 18:39:04
original_4121239750_1.jpeg,4928885,Toxicodendron striatum,3.5159999999999996,"Heliodoxa rubinoides (Bourcier & Mulsant, 1846)",2476931,0.02607,-78.63966,,SOUTH_AMERICA,Pichincha,,,,2023-01-25T12:38,False,moodejo,iNaturalist,http://creativecommons.org/licenses/by-nc/4.0/,moodejo,https://inaturalist-open-data.s3.amazonaws.com/photos/281057520/original.jpeg,k-western-south-america,2024-10-25 18:39:11
original_4121301823_1.jpeg,3830518,Abuta grandifolia,3.3259999999999996,"Heliodoxa rubinoides (Bourcier & Mulsant, 1846)",2476931,-0.0069,-78.7207,,SOUTH_AMERICA,Pichincha,,,,2023-01-24T08:19,False,moodejo,iNaturalist,http://creativecommons.org/licenses/by-nc/4.0/,moodejo,https://inaturalist-open-data.s3.amazonaws.com/photos/280603914/original.jpeg,k-western-south-america,2024-10-25 18:39:14
original_4121328842_1.jpeg,5320021,Epidendrum nocturnum,5.2490000000000006,"Heliodoxa rubinoides (Bourcier & Mulsant, 1846)",2476931,7.049448,-75.401533,,SOUTH_AMERICA,Antioquia,,,,2022-10-06T16:11:46,False,Edwin Múnera Chavarría,iNaturalist,http://creativecommons.org/licenses/by-nc/4.0/,Edwin Múnera Chavarría,https://inaturalist-open-data.s3.amazonaws.com/photos/280395419/original.jpeg,k-western-south-america,2024-10-25 18:39:19
original_4121340484_2.jpeg,5591185,Drymonia coccinea,4.573,"Heliodoxa rubinoides (Bourcier & Mulsant, 1846)",2476931,-0.598626,-77.890535,212.0,SOUTH_AMERICA,Napo,,,,2022-11-12T10:56,False,Ted Goshulak,iNaturalist,http://creativecommons.org/licenses/by-nc/4.0/,Ted Goshulak,https://inaturalist-open-data.s3.amazonaws.com/photos/246779540/original.jpeg; https://inaturalist-open-data.s3.amazonaws.com/photos/246779547/original.jpeg,k-western-south-america,2024-10-25 18:39:24
original_4126672059_1.jpeg,5938225,Fuchsia boliviana,8.288,"Heliodoxa rubinoides (Bourcier & Mulsant, 1846)",2476931,5.062974,-75.50277,11785.0,SOUTH_AMERICA,Caldas,,,,2023-02-11T04:27,False,Bruce Taylor,iNaturalist,http://creativecommons.org/licenses/by-nc/4.0/,Bruce Taylor,https://inaturalist-open-data.s3.amazonaws.com/photos/257664554/original.jpeg,k-western-south-america,2024-10-25 18:39:29
original_4127312059_1.jpg,2927098,Ocimum campechianum,80.413,"Heliodoxa rubinoides (Bourcier & Mulsant, 1846)",2476931,-0.06895,-78.771255,4.0,SOUTH_AMERICA,Pichincha,,,,2023-05-22T12:13:03,False,Sebastián Lescano,iNaturalist,http://creativecommons.org/licenses/by-nc/4.0/,Sebastián Lescano,https://inaturalist-open-data.s3.amazonaws.com/photos/283378577/original.jpg,k-western-south-america,2024-10-25 18:39:32
original_4130021378_1.jpeg,5313487,Lycaste schilleriana,1.1820000000000002,"Heliodoxa rubinoides (Bourcier & Mulsant, 1846)",2476931,0.026283,-78.639797,,SOUTH_AMERICA,Pichincha,,,,2023-02-06T15:20:08,False,Mathias,iNaturalist,http://creativecommons.org/licenses/by-nc/4.0/,Mathias,https://inaturalist-open-data.s3.amazonaws.com/photos/285949381/original.jpeg,k-western-south-america,2024-10-25 18:39:35
original_4137614599_1.jpeg,4175764,Persea caerulea,2.907,"Heliodoxa rubinoides (Bourcier & Mulsant, 1846)",2476931,0.009574,-78.676278,8.0,SOUTH_AMERICA,Pichincha,,,,2022-11-05T04:38,False,Ted Goshulak,iNaturalist,http://creativecommons.org/licenses/by-nc/4.0/,Ted Goshulak,https://inaturalist-open-data.s3.amazonaws.com/photos/244717300/original.jpeg,k-western-south-america,2024-10-25 18:39:41
original_4138093567_1.jpeg,8368994,Passiflora mixta,1.7690000000000001,"Heliodoxa rubinoides (Bourcier & Mulsant, 1846)",2476931,-0.015983,-78.680856,188.0,SOUTH_AMERICA,Pichincha,,,,2018-07-02T05:09,False,Royle Safaris,iNaturalist,http://creativecommons.org/licenses/by-nc/4.0/,Royle Safaris,https://inaturalist-open-data.s3.amazonaws.com/photos/288166737/original.jpeg,k-western-south-america,2024-10-25 18:39:46
original_4138388455_1.jpeg,8368994,Passiflora mixta,3.215,"Heliodoxa rubinoides (Bourcier & Mulsant, 1846)",2476931,0.029244,-78.680817,,SOUTH_AMERICA,Pichincha,,,,2023-03-10T09:18:29,False,cherubin,iNaturalist,http://creativecommons.org/licenses/by-nc/4.0/,cherubin,https://inaturalist-open-data.s3.amazonaws.com/photos/260943985/original.jpeg; https://inaturalist-open-data.s3.amazonaws.com/photos/260944000/original.jpeg,k-western-south-america,2024-10-25 18:39:49
original_4165494843_1.jpeg,8368994,Passiflora mixta,7.074999999999999,"Heliodoxa rubinoides (Bourcier & Mulsant, 1846)",2476931,-0.589875,-77.880378,,SOUTH_AMERICA,Napo,,,,2023-01-28T07:08,False,moodejo,iNaturalist,http://creativecommons.org/licenses/by-nc/4.0/,moodejo,https://inaturalist-open-data.s3.amazonaws.com/photos/300804609/original.jpeg,k-western-south-america,2024-10-25 18:39:57
original_4171187820_1.jpg,7279239,Hibiscus diversifolius,3.033,"Heliodoxa rubinoides (Bourcier & Mulsant, 1846)",2476931,-0.589828,-77.880317,4.0,SOUTH_AMERICA,Napo,,,,2023-04-08T12:30:07,False,Lauren Palmer,iNaturalist,http://creativecommons.org/licenses/by-nc/4.0/,Lauren Palmer,https://inaturalist-open-data.s3.amazonaws.com/photos/284588073/original.jpg; https://inaturalist-open-data.s3.amazonaws.com/photos/284588169/original.jpg,k-western-south-america,2024-10-25 18:40:00
original_4171187820_2.jpg,7279239,Hibiscus diversifolius,3.0380000000000003,"Heliodoxa rubinoides (Bourcier & Mulsant, 1846)",2476931,-0.589828,-77.880317,4.0,SOUTH_AMERICA,Napo,,,,2023-04-08T12:30:07,False,Lauren Palmer,iNaturalist,http://creativecommons.org/licenses/by-nc/4.0/,Lauren Palmer,https://inaturalist-open-data.s3.amazonaws.com/photos/284588073/original.jpg; https://inaturalist-open-data.s3.amazonaws.com/photos/284588169/original.jpg,k-western-south-america,2024-10-25 18:40:02
original_4171206453_1.jpeg,8410331,Justicia aurea,4.772,"Heliodoxa rubinoides (Bourcier & Mulsant, 1846)",2476931,5.596392,-75.821341,210.0,SOUTH_AMERICA,Antioquia,,,,2023-05-15T13:11:24,False,Jay,iNaturalist,http://creativecommons.org/licenses/by-nc/4.0/,Jay,https://inaturalist-open-data.s3.amazonaws.com/photos/279898246/original.jpeg,k-western-south-america,2024-10-25 18:40:06
original_4171219711_1.jpg,2925465,Stachytarpheta indica,24.887999999999998,"Heliodoxa rubinoides (Bourcier & Mulsant, 1846)",2476931,3.566396,-76.585288,4.0,SOUTH_AMERICA,Valle del Cauca,,,,2022-08-02T16:49,False,eamonccorbett,iNaturalist,http://creativecommons.org/licenses/by-nc/4.0/,eamonccorbett,https://inaturalist-open-data.s3.amazonaws.com/photos/274758502/original.jpg; https://inaturalist-open-data.s3.amazonaws.com/photos/274760240/original.jpg,k-western-south-america,2024-10-25 18:40:11
original_4171219711_2.jpg,2925463,Stachytarpheta jamaicensis,19.054,"Heliodoxa rubinoides (Bourcier & Mulsant, 1846)",2476931,3.566396,-76.585288,4.0,SOUTH_AMERICA,Valle del Cauca,,,,2022-08-02T16:49,False,eamonccorbett,iNaturalist,http://creativecommons.org/licenses/by-nc/4.0/,eamonccorbett,https://inaturalist-open-data.s3.amazonaws.com/photos/274758502/original.jpg; https://inaturalist-open-data.s3.amazonaws.com/photos/274760240/original.jpg,k-western-south-america,2024-10-25 18:40:14
original_4171239692_1.jpeg,7661971,Bambusa vulgaris,6.4079999999999995,"Heliodoxa rubinoides (Bourcier & Mulsant, 1846)",2476931,-0.247483,-78.80495,4.0,SOUTH_AMERICA,Santo Domingo de los Tsáchilas,,,,2023-05-28T11:58,False,jorgebrito,iNaturalist,http://creativecommons.org/licenses/by-nc/4.0/,jorgebrito,https://inaturalist-open-data.s3.amazonaws.com/photos/284578746/original.jpeg,k-western-south-america,2024-10-25 18:40:16
original_4171519770_1.jpg,3070717,Plukenetia volubilis,7.851,"Heliodoxa rubinoides (Bourcier & Mulsant, 1846)",2476931,-0.59207,-77.850297,4.0,SOUTH_AMERICA,Napo,,,,2023-04-06T13:53:12,False,Lauren Palmer,iNaturalist,http://creativecommons.org/licenses/by-nc/4.0/,Lauren Palmer,https://inaturalist-open-data.s3.amazonaws.com/photos/284582436/original.jpg; https://inaturalist-open-data.s3.amazonaws.com/photos/284582481/original.jpg,k-western-south-america,2024-10-25 18:40:24
original_4171519770_2.jpg,3587301,Passiflora nitida,3.4419999999999997,"Heliodoxa rubinoides (Bourcier & Mulsant, 1846)",2476931,-0.59207,-77.850297,4.0,SOUTH_AMERICA,Napo,,,,2023-04-06T13:53:12,False,Lauren Palmer,iNaturalist,http://creativecommons.org/licenses/by-nc/4.0/,Lauren Palmer,https://inaturalist-open-data.s3.amazonaws.com/photos/284582436/original.jpg; https://inaturalist-open-data.s3.amazonaws.com/photos/284582481/original.jpg,k-western-south-america,2024-10-25 18:40:27
original_4171782704_1.jpeg,2930137,Solanum lycopersicum,1.042,"Heliodoxa rubinoides (Bourcier & Mulsant, 1846)",2476931,-0.048717,-78.775198,2169.0,SOUTH_AMERICA,Pichincha,,,,2014-02-08T15:44,False,Sebastián,iNaturalist,http://creativecommons.org/licenses/by-nc/4.0/,Sebastián,https://inaturalist-open-data.s3.amazonaws.com/photos/305527561/original.jpeg; https://inaturalist-open-data.s3.amazonaws.com/photos/305527600/original.jpeg; https://inaturalist-open-data.s3.amazonaws.com/photos/305528533/original.jpeg,k-western-south-america,2024-10-25 18:40:29
original_4171782704_3.jpeg,5321877,Ionopsis utricularioides,12.112,"Heliodoxa rubinoides (Bourcier & Mulsant, 1846)",2476931,-0.048717,-78.775198,2169.0,SOUTH_AMERICA,Pichincha,,,,2014-02-08T15:44,False,Sebastián,iNaturalist,http://creativecommons.org/licenses/by-nc/4.0/,Sebastián,https://inaturalist-open-data.s3.amazonaws.com/photos/305527561/original.jpeg; https://inaturalist-open-data.s3.amazonaws.com/photos/305527600/original.jpeg; https://inaturalist-open-data.s3.amazonaws.com/photos/305528533/original.jpeg,k-western-south-america,2024-10-25 18:40:32
original_4400339458_1.jpeg,2948882,Macrolobium acaciifolium,4.401999999999999,"Heliodoxa rubinoides (Bourcier & Mulsant, 1846)",2476931,-0.006944,-78.720833,,SOUTH_AMERICA,Pichincha,,,,2023-04-30T08:36:05,False,Diego Torres Sierra,iNaturalist,http://creativecommons.org/licenses/by-nc/4.0/,Diego Torres Sierra,https://inaturalist-open-data.s3.amazonaws.com/photos/273839817/original.jpeg,k-western-south-america,2024-10-25 18:40:38
original_4400353486_1.jpeg,5320021,Epidendrum nocturnum,3.7159999999999997,"Heliodoxa rubinoides (Bourcier & Mulsant, 1846)",2476931,7.049292,-75.401343,,SOUTH_AMERICA,Antioquia,,,,2022-10-06T08:37:09,False,Edwin Múnera Chavarría,iNaturalist,http://creativecommons.org/licenses/by-nc/4.0/,Edwin Múnera Chavarría,https://inaturalist-open-data.s3.amazonaws.com/photos/237070814/original.jpeg,k-western-south-america,2024-10-25 18:40:41
original_4400407538_1.jpeg,5288518,Pitcairnia heterophylla,11.439,"Heliodoxa rubinoides (Bourcier & Mulsant, 1846)",2476931,-0.006944,-78.720833,,SOUTH_AMERICA,Pichincha,,,,2023-04-30T08:35:55,False,Diego Torres Sierra,iNaturalist,http://creativecommons.org/licenses/by-nc/4.0/,Diego Torres Sierra,https://inaturalist-open-data.s3.amazonaws.com/photos/273838045/original.jpeg; https://inaturalist-open-data.s3.amazonaws.com/photos/273838393/original.jpeg,k-western-south-america,2024-10-25 18:40:43
original_4400407538_2.jpeg,2872811,Anthurium gracile,2.458,"Heliodoxa rubinoides (Bourcier & Mulsant, 1846)",2476931,-0.006944,-78.720833,,SOUTH_AMERICA,Pichincha,,,,2023-04-30T08:35:55,False,Diego Torres Sierra,iNaturalist,http://creativecommons.org/licenses/by-nc/4.0/,Diego Torres Sierra,https://inaturalist-open-data.s3.amazonaws.com/photos/273838045/original.jpeg; https://inaturalist-open-data.s3.amazonaws.com/photos/273838393/original.jpeg,k-western-south-america,2024-10-25 18:40:47
original_4407105565_1.jpeg,2892105,Duroia hirsuta,3.58,"Heliodoxa rubinoides (Bourcier & Mulsant, 1846)",2476931,-0.590091,-77.880597,10.0,SOUTH_AMERICA,Napo,,,,2023-07-12T09:23,False,cheelan2021,iNaturalist,http://creativecommons.org/licenses/by-nc/4.0/,cheelan2021,https://inaturalist-open-data.s3.amazonaws.com/photos/315070202/original.jpeg; https://inaturalist-open-data.s3.amazonaws.com/photos/315070203/original.jpeg; https://inaturalist-open-data.s3.amazonaws.com/photos/315070219/original.jpeg,k-western-south-america,2024-10-25 18:40:50
original_4407105565_3.jpeg,2892105,Duroia hirsuta,5.743,"Heliodoxa rubinoides (Bourcier & Mulsant, 1846)",2476931,-0.590091,-77.880597,10.0,SOUTH_AMERICA,Napo,,,,2023-07-12T09:23,False,cheelan2021,iNaturalist,http://creativecommons.org/licenses/by-nc/4.0/,cheelan2021,https://inaturalist-open-data.s3.amazonaws.com/photos/315070202/original.jpeg; https://inaturalist-open-data.s3.amazonaws.com/photos/315070203/original.jpeg; https://inaturalist-open-data.s3.amazonaws.com/photos/315070219/original.jpeg,k-western-south-america,2024-10-25 18:40:54
original_4407130510_1.jpeg,2925462,Stachytarpheta mutabilis,12.853,"Heliodoxa rubinoides (Bourcier & Mulsant, 1846)",2476931,-0.504386,-77.856553,,SOUTH_AMERICA,Napo,,,,2023-02-02T12:16,False,moodejo,iNaturalist,http://creativecommons.org/licenses/by-nc/4.0/,moodejo,https://inaturalist-open-data.s3.amazonaws.com/photos/314286034/original.jpeg,k-western-south-america,2024-10-25 18:40:57
original_4407323506_1.jpg,4171009,Sphyrospermum buxifolium,3.116,"Heliodoxa rubinoides (Bourcier & Mulsant, 1846)",2476931,0.009524,-78.675955,230.0,SOUTH_AMERICA,Pichincha,,,,2023-06-06T17:43,False,eschertler,iNaturalist,http://creativecommons.org/licenses/by-nc/4.0/,eschertler,https://inaturalist-open-data.s3.amazonaws.com/photos/314981145/original.jpg,k-western-south-america,2024-10-25 18:41:04
original_4407351762_1.jpeg,7279239,Hibiscus diversifolius,10.168000000000001,"Heliodoxa rubinoides (Bourcier & Mulsant, 1846)",2476931,-0.590091,-77.880597,10.0,SOUTH_AMERICA,Napo,,,,2023-07-12T09:28,False,cheelan2021,iNaturalist,http://creativecommons.org/licenses/by-nc/4.0/,cheelan2021,https://inaturalist-open-data.s3.amazonaws.com/photos/315070252/original.jpeg,k-western-south-america,2024-10-25 18:41:07
original_4407371695_1.jpg,2907406,Chiococca alba,1.325,"Heliodoxa rubinoides (Bourcier & Mulsant, 1846)",2476931,-0.029738,-78.75257,4.0,SOUTH_AMERICA,Pichincha,,,,2023-07-18T15:17,False,Giff Beaton,iNaturalist,http://creativecommons.org/licenses/by-nc/4.0/,Giff Beaton,https://inaturalist-open-data.s3.amazonaws.com/photos/315381823/original.jpg,k-western-south-america,2024-10-25 18:41:09
original_4413876955_1.jpg,2884788,Pouteria caimito,3.859,"Heliodoxa rubinoides (Bourcier & Mulsant, 1846)",2476931,0.030538,-78.681172,28.0,SOUTH_AMERICA,Pichincha,,,,2019-08-15T11:10,False,Rosario,iNaturalist,http://creativecommons.org/licenses/by-nc/4.0/,Rosario,https://inaturalist-open-data.s3.amazonaws.com/photos/317891756/original.jpg,k-western-south-america,2024-10-25 18:41:14
original_4416662912_1.jpeg,5286006,Podocarpus oleifolius,0.8059999999999999,"Heliodoxa rubinoides (Bourcier & Mulsant, 1846)",2476931,5.367327,-75.891415,4.0,SOUTH_AMERICA,Caldas,,,,2023-04-18T09:55,False,russruffing,iNaturalist,http://creativecommons.org/licenses/by-nc/4.0/,russruffing,https://inaturalist-open-data.s3.amazonaws.com/photos/322396233/original.jpeg,k-western-south-america,2024-10-25 18:41:17
original_4416730801_1.jpg,5321877,Ionopsis utricularioides,1.2630000000000001,"Heliodoxa rubinoides (Bourcier & Mulsant, 1846)",2476931,-0.067779,-78.596097,211.0,SOUTH_AMERICA,Pichincha,,,,2023-08-25T19:52,False,wilsonkennethr,iNaturalist,http://creativecommons.org/licenses/by-nc/4.0/,wilsonkennethr,https://inaturalist-open-data.s3.amazonaws.com/photos/320836602/original.jpg,k-western-south-america,2024-10-25 18:41:19
original_4420673432_1.jpeg,2874569,Cucumis sativus,6.2219999999999995,"Heliodoxa rubinoides (Bourcier & Mulsant, 1846)",2476931,0.026269,-78.639793,11.0,SOUTH_AMERICA,Pichincha,,,,2022-11-12T14:04,False,Nico,iNaturalist,http://creativecommons.org/publicdomain/zero/1.0/,Nico,https://inaturalist-open-data.s3.amazonaws.com/photos/244301203/original.jpeg; https://inaturalist-open-data.s3.amazonaws.com/photos/244301227/original.jpeg,k-western-south-america,2024-10-25 18:41:27
original_4420673432_2.jpeg,5415081,Crescentia cujete,1.452,"Heliodoxa rubinoides (Bourcier & Mulsant, 1846)",2476931,0.026269,-78.639793,11.0,SOUTH_AMERICA,Pichincha,,,,2022-11-12T14:04,False,Nico,iNaturalist,http://creativecommons.org/publicdomain/zero/1.0/,Nico,https://inaturalist-open-data.s3.amazonaws.com/photos/244301203/original.jpeg; https://inaturalist-open-data.s3.amazonaws.com/photos/244301227/original.jpeg,k-western-south-america,2024-10-25 18:41:29
original_4420674426_1.jpeg,7284849,Erythroxylum gracilipes,4.456,"Heliodoxa rubinoides (Bourcier & Mulsant, 1846)",2476931,-3.653943,-79.768032,45.0,SOUTH_AMERICA,El Oro,,,,2022-11-14T14:09,False,Nico,iNaturalist,http://creativecommons.org/publicdomain/zero/1.0/,Nico,https://inaturalist-open-data.s3.amazonaws.com/photos/244308575/original.jpeg,k-western-south-america,2024-10-25 18:41:32
original_4420926919_2.jpg,7313348,Passiflora platyloba,5.794,"Heliodoxa rubinoides (Bourcier & Mulsant, 1846)",2476931,-3.653588,-79.737667,2000.0,SOUTH_AMERICA,El Oro,,,,2023-01-31T10:48,False,Ryan F. Mandelbaum,iNaturalist,http://creativecommons.org/licenses/by/4.0/,Ryan F. Mandelbaum,https://inaturalist-open-data.s3.amazonaws.com/photos/323095570/original.jpg; https://inaturalist-open-data.s3.amazonaws.com/photos/323095571/original.jpg; https://inaturalist-open-data.s3.amazonaws.com/photos/323095576/original.jpg; https://inaturalist-open-data.s3.amazonaws.com/photos/323095629/original.jpg,k-western-south-america,2024-10-25 18:41:36
original_4420929388_1.jpg,3830518,Abuta grandifolia,9.433,"Heliodoxa rubinoides (Bourcier & Mulsant, 1846)",2476931,-0.028468,-78.75218,,SOUTH_AMERICA,Pichincha,,,,2022-10-13T09:50,False,dirkmaes,iNaturalist,http://creativecommons.org/licenses/by-nc/4.0/,dirkmaes,https://inaturalist-open-data.s3.amazonaws.com/photos/243900648/original.jpg,k-western-south-america,2024-10-25 18:41:43
original_4421173557_1.jpg,2873403,Anthurium formosum,3.6470000000000002,"Heliodoxa rubinoides (Bourcier & Mulsant, 1846)",2476931,-0.592103,-77.850312,4.0,SOUTH_AMERICA,Napo,,,,2023-04-06T13:49:25,False,Lauren Palmer,iNaturalist,http://creativecommons.org/licenses/by-nc/4.0/,Lauren Palmer,https://inaturalist-open-data.s3.amazonaws.com/photos/284582308/original.jpg; https://inaturalist-open-data.s3.amazonaws.com/photos/284582343/original.jpg,k-western-south-america,2024-10-25 18:41:46
original_4421173557_2.jpg,2651583,Lophosoria quadripinnata,13.533999999999999,"Heliodoxa rubinoides (Bourcier & Mulsant, 1846)",2476931,-0.592103,-77.850312,4.0,SOUTH_AMERICA,Napo,,,,2023-04-06T13:49:25,False,Lauren Palmer,iNaturalist,http://creativecommons.org/licenses/by-nc/4.0/,Lauren Palmer,https://inaturalist-open-data.s3.amazonaws.com/photos/284582308/original.jpg; https://inaturalist-open-data.s3.amazonaws.com/photos/284582343/original.jpg,k-western-south-america,2024-10-25 18:41:48
original_4430507954_2.jpg,2931279,Solanum furcatum,5.875,"Heliodoxa rubinoides (Bourcier & Mulsant, 1846)",2476931,3.530032,-76.612671,22.0,SOUTH_AMERICA,Valle del Cauca,,,,2023-09-14T13:51:01,False,AJ Johnson,iNaturalist,http://creativecommons.org/licenses/by-nc/4.0/,AJ Johnson,https://inaturalist-open-data.s3.amazonaws.com/photos/327176328/original.jpg; https://inaturalist-open-data.s3.amazonaws.com/photos/327176357/original.jpg,k-western-south-america,2024-10-25 18:41:56
original_4430966906_1.jpg,3866517,Bellucia pentamera,1.113,"Heliodoxa rubinoides (Bourcier & Mulsant, 1846)",2476931,3.530008,-76.612656,22.0,SOUTH_AMERICA,Valle del Cauca,,,,2023-09-14T12:45:13,False,AJ Johnson,iNaturalist,http://creativecommons.org/licenses/by-nc/4.0/,AJ Johnson,https://inaturalist-open-data.s3.amazonaws.com/photos/327175073/original.jpg; https://inaturalist-open-data.s3.amazonaws.com/photos/327175098/original.jpg; https://inaturalist-open-data.s3.amazonaws.com/photos/327175115/original.jpg; https://inaturalist-open-data.s3.amazonaws.com/photos/327175135/original.jpg,k-western-south-america,2024-10-25 18:42:08
original_4430966906_2.jpg,7264854,Paullinia alata,4.104,"Heliodoxa rubinoides (Bourcier & Mulsant, 1846)",2476931,3.530008,-76.612656,22.0,SOUTH_AMERICA,Valle del Cauca,,,,2023-09-14T12:45:13,False,AJ Johnson,iNaturalist,http://creativecommons.org/licenses/by-nc/4.0/,AJ Johnson,https://inaturalist-open-data.s3.amazonaws.com/photos/327175073/original.jpg; https://inaturalist-open-data.s3.amazonaws.com/photos/327175098/original.jpg; https://inaturalist-open-data.s3.amazonaws.com/photos/327175115/original.jpg; https://inaturalist-open-data.s3.amazonaws.com/photos/327175135/original.jpg,k-western-south-america,2024-10-25 18:42:10
original_4430966906_3.jpg,7264854,Paullinia alata,3.2199999999999998,"Heliodoxa rubinoides (Bourcier & Mulsant, 1846)",2476931,3.530008,-76.612656,22.0,SOUTH_AMERICA,Valle del Cauca,,,,2023-09-14T12:45:13,False,AJ Johnson,iNaturalist,http://creativecommons.org/licenses/by-nc/4.0/,AJ Johnson,https://inaturalist-open-data.s3.amazonaws.com/photos/327175073/original.jpg; https://inaturalist-open-data.s3.amazonaws.com/photos/327175098/original.jpg; https://inaturalist-open-data.s3.amazonaws.com/photos/327175115/original.jpg; https://inaturalist-open-data.s3.amazonaws.com/photos/327175135/original.jpg,k-western-south-america,2024-10-25 18:42:13
original_4430966906_4.jpg,5319715,Epidendrum rigidum,2.008,"Heliodoxa rubinoides (Bourcier & Mulsant, 1846)",2476931,3.530008,-76.612656,22.0,SOUTH_AMERICA,Valle del Cauca,,,,2023-09-14T12:45:13,False,AJ Johnson,iNaturalist,http://creativecommons.org/licenses/by-nc/4.0/,AJ Johnson,https://inaturalist-open-data.s3.amazonaws.com/photos/327175073/original.jpg; https://inaturalist-open-data.s3.amazonaws.com/photos/327175098/original.jpg; https://inaturalist-open-data.s3.amazonaws.com/photos/327175115/original.jpg; https://inaturalist-open-data.s3.amazonaws.com/photos/327175135/original.jpg,k-western-south-america,2024-10-25 18:42:16
original_4431156105_1.jpeg,7279239,Hibiscus diversifolius,15.487,"Heliodoxa rubinoides (Bourcier & Mulsant, 1846)",2476931,-0.5898,-77.88035,30.0,SOUTH_AMERICA,Napo,,,,2023-10-06T06:44,False,Tommy Andriollo,iNaturalist,http://creativecommons.org/licenses/by/4.0/,Tommy Andriollo,https://inaturalist-open-data.s3.amazonaws.com/photos/329521015/original.jpeg,k-western-south-america,2024-10-25 18:42:18
original_4431189202_1.jpeg,3866517,Bellucia pentamera,1.409,"Heliodoxa rubinoides (Bourcier & Mulsant, 1846)",2476931,-0.5898,-77.88035,30.0,SOUTH_AMERICA,Napo,,,,2023-10-06T07:16,False,Tommy Andriollo,iNaturalist,http://creativecommons.org/licenses/by/4.0/,Tommy Andriollo,https://inaturalist-open-data.s3.amazonaws.com/photos/329521022/original.jpeg,k-western-south-america,2024-10-25 18:42:22
original_4436146847_1.jpg,2760947,Heliconia acuminata,10.105,"Heliodoxa rubinoides (Bourcier & Mulsant, 1846)",2476931,0.058959,-78.699764,1953.0,SOUTH_AMERICA,Pichincha,,,,2023-10-20T10:13,False,drmbush,iNaturalist,http://creativecommons.org/licenses/by-nc/4.0/,drmbush,https://inaturalist-open-data.s3.amazonaws.com/photos/331397840/original.jpg,k-western-south-america,2024-10-25 18:42:29
original_4440686477_1.jpg,2792457,Polystachya concreta,4.083,"Heliodoxa rubinoides (Bourcier & Mulsant, 1846)",2476931,-0.589598,-77.880892,100.0,SOUTH_AMERICA,Napo,,,,2023-10-22T08:04,False,John Klymko,iNaturalist,http://creativecommons.org/licenses/by-nc/4.0/,John Klymko,https://inaturalist-open-data.s3.amazonaws.com/photos/333492306/original.jpg,k-western-south-america,2024-10-25 18:42:34
original_4440836616_1.jpeg,3083111,Couratari guianensis,1.466,"Heliodoxa rubinoides (Bourcier & Mulsant, 1846)",2476931,0.009574,-78.676278,8.0,SOUTH_AMERICA,Pichincha,,,,2022-11-04T04:16,False,Ted Goshulak,iNaturalist,http://creativecommons.org/licenses/by-nc/4.0/,Ted Goshulak,https://inaturalist-open-data.s3.amazonaws.com/photos/244713544/original.jpeg,k-western-south-america,2024-10-25 18:42:36
original_4440946448_1.jpg,5361926,Ficus americana,11.062,"Heliodoxa rubinoides (Bourcier & Mulsant, 1846)",2476931,-0.592908,-77.852451,100.0,SOUTH_AMERICA,Napo,,,,2023-10-21T17:08,False,John Klymko,iNaturalist,http://creativecommons.org/licenses/by-nc/4.0/,John Klymko,https://inaturalist-open-data.s3.amazonaws.com/photos/333490631/original.jpg; https://inaturalist-open-data.s3.amazonaws.com/photos/333490864/original.jpg,k-western-south-america,2024-10-25 18:42:41
original_4453824387_1.jpg,4261683,Entelea arborescens,6.583,"Heliodoxa rubinoides (Bourcier & Mulsant, 1846)",2476931,-0.59005,-77.880608,107.0,SOUTH_AMERICA,Napo,,,,2021-07-24T07:48,False,raronson123,iNaturalist,http://creativecommons.org/licenses/by-nc/4.0/,raronson123,https://inaturalist-open-data.s3.amazonaws.com/photos/337458095/original.jpg,k-western-south-america,2024-10-25 18:42:49
original_4453924194_1.jpg,3190160,Citrus maxima,2.699,"Heliodoxa rubinoides (Bourcier & Mulsant, 1846)",2476931,4.496396,-75.293425,739.0,SOUTH_AMERICA,Tolima,,,,2023-07-23T09:26,False,cjmatheson,iNaturalist,http://creativecommons.org/licenses/by-nc/4.0/,cjmatheson,https://inaturalist-open-data.s3.amazonaws.com/photos/335156919/original.jpg,k-western-south-america,2024-10-25 18:42:54
original_4453935431_1.jpeg,7279239,Hibiscus diversifolius,34.794000000000004,"Heliodoxa rubinoides (Bourcier & Mulsant, 1846)",2476931,-0.996126,-77.806394,4524.0,SOUTH_AMERICA,Napo,,,,2023-06-04T00:10,False,ik90,iNaturalist,http://creativecommons.org/licenses/by-nc/4.0/,ik90,https://inaturalist-open-data.s3.amazonaws.com/photos/335932399/original.jpeg,k-western-south-america,2024-10-25 18:42:57
original_4465813108_1.jpg,5321877,Ionopsis utricularioides,0.903,"Heliodoxa rubinoides (Bourcier & Mulsant, 1846)",2476931,3.451647,-76.531985,9915.0,SOUTH_AMERICA,Valle del Cauca,,,,2022-10-10T16:05,False,Steve Bentsen,iNaturalist,http://creativecommons.org/licenses/by-nc/4.0/,Steve Bentsen,https://inaturalist-open-data.s3.amazonaws.com/photos/339631404/original.jpg,k-western-south-america,2024-10-25 18:43:01
original_4500544560_1.jpg,3830518,Abuta grandifolia,20.105,"Heliodoxa rubinoides (Bourcier & Mulsant, 1846)",2476931,-3.653932,-79.768204,223.0,SOUTH_AMERICA,El Oro,,,,2021-11-24T10:49,False,Gerold Morrison,iNaturalist,http://creativecommons.org/licenses/by-nc/4.0/,Gerold Morrison,https://inaturalist-open-data.s3.amazonaws.com/photos/329520174/original.jpg,k-western-south-america,2024-10-25 18:43:04
original_4500562479_1.jpg,3189950,Paullinia pinnata,0.922,"Heliodoxa rubinoides (Bourcier & Mulsant, 1846)",2476931,-2.121226,-79.115008,2000.0,SOUTH_AMERICA,Guayas,,,,2023-01-28T09:54,False,Ryan F. Mandelbaum,iNaturalist,http://creativecommons.org/licenses/by/4.0/,Ryan F. Mandelbaum,https://inaturalist-open-data.s3.amazonaws.com/photos/323087706/original.jpg; https://inaturalist-open-data.s3.amazonaws.com/photos/323087715/original.jpg,k-western-south-america,2024-10-25 18:43:06
original_4500562479_2.jpg,3189950,Paullinia pinnata,2.191,"Heliodoxa rubinoides (Bourcier & Mulsant, 1846)",2476931,-2.121226,-79.115008,2000.0,SOUTH_AMERICA,Guayas,,,,2023-01-28T09:54,False,Ryan F. Mandelbaum,iNaturalist,http://creativecommons.org/licenses/by/4.0/,Ryan F. Mandelbaum,https://inaturalist-open-data.s3.amazonaws.com/photos/323087706/original.jpg; https://inaturalist-open-data.s3.amazonaws.com/photos/323087715/original.jpg,k-western-south-america,2024-10-25 18:43:09
original_4500575472_1.jpg,5301960,Alpinia purpurata,0.167,"Heliodoxa rubinoides (Bourcier & Mulsant, 1846)",2476931,0.026242,-78.639778,4.0,SOUTH_AMERICA,Pichincha,,,,2023-12-14T10:16:35,False,urlookingood,iNaturalist,http://creativecommons.org/licenses/by-nc/4.0/,urlookingood,https://inaturalist-open-data.s3.amazonaws.com/photos/340867000/original.jpg,k-western-south-america,2024-10-25 18:43:11
original_4500672331_1.jpeg,8368994,Passiflora mixta,2.031,"Heliodoxa rubinoides (Bourcier & Mulsant, 1846)",2476931,-5.695792,-77.811229,204.0,SOUTH_AMERICA,Amazonas,,,,2023-11-19T17:45,False,rudymaex,iNaturalist,http://creativecommons.org/licenses/by-nc/4.0/,rudymaex,https://inaturalist-open-data.s3.amazonaws.com/photos/341503656/original.jpeg; https://inaturalist-open-data.s3.amazonaws.com/photos/341503663/original.jpeg,k-western-south-america,2024-10-25 18:43:14
original_4500672331_2.jpeg,4088199,Utricularia jamesoniana,4.503,"Heliodoxa rubinoides (Bourcier & Mulsant, 1846)",2476931,-5.695792,-77.811229,204.0,SOUTH_AMERICA,Amazonas,,,,2023-11-19T17:45,False,rudymaex,iNaturalist,http://creativecommons.org/licenses/by-nc/4.0/,rudymaex,https://inaturalist-open-data.s3.amazonaws.com/photos/341503656/original.jpeg; https://inaturalist-open-data.s3.amazonaws.com/photos/341503663/original.jpeg,k-western-south-america,2024-10-25 18:43:16
original_4507923962_1.jpg,2930137,Solanum lycopersicum,1.817,"Heliodoxa rubinoides (Bourcier & Mulsant, 1846)",2476931,-0.59005,-77.880608,212.0,SOUTH_AMERICA,Napo,,,,2023-12-20T08:52,False,Don Marsille,iNaturalist,http://creativecommons.org/licenses/by-nc/4.0/,Don Marsille,https://inaturalist-open-data.s3.amazonaws.com/photos/343789125/original.jpg,k-western-south-america,2024-10-25 18:43:18
original_4510358181_1.jpg,5571029,Ficus gomelleira,2.102,"Heliodoxa rubinoides (Bourcier & Mulsant, 1846)",2476931,0.025851,-78.632622,15.0,SOUTH_AMERICA,Pichincha,,,,2024-01-03T07:57,False,David Torres,iNaturalist,http://creativecommons.org/licenses/by-nc/4.0/,David Torres,https://inaturalist-open-data.s3.amazonaws.com/photos/344545413/original.jpg; https://inaturalist-open-data.s3.amazonaws.com/photos/344545415/original.jpg; https://inaturalist-open-data.s3.amazonaws.com/photos/344545481/original.jpg; https://inaturalist-open-data.s3.amazonaws.com/photos/344545487/original.jpg; https://inaturalist-open-data.s3.amazonaws.com/photos/344545492/original.jpg; https://inaturalist-open-data.s3.amazonaws.com/photos/344545493/original.jpg; https://inaturalist-open-data.s3.amazonaws.com/photos/344545562/original.jpg; https://inaturalist-open-data.s3.amazonaws.com/photos/344545563/original.jpg,k-western-south-america,2024-10-25 18:43:24
original_4510358181_2.jpg,2929617,Solanum chrysotrichum,1.38,"Heliodoxa rubinoides (Bourcier & Mulsant, 1846)",2476931,0.025851,-78.632622,15.0,SOUTH_AMERICA,Pichincha,,,,2024-01-03T07:57,False,David Torres,iNaturalist,http://creativecommons.org/licenses/by-nc/4.0/,David Torres,https://inaturalist-open-data.s3.amazonaws.com/photos/344545413/original.jpg; https://inaturalist-open-data.s3.amazonaws.com/photos/344545415/original.jpg; https://inaturalist-open-data.s3.amazonaws.com/photos/344545481/original.jpg; https://inaturalist-open-data.s3.amazonaws.com/photos/344545487/original.jpg; https://inaturalist-open-data.s3.amazonaws.com/photos/344545492/original.jpg; https://inaturalist-open-data.s3.amazonaws.com/photos/344545493/original.jpg; https://inaturalist-open-data.s3.amazonaws.com/photos/344545562/original.jpg; https://inaturalist-open-data.s3.amazonaws.com/photos/344545563/original.jpg,k-western-south-america,2024-10-25 18:43:26
original_4510358181_3.jpg,2945453,Schizolobium parahyba,14.594999999999999,"Heliodoxa rubinoides (Bourcier & Mulsant, 1846)",2476931,0.025851,-78.632622,15.0,SOUTH_AMERICA,Pichincha,,,,2024-01-03T07:57,False,David Torres,iNaturalist,http://creativecommons.org/licenses/by-nc/4.0/,David Torres,https://inaturalist-open-data.s3.amazonaws.com/photos/344545413/original.jpg; https://inaturalist-open-data.s3.amazonaws.com/photos/344545415/original.jpg; https://inaturalist-open-data.s3.amazonaws.com/photos/344545481/original.jpg; https://inaturalist-open-data.s3.amazonaws.com/photos/344545487/original.jpg; https://inaturalist-open-data.s3.amazonaws.com/photos/344545492/original.jpg; https://inaturalist-open-data.s3.amazonaws.com/photos/344545493/original.jpg; https://inaturalist-open-data.s3.amazonaws.com/photos/344545562/original.jpg; https://inaturalist-open-data.s3.amazonaws.com/photos/344545563/original.jpg,k-western-south-america,2024-10-25 18:43:28
original_4510358181_4.jpg,2880642,Quercus humboldtii,0.731,"Heliodoxa rubinoides (Bourcier & Mulsant, 1846)",2476931,0.025851,-78.632622,15.0,SOUTH_AMERICA,Pichincha,,,,2024-01-03T07:57,False,David Torres,iNaturalist,http://creativecommons.org/licenses/by-nc/4.0/,David Torres,https://inaturalist-open-data.s3.amazonaws.com/photos/344545413/original.jpg; https://inaturalist-open-data.s3.amazonaws.com/photos/344545415/original.jpg; https://inaturalist-open-data.s3.amazonaws.com/photos/344545481/original.jpg; https://inaturalist-open-data.s3.amazonaws.com/photos/344545487/original.jpg; https://inaturalist-open-data.s3.amazonaws.com/photos/344545492/original.jpg; https://inaturalist-open-data.s3.amazonaws.com/photos/344545493/original.jpg; https://inaturalist-open-data.s3.amazonaws.com/photos/344545562/original.jpg; https://inaturalist-open-data.s3.amazonaws.com/photos/344545563/original.jpg,k-western-south-america,2024-10-25 18:43:30
original_4510358181_5.jpg,2880642,Quercus humboldtii,4.864,"Heliodoxa rubinoides (Bourcier & Mulsant, 1846)",2476931,0.025851,-78.632622,15.0,SOUTH_AMERICA,Pichincha,,,,2024-01-03T07:57,False,David Torres,iNaturalist,http://creativecommons.org/licenses/by-nc/4.0/,David Torres,https://inaturalist-open-data.s3.amazonaws.com/photos/344545413/original.jpg; https://inaturalist-open-data.s3.amazonaws.com/photos/344545415/original.jpg; https://inaturalist-open-data.s3.amazonaws.com/photos/344545481/original.jpg; https://inaturalist-open-data.s3.amazonaws.com/photos/344545487/original.jpg; https://inaturalist-open-data.s3.amazonaws.com/photos/344545492/original.jpg; https://inaturalist-open-data.s3.amazonaws.com/photos/344545493/original.jpg; https://inaturalist-open-data.s3.amazonaws.com/photos/344545562/original.jpg; https://inaturalist-open-data.s3.amazonaws.com/photos/344545563/original.jpg,k-western-south-america,2024-10-25 18:43:32
original_4510358181_6.jpg,2925462,Stachytarpheta mutabilis,10.052,"Heliodoxa rubinoides (Bourcier & Mulsant, 1846)",2476931,0.025851,-78.632622,15.0,SOUTH_AMERICA,Pichincha,,,,2024-01-03T07:57,False,David Torres,iNaturalist,http://creativecommons.org/licenses/by-nc/4.0/,David Torres,https://inaturalist-open-data.s3.amazonaws.com/photos/344545413/original.jpg; https://inaturalist-open-data.s3.amazonaws.com/photos/344545415/original.jpg; https://inaturalist-open-data.s3.amazonaws.com/photos/344545481/original.jpg; https://inaturalist-open-data.s3.amazonaws.com/photos/344545487/original.jpg; https://inaturalist-open-data.s3.amazonaws.com/photos/344545492/original.jpg; https://inaturalist-open-data.s3.amazonaws.com/photos/344545493/original.jpg; https://inaturalist-open-data.s3.amazonaws.com/photos/344545562/original.jpg; https://inaturalist-open-data.s3.amazonaws.com/photos/344545563/original.jpg,k-western-south-america,2024-10-25 18:43:34
original_4510358181_8.jpg,2945453,Schizolobium parahyba,9.34,"Heliodoxa rubinoides (Bourcier & Mulsant, 1846)",2476931,0.025851,-78.632622,15.0,SOUTH_AMERICA,Pichincha,,,,2024-01-03T07:57,False,David Torres,iNaturalist,http://creativecommons.org/licenses/by-nc/4.0/,David Torres,https://inaturalist-open-data.s3.amazonaws.com/photos/344545413/original.jpg; https://inaturalist-open-data.s3.amazonaws.com/photos/344545415/original.jpg; https://inaturalist-open-data.s3.amazonaws.com/photos/344545481/original.jpg; https://inaturalist-open-data.s3.amazonaws.com/photos/344545487/original.jpg; https://inaturalist-open-data.s3.amazonaws.com/photos/344545492/original.jpg; https://inaturalist-open-data.s3.amazonaws.com/photos/344545493/original.jpg; https://inaturalist-open-data.s3.amazonaws.com/photos/344545562/original.jpg; https://inaturalist-open-data.s3.amazonaws.com/photos/344545563/original.jpg,k-western-south-america,2024-10-25 18:43:39
original_4512142232_1.jpg,3838768,Vasconcellea pubescens,3.7479999999999998,"Heliodoxa rubinoides (Bourcier & Mulsant, 1846)",2476931,-0.469562,-77.865212,12.0,SOUTH_AMERICA,Napo,,,,2024-01-09T16:13:54,False,molly_mcw,iNaturalist,http://creativecommons.org/licenses/by-nc/4.0/,molly_mcw,https://inaturalist-open-data.s3.amazonaws.com/photos/345506271/original.jpg; https://inaturalist-open-data.s3.amazonaws.com/photos/345506300/original.jpg; https://inaturalist-open-data.s3.amazonaws.com/photos/345506321/original.jpg; https://inaturalist-open-data.s3.amazonaws.com/photos/345506341/original.jpg,k-western-south-america,2024-10-25 18:43:41
original_4512232564_1.jpg,5311790,Eulophia alta,3.3939999999999997,"Heliodoxa rubinoides (Bourcier & Mulsant, 1846)",2476931,-0.026488,-78.759352,199.0,SOUTH_AMERICA,Pichincha,,,,2023-12-15T17:28,False,Don Marsille,iNaturalist,http://creativecommons.org/licenses/by-nc/4.0/,Don Marsille,https://inaturalist-open-data.s3.amazonaws.com/photos/345831003/original.jpg,k-western-south-america,2024-10-25 18:43:50
original_4512263893_1.jpg,5651017,Sloanea caribaea,1.976,"Heliodoxa rubinoides (Bourcier & Mulsant, 1846)",2476931,-0.026488,-78.759352,199.0,SOUTH_AMERICA,Pichincha,,,,2023-12-15T17:32,False,Don Marsille,iNaturalist,http://creativecommons.org/licenses/by-nc/4.0/,Don Marsille,https://inaturalist-open-data.s3.amazonaws.com/photos/345831088/original.jpg; https://inaturalist-open-data.s3.amazonaws.com/photos/345831091/original.jpg; https://inaturalist-open-data.s3.amazonaws.com/photos/345831110/original.jpg; https://inaturalist-open-data.s3.amazonaws.com/photos/345831134/original.jpg,k-western-south-america,2024-10-25 18:43:55
original_4512263893_2.jpg,5651017,Sloanea caribaea,1.121,"Heliodoxa rubinoides (Bourcier & Mulsant, 1846)",2476931,-0.026488,-78.759352,199.0,SOUTH_AMERICA,Pichincha,,,,2023-12-15T17:32,False,Don Marsille,iNaturalist,http://creativecommons.org/licenses/by-nc/4.0/,Don Marsille,https://inaturalist-open-data.s3.amazonaws.com/photos/345831088/original.jpg; https://inaturalist-open-data.s3.amazonaws.com/photos/345831091/original.jpg; https://inaturalist-open-data.s3.amazonaws.com/photos/345831110/original.jpg; https://inaturalist-open-data.s3.amazonaws.com/photos/345831134/original.jpg,k-western-south-america,2024-10-25 18:43:58
original_4512332501_2.jpg,3631998,Azorella compacta,7.536,"Heliodoxa rubinoides (Bourcier & Mulsant, 1846)",2476931,0.019935,-78.707171,212.0,SOUTH_AMERICA,Pichincha,,,,2023-12-16T11:24,False,Don Marsille,iNaturalist,http://creativecommons.org/licenses/by-nc/4.0/,Don Marsille,https://inaturalist-open-data.s3.amazonaws.com/photos/346160184/original.jpg; https://inaturalist-open-data.s3.amazonaws.com/photos/346160196/original.jpg; https://inaturalist-open-data.s3.amazonaws.com/photos/346160215/original.jpg; https://inaturalist-open-data.s3.amazonaws.com/photos/346160235/original.jpg; https://inaturalist-open-data.s3.amazonaws.com/photos/346160272/original.jpg,k-western-south-america,2024-10-25 18:44:27
original_4512332501_4.jpg,3778854,Sanchezia oblonga,3.421,"Heliodoxa rubinoides (Bourcier & Mulsant, 1846)",2476931,0.019935,-78.707171,212.0,SOUTH_AMERICA,Pichincha,,,,2023-12-16T11:24,False,Don Marsille,iNaturalist,http://creativecommons.org/licenses/by-nc/4.0/,Don Marsille,https://inaturalist-open-data.s3.amazonaws.com/photos/346160184/original.jpg; https://inaturalist-open-data.s3.amazonaws.com/photos/346160196/original.jpg; https://inaturalist-open-data.s3.amazonaws.com/photos/346160215/original.jpg; https://inaturalist-open-data.s3.amazonaws.com/photos/346160235/original.jpg; https://inaturalist-open-data.s3.amazonaws.com/photos/346160272/original.jpg,k-western-south-america,2024-10-25 18:44:31
original_4512332502_1.jpg,2956069,Piscidia piscipula,1.7409999999999999,"Heliodoxa rubinoides (Bourcier & Mulsant, 1846)",2476931,0.019935,-78.707171,212.0,SOUTH_AMERICA,Pichincha,,,,2023-12-16T16:22,False,Don Marsille,iNaturalist,http://creativecommons.org/licenses/by-nc/4.0/,Don Marsille,https://inaturalist-open-data.s3.amazonaws.com/photos/346161818/original.jpg; https://inaturalist-open-data.s3.amazonaws.com/photos/346161822/original.jpg; https://inaturalist-open-data.s3.amazonaws.com/photos/346161842/original.jpg; https://inaturalist-open-data.s3.amazonaws.com/photos/346161845/original.jpg,k-western-south-america,2024-10-25 18:44:35
original_4512332502_4.jpg,2951499,Mucuna pruriens,3.036,"Heliodoxa rubinoides (Bourcier & Mulsant, 1846)",2476931,0.019935,-78.707171,212.0,SOUTH_AMERICA,Pichincha,,,,2023-12-16T16:22,False,Don Marsille,iNaturalist,http://creativecommons.org/licenses/by-nc/4.0/,Don Marsille,https://inaturalist-open-data.s3.amazonaws.com/photos/346161818/original.jpg; https://inaturalist-open-data.s3.amazonaws.com/photos/346161822/original.jpg; https://inaturalist-open-data.s3.amazonaws.com/photos/346161842/original.jpg; https://inaturalist-open-data.s3.amazonaws.com/photos/346161845/original.jpg,k-western-south-america,2024-10-25 18:44:42
original_4512341163_1.jpg,8368994,Passiflora mixta,19.296,"Heliodoxa rubinoides (Bourcier & Mulsant, 1846)",2476931,0.019935,-78.707171,212.0,SOUTH_AMERICA,Pichincha,,,,2023-12-16T15:58,False,Don Marsille,iNaturalist,http://creativecommons.org/licenses/by-nc/4.0/,Don Marsille,https://inaturalist-open-data.s3.amazonaws.com/photos/346160989/original.jpg; https://inaturalist-open-data.s3.amazonaws.com/photos/346161020/original.jpg; https://inaturalist-open-data.s3.amazonaws.com/photos/346161051/original.jpg; https://inaturalist-open-data.s3.amazonaws.com/photos/346161162/original.jpg,k-western-south-america,2024-10-25 18:44:45
original_4512372518_1.jpg,4261683,Entelea arborescens,6.627,"Heliodoxa rubinoides (Bourcier & Mulsant, 1846)",2476931,0.019935,-78.707171,212.0,SOUTH_AMERICA,Pichincha,,,,2023-12-16T12:09,False,Don Marsille,iNaturalist,http://creativecommons.org/licenses/by-nc/4.0/,Don Marsille,https://inaturalist-open-data.s3.amazonaws.com/photos/346160476/original.jpg; https://inaturalist-open-data.s3.amazonaws.com/photos/346160490/original.jpg; https://inaturalist-open-data.s3.amazonaws.com/photos/346160495/original.jpg; https://inaturalist-open-data.s3.amazonaws.com/photos/346160497/original.jpg; https://inaturalist-open-data.s3.amazonaws.com/photos/346160524/original.jpg; https://inaturalist-open-data.s3.amazonaws.com/photos/346160526/original.jpg; https://inaturalist-open-data.s3.amazonaws.com/photos/346160529/original.jpg,k-western-south-america,2024-10-25 18:44:55
original_4512372518_3.jpg,3800529,Browallia speciosa,7.059,"Heliodoxa rubinoides (Bourcier & Mulsant, 1846)",2476931,0.019935,-78.707171,212.0,SOUTH_AMERICA,Pichincha,,,,2023-12-16T12:09,False,Don Marsille,iNaturalist,http://creativecommons.org/licenses/by-nc/4.0/,Don Marsille,https://inaturalist-open-data.s3.amazonaws.com/photos/346160476/original.jpg; https://inaturalist-open-data.s3.amazonaws.com/photos/346160490/original.jpg; https://inaturalist-open-data.s3.amazonaws.com/photos/346160495/original.jpg; https://inaturalist-open-data.s3.amazonaws.com/photos/346160497/original.jpg; https://inaturalist-open-data.s3.amazonaws.com/photos/346160524/original.jpg; https://inaturalist-open-data.s3.amazonaws.com/photos/346160526/original.jpg; https://inaturalist-open-data.s3.amazonaws.com/photos/346160529/original.jpg,k-western-south-america,2024-10-25 18:44:59
original_4512372518_4.jpg,4261683,Entelea arborescens,4.460999999999999,"Heliodoxa rubinoides (Bourcier & Mulsant, 1846)",2476931,0.019935,-78.707171,212.0,SOUTH_AMERICA,Pichincha,,,,2023-12-16T12:09,False,Don Marsille,iNaturalist,http://creativecommons.org/licenses/by-nc/4.0/,Don Marsille,https://inaturalist-open-data.s3.amazonaws.com/photos/346160476/original.jpg; https://inaturalist-open-data.s3.amazonaws.com/photos/346160490/original.jpg; https://inaturalist-open-data.s3.amazonaws.com/photos/346160495/original.jpg; https://inaturalist-open-data.s3.amazonaws.com/photos/346160497/original.jpg; https://inaturalist-open-data.s3.amazonaws.com/photos/346160524/original.jpg; https://inaturalist-open-data.s3.amazonaws.com/photos/346160526/original.jpg; https://inaturalist-open-data.s3.amazonaws.com/photos/346160529/original.jpg,k-western-south-america,2024-10-25 18:45:01
original_4512372518_5.jpg,3730754,Bacopa aquatica,2.131,"Heliodoxa rubinoides (Bourcier & Mulsant, 1846)",2476931,0.019935,-78.707171,212.0,SOUTH_AMERICA,Pichincha,,,,2023-12-16T12:09,False,Don Marsille,iNaturalist,http://creativecommons.org/licenses/by-nc/4.0/,Don Marsille,https://inaturalist-open-data.s3.amazonaws.com/photos/346160476/original.jpg; https://inaturalist-open-data.s3.amazonaws.com/photos/346160490/original.jpg; https://inaturalist-open-data.s3.amazonaws.com/photos/346160495/original.jpg; https://inaturalist-open-data.s3.amazonaws.com/photos/346160497/original.jpg; https://inaturalist-open-data.s3.amazonaws.com/photos/346160524/original.jpg; https://inaturalist-open-data.s3.amazonaws.com/photos/346160526/original.jpg; https://inaturalist-open-data.s3.amazonaws.com/photos/346160529/original.jpg,k-western-south-america,2024-10-25 18:45:03
original_4512372518_7.jpg,3800529,Browallia speciosa,3.451,"Heliodoxa rubinoides (Bourcier & Mulsant, 1846)",2476931,0.019935,-78.707171,212.0,SOUTH_AMERICA,Pichincha,,,,2023-12-16T12:09,False,Don Marsille,iNaturalist,http://creativecommons.org/licenses/by-nc/4.0/,Don Marsille,https://inaturalist-open-data.s3.amazonaws.com/photos/346160476/original.jpg; https://inaturalist-open-data.s3.amazonaws.com/photos/346160490/original.jpg; https://inaturalist-open-data.s3.amazonaws.com/photos/346160495/original.jpg; https://inaturalist-open-data.s3.amazonaws.com/photos/346160497/original.jpg; https://inaturalist-open-data.s3.amazonaws.com/photos/346160524/original.jpg; https://inaturalist-open-data.s3.amazonaws.com/photos/346160526/original.jpg; https://inaturalist-open-data.s3.amazonaws.com/photos/346160529/original.jpg,k-western-south-america,2024-10-25 18:45:07
original_4512414666_2.jpg,3587076,Passiflora miniata,3.3000000000000003,"Heliodoxa rubinoides (Bourcier & Mulsant, 1846)",2476931,0.019935,-78.707171,212.0,SOUTH_AMERICA,Pichincha,,,,2023-12-16T10:55,False,Don Marsille,iNaturalist,http://creativecommons.org/licenses/by-nc/4.0/,Don Marsille,https://inaturalist-open-data.s3.amazonaws.com/photos/346159837/original.jpg; https://inaturalist-open-data.s3.amazonaws.com/photos/346159864/original.jpg; https://inaturalist-open-data.s3.amazonaws.com/photos/346159877/original.jpg; https://inaturalist-open-data.s3.amazonaws.com/photos/346159953/original.jpg; https://inaturalist-open-data.s3.amazonaws.com/photos/346159987/original.jpg,k-western-south-america,2024-10-25 18:45:23
original_4512414666_5.jpg,8368994,Passiflora mixta,6.98,"Heliodoxa rubinoides (Bourcier & Mulsant, 1846)",2476931,0.019935,-78.707171,212.0,SOUTH_AMERICA,Pichincha,,,,2023-12-16T10:55,False,Don Marsille,iNaturalist,http://creativecommons.org/licenses/by-nc/4.0/,Don Marsille,https://inaturalist-open-data.s3.amazonaws.com/photos/346159837/original.jpg; https://inaturalist-open-data.s3.amazonaws.com/photos/346159864/original.jpg; https://inaturalist-open-data.s3.amazonaws.com/photos/346159877/original.jpg; https://inaturalist-open-data.s3.amazonaws.com/photos/346159953/original.jpg; https://inaturalist-open-data.s3.amazonaws.com/photos/346159987/original.jpg,k-western-south-america,2024-10-25 18:45:29
original_4516285230_1.jpg,2929362,Solanum capsicoides,4.796,"Heliodoxa rubinoides (Bourcier & Mulsant, 1846)",2476931,-0.051896,-78.759333,,SOUTH_AMERICA,Pichincha,,,,2023-12-26T09:19:23,False,Knut Rand,iNaturalist,http://creativecommons.org/licenses/by-nc/4.0/,Knut Rand,https://inaturalist-open-data.s3.amazonaws.com/photos/343385918/original.jpg; https://inaturalist-open-data.s3.amazonaws.com/photos/343385932/original.jpg,k-western-south-america,2024-10-25 18:45:34
original_4516285230_2.jpg,2896544,Gonzalagunia hirsuta,1.2890000000000001,"Heliodoxa rubinoides (Bourcier & Mulsant, 1846)",2476931,-0.051896,-78.759333,,SOUTH_AMERICA,Pichincha,,,,2023-12-26T09:19:23,False,Knut Rand,iNaturalist,http://creativecommons.org/licenses/by-nc/4.0/,Knut Rand,https://inaturalist-open-data.s3.amazonaws.com/photos/343385918/original.jpg; https://inaturalist-open-data.s3.amazonaws.com/photos/343385932/original.jpg,k-western-south-america,2024-10-25 18:45:36
original_4516343099_1.jpg,3169838,Allamanda schottii,1.207,"Heliodoxa rubinoides aequatorialis (Gould, 1860)",2476931,0.019897,-78.707054,145.0,SOUTH_AMERICA,Pichincha,,,,2023-06-01T08:41,False,Nik Borrow,iNaturalist,http://creativecommons.org/licenses/by-nc/4.0/,Nik Borrow,https://inaturalist-open-data.s3.amazonaws.com/photos/330810824/original.jpg,k-western-south-america,2024-10-25 18:45:38
original_4516709320_1.jpg,10770835,Ruehssia rubrofusca,4.039000000000001,"Heliodoxa rubinoides (Bourcier & Mulsant, 1846)",2476931,-0.589474,-77.880639,61.0,SOUTH_AMERICA,Napo,,,,2023-11-12T10:33,False,guylafond,iNaturalist,http://creativecommons.org/licenses/by-nc/4.0/,guylafond,https://inaturalist-open-data.s3.amazonaws.com/photos/347533059/original.jpg,k-western-south-america,2024-10-25 18:45:43
original_4519060411_1.jpeg,8368994,Passiflora mixta,5.949999999999999,"Heliodoxa rubinoides (Bourcier & Mulsant, 1846)",2476931,-0.378134,-78.074167,100.0,SOUTH_AMERICA,Napo,,,,2023-12-28T12:05,False,Mark Nofsinger,iNaturalist,http://creativecommons.org/licenses/by-nc/4.0/,Mark Nofsinger,https://inaturalist-open-data.s3.amazonaws.com/photos/347328334/original.jpeg,k-western-south-america,2024-10-25 18:45:46
original_4519199433_1.jpeg,2792457,Polystachya concreta,14.704,"Heliodoxa rubinoides (Bourcier & Mulsant, 1846)",2476931,0.03264,-78.681,,SOUTH_AMERICA,Pichincha,,,,2023-01-23T14:31,False,moodejo,iNaturalist,http://creativecommons.org/licenses/by-nc/4.0/,moodejo,https://inaturalist-open-data.s3.amazonaws.com/photos/349507960/original.jpeg,k-western-south-america,2024-10-25 18:45:51
original_4522450804_1.jpeg,3152707,Abelmoschus esculentus,3.132,"Heliodoxa rubinoides (Bourcier & Mulsant, 1846)",2476931,-0.59005,-77.880608,212.0,SOUTH_AMERICA,Napo,,,,2023-10-27T14:03,False,dicnar,iNaturalist,http://creativecommons.org/licenses/by-nc/4.0/,dicnar,https://inaturalist-open-data.s3.amazonaws.com/photos/337119105/original.jpeg,k-western-south-america,2024-10-25 18:46:01
original_4522503973_1.jpg,2925663,Cornutia pyramidata,2.0650000000000004,"Heliodoxa rubinoides (Bourcier & Mulsant, 1846)",2476931,3.529967,-76.612725,22.0,SOUTH_AMERICA,Valle del Cauca,,,,2023-09-14T12:24:03,False,AJ Johnson,iNaturalist,http://creativecommons.org/licenses/by-nc/4.0/,AJ Johnson,https://inaturalist-open-data.s3.amazonaws.com/photos/333771742/original.jpg,k-western-south-america,2024-10-25 18:46:04
original_4522531985_1.jpg,5339488,Randia aculeata,14.121,"Heliodoxa rubinoides (Bourcier & Mulsant, 1846)",2476931,3.539393,-76.606353,,SOUTH_AMERICA,Valle del Cauca,,,,2019-03-05T09:32,False,John Guerin,iNaturalist,http://creativecommons.org/licenses/by-nc/4.0/,John Guerin,https://inaturalist-open-data.s3.amazonaws.com/photos/345420147/original.jpg,k-western-south-america,2024-10-25 18:46:12
original_4522552357_1.jpeg,3169012,Hippocratea volubilis,1.5559999999999998,"Heliodoxa rubinoides (Bourcier & Mulsant, 1846)",2476931,-13.082752,-71.562614,8.0,SOUTH_AMERICA,Cusco,,,,2023-08-22T15:42,False,Claude Kolwelter,iNaturalist,http://creativecommons.org/licenses/by/4.0/,Claude Kolwelter,https://inaturalist-open-data.s3.amazonaws.com/photos/341975357/original.jpeg; https://inaturalist-open-data.s3.amazonaws.com/photos/341975364/original.jpeg; https://inaturalist-open-data.s3.amazonaws.com/photos/341975426/original.jpeg,k-western-south-america,2024-10-25 18:46:14
original_4522552357_2.jpeg,3152820,Platanus occidentalis,2.235,"Heliodoxa rubinoides (Bourcier & Mulsant, 1846)",2476931,-13.082752,-71.562614,8.0,SOUTH_AMERICA,Cusco,,,,2023-08-22T15:42,False,Claude Kolwelter,iNaturalist,http://creativecommons.org/licenses/by/4.0/,Claude Kolwelter,https://inaturalist-open-data.s3.amazonaws.com/photos/341975357/original.jpeg; https://inaturalist-open-data.s3.amazonaws.com/photos/341975364/original.jpeg; https://inaturalist-open-data.s3.amazonaws.com/photos/341975426/original.jpeg,k-western-south-america,2024-10-25 18:46:16
original_4522632386_2.jpg,7309398,Vitex megapotamica,3.6999999999999997,"Heliodoxa rubinoides (Bourcier & Mulsant, 1846)",2476931,3.5394,-76.603984,209.0,SOUTH_AMERICA,Valle del Cauca,,,,2021-11-14T14:25,False,Andres Felipe Borrero,iNaturalist,http://creativecommons.org/licenses/by-nc/4.0/,Andres Felipe Borrero,https://inaturalist-open-data.s3.amazonaws.com/photos/345596479/original.jpg; https://inaturalist-open-data.s3.amazonaws.com/photos/345596485/original.jpg; https://inaturalist-open-data.s3.amazonaws.com/photos/345596486/original.jpg,k-western-south-america,2024-10-25 18:46:25
original_4522632386_3.jpg,7309398,Vitex megapotamica,7.829,"Heliodoxa rubinoides (Bourcier & Mulsant, 1846)",2476931,3.5394,-76.603984,209.0,SOUTH_AMERICA,Valle del Cauca,,,,2021-11-14T14:25,False,Andres Felipe Borrero,iNaturalist,http://creativecommons.org/licenses/by-nc/4.0/,Andres Felipe Borrero,https://inaturalist-open-data.s3.amazonaws.com/photos/345596479/original.jpg; https://inaturalist-open-data.s3.amazonaws.com/photos/345596485/original.jpg; https://inaturalist-open-data.s3.amazonaws.com/photos/345596486/original.jpg,k-western-south-america,2024-10-25 18:46:26
original_4522712025_1.jpeg,4088199,Utricularia jamesoniana,1.733,"Heliodoxa rubinoides (Bourcier & Mulsant, 1846)",2476931,-5.695723,-77.811271,,SOUTH_AMERICA,Amazonas,,,,2023-10-10T13:52,False,Emily Hjalmarson,iNaturalist,http://creativecommons.org/licenses/by-nc/4.0/,Emily Hjalmarson,https://inaturalist-open-data.s3.amazonaws.com/photos/350756261/original.jpeg,k-western-south-america,2024-10-25 18:46:29
original_4522720924_1.jpeg,8368994,Passiflora mixta,4.605,"Heliodoxa rubinoides (Bourcier & Mulsant, 1846)",2476931,3.529982,-76.612708,,SOUTH_AMERICA,Valle del Cauca,,,,2024-01-27T11:55,False,Tom Kennedy,iNaturalist,http://creativecommons.org/licenses/by-nc/4.0/,Tom Kennedy,https://inaturalist-open-data.s3.amazonaws.com/photos/350884714/original.jpeg,k-western-south-america,2024-10-25 18:46:31
original_4522741703_1.jpeg,3866649,Bellucia grossularioides,9.581000000000001,"Heliodoxa rubinoides (Bourcier & Mulsant, 1846)",2476931,3.530017,-76.612727,,SOUTH_AMERICA,Valle del Cauca,,,,2024-01-27T11:48,False,Tom Kennedy,iNaturalist,http://creativecommons.org/licenses/by-nc/4.0/,Tom Kennedy,https://inaturalist-open-data.s3.amazonaws.com/photos/350884313/original.jpeg,k-western-south-america,2024-10-25 18:46:34
original_4522746903_1.jpeg,2991314,Rubus ellipticus,1.159,"Heliodoxa rubinoides (Bourcier & Mulsant, 1846)",2476931,3.529967,-76.612672,,SOUTH_AMERICA,Valle del Cauca,,,,2024-01-28T10:16,False,Tom Kennedy,iNaturalist,http://creativecommons.org/licenses/by-nc/4.0/,Tom Kennedy,https://inaturalist-open-data.s3.amazonaws.com/photos/350896585/original.jpeg,k-western-south-america,2024-10-25 18:46:39
original_4522768587_1.jpeg,2651039,Elaphoglossum peltatum,1.04,"Heliodoxa rubinoides (Bourcier & Mulsant, 1846)",2476931,3.529895,-76.612572,,SOUTH_AMERICA,Valle del Cauca,,,,2024-01-27T09:11,False,Tom Kennedy,iNaturalist,http://creativecommons.org/licenses/by-nc/4.0/,Tom Kennedy,https://inaturalist-open-data.s3.amazonaws.com/photos/350872967/original.jpeg,k-western-south-america,2024-10-25 18:46:42
original_4525066822_1.jpg,4088199,Utricularia jamesoniana,3.93,"Heliodoxa rubinoides (Bourcier & Mulsant, 1846)",2476931,3.529972,-76.612688,10.0,SOUTH_AMERICA,Valle del Cauca,,,,2024-02-09T16:07,False,Anthony Batista,iNaturalist,http://creativecommons.org/licenses/by/4.0/,Anthony Batista,https://inaturalist-open-data.s3.amazonaws.com/photos/351475464/original.jpg,k-western-south-america,2024-10-25 18:47:03
original_4525074430_1.jpeg,2874711,Begonia foliosa,1.854,"Heliodoxa rubinoides (Bourcier & Mulsant, 1846)",2476931,0.019133,-78.706929,560.0,SOUTH_AMERICA,Pichincha,,,,2024-01-26T10:22,False,Rob Foster,iNaturalist,http://creativecommons.org/licenses/by/4.0/,Rob Foster,https://inaturalist-open-data.s3.amazonaws.com/photos/351434666/original.jpeg,k-western-south-america,2024-10-25 18:47:06
original_4525128189_1.jpeg,8368994,Passiflora mixta,1.9529999999999998,"Heliodoxa rubinoides (Bourcier & Mulsant, 1846)",2476931,-0.025377,-78.7586,231.0,SOUTH_AMERICA,Pichincha,,,,2024-01-27T12:13,False,Rob Foster,iNaturalist,http://creativecommons.org/licenses/by/4.0/,Rob Foster,https://inaturalist-open-data.s3.amazonaws.com/photos/351751252/original.jpeg; https://inaturalist-open-data.s3.amazonaws.com/photos/351751255/original.jpeg; https://inaturalist-open-data.s3.amazonaws.com/photos/351751266/original.jpeg; https://inaturalist-open-data.s3.amazonaws.com/photos/351751268/original.jpeg; https://inaturalist-open-data.s3.amazonaws.com/photos/351751274/original.jpeg; https://inaturalist-open-data.s3.amazonaws.com/photos/351751277/original.jpeg,k-western-south-america,2024-10-25 18:47:18
original_4525128189_2.jpeg,2981879,Calliandra tergemina,3.5409999999999995,"Heliodoxa rubinoides (Bourcier & Mulsant, 1846)",2476931,-0.025377,-78.7586,231.0,SOUTH_AMERICA,Pichincha,,,,2024-01-27T12:13,False,Rob Foster,iNaturalist,http://creativecommons.org/licenses/by/4.0/,Rob Foster,https://inaturalist-open-data.s3.amazonaws.com/photos/351751252/original.jpeg; https://inaturalist-open-data.s3.amazonaws.com/photos/351751255/original.jpeg; https://inaturalist-open-data.s3.amazonaws.com/photos/351751266/original.jpeg; https://inaturalist-open-data.s3.amazonaws.com/photos/351751268/original.jpeg; https://inaturalist-open-data.s3.amazonaws.com/photos/351751274/original.jpeg; https://inaturalist-open-data.s3.amazonaws.com/photos/351751277/original.jpeg,k-western-south-america,2024-10-25 18:47:20
original_4525128189_3.jpeg,3740764,Russelia sarmentosa,11.161999999999999,"Heliodoxa rubinoides (Bourcier & Mulsant, 1846)",2476931,-0.025377,-78.7586,231.0,SOUTH_AMERICA,Pichincha,,,,2024-01-27T12:13,False,Rob Foster,iNaturalist,http://creativecommons.org/licenses/by/4.0/,Rob Foster,https://inaturalist-open-data.s3.amazonaws.com/photos/351751252/original.jpeg; https://inaturalist-open-data.s3.amazonaws.com/photos/351751255/original.jpeg; https://inaturalist-open-data.s3.amazonaws.com/photos/351751266/original.jpeg; https://inaturalist-open-data.s3.amazonaws.com/photos/351751268/original.jpeg; https://inaturalist-open-data.s3.amazonaws.com/photos/351751274/original.jpeg; https://inaturalist-open-data.s3.amazonaws.com/photos/351751277/original.jpeg,k-western-south-america,2024-10-25 18:47:22
original_4525128189_5.jpeg,2981879,Calliandra tergemina,6.293,"Heliodoxa rubinoides (Bourcier & Mulsant, 1846)",2476931,-0.025377,-78.7586,231.0,SOUTH_AMERICA,Pichincha,,,,2024-01-27T12:13,False,Rob Foster,iNaturalist,http://creativecommons.org/licenses/by/4.0/,Rob Foster,https://inaturalist-open-data.s3.amazonaws.com/photos/351751252/original.jpeg; https://inaturalist-open-data.s3.amazonaws.com/photos/351751255/original.jpeg; https://inaturalist-open-data.s3.amazonaws.com/photos/351751266/original.jpeg; https://inaturalist-open-data.s3.amazonaws.com/photos/351751268/original.jpeg; https://inaturalist-open-data.s3.amazonaws.com/photos/351751274/original.jpeg; https://inaturalist-open-data.s3.amazonaws.com/photos/351751277/original.jpeg,k-western-south-america,2024-10-25 18:47:27
original_4525128189_6.jpeg,3740764,Russelia sarmentosa,3.085,"Heliodoxa rubinoides (Bourcier & Mulsant, 1846)",2476931,-0.025377,-78.7586,231.0,SOUTH_AMERICA,Pichincha,,,,2024-01-27T12:13,False,Rob Foster,iNaturalist,http://creativecommons.org/licenses/by/4.0/,Rob Foster,https://inaturalist-open-data.s3.amazonaws.com/photos/351751252/original.jpeg; https://inaturalist-open-data.s3.amazonaws.com/photos/351751255/original.jpeg; https://inaturalist-open-data.s3.amazonaws.com/photos/351751266/original.jpeg; https://inaturalist-open-data.s3.amazonaws.com/photos/351751268/original.jpeg; https://inaturalist-open-data.s3.amazonaws.com/photos/351751274/original.jpeg; https://inaturalist-open-data.s3.amazonaws.com/photos/351751277/original.jpeg,k-western-south-america,2024-10-25 18:47:29
original_4525138312_1.jpeg,2760967,Heliconia rostrata,1.435,"Heliodoxa rubinoides (Bourcier & Mulsant, 1846)",2476931,0.032664,-78.681006,13.0,SOUTH_AMERICA,Pichincha,,,,2024-01-25T13:42,False,Rob Foster,iNaturalist,http://creativecommons.org/licenses/by/4.0/,Rob Foster,https://inaturalist-open-data.s3.amazonaws.com/photos/351349096/original.jpeg; https://inaturalist-open-data.s3.amazonaws.com/photos/351349102/original.jpeg; https://inaturalist-open-data.s3.amazonaws.com/photos/351349114/original.jpeg; https://inaturalist-open-data.s3.amazonaws.com/photos/351349125/original.jpeg,k-western-south-america,2024-10-25 18:47:31
original_4525263444_1.jpeg,3169628,Tabernaemontana alba,2.2560000000000002,"Heliodoxa rubinoides (Bourcier & Mulsant, 1846)",2476931,0.029033,-78.680435,171.0,SOUTH_AMERICA,Pichincha,,,,2024-01-27T14:52,False,Rob Foster,iNaturalist,http://creativecommons.org/licenses/by/4.0/,Rob Foster,https://inaturalist-open-data.s3.amazonaws.com/photos/351805348/original.jpeg; https://inaturalist-open-data.s3.amazonaws.com/photos/351805355/original.jpeg; https://inaturalist-open-data.s3.amazonaws.com/photos/351805357/original.jpeg; https://inaturalist-open-data.s3.amazonaws.com/photos/351805359/original.jpeg; https://inaturalist-open-data.s3.amazonaws.com/photos/351805373/original.jpeg; https://inaturalist-open-data.s3.amazonaws.com/photos/351805479/original.jpeg,k-western-south-america,2024-10-25 18:47:48
original_4525263444_3.jpeg,4092242,Handroanthus impetiginosus,14.187,"Heliodoxa rubinoides (Bourcier & Mulsant, 1846)",2476931,0.029033,-78.680435,171.0,SOUTH_AMERICA,Pichincha,,,,2024-01-27T14:52,False,Rob Foster,iNaturalist,http://creativecommons.org/licenses/by/4.0/,Rob Foster,https://inaturalist-open-data.s3.amazonaws.com/photos/351805348/original.jpeg; https://inaturalist-open-data.s3.amazonaws.com/photos/351805355/original.jpeg; https://inaturalist-open-data.s3.amazonaws.com/photos/351805357/original.jpeg; https://inaturalist-open-data.s3.amazonaws.com/photos/351805359/original.jpeg; https://inaturalist-open-data.s3.amazonaws.com/photos/351805373/original.jpeg; https://inaturalist-open-data.s3.amazonaws.com/photos/351805479/original.jpeg,k-western-south-america,2024-10-25 18:47:53
original_4525263444_4.jpeg,4092242,Handroanthus impetiginosus,20.845,"Heliodoxa rubinoides (Bourcier & Mulsant, 1846)",2476931,0.029033,-78.680435,171.0,SOUTH_AMERICA,Pichincha,,,,2024-01-27T14:52,False,Rob Foster,iNaturalist,http://creativecommons.org/licenses/by/4.0/,Rob Foster,https://inaturalist-open-data.s3.amazonaws.com/photos/351805348/original.jpeg; https://inaturalist-open-data.s3.amazonaws.com/photos/351805355/original.jpeg; https://inaturalist-open-data.s3.amazonaws.com/photos/351805357/original.jpeg; https://inaturalist-open-data.s3.amazonaws.com/photos/351805359/original.jpeg; https://inaturalist-open-data.s3.amazonaws.com/photos/351805373/original.jpeg; https://inaturalist-open-data.s3.amazonaws.com/photos/351805479/original.jpeg,k-western-south-america,2024-10-25 18:47:55
original_4525263444_5.jpeg,4092242,Handroanthus impetiginosus,18.795,"Heliodoxa rubinoides (Bourcier & Mulsant, 1846)",2476931,0.029033,-78.680435,171.0,SOUTH_AMERICA,Pichincha,,,,2024-01-27T14:52,False,Rob Foster,iNaturalist,http://creativecommons.org/licenses/by/4.0/,Rob Foster,https://inaturalist-open-data.s3.amazonaws.com/photos/351805348/original.jpeg; https://inaturalist-open-data.s3.amazonaws.com/photos/351805355/original.jpeg; https://inaturalist-open-data.s3.amazonaws.com/photos/351805357/original.jpeg; https://inaturalist-open-data.s3.amazonaws.com/photos/351805359/original.jpeg; https://inaturalist-open-data.s3.amazonaws.com/photos/351805373/original.jpeg; https://inaturalist-open-data.s3.amazonaws.com/photos/351805479/original.jpeg,k-western-south-america,2024-10-25 18:47:57
original_4525263444_6.jpeg,4094627,Bignonia magnifica,11.404,"Heliodoxa rubinoides (Bourcier & Mulsant, 1846)",2476931,0.029033,-78.680435,171.0,SOUTH_AMERICA,Pichincha,,,,2024-01-27T14:52,False,Rob Foster,iNaturalist,http://creativecommons.org/licenses/by/4.0/,Rob Foster,https://inaturalist-open-data.s3.amazonaws.com/photos/351805348/original.jpeg; https://inaturalist-open-data.s3.amazonaws.com/photos/351805355/original.jpeg; https://inaturalist-open-data.s3.amazonaws.com/photos/351805357/original.jpeg; https://inaturalist-open-data.s3.amazonaws.com/photos/351805359/original.jpeg; https://inaturalist-open-data.s3.amazonaws.com/photos/351805373/original.jpeg; https://inaturalist-open-data.s3.amazonaws.com/photos/351805479/original.jpeg,k-western-south-america,2024-10-25 18:48:00
original_4525293677_1.jpeg,7869676,Helicteres guazumifolia,11.044,"Heliodoxa rubinoides (Bourcier & Mulsant, 1846)",2476931,-0.006928,-78.720978,,SOUTH_AMERICA,Pichincha,,,,2023-12-03T15:01,False,Creed Clayton,iNaturalist,http://creativecommons.org/licenses/by-nc-nd/4.0/,Creed Clayton,https://inaturalist-open-data.s3.amazonaws.com/photos/352096204/original.jpeg,k-western-south-america,2024-10-25 18:48:02
original_4525306041_1.jpeg,5372391,Vitis tiliifolia,17.701,"Heliodoxa rubinoides (Bourcier & Mulsant, 1846)",2476931,-0.006877,-78.720988,,SOUTH_AMERICA,Pichincha,,,,2023-12-03T15:38,False,Creed Clayton,iNaturalist,http://creativecommons.org/licenses/by-nc-nd/4.0/,Creed Clayton,https://inaturalist-open-data.s3.amazonaws.com/photos/352532345/original.jpeg,k-western-south-america,2024-10-25 18:48:07
original_4535675336_1.jpeg,7279239,Hibiscus diversifolius,8.228,"Heliodoxa rubinoides (Bourcier & Mulsant, 1846)",2476931,-0.591373,-77.879489,,SOUTH_AMERICA,Napo,,,,2024-02-21T07:22,False,Holger Beck,iNaturalist,http://creativecommons.org/licenses/by-nc/4.0/,Holger Beck,https://inaturalist-open-data.s3.amazonaws.com/photos/354107282/original.jpeg,k-western-south-america,2024-10-25 18:48:14
original_4535946706_1.jpg,5590493,Drymonia serrulata,2.3120000000000003,"Heliodoxa rubinoides (Bourcier & Mulsant, 1846)",2476931,0.028755,-78.680709,8.0,SOUTH_AMERICA,Pichincha,,,,2023-11-15T16:20,False,guylafond,iNaturalist,http://creativecommons.org/licenses/by-nc/4.0/,guylafond,https://inaturalist-open-data.s3.amazonaws.com/photos/354383641/original.jpg; https://inaturalist-open-data.s3.amazonaws.com/photos/354383758/original.jpg,k-western-south-america,2024-10-25 18:48:18
original_4536011966_1.jpg,3155772,Guatteria punctata,4.413,"Heliodoxa rubinoides (Bourcier & Mulsant, 1846)",2476931,3.565922,-76.585159,188.0,SOUTH_AMERICA,Valle del Cauca,,,,2024-02-20T06:22,False,Don Marsille,iNaturalist,http://creativecommons.org/licenses/by-nc/4.0/,Don Marsille,https://inaturalist-open-data.s3.amazonaws.com/photos/355213563/original.jpg; https://inaturalist-open-data.s3.amazonaws.com/photos/355213588/original.jpg; https://inaturalist-open-data.s3.amazonaws.com/photos/355213590/original.jpg,k-western-south-america,2024-10-25 18:48:23
original_4536011966_2.jpg,3155772,Guatteria punctata,7.031,"Heliodoxa rubinoides (Bourcier & Mulsant, 1846)",2476931,3.565922,-76.585159,188.0,SOUTH_AMERICA,Valle del Cauca,,,,2024-02-20T06:22,False,Don Marsille,iNaturalist,http://creativecommons.org/licenses/by-nc/4.0/,Don Marsille,https://inaturalist-open-data.s3.amazonaws.com/photos/355213563/original.jpg; https://inaturalist-open-data.s3.amazonaws.com/photos/355213588/original.jpg; https://inaturalist-open-data.s3.amazonaws.com/photos/355213590/original.jpg,k-western-south-america,2024-10-25 18:48:25
original_4536011966_3.jpg,3155772,Guatteria punctata,3.2680000000000002,"Heliodoxa rubinoides (Bourcier & Mulsant, 1846)",2476931,3.565922,-76.585159,188.0,SOUTH_AMERICA,Valle del Cauca,,,,2024-02-20T06:22,False,Don Marsille,iNaturalist,http://creativecommons.org/licenses/by-nc/4.0/,Don Marsille,https://inaturalist-open-data.s3.amazonaws.com/photos/355213563/original.jpg; https://inaturalist-open-data.s3.amazonaws.com/photos/355213588/original.jpg; https://inaturalist-open-data.s3.amazonaws.com/photos/355213590/original.jpg,k-western-south-america,2024-10-25 18:48:27
original_4596849688_2.jpeg,3073512,Cnidoscolus aconitifolius,5.619,"Heliodoxa rubinoides (Bourcier & Mulsant, 1846)",2476931,0.032664,-78.681006,13.0,SOUTH_AMERICA,Pichincha,,,,2024-01-25T14:28,False,Rob Foster,iNaturalist,http://creativecommons.org/licenses/by/4.0/,Rob Foster,https://inaturalist-open-data.s3.amazonaws.com/photos/351349443/original.jpeg; https://inaturalist-open-data.s3.amazonaws.com/photos/351349456/original.jpeg,k-western-south-america,2024-10-25 18:48:32
original_4597360710_1.jpeg,2930216,Solanum betaceum,12.745999999999999,"Heliodoxa rubinoides (Bourcier & Mulsant, 1846)",2476931,-0.015939,-78.680767,,SOUTH_AMERICA,Pichincha,,,,2024-03-08T10:04:35,False,drtimk,iNaturalist,http://creativecommons.org/licenses/by-nc/4.0/,drtimk,https://inaturalist-open-data.s3.amazonaws.com/photos/356104431/original.jpeg,k-western-south-america,2024-10-25 18:48:40
original_4597497864_1.jpeg,2650442,Niphidium crassifolium,3.811,"Heliodoxa rubinoides (Bourcier & Mulsant, 1846)",2476931,0.007822,-78.679801,212.0,SOUTH_AMERICA,Pichincha,,,,2023-10-14T13:09,False,paulina_guarderas,iNaturalist,http://creativecommons.org/licenses/by-nc/4.0/,paulina_guarderas,https://inaturalist-open-data.s3.amazonaws.com/photos/357394280/original.jpeg,k-western-south-america,2024-10-25 18:48:43
original_4599753209_1.jpg,2985994,Hydrangea macrophylla,3.5229999999999997,"Heliodoxa rubinoides (Bourcier & Mulsant, 1846)",2476931,-0.024618,-78.724561,8.0,SOUTH_AMERICA,Pichincha,,,,2023-11-17T10:05,False,guylafond,iNaturalist,http://creativecommons.org/licenses/by-nc/4.0/,guylafond,https://inaturalist-open-data.s3.amazonaws.com/photos/359265958/original.jpg; https://inaturalist-open-data.s3.amazonaws.com/photos/359266380/original.jpg; https://inaturalist-open-data.s3.amazonaws.com/photos/359280811/original.jpg,k-western-south-america,2024-10-25 18:48:48
original_4599753209_3.jpg,7298634,Jacaranda obtusifolia,4.6850000000000005,"Heliodoxa rubinoides (Bourcier & Mulsant, 1846)",2476931,-0.024618,-78.724561,8.0,SOUTH_AMERICA,Pichincha,,,,2023-11-17T10:05,False,guylafond,iNaturalist,http://creativecommons.org/licenses/by-nc/4.0/,guylafond,https://inaturalist-open-data.s3.amazonaws.com/photos/359265958/original.jpg; https://inaturalist-open-data.s3.amazonaws.com/photos/359266380/original.jpg; https://inaturalist-open-data.s3.amazonaws.com/photos/359280811/original.jpg,k-western-south-america,2024-10-25 18:48:52
original_4599875878_1.jpg,9338550,Eumachia microdon,1.0210000000000001,"Heliodoxa rubinoides (Bourcier & Mulsant, 1846)",2476931,0.020065,-78.706941,8.0,SOUTH_AMERICA,Pichincha,,,,2024-03-11T10:50,False,David Martin,iNaturalist,http://creativecommons.org/licenses/by-nc/4.0/,David Martin,https://inaturalist-open-data.s3.amazonaws.com/photos/360479939/original.jpg,k-western-south-america,2024-10-25 18:48:54
original_4600040883_1.jpeg,3866517,Bellucia pentamera,3.7350000000000003,"Heliodoxa rubinoides (Bourcier & Mulsant, 1846)",2476931,-0.048717,-78.775198,2169.0,SOUTH_AMERICA,Pichincha,,,,2023-02-11,False,Paul Bonner,iNaturalist,http://creativecommons.org/licenses/by/4.0/,Paul Bonner,https://inaturalist-open-data.s3.amazonaws.com/photos/273507282/original.jpeg; https://inaturalist-open-data.s3.amazonaws.com/photos/273511979/original.jpeg; https://inaturalist-open-data.s3.amazonaws.com/photos/273531503/original.jpeg; https://inaturalist-open-data.s3.amazonaws.com/photos/273531564/original.jpeg,k-western-south-america,2024-10-25 18:48:58
original_4600040883_3.jpeg,8220878,Callianthe megapotamica,2.926,"Heliodoxa rubinoides (Bourcier & Mulsant, 1846)",2476931,-0.048717,-78.775198,2169.0,SOUTH_AMERICA,Pichincha,,,,2023-02-11,False,Paul Bonner,iNaturalist,http://creativecommons.org/licenses/by/4.0/,Paul Bonner,https://inaturalist-open-data.s3.amazonaws.com/photos/273507282/original.jpeg; https://inaturalist-open-data.s3.amazonaws.com/photos/273511979/original.jpeg; https://inaturalist-open-data.s3.amazonaws.com/photos/273531503/original.jpeg; https://inaturalist-open-data.s3.amazonaws.com/photos/273531564/original.jpeg,k-western-south-america,2024-10-25 18:49:02
original_4600040883_4.jpeg,5591185,Drymonia coccinea,14.069999999999999,"Heliodoxa rubinoides (Bourcier & Mulsant, 1846)",2476931,-0.048717,-78.775198,2169.0,SOUTH_AMERICA,Pichincha,,,,2023-02-11,False,Paul Bonner,iNaturalist,http://creativecommons.org/licenses/by/4.0/,Paul Bonner,https://inaturalist-open-data.s3.amazonaws.com/photos/273507282/original.jpeg; https://inaturalist-open-data.s3.amazonaws.com/photos/273511979/original.jpeg; https://inaturalist-open-data.s3.amazonaws.com/photos/273531503/original.jpeg; https://inaturalist-open-data.s3.amazonaws.com/photos/273531564/original.jpeg,k-western-south-america,2024-10-25 18:49:04
original_4600197875_1.jpg,2927098,Ocimum campechianum,0.655,"Heliodoxa rubinoides (Bourcier & Mulsant, 1846)",2476931,0.020033,-78.706909,8.0,SOUTH_AMERICA,Pichincha,,,,2024-03-11T10:51,False,David Martin,iNaturalist,http://creativecommons.org/licenses/by-nc/4.0/,David Martin,https://inaturalist-open-data.s3.amazonaws.com/photos/360479954/original.jpg,k-western-south-america,2024-10-25 18:49:09
original_4606587519_1.jpg,5319715,Epidendrum rigidum,6.714,"Heliodoxa rubinoides (Bourcier & Mulsant, 1846)",2476931,3.539781,-76.606313,8.0,SOUTH_AMERICA,Valle del Cauca,,,,2024-02-18T10:58,False,Don Marsille,iNaturalist,http://creativecommons.org/licenses/by-nc/4.0/,Don Marsille,https://inaturalist-open-data.s3.amazonaws.com/photos/360315606/original.jpg; https://inaturalist-open-data.s3.amazonaws.com/photos/360315615/original.jpg; https://inaturalist-open-data.s3.amazonaws.com/photos/360315616/original.jpg; https://inaturalist-open-data.s3.amazonaws.com/photos/360315658/original.jpg,k-western-south-america,2024-10-25 18:49:12
original_4606587519_2.jpg,5380439,Adelia ricinella,9.656,"Heliodoxa rubinoides (Bourcier & Mulsant, 1846)",2476931,3.539781,-76.606313,8.0,SOUTH_AMERICA,Valle del Cauca,,,,2024-02-18T10:58,False,Don Marsille,iNaturalist,http://creativecommons.org/licenses/by-nc/4.0/,Don Marsille,https://inaturalist-open-data.s3.amazonaws.com/photos/360315606/original.jpg; https://inaturalist-open-data.s3.amazonaws.com/photos/360315615/original.jpg; https://inaturalist-open-data.s3.amazonaws.com/photos/360315616/original.jpg; https://inaturalist-open-data.s3.amazonaws.com/photos/360315658/original.jpg,k-western-south-america,2024-10-25 18:49:15
original_4606587519_3.jpg,5319715,Epidendrum rigidum,4.672,"Heliodoxa rubinoides (Bourcier & Mulsant, 1846)",2476931,3.539781,-76.606313,8.0,SOUTH_AMERICA,Valle del Cauca,,,,2024-02-18T10:58,False,Don Marsille,iNaturalist,http://creativecommons.org/licenses/by-nc/4.0/,Don Marsille,https://inaturalist-open-data.s3.amazonaws.com/photos/360315606/original.jpg; https://inaturalist-open-data.s3.amazonaws.com/photos/360315615/original.jpg; https://inaturalist-open-data.s3.amazonaws.com/photos/360315616/original.jpg; https://inaturalist-open-data.s3.amazonaws.com/photos/360315658/original.jpg,k-western-south-america,2024-10-25 18:49:18
original_4606587519_4.jpg,5651017,Sloanea caribaea,4.759,"Heliodoxa rubinoides (Bourcier & Mulsant, 1846)",2476931,3.539781,-76.606313,8.0,SOUTH_AMERICA,Valle del Cauca,,,,2024-02-18T10:58,False,Don Marsille,iNaturalist,http://creativecommons.org/licenses/by-nc/4.0/,Don Marsille,https://inaturalist-open-data.s3.amazonaws.com/photos/360315606/original.jpg; https://inaturalist-open-data.s3.amazonaws.com/photos/360315615/original.jpg; https://inaturalist-open-data.s3.amazonaws.com/photos/360315616/original.jpg; https://inaturalist-open-data.s3.amazonaws.com/photos/360315658/original.jpg,k-western-south-america,2024-10-25 18:49:21
original_4606608843_3.jpg,2925313,Lantana involucrata,39.761,"Heliodoxa rubinoides (Bourcier & Mulsant, 1846)",2476931,-0.024618,-78.724561,8.0,SOUTH_AMERICA,Pichincha,,,,2023-11-17T09:58,False,guylafond,iNaturalist,http://creativecommons.org/licenses/by-nc/4.0/,guylafond,https://inaturalist-open-data.s3.amazonaws.com/photos/358869688/original.jpg; https://inaturalist-open-data.s3.amazonaws.com/photos/358870140/original.jpg; https://inaturalist-open-data.s3.amazonaws.com/photos/358870141/original.jpg,k-western-south-america,2024-10-25 18:49:29
original_4606740922_1.jpg,4088199,Utricularia jamesoniana,4.546,"Heliodoxa rubinoides (Bourcier & Mulsant, 1846)",2476931,0.036484,-78.697345,61.0,SOUTH_AMERICA,Pichincha,,,,2023-11-18T10:01,False,guylafond,iNaturalist,http://creativecommons.org/licenses/by-nc/4.0/,guylafond,https://inaturalist-open-data.s3.amazonaws.com/photos/361119765/original.jpg; https://inaturalist-open-data.s3.amazonaws.com/photos/361120511/original.jpg,k-western-south-america,2024-10-25 18:49:31
original_4606740922_2.jpg,5321877,Ionopsis utricularioides,9.138,"Heliodoxa rubinoides (Bourcier & Mulsant, 1846)",2476931,0.036484,-78.697345,61.0,SOUTH_AMERICA,Pichincha,,,,2023-11-18T10:01,False,guylafond,iNaturalist,http://creativecommons.org/licenses/by-nc/4.0/,guylafond,https://inaturalist-open-data.s3.amazonaws.com/photos/361119765/original.jpg; https://inaturalist-open-data.s3.amazonaws.com/photos/361120511/original.jpg,k-western-south-america,2024-10-25 18:49:34
original_4606782637_1.jpeg,5320021,Epidendrum nocturnum,1.809,"Heliodoxa rubinoides (Bourcier & Mulsant, 1846)",2476931,-0.477282,-77.973865,1086.0,SOUTH_AMERICA,Napo,,,,2024-02-26T11:04,False,craigjhowe,iNaturalist,http://creativecommons.org/licenses/by-nc/4.0/,craigjhowe,https://inaturalist-open-data.s3.amazonaws.com/photos/361354237/original.jpeg; https://inaturalist-open-data.s3.amazonaws.com/photos/361354244/original.jpeg,k-western-south-america,2024-10-25 18:49:35
original_4606965942_1.jpg,2925462,Stachytarpheta mutabilis,60.668,"Heliodoxa rubinoides (Bourcier & Mulsant, 1846)",2476931,-0.02448,-78.724667,,SOUTH_AMERICA,Pichincha,,,,2024-03-09T09:40,False,Andrew Newmark,iNaturalist,http://creativecommons.org/licenses/by-nc/4.0/,Andrew Newmark,https://inaturalist-open-data.s3.amazonaws.com/photos/362131016/original.jpg,k-western-south-america,2024-10-25 18:49:40
original_4607098949_1.jpg,5321877,Ionopsis utricularioides,3.5860000000000003,"Heliodoxa rubinoides (Bourcier & Mulsant, 1846)",2476931,-4.495412,-79.131992,212.0,SOUTH_AMERICA,Zamora Chinchipe,,,,2024-01-05T12:45,False,Don Marsille,iNaturalist,http://creativecommons.org/licenses/by-nc/4.0/,Don Marsille,https://inaturalist-open-data.s3.amazonaws.com/photos/363902279/original.jpg; https://inaturalist-open-data.s3.amazonaws.com/photos/363902307/original.jpg; https://inaturalist-open-data.s3.amazonaws.com/photos/363904038/original.jpg; https://inaturalist-open-data.s3.amazonaws.com/photos/363904088/original.jpg,k-western-south-america,2024-10-25 18:49:43
original_4607098949_2.jpg,5321877,Ionopsis utricularioides,2.881,"Heliodoxa rubinoides (Bourcier & Mulsant, 1846)",2476931,-4.495412,-79.131992,212.0,SOUTH_AMERICA,Zamora Chinchipe,,,,2024-01-05T12:45,False,Don Marsille,iNaturalist,http://creativecommons.org/licenses/by-nc/4.0/,Don Marsille,https://inaturalist-open-data.s3.amazonaws.com/photos/363902279/original.jpg; https://inaturalist-open-data.s3.amazonaws.com/photos/363902307/original.jpg; https://inaturalist-open-data.s3.amazonaws.com/photos/363904038/original.jpg; https://inaturalist-open-data.s3.amazonaws.com/photos/363904088/original.jpg,k-western-south-america,2024-10-25 18:49:45
original_4607098949_3.jpg,2792457,Polystachya concreta,5.919,"Heliodoxa rubinoides (Bourcier & Mulsant, 1846)",2476931,-4.495412,-79.131992,212.0,SOUTH_AMERICA,Zamora Chinchipe,,,,2024-01-05T12:45,False,Don Marsille,iNaturalist,http://creativecommons.org/licenses/by-nc/4.0/,Don Marsille,https://inaturalist-open-data.s3.amazonaws.com/photos/363902279/original.jpg; https://inaturalist-open-data.s3.amazonaws.com/photos/363902307/original.jpg; https://inaturalist-open-data.s3.amazonaws.com/photos/363904038/original.jpg; https://inaturalist-open-data.s3.amazonaws.com/photos/363904088/original.jpg,k-western-south-america,2024-10-25 18:49:47
original_4607098949_4.jpg,2792457,Polystachya concreta,3.705,"Heliodoxa rubinoides (Bourcier & Mulsant, 1846)",2476931,-4.495412,-79.131992,212.0,SOUTH_AMERICA,Zamora Chinchipe,,,,2024-01-05T12:45,False,Don Marsille,iNaturalist,http://creativecommons.org/licenses/by-nc/4.0/,Don Marsille,https://inaturalist-open-data.s3.amazonaws.com/photos/363902279/original.jpg; https://inaturalist-open-data.s3.amazonaws.com/photos/363902307/original.jpg; https://inaturalist-open-data.s3.amazonaws.com/photos/363904038/original.jpg; https://inaturalist-open-data.s3.amazonaws.com/photos/363904088/original.jpg,k-western-south-america,2024-10-25 18:49:50
original_4607102266_1.jpg,2888601,Viburnum lantanoides,9.445,"Heliodoxa rubinoides (Bourcier & Mulsant, 1846)",2476931,0.036484,-78.697345,61.0,SOUTH_AMERICA,Pichincha,,,,2023-11-18T08:55,False,guylafond,iNaturalist,http://creativecommons.org/licenses/by-nc/4.0/,guylafond,https://inaturalist-open-data.s3.amazonaws.com/photos/361011908/original.jpg; https://inaturalist-open-data.s3.amazonaws.com/photos/361016947/original.jpg,k-western-south-america,2024-10-25 18:49:52
original_4607433653_1.jpeg,5361865,Ulmus minor,0.9990000000000001,"Heliodoxa rubinoides (Bourcier & Mulsant, 1846)",2476931,-0.589905,-77.880285,,SOUTH_AMERICA,Napo,,,,2024-02-25T16:37,False,craigjhowe,iNaturalist,http://creativecommons.org/licenses/by-nc/4.0/,craigjhowe,https://inaturalist-open-data.s3.amazonaws.com/photos/361110658/original.jpeg; https://inaturalist-open-data.s3.amazonaws.com/photos/361110665/original.jpeg; https://inaturalist-open-data.s3.amazonaws.com/photos/361110668/original.jpeg,k-western-south-america,2024-10-25 18:49:59
original_4607433653_2.jpeg,2876131,Alnus acuminata,1.558,"Heliodoxa rubinoides (Bourcier & Mulsant, 1846)",2476931,-0.589905,-77.880285,,SOUTH_AMERICA,Napo,,,,2024-02-25T16:37,False,craigjhowe,iNaturalist,http://creativecommons.org/licenses/by-nc/4.0/,craigjhowe,https://inaturalist-open-data.s3.amazonaws.com/photos/361110658/original.jpeg; https://inaturalist-open-data.s3.amazonaws.com/photos/361110665/original.jpeg; https://inaturalist-open-data.s3.amazonaws.com/photos/361110668/original.jpeg,k-western-south-america,2024-10-25 18:50:01
original_4607433653_3.jpeg,2876131,Alnus acuminata,2.158,"Heliodoxa rubinoides (Bourcier & Mulsant, 1846)",2476931,-0.589905,-77.880285,,SOUTH_AMERICA,Napo,,,,2024-02-25T16:37,False,craigjhowe,iNaturalist,http://creativecommons.org/licenses/by-nc/4.0/,craigjhowe,https://inaturalist-open-data.s3.amazonaws.com/photos/361110658/original.jpeg; https://inaturalist-open-data.s3.amazonaws.com/photos/361110665/original.jpeg; https://inaturalist-open-data.s3.amazonaws.com/photos/361110668/original.jpeg,k-western-south-america,2024-10-25 18:50:02
original_4607442703_1.jpg,2950750,Hymenaea courbaril,1.086,"Heliodoxa rubinoides (Bourcier & Mulsant, 1846)",2476931,-0.587307,-77.877905,244.0,SOUTH_AMERICA,Napo,,,,2024-03-14T15:50,False,David Martin,iNaturalist,http://creativecommons.org/licenses/by-nc/4.0/,David Martin,https://inaturalist-open-data.s3.amazonaws.com/photos/362978037/original.jpg,k-western-south-america,2024-10-25 18:50:05
original_4607492234_1.jpeg,3859613,Miconia nutans,2.477,"Heliodoxa rubinoides (Bourcier & Mulsant, 1846)",2476931,0.022918,-78.710692,,SOUTH_AMERICA,Pichincha,,,,2024-03-02T10:43,False,craigjhowe,iNaturalist,http://creativecommons.org/licenses/by-nc/4.0/,craigjhowe,https://inaturalist-open-data.s3.amazonaws.com/photos/362589773/original.jpeg; https://inaturalist-open-data.s3.amazonaws.com/photos/362589786/original.jpeg,k-western-south-america,2024-10-25 18:50:07
original_4607492234_2.jpeg,3859613,Miconia nutans,5.856999999999999,"Heliodoxa rubinoides (Bourcier & Mulsant, 1846)",2476931,0.022918,-78.710692,,SOUTH_AMERICA,Pichincha,,,,2024-03-02T10:43,False,craigjhowe,iNaturalist,http://creativecommons.org/licenses/by-nc/4.0/,craigjhowe,https://inaturalist-open-data.s3.amazonaws.com/photos/362589773/original.jpeg; https://inaturalist-open-data.s3.amazonaws.com/photos/362589786/original.jpeg,k-western-south-america,2024-10-25 18:50:09
original_4607516125_1.jpeg,2979199,Acaciella villosa,0.659,"Heliodoxa rubinoides (Bourcier & Mulsant, 1846)",2476931,0.032675,-78.68094,,SOUTH_AMERICA,Pichincha,,,,2024-03-01T15:04,False,craigjhowe,iNaturalist,http://creativecommons.org/licenses/by-nc/4.0/,craigjhowe,https://inaturalist-open-data.s3.amazonaws.com/photos/362500091/original.jpeg; https://inaturalist-open-data.s3.amazonaws.com/photos/362500093/original.jpeg,k-western-south-america,2024-10-25 18:50:10
original_4607519171_1.jpeg,7279239,Hibiscus diversifolius,4.363,"Heliodoxa rubinoides (Bourcier & Mulsant, 1846)",2476931,-0.589788,-77.880277,,SOUTH_AMERICA,Napo,,,,2024-02-25T15:50,False,craigjhowe,iNaturalist,http://creativecommons.org/licenses/by-nc/4.0/,craigjhowe,https://inaturalist-open-data.s3.amazonaws.com/photos/361087856/original.jpeg; https://inaturalist-open-data.s3.amazonaws.com/photos/361087858/original.jpeg,k-western-south-america,2024-10-25 18:50:14
original_4607519171_2.jpeg,2650936,Nephrolepis biserrata,2.869,"Heliodoxa rubinoides (Bourcier & Mulsant, 1846)",2476931,-0.589788,-77.880277,,SOUTH_AMERICA,Napo,,,,2024-02-25T15:50,False,craigjhowe,iNaturalist,http://creativecommons.org/licenses/by-nc/4.0/,craigjhowe,https://inaturalist-open-data.s3.amazonaws.com/photos/361087856/original.jpeg; https://inaturalist-open-data.s3.amazonaws.com/photos/361087858/original.jpeg,k-western-south-america,2024-10-25 18:50:15
original_4607563575_1.jpeg,2756885,Costus scaber,1.583,"Heliodoxa rubinoides (Bourcier & Mulsant, 1846)",2476931,-0.421288,-77.811963,,SOUTH_AMERICA,Napo,,,,2024-02-27T12:08,False,craigjhowe,iNaturalist,http://creativecommons.org/licenses/by-nc/4.0/,craigjhowe,https://inaturalist-open-data.s3.amazonaws.com/photos/361631961/original.jpeg; https://inaturalist-open-data.s3.amazonaws.com/photos/361631994/original.jpeg,k-western-south-america,2024-10-25 18:50:18
original_4607563575_2.jpeg,2762989,Musa ornata,8.537,"Heliodoxa rubinoides (Bourcier & Mulsant, 1846)",2476931,-0.421288,-77.811963,,SOUTH_AMERICA,Napo,,,,2024-02-27T12:08,False,craigjhowe,iNaturalist,http://creativecommons.org/licenses/by-nc/4.0/,craigjhowe,https://inaturalist-open-data.s3.amazonaws.com/photos/361631961/original.jpeg; https://inaturalist-open-data.s3.amazonaws.com/photos/361631994/original.jpeg,k-western-south-america,2024-10-25 18:50:19
original_4846738852_1.jpeg,5275085,Olfersia cervina,3.9309999999999996,"Heliodoxa rubinoides (Bourcier & Mulsant, 1846)",2476931,0.118457,-78.612374,10.0,SOUTH_AMERICA,Pichincha,,,,2023-01-08T15:55,False,Megan Hanson,iNaturalist,http://creativecommons.org/licenses/by-nc/4.0/,Megan Hanson,https://inaturalist-open-data.s3.amazonaws.com/photos/254850651/original.jpeg; https://inaturalist-open-data.s3.amazonaws.com/photos/254850691/original.jpeg; https://inaturalist-open-data.s3.amazonaws.com/photos/254850901/original.jpeg,k-western-south-america,2024-10-25 18:50:22
original_4846738852_2.jpeg,2697985,Aechmea mertensii,3.157,"Heliodoxa rubinoides (Bourcier & Mulsant, 1846)",2476931,0.118457,-78.612374,10.0,SOUTH_AMERICA,Pichincha,,,,2023-01-08T15:55,False,Megan Hanson,iNaturalist,http://creativecommons.org/licenses/by-nc/4.0/,Megan Hanson,https://inaturalist-open-data.s3.amazonaws.com/photos/254850651/original.jpeg; https://inaturalist-open-data.s3.amazonaws.com/photos/254850691/original.jpeg; https://inaturalist-open-data.s3.amazonaws.com/photos/254850901/original.jpeg,k-western-south-america,2024-10-25 18:50:24
original_4846768803_1.jpeg,8220878,Callianthe megapotamica,25.247000000000003,"Heliodoxa rubinoides (Bourcier & Mulsant, 1846)",2476931,-0.401157,-78.169556,3906.0,SOUTH_AMERICA,Napo,,,,2024-03-05T16:27,False,roumazeilles,iNaturalist,http://creativecommons.org/licenses/by-nc/4.0/,roumazeilles,https://inaturalist-open-data.s3.amazonaws.com/photos/362893120/original.jpeg,k-western-south-america,2024-10-25 18:50:29
original_4846810533_1.jpg,5288745,Vriesea pleiosticha,7.155,"Heliodoxa rubinoides (Bourcier & Mulsant, 1846)",2476931,-0.024618,-78.724561,8.0,SOUTH_AMERICA,Pichincha,,,,2023-11-17T11:03,False,guylafond,iNaturalist,http://creativecommons.org/licenses/by-nc/4.0/,guylafond,https://inaturalist-open-data.s3.amazonaws.com/photos/359283380/original.jpg,k-western-south-america,2024-10-25 18:50:31
original_4846823462_1.jpeg,2899270,Palicourea marcgravii,1.2630000000000001,"Heliodoxa rubinoides (Bourcier & Mulsant, 1846)",2476931,-0.46953,-77.865242,,SOUTH_AMERICA,Napo,,,,2024-02-18T10:31,False,craigjhowe,iNaturalist,http://creativecommons.org/licenses/by-nc/4.0/,craigjhowe,https://inaturalist-open-data.s3.amazonaws.com/photos/358365108/original.jpeg,k-western-south-america,2024-10-25 18:50:33
original_4847015507_1.jpeg,5420380,Psidium guajava,1.146,"Heliodoxa rubinoides (Bourcier & Mulsant, 1846)",2476931,-0.469558,-77.865237,,SOUTH_AMERICA,Napo,,,,2024-02-18T10:30,False,craigjhowe,iNaturalist,http://creativecommons.org/licenses/by-nc/4.0/,craigjhowe,https://inaturalist-open-data.s3.amazonaws.com/photos/358363413/original.jpeg,k-western-south-america,2024-10-25 18:50:35
original_4847157391_1.jpg,2932389,Solanum torvum,2.621,"Heliodoxa rubinoides (Bourcier & Mulsant, 1846)",2476931,4.842387,-75.553077,200.0,SOUTH_AMERICA,Risaralda,,,,2024-04-09T15:04,False,David Monroy R,iNaturalist,http://creativecommons.org/licenses/by-nc/4.0/,David Monroy R,https://inaturalist-open-data.s3.amazonaws.com/photos/365541368/original.jpg,k-western-south-america,2024-10-25 18:50:45
original_4852132956_1.jpeg,3155772,Guatteria punctata,8.661000000000001,"Heliodoxa rubinoides (Bourcier & Mulsant, 1846)",2476931,0.019133,-78.706929,560.0,SOUTH_AMERICA,Pichincha,,,,2024-01-26T09:44,False,Rob Foster,iNaturalist,http://creativecommons.org/licenses/by/4.0/,Rob Foster,https://inaturalist-open-data.s3.amazonaws.com/photos/351434565/original.jpeg,k-western-south-america,2024-10-25 18:50:48
original_4855238116_1.jpeg,2984359,Boehmeria nivea,12.545,"Heliodoxa rubinoides (Bourcier & Mulsant, 1846)",2476931,0.062176,-78.682022,212.0,SOUTH_AMERICA,Pichincha,,,,2024-04-28T10:01,False,miguel_urgiles,iNaturalist,http://creativecommons.org/licenses/by-nc/4.0/,miguel_urgiles,https://inaturalist-open-data.s3.amazonaws.com/photos/375139734/original.jpeg,k-western-south-america,2024-10-25 18:50:51
original_4863554016_1.jpeg,5938225,Fuchsia boliviana,10.567,"Heliodoxa rubinoides (Bourcier & Mulsant, 1846)",2476931,-0.469557,-77.865228,,SOUTH_AMERICA,Napo,,,,2024-02-18T11:01,False,craigjhowe,iNaturalist,http://creativecommons.org/licenses/by-nc/4.0/,craigjhowe,https://inaturalist-open-data.s3.amazonaws.com/photos/358381373/original.jpeg,k-western-south-america,2024-10-25 18:51:01
original_4863724838_1.jpeg,2792457,Polystachya concreta,4.388,"Heliodoxa rubinoides (Bourcier & Mulsant, 1846)",2476931,0.00682,-78.676069,505.0,SOUTH_AMERICA,Pichincha,,,,2024-04-30T09:10,False,John Murnane,iNaturalist,http://creativecommons.org/licenses/by-nc/4.0/,John Murnane,https://inaturalist-open-data.s3.amazonaws.com/photos/378732036/original.jpeg,k-western-south-america,2024-10-25 18:51:04
original_4867671596_1.jpg,3155772,Guatteria punctata,8.174,"Heliodoxa rubinoides (Bourcier & Mulsant, 1846)",2476931,-0.067431,-78.754071,9813.0,SOUTH_AMERICA,Pichincha,,,,2024-01-03T21:12,False,filip_beckman,iNaturalist,http://creativecommons.org/licenses/by-nc/4.0/,filip_beckman,https://inaturalist-open-data.s3.amazonaws.com/photos/370339508/original.jpg,k-western-south-america,2024-10-25 18:51:10
original_4867838529_1.jpeg,5319715,Epidendrum rigidum,7.473000000000001,"Heliodoxa rubinoides (Bourcier & Mulsant, 1846)",2476931,0.003007,-78.678556,258.0,SOUTH_AMERICA,Pichincha,,,,2024-04-30T09:10,False,John Murnane,iNaturalist,http://creativecommons.org/licenses/by-nc/4.0/,John Murnane,https://inaturalist-open-data.s3.amazonaws.com/photos/384248246/original.jpeg; https://inaturalist-open-data.s3.amazonaws.com/photos/384248818/original.jpeg; https://inaturalist-open-data.s3.amazonaws.com/photos/384250289/original.jpeg,k-western-south-america,2024-10-25 18:51:13
original_4867838529_2.jpeg,5321877,Ionopsis utricularioides,6.381,"Heliodoxa rubinoides (Bourcier & Mulsant, 1846)",2476931,0.003007,-78.678556,258.0,SOUTH_AMERICA,Pichincha,,,,2024-04-30T09:10,False,John Murnane,iNaturalist,http://creativecommons.org/licenses/by-nc/4.0/,John Murnane,https://inaturalist-open-data.s3.amazonaws.com/photos/384248246/original.jpeg; https://inaturalist-open-data.s3.amazonaws.com/photos/384248818/original.jpeg; https://inaturalist-open-data.s3.amazonaws.com/photos/384250289/original.jpeg,k-western-south-america,2024-10-25 18:51:15
original_4867838529_3.jpeg,6365487,Columnea consanguinea,2.785,"Heliodoxa rubinoides (Bourcier & Mulsant, 1846)",2476931,0.003007,-78.678556,258.0,SOUTH_AMERICA,Pichincha,,,,2024-04-30T09:10,False,John Murnane,iNaturalist,http://creativecommons.org/licenses/by-nc/4.0/,John Murnane,https://inaturalist-open-data.s3.amazonaws.com/photos/384248246/original.jpeg; https://inaturalist-open-data.s3.amazonaws.com/photos/384248818/original.jpeg; https://inaturalist-open-data.s3.amazonaws.com/photos/384250289/original.jpeg,k-western-south-america,2024-10-25 18:51:18
original_4872580908_1.jpeg,5556447,Clusia grandiflora,5.459,"Heliodoxa rubinoides (Bourcier & Mulsant, 1846)",2476931,0.030789,-78.680562,,SOUTH_AMERICA,Pichincha,,,,2014-11-11T17:17,False,Joe Sebastiani,iNaturalist,http://creativecommons.org/licenses/by-nc/4.0/,Joe Sebastiani,https://inaturalist-open-data.s3.amazonaws.com/photos/384700507/original.jpeg,k-western-south-america,2024-10-25 18:51:27
original_4875376982_1.jpeg,5668522,Godmania aesculifolia,0.815,"Heliodoxa rubinoides (Bourcier & Mulsant, 1846)",2476931,0.020943,-78.706995,274.0,SOUTH_AMERICA,Pichincha,,,,2024-05-02T05:51,False,John Murnane,iNaturalist,http://creativecommons.org/licenses/by-nc/4.0/,John Murnane,https://inaturalist-open-data.s3.amazonaws.com/photos/384564844/original.jpeg,k-western-south-america,2024-10-25 18:51:30
original_4875574737_1.jpeg,5289709,Setaria sphacelata,23.394000000000002,"Heliodoxa rubinoides (Bourcier & Mulsant, 1846)",2476931,0.062176,-78.682022,212.0,SOUTH_AMERICA,Pichincha,,,,2024-04-28T09:58,False,miguel_urgiles,iNaturalist,http://creativecommons.org/licenses/by-nc/4.0/,miguel_urgiles,https://inaturalist-open-data.s3.amazonaws.com/photos/375137600/original.jpeg; https://inaturalist-open-data.s3.amazonaws.com/photos/375137617/original.jpeg,k-western-south-america,2024-10-25 18:51:32
original_4875574737_2.jpeg,5289709,Setaria sphacelata,36.015,"Heliodoxa rubinoides (Bourcier & Mulsant, 1846)",2476931,0.062176,-78.682022,212.0,SOUTH_AMERICA,Pichincha,,,,2024-04-28T09:58,False,miguel_urgiles,iNaturalist,http://creativecommons.org/licenses/by-nc/4.0/,miguel_urgiles,https://inaturalist-open-data.s3.amazonaws.com/photos/375137600/original.jpeg; https://inaturalist-open-data.s3.amazonaws.com/photos/375137617/original.jpeg,k-western-south-america,2024-10-25 18:51:34
original_4891854530_1.jpg,3155772,Guatteria punctata,4.201,"Heliodoxa rubinoides (Bourcier & Mulsant, 1846)",2476931,-0.015874,-78.680913,99.0,SOUTH_AMERICA,Pichincha,,,,2023-02-17T14:44,False,Jose Granizo,iNaturalist,http://creativecommons.org/licenses/by-nc/4.0/,Jose Granizo,https://inaturalist-open-data.s3.amazonaws.com/photos/257318659/original.jpg; https://inaturalist-open-data.s3.amazonaws.com/photos/257318666/original.jpg,k-western-south-america,2024-10-25 18:51:36
original_4891854530_2.jpg,3155772,Guatteria punctata,2.461,"Heliodoxa rubinoides (Bourcier & Mulsant, 1846)",2476931,-0.015874,-78.680913,99.0,SOUTH_AMERICA,Pichincha,,,,2023-02-17T14:44,False,Jose Granizo,iNaturalist,http://creativecommons.org/licenses/by-nc/4.0/,Jose Granizo,https://inaturalist-open-data.s3.amazonaws.com/photos/257318659/original.jpg; https://inaturalist-open-data.s3.amazonaws.com/photos/257318666/original.jpg,k-western-south-america,2024-10-25 18:51:39
original_4901105877_1.jpg,7869676,Helicteres guazumifolia,0.814,"Heliodoxa rubinoides (Bourcier & Mulsant, 1846)",2476931,0.05674,-78.745148,25.0,SOUTH_AMERICA,Pichincha,,,,2022-10-27T07:47,False,Jose Granizo,iNaturalist,http://creativecommons.org/licenses/by-nc/4.0/,Jose Granizo,https://inaturalist-open-data.s3.amazonaws.com/photos/240422781/original.jpg,k-western-south-america,2024-10-25 18:51:41
original_4908274798_2.jpg,7274333,Tropaeolum pentaphyllum,2.447,"Heliodoxa rubinoides (Bourcier & Mulsant, 1846)",2476931,-0.599347,-77.890297,3.0,SOUTH_AMERICA,Napo,,,,2024-06-26T15:01:43,False,peytonking,iNaturalist,http://creativecommons.org/licenses/by-nc/4.0/,peytonking,https://inaturalist-open-data.s3.amazonaws.com/photos/399828595/original.jpg; https://inaturalist-open-data.s3.amazonaws.com/photos/399828632/original.jpg; https://inaturalist-open-data.s3.amazonaws.com/photos/399828741/original.jpg,k-western-south-america,2024-10-25 18:51:49
original_4908274798_3.jpg,4093319,Delostoma integrifolium,2.8209999999999997,"Heliodoxa rubinoides (Bourcier & Mulsant, 1846)",2476931,-0.599347,-77.890297,3.0,SOUTH_AMERICA,Napo,,,,2024-06-26T15:01:43,False,peytonking,iNaturalist,http://creativecommons.org/licenses/by-nc/4.0/,peytonking,https://inaturalist-open-data.s3.amazonaws.com/photos/399828595/original.jpg; https://inaturalist-open-data.s3.amazonaws.com/photos/399828632/original.jpg; https://inaturalist-open-data.s3.amazonaws.com/photos/399828741/original.jpg,k-western-south-america,2024-10-25 18:51:51
original_4909063998_1.jpg,2932944,Capsicum annuum,15.709999999999999,"Heliodoxa rubinoides (Bourcier & Mulsant, 1846)",2476931,0.159796,-78.85327,4.0,SOUTH_AMERICA,Pichincha,,,,2024-07-14T11:13,False,David Torres,iNaturalist,http://creativecommons.org/licenses/by-nc/4.0/,David Torres,https://inaturalist-open-data.s3.amazonaws.com/photos/407951437/original.jpg; https://inaturalist-open-data.s3.amazonaws.com/photos/407951468/original.jpg; https://inaturalist-open-data.s3.amazonaws.com/photos/407951472/original.jpg; https://inaturalist-open-data.s3.amazonaws.com/photos/407951912/original.jpg,k-western-south-america,2024-10-25 18:51:59
original_4909063998_3.jpg,2930137,Solanum lycopersicum,63.385999999999996,"Heliodoxa rubinoides (Bourcier & Mulsant, 1846)",2476931,0.159796,-78.85327,4.0,SOUTH_AMERICA,Pichincha,,,,2024-07-14T11:13,False,David Torres,iNaturalist,http://creativecommons.org/licenses/by-nc/4.0/,David Torres,https://inaturalist-open-data.s3.amazonaws.com/photos/407951437/original.jpg; https://inaturalist-open-data.s3.amazonaws.com/photos/407951468/original.jpg; https://inaturalist-open-data.s3.amazonaws.com/photos/407951472/original.jpg; https://inaturalist-open-data.s3.amazonaws.com/photos/407951912/original.jpg,k-western-south-america,2024-10-25 18:52:03
original_4909063998_4.jpg,8368994,Passiflora mixta,3.3000000000000003,"Heliodoxa rubinoides (Bourcier & Mulsant, 1846)",2476931,0.159796,-78.85327,4.0,SOUTH_AMERICA,Pichincha,,,,2024-07-14T11:13,False,David Torres,iNaturalist,http://creativecommons.org/licenses/by-nc/4.0/,David Torres,https://inaturalist-open-data.s3.amazonaws.com/photos/407951437/original.jpg; https://inaturalist-open-data.s3.amazonaws.com/photos/407951468/original.jpg; https://inaturalist-open-data.s3.amazonaws.com/photos/407951472/original.jpg; https://inaturalist-open-data.s3.amazonaws.com/photos/407951912/original.jpg,k-western-south-america,2024-10-25 18:52:06
original_4910817656_1.jpg,5938224,Fuchsia magellanica,19.246,"Heliodoxa rubinoides (Bourcier & Mulsant, 1846)",2476931,0.040266,-78.675279,31.0,SOUTH_AMERICA,Pichincha,,,,2024-05-23T01:26,False,fabiendubas,iNaturalist,http://creativecommons.org/licenses/by-nc/4.0/,fabiendubas,https://inaturalist-open-data.s3.amazonaws.com/photos/409183112/original.jpg,k-western-south-america,2024-10-25 18:52:08
original_899938903_1.jpg,2792457,Polystachya concreta,1.053,"Heliodoxa rubinoides (Bourcier & Mulsant, 1846)",2476931,0.007762,-78.679637,,SOUTH_AMERICA,Pichincha,,,,2009-10-09T16:40:06,False,Mark Rosenstein,iNaturalist,http://creativecommons.org/licenses/by-nc/4.0/,Mark Rosenstein,https://inaturalist-open-data.s3.amazonaws.com/photos/235846/original.jpg,k-western-south-america,2024-10-25 18:52:15
sp61706096708942436414.att_1309909828_3.JPG,5370573,Polylepis sericea,4.812,"Heliodoxa rubinoides (Bourcier & Mulsant, 1846)",2476931,-14.472,-74.791,,SOUTH_AMERICA,Junin,,,,2008-09-22,False,Unknown,Unknown,Unknown,University of Kansas Biodiversity Institute,http://biimages.biodiversity.ku.edu/static/Ornithology/originals/sp6105735435781617804.att.JPG; http://biimages.biodiversity.ku.edu/static/Ornithology/originals/sp61149191801894861045.att.JPG; http://biimages.biodiversity.ku.edu/static/Ornithology/originals/sp61309861063130504058.att.JPG; http://biimages.biodiversity.ku.edu/static/Ornithology/originals/sp61706096708942436414.att.JPG; http://biimages.biodiversity.ku.edu/static/Ornithology/originals/sp62663383506660011877.att.JPG; http://biimages.biodiversity.ku.edu/static/Ornithology/originals/sp62719538244011012095.att.JPG; http://biimages.biodiversity.ku.edu/static/Ornithology/originals/sp62838326003246942798.att.JPG; http://biimages.biodiversity.ku.edu/static/Ornithology/originals/sp63228256147182550224.att.JPG; http://biimages.biodiversity.ku.edu/static/Ornithology/originals/sp64075862854287318960.att.JPG; http://biimages.biodiversity.ku.edu/static/Ornithology/originals/sp6531401002209486262.att.JPG; http://biimages.biodiversity.ku.edu/static/Ornithology/originals/sp65771890374949323038.att.JPG; http://biimages.biodiversity.ku.edu/static/Ornithology/originals/sp65781970639959792465.att.JPG; http://biimages.biodiversity.ku.edu/static/Ornithology/originals/sp66350958290570373763.att.JPG; http://biimages.biodiversity.ku.edu/static/Ornithology/originals/sp66998662072825553901.att.JPG; http://biimages.biodiversity.ku.edu/static/Ornithology/originals/sp67794529899071360444.att.JPG; http://biimages.biodiversity.ku.edu/static/Ornithology/originals/sp68135926573872527984.att.JPG; http://biimages.biodiversity.ku.edu/static/Ornithology/originals/sp6820197122772030987.att.JPG; http://biimages.biodiversity.ku.edu/static/Ornithology/originals/sp68309177089468768199.att.JPG; http://biimages.biodiversity.ku.edu/static/Ornithology/originals/sp68823044513932806726.att.JPG,k-western-south-america,2024-10-25 18:52:20
sp61706096708942436414.att_686323079_3.JPG,5370573,Polylepis sericea,4.812,"Heliodoxa rubinoides (Bourcier & Mulsant, 1846)",2476931,-11.472,-74.791,,SOUTH_AMERICA,Junin,,,,2008-09-17,False,Unknown,Unknown,Unknown,University of Kansas Biodiversity Institute,http://biimages.biodiversity.ku.edu/static/Ornithology/originals/sp6105735435781617804.att.JPG; http://biimages.biodiversity.ku.edu/static/Ornithology/originals/sp61149191801894861045.att.JPG; http://biimages.biodiversity.ku.edu/static/Ornithology/originals/sp61309861063130504058.att.JPG; http://biimages.biodiversity.ku.edu/static/Ornithology/originals/sp61706096708942436414.att.JPG; http://biimages.biodiversity.ku.edu/static/Ornithology/originals/sp62663383506660011877.att.JPG; http://biimages.biodiversity.ku.edu/static/Ornithology/originals/sp62719538244011012095.att.JPG; http://biimages.biodiversity.ku.edu/static/Ornithology/originals/sp62838326003246942798.att.JPG; http://biimages.biodiversity.ku.edu/static/Ornithology/originals/sp63228256147182550224.att.JPG; http://biimages.biodiversity.ku.edu/static/Ornithology/originals/sp64075862854287318960.att.JPG; http://biimages.biodiversity.ku.edu/static/Ornithology/originals/sp6531401002209486262.att.JPG; http://biimages.biodiversity.ku.edu/static/Ornithology/originals/sp65771890374949323038.att.JPG; http://biimages.biodiversity.ku.edu/static/Ornithology/originals/sp65781970639959792465.att.JPG; http://biimages.biodiversity.ku.edu/static/Ornithology/originals/sp66350958290570373763.att.JPG; http://biimages.biodiversity.ku.edu/static/Ornithology/originals/sp66998662072825553901.att.JPG; http://biimages.biodiversity.ku.edu/static/Ornithology/originals/sp67794529899071360444.att.JPG; http://biimages.biodiversity.ku.edu/static/Ornithology/originals/sp68135926573872527984.att.JPG; http://biimages.biodiversity.ku.edu/static/Ornithology/originals/sp6820197122772030987.att.JPG; http://biimages.biodiversity.ku.edu/static/Ornithology/originals/sp68309177089468768199.att.JPG; http://biimages.biodiversity.ku.edu/static/Ornithology/originals/sp68823044513932806726.att.JPG,k-western-south-america,2024-10-25 18:52:22
sp6531401002209486262.att_1309909828_9.JPG,5660135,Cordia bicolor,1.549,"Heliodoxa rubinoides (Bourcier & Mulsant, 1846)",2476931,-14.472,-74.791,,SOUTH_AMERICA,Junin,,,,2008-09-22,False,Unknown,Unknown,Unknown,University of Kansas Biodiversity Institute,http://biimages.biodiversity.ku.edu/static/Ornithology/originals/sp6105735435781617804.att.JPG; http://biimages.biodiversity.ku.edu/static/Ornithology/originals/sp61149191801894861045.att.JPG; http://biimages.biodiversity.ku.edu/static/Ornithology/originals/sp61309861063130504058.att.JPG; http://biimages.biodiversity.ku.edu/static/Ornithology/originals/sp61706096708942436414.att.JPG; http://biimages.biodiversity.ku.edu/static/Ornithology/originals/sp62663383506660011877.att.JPG; http://biimages.biodiversity.ku.edu/static/Ornithology/originals/sp62719538244011012095.att.JPG; http://biimages.biodiversity.ku.edu/static/Ornithology/originals/sp62838326003246942798.att.JPG; http://biimages.biodiversity.ku.edu/static/Ornithology/originals/sp63228256147182550224.att.JPG; http://biimages.biodiversity.ku.edu/static/Ornithology/originals/sp64075862854287318960.att.JPG; http://biimages.biodiversity.ku.edu/static/Ornithology/originals/sp6531401002209486262.att.JPG; http://biimages.biodiversity.ku.edu/static/Ornithology/originals/sp65771890374949323038.att.JPG; http://biimages.biodiversity.ku.edu/static/Ornithology/originals/sp65781970639959792465.att.JPG; http://biimages.biodiversity.ku.edu/static/Ornithology/originals/sp66350958290570373763.att.JPG; http://biimages.biodiversity.ku.edu/static/Ornithology/originals/sp66998662072825553901.att.JPG; http://biimages.biodiversity.ku.edu/static/Ornithology/originals/sp67794529899071360444.att.JPG; http://biimages.biodiversity.ku.edu/static/Ornithology/originals/sp68135926573872527984.att.JPG; http://biimages.biodiversity.ku.edu/static/Ornithology/originals/sp6820197122772030987.att.JPG; http://biimages.biodiversity.ku.edu/static/Ornithology/originals/sp68309177089468768199.att.JPG; http://biimages.biodiversity.ku.edu/static/Ornithology/originals/sp68823044513932806726.att.JPG,k-western-south-america,2024-10-25 18:52:27
sp6531401002209486262.att_686323079_9.JPG,5660135,Cordia bicolor,1.549,"Heliodoxa rubinoides (Bourcier & Mulsant, 1846)",2476931,-11.472,-74.791,,SOUTH_AMERICA,Junin,,,,2008-09-17,False,Unknown,Unknown,Unknown,University of Kansas Biodiversity Institute,http://biimages.biodiversity.ku.edu/static/Ornithology/originals/sp6105735435781617804.att.JPG; http://biimages.biodiversity.ku.edu/static/Ornithology/originals/sp61149191801894861045.att.JPG; http://biimages.biodiversity.ku.edu/static/Ornithology/originals/sp61309861063130504058.att.JPG; http://biimages.biodiversity.ku.edu/static/Ornithology/originals/sp61706096708942436414.att.JPG; http://biimages.biodiversity.ku.edu/static/Ornithology/originals/sp62663383506660011877.att.JPG; http://biimages.biodiversity.ku.edu/static/Ornithology/originals/sp62719538244011012095.att.JPG; http://biimages.biodiversity.ku.edu/static/Ornithology/originals/sp62838326003246942798.att.JPG; http://biimages.biodiversity.ku.edu/static/Ornithology/originals/sp63228256147182550224.att.JPG; http://biimages.biodiversity.ku.edu/static/Ornithology/originals/sp64075862854287318960.att.JPG; http://biimages.biodiversity.ku.edu/static/Ornithology/originals/sp6531401002209486262.att.JPG; http://biimages.biodiversity.ku.edu/static/Ornithology/originals/sp65771890374949323038.att.JPG; http://biimages.biodiversity.ku.edu/static/Ornithology/originals/sp65781970639959792465.att.JPG; http://biimages.biodiversity.ku.edu/static/Ornithology/originals/sp66350958290570373763.att.JPG; http://biimages.biodiversity.ku.edu/static/Ornithology/originals/sp66998662072825553901.att.JPG; http://biimages.biodiversity.ku.edu/static/Ornithology/originals/sp67794529899071360444.att.JPG; http://biimages.biodiversity.ku.edu/static/Ornithology/originals/sp68135926573872527984.att.JPG; http://biimages.biodiversity.ku.edu/static/Ornithology/originals/sp6820197122772030987.att.JPG; http://biimages.biodiversity.ku.edu/static/Ornithology/originals/sp68309177089468768199.att.JPG; http://biimages.biodiversity.ku.edu/static/Ornithology/originals/sp68823044513932806726.att.JPG,k-western-south-america,2024-10-25 18:52:29
sp66998662072825553901.att_1309909828_5.JPG,2985000,Parinari excelsa,4.58,"Heliodoxa rubinoides (Bourcier & Mulsant, 1846)",2476931,-14.472,-74.791,,SOUTH_AMERICA,Junin,,,,2008-09-22,False,Unknown,Unknown,Unknown,University of Kansas Biodiversity Institute,http://biimages.biodiversity.ku.edu/static/Ornithology/originals/sp6105735435781617804.att.JPG; http://biimages.biodiversity.ku.edu/static/Ornithology/originals/sp61149191801894861045.att.JPG; http://biimages.biodiversity.ku.edu/static/Ornithology/originals/sp61309861063130504058.att.JPG; http://biimages.biodiversity.ku.edu/static/Ornithology/originals/sp61706096708942436414.att.JPG; http://biimages.biodiversity.ku.edu/static/Ornithology/originals/sp62663383506660011877.att.JPG; http://biimages.biodiversity.ku.edu/static/Ornithology/originals/sp62719538244011012095.att.JPG; http://biimages.biodiversity.ku.edu/static/Ornithology/originals/sp62838326003246942798.att.JPG; http://biimages.biodiversity.ku.edu/static/Ornithology/originals/sp63228256147182550224.att.JPG; http://biimages.biodiversity.ku.edu/static/Ornithology/originals/sp64075862854287318960.att.JPG; http://biimages.biodiversity.ku.edu/static/Ornithology/originals/sp6531401002209486262.att.JPG; http://biimages.biodiversity.ku.edu/static/Ornithology/originals/sp65771890374949323038.att.JPG; http://biimages.biodiversity.ku.edu/static/Ornithology/originals/sp65781970639959792465.att.JPG; http://biimages.biodiversity.ku.edu/static/Ornithology/originals/sp66350958290570373763.att.JPG; http://biimages.biodiversity.ku.edu/static/Ornithology/originals/sp66998662072825553901.att.JPG; http://biimages.biodiversity.ku.edu/static/Ornithology/originals/sp67794529899071360444.att.JPG; http://biimages.biodiversity.ku.edu/static/Ornithology/originals/sp68135926573872527984.att.JPG; http://biimages.biodiversity.ku.edu/static/Ornithology/originals/sp6820197122772030987.att.JPG; http://biimages.biodiversity.ku.edu/static/Ornithology/originals/sp68309177089468768199.att.JPG; http://biimages.biodiversity.ku.edu/static/Ornithology/originals/sp68823044513932806726.att.JPG,k-western-south-america,2024-10-25 18:52:38
sp66998662072825553901.att_686323079_5.JPG,2985000,Parinari excelsa,4.58,"Heliodoxa rubinoides (Bourcier & Mulsant, 1846)",2476931,-11.472,-74.791,,SOUTH_AMERICA,Junin,,,,2008-09-17,False,Unknown,Unknown,Unknown,University of Kansas Biodiversity Institute,http://biimages.biodiversity.ku.edu/static/Ornithology/originals/sp6105735435781617804.att.JPG; http://biimages.biodiversity.ku.edu/static/Ornithology/originals/sp61149191801894861045.att.JPG; http://biimages.biodiversity.ku.edu/static/Ornithology/originals/sp61309861063130504058.att.JPG; http://biimages.biodiversity.ku.edu/static/Ornithology/originals/sp61706096708942436414.att.JPG; http://biimages.biodiversity.ku.edu/static/Ornithology/originals/sp62663383506660011877.att.JPG; http://biimages.biodiversity.ku.edu/static/Ornithology/originals/sp62719538244011012095.att.JPG; http://biimages.biodiversity.ku.edu/static/Ornithology/originals/sp62838326003246942798.att.JPG; http://biimages.biodiversity.ku.edu/static/Ornithology/originals/sp63228256147182550224.att.JPG; http://biimages.biodiversity.ku.edu/static/Ornithology/originals/sp64075862854287318960.att.JPG; http://biimages.biodiversity.ku.edu/static/Ornithology/originals/sp6531401002209486262.att.JPG; http://biimages.biodiversity.ku.edu/static/Ornithology/originals/sp65771890374949323038.att.JPG; http://biimages.biodiversity.ku.edu/static/Ornithology/originals/sp65781970639959792465.att.JPG; http://biimages.biodiversity.ku.edu/static/Ornithology/originals/sp66350958290570373763.att.JPG; http://biimages.biodiversity.ku.edu/static/Ornithology/originals/sp66998662072825553901.att.JPG; http://biimages.biodiversity.ku.edu/static/Ornithology/originals/sp67794529899071360444.att.JPG; http://biimages.biodiversity.ku.edu/static/Ornithology/originals/sp68135926573872527984.att.JPG; http://biimages.biodiversity.ku.edu/static/Ornithology/originals/sp6820197122772030987.att.JPG; http://biimages.biodiversity.ku.edu/static/Ornithology/originals/sp68309177089468768199.att.JPG; http://biimages.biodiversity.ku.edu/static/Ornithology/originals/sp68823044513932806726.att.JPG,k-western-south-america,2024-10-25 18:52:40
