imageFileName,gbifIDPlant,speciesPlant,scorePlant,scientificNameBird,gbifIDBird,decimalLatitude,decimalLongitude,coordinateUncertaintyInMeters,continent,stateProvince,year,month,day,eventDate,dateFieldsValid,creator,publisher,license,rightsHolder,identifier,projectID,identificationDateTime
original_1065608854_1.JPG,5285058,Pinus engelmannii,0.583,"Lampornis clemenciae (R.Lesson, 1830)",2476748,31.464057,-109.955845,470.0,NORTH_AMERICA,Arizona,2015,2,9,2015-02-09,True,Ken Lamberton,iNaturalist,http://creativecommons.org/licenses/by-nc/4.0/,Ken Lamberton,https://inaturalist-open-data.s3.amazonaws.com/photos/1545539/original.JPG,k-southwestern-u-s-a,2024-10-25 07:49:05
original_1088967082_1.jpg,3158040,Asimina triloba,6.6000000000000005,"Lampornis clemenciae (R.Lesson, 1830)",2476748,29.26245,-103.25511,,NORTH_AMERICA,Texas,2015,5,2,2015-05-02T10:03:09,True,Mark Rosenstein,iNaturalist,http://creativecommons.org/licenses/by-nc/4.0/,Mark Rosenstein,https://inaturalist-open-data.s3.amazonaws.com/photos/1792646/original.jpg,k-south-central-u-s-a,2024-10-25 07:49:07
original_1088968271_1.jpg,2684549,Juniperus flaccida,1.081,"Lampornis clemenciae (R.Lesson, 1830)",2476748,29.240982,-103.296612,,NORTH_AMERICA,Texas,2015,5,3,2015-05-03T10:33:13,True,Mark Rosenstein,iNaturalist,http://creativecommons.org/licenses/by-nc/4.0/,Mark Rosenstein,https://inaturalist-open-data.s3.amazonaws.com/photos/1799464/original.jpg,k-south-central-u-s-a,2024-10-25 07:49:09
original_1092877919_2.JPG,7288259,Buddleja cordata,74.10799999999999,"Lampornis clemenciae (R.Lesson, 1830)",2476748,19.328409,-98.197378,466.0,NORTH_AMERICA,Tlaxcala,2015,4,28,2015-04-28,True,Juan Rafael Rodríguez Razgado,iNaturalist,http://creativecommons.org/licenses/by-nc/4.0/,Juan Rafael Rodríguez Razgado,https://inaturalist-open-data.s3.amazonaws.com/photos/1776500/original.JPG; https://inaturalist-open-data.s3.amazonaws.com/photos/1776520/original.JPG; https://inaturalist-open-data.s3.amazonaws.com/photos/1776569/original.JPG,k-mexico,2024-10-25 07:49:14
original_1098898038_1.JPG,7167078,Bougainvillea spectabilis,1.5859999999999999,"Lampornis clemenciae (R.Lesson, 1830)",2476748,20.406659,-100.092659,,NORTH_AMERICA,Querétaro,2015,5,31,2015-05-31,True,Dra. Laura Elvia Uribe Lara,iNaturalist,http://creativecommons.org/licenses/by-nc/4.0/,Dra. Laura Elvia Uribe Lara,https://inaturalist-open-data.s3.amazonaws.com/photos/1941238/original.JPG,k-mexico,2024-10-25 07:49:18
original_1132416681_1.jpg,5652201,Fallopia scandens,0.567,"Lampornis clemenciae (R.Lesson, 1830)",2476748,31.967499,-109.027018,29173.0,NORTH_AMERICA,Arizona,2015,7,25,2015-07-25T11:29:49,True,Brooke Smith,iNaturalist,http://creativecommons.org/licenses/by/4.0/,Brooke Smith,https://inaturalist-open-data.s3.amazonaws.com/photos/2186507/original.jpg,k-south-central-u-s-a,2024-10-25 07:49:20
original_1135529289_1.JPG,5406696,Ceiba aesculifolia,8.279,"Lampornis clemenciae (R.Lesson, 1830)",2476748,19.302732,-99.270056,310.0,NORTH_AMERICA,Distrito Federal,2015,8,24,2015-08-24,True,Sofía de la Guerra,iNaturalist,http://creativecommons.org/licenses/by-nc/4.0/,Sofía de la Guerra,https://inaturalist-open-data.s3.amazonaws.com/photos/2307841/original.JPG,k-mexico,2024-10-25 07:49:23
original_1144283217_2.JPG,2705621,Paspalum notatum,0.653,"Lampornis clemenciae (R.Lesson, 1830)",2476748,20.254064,-98.550357,62.0,NORTH_AMERICA,Hidalgo,2014,4,19,2014-04-19,True,Mireya González,iNaturalist,http://creativecommons.org/licenses/by-nc/4.0/,Mireya González,https://inaturalist-open-data.s3.amazonaws.com/photos/2517371/original.JPG; https://inaturalist-open-data.s3.amazonaws.com/photos/2517389/original.JPG,k-mexico,2024-10-25 07:49:33
original_1265567561_1.JPG,5295110,Smilax tamnoides,2.553,"Lampornis clemenciae (R.Lesson, 1830)",2476748,17.30541,-96.44434,5350.0,NORTH_AMERICA,Oaxaca,2016,3,31,2016-03-31,True,AnaLi Hr,iNaturalist,http://creativecommons.org/licenses/by-nc/4.0/,AnaLi Hr,https://inaturalist-open-data.s3.amazonaws.com/photos/3336056/original.JPG,k-mexico,2024-10-25 07:49:35
original_1265595257_1.JPG,2928783,Nicotiana glauca,94.569,"Lampornis clemenciae (R.Lesson, 1830)",2476748,25.336405,-100.992433,16.0,NORTH_AMERICA,Coahuila,2008,3,27,2008-03-27,True,Sergio Marines,iNaturalist,http://creativecommons.org/licenses/by-nc/4.0/,Sergio Marines,https://inaturalist-open-data.s3.amazonaws.com/photos/3478657/original.JPG,k-mexico,2024-10-25 07:49:40
original_1269585540_1.jpg,3190006,Ungnadia speciosa,99.653,"Lampornis clemenciae (R.Lesson, 1830)",2476748,25.375174,-100.240271,,NORTH_AMERICA,Nuevo León,2016,3,26,2016-03-26,True,Liliana,iNaturalist,http://creativecommons.org/licenses/by-nc/4.0/,Liliana,https://inaturalist-open-data.s3.amazonaws.com/photos/3823267/original.png; https://inaturalist-open-data.s3.amazonaws.com/photos/3823272/original.jpg; https://inaturalist-open-data.s3.amazonaws.com/photos/3823276/original.jpg,k-mexico,2024-10-25 07:49:42
original_1269585540_2.png,3190006,Ungnadia speciosa,62.186,"Lampornis clemenciae (R.Lesson, 1830)",2476748,25.375174,-100.240271,,NORTH_AMERICA,Nuevo León,2016,3,26,2016-03-26,True,Liliana,iNaturalist,http://creativecommons.org/licenses/by-nc/4.0/,Liliana,https://inaturalist-open-data.s3.amazonaws.com/photos/3823267/original.png; https://inaturalist-open-data.s3.amazonaws.com/photos/3823272/original.jpg; https://inaturalist-open-data.s3.amazonaws.com/photos/3823276/original.jpg,k-mexico,2024-10-25 07:49:44
original_1269585540_3.jpg,3190006,Ungnadia speciosa,92.608,"Lampornis clemenciae (R.Lesson, 1830)",2476748,25.375174,-100.240271,,NORTH_AMERICA,Nuevo León,2016,3,26,2016-03-26,True,Liliana,iNaturalist,http://creativecommons.org/licenses/by-nc/4.0/,Liliana,https://inaturalist-open-data.s3.amazonaws.com/photos/3823267/original.png; https://inaturalist-open-data.s3.amazonaws.com/photos/3823272/original.jpg; https://inaturalist-open-data.s3.amazonaws.com/photos/3823276/original.jpg,k-mexico,2024-10-25 07:49:45
original_1305144380_1.jpeg,2887069,Sideroxylon lanuginosum,6.138,"Lampornis clemenciae (R.Lesson, 1830)",2476748,26.128318,-97.958071,,NORTH_AMERICA,Texas,2008,10,15,2008-10-15T17:39,True,johnyochum,iNaturalist,http://creativecommons.org/licenses/by/4.0/,johnyochum,https://inaturalist-open-data.s3.amazonaws.com/photos/4595219/original.jpeg,k-south-central-u-s-a,2024-10-25 07:49:53
original_1305146975_1.jpg,7286788,Bursera bipinnata,1.9529999999999998,"Lampornis clemenciae (R.Lesson, 1830)",2476748,25.336531,-100.995024,8.0,NORTH_AMERICA,Coahuila,2007,4,6,2007-04-06T21:30,True,Zona Sujeta a Conservación Ecológica Sierra de Zapalinamé,iNaturalist,http://creativecommons.org/licenses/by-nc/4.0/,Zona Sujeta a Conservación Ecológica Sierra de Zapalinamé,https://inaturalist-open-data.s3.amazonaws.com/photos/4605447/original.jpg; https://inaturalist-open-data.s3.amazonaws.com/photos/4605452/original.jpg,k-mexico,2024-10-25 07:49:56
original_1305146975_2.jpg,2695580,Tillandsia circinnatioides,1.6629999999999998,"Lampornis clemenciae (R.Lesson, 1830)",2476748,25.336531,-100.995024,8.0,NORTH_AMERICA,Coahuila,2007,4,6,2007-04-06T21:30,True,Zona Sujeta a Conservación Ecológica Sierra de Zapalinamé,iNaturalist,http://creativecommons.org/licenses/by-nc/4.0/,Zona Sujeta a Conservación Ecológica Sierra de Zapalinamé,https://inaturalist-open-data.s3.amazonaws.com/photos/4605447/original.jpg; https://inaturalist-open-data.s3.amazonaws.com/photos/4605452/original.jpg,k-mexico,2024-10-25 07:49:58
original_1305147024_1.jpg,2928783,Nicotiana glauca,68.348,"Lampornis clemenciae (R.Lesson, 1830)",2476748,25.336463,-100.991703,15.0,NORTH_AMERICA,Coahuila,2007,4,6,2007-04-06T20:58,True,Zona Sujeta a Conservación Ecológica Sierra de Zapalinamé,iNaturalist,http://creativecommons.org/licenses/by-nc/4.0/,Zona Sujeta a Conservación Ecológica Sierra de Zapalinamé,https://inaturalist-open-data.s3.amazonaws.com/photos/4605446/original.jpg,k-mexico,2024-10-25 07:50:00
original_1306585359_1.jpg,3152052,Apeiba tibourbou,1.654,"Lampornis clemenciae (R.Lesson, 1830)",2476748,19.149709,-98.987675,244.0,NORTH_AMERICA,Distrito Federal,2016,6,26,2016-06-26T09:29,True,Gerardo Durá,iNaturalist,http://creativecommons.org/licenses/by-nc/4.0/,Gerardo Durá,https://inaturalist-open-data.s3.amazonaws.com/photos/4781451/original.jpg,k-mexico,2024-10-25 07:50:02
original_1306590537_1.jpg,5285090,Pinus patula,38.458999999999996,"Lampornis clemenciae (R.Lesson, 1830)",2476748,17.121375,-96.45142,,NORTH_AMERICA,Oaxaca,2016,5,5,2016-05-05T14:35:47,True,Jesus cortes,iNaturalist,http://creativecommons.org/licenses/by-nc/4.0/,Jesus cortes,https://inaturalist-open-data.s3.amazonaws.com/photos/4807419/original.jpg,k-mexico,2024-10-25 07:50:05
original_1315061888_1.jpg,2777004,Nolina bigelovii,1.015,"Lampornis clemenciae (R.Lesson, 1830)",2476748,31.883333,-109.205227,,NORTH_AMERICA,Arizona,2016,8,12,2016-08-12T16:24,True,BJ Stacey,iNaturalist,http://creativecommons.org/licenses/by-nc/4.0/,BJ Stacey,https://inaturalist-open-data.s3.amazonaws.com/photos/4853797/original.jpg,k-southwestern-u-s-a,2024-10-25 07:50:08
original_1453131564_1.jpg,2766475,Agave shawii,4.607,"Lampornis clemenciae (R.Lesson, 1830)",2476748,19.206047,-99.216641,3.0,NORTH_AMERICA,Distrito Federal,2016,10,8,2016-10-08T10:23,True,Mario Castañeda,iNaturalist,http://creativecommons.org/licenses/by-nc/4.0/,Mario Castañeda,https://inaturalist-open-data.s3.amazonaws.com/photos/5180767/original.jpg; https://inaturalist-open-data.s3.amazonaws.com/photos/5180776/original.jpg,k-mexico,2024-10-25 07:50:13
original_1453131564_2.jpg,10754082,Selenicereus ocamponis,3.436,"Lampornis clemenciae (R.Lesson, 1830)",2476748,19.206047,-99.216641,3.0,NORTH_AMERICA,Distrito Federal,2016,10,8,2016-10-08T10:23,True,Mario Castañeda,iNaturalist,http://creativecommons.org/licenses/by-nc/4.0/,Mario Castañeda,https://inaturalist-open-data.s3.amazonaws.com/photos/5180767/original.jpg; https://inaturalist-open-data.s3.amazonaws.com/photos/5180776/original.jpg,k-mexico,2024-10-25 07:50:15
original_1453192908_1.jpeg,2684391,Juniperus virginiana,6.61,"Lampornis clemenciae (R.Lesson, 1830)",2476748,28.984117,-108.528442,,NORTH_AMERICA,Chihuahua,2016,9,7,2016-09-07,True,Priscila,iNaturalist,http://creativecommons.org/licenses/by-nc/4.0/,Priscila,https://inaturalist-open-data.s3.amazonaws.com/photos/5424021/original.jpeg,k-mexico,2024-10-25 07:50:17
original_1453299536_1.JPG,7328414,Macleania insignis,1.4500000000000002,"Lampornis clemenciae (R.Lesson, 1830)",2476748,19.414474,-99.232261,,NORTH_AMERICA,Distrito Federal,2013,7,8,2013-07-08,True,Maria Jinich,iNaturalist,http://creativecommons.org/licenses/by-nc/4.0/,Maria Jinich,https://inaturalist-open-data.s3.amazonaws.com/photos/609940/original.JPG,k-mexico,2024-10-25 07:50:23
original_1453314417_1.jpg,2988222,Pyracantha angustifolia,4.53,"Lampornis clemenciae (R.Lesson, 1830)",2476748,31.90465,-109.15611,10.0,NORTH_AMERICA,Arizona,2016,12,28,2016-12-28T15:10:47,True,Steve Taylor,iNaturalist,http://creativecommons.org/licenses/by/4.0/,Steve Taylor,https://inaturalist-open-data.s3.amazonaws.com/photos/5900401/original.jpg,k-southwestern-u-s-a,2024-10-25 07:50:40
original_1453323195_1.jpg,5420901,Punica granatum,0.194,"Lampornis clemenciae (R.Lesson, 1830)",2476748,31.904411,-109.156002,11.0,NORTH_AMERICA,Arizona,2017,1,1,2017-01-01T13:40,True,Steve Taylor,iNaturalist,http://creativecommons.org/licenses/by/4.0/,Steve Taylor,https://inaturalist-open-data.s3.amazonaws.com/photos/5930562/original.jpg,k-southwestern-u-s-a,2024-10-25 07:50:42
original_1453395370_1.jpg,3190586,Pistacia chinensis,2.6519999999999997,"Lampornis clemenciae (R.Lesson, 1830)",2476748,31.904513,-109.155988,2.0,NORTH_AMERICA,Arizona,2017,1,24,2017-01-24T13:10,True,Mark Nofsinger,iNaturalist,http://creativecommons.org/licenses/by-nc/4.0/,Mark Nofsinger,https://inaturalist-open-data.s3.amazonaws.com/photos/6174385/original.jpg,k-southwestern-u-s-a,2024-10-25 07:50:47
original_1453506639_1.jpeg,2882415,Nymphaea elegans,4.007000000000001,"Lampornis clemenciae (R.Lesson, 1830)",2476748,19.013203,-99.230736,8.0,NORTH_AMERICA,Morelos,2017,3,13,2017-03-13T08:30,True,Rafael Rodríguez Brito,iNaturalist,http://creativecommons.org/licenses/by-nc/4.0/,Rafael Rodríguez Brito,https://inaturalist-open-data.s3.amazonaws.com/photos/6564251/original.jpeg; https://inaturalist-open-data.s3.amazonaws.com/photos/6564257/original.jpeg; https://inaturalist-open-data.s3.amazonaws.com/photos/6564260/original.jpeg; https://inaturalist-open-data.s3.amazonaws.com/photos/6564263/original.jpeg; https://inaturalist-open-data.s3.amazonaws.com/photos/6564265/original.jpeg; https://inaturalist-open-data.s3.amazonaws.com/photos/6564266/original.jpeg,k-mexico,2024-10-25 07:50:52
original_1453506639_2.jpeg,2702048,Juncus balticus,1.512,"Lampornis clemenciae (R.Lesson, 1830)",2476748,19.013203,-99.230736,8.0,NORTH_AMERICA,Morelos,2017,3,13,2017-03-13T08:30,True,Rafael Rodríguez Brito,iNaturalist,http://creativecommons.org/licenses/by-nc/4.0/,Rafael Rodríguez Brito,https://inaturalist-open-data.s3.amazonaws.com/photos/6564251/original.jpeg; https://inaturalist-open-data.s3.amazonaws.com/photos/6564257/original.jpeg; https://inaturalist-open-data.s3.amazonaws.com/photos/6564260/original.jpeg; https://inaturalist-open-data.s3.amazonaws.com/photos/6564263/original.jpeg; https://inaturalist-open-data.s3.amazonaws.com/photos/6564265/original.jpeg; https://inaturalist-open-data.s3.amazonaws.com/photos/6564266/original.jpeg,k-mexico,2024-10-25 07:50:55
original_1453506639_3.jpeg,2882415,Nymphaea elegans,22.259999999999998,"Lampornis clemenciae (R.Lesson, 1830)",2476748,19.013203,-99.230736,8.0,NORTH_AMERICA,Morelos,2017,3,13,2017-03-13T08:30,True,Rafael Rodríguez Brito,iNaturalist,http://creativecommons.org/licenses/by-nc/4.0/,Rafael Rodríguez Brito,https://inaturalist-open-data.s3.amazonaws.com/photos/6564251/original.jpeg; https://inaturalist-open-data.s3.amazonaws.com/photos/6564257/original.jpeg; https://inaturalist-open-data.s3.amazonaws.com/photos/6564260/original.jpeg; https://inaturalist-open-data.s3.amazonaws.com/photos/6564263/original.jpeg; https://inaturalist-open-data.s3.amazonaws.com/photos/6564265/original.jpeg; https://inaturalist-open-data.s3.amazonaws.com/photos/6564266/original.jpeg,k-mexico,2024-10-25 07:50:57
original_1453506639_4.jpeg,5677150,Chrysopogon zizanioides,4.812,"Lampornis clemenciae (R.Lesson, 1830)",2476748,19.013203,-99.230736,8.0,NORTH_AMERICA,Morelos,2017,3,13,2017-03-13T08:30,True,Rafael Rodríguez Brito,iNaturalist,http://creativecommons.org/licenses/by-nc/4.0/,Rafael Rodríguez Brito,https://inaturalist-open-data.s3.amazonaws.com/photos/6564251/original.jpeg; https://inaturalist-open-data.s3.amazonaws.com/photos/6564257/original.jpeg; https://inaturalist-open-data.s3.amazonaws.com/photos/6564260/original.jpeg; https://inaturalist-open-data.s3.amazonaws.com/photos/6564263/original.jpeg; https://inaturalist-open-data.s3.amazonaws.com/photos/6564265/original.jpeg; https://inaturalist-open-data.s3.amazonaws.com/photos/6564266/original.jpeg,k-mexico,2024-10-25 07:50:59
original_1453506639_5.jpeg,5677150,Chrysopogon zizanioides,6.87,"Lampornis clemenciae (R.Lesson, 1830)",2476748,19.013203,-99.230736,8.0,NORTH_AMERICA,Morelos,2017,3,13,2017-03-13T08:30,True,Rafael Rodríguez Brito,iNaturalist,http://creativecommons.org/licenses/by-nc/4.0/,Rafael Rodríguez Brito,https://inaturalist-open-data.s3.amazonaws.com/photos/6564251/original.jpeg; https://inaturalist-open-data.s3.amazonaws.com/photos/6564257/original.jpeg; https://inaturalist-open-data.s3.amazonaws.com/photos/6564260/original.jpeg; https://inaturalist-open-data.s3.amazonaws.com/photos/6564263/original.jpeg; https://inaturalist-open-data.s3.amazonaws.com/photos/6564265/original.jpeg; https://inaturalist-open-data.s3.amazonaws.com/photos/6564266/original.jpeg,k-mexico,2024-10-25 07:51:02
original_1453506639_6.jpeg,2882415,Nymphaea elegans,1.091,"Lampornis clemenciae (R.Lesson, 1830)",2476748,19.013203,-99.230736,8.0,NORTH_AMERICA,Morelos,2017,3,13,2017-03-13T08:30,True,Rafael Rodríguez Brito,iNaturalist,http://creativecommons.org/licenses/by-nc/4.0/,Rafael Rodríguez Brito,https://inaturalist-open-data.s3.amazonaws.com/photos/6564251/original.jpeg; https://inaturalist-open-data.s3.amazonaws.com/photos/6564257/original.jpeg; https://inaturalist-open-data.s3.amazonaws.com/photos/6564260/original.jpeg; https://inaturalist-open-data.s3.amazonaws.com/photos/6564263/original.jpeg; https://inaturalist-open-data.s3.amazonaws.com/photos/6564265/original.jpeg; https://inaturalist-open-data.s3.amazonaws.com/photos/6564266/original.jpeg,k-mexico,2024-10-25 07:51:04
original_1453506651_2.jpeg,2882415,Nymphaea elegans,4.388,"Lampornis clemenciae (R.Lesson, 1830)",2476748,19.013221,-99.230734,8.0,NORTH_AMERICA,Morelos,2017,3,13,2017-03-13T08:44,True,Rafael Rodríguez Brito,iNaturalist,http://creativecommons.org/licenses/by-nc/4.0/,Rafael Rodríguez Brito,https://inaturalist-open-data.s3.amazonaws.com/photos/6564270/original.jpeg; https://inaturalist-open-data.s3.amazonaws.com/photos/6564272/original.jpeg,k-mexico,2024-10-25 07:51:09
original_1562950988_1.jpg,3974744,Vachellia nilotica,0.42900000000000005,"Lampornis clemenciae (R.Lesson, 1830)",2476748,31.905587,-109.157863,499.0,NORTH_AMERICA,Arizona,2017,5,5,2017-05-05T14:19,True,Robin Gwen Agarwal,iNaturalist,http://creativecommons.org/licenses/by-nc/4.0/,Robin Gwen Agarwal,https://inaturalist-open-data.s3.amazonaws.com/photos/7862246/original.jpg; https://inaturalist-open-data.s3.amazonaws.com/photos/7862256/original.jpg,k-southwestern-u-s-a,2024-10-25 07:51:22
original_1562950988_2.jpg,5290149,Phragmites australis,0.325,"Lampornis clemenciae (R.Lesson, 1830)",2476748,31.905587,-109.157863,499.0,NORTH_AMERICA,Arizona,2017,5,5,2017-05-05T14:19,True,Robin Gwen Agarwal,iNaturalist,http://creativecommons.org/licenses/by-nc/4.0/,Robin Gwen Agarwal,https://inaturalist-open-data.s3.amazonaws.com/photos/7862246/original.jpg; https://inaturalist-open-data.s3.amazonaws.com/photos/7862256/original.jpg,k-southwestern-u-s-a,2024-10-25 07:51:25
original_1563440271_1.jpg,2927917,Linanthus dichotomus,0.5599999999999999,"Lampornis clemenciae (R.Lesson, 1830)",2476748,31.901683,-109.15841,40.0,NORTH_AMERICA,Arizona,2016,12,31,2016-12-31T08:59:52,True,Mark Robinson,iNaturalist,http://creativecommons.org/licenses/by-nc/4.0/,Mark Robinson,https://inaturalist-open-data.s3.amazonaws.com/photos/8127791/original.jpg,k-southwestern-u-s-a,2024-10-25 07:51:29
original_1571140656_1.jpeg,2889874,Phoradendron quadrangulare,0.629,"Lampornis clemenciae (R.Lesson, 1830)",2476748,17.653019,-97.134075,122.0,NORTH_AMERICA,Oaxaca,2017,1,7,2017-01-07T08:15,True,Idali,iNaturalist,http://creativecommons.org/licenses/by-nc/4.0/,Idali,https://inaturalist-open-data.s3.amazonaws.com/photos/8455976/original.jpeg,k-mexico,2024-10-25 07:51:35
original_1571159289_1.jpg,2685796,Pseudotsuga menziesii,12.054,"Lampornis clemenciae (R.Lesson, 1830)",2476748,19.296591,-99.257269,403.0,NORTH_AMERICA,Distrito Federal,2017,6,19,2017-06-19T11:07,True,Gonzalo Zepeda Martínez,iNaturalist,http://creativecommons.org/licenses/by-sa/4.0/,Gonzalo Zepeda Martínez,https://inaturalist-open-data.s3.amazonaws.com/photos/8535910/original.jpg,k-mexico,2024-10-25 07:51:36
original_1571159375_1.jpg,3114557,Cirsium occidentale,26.491999999999997,"Lampornis clemenciae (R.Lesson, 1830)",2476748,19.296591,-99.257269,403.0,NORTH_AMERICA,Distrito Federal,2017,6,19,2017-06-19T11:18,True,Gonzalo Zepeda Martínez,iNaturalist,http://creativecommons.org/licenses/by-sa/4.0/,Gonzalo Zepeda Martínez,https://inaturalist-open-data.s3.amazonaws.com/photos/8535906/original.jpg,k-mexico,2024-10-25 07:51:38
original_1572379208_1.jpeg,8368963,Salvia gesneriiflora,2.471,"Lampornis clemenciae (R.Lesson, 1830)",2476748,19.484091,-102.003014,31.0,NORTH_AMERICA,Michoacán,2017,7,6,2017-07-06T10:03,True,Ulises Alejandre-Espinoza.,iNaturalist,http://creativecommons.org/licenses/by-nc/4.0/,Ulises Alejandre-Espinoza.,https://inaturalist-open-data.s3.amazonaws.com/photos/8917601/original.jpeg,k-mexico,2024-10-25 07:51:44
original_1580494322_1.jpeg,2882564,Arctostaphylos pallida,1.489,"Lampornis clemenciae (R.Lesson, 1830)",2476748,31.409822,-110.330636,197.0,NORTH_AMERICA,Arizona,2012,8,25,2012-08-25T00:49,True,Chris Rohrer,iNaturalist,http://creativecommons.org/licenses/by-nc/4.0/,Chris Rohrer,https://inaturalist-open-data.s3.amazonaws.com/photos/9061422/original.jpeg,k-southwestern-u-s-a,2024-10-25 07:51:48
original_1584406266_1.jpeg,3734628,Penstemon gentianoides,15.21,"Lampornis clemenciae (R.Lesson, 1830)",2476748,19.107245,-98.646668,,NORTH_AMERICA,México,2017,7,17,2017-07-17T10:57,True,Diana Fuentes,iNaturalist,http://creativecommons.org/licenses/by-sa/4.0/,Diana Fuentes,https://inaturalist-open-data.s3.amazonaws.com/photos/65475055/original.jpeg; https://inaturalist-open-data.s3.amazonaws.com/photos/9143841/original.jpeg,k-mexico,2024-10-25 07:51:53
original_1584406266_2.jpeg,3734628,Penstemon gentianoides,46.007999999999996,"Lampornis clemenciae (R.Lesson, 1830)",2476748,19.107245,-98.646668,,NORTH_AMERICA,México,2017,7,17,2017-07-17T10:57,True,Diana Fuentes,iNaturalist,http://creativecommons.org/licenses/by-sa/4.0/,Diana Fuentes,https://inaturalist-open-data.s3.amazonaws.com/photos/65475055/original.jpeg; https://inaturalist-open-data.s3.amazonaws.com/photos/9143841/original.jpeg,k-mexico,2024-10-25 07:51:55
original_1584419642_2.jpeg,10932080,Miconia minutiflora,1.836,"Lampornis clemenciae (R.Lesson, 1830)",2476748,19.513662,-99.257164,4.0,NORTH_AMERICA,México,2017,7,19,2017-07-19T07:58,True,iluro,iNaturalist,http://creativecommons.org/licenses/by-nc/4.0/,iluro,https://inaturalist-open-data.s3.amazonaws.com/photos/9260295/original.jpeg; https://inaturalist-open-data.s3.amazonaws.com/photos/9260331/original.jpeg; https://inaturalist-open-data.s3.amazonaws.com/photos/9260369/original.jpeg,k-mexico,2024-10-25 07:51:59
original_1584419642_3.jpeg,5290299,Elymus repens,1.58,"Lampornis clemenciae (R.Lesson, 1830)",2476748,19.513662,-99.257164,4.0,NORTH_AMERICA,México,2017,7,19,2017-07-19T07:58,True,iluro,iNaturalist,http://creativecommons.org/licenses/by-nc/4.0/,iluro,https://inaturalist-open-data.s3.amazonaws.com/photos/9260295/original.jpeg; https://inaturalist-open-data.s3.amazonaws.com/photos/9260331/original.jpeg; https://inaturalist-open-data.s3.amazonaws.com/photos/9260369/original.jpeg,k-mexico,2024-10-25 07:52:02
original_1586088431_2.jpeg,7288259,Buddleja cordata,97.959,"Lampornis clemenciae (R.Lesson, 1830)",2476748,19.331656,-98.188751,830.0,NORTH_AMERICA,Tlaxcala,2016,9,3,2016-09-03T09:22,True,Juan Rafael Rodríguez Razgado,iNaturalist,http://creativecommons.org/licenses/by/4.0/,Juan Rafael Rodríguez Razgado,https://inaturalist-open-data.s3.amazonaws.com/photos/4919565/original.jpeg; https://inaturalist-open-data.s3.amazonaws.com/photos/4919576/original.jpeg,k-mexico,2024-10-25 07:52:07
original_1586106024_1.jpg,5384035,Opuntia tomentosa,7.877000000000001,"Lampornis clemenciae (R.Lesson, 1830)",2476748,21.001944,-101.238611,,NORTH_AMERICA,Guanajuato,2017,7,27,2017-07-27T08:30,True,Gonzalo Zepeda Martínez,iNaturalist,http://creativecommons.org/licenses/by-sa/4.0/,Gonzalo Zepeda Martínez,https://inaturalist-open-data.s3.amazonaws.com/photos/9387398/original.jpg,k-mexico,2024-10-25 07:52:11
original_1586139884_1.jpg,2927038,Salvia greggii,0.741,"Lampornis clemenciae (R.Lesson, 1830)",2476748,23.70627,-105.427573,31.0,NORTH_AMERICA,Durango,2017,8,3,2017-08-03T23:26,True,Heriberto Ávila-González,iNaturalist,http://creativecommons.org/licenses/by-nc/4.0/,Heriberto Ávila-González,https://inaturalist-open-data.s3.amazonaws.com/photos/9561385/original.jpg; https://inaturalist-open-data.s3.amazonaws.com/photos/9561390/original.jpg,k-mexico,2024-10-25 07:52:14
original_1586139884_2.jpg,3171570,Penstemon barbatus,49.588,"Lampornis clemenciae (R.Lesson, 1830)",2476748,23.70627,-105.427573,31.0,NORTH_AMERICA,Durango,2017,8,3,2017-08-03T23:26,True,Heriberto Ávila-González,iNaturalist,http://creativecommons.org/licenses/by-nc/4.0/,Heriberto Ávila-González,https://inaturalist-open-data.s3.amazonaws.com/photos/9561385/original.jpg; https://inaturalist-open-data.s3.amazonaws.com/photos/9561390/original.jpg,k-mexico,2024-10-25 07:52:16
original_1586156214_1.jpg,2926567,Lepechinia cardiophylla,2.329,"Lampornis clemenciae (R.Lesson, 1830)",2476748,18.953848,-99.295626,8.0,NORTH_AMERICA,Morelos,2017,8,4,2017-08-04T16:43,True,Rafael Rodríguez Brito,iNaturalist,http://creativecommons.org/licenses/by-nc/4.0/,Rafael Rodríguez Brito,https://inaturalist-open-data.s3.amazonaws.com/photos/9657418/original.jpg; https://inaturalist-open-data.s3.amazonaws.com/photos/9657421/original.jpg; https://inaturalist-open-data.s3.amazonaws.com/photos/9657423/original.jpg,k-mexico,2024-10-25 07:52:19
original_1586156214_2.jpg,5400613,Ageratina adenophora,3.3259999999999996,"Lampornis clemenciae (R.Lesson, 1830)",2476748,18.953848,-99.295626,8.0,NORTH_AMERICA,Morelos,2017,8,4,2017-08-04T16:43,True,Rafael Rodríguez Brito,iNaturalist,http://creativecommons.org/licenses/by-nc/4.0/,Rafael Rodríguez Brito,https://inaturalist-open-data.s3.amazonaws.com/photos/9657418/original.jpg; https://inaturalist-open-data.s3.amazonaws.com/photos/9657421/original.jpg; https://inaturalist-open-data.s3.amazonaws.com/photos/9657423/original.jpg,k-mexico,2024-10-25 07:52:21
original_1586156214_3.jpg,3059899,Croton sonorae,4.5809999999999995,"Lampornis clemenciae (R.Lesson, 1830)",2476748,18.953848,-99.295626,8.0,NORTH_AMERICA,Morelos,2017,8,4,2017-08-04T16:43,True,Rafael Rodríguez Brito,iNaturalist,http://creativecommons.org/licenses/by-nc/4.0/,Rafael Rodríguez Brito,https://inaturalist-open-data.s3.amazonaws.com/photos/9657418/original.jpg; https://inaturalist-open-data.s3.amazonaws.com/photos/9657421/original.jpg; https://inaturalist-open-data.s3.amazonaws.com/photos/9657423/original.jpg,k-mexico,2024-10-25 07:52:23
original_1621802331_1.jpeg,5680555,Billardiera heterophylla,0.165,"Lampornis clemenciae (R.Lesson, 1830)",2476748,31.883736,-109.205788,56.0,NORTH_AMERICA,Arizona,2017,8,19,2017-08-19,True,Andy Bridges,iNaturalist,http://creativecommons.org/licenses/by-nc/4.0/,Andy Bridges,https://inaturalist-open-data.s3.amazonaws.com/photos/9978027/original.jpeg,k-southwestern-u-s-a,2024-10-25 07:52:33
original_1640045756_1.jpeg,2767102,Agave chrysantha,50.205,"Lampornis clemenciae (R.Lesson, 1830)",2476748,31.885199,-109.175731,196.0,NORTH_AMERICA,Arizona,2017,8,3,2017-08-03T09:08,True,Kenneth Bader,iNaturalist,http://creativecommons.org/licenses/by-nc/4.0/,Kenneth Bader,https://inaturalist-open-data.s3.amazonaws.com/photos/9746299/original.jpeg; https://inaturalist-open-data.s3.amazonaws.com/photos/9746302/original.jpeg,k-southwestern-u-s-a,2024-10-25 07:52:38
original_1640045756_2.jpeg,2767102,Agave chrysantha,50.166999999999994,"Lampornis clemenciae (R.Lesson, 1830)",2476748,31.885199,-109.175731,196.0,NORTH_AMERICA,Arizona,2017,8,3,2017-08-03T09:08,True,Kenneth Bader,iNaturalist,http://creativecommons.org/licenses/by-nc/4.0/,Kenneth Bader,https://inaturalist-open-data.s3.amazonaws.com/photos/9746299/original.jpeg; https://inaturalist-open-data.s3.amazonaws.com/photos/9746302/original.jpeg,k-southwestern-u-s-a,2024-10-25 07:52:40
original_1640050507_1.jpg,5938224,Fuchsia magellanica,22.542,"Lampornis clemenciae (R.Lesson, 1830)",2476748,19.205867,-99.217047,57.0,NORTH_AMERICA,Distrito Federal,2017,8,12,2017-08-12T19:12,True,Mario Castañeda,iNaturalist,http://creativecommons.org/licenses/by-nc/4.0/,Mario Castañeda,https://inaturalist-open-data.s3.amazonaws.com/photos/10000051/original.jpg,k-mexico,2024-10-25 07:52:44
original_1640085970_1.jpeg,3040215,Populus tremuloides,1.6469999999999998,"Lampornis clemenciae (R.Lesson, 1830)",2476748,31.883,-109.206,300.0,NORTH_AMERICA,Arizona,2012,8,15,2012-08-15T00:00,True,Jason J. Dombroskie,iNaturalist,http://creativecommons.org/licenses/by-nc/4.0/,Jason J. Dombroskie,https://inaturalist-open-data.s3.amazonaws.com/photos/10186663/original.jpeg,k-southwestern-u-s-a,2024-10-25 07:53:00
original_1640121490_1.jpg,3152776,Malvaviscus penduliflorus,40.766000000000005,"Lampornis clemenciae (R.Lesson, 1830)",2476748,19.331132,-98.217784,8.0,NORTH_AMERICA,Tlaxcala,2017,9,11,2017-09-11T09:37,True,Valentin Ramirez Gomez,iNaturalist,http://creativecommons.org/licenses/by-nc/4.0/,Valentin Ramirez Gomez,https://inaturalist-open-data.s3.amazonaws.com/photos/10391018/original.jpg,k-mexico,2024-10-25 07:53:06
original_1668844108_1.jpeg,3897283,Salvia longispicata,53.589,"Lampornis clemenciae (R.Lesson, 1830)",2476748,19.456395,-102.270076,125.0,NORTH_AMERICA,Michoacán,2017,9,19,2017-09-19,True,Omar Lopez Samperio,iNaturalist,http://creativecommons.org/licenses/by-nc/4.0/,Omar Lopez Samperio,https://inaturalist-open-data.s3.amazonaws.com/photos/10651667/original.jpeg,k-mexico,2024-10-25 07:53:09
original_1668845517_1.jpg,8017915,Sapindus saponaria,6.907000000000001,"Lampornis clemenciae (R.Lesson, 1830)",2476748,19.36745,-99.213672,8.0,NORTH_AMERICA,Distrito Federal,2017,9,22,2017-09-22T10:35,True,antoniolp,iNaturalist,http://creativecommons.org/licenses/by-nc/4.0/,antoniolp,https://inaturalist-open-data.s3.amazonaws.com/photos/10659570/original.jpg,k-mexico,2024-10-25 07:53:10
original_1677285913_1.jpg,7297252,Citharexylum donnell-smithii,0.414,"Lampornis clemenciae (R.Lesson, 1830)",2476748,19.01307,-99.230657,8.0,NORTH_AMERICA,Morelos,2017,10,10,2017-10-10T17:24,True,Rafael Rodríguez Brito,iNaturalist,http://creativecommons.org/licenses/by-nc/4.0/,Rafael Rodríguez Brito,https://inaturalist-open-data.s3.amazonaws.com/photos/11103007/original.jpg; https://inaturalist-open-data.s3.amazonaws.com/photos/11103012/original.jpg; https://inaturalist-open-data.s3.amazonaws.com/photos/11103014/original.jpg; https://inaturalist-open-data.s3.amazonaws.com/photos/11103020/original.jpg,k-mexico,2024-10-25 07:53:18
original_1677285913_2.jpg,7297252,Citharexylum donnell-smithii,0.659,"Lampornis clemenciae (R.Lesson, 1830)",2476748,19.01307,-99.230657,8.0,NORTH_AMERICA,Morelos,2017,10,10,2017-10-10T17:24,True,Rafael Rodríguez Brito,iNaturalist,http://creativecommons.org/licenses/by-nc/4.0/,Rafael Rodríguez Brito,https://inaturalist-open-data.s3.amazonaws.com/photos/11103007/original.jpg; https://inaturalist-open-data.s3.amazonaws.com/photos/11103012/original.jpg; https://inaturalist-open-data.s3.amazonaws.com/photos/11103014/original.jpg; https://inaturalist-open-data.s3.amazonaws.com/photos/11103020/original.jpg,k-mexico,2024-10-25 07:53:21
original_1677285913_4.jpg,7297252,Citharexylum donnell-smithii,1.091,"Lampornis clemenciae (R.Lesson, 1830)",2476748,19.01307,-99.230657,8.0,NORTH_AMERICA,Morelos,2017,10,10,2017-10-10T17:24,True,Rafael Rodríguez Brito,iNaturalist,http://creativecommons.org/licenses/by-nc/4.0/,Rafael Rodríguez Brito,https://inaturalist-open-data.s3.amazonaws.com/photos/11103007/original.jpg; https://inaturalist-open-data.s3.amazonaws.com/photos/11103012/original.jpg; https://inaturalist-open-data.s3.amazonaws.com/photos/11103014/original.jpg; https://inaturalist-open-data.s3.amazonaws.com/photos/11103020/original.jpg,k-mexico,2024-10-25 07:53:25
original_1677289501_1.jpg,5285621,Pinus monticola,2.827,"Lampornis clemenciae (R.Lesson, 1830)",2476748,31.72055,-110.87896,196.0,NORTH_AMERICA,Arizona,2017,10,9,2017-10-09T08:14,True,Gordon Karre,iNaturalist,http://creativecommons.org/licenses/by-nc/4.0/,Gordon Karre,https://inaturalist-open-data.s3.amazonaws.com/photos/11126296/original.jpg,k-southwestern-u-s-a,2024-10-25 07:53:28
original_1677295578_1.jpeg,3190511,Cedrela odorata,10.127,"Lampornis clemenciae (R.Lesson, 1830)",2476748,19.045725,-98.45583,33.0,NORTH_AMERICA,Puebla,2017,10,13,2017-10-13T10:19,True,Bodo Nuñez Oberg,iNaturalist,http://creativecommons.org/licenses/by-nc/4.0/,Bodo Nuñez Oberg,https://inaturalist-open-data.s3.amazonaws.com/photos/11159047/original.jpeg; https://inaturalist-open-data.s3.amazonaws.com/photos/11159057/original.jpeg,k-mexico,2024-10-25 07:53:30
original_1677295578_2.jpeg,3190511,Cedrela odorata,26.424999999999997,"Lampornis clemenciae (R.Lesson, 1830)",2476748,19.045725,-98.45583,33.0,NORTH_AMERICA,Puebla,2017,10,13,2017-10-13T10:19,True,Bodo Nuñez Oberg,iNaturalist,http://creativecommons.org/licenses/by-nc/4.0/,Bodo Nuñez Oberg,https://inaturalist-open-data.s3.amazonaws.com/photos/11159047/original.jpeg; https://inaturalist-open-data.s3.amazonaws.com/photos/11159057/original.jpeg,k-mexico,2024-10-25 07:53:33
original_1677309533_1.jpg,2882420,Nymphaea mexicana,0.885,"Lampornis clemenciae (R.Lesson, 1830)",2476748,29.269708,-103.300645,,NORTH_AMERICA,Texas,2009,5,27,2009-05-27T18:10,True,Lee Hoy,iNaturalist,http://creativecommons.org/licenses/by-nc-nd/4.0/,Lee Hoy,https://inaturalist-open-data.s3.amazonaws.com/photos/11229461/original.jpg; https://inaturalist-open-data.s3.amazonaws.com/photos/11229473/original.jpg,k-south-central-u-s-a,2024-10-25 07:53:39
original_1677309533_2.jpg,2964734,Eysenhardtia texana,5.344,"Lampornis clemenciae (R.Lesson, 1830)",2476748,29.269708,-103.300645,,NORTH_AMERICA,Texas,2009,5,27,2009-05-27T18:10,True,Lee Hoy,iNaturalist,http://creativecommons.org/licenses/by-nc-nd/4.0/,Lee Hoy,https://inaturalist-open-data.s3.amazonaws.com/photos/11229461/original.jpg; https://inaturalist-open-data.s3.amazonaws.com/photos/11229473/original.jpg,k-south-central-u-s-a,2024-10-25 07:53:41
original_1703222485_1.jpg,2735117,Cocos nucifera,4.356,"Lampornis clemenciae (R.Lesson, 1830)",2476748,19.490852,-102.006717,3.0,NORTH_AMERICA,Michoacán,2014,9,20,2014-09-20T20:40,True,David Ruíz Domínguez,iNaturalist,http://creativecommons.org/licenses/by-nc/4.0/,David Ruíz Domínguez,https://inaturalist-open-data.s3.amazonaws.com/photos/12103273/original.jpg,k-mexico,2024-10-25 07:53:43
original_1703234534_1.jpg,7152132,Passiflora tripartita,91.622,"Lampornis clemenciae (R.Lesson, 1830)",2476748,19.013039,-99.230657,8.0,NORTH_AMERICA,Morelos,2017,12,2,2017-12-02T09:19,True,Rafael Rodríguez Brito,iNaturalist,http://creativecommons.org/licenses/by-nc/4.0/,Rafael Rodríguez Brito,https://inaturalist-open-data.s3.amazonaws.com/photos/12169584/original.jpg,k-mexico,2024-10-25 07:53:45
original_1802660294_1.jpeg,7324166,Ipomoea arborescens,77.14,"Lampornis clemenciae (R.Lesson, 1830)",2476748,19.046095,-98.454612,,NORTH_AMERICA,Puebla,2017,12,5,2017-12-05T09:33,True,Bodo Nuñez Oberg,iNaturalist,http://creativecommons.org/licenses/by-nc/4.0/,Bodo Nuñez Oberg,https://inaturalist-open-data.s3.amazonaws.com/photos/12228494/original.jpeg; https://inaturalist-open-data.s3.amazonaws.com/photos/12228495/original.jpeg,k-mexico,2024-10-25 07:53:47
original_1802660294_2.jpeg,7324166,Ipomoea arborescens,64.688,"Lampornis clemenciae (R.Lesson, 1830)",2476748,19.046095,-98.454612,,NORTH_AMERICA,Puebla,2017,12,5,2017-12-05T09:33,True,Bodo Nuñez Oberg,iNaturalist,http://creativecommons.org/licenses/by-nc/4.0/,Bodo Nuñez Oberg,https://inaturalist-open-data.s3.amazonaws.com/photos/12228494/original.jpeg; https://inaturalist-open-data.s3.amazonaws.com/photos/12228495/original.jpeg,k-mexico,2024-10-25 07:53:49
original_1802660296_1.jpeg,7324166,Ipomoea arborescens,96.163,"Lampornis clemenciae (R.Lesson, 1830)",2476748,19.046065,-98.454607,,NORTH_AMERICA,Puebla,2017,12,5,2017-12-05T09:33,True,Bodo Nuñez Oberg,iNaturalist,http://creativecommons.org/licenses/by-nc/4.0/,Bodo Nuñez Oberg,https://inaturalist-open-data.s3.amazonaws.com/photos/12228490/original.jpeg; https://inaturalist-open-data.s3.amazonaws.com/photos/12228491/original.jpeg,k-mexico,2024-10-25 07:53:51
original_1802660296_2.jpeg,7324166,Ipomoea arborescens,73.447,"Lampornis clemenciae (R.Lesson, 1830)",2476748,19.046065,-98.454607,,NORTH_AMERICA,Puebla,2017,12,5,2017-12-05T09:33,True,Bodo Nuñez Oberg,iNaturalist,http://creativecommons.org/licenses/by-nc/4.0/,Bodo Nuñez Oberg,https://inaturalist-open-data.s3.amazonaws.com/photos/12228490/original.jpeg; https://inaturalist-open-data.s3.amazonaws.com/photos/12228491/original.jpeg,k-mexico,2024-10-25 07:53:52
original_1802675396_1.jpg,5301191,Potamogeton foliosus,2.303,"Lampornis clemenciae (R.Lesson, 1830)",2476748,19.01307,-99.230668,8.0,NORTH_AMERICA,Morelos,2017,12,9,2017-12-09T10:24,True,Rafael Rodríguez Brito,iNaturalist,http://creativecommons.org/licenses/by-nc/4.0/,Rafael Rodríguez Brito,https://inaturalist-open-data.s3.amazonaws.com/photos/12302427/original.jpg,k-mexico,2024-10-25 07:53:58
original_1802704310_1.jpg,2979778,Acacia decurrens,0.6910000000000001,"Lampornis clemenciae (R.Lesson, 1830)",2476748,31.911818,-109.143677,99.0,NORTH_AMERICA,Arizona,2017,7,10,2017-07-10T13:12,True,sternberg_science_camps,iNaturalist,http://creativecommons.org/licenses/by-nc-nd/4.0/,sternberg_science_camps,https://inaturalist-open-data.s3.amazonaws.com/photos/12435018/original.jpg,k-southwestern-u-s-a,2024-10-25 07:54:00
original_1802717432_1.jpg,5285497,Pinus attenuata,3.5340000000000003,"Lampornis clemenciae (R.Lesson, 1830)",2476748,31.905765,-109.154282,77.0,NORTH_AMERICA,Arizona,2017,12,20,2017-12-20T09:07:05,True,Joan,iNaturalist,http://creativecommons.org/licenses/by-nc/4.0/,Joan,https://inaturalist-open-data.s3.amazonaws.com/photos/12490500/original.jpg,k-southwestern-u-s-a,2024-10-25 07:54:02
original_1802773428_1.jpg,5372984,Salix bonplandiana,1.224,"Lampornis clemenciae (R.Lesson, 1830)",2476748,29.278579,-103.3069,17.0,NORTH_AMERICA,Texas,2016,5,16,2016-05-16T10:11,True,David Dodd,iNaturalist,http://creativecommons.org/licenses/by-nc/4.0/,David Dodd,https://inaturalist-open-data.s3.amazonaws.com/photos/12716079/original.jpg,k-south-central-u-s-a,2024-10-25 07:54:05
original_1807268311_1.JPG,2886818,Sideroxylon salicifolium,1.8429999999999997,"Lampornis clemenciae (R.Lesson, 1830)",2476748,21.202025,-99.469228,247.0,NORTH_AMERICA,Querétaro,2016,3,10,2016-03-10,True,manuelsalazar,iNaturalist,http://creativecommons.org/licenses/by-nc/4.0/,manuelsalazar,https://inaturalist-open-data.s3.amazonaws.com/photos/3135048/original.JPG,k-mexico,2024-10-25 07:54:11
original_1836659491_1.jpg,3172371,Fraxinus uhdei,7.672,"Lampornis clemenciae (R.Lesson, 1830)",2476748,19.01306,-99.230646,8.0,NORTH_AMERICA,Morelos,2018,3,19,2018-03-19T08:02,True,Rafael Rodríguez Brito,iNaturalist,http://creativecommons.org/licenses/by-nc/4.0/,Rafael Rodríguez Brito,https://inaturalist-open-data.s3.amazonaws.com/photos/14300406/original.jpg,k-mexico,2024-10-25 07:54:15
original_1837757017_1.jpeg,4142909,Rhipidocladum racemiflorum,2.09,"Lampornis clemenciae (R.Lesson, 1830)",2476748,19.513662,-99.257156,4.0,NORTH_AMERICA,México,2018,3,25,2018-03-25T18:19,True,iluro,iNaturalist,http://creativecommons.org/licenses/by-nc/4.0/,iluro,https://inaturalist-open-data.s3.amazonaws.com/photos/14718439/original.jpeg; https://inaturalist-open-data.s3.amazonaws.com/photos/14718446/original.jpeg; https://inaturalist-open-data.s3.amazonaws.com/photos/14718458/original.jpeg,k-mexico,2024-10-25 07:54:21
original_1837757017_2.jpeg,2763095,Ravenala madagascariensis,2.045,"Lampornis clemenciae (R.Lesson, 1830)",2476748,19.513662,-99.257156,4.0,NORTH_AMERICA,México,2018,3,25,2018-03-25T18:19,True,iluro,iNaturalist,http://creativecommons.org/licenses/by-nc/4.0/,iluro,https://inaturalist-open-data.s3.amazonaws.com/photos/14718439/original.jpeg; https://inaturalist-open-data.s3.amazonaws.com/photos/14718446/original.jpeg; https://inaturalist-open-data.s3.amazonaws.com/photos/14718458/original.jpeg,k-mexico,2024-10-25 07:54:23
original_1837760100_1.jpeg,5349751,Erythrina americana,49.525999999999996,"Lampornis clemenciae (R.Lesson, 1830)",2476748,19.557348,-99.118528,61.0,NORTH_AMERICA,Distrito Federal,2018,3,30,2018-03-30T10:31,True,sierra de Guadalupe y la Armella,iNaturalist,http://creativecommons.org/licenses/by-nc/4.0/,sierra de Guadalupe y la Armella,https://inaturalist-open-data.s3.amazonaws.com/photos/14737029/original.jpeg,k-mexico,2024-10-25 07:54:28
original_1838330979_1.jpg,5372535,Salix lutea,1.6199999999999999,"Lampornis clemenciae (R.Lesson, 1830)",2476748,31.912059,-109.142679,107.0,NORTH_AMERICA,Arizona,2018,4,9,2018-04-09T08:41,True,Jordan Broadhead,iNaturalist,http://creativecommons.org/licenses/by-nc/4.0/,Jordan Broadhead,https://inaturalist-open-data.s3.amazonaws.com/photos/15352498/original.jpg,k-southwestern-u-s-a,2024-10-25 07:54:29
original_1838333826_1.jpg,3040215,Populus tremuloides,2.002,"Lampornis clemenciae (R.Lesson, 1830)",2476748,31.875247,-109.180927,770.0,NORTH_AMERICA,Arizona,2018,4,9,2018-04-09T11:21,True,Jordan Broadhead,iNaturalist,http://creativecommons.org/licenses/by-nc/4.0/,Jordan Broadhead,https://inaturalist-open-data.s3.amazonaws.com/photos/15368602/original.jpg,k-southwestern-u-s-a,2024-10-25 07:54:33
original_1838381652_1.jpg,5289423,Typha latifolia,1.71,"Lampornis clemenciae (R.Lesson, 1830)",2476748,17.146039,-96.411552,488.0,NORTH_AMERICA,Oaxaca,2018,4,4,2018-04-04T07:39,True,Jesús Moreno Navarro,iNaturalist,http://creativecommons.org/licenses/by-nc/4.0/,Jesús Moreno Navarro,https://inaturalist-open-data.s3.amazonaws.com/photos/15656643/original.jpg,k-mexico,2024-10-25 07:54:40
original_1839244499_1.jpeg,2878952,Quercus salicifolia,16.087,"Lampornis clemenciae (R.Lesson, 1830)",2476748,19.712195,-100.847328,4.0,NORTH_AMERICA,Michoacán,2018,4,13,2018-04-13T12:42,True,Jonathan Ortiz Torres,iNaturalist,http://creativecommons.org/licenses/by-nc/4.0/,Jonathan Ortiz Torres,https://inaturalist-open-data.s3.amazonaws.com/photos/16152836/original.jpeg; https://inaturalist-open-data.s3.amazonaws.com/photos/16152853/original.jpeg,k-mexico,2024-10-25 07:54:43
original_1839244499_2.jpeg,2878952,Quercus salicifolia,2.511,"Lampornis clemenciae (R.Lesson, 1830)",2476748,19.712195,-100.847328,4.0,NORTH_AMERICA,Michoacán,2018,4,13,2018-04-13T12:42,True,Jonathan Ortiz Torres,iNaturalist,http://creativecommons.org/licenses/by-nc/4.0/,Jonathan Ortiz Torres,https://inaturalist-open-data.s3.amazonaws.com/photos/16152836/original.jpeg; https://inaturalist-open-data.s3.amazonaws.com/photos/16152853/original.jpeg,k-mexico,2024-10-25 07:54:45
original_1841326594_1.jpeg,5289861,Bouteloua curtipendula,0.265,"Lampornis clemenciae (R.Lesson, 1830)",2476748,25.243592,-100.837677,4.0,NORTH_AMERICA,Coahuila,2018,4,26,2018-04-26T12:16,True,Jesús Niño C.,iNaturalist,http://creativecommons.org/licenses/by-nc/4.0/,Jesús Niño C.,https://inaturalist-open-data.s3.amazonaws.com/photos/17355679/original.jpeg,k-mexico,2024-10-25 07:54:50
original_1847459858_1.jpg,2766728,Agave vilmoriniana,3.6029999999999998,"Lampornis clemenciae (R.Lesson, 1830)",2476748,19.574132,-99.320148,946.0,NORTH_AMERICA,México,2018,4,22,2018-04-22T10:52,True,Eduardo Bertello,iNaturalist,http://creativecommons.org/licenses/by-nc/4.0/,Eduardo Bertello,https://inaturalist-open-data.s3.amazonaws.com/photos/17561481/original.jpg,k-mexico,2024-10-25 07:54:55
original_1847541013_1.jpg,5289745,Phalaris brachystachys,0.27899999999999997,"Lampornis clemenciae (R.Lesson, 1830)",2476748,31.929812,-109.382285,1841.0,NORTH_AMERICA,Arizona,2018,3,31,2018-03-31T11:48,True,Scott Buckel,iNaturalist,http://creativecommons.org/licenses/by-nc/4.0/,Scott Buckel,https://inaturalist-open-data.s3.amazonaws.com/photos/18121299/original.jpg,k-southwestern-u-s-a,2024-10-25 07:54:57
original_1848766233_1.jpg,2684674,Juniperus deppeana,3.006,"Lampornis clemenciae (R.Lesson, 1830)",2476748,29.26627,-103.301158,,NORTH_AMERICA,Texas,2018,5,4,2018-05-04T11:38,True,Rich Kostecke,iNaturalist,http://creativecommons.org/licenses/by-nc/4.0/,Rich Kostecke,https://inaturalist-open-data.s3.amazonaws.com/photos/18801493/original.jpg,k-south-central-u-s-a,2024-10-25 07:55:00
original_1850902995_1.jpeg,3740764,Russelia sarmentosa,6.184,"Lampornis clemenciae (R.Lesson, 1830)",2476748,19.275023,-99.214867,62.0,NORTH_AMERICA,Distrito Federal,2018,5,19,2018-05-19,True,Manuel Becerril González,iNaturalist,http://creativecommons.org/licenses/by-nc/4.0/,Manuel Becerril González,https://inaturalist-open-data.s3.amazonaws.com/photos/18246035/original.jpeg,k-mexico,2024-10-25 07:55:03
original_1850917451_1.jpg,2945453,Schizolobium parahyba,0.8460000000000001,"Lampornis clemenciae (R.Lesson, 1830)",2476748,19.327997,-99.228247,,NORTH_AMERICA,Distrito Federal,2018,5,25,2018-05-25T19:02,True,Jaico Caballero,iNaturalist,http://creativecommons.org/licenses/by-nc/4.0/,Jaico Caballero,https://inaturalist-open-data.s3.amazonaws.com/photos/19197632/original.jpg; https://inaturalist-open-data.s3.amazonaws.com/photos/19197639/original.jpg; https://inaturalist-open-data.s3.amazonaws.com/photos/19197644/original.jpg; https://inaturalist-open-data.s3.amazonaws.com/photos/19197650/original.jpg; https://inaturalist-open-data.s3.amazonaws.com/photos/19197658/original.jpg; https://inaturalist-open-data.s3.amazonaws.com/photos/19197666/original.jpg; https://inaturalist-open-data.s3.amazonaws.com/photos/19197671/original.jpg; https://inaturalist-open-data.s3.amazonaws.com/photos/19197738/original.jpg,k-mexico,2024-10-25 07:55:05
original_1850917451_2.jpg,2945453,Schizolobium parahyba,5.385,"Lampornis clemenciae (R.Lesson, 1830)",2476748,19.327997,-99.228247,,NORTH_AMERICA,Distrito Federal,2018,5,25,2018-05-25T19:02,True,Jaico Caballero,iNaturalist,http://creativecommons.org/licenses/by-nc/4.0/,Jaico Caballero,https://inaturalist-open-data.s3.amazonaws.com/photos/19197632/original.jpg; https://inaturalist-open-data.s3.amazonaws.com/photos/19197639/original.jpg; https://inaturalist-open-data.s3.amazonaws.com/photos/19197644/original.jpg; https://inaturalist-open-data.s3.amazonaws.com/photos/19197650/original.jpg; https://inaturalist-open-data.s3.amazonaws.com/photos/19197658/original.jpg; https://inaturalist-open-data.s3.amazonaws.com/photos/19197666/original.jpg; https://inaturalist-open-data.s3.amazonaws.com/photos/19197671/original.jpg; https://inaturalist-open-data.s3.amazonaws.com/photos/19197738/original.jpg,k-mexico,2024-10-25 07:55:06
original_1850917451_3.jpg,5406696,Ceiba aesculifolia,3.5709999999999997,"Lampornis clemenciae (R.Lesson, 1830)",2476748,19.327997,-99.228247,,NORTH_AMERICA,Distrito Federal,2018,5,25,2018-05-25T19:02,True,Jaico Caballero,iNaturalist,http://creativecommons.org/licenses/by-nc/4.0/,Jaico Caballero,https://inaturalist-open-data.s3.amazonaws.com/photos/19197632/original.jpg; https://inaturalist-open-data.s3.amazonaws.com/photos/19197639/original.jpg; https://inaturalist-open-data.s3.amazonaws.com/photos/19197644/original.jpg; https://inaturalist-open-data.s3.amazonaws.com/photos/19197650/original.jpg; https://inaturalist-open-data.s3.amazonaws.com/photos/19197658/original.jpg; https://inaturalist-open-data.s3.amazonaws.com/photos/19197666/original.jpg; https://inaturalist-open-data.s3.amazonaws.com/photos/19197671/original.jpg; https://inaturalist-open-data.s3.amazonaws.com/photos/19197738/original.jpg,k-mexico,2024-10-25 07:55:08
original_1850917451_4.jpg,2959443,Gleditsia triacanthos,1.657,"Lampornis clemenciae (R.Lesson, 1830)",2476748,19.327997,-99.228247,,NORTH_AMERICA,Distrito Federal,2018,5,25,2018-05-25T19:02,True,Jaico Caballero,iNaturalist,http://creativecommons.org/licenses/by-nc/4.0/,Jaico Caballero,https://inaturalist-open-data.s3.amazonaws.com/photos/19197632/original.jpg; https://inaturalist-open-data.s3.amazonaws.com/photos/19197639/original.jpg; https://inaturalist-open-data.s3.amazonaws.com/photos/19197644/original.jpg; https://inaturalist-open-data.s3.amazonaws.com/photos/19197650/original.jpg; https://inaturalist-open-data.s3.amazonaws.com/photos/19197658/original.jpg; https://inaturalist-open-data.s3.amazonaws.com/photos/19197666/original.jpg; https://inaturalist-open-data.s3.amazonaws.com/photos/19197671/original.jpg; https://inaturalist-open-data.s3.amazonaws.com/photos/19197738/original.jpg,k-mexico,2024-10-25 07:55:09
original_1850917451_5.jpg,5406696,Ceiba aesculifolia,0.8500000000000001,"Lampornis clemenciae (R.Lesson, 1830)",2476748,19.327997,-99.228247,,NORTH_AMERICA,Distrito Federal,2018,5,25,2018-05-25T19:02,True,Jaico Caballero,iNaturalist,http://creativecommons.org/licenses/by-nc/4.0/,Jaico Caballero,https://inaturalist-open-data.s3.amazonaws.com/photos/19197632/original.jpg; https://inaturalist-open-data.s3.amazonaws.com/photos/19197639/original.jpg; https://inaturalist-open-data.s3.amazonaws.com/photos/19197644/original.jpg; https://inaturalist-open-data.s3.amazonaws.com/photos/19197650/original.jpg; https://inaturalist-open-data.s3.amazonaws.com/photos/19197658/original.jpg; https://inaturalist-open-data.s3.amazonaws.com/photos/19197666/original.jpg; https://inaturalist-open-data.s3.amazonaws.com/photos/19197671/original.jpg; https://inaturalist-open-data.s3.amazonaws.com/photos/19197738/original.jpg,k-mexico,2024-10-25 07:55:11
original_1850917451_7.jpg,5406696,Ceiba aesculifolia,4.6370000000000005,"Lampornis clemenciae (R.Lesson, 1830)",2476748,19.327997,-99.228247,,NORTH_AMERICA,Distrito Federal,2018,5,25,2018-05-25T19:02,True,Jaico Caballero,iNaturalist,http://creativecommons.org/licenses/by-nc/4.0/,Jaico Caballero,https://inaturalist-open-data.s3.amazonaws.com/photos/19197632/original.jpg; https://inaturalist-open-data.s3.amazonaws.com/photos/19197639/original.jpg; https://inaturalist-open-data.s3.amazonaws.com/photos/19197644/original.jpg; https://inaturalist-open-data.s3.amazonaws.com/photos/19197650/original.jpg; https://inaturalist-open-data.s3.amazonaws.com/photos/19197658/original.jpg; https://inaturalist-open-data.s3.amazonaws.com/photos/19197666/original.jpg; https://inaturalist-open-data.s3.amazonaws.com/photos/19197671/original.jpg; https://inaturalist-open-data.s3.amazonaws.com/photos/19197738/original.jpg,k-mexico,2024-10-25 07:55:15
original_1850917451_8.jpg,2959443,Gleditsia triacanthos,0.911,"Lampornis clemenciae (R.Lesson, 1830)",2476748,19.327997,-99.228247,,NORTH_AMERICA,Distrito Federal,2018,5,25,2018-05-25T19:02,True,Jaico Caballero,iNaturalist,http://creativecommons.org/licenses/by-nc/4.0/,Jaico Caballero,https://inaturalist-open-data.s3.amazonaws.com/photos/19197632/original.jpg; https://inaturalist-open-data.s3.amazonaws.com/photos/19197639/original.jpg; https://inaturalist-open-data.s3.amazonaws.com/photos/19197644/original.jpg; https://inaturalist-open-data.s3.amazonaws.com/photos/19197650/original.jpg; https://inaturalist-open-data.s3.amazonaws.com/photos/19197658/original.jpg; https://inaturalist-open-data.s3.amazonaws.com/photos/19197666/original.jpg; https://inaturalist-open-data.s3.amazonaws.com/photos/19197671/original.jpg; https://inaturalist-open-data.s3.amazonaws.com/photos/19197738/original.jpg,k-mexico,2024-10-25 07:55:16
original_1850939141_1.jpg,5349751,Erythrina americana,1.7840000000000003,"Lampornis clemenciae (R.Lesson, 1830)",2476748,19.469713,-99.595788,,NORTH_AMERICA,México,2018,6,7,2018-06-07T17:24,True,javier_quiroz,iNaturalist,http://creativecommons.org/licenses/by-nc/4.0/,javier_quiroz,https://inaturalist-open-data.s3.amazonaws.com/photos/19374735/original.jpg; https://inaturalist-open-data.s3.amazonaws.com/photos/19374764/original.jpg,k-mexico,2024-10-25 07:55:18
original_1850939141_2.jpg,5349751,Erythrina americana,2.902,"Lampornis clemenciae (R.Lesson, 1830)",2476748,19.469713,-99.595788,,NORTH_AMERICA,México,2018,6,7,2018-06-07T17:24,True,javier_quiroz,iNaturalist,http://creativecommons.org/licenses/by-nc/4.0/,javier_quiroz,https://inaturalist-open-data.s3.amazonaws.com/photos/19374735/original.jpg; https://inaturalist-open-data.s3.amazonaws.com/photos/19374764/original.jpg,k-mexico,2024-10-25 07:55:21
original_1880480022_1.jpeg,5372392,Vitis vinifera,0.8330000000000001,"Lampornis clemenciae (R.Lesson, 1830)",2476748,31.883841,-109.206209,,NORTH_AMERICA,Arizona,2016,6,4,2016-06-04T17:55,True,guyincognito,iNaturalist,http://creativecommons.org/licenses/by-nc/4.0/,guyincognito,https://inaturalist-open-data.s3.amazonaws.com/photos/19740157/original.jpeg,k-southwestern-u-s-a,2024-10-25 07:55:24
original_1880601255_2.jpeg,3794448,Semialarium mexicanum,9.119,"Lampornis clemenciae (R.Lesson, 1830)",2476748,28.198293,-108.406178,4.0,NORTH_AMERICA,Chihuahua,2018,6,26,2018-06-26T16:14,True,Alejandro_Lin,iNaturalist,http://creativecommons.org/licenses/by-nc/4.0/,Alejandro_Lin,https://inaturalist-open-data.s3.amazonaws.com/photos/20532354/original.jpeg; https://inaturalist-open-data.s3.amazonaws.com/photos/20532355/original.jpeg,k-mexico,2024-10-25 07:55:29
original_1880603836_1.jpg,5341746,Operculina pinnatifida,0.582,"Lampornis clemenciae (R.Lesson, 1830)",2476748,19.206101,-99.216932,31.0,NORTH_AMERICA,Distrito Federal,2018,6,29,2018-06-29T20:34,True,Mario Castañeda,iNaturalist,http://creativecommons.org/licenses/by-nc/4.0/,Mario Castañeda,https://inaturalist-open-data.s3.amazonaws.com/photos/20551257/original.jpg,k-mexico,2024-10-25 07:55:31
original_1883459451_1.jpg,2889828,Viscum album,0.6709999999999999,"Lampornis clemenciae (R.Lesson, 1830)",2476748,31.913703,-109.141449,1841.0,NORTH_AMERICA,Arizona,2018,4,21,2018-04-21,True,Ken Kneidel,iNaturalist,http://creativecommons.org/publicdomain/zero/1.0/,Ken Kneidel,https://inaturalist-open-data.s3.amazonaws.com/photos/17350606/original.jpg,k-southwestern-u-s-a,2024-10-25 07:55:33
original_1883501332_2.jpeg,5300465,Fritillaria recurva,3.617,"Lampornis clemenciae (R.Lesson, 1830)",2476748,31.87345,-109.18438,500.0,NORTH_AMERICA,Arizona,2018,6,18,2018-06-18T06:52,True,Peter Olsoy,iNaturalist,http://creativecommons.org/licenses/by-nc/4.0/,Peter Olsoy,https://inaturalist-open-data.s3.amazonaws.com/photos/21169594/original.jpeg; https://inaturalist-open-data.s3.amazonaws.com/photos/21169727/original.jpeg; https://inaturalist-open-data.s3.amazonaws.com/photos/21169776/original.jpeg,k-southwestern-u-s-a,2024-10-25 07:55:38
original_1883507049_1.jpg,3040215,Populus tremuloides,5.918,"Lampornis clemenciae (R.Lesson, 1830)",2476748,25.219808,-100.394822,31.0,NORTH_AMERICA,Coahuila,2018,7,8,2018-07-08T14:54,True,Ivan Daniel Vallejo Valdez,iNaturalist,http://creativecommons.org/licenses/by-nc/4.0/,Ivan Daniel Vallejo Valdez,https://inaturalist-open-data.s3.amazonaws.com/photos/21205997/original.jpg,k-mexico,2024-10-25 07:55:43
original_1883544079_1.jpeg,2964734,Eysenhardtia texana,3.19,"Lampornis clemenciae (R.Lesson, 1830)",2476748,31.8452,-109.034049,29173.0,NORTH_AMERICA,Arizona,2018,7,14,2018-07-14T12:57,True,Alyssa Semerdjian,iNaturalist,http://creativecommons.org/licenses/by-nc/4.0/,Alyssa Semerdjian,https://inaturalist-open-data.s3.amazonaws.com/photos/21480167/original.jpeg,k-south-central-u-s-a,2024-10-25 07:55:46
original_1883548456_1.jpeg,2775785,Yucca reverchonii,11.440999999999999,"Lampornis clemenciae (R.Lesson, 1830)",2476748,19.459666,-102.236632,15.0,NORTH_AMERICA,Michoacán,2018,6,27,2018-06-27,True,Omar Lopez Samperio,iNaturalist,http://creativecommons.org/licenses/by-nc/4.0/,Omar Lopez Samperio,https://inaturalist-open-data.s3.amazonaws.com/photos/21510632/original.jpeg; https://inaturalist-open-data.s3.amazonaws.com/photos/21510634/original.jpeg; https://inaturalist-open-data.s3.amazonaws.com/photos/21510636/original.jpeg,k-mexico,2024-10-25 07:55:51
original_1883548456_2.jpeg,5305033,Kniphofia uvaria,10.329,"Lampornis clemenciae (R.Lesson, 1830)",2476748,19.459666,-102.236632,15.0,NORTH_AMERICA,Michoacán,2018,6,27,2018-06-27,True,Omar Lopez Samperio,iNaturalist,http://creativecommons.org/licenses/by-nc/4.0/,Omar Lopez Samperio,https://inaturalist-open-data.s3.amazonaws.com/photos/21510632/original.jpeg; https://inaturalist-open-data.s3.amazonaws.com/photos/21510634/original.jpeg; https://inaturalist-open-data.s3.amazonaws.com/photos/21510636/original.jpeg,k-mexico,2024-10-25 07:55:53
original_1883548456_3.jpeg,5305033,Kniphofia uvaria,4.332,"Lampornis clemenciae (R.Lesson, 1830)",2476748,19.459666,-102.236632,15.0,NORTH_AMERICA,Michoacán,2018,6,27,2018-06-27,True,Omar Lopez Samperio,iNaturalist,http://creativecommons.org/licenses/by-nc/4.0/,Omar Lopez Samperio,https://inaturalist-open-data.s3.amazonaws.com/photos/21510632/original.jpeg; https://inaturalist-open-data.s3.amazonaws.com/photos/21510634/original.jpeg; https://inaturalist-open-data.s3.amazonaws.com/photos/21510636/original.jpeg,k-mexico,2024-10-25 07:55:55
original_1883923978_1.jpg,2910221,Bouvardia ternifolia,80.476,"Lampornis clemenciae (R.Lesson, 1830)",2476748,19.465848,-99.601515,,NORTH_AMERICA,México,2018,7,18,2018-07-18T19:15,True,javier_quiroz,iNaturalist,http://creativecommons.org/licenses/by-nc/4.0/,javier_quiroz,https://inaturalist-open-data.s3.amazonaws.com/photos/21688209/original.jpg; https://inaturalist-open-data.s3.amazonaws.com/photos/21688336/original.jpg; https://inaturalist-open-data.s3.amazonaws.com/photos/21688371/original.jpg,k-mexico,2024-10-25 07:55:58
original_1883923978_2.jpg,2910221,Bouvardia ternifolia,65.706,"Lampornis clemenciae (R.Lesson, 1830)",2476748,19.465848,-99.601515,,NORTH_AMERICA,México,2018,7,18,2018-07-18T19:15,True,javier_quiroz,iNaturalist,http://creativecommons.org/licenses/by-nc/4.0/,javier_quiroz,https://inaturalist-open-data.s3.amazonaws.com/photos/21688209/original.jpg; https://inaturalist-open-data.s3.amazonaws.com/photos/21688336/original.jpg; https://inaturalist-open-data.s3.amazonaws.com/photos/21688371/original.jpg,k-mexico,2024-10-25 07:56:02
original_1883923978_3.jpg,2910221,Bouvardia ternifolia,86.553,"Lampornis clemenciae (R.Lesson, 1830)",2476748,19.465848,-99.601515,,NORTH_AMERICA,México,2018,7,18,2018-07-18T19:15,True,javier_quiroz,iNaturalist,http://creativecommons.org/licenses/by-nc/4.0/,javier_quiroz,https://inaturalist-open-data.s3.amazonaws.com/photos/21688209/original.jpg; https://inaturalist-open-data.s3.amazonaws.com/photos/21688336/original.jpg; https://inaturalist-open-data.s3.amazonaws.com/photos/21688371/original.jpg,k-mexico,2024-10-25 07:56:04
original_1890712005_1.jpg,5421144,Dodonaea viscosa,0.643,"Lampornis clemenciae (R.Lesson, 1830)",2476748,31.904622,-109.156092,,NORTH_AMERICA,Arizona,2018,7,18,2018-07-18T19:13,True,David Andreas de Rivera Tønnessen,iNaturalist,http://creativecommons.org/licenses/by-nc/4.0/,David Andreas de Rivera Tønnessen,https://inaturalist-open-data.s3.amazonaws.com/photos/22755772/original.jpg,k-southwestern-u-s-a,2024-10-25 07:56:07
original_1890720001_1.jpeg,2878540,Quercus crassifolia,61.001000000000005,"Lampornis clemenciae (R.Lesson, 1830)",2476748,20.182223,-100.66634,2173.0,NORTH_AMERICA,Guanajuato,2018,8,5,2018-08-05T12:22,True,Alan Camacho Morales,iNaturalist,http://creativecommons.org/licenses/by-nc/4.0/,Alan Camacho Morales,https://inaturalist-open-data.s3.amazonaws.com/photos/22814875/original.jpeg; https://inaturalist-open-data.s3.amazonaws.com/photos/22814931/original.jpeg,k-mexico,2024-10-25 07:56:09
original_1890720001_2.jpeg,8386328,Quercus rugosa,48.693999999999996,"Lampornis clemenciae (R.Lesson, 1830)",2476748,20.182223,-100.66634,2173.0,NORTH_AMERICA,Guanajuato,2018,8,5,2018-08-05T12:22,True,Alan Camacho Morales,iNaturalist,http://creativecommons.org/licenses/by-nc/4.0/,Alan Camacho Morales,https://inaturalist-open-data.s3.amazonaws.com/photos/22814875/original.jpeg; https://inaturalist-open-data.s3.amazonaws.com/photos/22814931/original.jpeg,k-mexico,2024-10-25 07:56:12
original_1891317989_1.jpeg,7288106,Psittacanthus rhynchanthus,33.147,"Lampornis clemenciae (R.Lesson, 1830)",2476748,19.768204,-102.290455,1269.0,NORTH_AMERICA,Michoacán,2018,8,8,2018-08-08T11:57,True,Ricardo Arredondo T.,iNaturalist,http://creativecommons.org/licenses/by-nc/4.0/,Ricardo Arredondo T.,https://inaturalist-open-data.s3.amazonaws.com/photos/23011579/original.jpeg; https://inaturalist-open-data.s3.amazonaws.com/photos/23011600/original.jpeg; https://inaturalist-open-data.s3.amazonaws.com/photos/23011608/original.jpeg; https://inaturalist-open-data.s3.amazonaws.com/photos/23011683/original.jpeg; https://static.inaturalist.org/sounds/26481.mp3?1539366892,k-mexico,2024-10-25 07:56:14
original_1891317989_2.jpeg,7288106,Psittacanthus rhynchanthus,36.370999999999995,"Lampornis clemenciae (R.Lesson, 1830)",2476748,19.768204,-102.290455,1269.0,NORTH_AMERICA,Michoacán,2018,8,8,2018-08-08T11:57,True,Ricardo Arredondo T.,iNaturalist,http://creativecommons.org/licenses/by-nc/4.0/,Ricardo Arredondo T.,https://inaturalist-open-data.s3.amazonaws.com/photos/23011579/original.jpeg; https://inaturalist-open-data.s3.amazonaws.com/photos/23011600/original.jpeg; https://inaturalist-open-data.s3.amazonaws.com/photos/23011608/original.jpeg; https://inaturalist-open-data.s3.amazonaws.com/photos/23011683/original.jpeg; https://static.inaturalist.org/sounds/26481.mp3?1539366892,k-mexico,2024-10-25 07:56:16
original_1891317989_3.jpeg,7288106,Psittacanthus rhynchanthus,35.841,"Lampornis clemenciae (R.Lesson, 1830)",2476748,19.768204,-102.290455,1269.0,NORTH_AMERICA,Michoacán,2018,8,8,2018-08-08T11:57,True,Ricardo Arredondo T.,iNaturalist,http://creativecommons.org/licenses/by-nc/4.0/,Ricardo Arredondo T.,https://inaturalist-open-data.s3.amazonaws.com/photos/23011579/original.jpeg; https://inaturalist-open-data.s3.amazonaws.com/photos/23011600/original.jpeg; https://inaturalist-open-data.s3.amazonaws.com/photos/23011608/original.jpeg; https://inaturalist-open-data.s3.amazonaws.com/photos/23011683/original.jpeg; https://static.inaturalist.org/sounds/26481.mp3?1539366892,k-mexico,2024-10-25 07:56:19
original_1891317989_4.jpeg,7288106,Psittacanthus rhynchanthus,36.94,"Lampornis clemenciae (R.Lesson, 1830)",2476748,19.768204,-102.290455,1269.0,NORTH_AMERICA,Michoacán,2018,8,8,2018-08-08T11:57,True,Ricardo Arredondo T.,iNaturalist,http://creativecommons.org/licenses/by-nc/4.0/,Ricardo Arredondo T.,https://inaturalist-open-data.s3.amazonaws.com/photos/23011579/original.jpeg; https://inaturalist-open-data.s3.amazonaws.com/photos/23011600/original.jpeg; https://inaturalist-open-data.s3.amazonaws.com/photos/23011608/original.jpeg; https://inaturalist-open-data.s3.amazonaws.com/photos/23011683/original.jpeg; https://static.inaturalist.org/sounds/26481.mp3?1539366892,k-mexico,2024-10-25 07:56:21
original_1891319062_1.jpg,5285621,Pinus monticola,0.836,"Lampornis clemenciae (R.Lesson, 1830)",2476748,31.883227,-109.20525,51.0,NORTH_AMERICA,Arizona,2018,8,4,2018-08-04T14:18,True,Gordon Karre,iNaturalist,http://creativecommons.org/licenses/by-nc/4.0/,Gordon Karre,https://inaturalist-open-data.s3.amazonaws.com/photos/23020235/original.jpg,k-southwestern-u-s-a,2024-10-25 07:56:24
original_1891348822_1.jpg,2766986,Agave seemanniana,25.778000000000002,"Lampornis clemenciae (R.Lesson, 1830)",2476748,25.318564,-100.255174,31.0,NORTH_AMERICA,Nuevo León,2018,8,14,2018-08-14T10:02,True,Roberto González,iNaturalist,http://creativecommons.org/licenses/by-nc/4.0/,Roberto González,https://inaturalist-open-data.s3.amazonaws.com/photos/23251102/original.jpg; https://inaturalist-open-data.s3.amazonaws.com/photos/23251455/original.jpg,k-mexico,2024-10-25 07:56:31
original_1898803077_1.jpeg,3718266,Clethra mexicana,3.2750000000000004,"Lampornis clemenciae (R.Lesson, 1830)",2476748,19.116873,-99.302695,30598.0,NORTH_AMERICA,Morelos,2018,8,14,2018-08-14T09:29,True,Nancy DBirds,iNaturalist,http://creativecommons.org/licenses/by-nc/4.0/,Nancy DBirds,https://inaturalist-open-data.s3.amazonaws.com/photos/23372359/original.jpeg,k-mexico,2024-10-25 07:56:36
original_1898823554_2.jpeg,2767031,Agave americana,16.814,"Lampornis clemenciae (R.Lesson, 1830)",2476748,29.251949,-103.297263,1.0,NORTH_AMERICA,Texas,2018,8,15,2018-08-15T14:11,True,Javi Gonzalez,iNaturalist,http://creativecommons.org/licenses/by-nc/4.0/,Javi Gonzalez,https://inaturalist-open-data.s3.amazonaws.com/photos/23519654/original.jpeg; https://inaturalist-open-data.s3.amazonaws.com/photos/23519657/original.jpeg; https://inaturalist-open-data.s3.amazonaws.com/photos/23519662/original.jpeg,k-south-central-u-s-a,2024-10-25 07:56:43
original_1913158711_1.jpg,5372392,Vitis vinifera,1.746,"Lampornis clemenciae (R.Lesson, 1830)",2476748,31.904533,-109.156058,,NORTH_AMERICA,Arizona,2018,9,4,2018-09-04T18:21,True,Donna Pomeroy,iNaturalist,http://creativecommons.org/licenses/by-nc/4.0/,Donna Pomeroy,https://inaturalist-open-data.s3.amazonaws.com/photos/24491866/original.jpg,k-southwestern-u-s-a,2024-10-25 07:57:12
original_1913159130_1.jpg,5372604,Salix lucida,2.22,"Lampornis clemenciae (R.Lesson, 1830)",2476748,31.883532,-109.206793,,NORTH_AMERICA,Arizona,2018,9,6,2018-09-06T13:31,True,Donna Pomeroy,iNaturalist,http://creativecommons.org/licenses/by-nc/4.0/,Donna Pomeroy,https://inaturalist-open-data.s3.amazonaws.com/photos/24493886/original.jpg,k-southwestern-u-s-a,2024-10-25 07:57:20
original_1913185138_1.jpeg,2650609,Asplenium vespertinum,0.831,"Lampornis clemenciae (R.Lesson, 1830)",2476748,19.413406,-102.359866,250.0,NORTH_AMERICA,Michoacán,2018,9,7,2018-09-07,True,Omar Lopez Samperio,iNaturalist,http://creativecommons.org/licenses/by-nc/4.0/,Omar Lopez Samperio,https://inaturalist-open-data.s3.amazonaws.com/photos/24700675/original.jpeg; https://inaturalist-open-data.s3.amazonaws.com/photos/24700678/original.jpeg; https://inaturalist-open-data.s3.amazonaws.com/photos/24700680/original.jpeg; https://inaturalist-open-data.s3.amazonaws.com/photos/24700681/original.jpeg; https://inaturalist-open-data.s3.amazonaws.com/photos/24700685/original.jpeg; https://inaturalist-open-data.s3.amazonaws.com/photos/24700686/original.jpeg,k-mexico,2024-10-25 07:57:23
original_1913185138_2.jpeg,2685527,Abies religiosa,1.532,"Lampornis clemenciae (R.Lesson, 1830)",2476748,19.413406,-102.359866,250.0,NORTH_AMERICA,Michoacán,2018,9,7,2018-09-07,True,Omar Lopez Samperio,iNaturalist,http://creativecommons.org/licenses/by-nc/4.0/,Omar Lopez Samperio,https://inaturalist-open-data.s3.amazonaws.com/photos/24700675/original.jpeg; https://inaturalist-open-data.s3.amazonaws.com/photos/24700678/original.jpeg; https://inaturalist-open-data.s3.amazonaws.com/photos/24700680/original.jpeg; https://inaturalist-open-data.s3.amazonaws.com/photos/24700681/original.jpeg; https://inaturalist-open-data.s3.amazonaws.com/photos/24700685/original.jpeg; https://inaturalist-open-data.s3.amazonaws.com/photos/24700686/original.jpeg,k-mexico,2024-10-25 07:57:25
original_1913185138_3.jpeg,2714238,Cyperus digitatus,0.5740000000000001,"Lampornis clemenciae (R.Lesson, 1830)",2476748,19.413406,-102.359866,250.0,NORTH_AMERICA,Michoacán,2018,9,7,2018-09-07,True,Omar Lopez Samperio,iNaturalist,http://creativecommons.org/licenses/by-nc/4.0/,Omar Lopez Samperio,https://inaturalist-open-data.s3.amazonaws.com/photos/24700675/original.jpeg; https://inaturalist-open-data.s3.amazonaws.com/photos/24700678/original.jpeg; https://inaturalist-open-data.s3.amazonaws.com/photos/24700680/original.jpeg; https://inaturalist-open-data.s3.amazonaws.com/photos/24700681/original.jpeg; https://inaturalist-open-data.s3.amazonaws.com/photos/24700685/original.jpeg; https://inaturalist-open-data.s3.amazonaws.com/photos/24700686/original.jpeg,k-mexico,2024-10-25 07:57:28
original_1913185138_4.jpeg,3036530,Oreopanax echinops,0.32399999999999995,"Lampornis clemenciae (R.Lesson, 1830)",2476748,19.413406,-102.359866,250.0,NORTH_AMERICA,Michoacán,2018,9,7,2018-09-07,True,Omar Lopez Samperio,iNaturalist,http://creativecommons.org/licenses/by-nc/4.0/,Omar Lopez Samperio,https://inaturalist-open-data.s3.amazonaws.com/photos/24700675/original.jpeg; https://inaturalist-open-data.s3.amazonaws.com/photos/24700678/original.jpeg; https://inaturalist-open-data.s3.amazonaws.com/photos/24700680/original.jpeg; https://inaturalist-open-data.s3.amazonaws.com/photos/24700681/original.jpeg; https://inaturalist-open-data.s3.amazonaws.com/photos/24700685/original.jpeg; https://inaturalist-open-data.s3.amazonaws.com/photos/24700686/original.jpeg,k-mexico,2024-10-25 07:57:30
original_1913185138_5.jpeg,2707865,Mayaca fluviatilis,0.9129999999999999,"Lampornis clemenciae (R.Lesson, 1830)",2476748,19.413406,-102.359866,250.0,NORTH_AMERICA,Michoacán,2018,9,7,2018-09-07,True,Omar Lopez Samperio,iNaturalist,http://creativecommons.org/licenses/by-nc/4.0/,Omar Lopez Samperio,https://inaturalist-open-data.s3.amazonaws.com/photos/24700675/original.jpeg; https://inaturalist-open-data.s3.amazonaws.com/photos/24700678/original.jpeg; https://inaturalist-open-data.s3.amazonaws.com/photos/24700680/original.jpeg; https://inaturalist-open-data.s3.amazonaws.com/photos/24700681/original.jpeg; https://inaturalist-open-data.s3.amazonaws.com/photos/24700685/original.jpeg; https://inaturalist-open-data.s3.amazonaws.com/photos/24700686/original.jpeg,k-mexico,2024-10-25 07:57:32
original_1913185138_6.jpeg,2650609,Asplenium vespertinum,1.149,"Lampornis clemenciae (R.Lesson, 1830)",2476748,19.413406,-102.359866,250.0,NORTH_AMERICA,Michoacán,2018,9,7,2018-09-07,True,Omar Lopez Samperio,iNaturalist,http://creativecommons.org/licenses/by-nc/4.0/,Omar Lopez Samperio,https://inaturalist-open-data.s3.amazonaws.com/photos/24700675/original.jpeg; https://inaturalist-open-data.s3.amazonaws.com/photos/24700678/original.jpeg; https://inaturalist-open-data.s3.amazonaws.com/photos/24700680/original.jpeg; https://inaturalist-open-data.s3.amazonaws.com/photos/24700681/original.jpeg; https://inaturalist-open-data.s3.amazonaws.com/photos/24700685/original.jpeg; https://inaturalist-open-data.s3.amazonaws.com/photos/24700686/original.jpeg,k-mexico,2024-10-25 07:57:34
original_1913712260_1.jpg,3172386,Forestiera angustifolia,2.041,"Lampornis clemenciae (R.Lesson, 1830)",2476748,29.491777,-103.467039,,NORTH_AMERICA,Texas,2011,5,8,2011-05-08T14:46,True,carolynohl,iNaturalist,http://creativecommons.org/licenses/by-nc/4.0/,carolynohl,https://inaturalist-open-data.s3.amazonaws.com/photos/25241023/original.jpg,k-south-central-u-s-a,2024-10-25 07:57:37
original_1914354438_1.jpg,3169513,Gelsemium sempervirens,2.886,"Lampornis clemenciae (R.Lesson, 1830)",2476748,19.463407,-99.598977,,NORTH_AMERICA,México,2018,10,1,2018-10-01T17:45,True,javier_quiroz,iNaturalist,http://creativecommons.org/licenses/by-nc/4.0/,javier_quiroz,https://inaturalist-open-data.s3.amazonaws.com/photos/25975775/original.jpg; https://inaturalist-open-data.s3.amazonaws.com/photos/25975796/original.jpg; https://inaturalist-open-data.s3.amazonaws.com/photos/25975825/original.jpg,k-mexico,2024-10-25 07:57:47
original_1914354438_3.jpg,3172386,Forestiera angustifolia,2.15,"Lampornis clemenciae (R.Lesson, 1830)",2476748,19.463407,-99.598977,,NORTH_AMERICA,México,2018,10,1,2018-10-01T17:45,True,javier_quiroz,iNaturalist,http://creativecommons.org/licenses/by-nc/4.0/,javier_quiroz,https://inaturalist-open-data.s3.amazonaws.com/photos/25975775/original.jpg; https://inaturalist-open-data.s3.amazonaws.com/photos/25975796/original.jpg; https://inaturalist-open-data.s3.amazonaws.com/photos/25975825/original.jpg,k-mexico,2024-10-25 07:57:52
original_1914354488_1.jpg,2887069,Sideroxylon lanuginosum,0.579,"Lampornis clemenciae (R.Lesson, 1830)",2476748,19.463413,-99.598953,,NORTH_AMERICA,México,2018,10,1,2018-10-01T17:39,True,javier_quiroz,iNaturalist,http://creativecommons.org/licenses/by-nc/4.0/,javier_quiroz,https://inaturalist-open-data.s3.amazonaws.com/photos/25975758/original.jpg,k-mexico,2024-10-25 07:57:55
original_1914356758_1.jpeg,2964734,Eysenhardtia texana,5.864,"Lampornis clemenciae (R.Lesson, 1830)",2476748,19.325174,-99.220295,9.0,NORTH_AMERICA,Distrito Federal,2018,10,3,2018-10-03,True,Jaime Marcelo Aranda Sánchez,iNaturalist,http://creativecommons.org/licenses/by-nc/4.0/,Jaime Marcelo Aranda Sánchez,https://inaturalist-open-data.s3.amazonaws.com/photos/25997812/original.jpeg; https://inaturalist-open-data.s3.amazonaws.com/photos/26010326/original.jpeg,k-mexico,2024-10-25 07:57:58
original_1914356758_2.jpeg,2651847,Adiantum trapeziforme,3.94,"Lampornis clemenciae (R.Lesson, 1830)",2476748,19.325174,-99.220295,9.0,NORTH_AMERICA,Distrito Federal,2018,10,3,2018-10-03,True,Jaime Marcelo Aranda Sánchez,iNaturalist,http://creativecommons.org/licenses/by-nc/4.0/,Jaime Marcelo Aranda Sánchez,https://inaturalist-open-data.s3.amazonaws.com/photos/25997812/original.jpeg; https://inaturalist-open-data.s3.amazonaws.com/photos/26010326/original.jpeg,k-mexico,2024-10-25 07:58:00
original_1920841829_2.jpg,5301159,Potamogeton amplifolius,1.645,"Lampornis clemenciae (R.Lesson, 1830)",2476748,19.793141,-100.154777,100.0,NORTH_AMERICA,Michoacán,2018,9,23,2018-09-23T08:26,True,David Ruíz Domínguez,iNaturalist,http://creativecommons.org/licenses/by-nc/4.0/,David Ruíz Domínguez,https://inaturalist-open-data.s3.amazonaws.com/photos/26455434/original.jpg; https://inaturalist-open-data.s3.amazonaws.com/photos/26455442/original.jpg; https://inaturalist-open-data.s3.amazonaws.com/photos/26455446/original.jpg,k-mexico,2024-10-25 07:58:07
original_1920841829_3.jpg,2727891,Carex tribuloides,3.6290000000000004,"Lampornis clemenciae (R.Lesson, 1830)",2476748,19.793141,-100.154777,100.0,NORTH_AMERICA,Michoacán,2018,9,23,2018-09-23T08:26,True,David Ruíz Domínguez,iNaturalist,http://creativecommons.org/licenses/by-nc/4.0/,David Ruíz Domínguez,https://inaturalist-open-data.s3.amazonaws.com/photos/26455434/original.jpg; https://inaturalist-open-data.s3.amazonaws.com/photos/26455442/original.jpg; https://inaturalist-open-data.s3.amazonaws.com/photos/26455446/original.jpg,k-mexico,2024-10-25 07:58:10
original_1931524654_1.jpg,2988172,Pyracantha crenulata,32.773,"Lampornis clemenciae (R.Lesson, 1830)",2476748,31.725142,-110.880072,,NORTH_AMERICA,Arizona,2018,10,14,2018-10-14,True,Chris Rohrer,iNaturalist,http://creativecommons.org/licenses/by-nc/4.0/,Chris Rohrer,https://inaturalist-open-data.s3.amazonaws.com/photos/26801033/original.jpg,k-southwestern-u-s-a,2024-10-25 07:58:15
original_1932303984_10.jpeg,2879752,Quercus gravesii,4.367999999999999,"Lampornis clemenciae (R.Lesson, 1830)",2476748,19.405077,-102.353596,125.0,NORTH_AMERICA,Michoacán,2018,8,20,2018-08-20,True,Omar Lopez Samperio,iNaturalist,http://creativecommons.org/licenses/by-nc/4.0/,Omar Lopez Samperio,https://inaturalist-open-data.s3.amazonaws.com/photos/23540735/original.jpeg; https://inaturalist-open-data.s3.amazonaws.com/photos/23540739/original.jpeg; https://inaturalist-open-data.s3.amazonaws.com/photos/23540743/original.jpeg; https://inaturalist-open-data.s3.amazonaws.com/photos/23540745/original.jpeg; https://inaturalist-open-data.s3.amazonaws.com/photos/23540785/original.jpeg; https://inaturalist-open-data.s3.amazonaws.com/photos/23540813/original.jpeg; https://inaturalist-open-data.s3.amazonaws.com/photos/23540835/original.jpeg; https://inaturalist-open-data.s3.amazonaws.com/photos/23540841/original.jpeg; https://inaturalist-open-data.s3.amazonaws.com/photos/23540856/original.jpeg; https://inaturalist-open-data.s3.amazonaws.com/photos/23540857/original.jpeg; https://inaturalist-open-data.s3.amazonaws.com/photos/23540863/original.jpeg,k-mexico,2024-10-25 07:58:19
original_1932303984_3.jpeg,2929617,Solanum chrysotrichum,1.737,"Lampornis clemenciae (R.Lesson, 1830)",2476748,19.405077,-102.353596,125.0,NORTH_AMERICA,Michoacán,2018,8,20,2018-08-20,True,Omar Lopez Samperio,iNaturalist,http://creativecommons.org/licenses/by-nc/4.0/,Omar Lopez Samperio,https://inaturalist-open-data.s3.amazonaws.com/photos/23540735/original.jpeg; https://inaturalist-open-data.s3.amazonaws.com/photos/23540739/original.jpeg; https://inaturalist-open-data.s3.amazonaws.com/photos/23540743/original.jpeg; https://inaturalist-open-data.s3.amazonaws.com/photos/23540745/original.jpeg; https://inaturalist-open-data.s3.amazonaws.com/photos/23540785/original.jpeg; https://inaturalist-open-data.s3.amazonaws.com/photos/23540813/original.jpeg; https://inaturalist-open-data.s3.amazonaws.com/photos/23540835/original.jpeg; https://inaturalist-open-data.s3.amazonaws.com/photos/23540841/original.jpeg; https://inaturalist-open-data.s3.amazonaws.com/photos/23540856/original.jpeg; https://inaturalist-open-data.s3.amazonaws.com/photos/23540857/original.jpeg; https://inaturalist-open-data.s3.amazonaws.com/photos/23540863/original.jpeg,k-mexico,2024-10-25 07:58:21
original_1932303984_5.jpeg,2879752,Quercus gravesii,4.367999999999999,"Lampornis clemenciae (R.Lesson, 1830)",2476748,19.405077,-102.353596,125.0,NORTH_AMERICA,Michoacán,2018,8,20,2018-08-20,True,Omar Lopez Samperio,iNaturalist,http://creativecommons.org/licenses/by-nc/4.0/,Omar Lopez Samperio,https://inaturalist-open-data.s3.amazonaws.com/photos/23540735/original.jpeg; https://inaturalist-open-data.s3.amazonaws.com/photos/23540739/original.jpeg; https://inaturalist-open-data.s3.amazonaws.com/photos/23540743/original.jpeg; https://inaturalist-open-data.s3.amazonaws.com/photos/23540745/original.jpeg; https://inaturalist-open-data.s3.amazonaws.com/photos/23540785/original.jpeg; https://inaturalist-open-data.s3.amazonaws.com/photos/23540813/original.jpeg; https://inaturalist-open-data.s3.amazonaws.com/photos/23540835/original.jpeg; https://inaturalist-open-data.s3.amazonaws.com/photos/23540841/original.jpeg; https://inaturalist-open-data.s3.amazonaws.com/photos/23540856/original.jpeg; https://inaturalist-open-data.s3.amazonaws.com/photos/23540857/original.jpeg; https://inaturalist-open-data.s3.amazonaws.com/photos/23540863/original.jpeg,k-mexico,2024-10-25 07:58:23
original_1933551987_2.jpeg,7324166,Ipomoea arborescens,74.018,"Lampornis clemenciae (R.Lesson, 1830)",2476748,19.046214,-98.455606,5.0,NORTH_AMERICA,Puebla,2018,10,26,2018-10-26T12:03,True,Bodo Nuñez Oberg,iNaturalist,http://creativecommons.org/licenses/by-nc/4.0/,Bodo Nuñez Oberg,https://inaturalist-open-data.s3.amazonaws.com/photos/27271046/original.jpeg; https://inaturalist-open-data.s3.amazonaws.com/photos/27271050/original.jpeg; https://inaturalist-open-data.s3.amazonaws.com/photos/27271055/original.jpeg,k-mexico,2024-10-25 07:58:34
original_1933551987_3.jpeg,7324166,Ipomoea arborescens,85.627,"Lampornis clemenciae (R.Lesson, 1830)",2476748,19.046214,-98.455606,5.0,NORTH_AMERICA,Puebla,2018,10,26,2018-10-26T12:03,True,Bodo Nuñez Oberg,iNaturalist,http://creativecommons.org/licenses/by-nc/4.0/,Bodo Nuñez Oberg,https://inaturalist-open-data.s3.amazonaws.com/photos/27271046/original.jpeg; https://inaturalist-open-data.s3.amazonaws.com/photos/27271050/original.jpeg; https://inaturalist-open-data.s3.amazonaws.com/photos/27271055/original.jpeg,k-mexico,2024-10-25 07:58:35
original_1933587991_1.jpeg,2882799,Arbutus xalapensis,0.758,"Lampornis clemenciae (R.Lesson, 1830)",2476748,19.173843,-100.20715,15.0,NORTH_AMERICA,México,2018,10,31,2018-10-31T09:13,True,Jose Hernandez Gutierrez,iNaturalist,http://creativecommons.org/licenses/by-nc/4.0/,Jose Hernandez Gutierrez,https://inaturalist-open-data.s3.amazonaws.com/photos/27498873/original.jpeg,k-mexico,2024-10-25 07:58:38
original_1944397240_1.jpg,2889925,Helosis cayennensis,0.707,"Lampornis clemenciae (R.Lesson, 1830)",2476748,19.013217,-99.230772,8.0,NORTH_AMERICA,Morelos,2018,11,11,2018-11-11T08:04,True,Rafael Rodríguez Brito,iNaturalist,http://creativecommons.org/licenses/by-nc/4.0/,Rafael Rodríguez Brito,https://inaturalist-open-data.s3.amazonaws.com/photos/28028514/original.jpg,k-mexico,2024-10-25 12:57:22
original_1948781375_1.jpg,3129643,Baccharis salicifolia,1.0330000000000001,"Lampornis clemenciae (R.Lesson, 1830)",2476748,31.883976,-109.206052,212.0,NORTH_AMERICA,Arizona,2018,4,27,2018-04-27T14:17,True,Bill Blauvelt,iNaturalist,http://creativecommons.org/licenses/by-nc/4.0/,Bill Blauvelt,https://inaturalist-open-data.s3.amazonaws.com/photos/28875761/original.jpg,k-southwestern-u-s-a,2024-10-25 12:57:30
original_1950021214_1.jpeg,2887069,Sideroxylon lanuginosum,43.65,"Lampornis clemenciae (R.Lesson, 1830)",2476748,23.961738,-99.775157,15.0,NORTH_AMERICA,Nuevo León,2016,3,26,2016-03-26T10:51,True,Flaviano Zubieta,iNaturalist,http://creativecommons.org/licenses/by-nc/4.0/,Flaviano Zubieta,https://inaturalist-open-data.s3.amazonaws.com/photos/29089807/original.jpeg; https://inaturalist-open-data.s3.amazonaws.com/photos/29089820/original.jpeg; https://inaturalist-open-data.s3.amazonaws.com/photos/29089846/original.jpeg,k-mexico,2024-10-25 12:57:37
original_1950021214_2.jpeg,2976481,Ebenopsis ebano,4.164000000000001,"Lampornis clemenciae (R.Lesson, 1830)",2476748,23.961738,-99.775157,15.0,NORTH_AMERICA,Nuevo León,2016,3,26,2016-03-26T10:51,True,Flaviano Zubieta,iNaturalist,http://creativecommons.org/licenses/by-nc/4.0/,Flaviano Zubieta,https://inaturalist-open-data.s3.amazonaws.com/photos/29089807/original.jpeg; https://inaturalist-open-data.s3.amazonaws.com/photos/29089820/original.jpeg; https://inaturalist-open-data.s3.amazonaws.com/photos/29089846/original.jpeg,k-mexico,2024-10-25 12:57:40
original_1950021214_3.jpeg,2887069,Sideroxylon lanuginosum,5.859,"Lampornis clemenciae (R.Lesson, 1830)",2476748,23.961738,-99.775157,15.0,NORTH_AMERICA,Nuevo León,2016,3,26,2016-03-26T10:51,True,Flaviano Zubieta,iNaturalist,http://creativecommons.org/licenses/by-nc/4.0/,Flaviano Zubieta,https://inaturalist-open-data.s3.amazonaws.com/photos/29089807/original.jpeg; https://inaturalist-open-data.s3.amazonaws.com/photos/29089820/original.jpeg; https://inaturalist-open-data.s3.amazonaws.com/photos/29089846/original.jpeg,k-mexico,2024-10-25 12:57:42
original_1990503208_1.jpg,5358508,Prosopis pubescens,3.758,"Lampornis clemenciae (R.Lesson, 1830)",2476748,31.725204,-110.880367,25.0,NORTH_AMERICA,Arizona,2019,1,13,2019-01-13T16:31,True,Eric Hough,iNaturalist,http://creativecommons.org/licenses/by-nc/4.0/,Eric Hough,https://inaturalist-open-data.s3.amazonaws.com/photos/30263282/original.jpg; https://inaturalist-open-data.s3.amazonaws.com/photos/30263286/original.jpg; https://inaturalist-open-data.s3.amazonaws.com/photos/30263289/original.jpg; https://inaturalist-open-data.s3.amazonaws.com/photos/30263292/original.jpg; https://inaturalist-open-data.s3.amazonaws.com/photos/30263297/original.jpg,k-southwestern-u-s-a,2024-10-25 12:57:47
original_1990503208_2.jpg,5358508,Prosopis pubescens,7.06,"Lampornis clemenciae (R.Lesson, 1830)",2476748,31.725204,-110.880367,25.0,NORTH_AMERICA,Arizona,2019,1,13,2019-01-13T16:31,True,Eric Hough,iNaturalist,http://creativecommons.org/licenses/by-nc/4.0/,Eric Hough,https://inaturalist-open-data.s3.amazonaws.com/photos/30263282/original.jpg; https://inaturalist-open-data.s3.amazonaws.com/photos/30263286/original.jpg; https://inaturalist-open-data.s3.amazonaws.com/photos/30263289/original.jpg; https://inaturalist-open-data.s3.amazonaws.com/photos/30263292/original.jpg; https://inaturalist-open-data.s3.amazonaws.com/photos/30263297/original.jpg,k-southwestern-u-s-a,2024-10-25 12:57:50
original_1990503208_3.jpg,2928829,Lycium berlandieri,5.638,"Lampornis clemenciae (R.Lesson, 1830)",2476748,31.725204,-110.880367,25.0,NORTH_AMERICA,Arizona,2019,1,13,2019-01-13T16:31,True,Eric Hough,iNaturalist,http://creativecommons.org/licenses/by-nc/4.0/,Eric Hough,https://inaturalist-open-data.s3.amazonaws.com/photos/30263282/original.jpg; https://inaturalist-open-data.s3.amazonaws.com/photos/30263286/original.jpg; https://inaturalist-open-data.s3.amazonaws.com/photos/30263289/original.jpg; https://inaturalist-open-data.s3.amazonaws.com/photos/30263292/original.jpg; https://inaturalist-open-data.s3.amazonaws.com/photos/30263297/original.jpg,k-southwestern-u-s-a,2024-10-25 12:57:52
original_1990503208_4.jpg,5358508,Prosopis pubescens,3.964,"Lampornis clemenciae (R.Lesson, 1830)",2476748,31.725204,-110.880367,25.0,NORTH_AMERICA,Arizona,2019,1,13,2019-01-13T16:31,True,Eric Hough,iNaturalist,http://creativecommons.org/licenses/by-nc/4.0/,Eric Hough,https://inaturalist-open-data.s3.amazonaws.com/photos/30263282/original.jpg; https://inaturalist-open-data.s3.amazonaws.com/photos/30263286/original.jpg; https://inaturalist-open-data.s3.amazonaws.com/photos/30263289/original.jpg; https://inaturalist-open-data.s3.amazonaws.com/photos/30263292/original.jpg; https://inaturalist-open-data.s3.amazonaws.com/photos/30263297/original.jpg,k-southwestern-u-s-a,2024-10-25 12:57:55
original_1990503208_5.jpg,5358508,Prosopis pubescens,3.312,"Lampornis clemenciae (R.Lesson, 1830)",2476748,31.725204,-110.880367,25.0,NORTH_AMERICA,Arizona,2019,1,13,2019-01-13T16:31,True,Eric Hough,iNaturalist,http://creativecommons.org/licenses/by-nc/4.0/,Eric Hough,https://inaturalist-open-data.s3.amazonaws.com/photos/30263282/original.jpg; https://inaturalist-open-data.s3.amazonaws.com/photos/30263286/original.jpg; https://inaturalist-open-data.s3.amazonaws.com/photos/30263289/original.jpg; https://inaturalist-open-data.s3.amazonaws.com/photos/30263292/original.jpg; https://inaturalist-open-data.s3.amazonaws.com/photos/30263297/original.jpg,k-southwestern-u-s-a,2024-10-25 12:57:57
original_1990581953_1.jpg,3171570,Penstemon barbatus,17.897,"Lampornis clemenciae (R.Lesson, 1830)",2476748,19.1502,-99.17904,235.0,NORTH_AMERICA,Distrito Federal,2014,8,31,2014-08-31,True,Luis Correa,iNaturalist,http://creativecommons.org/licenses/by-nc/4.0/,Luis Correa,https://inaturalist-open-data.s3.amazonaws.com/photos/30615234/original.jpg,k-mexico,2024-10-25 12:58:03
original_1990593265_1.jpeg,3794448,Semialarium mexicanum,2.5839999999999996,"Lampornis clemenciae (R.Lesson, 1830)",2476748,18.999883,-99.101878,31.0,NORTH_AMERICA,Morelos,2018,8,2,2018-08-02T09:06,True,Gera Guzman,iNaturalist,http://creativecommons.org/licenses/by-nc/4.0/,Gera Guzman,https://inaturalist-open-data.s3.amazonaws.com/photos/30667438/original.jpeg,k-mexico,2024-10-25 12:58:06
original_1990628969_1.jpg,5421144,Dodonaea viscosa,4.31,"Lampornis clemenciae (R.Lesson, 1830)",2476748,31.727142,-110.880864,45.0,NORTH_AMERICA,Arizona,2019,1,30,2019-01-30T17:50:17,True,michaellynch,iNaturalist,http://creativecommons.org/licenses/by-nc/4.0/,michaellynch,https://inaturalist-open-data.s3.amazonaws.com/photos/30840709/original.jpg; https://inaturalist-open-data.s3.amazonaws.com/photos/30840725/original.jpg,k-southwestern-u-s-a,2024-10-25 12:58:08
original_1990628969_2.jpg,2882610,Arctostaphylos tomentosa,2.876,"Lampornis clemenciae (R.Lesson, 1830)",2476748,31.727142,-110.880864,45.0,NORTH_AMERICA,Arizona,2019,1,30,2019-01-30T17:50:17,True,michaellynch,iNaturalist,http://creativecommons.org/licenses/by-nc/4.0/,michaellynch,https://inaturalist-open-data.s3.amazonaws.com/photos/30840709/original.jpg; https://inaturalist-open-data.s3.amazonaws.com/photos/30840725/original.jpg,k-southwestern-u-s-a,2024-10-25 12:58:11
original_1990633371_1.jpeg,5349775,Erythrina berteroana,2.493,"Lampornis clemenciae (R.Lesson, 1830)",2476748,23.568742,-105.854526,286.0,NORTH_AMERICA,Sinaloa,2018,3,21,2018-03-21T02:57,True,APFF Meseta de Cacaxtla,iNaturalist,http://creativecommons.org/licenses/by-nc/4.0/,APFF Meseta de Cacaxtla,https://inaturalist-open-data.s3.amazonaws.com/photos/30865007/original.jpeg,k-mexico,2024-10-25 12:58:13
original_1993741926_1.jpg,5389275,Hazardia squarrosa,2.088,"Lampornis clemenciae (R.Lesson, 1830)",2476748,31.725142,-110.880072,198.0,NORTH_AMERICA,Arizona,2019,2,2,2019-02-02T15:00,True,Gregory Greene,iNaturalist,http://creativecommons.org/licenses/by-nc/4.0/,Gregory Greene,https://inaturalist-open-data.s3.amazonaws.com/photos/30980851/original.jpg,k-southwestern-u-s-a,2024-10-25 12:58:18
original_2005294526_1.jpg,3086325,Piper marginatum,12.73,"Lampornis clemenciae (R.Lesson, 1830)",2476748,20.670102,-103.389728,,NORTH_AMERICA,Jalisco,2019,2,9,2019-02-09T08:35:09,True,Marisa,iNaturalist,http://creativecommons.org/licenses/by-nc/4.0/,Marisa,https://inaturalist-open-data.s3.amazonaws.com/photos/31219498/original.jpg,k-mexico,2024-10-25 12:58:23
original_2005338346_2.jpeg,2684633,Juniperus monosperma,0.741,"Lampornis clemenciae (R.Lesson, 1830)",2476748,23.911003,-105.059158,10.0,NORTH_AMERICA,Durango,2018,7,18,2018-07-18T09:18,True,Francisco Ortiz Navarro,iNaturalist,http://creativecommons.org/licenses/by-nc/4.0/,Francisco Ortiz Navarro,https://inaturalist-open-data.s3.amazonaws.com/photos/31415384/original.jpeg; https://inaturalist-open-data.s3.amazonaws.com/photos/31415410/original.jpeg; https://inaturalist-open-data.s3.amazonaws.com/photos/31415459/original.jpeg; https://inaturalist-open-data.s3.amazonaws.com/photos/31415474/original.jpeg; https://inaturalist-open-data.s3.amazonaws.com/photos/31415494/original.jpeg; https://inaturalist-open-data.s3.amazonaws.com/photos/31415512/original.jpeg,k-mexico,2024-10-25 12:58:31
original_2005338346_3.jpeg,2684391,Juniperus virginiana,3.71,"Lampornis clemenciae (R.Lesson, 1830)",2476748,23.911003,-105.059158,10.0,NORTH_AMERICA,Durango,2018,7,18,2018-07-18T09:18,True,Francisco Ortiz Navarro,iNaturalist,http://creativecommons.org/licenses/by-nc/4.0/,Francisco Ortiz Navarro,https://inaturalist-open-data.s3.amazonaws.com/photos/31415384/original.jpeg; https://inaturalist-open-data.s3.amazonaws.com/photos/31415410/original.jpeg; https://inaturalist-open-data.s3.amazonaws.com/photos/31415459/original.jpeg; https://inaturalist-open-data.s3.amazonaws.com/photos/31415474/original.jpeg; https://inaturalist-open-data.s3.amazonaws.com/photos/31415494/original.jpeg; https://inaturalist-open-data.s3.amazonaws.com/photos/31415512/original.jpeg,k-mexico,2024-10-25 12:58:34
original_2005338346_5.jpeg,2684391,Juniperus virginiana,1.349,"Lampornis clemenciae (R.Lesson, 1830)",2476748,23.911003,-105.059158,10.0,NORTH_AMERICA,Durango,2018,7,18,2018-07-18T09:18,True,Francisco Ortiz Navarro,iNaturalist,http://creativecommons.org/licenses/by-nc/4.0/,Francisco Ortiz Navarro,https://inaturalist-open-data.s3.amazonaws.com/photos/31415384/original.jpeg; https://inaturalist-open-data.s3.amazonaws.com/photos/31415410/original.jpeg; https://inaturalist-open-data.s3.amazonaws.com/photos/31415459/original.jpeg; https://inaturalist-open-data.s3.amazonaws.com/photos/31415474/original.jpeg; https://inaturalist-open-data.s3.amazonaws.com/photos/31415494/original.jpeg; https://inaturalist-open-data.s3.amazonaws.com/photos/31415512/original.jpeg,k-mexico,2024-10-25 12:58:38
original_2005338346_6.jpeg,2684633,Juniperus monosperma,2.2270000000000003,"Lampornis clemenciae (R.Lesson, 1830)",2476748,23.911003,-105.059158,10.0,NORTH_AMERICA,Durango,2018,7,18,2018-07-18T09:18,True,Francisco Ortiz Navarro,iNaturalist,http://creativecommons.org/licenses/by-nc/4.0/,Francisco Ortiz Navarro,https://inaturalist-open-data.s3.amazonaws.com/photos/31415384/original.jpeg; https://inaturalist-open-data.s3.amazonaws.com/photos/31415410/original.jpeg; https://inaturalist-open-data.s3.amazonaws.com/photos/31415459/original.jpeg; https://inaturalist-open-data.s3.amazonaws.com/photos/31415474/original.jpeg; https://inaturalist-open-data.s3.amazonaws.com/photos/31415494/original.jpeg; https://inaturalist-open-data.s3.amazonaws.com/photos/31415512/original.jpeg,k-mexico,2024-10-25 12:58:40
original_2006027701_1.jpeg,5412613,Centropogon cornutus,4.031,"Lampornis clemenciae (R.Lesson, 1830)",2476748,19.365049,-102.294291,62.0,NORTH_AMERICA,Michoacán,2018,3,3,2018-03-03,True,Omar Lopez Samperio,iNaturalist,http://creativecommons.org/licenses/by-nc/4.0/,Omar Lopez Samperio,https://inaturalist-open-data.s3.amazonaws.com/photos/13920490/original.jpeg; https://inaturalist-open-data.s3.amazonaws.com/photos/13920494/original.jpeg; https://inaturalist-open-data.s3.amazonaws.com/photos/13920496/original.jpeg,k-mexico,2024-10-25 12:58:42
original_2006027701_2.jpeg,5412613,Centropogon cornutus,8.631,"Lampornis clemenciae (R.Lesson, 1830)",2476748,19.365049,-102.294291,62.0,NORTH_AMERICA,Michoacán,2018,3,3,2018-03-03,True,Omar Lopez Samperio,iNaturalist,http://creativecommons.org/licenses/by-nc/4.0/,Omar Lopez Samperio,https://inaturalist-open-data.s3.amazonaws.com/photos/13920490/original.jpeg; https://inaturalist-open-data.s3.amazonaws.com/photos/13920494/original.jpeg; https://inaturalist-open-data.s3.amazonaws.com/photos/13920496/original.jpeg,k-mexico,2024-10-25 12:58:45
original_2006027701_3.jpeg,5412613,Centropogon cornutus,4.8309999999999995,"Lampornis clemenciae (R.Lesson, 1830)",2476748,19.365049,-102.294291,62.0,NORTH_AMERICA,Michoacán,2018,3,3,2018-03-03,True,Omar Lopez Samperio,iNaturalist,http://creativecommons.org/licenses/by-nc/4.0/,Omar Lopez Samperio,https://inaturalist-open-data.s3.amazonaws.com/photos/13920490/original.jpeg; https://inaturalist-open-data.s3.amazonaws.com/photos/13920494/original.jpeg; https://inaturalist-open-data.s3.amazonaws.com/photos/13920496/original.jpeg,k-mexico,2024-10-25 12:58:47
original_2006027961_1.jpeg,2988162,Pyracantha koidzumii,8.866,"Lampornis clemenciae (R.Lesson, 1830)",2476748,19.295638,-99.171108,,NORTH_AMERICA,Distrito Federal,2018,3,28,2018-03-28T18:28,True,Alberto,iNaturalist,http://creativecommons.org/licenses/by-nc-nd/4.0/,Alberto,https://inaturalist-open-data.s3.amazonaws.com/photos/14813728/original.jpeg,k-mexico,2024-10-25 12:58:50
original_2006029095_2.jpg,3189866,Acer negundo,1.87,"Lampornis clemenciae (R.Lesson, 1830)",2476748,31.999388,-109.271714,92.0,NORTH_AMERICA,Arizona,2018,4,15,2018-04-15T11:08:07,True,Max Leibowitz,iNaturalist,http://creativecommons.org/licenses/by-nc/4.0/,Max Leibowitz,https://inaturalist-open-data.s3.amazonaws.com/photos/17675911/original.jpg; https://inaturalist-open-data.s3.amazonaws.com/photos/17675914/original.jpg,k-southwestern-u-s-a,2024-10-25 12:58:54
original_2006035948_1.jpg,2882564,Arctostaphylos pallida,2.235,"Lampornis clemenciae (R.Lesson, 1830)",2476748,31.725099,-110.880305,5.0,NORTH_AMERICA,Arizona,2019,1,13,2019-01-13T12:40:37,True,Max Leibowitz,iNaturalist,http://creativecommons.org/licenses/by-nc/4.0/,Max Leibowitz,https://inaturalist-open-data.s3.amazonaws.com/photos/30636081/original.jpg,k-southwestern-u-s-a,2024-10-25 12:58:56
original_2006041161_2.jpg,5289709,Setaria sphacelata,2.598,"Lampornis clemenciae (R.Lesson, 1830)",2476748,31.725085,-110.880373,,NORTH_AMERICA,Arizona,2019,2,17,2019-02-17T11:39,True,BJ Stacey,iNaturalist,http://creativecommons.org/licenses/by-nc/4.0/,BJ Stacey,https://inaturalist-open-data.s3.amazonaws.com/photos/31717984/original.jpg; https://inaturalist-open-data.s3.amazonaws.com/photos/31717985/original.jpg,k-southwestern-u-s-a,2024-10-25 12:59:01
original_2006041166_1.jpg,5421144,Dodonaea viscosa,1.46,"Lampornis clemenciae (R.Lesson, 1830)",2476748,31.724992,-110.88034,,NORTH_AMERICA,Arizona,2019,2,17,2019-02-17T11:42,True,BJ Stacey,iNaturalist,http://creativecommons.org/licenses/by-nc/4.0/,BJ Stacey,https://inaturalist-open-data.s3.amazonaws.com/photos/31718001/original.jpg,k-southwestern-u-s-a,2024-10-25 12:59:04
original_2028475838_2.jpeg,5285621,Pinus monticola,14.374999999999998,"Lampornis clemenciae (R.Lesson, 1830)",2476748,31.904385,-109.156233,14.0,NORTH_AMERICA,Arizona,2019,3,10,2019-03-10T15:44,True,Annika Lindqvist,iNaturalist,http://creativecommons.org/licenses/by/4.0/,Annika Lindqvist,https://inaturalist-open-data.s3.amazonaws.com/photos/32992362/original.jpeg; https://inaturalist-open-data.s3.amazonaws.com/photos/32992363/original.jpeg,k-southwestern-u-s-a,2024-10-25 12:59:16
original_2028487909_2.jpg,3084023,Phytolacca icosandra,90.769,"Lampornis clemenciae (R.Lesson, 1830)",2476748,19.513663,-99.257158,8.0,NORTH_AMERICA,México,2019,3,15,2019-03-15,True,iluro,iNaturalist,http://creativecommons.org/licenses/by-nc/4.0/,iluro,https://inaturalist-open-data.s3.amazonaws.com/photos/33054372/original.jpg; https://inaturalist-open-data.s3.amazonaws.com/photos/33054379/original.jpg,k-mexico,2024-10-25 12:59:22
original_2236273369_1.jpeg,2877992,Quercus arizonica,42.047000000000004,"Lampornis clemenciae (R.Lesson, 1830)",2476748,31.88345,-109.205768,207.0,NORTH_AMERICA,Arizona,2019,4,6,2019-04-06T17:18,True,Julie Pearce,iNaturalist,http://creativecommons.org/licenses/by-nc/4.0/,Julie Pearce,https://inaturalist-open-data.s3.amazonaws.com/photos/34463638/original.jpeg; https://inaturalist-open-data.s3.amazonaws.com/photos/34463647/original.jpeg,k-southwestern-u-s-a,2024-10-25 12:59:34
original_2236273369_2.jpeg,2877992,Quercus arizonica,45.515,"Lampornis clemenciae (R.Lesson, 1830)",2476748,31.88345,-109.205768,207.0,NORTH_AMERICA,Arizona,2019,4,6,2019-04-06T17:18,True,Julie Pearce,iNaturalist,http://creativecommons.org/licenses/by-nc/4.0/,Julie Pearce,https://inaturalist-open-data.s3.amazonaws.com/photos/34463638/original.jpeg; https://inaturalist-open-data.s3.amazonaws.com/photos/34463647/original.jpeg,k-southwestern-u-s-a,2024-10-25 12:59:36
original_2236840942_1.jpg,2887069,Sideroxylon lanuginosum,10.173,"Lampornis clemenciae (R.Lesson, 1830)",2476748,31.891702,-109.211001,244.0,NORTH_AMERICA,Arizona,2019,4,5,2019-04-05T08:35,True,Casey Weissburg,iNaturalist,http://creativecommons.org/licenses/by-nc/4.0/,Casey Weissburg,https://inaturalist-open-data.s3.amazonaws.com/photos/34625444/original.jpg,k-southwestern-u-s-a,2024-10-25 12:59:51
original_2237433486_1.jpg,7282285,Pachycereus pringlei,4.331,"Lampornis clemenciae (R.Lesson, 1830)",2476748,19.463442,-99.598983,,NORTH_AMERICA,México,2019,4,15,2019-04-15T15:18,True,javier_quiroz,iNaturalist,http://creativecommons.org/licenses/by-nc/4.0/,javier_quiroz,https://inaturalist-open-data.s3.amazonaws.com/photos/35154478/original.jpg; https://inaturalist-open-data.s3.amazonaws.com/photos/35154490/original.jpg,k-mexico,2024-10-25 12:59:58
original_2237433486_2.jpg,7282285,Pachycereus pringlei,3.8699999999999997,"Lampornis clemenciae (R.Lesson, 1830)",2476748,19.463442,-99.598983,,NORTH_AMERICA,México,2019,4,15,2019-04-15T15:18,True,javier_quiroz,iNaturalist,http://creativecommons.org/licenses/by-nc/4.0/,javier_quiroz,https://inaturalist-open-data.s3.amazonaws.com/photos/35154478/original.jpg; https://inaturalist-open-data.s3.amazonaws.com/photos/35154490/original.jpg,k-mexico,2024-10-25 13:00:00
original_2237472145_1.jpeg,2959492,Gleditsia aquatica,0.606,"Lampornis clemenciae (R.Lesson, 1830)",2476748,19.115455,-98.002194,30598.0,NORTH_AMERICA,Puebla,2019,4,21,2019-04-21T14:16,True,Bodo Nuñez Oberg,iNaturalist,http://creativecommons.org/licenses/by-nc/4.0/,Bodo Nuñez Oberg,https://inaturalist-open-data.s3.amazonaws.com/photos/35391810/original.jpeg,k-mexico,2024-10-25 13:00:05
original_2238933206_1.jpeg,3189866,Acer negundo,16.911,"Lampornis clemenciae (R.Lesson, 1830)",2476748,25.39475,-100.13328,15.0,NORTH_AMERICA,Nuevo León,2019,4,28,2019-04-28T08:55,True,Rafael Torres Ramírez,iNaturalist,http://creativecommons.org/licenses/by-sa/4.0/,Rafael Torres Ramírez,https://inaturalist-open-data.s3.amazonaws.com/photos/36845807/original.jpeg,k-mexico,2024-10-25 13:00:08
original_2238961832_1.jpg,3172327,Fraxinus americana,14.642,"Lampornis clemenciae (R.Lesson, 1830)",2476748,19.283982,-99.181608,191.0,NORTH_AMERICA,Distrito Federal,2019,4,26,2019-04-26T11:58,True,Luis Correa,iNaturalist,http://creativecommons.org/licenses/by/4.0/,Luis Correa,https://inaturalist-open-data.s3.amazonaws.com/photos/37069625/original.jpg,k-mexico,2024-10-25 13:00:10
original_2238966338_1.jpeg,2929617,Solanum chrysotrichum,1.4789999999999999,"Lampornis clemenciae (R.Lesson, 1830)",2476748,25.618744,-100.360241,202.0,NORTH_AMERICA,Nuevo León,2019,4,29,2019-04-29T10:48,True,margaritagarciab,iNaturalist,http://creativecommons.org/licenses/by-nc/4.0/,margaritagarciab,https://inaturalist-open-data.s3.amazonaws.com/photos/37127568/original.jpeg,k-mexico,2024-10-25 13:00:12
original_2239031648_1.jpg,2878171,Quercus emoryi,1.994,"Lampornis clemenciae (R.Lesson, 1830)",2476748,27.184389,-108.155361,1929.0,NORTH_AMERICA,Chihuahua,2019,4,14,2019-04-14T14:51,True,Efraín Téllez,iNaturalist,http://creativecommons.org/licenses/by-nc/4.0/,Efraín Téllez,https://inaturalist-open-data.s3.amazonaws.com/photos/37592338/original.jpg,k-mexico,2024-10-25 13:00:16
original_2251831502_1.jpg,5372984,Salix bonplandiana,6.295000000000001,"Lampornis clemenciae (R.Lesson, 1830)",2476748,31.927306,-109.167006,29173.0,NORTH_AMERICA,Arizona,2019,3,28,2019-03-28T09:24,True,Lee Elliott,iNaturalist,http://creativecommons.org/licenses/by-nc-sa/4.0/,Lee Elliott,https://inaturalist-open-data.s3.amazonaws.com/photos/34304294/original.jpg,k-southwestern-u-s-a,2024-10-25 13:00:31
original_2251834936_1.jpg,2878674,Quercus berberidifolia,14.102,"Lampornis clemenciae (R.Lesson, 1830)",2476748,31.874007,-109.183663,,NORTH_AMERICA,Arizona,2019,4,20,2019-04-20T08:49,True,Carol Blaney,iNaturalist,http://creativecommons.org/licenses/by-nc/4.0/,Carol Blaney,https://inaturalist-open-data.s3.amazonaws.com/photos/35797521/original.jpg,k-southwestern-u-s-a,2024-10-25 13:00:34
original_2252003245_1.jpeg,3040232,Populus deltoides,4.645,"Lampornis clemenciae (R.Lesson, 1830)",2476748,31.883311,-109.205262,14.0,NORTH_AMERICA,Arizona,2019,5,16,2019-05-16T14:39,True,Kenneth Bader,iNaturalist,http://creativecommons.org/licenses/by-nc/4.0/,Kenneth Bader,https://inaturalist-open-data.s3.amazonaws.com/photos/40657491/original.jpeg,k-southwestern-u-s-a,2024-10-25 13:00:45
original_2252025175_1.jpeg,2877984,Quercus affinis,3.344,"Lampornis clemenciae (R.Lesson, 1830)",2476748,19.791939,-102.28695,787.0,NORTH_AMERICA,Michoacán,2019,5,29,2019-05-29T13:28,True,Ricardo Arredondo T.,iNaturalist,http://creativecommons.org/licenses/by-nc/4.0/,Ricardo Arredondo T.,https://inaturalist-open-data.s3.amazonaws.com/photos/40805397/original.jpeg; https://inaturalist-open-data.s3.amazonaws.com/photos/40805423/original.jpeg,k-mexico,2024-10-25 13:00:47
original_2252025175_2.jpeg,2695007,Tillandsia erubescens,1.494,"Lampornis clemenciae (R.Lesson, 1830)",2476748,19.791939,-102.28695,787.0,NORTH_AMERICA,Michoacán,2019,5,29,2019-05-29T13:28,True,Ricardo Arredondo T.,iNaturalist,http://creativecommons.org/licenses/by-nc/4.0/,Ricardo Arredondo T.,https://inaturalist-open-data.s3.amazonaws.com/photos/40805397/original.jpeg; https://inaturalist-open-data.s3.amazonaws.com/photos/40805423/original.jpeg,k-mexico,2024-10-25 13:00:49
original_2252032165_1.jpg,2988222,Pyracantha angustifolia,7.001,"Lampornis clemenciae (R.Lesson, 1830)",2476748,31.725212,-110.880158,5.0,NORTH_AMERICA,Arizona,2019,1,13,2019-01-13T14:32:34,True,mbstevens,iNaturalist,http://creativecommons.org/licenses/by-nc/4.0/,mbstevens,https://inaturalist-open-data.s3.amazonaws.com/photos/40861416/original.jpg; https://inaturalist-open-data.s3.amazonaws.com/photos/40861428/original.jpg,k-southwestern-u-s-a,2024-10-25 13:00:52
original_2252032165_2.jpg,2988222,Pyracantha angustifolia,6.624,"Lampornis clemenciae (R.Lesson, 1830)",2476748,31.725212,-110.880158,5.0,NORTH_AMERICA,Arizona,2019,1,13,2019-01-13T14:32:34,True,mbstevens,iNaturalist,http://creativecommons.org/licenses/by-nc/4.0/,mbstevens,https://inaturalist-open-data.s3.amazonaws.com/photos/40861416/original.jpg; https://inaturalist-open-data.s3.amazonaws.com/photos/40861428/original.jpg,k-southwestern-u-s-a,2024-10-25 13:00:55
original_2252035833_1.jpg,2874570,Cucumis melo,0.306,"Lampornis clemenciae (R.Lesson, 1830)",2476748,19.442924,-99.323433,30562.0,NORTH_AMERICA,Distrito Federal,2019,6,3,2019-06-03T11:52:48Z,True,marianacg,iNaturalist,http://creativecommons.org/licenses/by-nc/4.0/,marianacg,https://inaturalist-open-data.s3.amazonaws.com/photos/40879922/original.jpg,k-mexico,2024-10-25 13:00:58
original_2283052975_1.jpg,2959492,Gleditsia aquatica,6.8580000000000005,"Lampornis clemenciae (R.Lesson, 1830)",2476748,29.240905,-103.297487,,NORTH_AMERICA,Texas,2019,6,20,2019-06-20T10:44,True,Lee Hoy,iNaturalist,http://creativecommons.org/licenses/by-nc-nd/4.0/,Lee Hoy,https://inaturalist-open-data.s3.amazonaws.com/photos/43307434/original.jpg,k-south-central-u-s-a,2024-10-25 13:01:05
original_2283103574_1.jpg,2889836,Arceuthobium campylopodum,10.748000000000001,"Lampornis clemenciae (R.Lesson, 1830)",2476748,28.167642,-108.20853,,NORTH_AMERICA,Chihuahua,2019,6,29,2019-06-29T11:01,True,Marisa,iNaturalist,http://creativecommons.org/licenses/by-nc/4.0/,Marisa,https://inaturalist-open-data.s3.amazonaws.com/photos/43617784/original.jpg; https://inaturalist-open-data.s3.amazonaws.com/photos/43617792/original.jpg; https://inaturalist-open-data.s3.amazonaws.com/photos/43617801/original.jpg; https://inaturalist-open-data.s3.amazonaws.com/photos/43617811/original.jpg,k-mexico,2024-10-25 13:01:07
original_2283103574_2.jpg,5284989,Pinus lambertiana,16.219,"Lampornis clemenciae (R.Lesson, 1830)",2476748,28.167642,-108.20853,,NORTH_AMERICA,Chihuahua,2019,6,29,2019-06-29T11:01,True,Marisa,iNaturalist,http://creativecommons.org/licenses/by-nc/4.0/,Marisa,https://inaturalist-open-data.s3.amazonaws.com/photos/43617784/original.jpg; https://inaturalist-open-data.s3.amazonaws.com/photos/43617792/original.jpg; https://inaturalist-open-data.s3.amazonaws.com/photos/43617801/original.jpg; https://inaturalist-open-data.s3.amazonaws.com/photos/43617811/original.jpg,k-mexico,2024-10-25 13:01:08
original_2283103574_3.jpg,5285497,Pinus attenuata,12.628,"Lampornis clemenciae (R.Lesson, 1830)",2476748,28.167642,-108.20853,,NORTH_AMERICA,Chihuahua,2019,6,29,2019-06-29T11:01,True,Marisa,iNaturalist,http://creativecommons.org/licenses/by-nc/4.0/,Marisa,https://inaturalist-open-data.s3.amazonaws.com/photos/43617784/original.jpg; https://inaturalist-open-data.s3.amazonaws.com/photos/43617792/original.jpg; https://inaturalist-open-data.s3.amazonaws.com/photos/43617801/original.jpg; https://inaturalist-open-data.s3.amazonaws.com/photos/43617811/original.jpg,k-mexico,2024-10-25 13:01:10
original_2283103574_4.jpg,5284989,Pinus lambertiana,21.747,"Lampornis clemenciae (R.Lesson, 1830)",2476748,28.167642,-108.20853,,NORTH_AMERICA,Chihuahua,2019,6,29,2019-06-29T11:01,True,Marisa,iNaturalist,http://creativecommons.org/licenses/by-nc/4.0/,Marisa,https://inaturalist-open-data.s3.amazonaws.com/photos/43617784/original.jpg; https://inaturalist-open-data.s3.amazonaws.com/photos/43617792/original.jpg; https://inaturalist-open-data.s3.amazonaws.com/photos/43617801/original.jpg; https://inaturalist-open-data.s3.amazonaws.com/photos/43617811/original.jpg,k-mexico,2024-10-25 13:01:12
original_2283181589_3.jpg,5372708,Salix gooddingii,2.63,"Lampornis clemenciae (R.Lesson, 1830)",2476748,27.536763,-107.822896,15.0,NORTH_AMERICA,Chihuahua,2019,4,19,2019-04-19T10:59,True,Jaime Robles,iNaturalist,http://creativecommons.org/licenses/by-nc/4.0/,Jaime Robles,https://inaturalist-open-data.s3.amazonaws.com/photos/44068722/original.jpg; https://inaturalist-open-data.s3.amazonaws.com/photos/44068828/original.jpg; https://inaturalist-open-data.s3.amazonaws.com/photos/44068855/original.jpg,k-mexico,2024-10-25 13:01:17
original_2283231425_1.jpeg,2927045,Salvia microphylla,27.301,"Lampornis clemenciae (R.Lesson, 1830)",2476748,31.929812,-109.382285,1841.0,NORTH_AMERICA,Arizona,2015,8,29,2015-08-29T19:43,True,lrussoutk,iNaturalist,http://creativecommons.org/licenses/by-nc/4.0/,lrussoutk,https://inaturalist-open-data.s3.amazonaws.com/photos/44369285/original.jpeg; https://inaturalist-open-data.s3.amazonaws.com/photos/44369292/original.jpeg,k-southwestern-u-s-a,2024-10-25 13:01:19
original_2283231425_2.jpeg,5289423,Typha latifolia,2.884,"Lampornis clemenciae (R.Lesson, 1830)",2476748,31.929812,-109.382285,1841.0,NORTH_AMERICA,Arizona,2015,8,29,2015-08-29T19:43,True,lrussoutk,iNaturalist,http://creativecommons.org/licenses/by-nc/4.0/,lrussoutk,https://inaturalist-open-data.s3.amazonaws.com/photos/44369285/original.jpeg; https://inaturalist-open-data.s3.amazonaws.com/photos/44369292/original.jpeg,k-southwestern-u-s-a,2024-10-25 13:01:21
original_2283255116_1.jpeg,5372392,Vitis vinifera,3.205,"Lampornis clemenciae (R.Lesson, 1830)",2476748,31.725025,-110.880353,,NORTH_AMERICA,Arizona,2019,1,10,2019-01-10,True,rccarl,iNaturalist,http://creativecommons.org/licenses/by-nc/4.0/,rccarl,https://inaturalist-open-data.s3.amazonaws.com/photos/44499036/original.jpeg,k-southwestern-u-s-a,2024-10-25 13:01:24
original_2294415907_1.jpg,5570117,Morus celtidifolia,18.265,"Lampornis clemenciae (R.Lesson, 1830)",2476748,19.049335,-98.155184,,NORTH_AMERICA,Puebla,2019,5,12,2019-05-12T10:34,True,montesergio,iNaturalist,http://creativecommons.org/licenses/by-nc/4.0/,montesergio,https://inaturalist-open-data.s3.amazonaws.com/photos/38788180/original.jpg,k-mexico,2024-10-25 13:01:26
original_2294466982_1.jpg,2684391,Juniperus virginiana,1.1280000000000001,"Lampornis clemenciae (R.Lesson, 1830)",2476748,29.258467,-103.359487,29508.0,NORTH_AMERICA,Texas,2013,7,1,2013-07-01T10:42,True,Bryan Box,iNaturalist,http://creativecommons.org/licenses/by-nc/4.0/,Bryan Box,https://inaturalist-open-data.s3.amazonaws.com/photos/44777367/original.jpg,k-south-central-u-s-a,2024-10-25 13:01:36
original_2294649706_1.jpg,2878171,Quercus emoryi,92.06,"Lampornis clemenciae (R.Lesson, 1830)",2476748,29.275175,-103.305422,129.0,NORTH_AMERICA,Texas,2019,7,20,2019-07-20T17:16,True,Bill Wright,iNaturalist,http://creativecommons.org/licenses/by-nc/4.0/,Bill Wright,https://inaturalist-open-data.s3.amazonaws.com/photos/45881181/original.jpg; https://inaturalist-open-data.s3.amazonaws.com/photos/45881196/original.jpg,k-south-central-u-s-a,2024-10-25 13:01:40
original_2294649706_2.jpg,2878171,Quercus emoryi,89.211,"Lampornis clemenciae (R.Lesson, 1830)",2476748,29.275175,-103.305422,129.0,NORTH_AMERICA,Texas,2019,7,20,2019-07-20T17:16,True,Bill Wright,iNaturalist,http://creativecommons.org/licenses/by-nc/4.0/,Bill Wright,https://inaturalist-open-data.s3.amazonaws.com/photos/45881181/original.jpg; https://inaturalist-open-data.s3.amazonaws.com/photos/45881196/original.jpg,k-south-central-u-s-a,2024-10-25 13:01:43
original_2311319051_1.jpg,2766780,Agave striata,2.231,"Lampornis clemenciae (R.Lesson, 1830)",2476748,23.825926,-99.883217,,NORTH_AMERICA,Nuevo León,2019,7,16,2019-07-16T14:58,True,Roberto González,iNaturalist,http://creativecommons.org/licenses/by-nc/4.0/,Roberto González,https://inaturalist-open-data.s3.amazonaws.com/photos/46157370/original.jpg; https://inaturalist-open-data.s3.amazonaws.com/photos/46210971/original.jpg,k-mexico,2024-10-25 13:01:48
original_2311319051_2.jpg,2766780,Agave striata,1.8739999999999999,"Lampornis clemenciae (R.Lesson, 1830)",2476748,23.825926,-99.883217,,NORTH_AMERICA,Nuevo León,2019,7,16,2019-07-16T14:58,True,Roberto González,iNaturalist,http://creativecommons.org/licenses/by-nc/4.0/,Roberto González,https://inaturalist-open-data.s3.amazonaws.com/photos/46157370/original.jpg; https://inaturalist-open-data.s3.amazonaws.com/photos/46210971/original.jpg,k-mexico,2024-10-25 13:01:50
original_2311380374_1.jpeg,5358538,Prosopis velutina,1.812,"Lampornis clemenciae (R.Lesson, 1830)",2476748,31.873832,-109.18335,,NORTH_AMERICA,Arizona,2019,7,26,2019-07-26T07:13,True,Andy Bridges,iNaturalist,http://creativecommons.org/licenses/by-nc/4.0/,Andy Bridges,https://inaturalist-open-data.s3.amazonaws.com/photos/46548075/original.jpeg,k-southwestern-u-s-a,2024-10-25 13:01:55
original_2311401997_1.jpg,3874338,Fouquieria diguetii,4.1930000000000005,"Lampornis clemenciae (R.Lesson, 1830)",2476748,19.469675,-99.59578,,NORTH_AMERICA,México,2019,7,29,2019-07-29T11:29,True,javier_quiroz,iNaturalist,http://creativecommons.org/licenses/by-nc/4.0/,javier_quiroz,https://inaturalist-open-data.s3.amazonaws.com/photos/46671613/original.jpg; https://inaturalist-open-data.s3.amazonaws.com/photos/46671631/original.jpg; https://inaturalist-open-data.s3.amazonaws.com/photos/46671655/original.jpg,k-mexico,2024-10-25 13:02:02
original_2311401997_2.jpg,3874338,Fouquieria diguetii,9.943,"Lampornis clemenciae (R.Lesson, 1830)",2476748,19.469675,-99.59578,,NORTH_AMERICA,México,2019,7,29,2019-07-29T11:29,True,javier_quiroz,iNaturalist,http://creativecommons.org/licenses/by-nc/4.0/,javier_quiroz,https://inaturalist-open-data.s3.amazonaws.com/photos/46671613/original.jpg; https://inaturalist-open-data.s3.amazonaws.com/photos/46671631/original.jpg; https://inaturalist-open-data.s3.amazonaws.com/photos/46671655/original.jpg,k-mexico,2024-10-25 13:02:05
original_2311401997_3.jpg,3020610,Prunus ilicifolia,1.9980000000000002,"Lampornis clemenciae (R.Lesson, 1830)",2476748,19.469675,-99.59578,,NORTH_AMERICA,México,2019,7,29,2019-07-29T11:29,True,javier_quiroz,iNaturalist,http://creativecommons.org/licenses/by-nc/4.0/,javier_quiroz,https://inaturalist-open-data.s3.amazonaws.com/photos/46671613/original.jpg; https://inaturalist-open-data.s3.amazonaws.com/photos/46671631/original.jpg; https://inaturalist-open-data.s3.amazonaws.com/photos/46671655/original.jpg,k-mexico,2024-10-25 13:02:07
original_2311417859_1.jpeg,2684391,Juniperus virginiana,2.864,"Lampornis clemenciae (R.Lesson, 1830)",2476748,29.32378,-108.21142,10.0,NORTH_AMERICA,Chihuahua,2017,9,13,2017-09-13T10:40,True,Javier Cruz Nieto,iNaturalist,http://creativecommons.org/licenses/by-nc/4.0/,Javier Cruz Nieto,https://inaturalist-open-data.s3.amazonaws.com/photos/46764376/original.jpeg,k-mexico,2024-10-25 13:02:10
original_2331856835_1.jpg,5275202,Trichomanes pinnatum,1.762,"Lampornis clemenciae (R.Lesson, 1830)",2476748,29.473936,-108.662999,5.0,NORTH_AMERICA,Chihuahua,2016,6,10,2016-06-10T07:37,True,Javier Cruz Nieto,iNaturalist,http://creativecommons.org/licenses/by-nc/4.0/,Javier Cruz Nieto,https://inaturalist-open-data.s3.amazonaws.com/photos/46902978/original.jpg,k-mexico,2024-10-25 13:02:12
original_2331864417_1.jpg,2766986,Agave seemanniana,23.325000000000003,"Lampornis clemenciae (R.Lesson, 1830)",2476748,25.273879,-100.227992,4.0,NORTH_AMERICA,Nuevo León,2019,7,28,2019-07-28T08:33,True,Roberto González,iNaturalist,http://creativecommons.org/licenses/by-nc/4.0/,Roberto González,https://inaturalist-open-data.s3.amazonaws.com/photos/46945850/original.jpg,k-mexico,2024-10-25 13:02:15
original_2350333228_1.jpg,5284917,Picea engelmannii,0.459,"Lampornis clemenciae (R.Lesson, 1830)",2476748,25.217897,-100.383511,,NORTH_AMERICA,Coahuila,2019,8,6,2019-08-06T08:13,True,Roberto González,iNaturalist,http://creativecommons.org/licenses/by-nc/4.0/,Roberto González,https://inaturalist-open-data.s3.amazonaws.com/photos/47599360/original.jpg,k-mexico,2024-10-25 13:02:20
original_2397595895_1.jpg,7309092,Salvia fulgens,14.904,"Lampornis clemenciae (R.Lesson, 1830)",2476748,24.871483,-100.2244,,NORTH_AMERICA,Nuevo León,2019,8,13,2019-08-13T10:07,True,Roberto González,iNaturalist,http://creativecommons.org/licenses/by-nc/4.0/,Roberto González,https://inaturalist-open-data.s3.amazonaws.com/photos/49600797/original.jpg,k-mexico,2024-10-25 13:02:28
original_2422907489_1.jpeg,2887069,Sideroxylon lanuginosum,6.664000000000001,"Lampornis clemenciae (R.Lesson, 1830)",2476748,31.905529,-109.155414,345.0,NORTH_AMERICA,Arizona,2019,7,23,2019-07-23T08:03,True,Oliver Burrus,iNaturalist,http://creativecommons.org/licenses/by-nc-sa/4.0/,Oliver Burrus,https://inaturalist-open-data.s3.amazonaws.com/photos/50334979/original.jpeg,k-southwestern-u-s-a,2024-10-25 13:02:47
original_2422907625_1.jpeg,2925403,Avicennia marina,0.75,"Lampornis clemenciae (R.Lesson, 1830)",2476748,31.914419,-109.144341,8.0,NORTH_AMERICA,Arizona,2019,7,21,2019-07-21T18:12,True,Oliver Burrus,iNaturalist,http://creativecommons.org/licenses/by-nc-sa/4.0/,Oliver Burrus,https://inaturalist-open-data.s3.amazonaws.com/photos/50331938/original.jpeg,k-southwestern-u-s-a,2024-10-25 13:02:50
original_2422953703_1.jpg,5305033,Kniphofia uvaria,77.34100000000001,"Lampornis clemenciae (R.Lesson, 1830)",2476748,17.572114,-100.284541,951.0,NORTH_AMERICA,Guerrero,2019,9,4,2019-09-04T14:22:37Z,True,Gustavo Sandoval,iNaturalist,http://creativecommons.org/licenses/by-nc/4.0/,Gustavo Sandoval,https://inaturalist-open-data.s3.amazonaws.com/photos/50626950/original.jpg,k-mexico,2024-10-25 13:02:52
original_2423025909_1.jpg,3054359,Juglans major,3.102,"Lampornis clemenciae (R.Lesson, 1830)",2476748,31.883359,-109.205228,2.0,NORTH_AMERICA,Arizona,2019,9,10,2019-09-10T13:54,True,Ad Konings,iNaturalist,http://creativecommons.org/licenses/by-nc/4.0/,Ad Konings,https://inaturalist-open-data.s3.amazonaws.com/photos/51079500/original.jpg,k-southwestern-u-s-a,2024-10-25 13:02:56
original_2423035469_1.jpeg,5289756,Phalaris arundinacea,1.1809999999999998,"Lampornis clemenciae (R.Lesson, 1830)",2476748,31.883328,-109.205262,10.0,NORTH_AMERICA,Arizona,2019,9,4,2019-09-04T12:02,True,Damon Tighe,iNaturalist,http://creativecommons.org/licenses/by-nc/4.0/,Damon Tighe,https://inaturalist-open-data.s3.amazonaws.com/photos/51127022/original.jpeg; https://inaturalist-open-data.s3.amazonaws.com/photos/51127030/original.jpeg,k-southwestern-u-s-a,2024-10-25 13:02:58
original_2423035469_2.jpeg,2882564,Arctostaphylos pallida,3.6830000000000003,"Lampornis clemenciae (R.Lesson, 1830)",2476748,31.883328,-109.205262,10.0,NORTH_AMERICA,Arizona,2019,9,4,2019-09-04T12:02,True,Damon Tighe,iNaturalist,http://creativecommons.org/licenses/by-nc/4.0/,Damon Tighe,https://inaturalist-open-data.s3.amazonaws.com/photos/51127022/original.jpeg; https://inaturalist-open-data.s3.amazonaws.com/photos/51127030/original.jpeg,k-southwestern-u-s-a,2024-10-25 13:03:00
original_2423077466_1.jpeg,5285621,Pinus monticola,0.8789999999999999,"Lampornis clemenciae (R.Lesson, 1830)",2476748,31.883976,-109.206052,212.0,NORTH_AMERICA,Arizona,2019,9,14,2019-09-14T13:52,True,Chris Rohrer,iNaturalist,http://creativecommons.org/licenses/by-nc/4.0/,Chris Rohrer,https://inaturalist-open-data.s3.amazonaws.com/photos/51384665/original.jpeg,k-southwestern-u-s-a,2024-10-25 13:03:03
original_2423093267_1.jpg,2928790,Cestrum aurantiacum,1.1769999999999998,"Lampornis clemenciae (R.Lesson, 1830)",2476748,25.243499,-100.838095,48.0,NORTH_AMERICA,Coahuila,2019,9,11,2019-09-11T18:51,True,Luis Correa,iNaturalist,http://creativecommons.org/licenses/by/4.0/,Luis Correa,https://inaturalist-open-data.s3.amazonaws.com/photos/51474756/original.jpg,k-mexico,2024-10-25 13:03:06
original_2429428001_1.jpeg,3032986,Diospyros virginiana,2.2560000000000002,"Lampornis clemenciae (R.Lesson, 1830)",2476748,31.881215,-109.194215,,NORTH_AMERICA,Arizona,2019,8,28,2019-08-28T15:51,True,James Bailey,iNaturalist,http://creativecommons.org/licenses/by-nc/4.0/,James Bailey,https://inaturalist-open-data.s3.amazonaws.com/photos/53525149/original.jpeg; https://inaturalist-open-data.s3.amazonaws.com/photos/53525154/original.jpeg; https://inaturalist-open-data.s3.amazonaws.com/photos/53525158/original.jpeg,k-southwestern-u-s-a,2024-10-25 13:03:16
original_2429428001_3.jpeg,3152812,Platanus racemosa,59.986,"Lampornis clemenciae (R.Lesson, 1830)",2476748,31.881215,-109.194215,,NORTH_AMERICA,Arizona,2019,8,28,2019-08-28T15:51,True,James Bailey,iNaturalist,http://creativecommons.org/licenses/by-nc/4.0/,James Bailey,https://inaturalist-open-data.s3.amazonaws.com/photos/53525149/original.jpeg; https://inaturalist-open-data.s3.amazonaws.com/photos/53525154/original.jpeg; https://inaturalist-open-data.s3.amazonaws.com/photos/53525158/original.jpeg,k-southwestern-u-s-a,2024-10-25 13:03:19
original_2429580777_1.jpeg,2877992,Quercus arizonica,2.111,"Lampornis clemenciae (R.Lesson, 1830)",2476748,20.120102,-99.810645,61.0,NORTH_AMERICA,México,2019,10,12,2019-10-12T10:43,True,Dra. Laura Elvia Uribe Lara,iNaturalist,http://creativecommons.org/licenses/by-nc/4.0/,Dra. Laura Elvia Uribe Lara,https://inaturalist-open-data.s3.amazonaws.com/photos/54022173/original.jpeg,k-mexico,2024-10-25 13:03:22
original_2447824226_1.jpg,5349751,Erythrina americana,72.97200000000001,"Lampornis clemenciae (R.Lesson, 1830)",2476748,21.123656,-99.528043,123.0,NORTH_AMERICA,Querétaro,2015,4,29,2015-04-29,True,Ulises Torres,iNaturalist,http://creativecommons.org/licenses/by-nc/4.0/,Ulises Torres,https://inaturalist-open-data.s3.amazonaws.com/photos/1782649/original.jpg,k-mexico,2024-10-25 13:03:27
original_2447830927_1.jpeg,2694695,Tillandsia bartramii,1.391,"Lampornis clemenciae (R.Lesson, 1830)",2476748,19.397908,-99.386628,8.0,NORTH_AMERICA,México,2019,6,14,2019-06-14T13:39:15,True,León Felipe González Coronado,iNaturalist,http://creativecommons.org/licenses/by-nc/4.0/,León Felipe González Coronado,https://inaturalist-open-data.s3.amazonaws.com/photos/41940036/original.jpeg,k-mexico,2024-10-25 13:03:29
original_2447831493_1.jpeg,5305033,Kniphofia uvaria,21.135,"Lampornis clemenciae (R.Lesson, 1830)",2476748,19.78973,-100.665326,,NORTH_AMERICA,Michoacán,2019,6,17,2019-06-17T13:35,True,isabel_soria,iNaturalist,http://creativecommons.org/licenses/by-nc/4.0/,isabel_soria,https://inaturalist-open-data.s3.amazonaws.com/photos/43000709/original.jpeg,k-mexico,2024-10-25 13:03:33
original_2465243647_1.jpg,2988162,Pyracantha koidzumii,48.853,"Lampornis clemenciae (R.Lesson, 1830)",2476748,31.725037,-110.880297,9.0,NORTH_AMERICA,Arizona,2018,11,23,2018-11-23T15:27,True,Josh Cantor,iNaturalist,http://creativecommons.org/licenses/by-nc/4.0/,Josh Cantor,https://inaturalist-open-data.s3.amazonaws.com/photos/56839131/original.jpg; https://inaturalist-open-data.s3.amazonaws.com/photos/56839135/original.jpg; https://inaturalist-open-data.s3.amazonaws.com/photos/56839139/original.jpg; https://inaturalist-open-data.s3.amazonaws.com/photos/56839146/original.jpg; https://inaturalist-open-data.s3.amazonaws.com/photos/56839156/original.jpg; https://inaturalist-open-data.s3.amazonaws.com/photos/56839157/original.jpg,k-southwestern-u-s-a,2024-10-25 13:03:44
original_2465243647_3.jpg,2988162,Pyracantha koidzumii,29.43,"Lampornis clemenciae (R.Lesson, 1830)",2476748,31.725037,-110.880297,9.0,NORTH_AMERICA,Arizona,2018,11,23,2018-11-23T15:27,True,Josh Cantor,iNaturalist,http://creativecommons.org/licenses/by-nc/4.0/,Josh Cantor,https://inaturalist-open-data.s3.amazonaws.com/photos/56839131/original.jpg; https://inaturalist-open-data.s3.amazonaws.com/photos/56839135/original.jpg; https://inaturalist-open-data.s3.amazonaws.com/photos/56839139/original.jpg; https://inaturalist-open-data.s3.amazonaws.com/photos/56839146/original.jpg; https://inaturalist-open-data.s3.amazonaws.com/photos/56839156/original.jpg; https://inaturalist-open-data.s3.amazonaws.com/photos/56839157/original.jpg,k-southwestern-u-s-a,2024-10-25 13:03:48
original_2465243647_4.jpg,3190538,Rhus typhina,9.692,"Lampornis clemenciae (R.Lesson, 1830)",2476748,31.725037,-110.880297,9.0,NORTH_AMERICA,Arizona,2018,11,23,2018-11-23T15:27,True,Josh Cantor,iNaturalist,http://creativecommons.org/licenses/by-nc/4.0/,Josh Cantor,https://inaturalist-open-data.s3.amazonaws.com/photos/56839131/original.jpg; https://inaturalist-open-data.s3.amazonaws.com/photos/56839135/original.jpg; https://inaturalist-open-data.s3.amazonaws.com/photos/56839139/original.jpg; https://inaturalist-open-data.s3.amazonaws.com/photos/56839146/original.jpg; https://inaturalist-open-data.s3.amazonaws.com/photos/56839156/original.jpg; https://inaturalist-open-data.s3.amazonaws.com/photos/56839157/original.jpg,k-southwestern-u-s-a,2024-10-25 13:03:50
original_2465243647_5.jpg,5285764,Pinus torreyana,2.254,"Lampornis clemenciae (R.Lesson, 1830)",2476748,31.725037,-110.880297,9.0,NORTH_AMERICA,Arizona,2018,11,23,2018-11-23T15:27,True,Josh Cantor,iNaturalist,http://creativecommons.org/licenses/by-nc/4.0/,Josh Cantor,https://inaturalist-open-data.s3.amazonaws.com/photos/56839131/original.jpg; https://inaturalist-open-data.s3.amazonaws.com/photos/56839135/original.jpg; https://inaturalist-open-data.s3.amazonaws.com/photos/56839139/original.jpg; https://inaturalist-open-data.s3.amazonaws.com/photos/56839146/original.jpg; https://inaturalist-open-data.s3.amazonaws.com/photos/56839156/original.jpg; https://inaturalist-open-data.s3.amazonaws.com/photos/56839157/original.jpg,k-southwestern-u-s-a,2024-10-25 13:03:52
original_2465243647_6.jpg,2988188,Pyracantha coccinea,29.354999999999997,"Lampornis clemenciae (R.Lesson, 1830)",2476748,31.725037,-110.880297,9.0,NORTH_AMERICA,Arizona,2018,11,23,2018-11-23T15:27,True,Josh Cantor,iNaturalist,http://creativecommons.org/licenses/by-nc/4.0/,Josh Cantor,https://inaturalist-open-data.s3.amazonaws.com/photos/56839131/original.jpg; https://inaturalist-open-data.s3.amazonaws.com/photos/56839135/original.jpg; https://inaturalist-open-data.s3.amazonaws.com/photos/56839139/original.jpg; https://inaturalist-open-data.s3.amazonaws.com/photos/56839146/original.jpg; https://inaturalist-open-data.s3.amazonaws.com/photos/56839156/original.jpg; https://inaturalist-open-data.s3.amazonaws.com/photos/56839157/original.jpg,k-southwestern-u-s-a,2024-10-25 13:03:54
original_2465289715_1.jpeg,2685776,Pseudotsuga macrocarpa,0.679,"Lampornis clemenciae (R.Lesson, 1830)",2476748,31.884509,-109.206858,122.0,NORTH_AMERICA,Arizona,2016,5,6,2016-05-06T15:15,True,Veronica,iNaturalist,http://creativecommons.org/licenses/by-nc/4.0/,Veronica,https://inaturalist-open-data.s3.amazonaws.com/photos/57160614/original.jpeg; https://inaturalist-open-data.s3.amazonaws.com/photos/57160682/original.jpeg; https://inaturalist-open-data.s3.amazonaws.com/photos/57160722/original.jpeg; https://inaturalist-open-data.s3.amazonaws.com/photos/57160734/original.jpeg; https://inaturalist-open-data.s3.amazonaws.com/photos/57160761/original.jpeg; https://inaturalist-open-data.s3.amazonaws.com/photos/57160793/original.jpeg; https://inaturalist-open-data.s3.amazonaws.com/photos/57160824/original.jpeg,k-southwestern-u-s-a,2024-10-25 13:04:06
original_2465289715_2.jpeg,3797394,Lycium ferocissimum,1.627,"Lampornis clemenciae (R.Lesson, 1830)",2476748,31.884509,-109.206858,122.0,NORTH_AMERICA,Arizona,2016,5,6,2016-05-06T15:15,True,Veronica,iNaturalist,http://creativecommons.org/licenses/by-nc/4.0/,Veronica,https://inaturalist-open-data.s3.amazonaws.com/photos/57160614/original.jpeg; https://inaturalist-open-data.s3.amazonaws.com/photos/57160682/original.jpeg; https://inaturalist-open-data.s3.amazonaws.com/photos/57160722/original.jpeg; https://inaturalist-open-data.s3.amazonaws.com/photos/57160734/original.jpeg; https://inaturalist-open-data.s3.amazonaws.com/photos/57160761/original.jpeg; https://inaturalist-open-data.s3.amazonaws.com/photos/57160793/original.jpeg; https://inaturalist-open-data.s3.amazonaws.com/photos/57160824/original.jpeg,k-southwestern-u-s-a,2024-10-25 13:04:09
original_2465289715_3.jpeg,5372535,Salix lutea,1.303,"Lampornis clemenciae (R.Lesson, 1830)",2476748,31.884509,-109.206858,122.0,NORTH_AMERICA,Arizona,2016,5,6,2016-05-06T15:15,True,Veronica,iNaturalist,http://creativecommons.org/licenses/by-nc/4.0/,Veronica,https://inaturalist-open-data.s3.amazonaws.com/photos/57160614/original.jpeg; https://inaturalist-open-data.s3.amazonaws.com/photos/57160682/original.jpeg; https://inaturalist-open-data.s3.amazonaws.com/photos/57160722/original.jpeg; https://inaturalist-open-data.s3.amazonaws.com/photos/57160734/original.jpeg; https://inaturalist-open-data.s3.amazonaws.com/photos/57160761/original.jpeg; https://inaturalist-open-data.s3.amazonaws.com/photos/57160793/original.jpeg; https://inaturalist-open-data.s3.amazonaws.com/photos/57160824/original.jpeg,k-southwestern-u-s-a,2024-10-25 13:04:11
original_2465289715_4.jpeg,3173331,Buddleja saligna,1.319,"Lampornis clemenciae (R.Lesson, 1830)",2476748,31.884509,-109.206858,122.0,NORTH_AMERICA,Arizona,2016,5,6,2016-05-06T15:15,True,Veronica,iNaturalist,http://creativecommons.org/licenses/by-nc/4.0/,Veronica,https://inaturalist-open-data.s3.amazonaws.com/photos/57160614/original.jpeg; https://inaturalist-open-data.s3.amazonaws.com/photos/57160682/original.jpeg; https://inaturalist-open-data.s3.amazonaws.com/photos/57160722/original.jpeg; https://inaturalist-open-data.s3.amazonaws.com/photos/57160734/original.jpeg; https://inaturalist-open-data.s3.amazonaws.com/photos/57160761/original.jpeg; https://inaturalist-open-data.s3.amazonaws.com/photos/57160793/original.jpeg; https://inaturalist-open-data.s3.amazonaws.com/photos/57160824/original.jpeg,k-southwestern-u-s-a,2024-10-25 13:04:13
original_2465289715_5.jpeg,2684627,Juniperus californica,2.275,"Lampornis clemenciae (R.Lesson, 1830)",2476748,31.884509,-109.206858,122.0,NORTH_AMERICA,Arizona,2016,5,6,2016-05-06T15:15,True,Veronica,iNaturalist,http://creativecommons.org/licenses/by-nc/4.0/,Veronica,https://inaturalist-open-data.s3.amazonaws.com/photos/57160614/original.jpeg; https://inaturalist-open-data.s3.amazonaws.com/photos/57160682/original.jpeg; https://inaturalist-open-data.s3.amazonaws.com/photos/57160722/original.jpeg; https://inaturalist-open-data.s3.amazonaws.com/photos/57160734/original.jpeg; https://inaturalist-open-data.s3.amazonaws.com/photos/57160761/original.jpeg; https://inaturalist-open-data.s3.amazonaws.com/photos/57160793/original.jpeg; https://inaturalist-open-data.s3.amazonaws.com/photos/57160824/original.jpeg,k-southwestern-u-s-a,2024-10-25 13:04:15
original_2465289715_6.jpeg,3189866,Acer negundo,3.412,"Lampornis clemenciae (R.Lesson, 1830)",2476748,31.884509,-109.206858,122.0,NORTH_AMERICA,Arizona,2016,5,6,2016-05-06T15:15,True,Veronica,iNaturalist,http://creativecommons.org/licenses/by-nc/4.0/,Veronica,https://inaturalist-open-data.s3.amazonaws.com/photos/57160614/original.jpeg; https://inaturalist-open-data.s3.amazonaws.com/photos/57160682/original.jpeg; https://inaturalist-open-data.s3.amazonaws.com/photos/57160722/original.jpeg; https://inaturalist-open-data.s3.amazonaws.com/photos/57160734/original.jpeg; https://inaturalist-open-data.s3.amazonaws.com/photos/57160761/original.jpeg; https://inaturalist-open-data.s3.amazonaws.com/photos/57160793/original.jpeg; https://inaturalist-open-data.s3.amazonaws.com/photos/57160824/original.jpeg,k-southwestern-u-s-a,2024-10-25 13:04:18
original_2465289715_7.jpeg,3173331,Buddleja saligna,3.927,"Lampornis clemenciae (R.Lesson, 1830)",2476748,31.884509,-109.206858,122.0,NORTH_AMERICA,Arizona,2016,5,6,2016-05-06T15:15,True,Veronica,iNaturalist,http://creativecommons.org/licenses/by-nc/4.0/,Veronica,https://inaturalist-open-data.s3.amazonaws.com/photos/57160614/original.jpeg; https://inaturalist-open-data.s3.amazonaws.com/photos/57160682/original.jpeg; https://inaturalist-open-data.s3.amazonaws.com/photos/57160722/original.jpeg; https://inaturalist-open-data.s3.amazonaws.com/photos/57160734/original.jpeg; https://inaturalist-open-data.s3.amazonaws.com/photos/57160761/original.jpeg; https://inaturalist-open-data.s3.amazonaws.com/photos/57160793/original.jpeg; https://inaturalist-open-data.s3.amazonaws.com/photos/57160824/original.jpeg,k-southwestern-u-s-a,2024-10-25 13:04:20
original_2529308644_1.jpg,3021850,Prunus serotina,1.789,"Lampornis clemenciae (R.Lesson, 1830)",2476748,31.841213,-109.013665,29173.0,NORTH_AMERICA,Arizona,2008,7,9,2008-07-09T09:06,True,Irvin Louque,iNaturalist,http://creativecommons.org/licenses/by-nc-nd/4.0/,Irvin Louque,https://inaturalist-open-data.s3.amazonaws.com/photos/58032032/original.jpg,k-south-central-u-s-a,2024-10-25 13:04:27
original_2563570013_1.jpeg,5285004,Pinus strobiformis,7.868,"Lampornis clemenciae (R.Lesson, 1830)",2476748,28.183173,-108.212068,370.0,NORTH_AMERICA,Chihuahua,2017,9,27,2017-09-27T10:39,True,Quetzalita Chiwas,iNaturalist,http://creativecommons.org/licenses/by-nc/4.0/,Quetzalita Chiwas,https://inaturalist-open-data.s3.amazonaws.com/photos/60148053/original.jpeg,k-mexico,2024-10-25 13:04:32
original_2573958698_1.jpg,2878268,Quercus gambelii,0.609,"Lampornis clemenciae (R.Lesson, 1830)",2476748,31.86896,-109.188343,4.0,NORTH_AMERICA,Arizona,2009,8,3,2009-08-03T14:59,True,Ryne Rutherford,iNaturalist,http://creativecommons.org/licenses/by-nc/4.0/,Ryne Rutherford,https://inaturalist-open-data.s3.amazonaws.com/photos/61864882/original.jpg,k-southwestern-u-s-a,2024-10-25 13:04:44
original_2573970507_1.jpeg,2877992,Quercus arizonica,31.308000000000003,"Lampornis clemenciae (R.Lesson, 1830)",2476748,31.415291,-110.276982,155.0,NORTH_AMERICA,Arizona,2017,7,14,2017-07-14T12:36,True,Jeff Harding,iNaturalist,http://creativecommons.org/licenses/by-nc/4.0/,Jeff Harding,https://inaturalist-open-data.s3.amazonaws.com/photos/60379676/original.jpeg,k-southwestern-u-s-a,2024-10-25 13:04:46
original_2596209019_1.jpeg,3172490,Tecomaria capensis,36.403,"Lampornis clemenciae (R.Lesson, 1830)",2476748,19.34847,-99.224139,6.0,NORTH_AMERICA,Distrito Federal,2017,8,3,2017-08-03T20:31:08,True,Saúl Saldaña,iNaturalist,http://creativecommons.org/licenses/by-nc/4.0/,Saúl Saldaña,https://inaturalist-open-data.s3.amazonaws.com/photos/65254417/original.jpeg; https://inaturalist-open-data.s3.amazonaws.com/photos/65254437/original.jpeg; https://inaturalist-open-data.s3.amazonaws.com/photos/65254463/original.jpeg,k-mexico,2024-10-25 13:04:58
original_2596209019_2.jpeg,3172490,Tecomaria capensis,58.975,"Lampornis clemenciae (R.Lesson, 1830)",2476748,19.34847,-99.224139,6.0,NORTH_AMERICA,Distrito Federal,2017,8,3,2017-08-03T20:31:08,True,Saúl Saldaña,iNaturalist,http://creativecommons.org/licenses/by-nc/4.0/,Saúl Saldaña,https://inaturalist-open-data.s3.amazonaws.com/photos/65254417/original.jpeg; https://inaturalist-open-data.s3.amazonaws.com/photos/65254437/original.jpeg; https://inaturalist-open-data.s3.amazonaws.com/photos/65254463/original.jpeg,k-mexico,2024-10-25 13:05:01
original_2596209019_3.jpeg,3172490,Tecomaria capensis,52.107000000000006,"Lampornis clemenciae (R.Lesson, 1830)",2476748,19.34847,-99.224139,6.0,NORTH_AMERICA,Distrito Federal,2017,8,3,2017-08-03T20:31:08,True,Saúl Saldaña,iNaturalist,http://creativecommons.org/licenses/by-nc/4.0/,Saúl Saldaña,https://inaturalist-open-data.s3.amazonaws.com/photos/65254417/original.jpeg; https://inaturalist-open-data.s3.amazonaws.com/photos/65254437/original.jpeg; https://inaturalist-open-data.s3.amazonaws.com/photos/65254463/original.jpeg,k-mexico,2024-10-25 13:05:05
original_2596344264_1.jpg,3182605,Syzygium australe,0.194,"Lampornis clemenciae (R.Lesson, 1830)",2476748,31.904498,-109.15593,,NORTH_AMERICA,Arizona,2017,6,14,2017-06-14T19:02,True,Ad Konings,iNaturalist,http://creativecommons.org/licenses/by-nc/4.0/,Ad Konings,https://inaturalist-open-data.s3.amazonaws.com/photos/64653264/original.jpg,k-southwestern-u-s-a,2024-10-25 13:05:07
original_2609283736_1.jpeg,3113283,Cirsium mexicanum,11.758000000000001,"Lampornis clemenciae (R.Lesson, 1830)",2476748,18.903899,-98.711595,4208.0,NORTH_AMERICA,Morelos,2019,4,16,2019-04-16T15:57:06,True,Rafael Rodríguez Brito,iNaturalist,http://creativecommons.org/licenses/by-nc/4.0/,Rafael Rodríguez Brito,https://inaturalist-open-data.s3.amazonaws.com/photos/67993341/original.jpeg,k-mexico,2024-10-25 13:05:20
original_2610937372_1.jpeg,5305033,Kniphofia uvaria,35.461,"Lampornis clemenciae (R.Lesson, 1830)",2476748,20.198233,-98.715887,238.0,NORTH_AMERICA,Hidalgo,2019,7,20,2019-07-20T12:25,True,GeRa_MaChaDo,iNaturalist,http://creativecommons.org/licenses/by-nc/4.0/,GeRa_MaChaDo,https://inaturalist-open-data.s3.amazonaws.com/photos/60054109/original.jpeg; https://inaturalist-open-data.s3.amazonaws.com/photos/60054119/original.jpeg,k-mexico,2024-10-25 13:05:23
original_2610937372_2.jpeg,5305033,Kniphofia uvaria,7.001,"Lampornis clemenciae (R.Lesson, 1830)",2476748,20.198233,-98.715887,238.0,NORTH_AMERICA,Hidalgo,2019,7,20,2019-07-20T12:25,True,GeRa_MaChaDo,iNaturalist,http://creativecommons.org/licenses/by-nc/4.0/,GeRa_MaChaDo,https://inaturalist-open-data.s3.amazonaws.com/photos/60054109/original.jpeg; https://inaturalist-open-data.s3.amazonaws.com/photos/60054119/original.jpeg,k-mexico,2024-10-25 13:05:25
original_2611429449_1.jpg,3794448,Semialarium mexicanum,2.009,"Lampornis clemenciae (R.Lesson, 1830)",2476748,19.613883,-97.031865,21.0,NORTH_AMERICA,Veracruz,2017,8,31,2017-08-31T12:34,True,Eli Gross,iNaturalist,http://creativecommons.org/licenses/by-nc/4.0/,Eli Gross,https://inaturalist-open-data.s3.amazonaws.com/photos/70275278/original.jpg,k-mexico,2024-10-25 13:05:28
original_2620099800_1.jpeg,2976206,Entada polystachya,3.424,"Lampornis clemenciae (R.Lesson, 1830)",2476748,29.094688,-108.241206,15.0,NORTH_AMERICA,Chihuahua,2020,5,3,2020-05-03T09:55,True,Javier Cruz Nieto,iNaturalist,http://creativecommons.org/licenses/by-nc/4.0/,Javier Cruz Nieto,https://inaturalist-open-data.s3.amazonaws.com/photos/71286758/original.jpeg; https://inaturalist-open-data.s3.amazonaws.com/photos/71286767/original.jpeg,k-mexico,2024-10-25 13:05:30
original_2620099800_2.jpeg,2878550,Quercus hypoleucoides,36.543,"Lampornis clemenciae (R.Lesson, 1830)",2476748,29.094688,-108.241206,15.0,NORTH_AMERICA,Chihuahua,2020,5,3,2020-05-03T09:55,True,Javier Cruz Nieto,iNaturalist,http://creativecommons.org/licenses/by-nc/4.0/,Javier Cruz Nieto,https://inaturalist-open-data.s3.amazonaws.com/photos/71286758/original.jpeg; https://inaturalist-open-data.s3.amazonaws.com/photos/71286767/original.jpeg,k-mexico,2024-10-25 13:05:33
original_2620123168_3.jpeg,2964734,Eysenhardtia texana,37.978,"Lampornis clemenciae (R.Lesson, 1830)",2476748,29.094697,-108.238079,15.0,NORTH_AMERICA,Chihuahua,2020,5,3,2020-05-03T07:16,True,Javier Cruz Nieto,iNaturalist,http://creativecommons.org/licenses/by-nc/4.0/,Javier Cruz Nieto,https://inaturalist-open-data.s3.amazonaws.com/photos/71220431/original.jpeg; https://inaturalist-open-data.s3.amazonaws.com/photos/71220573/original.jpeg; https://inaturalist-open-data.s3.amazonaws.com/photos/71220685/original.jpeg,k-mexico,2024-10-25 13:05:39
original_2626429070_1.jpg,3190642,Schinus molle,7.9350000000000005,"Lampornis clemenciae (R.Lesson, 1830)",2476748,19.380725,-99.261712,22.0,NORTH_AMERICA,Distrito Federal,2020,5,10,2020-05-10T10:56:59Z,True,isidoroambe,iNaturalist,http://creativecommons.org/licenses/by-nc/4.0/,isidoroambe,https://inaturalist-open-data.s3.amazonaws.com/photos/72220250/original.jpg; https://inaturalist-open-data.s3.amazonaws.com/photos/72220263/original.jpg,k-mexico,2024-10-25 13:05:45
original_2626429070_2.jpg,2684191,Taxodium distichum,57.24399999999999,"Lampornis clemenciae (R.Lesson, 1830)",2476748,19.380725,-99.261712,22.0,NORTH_AMERICA,Distrito Federal,2020,5,10,2020-05-10T10:56:59Z,True,isidoroambe,iNaturalist,http://creativecommons.org/licenses/by-nc/4.0/,isidoroambe,https://inaturalist-open-data.s3.amazonaws.com/photos/72220250/original.jpg; https://inaturalist-open-data.s3.amazonaws.com/photos/72220263/original.jpg,k-mexico,2024-10-25 13:05:47
original_2626501159_1.jpg,3170442,Araujia sericifera,1.29,"Lampornis clemenciae (R.Lesson, 1830)",2476748,31.708988,-110.871546,1845.0,NORTH_AMERICA,Arizona,2007,5,4,2007-05-04T14:50,True,Michael Hawk,iNaturalist,http://creativecommons.org/licenses/by-nc/4.0/,Michael Hawk,https://inaturalist-open-data.s3.amazonaws.com/photos/72610698/original.jpg,k-southwestern-u-s-a,2024-10-25 13:05:49
original_2634080220_1.jpg,5314519,Laelia rubescens,7.693999999999999,"Lampornis clemenciae (R.Lesson, 1830)",2476748,19.009811,-99.249213,20.0,NORTH_AMERICA,Morelos,2020,5,27,2020-05-27T11:48:28,True,nancyd,iNaturalist,http://creativecommons.org/licenses/by-nc/4.0/,nancyd,https://inaturalist-open-data.s3.amazonaws.com/photos/75732955/original.jpg,k-mexico,2024-10-25 13:05:54
original_2641419431_1.jpg,5417751,Eugenia foetida,0.773,"Lampornis clemenciae (R.Lesson, 1830)",2476748,19.009644,-99.249205,165.0,NORTH_AMERICA,Morelos,2019,11,23,2019-11-23T10:27:13,True,nancyd,iNaturalist,http://creativecommons.org/licenses/by-nc/4.0/,nancyd,https://inaturalist-open-data.s3.amazonaws.com/photos/71861583/original.jpg,k-mexico,2024-10-25 13:06:00
original_2802665032_1.jpg,3084409,Lophocereus schottii,0.23600000000000002,"Lampornis clemenciae (R.Lesson, 1830)",2476748,31.90448,-109.156005,65.0,NORTH_AMERICA,Arizona,2018,7,18,2018-07-18T21:14:20,True,wschenck,iNaturalist,http://creativecommons.org/licenses/by-nc/4.0/,wschenck,https://inaturalist-open-data.s3.amazonaws.com/photos/78927118/original.jpg,k-southwestern-u-s-a,2024-10-25 13:06:03
original_2814112556_1.jpeg,2706379,Leymus triticoides,5.7299999999999995,"Lampornis clemenciae (R.Lesson, 1830)",2476748,31.876545,-109.224462,1525.0,NORTH_AMERICA,Arizona,2020,6,18,2020-06-18T11:11,True,jugbayjs,iNaturalist,http://creativecommons.org/licenses/by-nc/4.0/,jugbayjs,https://inaturalist-open-data.s3.amazonaws.com/photos/82158973/original.jpeg,k-southwestern-u-s-a,2024-10-25 13:06:25
original_2818543831_1.jpeg,5305033,Kniphofia uvaria,47.21,"Lampornis clemenciae (R.Lesson, 1830)",2476748,23.725255,-105.682726,263.0,NORTH_AMERICA,Durango,2020,7,9,2020-07-09T15:53:53,True,Pepe Santillan,iNaturalist,http://creativecommons.org/licenses/by-nc/4.0/,Pepe Santillan,https://inaturalist-open-data.s3.amazonaws.com/photos/83880189/original.jpeg,k-mexico,2024-10-25 13:06:28
original_2818726357_1.jpeg,2927038,Salvia greggii,93.378,"Lampornis clemenciae (R.Lesson, 1830)",2476748,24.85,-99.816667,1968.0,NORTH_AMERICA,Nuevo León,2019,7,8,2019-07-08T12:02,True,Victoria Aguilar,iNaturalist,http://creativecommons.org/licenses/by-nc/4.0/,Victoria Aguilar,https://inaturalist-open-data.s3.amazonaws.com/photos/52375720/original.jpeg,k-mexico,2024-10-25 13:06:31
original_2818814541_1.jpg,5828201,Cenchrus clandestinus,15.225,"Lampornis clemenciae (R.Lesson, 1830)",2476748,19.473025,-99.267456,31.0,NORTH_AMERICA,México,2020,5,22,2020-05-22T07:37,True,Valentina de Santiago,iNaturalist,http://creativecommons.org/licenses/by-nc/4.0/,Valentina de Santiago,https://inaturalist-open-data.s3.amazonaws.com/photos/84726410/original.jpg,k-mexico,2024-10-25 13:06:35
original_2823141700_1.jpeg,3170253,Asclepias eriocarpa,3.54,"Lampornis clemenciae (R.Lesson, 1830)",2476748,19.215392,-99.213231,206.0,NORTH_AMERICA,Distrito Federal,2020,7,9,2020-07-09T11:11,True,Noctem,iNaturalist,http://creativecommons.org/licenses/by-nc/4.0/,Noctem,https://inaturalist-open-data.s3.amazonaws.com/photos/84956674/original.jpeg; https://inaturalist-open-data.s3.amazonaws.com/photos/84957502/original.jpeg; https://inaturalist-open-data.s3.amazonaws.com/photos/84957995/original.jpeg,k-mexico,2024-10-25 13:06:38
original_2823141700_3.jpeg,2766728,Agave vilmoriniana,10.831,"Lampornis clemenciae (R.Lesson, 1830)",2476748,19.215392,-99.213231,206.0,NORTH_AMERICA,Distrito Federal,2020,7,9,2020-07-09T11:11,True,Noctem,iNaturalist,http://creativecommons.org/licenses/by-nc/4.0/,Noctem,https://inaturalist-open-data.s3.amazonaws.com/photos/84956674/original.jpeg; https://inaturalist-open-data.s3.amazonaws.com/photos/84957502/original.jpeg; https://inaturalist-open-data.s3.amazonaws.com/photos/84957995/original.jpeg,k-mexico,2024-10-25 13:06:41
original_2823156740_1.jpg,5361877,Ulmus pumila,1.394,"Lampornis clemenciae (R.Lesson, 1830)",2476748,31.904549,-109.155857,41.0,NORTH_AMERICA,Arizona,2020,7,5,2020-07-05T12:51,True,radinis,iNaturalist,http://creativecommons.org/licenses/by-nc/4.0/,radinis,https://inaturalist-open-data.s3.amazonaws.com/photos/84951666/original.jpg,k-southwestern-u-s-a,2024-10-25 13:06:43
original_2823282779_1.jpg,2760658,Heliconia collinsiana,30.567,"Lampornis clemenciae (R.Lesson, 1830)",2476748,19.345848,-99.232024,732.0,NORTH_AMERICA,Distrito Federal,2020,7,17,2020-07-17T16:46:23,True,paoli,iNaturalist,http://creativecommons.org/licenses/by-nc/4.0/,paoli,https://inaturalist-open-data.s3.amazonaws.com/photos/84957186/original.jpg,k-mexico,2024-10-25 13:06:46
original_2826158034_1.jpg,3935508,Phymosia umbellata,89.71900000000001,"Lampornis clemenciae (R.Lesson, 1830)",2476748,19.519692,-98.761944,2314.0,NORTH_AMERICA,México,2020,6,23,2020-06-23,True,Jonathan,iNaturalist,http://creativecommons.org/licenses/by-nc/4.0/,Jonathan,https://inaturalist-open-data.s3.amazonaws.com/photos/86458216/original.jpg,k-mexico,2024-10-25 13:06:52
original_2826170893_1.jpg,3171570,Penstemon barbatus,18.83,"Lampornis clemenciae (R.Lesson, 1830)",2476748,20.082487,-99.950668,23952.0,NORTH_AMERICA,Querétaro,2020,7,19,2020-07-19T11:57:26,True,Alvaro Rojas (brújula de aves),iNaturalist,http://creativecommons.org/licenses/by-nc/4.0/,Alvaro Rojas (brújula de aves),https://inaturalist-open-data.s3.amazonaws.com/photos/86256113/original.jpg; https://inaturalist-open-data.s3.amazonaws.com/photos/86256152/original.jpg; https://inaturalist-open-data.s3.amazonaws.com/photos/86256169/original.jpg; https://inaturalist-open-data.s3.amazonaws.com/photos/86256187/original.jpg,k-mexico,2024-10-25 13:06:55
original_2826170893_2.jpg,3171570,Penstemon barbatus,26.108999999999998,"Lampornis clemenciae (R.Lesson, 1830)",2476748,20.082487,-99.950668,23952.0,NORTH_AMERICA,Querétaro,2020,7,19,2020-07-19T11:57:26,True,Alvaro Rojas (brújula de aves),iNaturalist,http://creativecommons.org/licenses/by-nc/4.0/,Alvaro Rojas (brújula de aves),https://inaturalist-open-data.s3.amazonaws.com/photos/86256113/original.jpg; https://inaturalist-open-data.s3.amazonaws.com/photos/86256152/original.jpg; https://inaturalist-open-data.s3.amazonaws.com/photos/86256169/original.jpg; https://inaturalist-open-data.s3.amazonaws.com/photos/86256187/original.jpg,k-mexico,2024-10-25 13:06:57
original_2826170893_4.jpg,3171570,Penstemon barbatus,30.124000000000002,"Lampornis clemenciae (R.Lesson, 1830)",2476748,20.082487,-99.950668,23952.0,NORTH_AMERICA,Querétaro,2020,7,19,2020-07-19T11:57:26,True,Alvaro Rojas (brújula de aves),iNaturalist,http://creativecommons.org/licenses/by-nc/4.0/,Alvaro Rojas (brújula de aves),https://inaturalist-open-data.s3.amazonaws.com/photos/86256113/original.jpg; https://inaturalist-open-data.s3.amazonaws.com/photos/86256152/original.jpg; https://inaturalist-open-data.s3.amazonaws.com/photos/86256169/original.jpg; https://inaturalist-open-data.s3.amazonaws.com/photos/86256187/original.jpg,k-mexico,2024-10-25 13:07:01
original_2826225437_1.jpeg,2976206,Entada polystachya,30.987,"Lampornis clemenciae (R.Lesson, 1830)",2476748,19.062112,-99.256256,,NORTH_AMERICA,Morelos,2020,7,26,2020-07-26T11:33,True,Bodo Nuñez Oberg,iNaturalist,http://creativecommons.org/licenses/by-nc/4.0/,Bodo Nuñez Oberg,https://inaturalist-open-data.s3.amazonaws.com/photos/86874416/original.jpeg; https://inaturalist-open-data.s3.amazonaws.com/photos/86874417/original.jpeg,k-mexico,2024-10-25 13:07:03
original_2826225437_2.jpeg,2976206,Entada polystachya,1.536,"Lampornis clemenciae (R.Lesson, 1830)",2476748,19.062112,-99.256256,,NORTH_AMERICA,Morelos,2020,7,26,2020-07-26T11:33,True,Bodo Nuñez Oberg,iNaturalist,http://creativecommons.org/licenses/by-nc/4.0/,Bodo Nuñez Oberg,https://inaturalist-open-data.s3.amazonaws.com/photos/86874416/original.jpeg; https://inaturalist-open-data.s3.amazonaws.com/photos/86874417/original.jpeg,k-mexico,2024-10-25 13:07:05
original_2826246447_1.jpg,3026408,Spiraea prunifolia,1.168,"Lampornis clemenciae (R.Lesson, 1830)",2476748,31.883742,-109.205948,15.0,NORTH_AMERICA,Arizona,2015,5,10,2015-05-10T16:02,True,doug_clarke,iNaturalist,http://creativecommons.org/licenses/by-nc/4.0/,doug_clarke,https://inaturalist-open-data.s3.amazonaws.com/photos/86850771/original.jpg,k-southwestern-u-s-a,2024-10-25 13:07:08
original_2826283993_1.jpeg,2767133,Agave havardiana,11.638,"Lampornis clemenciae (R.Lesson, 1830)",2476748,21.070264,-101.187385,475.0,NORTH_AMERICA,Guanajuato,2020,7,31,2020-07-31T12:55,True,Juan Carlos Scheffler Mendoza,iNaturalist,http://creativecommons.org/licenses/by-nc/4.0/,Juan Carlos Scheffler Mendoza,https://inaturalist-open-data.s3.amazonaws.com/photos/87562759/original.jpeg,k-mexico,2024-10-25 13:07:14
original_2826374086_1.jpeg,2651315,Hymenophyllum tunbrigense,1.95,"Lampornis clemenciae (R.Lesson, 1830)",2476748,19.368062,-99.208298,8.0,NORTH_AMERICA,Distrito Federal,2019,9,7,2019-09-07,True,fer_v,iNaturalist,http://creativecommons.org/licenses/by-nc/4.0/,fer_v,https://inaturalist-open-data.s3.amazonaws.com/photos/86470893/original.jpeg,k-mexico,2024-10-25 13:07:19
original_2826439547_1.jpg,8386328,Quercus rugosa,0.932,"Lampornis clemenciae (R.Lesson, 1830)",2476748,20.188597,-100.145118,2104.0,NORTH_AMERICA,Querétaro,2020,7,26,2020-07-26T12:56:42,True,Alvaro Rojas (brújula de aves),iNaturalist,http://creativecommons.org/licenses/by-nc/4.0/,Alvaro Rojas (brújula de aves),https://inaturalist-open-data.s3.amazonaws.com/photos/87022415/original.jpg; https://inaturalist-open-data.s3.amazonaws.com/photos/87022428/original.jpg; https://inaturalist-open-data.s3.amazonaws.com/photos/87022440/original.jpg,k-mexico,2024-10-25 13:07:22
original_2826439547_2.jpg,3033042,Garrya ovata,14.662,"Lampornis clemenciae (R.Lesson, 1830)",2476748,20.188597,-100.145118,2104.0,NORTH_AMERICA,Querétaro,2020,7,26,2020-07-26T12:56:42,True,Alvaro Rojas (brújula de aves),iNaturalist,http://creativecommons.org/licenses/by-nc/4.0/,Alvaro Rojas (brújula de aves),https://inaturalist-open-data.s3.amazonaws.com/photos/87022415/original.jpg; https://inaturalist-open-data.s3.amazonaws.com/photos/87022428/original.jpg; https://inaturalist-open-data.s3.amazonaws.com/photos/87022440/original.jpg,k-mexico,2024-10-25 13:07:24
original_2826439547_3.jpg,3033042,Garrya ovata,6.406000000000001,"Lampornis clemenciae (R.Lesson, 1830)",2476748,20.188597,-100.145118,2104.0,NORTH_AMERICA,Querétaro,2020,7,26,2020-07-26T12:56:42,True,Alvaro Rojas (brújula de aves),iNaturalist,http://creativecommons.org/licenses/by-nc/4.0/,Alvaro Rojas (brújula de aves),https://inaturalist-open-data.s3.amazonaws.com/photos/87022415/original.jpg; https://inaturalist-open-data.s3.amazonaws.com/photos/87022428/original.jpg; https://inaturalist-open-data.s3.amazonaws.com/photos/87022440/original.jpg,k-mexico,2024-10-25 13:07:26
original_2826447524_1.jpg,3022789,Prunus mahaleb,0.9199999999999999,"Lampornis clemenciae (R.Lesson, 1830)",2476748,31.89878,-109.16222,15.0,NORTH_AMERICA,Arizona,2018,7,27,2018-07-27T08:25,True,Tom Horton,iNaturalist,http://creativecommons.org/licenses/by-nc/4.0/,Tom Horton,https://inaturalist-open-data.s3.amazonaws.com/photos/87029265/original.jpg; https://inaturalist-open-data.s3.amazonaws.com/photos/87029336/original.jpg,k-southwestern-u-s-a,2024-10-25 13:07:28
original_2826447524_2.jpg,5414566,Calotropis procera,0.436,"Lampornis clemenciae (R.Lesson, 1830)",2476748,31.89878,-109.16222,15.0,NORTH_AMERICA,Arizona,2018,7,27,2018-07-27T08:25,True,Tom Horton,iNaturalist,http://creativecommons.org/licenses/by-nc/4.0/,Tom Horton,https://inaturalist-open-data.s3.amazonaws.com/photos/87029265/original.jpg; https://inaturalist-open-data.s3.amazonaws.com/photos/87029336/original.jpg,k-southwestern-u-s-a,2024-10-25 13:07:31
original_2850593243_2.jpg,2927459,Fouquieria splendens,25.645,"Lampornis clemenciae (R.Lesson, 1830)",2476748,31.914354,-109.14449,15.0,NORTH_AMERICA,Arizona,2020,7,27,2020-07-27,True,jillpdxer,iNaturalist,http://creativecommons.org/licenses/by-nc/4.0/,jillpdxer,https://inaturalist-open-data.s3.amazonaws.com/photos/88134677/original.jpg; https://inaturalist-open-data.s3.amazonaws.com/photos/88134697/original.jpg,k-southwestern-u-s-a,2024-10-25 13:07:34
original_2850616891_1.jpg,3172490,Tecomaria capensis,47.445,"Lampornis clemenciae (R.Lesson, 1830)",2476748,19.342836,-99.161055,14.0,NORTH_AMERICA,Distrito Federal,2020,8,1,2020-08-01T14:07:01,True,avallejo,iNaturalist,http://creativecommons.org/licenses/by/4.0/,avallejo,https://inaturalist-open-data.s3.amazonaws.com/photos/87654207/original.jpg,k-mexico,2024-10-25 13:07:36
original_2850639404_1.jpg,3063705,Hippomane mancinella,5.863,"Lampornis clemenciae (R.Lesson, 1830)",2476748,19.206077,-99.216846,2.0,NORTH_AMERICA,Distrito Federal,2020,8,18,2020-08-18T02:32,True,Mario Castañeda,iNaturalist,http://creativecommons.org/licenses/by-nc/4.0/,Mario Castañeda,https://inaturalist-open-data.s3.amazonaws.com/photos/90656332/original.jpg,k-mexico,2024-10-25 13:07:39
original_2850707338_1.jpeg,2766573,Agave durangensis,5.208,"Lampornis clemenciae (R.Lesson, 1830)",2476748,21.074493,-101.187469,217.0,NORTH_AMERICA,Guanajuato,2020,7,31,2020-07-31T13:07,True,Juan Carlos Scheffler Mendoza,iNaturalist,http://creativecommons.org/licenses/by-nc/4.0/,Juan Carlos Scheffler Mendoza,https://inaturalist-open-data.s3.amazonaws.com/photos/88306947/original.jpeg; https://inaturalist-open-data.s3.amazonaws.com/photos/88306972/original.jpeg; https://inaturalist-open-data.s3.amazonaws.com/photos/88306987/original.jpeg; https://inaturalist-open-data.s3.amazonaws.com/photos/88307006/original.jpeg; https://inaturalist-open-data.s3.amazonaws.com/photos/88307072/original.jpeg,k-mexico,2024-10-25 13:07:43
original_2850707338_3.jpeg,2767031,Agave americana,13.835,"Lampornis clemenciae (R.Lesson, 1830)",2476748,21.074493,-101.187469,217.0,NORTH_AMERICA,Guanajuato,2020,7,31,2020-07-31T13:07,True,Juan Carlos Scheffler Mendoza,iNaturalist,http://creativecommons.org/licenses/by-nc/4.0/,Juan Carlos Scheffler Mendoza,https://inaturalist-open-data.s3.amazonaws.com/photos/88306947/original.jpeg; https://inaturalist-open-data.s3.amazonaws.com/photos/88306972/original.jpeg; https://inaturalist-open-data.s3.amazonaws.com/photos/88306987/original.jpeg; https://inaturalist-open-data.s3.amazonaws.com/photos/88307006/original.jpeg; https://inaturalist-open-data.s3.amazonaws.com/photos/88307072/original.jpeg,k-mexico,2024-10-25 13:07:48
original_2850707338_4.jpeg,2767031,Agave americana,36.528,"Lampornis clemenciae (R.Lesson, 1830)",2476748,21.074493,-101.187469,217.0,NORTH_AMERICA,Guanajuato,2020,7,31,2020-07-31T13:07,True,Juan Carlos Scheffler Mendoza,iNaturalist,http://creativecommons.org/licenses/by-nc/4.0/,Juan Carlos Scheffler Mendoza,https://inaturalist-open-data.s3.amazonaws.com/photos/88306947/original.jpeg; https://inaturalist-open-data.s3.amazonaws.com/photos/88306972/original.jpeg; https://inaturalist-open-data.s3.amazonaws.com/photos/88306987/original.jpeg; https://inaturalist-open-data.s3.amazonaws.com/photos/88307006/original.jpeg; https://inaturalist-open-data.s3.amazonaws.com/photos/88307072/original.jpeg,k-mexico,2024-10-25 13:07:50
original_2850707338_5.jpeg,2976206,Entada polystachya,1.7500000000000002,"Lampornis clemenciae (R.Lesson, 1830)",2476748,21.074493,-101.187469,217.0,NORTH_AMERICA,Guanajuato,2020,7,31,2020-07-31T13:07,True,Juan Carlos Scheffler Mendoza,iNaturalist,http://creativecommons.org/licenses/by-nc/4.0/,Juan Carlos Scheffler Mendoza,https://inaturalist-open-data.s3.amazonaws.com/photos/88306947/original.jpeg; https://inaturalist-open-data.s3.amazonaws.com/photos/88306972/original.jpeg; https://inaturalist-open-data.s3.amazonaws.com/photos/88306987/original.jpeg; https://inaturalist-open-data.s3.amazonaws.com/photos/88307006/original.jpeg; https://inaturalist-open-data.s3.amazonaws.com/photos/88307072/original.jpeg,k-mexico,2024-10-25 13:07:52
original_2850835869_1.jpg,2882802,Arbutus menziesii,0.585,"Lampornis clemenciae (R.Lesson, 1830)",2476748,32.438687,-110.759817,1831.0,NORTH_AMERICA,Arizona,2017,8,24,2017-08-24T17:02,True,vrvan,iNaturalist,http://creativecommons.org/licenses/by-nc/4.0/,vrvan,https://inaturalist-open-data.s3.amazonaws.com/photos/90021939/original.jpg,k-southwestern-u-s-a,2024-10-25 13:07:54
original_2850861382_1.jpeg,8386328,Quercus rugosa,96.447,"Lampornis clemenciae (R.Lesson, 1830)",2476748,19.20607,-99.216853,4.0,NORTH_AMERICA,Distrito Federal,2020,8,18,2020-08-18T00:51,True,Mario Castañeda,iNaturalist,http://creativecommons.org/licenses/by-nc/4.0/,Mario Castañeda,https://inaturalist-open-data.s3.amazonaws.com/photos/90639825/original.jpeg,k-mexico,2024-10-25 13:07:57
original_2851275569_1.jpg,5590493,Drymonia serrulata,5.077,"Lampornis clemenciae (R.Lesson, 1830)",2476748,19.206034,-99.216585,8.0,NORTH_AMERICA,Distrito Federal,2020,8,13,2020-08-13T02:07,True,Mario Castañeda,iNaturalist,http://creativecommons.org/licenses/by-nc/4.0/,Mario Castañeda,https://inaturalist-open-data.s3.amazonaws.com/photos/89790329/original.jpg,k-mexico,2024-10-25 13:08:08
original_2851281366_3.jpg,5285258,Pinus longaeva,2.309,"Lampornis clemenciae (R.Lesson, 1830)",2476748,31.90437,-109.156058,,NORTH_AMERICA,Arizona,2020,8,5,2020-08-05T14:35,True,Tom Benson,iNaturalist,http://creativecommons.org/licenses/by-nc/4.0/,Tom Benson,https://inaturalist-open-data.s3.amazonaws.com/photos/89513697/original.jpg; https://inaturalist-open-data.s3.amazonaws.com/photos/89513715/original.jpg; https://inaturalist-open-data.s3.amazonaws.com/photos/89513741/original.jpg,k-southwestern-u-s-a,2024-10-25 13:08:15
original_2851282083_1.jpg,2887069,Sideroxylon lanuginosum,1.3719999999999999,"Lampornis clemenciae (R.Lesson, 1830)",2476748,25.650237,-100.638631,16.0,NORTH_AMERICA,Nuevo León,2020,8,16,2020-08-16T08:01:01,True,Mauricio L,iNaturalist,http://creativecommons.org/licenses/by-nc/4.0/,Mauricio L,https://inaturalist-open-data.s3.amazonaws.com/photos/90343503/original.jpg,k-mexico,2024-10-25 13:08:18
original_2856563283_1.jpeg,2959492,Gleditsia aquatica,0.45599999999999996,"Lampornis clemenciae (R.Lesson, 1830)",2476748,29.243765,-103.295901,31.0,NORTH_AMERICA,Texas,2020,6,16,2020-06-16T09:32,True,Caleb Helsel,iNaturalist,http://creativecommons.org/licenses/by-nc/4.0/,Caleb Helsel,https://inaturalist-open-data.s3.amazonaws.com/photos/91890279/original.jpeg,k-south-central-u-s-a,2024-10-25 13:08:23
original_2856583372_1.jpg,3176787,Eucalyptus globulus,3.5839999999999996,"Lampornis clemenciae (R.Lesson, 1830)",2476748,19.47264,-99.266593,61.0,NORTH_AMERICA,México,2020,8,26,2020-08-26T10:09,True,Valentina de Santiago,iNaturalist,http://creativecommons.org/licenses/by-nc/4.0/,Valentina de Santiago,https://inaturalist-open-data.s3.amazonaws.com/photos/92001192/original.jpg,k-mexico,2024-10-25 13:08:25
original_2856668410_1.jpg,3176719,Eucalyptus tereticornis,11.706999999999999,"Lampornis clemenciae (R.Lesson, 1830)",2476748,19.472768,-99.266765,31.0,NORTH_AMERICA,México,2020,8,26,2020-08-26T10:15,True,Valentina de Santiago,iNaturalist,http://creativecommons.org/licenses/by-nc/4.0/,Valentina de Santiago,https://inaturalist-open-data.s3.amazonaws.com/photos/92000895/original.jpg,k-mexico,2024-10-25 13:08:28
original_2856698354_1.jpg,5421193,Amyris elemifera,3.758,"Lampornis clemenciae (R.Lesson, 1830)",2476748,19.472849,-99.266787,31.0,NORTH_AMERICA,México,2020,8,26,2020-08-26T10:16,True,Valentina de Santiago,iNaturalist,http://creativecommons.org/licenses/by-nc/4.0/,Valentina de Santiago,https://inaturalist-open-data.s3.amazonaws.com/photos/92000737/original.jpg,k-mexico,2024-10-25 13:08:30
original_2859970712_1.jpeg,2766573,Agave durangensis,8.404,"Lampornis clemenciae (R.Lesson, 1830)",2476748,20.781281,-100.050967,2104.0,NORTH_AMERICA,Querétaro,2020,8,16,2020-08-16T11:41:02,True,Alvaro Rojas (brújula de aves),iNaturalist,http://creativecommons.org/licenses/by-nc/4.0/,Alvaro Rojas (brújula de aves),https://inaturalist-open-data.s3.amazonaws.com/photos/92352483/original.jpeg; https://inaturalist-open-data.s3.amazonaws.com/photos/92352497/original.jpeg; https://inaturalist-open-data.s3.amazonaws.com/photos/92352512/original.jpeg; https://inaturalist-open-data.s3.amazonaws.com/photos/92352519/original.jpeg; https://inaturalist-open-data.s3.amazonaws.com/photos/92352524/original.jpeg,k-mexico,2024-10-25 13:08:35
original_2859970712_2.jpeg,5384100,Opuntia oricola,1.5559999999999998,"Lampornis clemenciae (R.Lesson, 1830)",2476748,20.781281,-100.050967,2104.0,NORTH_AMERICA,Querétaro,2020,8,16,2020-08-16T11:41:02,True,Alvaro Rojas (brújula de aves),iNaturalist,http://creativecommons.org/licenses/by-nc/4.0/,Alvaro Rojas (brújula de aves),https://inaturalist-open-data.s3.amazonaws.com/photos/92352483/original.jpeg; https://inaturalist-open-data.s3.amazonaws.com/photos/92352497/original.jpeg; https://inaturalist-open-data.s3.amazonaws.com/photos/92352512/original.jpeg; https://inaturalist-open-data.s3.amazonaws.com/photos/92352519/original.jpeg; https://inaturalist-open-data.s3.amazonaws.com/photos/92352524/original.jpeg,k-mexico,2024-10-25 13:08:37
original_2859970712_3.jpeg,8249437,Salvia purpurea,20.756,"Lampornis clemenciae (R.Lesson, 1830)",2476748,20.781281,-100.050967,2104.0,NORTH_AMERICA,Querétaro,2020,8,16,2020-08-16T11:41:02,True,Alvaro Rojas (brújula de aves),iNaturalist,http://creativecommons.org/licenses/by-nc/4.0/,Alvaro Rojas (brújula de aves),https://inaturalist-open-data.s3.amazonaws.com/photos/92352483/original.jpeg; https://inaturalist-open-data.s3.amazonaws.com/photos/92352497/original.jpeg; https://inaturalist-open-data.s3.amazonaws.com/photos/92352512/original.jpeg; https://inaturalist-open-data.s3.amazonaws.com/photos/92352519/original.jpeg; https://inaturalist-open-data.s3.amazonaws.com/photos/92352524/original.jpeg,k-mexico,2024-10-25 13:08:40
original_2859970712_4.jpeg,2766656,Agave flexispina,2.42,"Lampornis clemenciae (R.Lesson, 1830)",2476748,20.781281,-100.050967,2104.0,NORTH_AMERICA,Querétaro,2020,8,16,2020-08-16T11:41:02,True,Alvaro Rojas (brújula de aves),iNaturalist,http://creativecommons.org/licenses/by-nc/4.0/,Alvaro Rojas (brújula de aves),https://inaturalist-open-data.s3.amazonaws.com/photos/92352483/original.jpeg; https://inaturalist-open-data.s3.amazonaws.com/photos/92352497/original.jpeg; https://inaturalist-open-data.s3.amazonaws.com/photos/92352512/original.jpeg; https://inaturalist-open-data.s3.amazonaws.com/photos/92352519/original.jpeg; https://inaturalist-open-data.s3.amazonaws.com/photos/92352524/original.jpeg,k-mexico,2024-10-25 13:08:42
original_2859970712_5.jpeg,8249437,Salvia purpurea,22.311,"Lampornis clemenciae (R.Lesson, 1830)",2476748,20.781281,-100.050967,2104.0,NORTH_AMERICA,Querétaro,2020,8,16,2020-08-16T11:41:02,True,Alvaro Rojas (brújula de aves),iNaturalist,http://creativecommons.org/licenses/by-nc/4.0/,Alvaro Rojas (brújula de aves),https://inaturalist-open-data.s3.amazonaws.com/photos/92352483/original.jpeg; https://inaturalist-open-data.s3.amazonaws.com/photos/92352497/original.jpeg; https://inaturalist-open-data.s3.amazonaws.com/photos/92352512/original.jpeg; https://inaturalist-open-data.s3.amazonaws.com/photos/92352519/original.jpeg; https://inaturalist-open-data.s3.amazonaws.com/photos/92352524/original.jpeg,k-mexico,2024-10-25 13:08:45
original_2860112584_1.jpg,2987780,Holodiscus discolor,2.394,"Lampornis clemenciae (R.Lesson, 1830)",2476748,19.330695,-99.229372,15.0,NORTH_AMERICA,Distrito Federal,2020,8,27,2020-08-27T10:59,True,antoniolp,iNaturalist,http://creativecommons.org/licenses/by-nc/4.0/,antoniolp,https://inaturalist-open-data.s3.amazonaws.com/photos/92236255/original.jpg,k-mexico,2024-10-25 13:08:47
original_2862291916_1.jpg,2792457,Polystachya concreta,25.097,"Lampornis clemenciae (R.Lesson, 1830)",2476748,19.107488,-99.220082,8.0,NORTH_AMERICA,Distrito Federal,2020,9,3,2020-09-03T11:53,True,Francisco Caloca,iNaturalist,http://creativecommons.org/licenses/by-nc/4.0/,Francisco Caloca,https://inaturalist-open-data.s3.amazonaws.com/photos/93790691/original.jpg,k-mexico,2024-10-25 13:08:49
original_2862486880_1.jpeg,5305033,Kniphofia uvaria,33.954,"Lampornis clemenciae (R.Lesson, 1830)",2476748,23.770756,-105.725582,526.0,NORTH_AMERICA,Durango,2020,8,18,2020-08-18T11:34:53,True,Pepe Santillan,iNaturalist,http://creativecommons.org/licenses/by-nc/4.0/,Pepe Santillan,https://inaturalist-open-data.s3.amazonaws.com/photos/93788498/original.jpeg,k-mexico,2024-10-25 13:08:52
original_2862526738_1.jpg,5285058,Pinus engelmannii,6.736000000000001,"Lampornis clemenciae (R.Lesson, 1830)",2476748,31.914311,-109.144561,8.0,NORTH_AMERICA,Arizona,2016,8,23,2016-08-23T20:29,True,Christian Fernandez,iNaturalist,http://creativecommons.org/licenses/by-nc/4.0/,Christian Fernandez,https://inaturalist-open-data.s3.amazonaws.com/photos/93677932/original.jpg,k-southwestern-u-s-a,2024-10-25 13:08:55
original_2862529562_1.jpg,3171570,Penstemon barbatus,36.815999999999995,"Lampornis clemenciae (R.Lesson, 1830)",2476748,19.116633,-99.196099,31.0,NORTH_AMERICA,Distrito Federal,2020,9,3,2020-09-03T01:39,True,antoniolp,iNaturalist,http://creativecommons.org/licenses/by-nc/4.0/,antoniolp,https://inaturalist-open-data.s3.amazonaws.com/photos/93349785/original.jpg,k-mexico,2024-10-25 13:08:57
original_2862577889_1.jpg,3974744,Vachellia nilotica,3.359,"Lampornis clemenciae (R.Lesson, 1830)",2476748,19.107648,-99.220323,61.0,NORTH_AMERICA,Distrito Federal,2020,9,3,2020-09-03T11:53,True,Francisco Caloca,iNaturalist,http://creativecommons.org/licenses/by-nc/4.0/,Francisco Caloca,https://inaturalist-open-data.s3.amazonaws.com/photos/93790564/original.jpg,k-mexico,2024-10-25 13:09:00
original_2864766700_1.jpg,3681615,Ipomoea cholulensis,2.5700000000000003,"Lampornis clemenciae (R.Lesson, 1830)",2476748,24.901462,-100.190545,4.0,NORTH_AMERICA,Nuevo León,2020,9,9,2020-09-09T09:17,True,Roberto González,iNaturalist,http://creativecommons.org/licenses/by-nc/4.0/,Roberto González,https://inaturalist-open-data.s3.amazonaws.com/photos/94685441/original.jpg; https://inaturalist-open-data.s3.amazonaws.com/photos/94686550/original.jpg; https://inaturalist-open-data.s3.amazonaws.com/photos/94686554/original.jpg,k-mexico,2024-10-25 13:09:02
original_2864766700_2.jpg,2882663,Comarostaphylis diversifolia,3.843,"Lampornis clemenciae (R.Lesson, 1830)",2476748,24.901462,-100.190545,4.0,NORTH_AMERICA,Nuevo León,2020,9,9,2020-09-09T09:17,True,Roberto González,iNaturalist,http://creativecommons.org/licenses/by-nc/4.0/,Roberto González,https://inaturalist-open-data.s3.amazonaws.com/photos/94685441/original.jpg; https://inaturalist-open-data.s3.amazonaws.com/photos/94686550/original.jpg; https://inaturalist-open-data.s3.amazonaws.com/photos/94686554/original.jpg,k-mexico,2024-10-25 13:09:04
original_2864766700_3.jpg,4142909,Rhipidocladum racemiflorum,1.0370000000000001,"Lampornis clemenciae (R.Lesson, 1830)",2476748,24.901462,-100.190545,4.0,NORTH_AMERICA,Nuevo León,2020,9,9,2020-09-09T09:17,True,Roberto González,iNaturalist,http://creativecommons.org/licenses/by-nc/4.0/,Roberto González,https://inaturalist-open-data.s3.amazonaws.com/photos/94685441/original.jpg; https://inaturalist-open-data.s3.amazonaws.com/photos/94686550/original.jpg; https://inaturalist-open-data.s3.amazonaws.com/photos/94686554/original.jpg,k-mexico,2024-10-25 13:09:07
original_2864814807_1.jpg,5320021,Epidendrum nocturnum,0.9400000000000001,"Lampornis clemenciae (R.Lesson, 1830)",2476748,24.85295,-100.24411,244.0,NORTH_AMERICA,Nuevo León,2020,9,8,2020-09-08T14:08,True,Roberto González,iNaturalist,http://creativecommons.org/licenses/by-nc/4.0/,Roberto González,https://inaturalist-open-data.s3.amazonaws.com/photos/94664660/original.jpg,k-mexico,2024-10-25 13:09:09
original_2868079739_1.jpg,2882570,Arctostaphylos myrtifolia,0.5539999999999999,"Lampornis clemenciae (R.Lesson, 1830)",2476748,31.913703,-109.141449,1841.0,NORTH_AMERICA,Arizona,2020,8,28,2020-08-28T12:53,True,Brian Long,iNaturalist,http://creativecommons.org/licenses/by-nc/4.0/,Brian Long,https://inaturalist-open-data.s3.amazonaws.com/photos/95974452/original.jpg,k-southwestern-u-s-a,2024-10-25 13:09:12
original_2868203468_1.jpg,5305033,Kniphofia uvaria,67.502,"Lampornis clemenciae (R.Lesson, 1830)",2476748,17.118889,-96.4525,2073.0,NORTH_AMERICA,Oaxaca,2020,9,15,2020-09-15T11:30,True,ferblafla,iNaturalist,http://creativecommons.org/licenses/by-nc/4.0/,ferblafla,https://inaturalist-open-data.s3.amazonaws.com/photos/96486618/original.jpg,k-mexico,2024-10-25 13:09:14
original_2874024521_1.jpg,5361889,Morus alba,3.157,"Lampornis clemenciae (R.Lesson, 1830)",2476748,19.301306,-99.235581,,NORTH_AMERICA,Distrito Federal,2017,10,27,2017-10-27T12:57,True,victor_rodriguez,iNaturalist,http://creativecommons.org/licenses/by-nc/4.0/,victor_rodriguez,https://inaturalist-open-data.s3.amazonaws.com/photos/98266367/original.jpg,k-mexico,2024-10-25 13:09:21
original_2874026896_1.jpeg,3170397,Cynanchum racemosum,2.204,"Lampornis clemenciae (R.Lesson, 1830)",2476748,20.932856,-100.183437,205.0,NORTH_AMERICA,Guanajuato,2020,9,6,2020-09-06T10:28:48,True,Alvaro Rojas (brújula de aves),iNaturalist,http://creativecommons.org/licenses/by-nc/4.0/,Alvaro Rojas (brújula de aves),https://inaturalist-open-data.s3.amazonaws.com/photos/98185830/original.jpeg; https://inaturalist-open-data.s3.amazonaws.com/photos/98185842/original.jpeg,k-mexico,2024-10-25 13:09:24
original_2874026896_2.jpeg,2705656,Paspalum conjugatum,1.014,"Lampornis clemenciae (R.Lesson, 1830)",2476748,20.932856,-100.183437,205.0,NORTH_AMERICA,Guanajuato,2020,9,6,2020-09-06T10:28:48,True,Alvaro Rojas (brújula de aves),iNaturalist,http://creativecommons.org/licenses/by-nc/4.0/,Alvaro Rojas (brújula de aves),https://inaturalist-open-data.s3.amazonaws.com/photos/98185830/original.jpeg; https://inaturalist-open-data.s3.amazonaws.com/photos/98185842/original.jpeg,k-mexico,2024-10-25 13:09:26
original_2898249556_1.jpg,3132203,Perymenium grande,1.359,"Lampornis clemenciae (R.Lesson, 1830)",2476748,19.47289,-99.267162,31.0,NORTH_AMERICA,México,2020,9,27,2020-09-27T17:02,True,Valentina de Santiago,iNaturalist,http://creativecommons.org/licenses/by-nc/4.0/,Valentina de Santiago,https://inaturalist-open-data.s3.amazonaws.com/photos/98771057/original.jpg,k-mexico,2024-10-25 13:09:31
original_2980782294_1.jpg,5285621,Pinus monticola,10.552,"Lampornis clemenciae (R.Lesson, 1830)",2476748,31.896203,-109.163672,1841.0,NORTH_AMERICA,Arizona,2020,10,26,2020-10-26T13:44,True,Tom Mills,iNaturalist,http://creativecommons.org/licenses/by-nc/4.0/,Tom Mills,https://inaturalist-open-data.s3.amazonaws.com/photos/103358800/original.jpg,k-southwestern-u-s-a,2024-10-25 13:09:36
original_2988284037_1.jpeg,5372429,Shepherdia argentea,0.694,"Lampornis clemenciae (R.Lesson, 1830)",2476748,31.883545,-109.207018,100.0,NORTH_AMERICA,Arizona,2014,8,19,2014-08-19T18:00,True,Chris Grinter,iNaturalist,http://creativecommons.org/licenses/by-nc/4.0/,Chris Grinter,https://inaturalist-open-data.s3.amazonaws.com/photos/104439064/original.jpeg; https://inaturalist-open-data.s3.amazonaws.com/photos/104439066/original.jpeg,k-southwestern-u-s-a,2024-10-25 13:09:44
original_2988284037_2.jpeg,2687932,Equisetum palustre,2.851,"Lampornis clemenciae (R.Lesson, 1830)",2476748,31.883545,-109.207018,100.0,NORTH_AMERICA,Arizona,2014,8,19,2014-08-19T18:00,True,Chris Grinter,iNaturalist,http://creativecommons.org/licenses/by-nc/4.0/,Chris Grinter,https://inaturalist-open-data.s3.amazonaws.com/photos/104439064/original.jpeg; https://inaturalist-open-data.s3.amazonaws.com/photos/104439066/original.jpeg,k-southwestern-u-s-a,2024-10-25 13:09:46
original_2988555188_3.jpeg,5372984,Salix bonplandiana,7.632,"Lampornis clemenciae (R.Lesson, 1830)",2476748,31.881604,-109.190098,251.0,NORTH_AMERICA,Arizona,2018,8,23,2018-08-23T00:22,True,Christoph Moning,iNaturalist,http://creativecommons.org/licenses/by/4.0/,Christoph Moning,https://inaturalist-open-data.s3.amazonaws.com/photos/104594553/original.jpeg; https://inaturalist-open-data.s3.amazonaws.com/photos/104594558/original.jpeg; https://inaturalist-open-data.s3.amazonaws.com/photos/104594567/original.jpeg,k-southwestern-u-s-a,2024-10-25 13:09:52
original_2999087697_1.jpeg,3033193,Aquilegia eximia,15.094,"Lampornis clemenciae (R.Lesson, 1830)",2476748,31.883362,-109.20534,,NORTH_AMERICA,Arizona,2019,9,2,2019-09-02T16:11,True,James Bailey,iNaturalist,http://creativecommons.org/licenses/by-nc/4.0/,James Bailey,https://inaturalist-open-data.s3.amazonaws.com/photos/106525085/original.jpeg; https://inaturalist-open-data.s3.amazonaws.com/photos/106525092/original.jpeg; https://inaturalist-open-data.s3.amazonaws.com/photos/106525101/original.jpeg; https://inaturalist-open-data.s3.amazonaws.com/photos/106525109/original.jpeg,k-southwestern-u-s-a,2024-10-25 13:10:02
original_2999087697_3.jpeg,3033193,Aquilegia eximia,0.549,"Lampornis clemenciae (R.Lesson, 1830)",2476748,31.883362,-109.20534,,NORTH_AMERICA,Arizona,2019,9,2,2019-09-02T16:11,True,James Bailey,iNaturalist,http://creativecommons.org/licenses/by-nc/4.0/,James Bailey,https://inaturalist-open-data.s3.amazonaws.com/photos/106525085/original.jpeg; https://inaturalist-open-data.s3.amazonaws.com/photos/106525092/original.jpeg; https://inaturalist-open-data.s3.amazonaws.com/photos/106525101/original.jpeg; https://inaturalist-open-data.s3.amazonaws.com/photos/106525109/original.jpeg,k-southwestern-u-s-a,2024-10-25 13:10:06
original_3031686035_1.jpg,5285053,Pinus ponderosa,5.151,"Lampornis clemenciae (R.Lesson, 1830)",2476748,19.013232,-99.230847,18.0,NORTH_AMERICA,Morelos,2020,4,2,2020-04-02T12:26,True,Rafael Rodríguez Brito,iNaturalist,http://creativecommons.org/licenses/by-nc/4.0/,Rafael Rodríguez Brito,https://inaturalist-open-data.s3.amazonaws.com/photos/110347376/original.jpg,k-mexico,2024-10-25 13:10:12
original_3031843879_1.jpeg,2874219,Passiflora subpeltata,2.785,"Lampornis clemenciae (R.Lesson, 1830)",2476748,25.39902,-100.568603,3288.0,NORTH_AMERICA,Coahuila,2020,8,16,2020-08-16T09:51:21,True,Raul Eduardo Gamez Benavides,iNaturalist,http://creativecommons.org/licenses/by-nc/4.0/,Raul Eduardo Gamez Benavides,https://inaturalist-open-data.s3.amazonaws.com/photos/90368420/original.jpeg,k-mexico,2024-10-25 13:10:15
original_3031987796_1.jpg,3152817,Platanus wrightii,0.733,"Lampornis clemenciae (R.Lesson, 1830)",2476748,19.013232,-99.230847,18.0,NORTH_AMERICA,Morelos,2021,1,13,2021-01-13T09:37,True,Rafael Rodríguez Brito,iNaturalist,http://creativecommons.org/licenses/by-nc/4.0/,Rafael Rodríguez Brito,https://inaturalist-open-data.s3.amazonaws.com/photos/111085404/original.jpg,k-mexico,2024-10-25 13:10:18
original_3032124737_1.jpg,2959443,Gleditsia triacanthos,4.662999999999999,"Lampornis clemenciae (R.Lesson, 1830)",2476748,19.013232,-99.230847,18.0,NORTH_AMERICA,Morelos,2021,1,24,2021-01-24T16:39,True,Rafael Rodríguez Brito,iNaturalist,http://creativecommons.org/licenses/by-nc/4.0/,Rafael Rodríguez Brito,https://inaturalist-open-data.s3.amazonaws.com/photos/111077252/original.jpg,k-mexico,2024-10-25 13:10:27
original_3032137878_1.jpeg,2887069,Sideroxylon lanuginosum,3.5340000000000003,"Lampornis clemenciae (R.Lesson, 1830)",2476748,31.8827,-109.179925,,NORTH_AMERICA,Arizona,2020,12,22,2020-12-22T10:36,True,Noah Strycker,iNaturalist,http://creativecommons.org/licenses/by-nc/4.0/,Noah Strycker,https://inaturalist-open-data.s3.amazonaws.com/photos/110222189/original.jpeg; https://inaturalist-open-data.s3.amazonaws.com/photos/110222449/original.jpeg,k-southwestern-u-s-a,2024-10-25 13:10:32
original_3032137878_2.jpeg,5289756,Phalaris arundinacea,1.3010000000000002,"Lampornis clemenciae (R.Lesson, 1830)",2476748,31.8827,-109.179925,,NORTH_AMERICA,Arizona,2020,12,22,2020-12-22T10:36,True,Noah Strycker,iNaturalist,http://creativecommons.org/licenses/by-nc/4.0/,Noah Strycker,https://inaturalist-open-data.s3.amazonaws.com/photos/110222189/original.jpeg; https://inaturalist-open-data.s3.amazonaws.com/photos/110222449/original.jpeg,k-southwestern-u-s-a,2024-10-25 13:10:35
original_3044849223_1.jpeg,2874696,Tamarix chinensis,1.29,"Lampornis clemenciae (R.Lesson, 1830)",2476748,20.116174,-98.023177,1254.0,NORTH_AMERICA,Puebla,2021,2,17,2021-02-17T08:12,True,APRN Necaxa,iNaturalist,http://creativecommons.org/licenses/by-nc/4.0/,APRN Necaxa,https://inaturalist-open-data.s3.amazonaws.com/photos/113995246/original.jpeg,k-mexico,2024-10-25 13:10:38
original_3044873430_1.jpeg,2767031,Agave americana,78.422,"Lampornis clemenciae (R.Lesson, 1830)",2476748,19.294752,-98.25432,2047.0,NORTH_AMERICA,Tlaxcala,2010,6,27,2010-06-27T08:57,True,adolfocuevas,iNaturalist,http://creativecommons.org/licenses/by-nc/4.0/,adolfocuevas,https://inaturalist-open-data.s3.amazonaws.com/photos/113209122/original.jpeg,k-mexico,2024-10-25 13:10:40
original_3058920602_1.jpeg,2797253,Corallorhiza wisteriana,0.39699999999999996,"Lampornis clemenciae (R.Lesson, 1830)",2476748,31.902469,-109.15813,4186.0,NORTH_AMERICA,Arizona,2019,4,5,2019-04-05T00:30,True,Jan Ebr & Ivana Ebrová,iNaturalist,http://creativecommons.org/licenses/by/4.0/,Jan Ebr & Ivana Ebrová,https://inaturalist-open-data.s3.amazonaws.com/photos/115092165/original.jpeg,k-southwestern-u-s-a,2024-10-25 13:10:43
original_3059081247_1.jpg,2959443,Gleditsia triacanthos,1.06,"Lampornis clemenciae (R.Lesson, 1830)",2476748,31.904465,-109.156156,10.0,NORTH_AMERICA,Arizona,2021,2,25,2021-02-25T11:17,True,Dave Suszcynsky,iNaturalist,http://creativecommons.org/licenses/by-nc/4.0/,Dave Suszcynsky,https://inaturalist-open-data.s3.amazonaws.com/photos/114896695/original.jpg; https://inaturalist-open-data.s3.amazonaws.com/photos/114896702/original.jpg; https://inaturalist-open-data.s3.amazonaws.com/photos/114896706/original.jpg; https://inaturalist-open-data.s3.amazonaws.com/photos/114896711/original.jpg; https://inaturalist-open-data.s3.amazonaws.com/photos/114896717/original.jpg; https://inaturalist-open-data.s3.amazonaws.com/photos/114896721/original.jpg; https://inaturalist-open-data.s3.amazonaws.com/photos/114896728/original.jpg; https://inaturalist-open-data.s3.amazonaws.com/photos/114896735/original.jpg; https://inaturalist-open-data.s3.amazonaws.com/photos/114896741/original.jpg; https://inaturalist-open-data.s3.amazonaws.com/photos/114896753/original.jpg; https://inaturalist-open-data.s3.amazonaws.com/photos/114896762/original.jpg,k-southwestern-u-s-a,2024-10-25 13:10:45
original_3059081247_10.jpg,5285621,Pinus monticola,0.759,"Lampornis clemenciae (R.Lesson, 1830)",2476748,31.904465,-109.156156,10.0,NORTH_AMERICA,Arizona,2021,2,25,2021-02-25T11:17,True,Dave Suszcynsky,iNaturalist,http://creativecommons.org/licenses/by-nc/4.0/,Dave Suszcynsky,https://inaturalist-open-data.s3.amazonaws.com/photos/114896695/original.jpg; https://inaturalist-open-data.s3.amazonaws.com/photos/114896702/original.jpg; https://inaturalist-open-data.s3.amazonaws.com/photos/114896706/original.jpg; https://inaturalist-open-data.s3.amazonaws.com/photos/114896711/original.jpg; https://inaturalist-open-data.s3.amazonaws.com/photos/114896717/original.jpg; https://inaturalist-open-data.s3.amazonaws.com/photos/114896721/original.jpg; https://inaturalist-open-data.s3.amazonaws.com/photos/114896728/original.jpg; https://inaturalist-open-data.s3.amazonaws.com/photos/114896735/original.jpg; https://inaturalist-open-data.s3.amazonaws.com/photos/114896741/original.jpg; https://inaturalist-open-data.s3.amazonaws.com/photos/114896753/original.jpg; https://inaturalist-open-data.s3.amazonaws.com/photos/114896762/original.jpg,k-southwestern-u-s-a,2024-10-25 13:10:48
original_3059081247_11.jpg,5285621,Pinus monticola,1.163,"Lampornis clemenciae (R.Lesson, 1830)",2476748,31.904465,-109.156156,10.0,NORTH_AMERICA,Arizona,2021,2,25,2021-02-25T11:17,True,Dave Suszcynsky,iNaturalist,http://creativecommons.org/licenses/by-nc/4.0/,Dave Suszcynsky,https://inaturalist-open-data.s3.amazonaws.com/photos/114896695/original.jpg; https://inaturalist-open-data.s3.amazonaws.com/photos/114896702/original.jpg; https://inaturalist-open-data.s3.amazonaws.com/photos/114896706/original.jpg; https://inaturalist-open-data.s3.amazonaws.com/photos/114896711/original.jpg; https://inaturalist-open-data.s3.amazonaws.com/photos/114896717/original.jpg; https://inaturalist-open-data.s3.amazonaws.com/photos/114896721/original.jpg; https://inaturalist-open-data.s3.amazonaws.com/photos/114896728/original.jpg; https://inaturalist-open-data.s3.amazonaws.com/photos/114896735/original.jpg; https://inaturalist-open-data.s3.amazonaws.com/photos/114896741/original.jpg; https://inaturalist-open-data.s3.amazonaws.com/photos/114896753/original.jpg; https://inaturalist-open-data.s3.amazonaws.com/photos/114896762/original.jpg,k-southwestern-u-s-a,2024-10-25 13:10:50
original_3059081247_2.jpg,5285258,Pinus longaeva,2.18,"Lampornis clemenciae (R.Lesson, 1830)",2476748,31.904465,-109.156156,10.0,NORTH_AMERICA,Arizona,2021,2,25,2021-02-25T11:17,True,Dave Suszcynsky,iNaturalist,http://creativecommons.org/licenses/by-nc/4.0/,Dave Suszcynsky,https://inaturalist-open-data.s3.amazonaws.com/photos/114896695/original.jpg; https://inaturalist-open-data.s3.amazonaws.com/photos/114896702/original.jpg; https://inaturalist-open-data.s3.amazonaws.com/photos/114896706/original.jpg; https://inaturalist-open-data.s3.amazonaws.com/photos/114896711/original.jpg; https://inaturalist-open-data.s3.amazonaws.com/photos/114896717/original.jpg; https://inaturalist-open-data.s3.amazonaws.com/photos/114896721/original.jpg; https://inaturalist-open-data.s3.amazonaws.com/photos/114896728/original.jpg; https://inaturalist-open-data.s3.amazonaws.com/photos/114896735/original.jpg; https://inaturalist-open-data.s3.amazonaws.com/photos/114896741/original.jpg; https://inaturalist-open-data.s3.amazonaws.com/photos/114896753/original.jpg; https://inaturalist-open-data.s3.amazonaws.com/photos/114896762/original.jpg,k-southwestern-u-s-a,2024-10-25 13:10:52
original_3059081247_3.jpg,5285708,Pinus balfouriana,0.346,"Lampornis clemenciae (R.Lesson, 1830)",2476748,31.904465,-109.156156,10.0,NORTH_AMERICA,Arizona,2021,2,25,2021-02-25T11:17,True,Dave Suszcynsky,iNaturalist,http://creativecommons.org/licenses/by-nc/4.0/,Dave Suszcynsky,https://inaturalist-open-data.s3.amazonaws.com/photos/114896695/original.jpg; https://inaturalist-open-data.s3.amazonaws.com/photos/114896702/original.jpg; https://inaturalist-open-data.s3.amazonaws.com/photos/114896706/original.jpg; https://inaturalist-open-data.s3.amazonaws.com/photos/114896711/original.jpg; https://inaturalist-open-data.s3.amazonaws.com/photos/114896717/original.jpg; https://inaturalist-open-data.s3.amazonaws.com/photos/114896721/original.jpg; https://inaturalist-open-data.s3.amazonaws.com/photos/114896728/original.jpg; https://inaturalist-open-data.s3.amazonaws.com/photos/114896735/original.jpg; https://inaturalist-open-data.s3.amazonaws.com/photos/114896741/original.jpg; https://inaturalist-open-data.s3.amazonaws.com/photos/114896753/original.jpg; https://inaturalist-open-data.s3.amazonaws.com/photos/114896762/original.jpg,k-southwestern-u-s-a,2024-10-25 13:10:54
original_3059081247_4.jpg,3190586,Pistacia chinensis,0.577,"Lampornis clemenciae (R.Lesson, 1830)",2476748,31.904465,-109.156156,10.0,NORTH_AMERICA,Arizona,2021,2,25,2021-02-25T11:17,True,Dave Suszcynsky,iNaturalist,http://creativecommons.org/licenses/by-nc/4.0/,Dave Suszcynsky,https://inaturalist-open-data.s3.amazonaws.com/photos/114896695/original.jpg; https://inaturalist-open-data.s3.amazonaws.com/photos/114896702/original.jpg; https://inaturalist-open-data.s3.amazonaws.com/photos/114896706/original.jpg; https://inaturalist-open-data.s3.amazonaws.com/photos/114896711/original.jpg; https://inaturalist-open-data.s3.amazonaws.com/photos/114896717/original.jpg; https://inaturalist-open-data.s3.amazonaws.com/photos/114896721/original.jpg; https://inaturalist-open-data.s3.amazonaws.com/photos/114896728/original.jpg; https://inaturalist-open-data.s3.amazonaws.com/photos/114896735/original.jpg; https://inaturalist-open-data.s3.amazonaws.com/photos/114896741/original.jpg; https://inaturalist-open-data.s3.amazonaws.com/photos/114896753/original.jpg; https://inaturalist-open-data.s3.amazonaws.com/photos/114896762/original.jpg,k-southwestern-u-s-a,2024-10-25 13:10:57
original_3059156446_1.jpg,3021850,Prunus serotina,1.5110000000000001,"Lampornis clemenciae (R.Lesson, 1830)",2476748,19.589833,-100.264412,215.0,NORTH_AMERICA,Michoacán,2021,3,4,2021-03-04T12:57,True,mamole,iNaturalist,http://creativecommons.org/licenses/by-nc/4.0/,mamole,https://inaturalist-open-data.s3.amazonaws.com/photos/115069178/original.jpg; https://inaturalist-open-data.s3.amazonaws.com/photos/115069468/original.jpg,k-mexico,2024-10-25 13:11:13
original_3059156446_2.jpg,2923947,Cephalanthus occidentalis,0.7060000000000001,"Lampornis clemenciae (R.Lesson, 1830)",2476748,19.589833,-100.264412,215.0,NORTH_AMERICA,Michoacán,2021,3,4,2021-03-04T12:57,True,mamole,iNaturalist,http://creativecommons.org/licenses/by-nc/4.0/,mamole,https://inaturalist-open-data.s3.amazonaws.com/photos/115069178/original.jpg; https://inaturalist-open-data.s3.amazonaws.com/photos/115069468/original.jpg,k-mexico,2024-10-25 13:11:15
original_3067867087_1.jpg,5285621,Pinus monticola,7.867,"Lampornis clemenciae (R.Lesson, 1830)",2476748,31.904704,-109.15601,23.0,NORTH_AMERICA,Arizona,2021,3,19,2021-03-19T15:45,True,Adrienne McLeod,iNaturalist,http://creativecommons.org/licenses/by-nc/4.0/,Adrienne McLeod,https://inaturalist-open-data.s3.amazonaws.com/photos/116774214/original.jpg; https://inaturalist-open-data.s3.amazonaws.com/photos/116774224/original.jpg; https://inaturalist-open-data.s3.amazonaws.com/photos/116774230/original.jpg; https://inaturalist-open-data.s3.amazonaws.com/photos/116774242/original.jpg,k-southwestern-u-s-a,2024-10-25 13:11:20
original_3067867087_2.jpg,5285621,Pinus monticola,19.203,"Lampornis clemenciae (R.Lesson, 1830)",2476748,31.904704,-109.15601,23.0,NORTH_AMERICA,Arizona,2021,3,19,2021-03-19T15:45,True,Adrienne McLeod,iNaturalist,http://creativecommons.org/licenses/by-nc/4.0/,Adrienne McLeod,https://inaturalist-open-data.s3.amazonaws.com/photos/116774214/original.jpg; https://inaturalist-open-data.s3.amazonaws.com/photos/116774224/original.jpg; https://inaturalist-open-data.s3.amazonaws.com/photos/116774230/original.jpg; https://inaturalist-open-data.s3.amazonaws.com/photos/116774242/original.jpg,k-southwestern-u-s-a,2024-10-25 13:11:23
original_3070316636_1.jpg,2792457,Polystachya concreta,1.279,"Lampornis clemenciae (R.Lesson, 1830)",2476748,24.870186,-100.224512,20.0,NORTH_AMERICA,Nuevo León,2019,6,8,2019-06-08T12:18,True,patrick vant,iNaturalist,http://creativecommons.org/licenses/by-nc/4.0/,patrick vant,https://inaturalist-open-data.s3.amazonaws.com/photos/41427923/original.jpg,k-mexico,2024-10-25 13:11:30
original_3070339511_1.jpg,3040232,Populus deltoides,3.42,"Lampornis clemenciae (R.Lesson, 1830)",2476748,31.883976,-109.206052,212.0,NORTH_AMERICA,Arizona,2018,5,24,2018-05-24T16:08,True,Noah Frade,iNaturalist,http://creativecommons.org/licenses/by-nc-nd/4.0/,Noah Frade,https://inaturalist-open-data.s3.amazonaws.com/photos/18804262/original.jpg,k-southwestern-u-s-a,2024-10-25 13:11:33
original_3070486368_1.jpeg,5938224,Fuchsia magellanica,4.9079999999999995,"Lampornis clemenciae (R.Lesson, 1830)",2476748,17.106155,-97.698265,,NORTH_AMERICA,Oaxaca,2017,7,28,2017-07-28T16:25:27,True,Joey Santore,iNaturalist,http://creativecommons.org/licenses/by-nc/4.0/,Joey Santore,https://inaturalist-open-data.s3.amazonaws.com/photos/9430354/original.jpeg; https://inaturalist-open-data.s3.amazonaws.com/photos/9430378/original.jpeg,k-mexico,2024-10-25 13:11:35
original_3070486368_2.jpeg,5938224,Fuchsia magellanica,10.891,"Lampornis clemenciae (R.Lesson, 1830)",2476748,17.106155,-97.698265,,NORTH_AMERICA,Oaxaca,2017,7,28,2017-07-28T16:25:27,True,Joey Santore,iNaturalist,http://creativecommons.org/licenses/by-nc/4.0/,Joey Santore,https://inaturalist-open-data.s3.amazonaws.com/photos/9430354/original.jpeg; https://inaturalist-open-data.s3.amazonaws.com/photos/9430378/original.jpeg,k-mexico,2024-10-25 13:11:37
original_3079483348_1.jpeg,3734628,Penstemon gentianoides,76.88199999999999,"Lampornis clemenciae (R.Lesson, 1830)",2476748,19.497803,-97.153038,4.0,NORTH_AMERICA,Veracruz,2017,7,2,2017-07-02T13:11,True,Aurelio Molina Hernández.,iNaturalist,http://creativecommons.org/licenses/by-nc/4.0/,Aurelio Molina Hernández.,https://inaturalist-open-data.s3.amazonaws.com/photos/8825586/original.jpeg; https://inaturalist-open-data.s3.amazonaws.com/photos/8825592/original.jpeg; https://inaturalist-open-data.s3.amazonaws.com/photos/8825597/original.jpeg; https://inaturalist-open-data.s3.amazonaws.com/photos/8825605/original.jpeg; https://inaturalist-open-data.s3.amazonaws.com/photos/8825612/original.jpeg,k-mexico,2024-10-25 13:11:42
original_3079483348_3.jpeg,3734628,Penstemon gentianoides,66.404,"Lampornis clemenciae (R.Lesson, 1830)",2476748,19.497803,-97.153038,4.0,NORTH_AMERICA,Veracruz,2017,7,2,2017-07-02T13:11,True,Aurelio Molina Hernández.,iNaturalist,http://creativecommons.org/licenses/by-nc/4.0/,Aurelio Molina Hernández.,https://inaturalist-open-data.s3.amazonaws.com/photos/8825586/original.jpeg; https://inaturalist-open-data.s3.amazonaws.com/photos/8825592/original.jpeg; https://inaturalist-open-data.s3.amazonaws.com/photos/8825597/original.jpeg; https://inaturalist-open-data.s3.amazonaws.com/photos/8825605/original.jpeg; https://inaturalist-open-data.s3.amazonaws.com/photos/8825612/original.jpeg,k-mexico,2024-10-25 13:11:44
original_3079483348_4.jpeg,5285019,Pinus devoniana,47.754999999999995,"Lampornis clemenciae (R.Lesson, 1830)",2476748,19.497803,-97.153038,4.0,NORTH_AMERICA,Veracruz,2017,7,2,2017-07-02T13:11,True,Aurelio Molina Hernández.,iNaturalist,http://creativecommons.org/licenses/by-nc/4.0/,Aurelio Molina Hernández.,https://inaturalist-open-data.s3.amazonaws.com/photos/8825586/original.jpeg; https://inaturalist-open-data.s3.amazonaws.com/photos/8825592/original.jpeg; https://inaturalist-open-data.s3.amazonaws.com/photos/8825597/original.jpeg; https://inaturalist-open-data.s3.amazonaws.com/photos/8825605/original.jpeg; https://inaturalist-open-data.s3.amazonaws.com/photos/8825612/original.jpeg,k-mexico,2024-10-25 13:11:46
original_3079483348_5.jpeg,5285019,Pinus devoniana,43.129,"Lampornis clemenciae (R.Lesson, 1830)",2476748,19.497803,-97.153038,4.0,NORTH_AMERICA,Veracruz,2017,7,2,2017-07-02T13:11,True,Aurelio Molina Hernández.,iNaturalist,http://creativecommons.org/licenses/by-nc/4.0/,Aurelio Molina Hernández.,https://inaturalist-open-data.s3.amazonaws.com/photos/8825586/original.jpeg; https://inaturalist-open-data.s3.amazonaws.com/photos/8825592/original.jpeg; https://inaturalist-open-data.s3.amazonaws.com/photos/8825597/original.jpeg; https://inaturalist-open-data.s3.amazonaws.com/photos/8825605/original.jpeg; https://inaturalist-open-data.s3.amazonaws.com/photos/8825612/original.jpeg,k-mexico,2024-10-25 13:11:49
original_3079547372_1.jpeg,5284917,Picea engelmannii,0.923,"Lampornis clemenciae (R.Lesson, 1830)",2476748,19.22574,-99.915695,,NORTH_AMERICA,México,2017,9,28,2017-09-28T13:47,True,Eusebio Roldán Félix,iNaturalist,http://creativecommons.org/licenses/by-nc/4.0/,Eusebio Roldán Félix,https://inaturalist-open-data.s3.amazonaws.com/photos/10901686/original.jpeg; https://inaturalist-open-data.s3.amazonaws.com/photos/10901831/original.jpeg; https://inaturalist-open-data.s3.amazonaws.com/photos/10901832/original.jpeg,k-mexico,2024-10-25 13:11:52
original_3079547372_2.jpeg,3172386,Forestiera angustifolia,1.5810000000000002,"Lampornis clemenciae (R.Lesson, 1830)",2476748,19.22574,-99.915695,,NORTH_AMERICA,México,2017,9,28,2017-09-28T13:47,True,Eusebio Roldán Félix,iNaturalist,http://creativecommons.org/licenses/by-nc/4.0/,Eusebio Roldán Félix,https://inaturalist-open-data.s3.amazonaws.com/photos/10901686/original.jpeg; https://inaturalist-open-data.s3.amazonaws.com/photos/10901831/original.jpeg; https://inaturalist-open-data.s3.amazonaws.com/photos/10901832/original.jpeg,k-mexico,2024-10-25 13:11:54
original_3079547372_3.jpeg,5285727,Pinus radiata,13.114999999999998,"Lampornis clemenciae (R.Lesson, 1830)",2476748,19.22574,-99.915695,,NORTH_AMERICA,México,2017,9,28,2017-09-28T13:47,True,Eusebio Roldán Félix,iNaturalist,http://creativecommons.org/licenses/by-nc/4.0/,Eusebio Roldán Félix,https://inaturalist-open-data.s3.amazonaws.com/photos/10901686/original.jpeg; https://inaturalist-open-data.s3.amazonaws.com/photos/10901831/original.jpeg; https://inaturalist-open-data.s3.amazonaws.com/photos/10901832/original.jpeg,k-mexico,2024-10-25 13:11:56
original_3079665155_1.jpg,5349751,Erythrina americana,43.971,"Lampornis clemenciae (R.Lesson, 1830)",2476748,19.616382,-99.310406,2.0,NORTH_AMERICA,México,2021,3,27,2021-03-27T02:22Z,True,Wendolyne,iNaturalist,http://creativecommons.org/licenses/by-nc/4.0/,Wendolyne,https://inaturalist-open-data.s3.amazonaws.com/photos/119577453/original.jpg,k-mexico,2024-10-25 13:11:59
original_3090579033_1.jpg,2650936,Nephrolepis biserrata,8.891,"Lampornis clemenciae (R.Lesson, 1830)",2476748,19.531511,-97.078133,8.0,NORTH_AMERICA,Veracruz,2021,4,1,2021-04-01T13:25,True,Adrianh Martínez Orozco,iNaturalist,http://creativecommons.org/licenses/by/4.0/,Adrianh Martínez Orozco,https://inaturalist-open-data.s3.amazonaws.com/photos/119770999/original.jpg,k-mexico,2024-10-25 13:12:03
original_3097038348_1.jpeg,5361877,Ulmus pumila,10.363,"Lampornis clemenciae (R.Lesson, 1830)",2476748,31.904428,-109.155885,,NORTH_AMERICA,Arizona,2019,6,2,2019-06-02T12:25Z,True,Rachel Stringham,iNaturalist,http://creativecommons.org/licenses/by/4.0/,Rachel Stringham,https://inaturalist-open-data.s3.amazonaws.com/photos/40932790/original.jpeg,k-southwestern-u-s-a,2024-10-25 13:12:10
original_3097151403_1.jpeg,2887069,Sideroxylon lanuginosum,2.7550000000000003,"Lampornis clemenciae (R.Lesson, 1830)",2476748,31.873888,-109.183435,,NORTH_AMERICA,Arizona,2020,6,17,2020-06-17T09:19,True,Rachel Stringham,iNaturalist,http://creativecommons.org/licenses/by/4.0/,Rachel Stringham,https://inaturalist-open-data.s3.amazonaws.com/photos/80579887/original.jpg; https://inaturalist-open-data.s3.amazonaws.com/photos/80579974/original.jpg; https://inaturalist-open-data.s3.amazonaws.com/photos/80580145/original.jpeg; https://inaturalist-open-data.s3.amazonaws.com/photos/80580175/original.jpeg,k-southwestern-u-s-a,2024-10-25 13:12:16
original_3109019979_1.jpeg,2767031,Agave americana,14.276,"Lampornis clemenciae (R.Lesson, 1830)",2476748,19.820035,-100.221175,45.0,NORTH_AMERICA,Michoacán,2019,6,23,2019-06-23T09:15:39,True,M. C. Gerardo Eusebio Valdes,iNaturalist,http://creativecommons.org/licenses/by-nc/4.0/,M. C. Gerardo Eusebio Valdes,https://inaturalist-open-data.s3.amazonaws.com/photos/123050829/original.jpeg,k-mexico,2024-10-25 13:12:26
original_3109290988_1.jpg,2705848,Urochloa mutica,2.093,"Lampornis clemenciae (R.Lesson, 1830)",2476748,19.341421,-99.233422,732.0,NORTH_AMERICA,Distrito Federal,2021,4,25,2021-04-25T14:16:35,True,paoli,iNaturalist,http://creativecommons.org/licenses/by-nc/4.0/,paoli,https://inaturalist-open-data.s3.amazonaws.com/photos/123017961/original.jpg,k-mexico,2024-10-25 13:12:28
original_3112837705_1.jpg,8368963,Salvia gesneriiflora,5.187,"Lampornis clemenciae (R.Lesson, 1830)",2476748,19.593628,-97.13385,30562.0,NORTH_AMERICA,Veracruz,2021,5,5,2021-05-05T08:21,True,El Chivizcoyo,iNaturalist,http://creativecommons.org/licenses/by-nc/4.0/,El Chivizcoyo,https://inaturalist-open-data.s3.amazonaws.com/photos/126784493/original.jpg,k-mexico,2024-10-25 13:12:31
original_3113517655_1.jpeg,5285090,Pinus patula,47.916,"Lampornis clemenciae (R.Lesson, 1830)",2476748,19.488582,-102.176292,,NORTH_AMERICA,Michoacán,2021,4,30,2021-04-30T10:42,True,David Ruíz Domínguez,iNaturalist,http://creativecommons.org/licenses/by-nc/4.0/,David Ruíz Domínguez,https://inaturalist-open-data.s3.amazonaws.com/photos/128422284/original.jpeg; https://inaturalist-open-data.s3.amazonaws.com/photos/128422288/original.jpeg; https://inaturalist-open-data.s3.amazonaws.com/photos/128422308/original.jpeg,k-mexico,2024-10-25 13:12:36
original_3113517655_3.jpeg,5285090,Pinus patula,39.690999999999995,"Lampornis clemenciae (R.Lesson, 1830)",2476748,19.488582,-102.176292,,NORTH_AMERICA,Michoacán,2021,4,30,2021-04-30T10:42,True,David Ruíz Domínguez,iNaturalist,http://creativecommons.org/licenses/by-nc/4.0/,David Ruíz Domínguez,https://inaturalist-open-data.s3.amazonaws.com/photos/128422284/original.jpeg; https://inaturalist-open-data.s3.amazonaws.com/photos/128422288/original.jpeg; https://inaturalist-open-data.s3.amazonaws.com/photos/128422308/original.jpeg,k-mexico,2024-10-25 13:12:41
original_3113529343_1.jpeg,5339488,Randia aculeata,3.83,"Lampornis clemenciae (R.Lesson, 1830)",2476748,20.989917,-99.694999,61.0,NORTH_AMERICA,Querétaro,2021,5,5,2021-05-05T12:35,True,mahinda,iNaturalist,http://creativecommons.org/licenses/by-nc/4.0/,mahinda,https://inaturalist-open-data.s3.amazonaws.com/photos/128018405/original.jpeg,k-mexico,2024-10-25 13:12:44
original_3113546704_1.jpeg,3114557,Cirsium occidentale,1.805,"Lampornis clemenciae (R.Lesson, 1830)",2476748,19.488653,-102.17624,,NORTH_AMERICA,Michoacán,2021,4,30,2021-04-30T10:42,True,David Ruíz Domínguez,iNaturalist,http://creativecommons.org/licenses/by-nc/4.0/,David Ruíz Domínguez,https://inaturalist-open-data.s3.amazonaws.com/photos/128422314/original.jpeg; https://inaturalist-open-data.s3.amazonaws.com/photos/128422334/original.jpeg; https://inaturalist-open-data.s3.amazonaws.com/photos/128422340/original.jpeg,k-mexico,2024-10-25 13:12:46
original_3113546704_2.jpeg,3114557,Cirsium occidentale,1.8159999999999998,"Lampornis clemenciae (R.Lesson, 1830)",2476748,19.488653,-102.17624,,NORTH_AMERICA,Michoacán,2021,4,30,2021-04-30T10:42,True,David Ruíz Domínguez,iNaturalist,http://creativecommons.org/licenses/by-nc/4.0/,David Ruíz Domínguez,https://inaturalist-open-data.s3.amazonaws.com/photos/128422314/original.jpeg; https://inaturalist-open-data.s3.amazonaws.com/photos/128422334/original.jpeg; https://inaturalist-open-data.s3.amazonaws.com/photos/128422340/original.jpeg,k-mexico,2024-10-25 13:12:48
original_3113546704_3.jpeg,3114557,Cirsium occidentale,5.946,"Lampornis clemenciae (R.Lesson, 1830)",2476748,19.488653,-102.17624,,NORTH_AMERICA,Michoacán,2021,4,30,2021-04-30T10:42,True,David Ruíz Domínguez,iNaturalist,http://creativecommons.org/licenses/by-nc/4.0/,David Ruíz Domínguez,https://inaturalist-open-data.s3.amazonaws.com/photos/128422314/original.jpeg; https://inaturalist-open-data.s3.amazonaws.com/photos/128422334/original.jpeg; https://inaturalist-open-data.s3.amazonaws.com/photos/128422340/original.jpeg,k-mexico,2024-10-25 13:12:51
original_3124495589_1.jpeg,5406696,Ceiba aesculifolia,19.337,"Lampornis clemenciae (R.Lesson, 1830)",2476748,19.205923,-99.217004,8.0,NORTH_AMERICA,Distrito Federal,2021,5,21,2021-05-21T08:02,True,Mario Castañeda,iNaturalist,http://creativecommons.org/licenses/by-nc/4.0/,Mario Castañeda,https://inaturalist-open-data.s3.amazonaws.com/photos/130461711/original.jpeg,k-mexico,2024-10-25 13:12:53
original_3124530437_1.jpg,7288259,Buddleja cordata,12.211,"Lampornis clemenciae (R.Lesson, 1830)",2476748,19.382029,-99.257449,8.0,NORTH_AMERICA,Distrito Federal,2020,2,5,2020-02-05T06:24Z,True,lalonsol,iNaturalist,http://creativecommons.org/licenses/by-nc/4.0/,lalonsol,https://inaturalist-open-data.s3.amazonaws.com/photos/124198790/original.jpg,k-mexico,2024-10-25 13:12:56
original_3124573449_1.jpeg,5341746,Operculina pinnatifida,3.161,"Lampornis clemenciae (R.Lesson, 1830)",2476748,19.422838,-99.274087,30562.0,NORTH_AMERICA,México,2021,5,8,2021-05-08T18:06:27Z,True,napolespamela,iNaturalist,http://creativecommons.org/licenses/by-nc/4.0/,napolespamela,https://inaturalist-open-data.s3.amazonaws.com/photos/127804012/original.jpeg,k-mexico,2024-10-25 13:12:58
original_3124599362_1.jpg,7323899,Operculina hamiltonii,1.9290000000000003,"Lampornis clemenciae (R.Lesson, 1830)",2476748,19.99371,-98.114413,24.0,NORTH_AMERICA,Puebla,2019,7,29,2019-07-29T11:09:10Z,True,Iván López,iNaturalist,http://creativecommons.org/licenses/by-nc/4.0/,Iván López,https://inaturalist-open-data.s3.amazonaws.com/photos/84134863/original.jpg,k-mexico,2024-10-25 13:13:01
original_3124665440_1.jpeg,2874119,Xylosma flexuosa,40.957,"Lampornis clemenciae (R.Lesson, 1830)",2476748,20.204046,-98.575426,849.0,NORTH_AMERICA,Hidalgo,2021,4,27,2021-04-27T12:14,True,Humberto Rocha Sánchez,iNaturalist,http://creativecommons.org/licenses/by-nc/4.0/,Humberto Rocha Sánchez,https://inaturalist-open-data.s3.amazonaws.com/photos/123963190/original.jpeg,k-mexico,2024-10-25 13:13:04
original_3124755368_1.jpg,3152593,Hibiscus poeppigii,5.608,"Lampornis clemenciae (R.Lesson, 1830)",2476748,19.993863,-98.114649,24.0,NORTH_AMERICA,Puebla,2019,8,10,2019-08-10T17:54Z,True,Iván López,iNaturalist,http://creativecommons.org/licenses/by-nc/4.0/,Iván López,https://inaturalist-open-data.s3.amazonaws.com/photos/84136304/original.jpg,k-mexico,2024-10-25 13:13:07
original_3124869537_1.jpeg,5285497,Pinus attenuata,4.849,"Lampornis clemenciae (R.Lesson, 1830)",2476748,20.12254,-99.813526,4.0,NORTH_AMERICA,México,2021,5,23,2021-05-23T10:02,True,Dra. Laura Elvia Uribe Lara,iNaturalist,http://creativecommons.org/licenses/by-nc/4.0/,Dra. Laura Elvia Uribe Lara,https://inaturalist-open-data.s3.amazonaws.com/photos/131265588/original.jpeg,k-mexico,2024-10-25 13:13:10
original_3124895488_1.jpeg,7288259,Buddleja cordata,1.3010000000000002,"Lampornis clemenciae (R.Lesson, 1830)",2476748,20.12256,-99.813367,4.0,NORTH_AMERICA,México,2021,5,23,2021-05-23T10:36,True,Dra. Laura Elvia Uribe Lara,iNaturalist,http://creativecommons.org/licenses/by-nc/4.0/,Dra. Laura Elvia Uribe Lara,https://inaturalist-open-data.s3.amazonaws.com/photos/131265949/original.jpeg,k-mexico,2024-10-25 13:13:12
original_3302180763_1.jpg,3092979,Adenocaulon bicolor,0.819,"Lampornis clemenciae (R.Lesson, 1830)",2476748,31.878658,-109.221724,10.0,NORTH_AMERICA,Arizona,2021,5,31,2021-05-31T12:59,True,Grigory Heaton,iNaturalist,http://creativecommons.org/licenses/by-nc/4.0/,Grigory Heaton,https://inaturalist-open-data.s3.amazonaws.com/photos/133056126/original.jpg; https://inaturalist-open-data.s3.amazonaws.com/photos/133056164/original.jpg,k-southwestern-u-s-a,2024-10-25 13:13:33
original_3302180763_2.jpg,3172413,Utricularia intermedia,0.9039999999999999,"Lampornis clemenciae (R.Lesson, 1830)",2476748,31.878658,-109.221724,10.0,NORTH_AMERICA,Arizona,2021,5,31,2021-05-31T12:59,True,Grigory Heaton,iNaturalist,http://creativecommons.org/licenses/by-nc/4.0/,Grigory Heaton,https://inaturalist-open-data.s3.amazonaws.com/photos/133056126/original.jpg; https://inaturalist-open-data.s3.amazonaws.com/photos/133056164/original.jpg,k-southwestern-u-s-a,2024-10-25 13:13:36
original_3302221863_2.jpg,2887069,Sideroxylon lanuginosum,7.632,"Lampornis clemenciae (R.Lesson, 1830)",2476748,31.903295,-109.1558,48.0,NORTH_AMERICA,Arizona,2021,5,31,2021-05-31T17:56:12,True,Daniel George,iNaturalist,http://creativecommons.org/licenses/by-nc/4.0/,Daniel George,https://inaturalist-open-data.s3.amazonaws.com/photos/135210036/original.jpg; https://inaturalist-open-data.s3.amazonaws.com/photos/135210052/original.jpg,k-southwestern-u-s-a,2024-10-25 13:13:42
original_3302424140_1.jpeg,5349965,Dipogon lignosus,0.321,"Lampornis clemenciae bessophilus (Oberholser, 1918)",2476748,31.898361,-109.162907,122.0,NORTH_AMERICA,Arizona,2018,7,14,2018-07-14T11:01,True,Cole Gaerber,iNaturalist,http://creativecommons.org/licenses/by-nc/4.0/,Cole Gaerber,https://inaturalist-open-data.s3.amazonaws.com/photos/133671168/original.jpeg,k-southwestern-u-s-a,2024-10-25 13:13:45
original_3302450446_1.jpeg,7167078,Bougainvillea spectabilis,13.683,"Lampornis clemenciae (R.Lesson, 1830)",2476748,19.298644,-99.691295,61.0,NORTH_AMERICA,México,2021,5,30,2021-05-30T02:51Z,True,Marco_Bautista99,iNaturalist,http://creativecommons.org/licenses/by-nc/4.0/,Marco_Bautista99,https://inaturalist-open-data.s3.amazonaws.com/photos/133036936/original.jpeg,k-mexico,2024-10-25 13:13:47
original_3302473414_1.jpg,2684627,Juniperus californica,1.013,"Lampornis clemenciae (R.Lesson, 1830)",2476748,32.035193,-109.366353,4892.0,NORTH_AMERICA,Arizona,2021,5,26,2021-05-26T14:00,True,Paulavr56,iNaturalist,http://creativecommons.org/licenses/by-nc/4.0/,Paulavr56,https://inaturalist-open-data.s3.amazonaws.com/photos/132484957/original.jpg,k-southwestern-u-s-a,2024-10-25 13:13:49
original_3314249880_1.jpeg,2803463,Vanilla pompona,12.797,"Lampornis clemenciae (R.Lesson, 1830)",2476748,19.683473,-97.449755,2042.0,NORTH_AMERICA,Puebla,2021,6,19,2021-06-19T12:13Z,True,chupymetal,iNaturalist,http://creativecommons.org/licenses/by-nc/4.0/,chupymetal,https://inaturalist-open-data.s3.amazonaws.com/photos/137482797/original.jpeg,k-mexico,2024-10-25 13:13:51
original_3321168313_1.jpg,3170223,Funastrum clausum,7.775,"Lampornis clemenciae (R.Lesson, 1830)",2476748,19.106719,-98.260916,30598.0,NORTH_AMERICA,Puebla,2021,6,25,2021-06-25T10:16,True,El Chivizcoyo,iNaturalist,http://creativecommons.org/licenses/by-nc/4.0/,El Chivizcoyo,https://inaturalist-open-data.s3.amazonaws.com/photos/139810112/original.jpg,k-mexico,2024-10-25 13:13:56
original_3325666656_1.jpg,5289423,Typha latifolia,9.217,"Lampornis clemenciae (R.Lesson, 1830)",2476748,17.09492,-96.061301,1121.0,NORTH_AMERICA,Oaxaca,2018,7,24,2018-07-24T12:13,True,Ranulfo Vasquez Vargas,iNaturalist,http://creativecommons.org/licenses/by-nc/4.0/,Ranulfo Vasquez Vargas,https://inaturalist-open-data.s3.amazonaws.com/photos/140470889/original.jpg,k-mexico,2024-10-25 13:14:06
original_3327683287_2.jpeg,5285019,Pinus devoniana,51.312000000000005,"Lampornis clemenciae (R.Lesson, 1830)",2476748,19.001751,-97.217561,1000.0,NORTH_AMERICA,Veracruz,2021,7,11,2021-07-11T07:49,True,Alberto Lozano,iNaturalist,http://creativecommons.org/licenses/by-nc/4.0/,Alberto Lozano,https://inaturalist-open-data.s3.amazonaws.com/photos/143041831/original.jpeg; https://inaturalist-open-data.s3.amazonaws.com/photos/143041855/original.jpeg; https://inaturalist-open-data.s3.amazonaws.com/photos/143042326/original.jpeg; https://inaturalist-open-data.s3.amazonaws.com/photos/143042427/original.jpeg,k-mexico,2024-10-25 13:14:11
original_3327683287_3.jpeg,5285019,Pinus devoniana,45.125,"Lampornis clemenciae (R.Lesson, 1830)",2476748,19.001751,-97.217561,1000.0,NORTH_AMERICA,Veracruz,2021,7,11,2021-07-11T07:49,True,Alberto Lozano,iNaturalist,http://creativecommons.org/licenses/by-nc/4.0/,Alberto Lozano,https://inaturalist-open-data.s3.amazonaws.com/photos/143041831/original.jpeg; https://inaturalist-open-data.s3.amazonaws.com/photos/143041855/original.jpeg; https://inaturalist-open-data.s3.amazonaws.com/photos/143042326/original.jpeg; https://inaturalist-open-data.s3.amazonaws.com/photos/143042427/original.jpeg,k-mexico,2024-10-25 13:14:13
original_3327730256_1.jpeg,3086325,Piper marginatum,1.164,"Lampornis clemenciae (R.Lesson, 1830)",2476748,19.001842,-97.21747,1000.0,NORTH_AMERICA,Veracruz,2021,7,11,2021-07-11T10:25,True,Alberto Lozano,iNaturalist,http://creativecommons.org/licenses/by-nc/4.0/,Alberto Lozano,https://inaturalist-open-data.s3.amazonaws.com/photos/143044860/original.jpeg; https://inaturalist-open-data.s3.amazonaws.com/photos/143044999/original.jpeg; https://inaturalist-open-data.s3.amazonaws.com/photos/143045128/original.jpeg; https://inaturalist-open-data.s3.amazonaws.com/photos/143045147/original.jpeg,k-mexico,2024-10-25 13:14:18
original_3327730256_3.jpeg,2705621,Paspalum notatum,1.264,"Lampornis clemenciae (R.Lesson, 1830)",2476748,19.001842,-97.21747,1000.0,NORTH_AMERICA,Veracruz,2021,7,11,2021-07-11T10:25,True,Alberto Lozano,iNaturalist,http://creativecommons.org/licenses/by-nc/4.0/,Alberto Lozano,https://inaturalist-open-data.s3.amazonaws.com/photos/143044860/original.jpeg; https://inaturalist-open-data.s3.amazonaws.com/photos/143044999/original.jpeg; https://inaturalist-open-data.s3.amazonaws.com/photos/143045128/original.jpeg; https://inaturalist-open-data.s3.amazonaws.com/photos/143045147/original.jpeg,k-mexico,2024-10-25 13:14:22
original_3327730256_4.jpeg,5285090,Pinus patula,0.886,"Lampornis clemenciae (R.Lesson, 1830)",2476748,19.001842,-97.21747,1000.0,NORTH_AMERICA,Veracruz,2021,7,11,2021-07-11T10:25,True,Alberto Lozano,iNaturalist,http://creativecommons.org/licenses/by-nc/4.0/,Alberto Lozano,https://inaturalist-open-data.s3.amazonaws.com/photos/143044860/original.jpeg; https://inaturalist-open-data.s3.amazonaws.com/photos/143044999/original.jpeg; https://inaturalist-open-data.s3.amazonaws.com/photos/143045128/original.jpeg; https://inaturalist-open-data.s3.amazonaws.com/photos/143045147/original.jpeg,k-mexico,2024-10-25 13:14:25
original_3327778263_1.jpeg,5285595,Pinus muricata,5.598,"Lampornis clemenciae (R.Lesson, 1830)",2476748,19.001787,-97.217517,1000.0,NORTH_AMERICA,Veracruz,2021,7,11,2021-07-11T08:01,True,Alberto Lozano,iNaturalist,http://creativecommons.org/licenses/by-nc/4.0/,Alberto Lozano,https://inaturalist-open-data.s3.amazonaws.com/photos/143043467/original.jpeg; https://inaturalist-open-data.s3.amazonaws.com/photos/143043579/original.jpeg,k-mexico,2024-10-25 13:14:27
original_3327778263_2.jpeg,5285595,Pinus muricata,3.879,"Lampornis clemenciae (R.Lesson, 1830)",2476748,19.001787,-97.217517,1000.0,NORTH_AMERICA,Veracruz,2021,7,11,2021-07-11T08:01,True,Alberto Lozano,iNaturalist,http://creativecommons.org/licenses/by-nc/4.0/,Alberto Lozano,https://inaturalist-open-data.s3.amazonaws.com/photos/143043467/original.jpeg; https://inaturalist-open-data.s3.amazonaws.com/photos/143043579/original.jpeg,k-mexico,2024-10-25 13:14:29
original_3327794247_1.jpeg,5285141,Pinus hartwegii,18.817,"Lampornis clemenciae (R.Lesson, 1830)",2476748,19.001654,-97.217516,1000.0,NORTH_AMERICA,Veracruz,2021,7,10,2021-07-10T19:14,True,Alberto Lozano,iNaturalist,http://creativecommons.org/licenses/by-nc/4.0/,Alberto Lozano,https://inaturalist-open-data.s3.amazonaws.com/photos/143032398/original.jpeg; https://inaturalist-open-data.s3.amazonaws.com/photos/143032458/original.jpeg,k-mexico,2024-10-25 13:14:32
original_3327794247_2.jpeg,3084050,Peniocereus greggii,2.158,"Lampornis clemenciae (R.Lesson, 1830)",2476748,19.001654,-97.217516,1000.0,NORTH_AMERICA,Veracruz,2021,7,10,2021-07-10T19:14,True,Alberto Lozano,iNaturalist,http://creativecommons.org/licenses/by-nc/4.0/,Alberto Lozano,https://inaturalist-open-data.s3.amazonaws.com/photos/143032398/original.jpeg; https://inaturalist-open-data.s3.amazonaws.com/photos/143032458/original.jpeg,k-mexico,2024-10-25 13:14:34
original_3327958662_1.jpg,5331416,Mentzelia aspera,0.796,"Lampornis clemenciae (R.Lesson, 1830)",2476748,31.904185,-109.156024,67.0,NORTH_AMERICA,Arizona,2020,6,12,2020-06-12T12:46,True,Christopher Rustay,iNaturalist,http://creativecommons.org/licenses/by-nc/4.0/,Christopher Rustay,https://inaturalist-open-data.s3.amazonaws.com/photos/143626371/original.jpg,k-southwestern-u-s-a,2024-10-25 13:14:37
original_3330419093_1.jpeg,2965003,Centrosema plumieri,2.078,"Lampornis clemenciae (R.Lesson, 1830)",2476748,19.502543,-99.558369,61.0,NORTH_AMERICA,México,2021,7,18,2021-07-18T03:42Z,True,Marco_Bautista99,iNaturalist,http://creativecommons.org/licenses/by-nc/4.0/,Marco_Bautista99,https://inaturalist-open-data.s3.amazonaws.com/photos/144654106/original.jpeg,k-mexico,2024-10-25 13:14:42
original_3330476416_1.jpeg,2695759,Tillandsia baileyi,1.207,"Lampornis clemenciae (R.Lesson, 1830)",2476748,29.241902,-103.296953,,NORTH_AMERICA,Texas,2018,8,25,2018-08-25T08:14:48,True,Nick Glover,iNaturalist,http://creativecommons.org/licenses/by-nc/4.0/,Nick Glover,https://inaturalist-open-data.s3.amazonaws.com/photos/132037373/original.jpeg; https://inaturalist-open-data.s3.amazonaws.com/photos/132037392/original.jpeg,k-south-central-u-s-a,2024-10-25 13:14:49
original_3330481929_1.jpeg,3171435,Penstemon rostriflorus,26.027,"Lampornis clemenciae (R.Lesson, 1830)",2476748,25.394788,-100.561729,355.0,NORTH_AMERICA,Coahuila,2021,7,17,2021-07-17T20:01:30,True,Raul Eduardo Gamez Benavides,iNaturalist,http://creativecommons.org/licenses/by-nc/4.0/,Raul Eduardo Gamez Benavides,https://inaturalist-open-data.s3.amazonaws.com/photos/144278867/original.jpeg; https://inaturalist-open-data.s3.amazonaws.com/photos/144278889/original.jpeg,k-mexico,2024-10-25 13:14:54
original_3330481929_2.jpeg,3171435,Penstemon rostriflorus,22.649,"Lampornis clemenciae (R.Lesson, 1830)",2476748,25.394788,-100.561729,355.0,NORTH_AMERICA,Coahuila,2021,7,17,2021-07-17T20:01:30,True,Raul Eduardo Gamez Benavides,iNaturalist,http://creativecommons.org/licenses/by-nc/4.0/,Raul Eduardo Gamez Benavides,https://inaturalist-open-data.s3.amazonaws.com/photos/144278867/original.jpeg; https://inaturalist-open-data.s3.amazonaws.com/photos/144278889/original.jpeg,k-mexico,2024-10-25 13:14:56
original_3330495634_1.jpg,2684674,Juniperus deppeana,64.827,"Lampornis clemenciae (R.Lesson, 1830)",2476748,31.913703,-109.141449,1841.0,NORTH_AMERICA,Arizona,2021,7,15,2021-07-15T19:49,True,Chrissy McClarren and Andy Reago,iNaturalist,http://creativecommons.org/publicdomain/zero/1.0/,Chrissy McClarren and Andy Reago,https://inaturalist-open-data.s3.amazonaws.com/photos/143752794/original.jpg,k-southwestern-u-s-a,2024-10-25 13:14:58
original_3330510838_1.jpg,2879863,Quercus buckleyi,1.1480000000000001,"Lampornis clemenciae (R.Lesson, 1830)",2476748,29.242026,-103.296884,53.0,NORTH_AMERICA,Texas,2021,7,12,2021-07-12T10:39:45Z,True,Nick Glover,iNaturalist,http://creativecommons.org/licenses/by-nc/4.0/,Nick Glover,https://inaturalist-open-data.s3.amazonaws.com/photos/144172059/original.jpg; https://inaturalist-open-data.s3.amazonaws.com/photos/144172122/original.jpg,k-south-central-u-s-a,2024-10-25 13:15:01
original_3330519105_1.jpeg,3020610,Prunus ilicifolia,1.323,"Lampornis clemenciae (R.Lesson, 1830)",2476748,31.414209,-110.276609,2.0,NORTH_AMERICA,Arizona,2021,7,14,2021-07-14T13:01,True,Caleb Helsel,iNaturalist,http://creativecommons.org/licenses/by-nc/4.0/,Caleb Helsel,https://inaturalist-open-data.s3.amazonaws.com/photos/144644965/original.jpeg; https://inaturalist-open-data.s3.amazonaws.com/photos/144644968/original.jpeg,k-southwestern-u-s-a,2024-10-25 13:15:06
original_3330519105_2.jpeg,3974744,Vachellia nilotica,0.255,"Lampornis clemenciae (R.Lesson, 1830)",2476748,31.414209,-110.276609,2.0,NORTH_AMERICA,Arizona,2021,7,14,2021-07-14T13:01,True,Caleb Helsel,iNaturalist,http://creativecommons.org/licenses/by-nc/4.0/,Caleb Helsel,https://inaturalist-open-data.s3.amazonaws.com/photos/144644965/original.jpeg; https://inaturalist-open-data.s3.amazonaws.com/photos/144644968/original.jpeg,k-southwestern-u-s-a,2024-10-25 13:15:09
original_3330549405_1.jpeg,2878171,Quercus emoryi,0.436,"Lampornis clemenciae (R.Lesson, 1830)",2476748,31.447747,-110.307297,206.0,NORTH_AMERICA,Arizona,2021,6,17,2021-06-17T12:50,True,Busy-Birding,iNaturalist,http://creativecommons.org/licenses/by-nc/4.0/,Busy-Birding,https://inaturalist-open-data.s3.amazonaws.com/photos/145158322/original.jpeg; https://inaturalist-open-data.s3.amazonaws.com/photos/145158368/original.jpeg,k-southwestern-u-s-a,2024-10-25 13:15:11
original_3330549405_2.jpeg,2878373,Quercus lobata,0.231,"Lampornis clemenciae (R.Lesson, 1830)",2476748,31.447747,-110.307297,206.0,NORTH_AMERICA,Arizona,2021,6,17,2021-06-17T12:50,True,Busy-Birding,iNaturalist,http://creativecommons.org/licenses/by-nc/4.0/,Busy-Birding,https://inaturalist-open-data.s3.amazonaws.com/photos/145158322/original.jpeg; https://inaturalist-open-data.s3.amazonaws.com/photos/145158368/original.jpeg,k-southwestern-u-s-a,2024-10-25 13:15:13
original_3330630091_1.jpeg,2704038,Muhlenbergia mexicana,0.34199999999999997,"Lampornis clemenciae (R.Lesson, 1830)",2476748,31.904397,-109.155999,2.0,NORTH_AMERICA,Arizona,2021,7,9,2021-07-09T21:02,True,Caleb Helsel,iNaturalist,http://creativecommons.org/licenses/by-nc/4.0/,Caleb Helsel,https://inaturalist-open-data.s3.amazonaws.com/photos/144518895/original.jpeg,k-southwestern-u-s-a,2024-10-25 13:15:16
original_3330708875_1.jpg,3148137,Verbesina virginica,2.527,"Lampornis clemenciae (R.Lesson, 1830)",2476748,29.240999,-103.297233,81.0,NORTH_AMERICA,Texas,2021,7,12,2021-07-12T11:38:59Z,True,Nick Glover,iNaturalist,http://creativecommons.org/licenses/by-nc/4.0/,Nick Glover,https://inaturalist-open-data.s3.amazonaws.com/photos/144173961/original.jpg,k-south-central-u-s-a,2024-10-25 13:15:19
original_3330773045_1.jpeg,3152812,Platanus racemosa,11.752,"Lampornis clemenciae (R.Lesson, 1830)",2476748,31.876997,-109.179087,8.0,NORTH_AMERICA,Arizona,2021,7,10,2021-07-10T11:16,True,Caleb Helsel,iNaturalist,http://creativecommons.org/licenses/by-nc/4.0/,Caleb Helsel,https://inaturalist-open-data.s3.amazonaws.com/photos/144520187/original.jpeg,k-southwestern-u-s-a,2024-10-25 13:15:21
original_3333053367_1.jpeg,2685507,Abies guatemalensis,3.3459999999999996,"Lampornis clemenciae (R.Lesson, 1830)",2476748,20.932856,-100.183437,205.0,NORTH_AMERICA,Guanajuato,2020,9,6,2020-09-06T14:48:25,True,Alvaro Rojas (brújula de aves),iNaturalist,http://creativecommons.org/licenses/by-nc/4.0/,Alvaro Rojas (brújula de aves),https://inaturalist-open-data.s3.amazonaws.com/photos/98183929/original.jpeg; https://inaturalist-open-data.s3.amazonaws.com/photos/98183940/original.jpeg; https://inaturalist-open-data.s3.amazonaws.com/photos/98183959/original.jpeg,k-mexico,2024-10-25 13:15:24
original_3333053367_2.jpeg,2685507,Abies guatemalensis,1.019,"Lampornis clemenciae (R.Lesson, 1830)",2476748,20.932856,-100.183437,205.0,NORTH_AMERICA,Guanajuato,2020,9,6,2020-09-06T14:48:25,True,Alvaro Rojas (brújula de aves),iNaturalist,http://creativecommons.org/licenses/by-nc/4.0/,Alvaro Rojas (brújula de aves),https://inaturalist-open-data.s3.amazonaws.com/photos/98183929/original.jpeg; https://inaturalist-open-data.s3.amazonaws.com/photos/98183940/original.jpeg; https://inaturalist-open-data.s3.amazonaws.com/photos/98183959/original.jpeg,k-mexico,2024-10-25 13:15:26
original_3333053367_3.jpeg,2736812,Brahea dulcis,0.958,"Lampornis clemenciae (R.Lesson, 1830)",2476748,20.932856,-100.183437,205.0,NORTH_AMERICA,Guanajuato,2020,9,6,2020-09-06T14:48:25,True,Alvaro Rojas (brújula de aves),iNaturalist,http://creativecommons.org/licenses/by-nc/4.0/,Alvaro Rojas (brújula de aves),https://inaturalist-open-data.s3.amazonaws.com/photos/98183929/original.jpeg; https://inaturalist-open-data.s3.amazonaws.com/photos/98183940/original.jpeg; https://inaturalist-open-data.s3.amazonaws.com/photos/98183959/original.jpeg,k-mexico,2024-10-25 13:15:28
original_3333401616_1.jpeg,5285058,Pinus engelmannii,3.9370000000000003,"Lampornis clemenciae (R.Lesson, 1830)",2476748,20.126048,-99.813865,4.0,NORTH_AMERICA,México,2021,7,18,2021-07-18T10:00,True,Dra. Laura Elvia Uribe Lara,iNaturalist,http://creativecommons.org/licenses/by-nc/4.0/,Dra. Laura Elvia Uribe Lara,https://inaturalist-open-data.s3.amazonaws.com/photos/145526387/original.jpeg,k-mexico,2024-10-25 13:15:31
original_3333422255_1.jpg,2752891,Erythronium californicum,2.035,"Lampornis clemenciae (R.Lesson, 1830)",2476748,31.883411,-109.205892,133.0,NORTH_AMERICA,Arizona,2019,3,23,2019-03-23T13:31,True,Sydney Gerig,iNaturalist,http://creativecommons.org/licenses/by-nc/4.0/,Sydney Gerig,https://inaturalist-open-data.s3.amazonaws.com/photos/146535748/original.jpg; https://inaturalist-open-data.s3.amazonaws.com/photos/146535756/original.jpg; https://inaturalist-open-data.s3.amazonaws.com/photos/146535767/original.jpg; https://inaturalist-open-data.s3.amazonaws.com/photos/146535885/original.jpg,k-southwestern-u-s-a,2024-10-25 13:15:33
original_3333422255_2.jpg,5304137,Triteleia grandiflora,4.858,"Lampornis clemenciae (R.Lesson, 1830)",2476748,31.883411,-109.205892,133.0,NORTH_AMERICA,Arizona,2019,3,23,2019-03-23T13:31,True,Sydney Gerig,iNaturalist,http://creativecommons.org/licenses/by-nc/4.0/,Sydney Gerig,https://inaturalist-open-data.s3.amazonaws.com/photos/146535748/original.jpg; https://inaturalist-open-data.s3.amazonaws.com/photos/146535756/original.jpg; https://inaturalist-open-data.s3.amazonaws.com/photos/146535767/original.jpg; https://inaturalist-open-data.s3.amazonaws.com/photos/146535885/original.jpg,k-southwestern-u-s-a,2024-10-25 13:15:35
original_3335079110_1.jpeg,5285621,Pinus monticola,18.749,"Lampornis clemenciae (R.Lesson, 1830)",2476748,31.939915,-109.077533,29173.0,NORTH_AMERICA,Arizona,2021,7,28,2021-07-28T17:06,True,Ben Zerante,iNaturalist,http://creativecommons.org/licenses/by-nc/4.0/,Ben Zerante,https://inaturalist-open-data.s3.amazonaws.com/photos/147966999/original.jpeg,k-southwestern-u-s-a,2024-10-25 13:15:42
original_3335133110_1.jpeg,5285172,Pinus cembroides,8.633000000000001,"Lampornis clemenciae (R.Lesson, 1830)",2476748,31.932791,-109.011613,29173.0,NORTH_AMERICA,Arizona,2021,7,28,2021-07-28T16:26,True,Ben Zerante,iNaturalist,http://creativecommons.org/licenses/by-nc/4.0/,Ben Zerante,https://inaturalist-open-data.s3.amazonaws.com/photos/147987510/original.jpeg,k-south-central-u-s-a,2024-10-25 13:15:44
original_3338123925_1.jpeg,2792457,Polystachya concreta,1.265,"Lampornis clemenciae (R.Lesson, 1830)",2476748,19.328728,-99.242704,,NORTH_AMERICA,Distrito Federal,2021,5,28,2021-05-28,True,joansg,iNaturalist,http://creativecommons.org/licenses/by-nc/4.0/,joansg,https://inaturalist-open-data.s3.amazonaws.com/photos/150304336/original.jpeg,k-mexico,2024-10-25 13:15:58
original_3338139423_1.jpeg,2959492,Gleditsia aquatica,0.42300000000000004,"Lampornis clemenciae (R.Lesson, 1830)",2476748,29.241941,-103.296986,34.0,NORTH_AMERICA,Texas,2021,8,11,2021-08-11T12:08,True,Eric Carpenter,iNaturalist,http://creativecommons.org/licenses/by-nc/4.0/,Eric Carpenter,https://inaturalist-open-data.s3.amazonaws.com/photos/151246548/original.jpeg,k-south-central-u-s-a,2024-10-25 13:16:01
original_3344019160_1.jpg,5321877,Ionopsis utricularioides,14.658999999999999,"Lampornis clemenciae (R.Lesson, 1830)",2476748,17.200281,-96.589915,10.0,NORTH_AMERICA,Oaxaca,2021,8,19,2021-08-19T11:01,True,Grigory Heaton,iNaturalist,http://creativecommons.org/licenses/by-nc/4.0/,Grigory Heaton,https://inaturalist-open-data.s3.amazonaws.com/photos/153186866/original.jpg,k-mexico,2024-10-25 13:16:11
original_3344060055_1.jpeg,3177112,Eucalyptus viminalis,1.5970000000000002,"Lampornis clemenciae (R.Lesson, 1830)",2476748,31.913703,-109.141449,1841.0,NORTH_AMERICA,Arizona,2020,1,22,2020-01-22T14:28,True,Paula Kerr,iNaturalist,http://creativecommons.org/licenses/by-nc/4.0/,Paula Kerr,https://inaturalist-open-data.s3.amazonaws.com/photos/153191150/original.jpeg,k-southwestern-u-s-a,2024-10-25 13:16:18
original_3344073473_1.jpg,5285090,Pinus patula,23.408,"Lampornis clemenciae (R.Lesson, 1830)",2476748,17.18387,-96.607418,16.0,NORTH_AMERICA,Oaxaca,2021,8,17,2021-08-17T12:53,True,Grigory Heaton,iNaturalist,http://creativecommons.org/licenses/by-nc/4.0/,Grigory Heaton,https://inaturalist-open-data.s3.amazonaws.com/photos/153056060/original.jpg,k-mexico,2024-10-25 13:16:21
original_3344074326_1.jpg,3068012,Euphorbia schlechtendalii,2.133,"Lampornis clemenciae (R.Lesson, 1830)",2476748,19.383857,-99.257816,17.0,NORTH_AMERICA,Distrito Federal,2021,3,17,2021-03-17T00:00Z,True,ignorantmoose,iNaturalist,http://creativecommons.org/licenses/by-nc/4.0/,ignorantmoose,https://inaturalist-open-data.s3.amazonaws.com/photos/152746571/original.jpg,k-mexico,2024-10-25 13:16:23
original_3355247062_1.jpeg,5361877,Ulmus pumila,15.568000000000001,"Lampornis clemenciae (R.Lesson, 1830)",2476748,31.899268,-109.161397,4.0,NORTH_AMERICA,Arizona,2021,9,4,2021-09-04T08:37,True,Della Killeen,iNaturalist,http://creativecommons.org/licenses/by-nc/4.0/,Della Killeen,https://inaturalist-open-data.s3.amazonaws.com/photos/155505656/original.jpeg,k-southwestern-u-s-a,2024-10-25 13:16:29
original_3355642557_1.jpeg,10902460,Salvia rosmarinus,3.739,"Lampornis clemenciae (R.Lesson, 1830)",2476748,25.335732,-100.992432,,NORTH_AMERICA,Coahuila,2019,5,26,2019-05-26T10:47,True,Rafael Cardenas,iNaturalist,http://creativecommons.org/licenses/by-nc/4.0/,Rafael Cardenas,https://inaturalist-open-data.s3.amazonaws.com/photos/154469005/original.jpeg,k-mexico,2024-10-25 13:16:34
original_3383873070_1.jpg,2982067,Calliandra houstoniana,3.966,"Lampornis clemenciae (R.Lesson, 1830)",2476748,19.238611,-98.356944,1469.0,NORTH_AMERICA,Tlaxcala,2021,8,1,2021-08-01T19:35Z,True,mariaaiko,iNaturalist,http://creativecommons.org/licenses/by-nc/4.0/,mariaaiko,https://inaturalist-open-data.s3.amazonaws.com/photos/151477145/original.jpg,k-mexico,2024-10-25 13:16:36
original_3383886909_1.jpeg,5288518,Pitcairnia heterophylla,10.277,"Lampornis clemenciae (R.Lesson, 1830)",2476748,19.251453,-100.009629,335.0,NORTH_AMERICA,México,2021,7,18,2021-07-18T07:14:10,True,Carlos,iNaturalist,http://creativecommons.org/licenses/by-nc/4.0/,Carlos,https://inaturalist-open-data.s3.amazonaws.com/photos/146671547/original.jpeg,k-mexico,2024-10-25 13:16:39
original_3383969741_1.jpg,5371727,Umbellularia californica,1.791,"Lampornis clemenciae (R.Lesson, 1830)",2476748,19.472749,-99.266163,4.0,NORTH_AMERICA,México,2020,10,15,2020-10-15T16:41,True,Valentina de Santiago,iNaturalist,http://creativecommons.org/licenses/by-nc/4.0/,Valentina de Santiago,https://inaturalist-open-data.s3.amazonaws.com/photos/134890497/original.jpg,k-mexico,2024-10-25 13:16:41
original_3384088696_1.jpeg,2777537,Aloe arborescens,14.349,"Lampornis clemenciae (R.Lesson, 1830)",2476748,19.496038,-99.365297,207.0,NORTH_AMERICA,México,2021,9,10,2021-09-10T15:34:30,True,CarinaCR,iNaturalist,http://creativecommons.org/licenses/by-nc/4.0/,CarinaCR,https://inaturalist-open-data.s3.amazonaws.com/photos/157064590/original.jpeg,k-mexico,2024-10-25 13:16:45
original_3384248254_1.jpeg,2923965,Cephalanthus salicifolius,2.776,"Lampornis clemenciae (R.Lesson, 1830)",2476748,19.248707,-98.536095,31.0,NORTH_AMERICA,Puebla,2021,9,12,2021-09-12T11:11Z,True,Mary_Lozano,iNaturalist,http://creativecommons.org/licenses/by-nc/4.0/,Mary_Lozano,https://inaturalist-open-data.s3.amazonaws.com/photos/158040129/original.jpeg,k-mexico,2024-10-25 13:16:55
original_3384290051_1.jpeg,3190006,Ungnadia speciosa,1.6420000000000001,"Lampornis clemenciae (R.Lesson, 1830)",2476748,25.419075,-100.635315,113.0,NORTH_AMERICA,Coahuila,2021,8,15,2021-08-15T23:48:31,True,AVEnturate Coahuila,iNaturalist,http://creativecommons.org/licenses/by-nc/4.0/,AVEnturate Coahuila,https://inaturalist-open-data.s3.amazonaws.com/photos/151324680/original.jpeg,k-mexico,2024-10-25 13:16:58
original_3384303689_1.jpeg,5406696,Ceiba aesculifolia,2.3369999999999997,"Lampornis clemenciae (R.Lesson, 1830)",2476748,19.210935,-100.114933,122.0,NORTH_AMERICA,México,2018,12,23,2018-12-23T03:51Z,True,Marco_Bautista99,iNaturalist,http://creativecommons.org/licenses/by-nc/4.0/,Marco_Bautista99,https://inaturalist-open-data.s3.amazonaws.com/photos/126518774/original.jpeg,k-mexico,2024-10-25 13:17:00
original_3384345857_1.jpeg,3171570,Penstemon barbatus,31.569000000000003,"Lampornis clemenciae (R.Lesson, 1830)",2476748,25.395719,-100.562381,1130.0,NORTH_AMERICA,Coahuila,2021,7,18,2021-07-18T09:34:28,True,Raul Eduardo Gamez Benavides,iNaturalist,http://creativecommons.org/licenses/by-nc/4.0/,Raul Eduardo Gamez Benavides,https://inaturalist-open-data.s3.amazonaws.com/photos/144578545/original.jpeg,k-mexico,2024-10-25 13:17:02
original_3384472320_1.jpeg,2878086,Quercus oleoides,6.7059999999999995,"Lampornis clemenciae (R.Lesson, 1830)",2476748,19.328445,-99.306368,314.0,NORTH_AMERICA,Distrito Federal,2021,10,3,2021-10-03T12:06:39,True,Irvin Mendoza Hernández,iNaturalist,http://creativecommons.org/licenses/by-nc/4.0/,Irvin Mendoza Hernández,https://inaturalist-open-data.s3.amazonaws.com/photos/161543234/original.jpeg,k-mexico,2024-10-25 13:17:05
original_3384479578_3.jpeg,5353583,Cercis canadensis,0.705,"Lampornis clemenciae (R.Lesson, 1830)",2476748,20.690403,-99.820863,2638.0,NORTH_AMERICA,Querétaro,2021,4,25,2021-04-25T08:50:14,True,Alvaro Rojas (brújula de aves),iNaturalist,http://creativecommons.org/licenses/by-nc/4.0/,Alvaro Rojas (brújula de aves),https://inaturalist-open-data.s3.amazonaws.com/photos/162102647/original.jpeg; https://inaturalist-open-data.s3.amazonaws.com/photos/162102663/original.jpeg; https://inaturalist-open-data.s3.amazonaws.com/photos/162102681/original.jpeg; https://inaturalist-open-data.s3.amazonaws.com/photos/162102690/original.jpeg,k-mexico,2024-10-25 13:17:13
original_3384610924_1.jpeg,5406679,Sterculia apetala,4.347,"Lampornis clemenciae (R.Lesson, 1830)",2476748,19.531497,-99.522351,173.0,NORTH_AMERICA,México,2021,7,17,2021-07-17T23:47Z,True,Marco_Bautista99,iNaturalist,http://creativecommons.org/licenses/by-nc/4.0/,Marco_Bautista99,https://inaturalist-open-data.s3.amazonaws.com/photos/144660149/original.jpeg,k-mexico,2024-10-25 13:17:25
original_3384772126_1.jpg,3188924,Oenothera biennis,1.418,"Lampornis clemenciae (R.Lesson, 1830)",2476748,22.15705,-100.987209,47.0,NORTH_AMERICA,San Luis Potosí,2019,1,23,2019-01-23T18:02Z,True,Sadoth Vázquez,iNaturalist,http://creativecommons.org/licenses/by-nc/4.0/,Sadoth Vázquez,https://inaturalist-open-data.s3.amazonaws.com/photos/159525133/original.jpg,k-mexico,2024-10-25 13:17:27
original_3391295853_1.jpeg,5285621,Pinus monticola,4.221,"Lampornis clemenciae (R.Lesson, 1830)",2476748,31.9044,-109.156037,,NORTH_AMERICA,Arizona,2021,10,4,2021-10-04T13:05,True,Millie Basden,iNaturalist,http://creativecommons.org/licenses/by/4.0/,Millie Basden,https://inaturalist-open-data.s3.amazonaws.com/photos/162650279/original.jpeg; https://inaturalist-open-data.s3.amazonaws.com/photos/162650343/original.jpeg,k-southwestern-u-s-a,2024-10-25 13:17:34
original_3391338693_1.jpeg,5285727,Pinus radiata,3.231,"Lampornis clemenciae (R.Lesson, 1830)",2476748,31.904453,-109.156073,8.0,NORTH_AMERICA,Arizona,2021,10,2,2021-10-02T17:39,True,docprt,iNaturalist,http://creativecommons.org/licenses/by-nc/4.0/,docprt,https://inaturalist-open-data.s3.amazonaws.com/photos/162329231/original.jpeg,k-southwestern-u-s-a,2024-10-25 13:17:47
original_3391379919_1.jpeg,5285551,Pinus flexilis,10.639,"Lampornis clemenciae (R.Lesson, 1830)",2476748,31.904485,-109.156015,2.0,NORTH_AMERICA,Arizona,2021,10,4,2021-10-04T14:07,True,docprt,iNaturalist,http://creativecommons.org/licenses/by-nc/4.0/,docprt,https://inaturalist-open-data.s3.amazonaws.com/photos/162752545/original.jpeg,k-southwestern-u-s-a,2024-10-25 13:17:50
original_3391423759_1.jpeg,2882274,Fagus grandifolia,1.897,"Lampornis clemenciae (R.Lesson, 1830)",2476748,19.54112,-99.301328,61.0,NORTH_AMERICA,México,2021,10,7,2021-10-07T19:11,True,elias09,iNaturalist,http://creativecommons.org/licenses/by-nc/4.0/,elias09,https://inaturalist-open-data.s3.amazonaws.com/photos/162420293/original.jpeg,k-mexico,2024-10-25 13:17:52
original_3391685909_1.jpeg,5285621,Pinus monticola,9.065,"Lampornis clemenciae (R.Lesson, 1830)",2476748,31.904479,-109.15613,2.0,NORTH_AMERICA,Arizona,2021,10,4,2021-10-04T12:40,True,docprt,iNaturalist,http://creativecommons.org/licenses/by-nc/4.0/,docprt,https://inaturalist-open-data.s3.amazonaws.com/photos/162739770/original.jpeg,k-southwestern-u-s-a,2024-10-25 13:18:00
original_3398909426_1.jpg,2964734,Eysenhardtia texana,4.852,"Lampornis clemenciae (R.Lesson, 1830)",2476748,20.860039,-99.19501,2027.0,NORTH_AMERICA,Hidalgo,2021,7,6,2021-07-06T18:17Z,True,Los Marmoles,iNaturalist,http://creativecommons.org/licenses/by-nc-sa/4.0/,Los Marmoles,https://inaturalist-open-data.s3.amazonaws.com/photos/166151630/original.jpg,k-mexico,2024-10-25 13:18:02
original_3399216312_1.jpg,5372420,Vitis arizonica,0.7969999999999999,"Lampornis clemenciae (R.Lesson, 1830)",2476748,29.24082,-103.29746,,NORTH_AMERICA,Texas,2013,9,7,2013-09-07T14:04,True,Terry Lee Crane,iNaturalist,http://creativecommons.org/licenses/by-nc/4.0/,Terry Lee Crane,https://inaturalist-open-data.s3.amazonaws.com/photos/164161226/original.jpg; https://inaturalist-open-data.s3.amazonaws.com/photos/164161248/original.jpg; https://inaturalist-open-data.s3.amazonaws.com/photos/164161267/original.jpg; https://inaturalist-open-data.s3.amazonaws.com/photos/164161277/original.jpg; https://inaturalist-open-data.s3.amazonaws.com/photos/164161285/original.jpg; https://inaturalist-open-data.s3.amazonaws.com/photos/164161301/original.jpg; https://inaturalist-open-data.s3.amazonaws.com/photos/164161306/original.jpg; https://inaturalist-open-data.s3.amazonaws.com/photos/164161316/original.jpg; https://inaturalist-open-data.s3.amazonaws.com/photos/164161331/original.jpg,k-south-central-u-s-a,2024-10-25 13:18:04
original_3399216312_2.jpg,7902463,Lonicera maackii,7.954999999999999,"Lampornis clemenciae (R.Lesson, 1830)",2476748,29.24082,-103.29746,,NORTH_AMERICA,Texas,2013,9,7,2013-09-07T14:04,True,Terry Lee Crane,iNaturalist,http://creativecommons.org/licenses/by-nc/4.0/,Terry Lee Crane,https://inaturalist-open-data.s3.amazonaws.com/photos/164161226/original.jpg; https://inaturalist-open-data.s3.amazonaws.com/photos/164161248/original.jpg; https://inaturalist-open-data.s3.amazonaws.com/photos/164161267/original.jpg; https://inaturalist-open-data.s3.amazonaws.com/photos/164161277/original.jpg; https://inaturalist-open-data.s3.amazonaws.com/photos/164161285/original.jpg; https://inaturalist-open-data.s3.amazonaws.com/photos/164161301/original.jpg; https://inaturalist-open-data.s3.amazonaws.com/photos/164161306/original.jpg; https://inaturalist-open-data.s3.amazonaws.com/photos/164161316/original.jpg; https://inaturalist-open-data.s3.amazonaws.com/photos/164161331/original.jpg,k-south-central-u-s-a,2024-10-25 13:18:06
original_3399216312_3.jpg,2878268,Quercus gambelii,1.3559999999999999,"Lampornis clemenciae (R.Lesson, 1830)",2476748,29.24082,-103.29746,,NORTH_AMERICA,Texas,2013,9,7,2013-09-07T14:04,True,Terry Lee Crane,iNaturalist,http://creativecommons.org/licenses/by-nc/4.0/,Terry Lee Crane,https://inaturalist-open-data.s3.amazonaws.com/photos/164161226/original.jpg; https://inaturalist-open-data.s3.amazonaws.com/photos/164161248/original.jpg; https://inaturalist-open-data.s3.amazonaws.com/photos/164161267/original.jpg; https://inaturalist-open-data.s3.amazonaws.com/photos/164161277/original.jpg; https://inaturalist-open-data.s3.amazonaws.com/photos/164161285/original.jpg; https://inaturalist-open-data.s3.amazonaws.com/photos/164161301/original.jpg; https://inaturalist-open-data.s3.amazonaws.com/photos/164161306/original.jpg; https://inaturalist-open-data.s3.amazonaws.com/photos/164161316/original.jpg; https://inaturalist-open-data.s3.amazonaws.com/photos/164161331/original.jpg,k-south-central-u-s-a,2024-10-25 13:18:08
original_3399216312_4.jpg,2928829,Lycium berlandieri,1.704,"Lampornis clemenciae (R.Lesson, 1830)",2476748,29.24082,-103.29746,,NORTH_AMERICA,Texas,2013,9,7,2013-09-07T14:04,True,Terry Lee Crane,iNaturalist,http://creativecommons.org/licenses/by-nc/4.0/,Terry Lee Crane,https://inaturalist-open-data.s3.amazonaws.com/photos/164161226/original.jpg; https://inaturalist-open-data.s3.amazonaws.com/photos/164161248/original.jpg; https://inaturalist-open-data.s3.amazonaws.com/photos/164161267/original.jpg; https://inaturalist-open-data.s3.amazonaws.com/photos/164161277/original.jpg; https://inaturalist-open-data.s3.amazonaws.com/photos/164161285/original.jpg; https://inaturalist-open-data.s3.amazonaws.com/photos/164161301/original.jpg; https://inaturalist-open-data.s3.amazonaws.com/photos/164161306/original.jpg; https://inaturalist-open-data.s3.amazonaws.com/photos/164161316/original.jpg; https://inaturalist-open-data.s3.amazonaws.com/photos/164161331/original.jpg,k-south-central-u-s-a,2024-10-25 13:18:10
original_3399216312_5.jpg,7902463,Lonicera maackii,1.359,"Lampornis clemenciae (R.Lesson, 1830)",2476748,29.24082,-103.29746,,NORTH_AMERICA,Texas,2013,9,7,2013-09-07T14:04,True,Terry Lee Crane,iNaturalist,http://creativecommons.org/licenses/by-nc/4.0/,Terry Lee Crane,https://inaturalist-open-data.s3.amazonaws.com/photos/164161226/original.jpg; https://inaturalist-open-data.s3.amazonaws.com/photos/164161248/original.jpg; https://inaturalist-open-data.s3.amazonaws.com/photos/164161267/original.jpg; https://inaturalist-open-data.s3.amazonaws.com/photos/164161277/original.jpg; https://inaturalist-open-data.s3.amazonaws.com/photos/164161285/original.jpg; https://inaturalist-open-data.s3.amazonaws.com/photos/164161301/original.jpg; https://inaturalist-open-data.s3.amazonaws.com/photos/164161306/original.jpg; https://inaturalist-open-data.s3.amazonaws.com/photos/164161316/original.jpg; https://inaturalist-open-data.s3.amazonaws.com/photos/164161331/original.jpg,k-south-central-u-s-a,2024-10-25 13:18:13
original_3399216312_6.jpg,7902463,Lonicera maackii,7.954999999999999,"Lampornis clemenciae (R.Lesson, 1830)",2476748,29.24082,-103.29746,,NORTH_AMERICA,Texas,2013,9,7,2013-09-07T14:04,True,Terry Lee Crane,iNaturalist,http://creativecommons.org/licenses/by-nc/4.0/,Terry Lee Crane,https://inaturalist-open-data.s3.amazonaws.com/photos/164161226/original.jpg; https://inaturalist-open-data.s3.amazonaws.com/photos/164161248/original.jpg; https://inaturalist-open-data.s3.amazonaws.com/photos/164161267/original.jpg; https://inaturalist-open-data.s3.amazonaws.com/photos/164161277/original.jpg; https://inaturalist-open-data.s3.amazonaws.com/photos/164161285/original.jpg; https://inaturalist-open-data.s3.amazonaws.com/photos/164161301/original.jpg; https://inaturalist-open-data.s3.amazonaws.com/photos/164161306/original.jpg; https://inaturalist-open-data.s3.amazonaws.com/photos/164161316/original.jpg; https://inaturalist-open-data.s3.amazonaws.com/photos/164161331/original.jpg,k-south-central-u-s-a,2024-10-25 13:18:14
original_3399216312_7.jpg,3173153,Carlowrightia arizonica,0.901,"Lampornis clemenciae (R.Lesson, 1830)",2476748,29.24082,-103.29746,,NORTH_AMERICA,Texas,2013,9,7,2013-09-07T14:04,True,Terry Lee Crane,iNaturalist,http://creativecommons.org/licenses/by-nc/4.0/,Terry Lee Crane,https://inaturalist-open-data.s3.amazonaws.com/photos/164161226/original.jpg; https://inaturalist-open-data.s3.amazonaws.com/photos/164161248/original.jpg; https://inaturalist-open-data.s3.amazonaws.com/photos/164161267/original.jpg; https://inaturalist-open-data.s3.amazonaws.com/photos/164161277/original.jpg; https://inaturalist-open-data.s3.amazonaws.com/photos/164161285/original.jpg; https://inaturalist-open-data.s3.amazonaws.com/photos/164161301/original.jpg; https://inaturalist-open-data.s3.amazonaws.com/photos/164161306/original.jpg; https://inaturalist-open-data.s3.amazonaws.com/photos/164161316/original.jpg; https://inaturalist-open-data.s3.amazonaws.com/photos/164161331/original.jpg,k-south-central-u-s-a,2024-10-25 13:18:16
original_3399216312_8.jpg,7902463,Lonicera maackii,2.2720000000000002,"Lampornis clemenciae (R.Lesson, 1830)",2476748,29.24082,-103.29746,,NORTH_AMERICA,Texas,2013,9,7,2013-09-07T14:04,True,Terry Lee Crane,iNaturalist,http://creativecommons.org/licenses/by-nc/4.0/,Terry Lee Crane,https://inaturalist-open-data.s3.amazonaws.com/photos/164161226/original.jpg; https://inaturalist-open-data.s3.amazonaws.com/photos/164161248/original.jpg; https://inaturalist-open-data.s3.amazonaws.com/photos/164161267/original.jpg; https://inaturalist-open-data.s3.amazonaws.com/photos/164161277/original.jpg; https://inaturalist-open-data.s3.amazonaws.com/photos/164161285/original.jpg; https://inaturalist-open-data.s3.amazonaws.com/photos/164161301/original.jpg; https://inaturalist-open-data.s3.amazonaws.com/photos/164161306/original.jpg; https://inaturalist-open-data.s3.amazonaws.com/photos/164161316/original.jpg; https://inaturalist-open-data.s3.amazonaws.com/photos/164161331/original.jpg,k-south-central-u-s-a,2024-10-25 13:18:18
original_3399216312_9.jpg,5341276,Cordia boissieri,1.4989999999999999,"Lampornis clemenciae (R.Lesson, 1830)",2476748,29.24082,-103.29746,,NORTH_AMERICA,Texas,2013,9,7,2013-09-07T14:04,True,Terry Lee Crane,iNaturalist,http://creativecommons.org/licenses/by-nc/4.0/,Terry Lee Crane,https://inaturalist-open-data.s3.amazonaws.com/photos/164161226/original.jpg; https://inaturalist-open-data.s3.amazonaws.com/photos/164161248/original.jpg; https://inaturalist-open-data.s3.amazonaws.com/photos/164161267/original.jpg; https://inaturalist-open-data.s3.amazonaws.com/photos/164161277/original.jpg; https://inaturalist-open-data.s3.amazonaws.com/photos/164161285/original.jpg; https://inaturalist-open-data.s3.amazonaws.com/photos/164161301/original.jpg; https://inaturalist-open-data.s3.amazonaws.com/photos/164161306/original.jpg; https://inaturalist-open-data.s3.amazonaws.com/photos/164161316/original.jpg; https://inaturalist-open-data.s3.amazonaws.com/photos/164161331/original.jpg,k-south-central-u-s-a,2024-10-25 13:18:21
original_3415824255_1.jpg,7894250,Datura ferox,1.6209999999999998,"Lampornis clemenciae (R.Lesson, 1830)",2476748,27.026639,-108.936417,5.0,NORTH_AMERICA,Sonora,2021,11,5,2021-11-05T15:01:02,True,Rafael Angel Arenas Wong,iNaturalist,http://creativecommons.org/licenses/by-nc/4.0/,Rafael Angel Arenas Wong,https://inaturalist-open-data.s3.amazonaws.com/photos/169106656/original.jpg,k-mexico,2024-10-25 13:18:31
original_3455485642_1.png,2928783,Nicotiana glauca,81.878,"Lampornis clemenciae (R.Lesson, 1830)",2476748,29.278427,-103.306844,4.0,NORTH_AMERICA,Texas,2017,5,1,2017-05-01T06:50Z,True,Sean Daniels,iNaturalist,http://creativecommons.org/licenses/by-nc/4.0/,Sean Daniels,https://inaturalist-open-data.s3.amazonaws.com/photos/170908730/original.png,k-south-central-u-s-a,2024-10-25 13:18:34
original_3455565362_3.jpeg,2760967,Heliconia rostrata,2.086,"Lampornis clemenciae (R.Lesson, 1830)",2476748,19.414,-99.166023,,NORTH_AMERICA,Distrito Federal,2021,12,30,2021-12-30T18:00:49,True,Fernando Olea,iNaturalist,http://creativecommons.org/licenses/by-nc/4.0/,Fernando Olea,https://inaturalist-open-data.s3.amazonaws.com/photos/174269660/original.jpeg; https://inaturalist-open-data.s3.amazonaws.com/photos/174269677/original.jpeg; https://inaturalist-open-data.s3.amazonaws.com/photos/174269688/original.jpeg,k-mexico,2024-10-25 13:18:38
original_3455720245_1.png,2928783,Nicotiana glauca,14.330000000000002,"Lampornis clemenciae (R.Lesson, 1830)",2476748,29.278427,-103.306844,4.0,NORTH_AMERICA,Texas,2017,5,1,2017-05-01T07:08Z,True,Sean Daniels,iNaturalist,http://creativecommons.org/licenses/by-nc/4.0/,Sean Daniels,https://inaturalist-open-data.s3.amazonaws.com/photos/170908743/original.png,k-south-central-u-s-a,2024-10-25 13:18:46
original_3455949012_2.png,2964734,Eysenhardtia texana,10.67,"Lampornis clemenciae (R.Lesson, 1830)",2476748,29.278427,-103.306844,4.0,NORTH_AMERICA,Texas,2017,5,1,2017-05-01T06:15Z,True,Sean Daniels,iNaturalist,http://creativecommons.org/licenses/by-nc/4.0/,Sean Daniels,https://inaturalist-open-data.s3.amazonaws.com/photos/170908534/original.png; https://inaturalist-open-data.s3.amazonaws.com/photos/170908551/original.png; https://inaturalist-open-data.s3.amazonaws.com/photos/170908575/original.png,k-south-central-u-s-a,2024-10-25 13:18:52
original_3456071774_1.jpg,5285621,Pinus monticola,55.767999999999994,"Lampornis clemenciae (R.Lesson, 1830)",2476748,31.904475,-109.155992,5.0,NORTH_AMERICA,Arizona,2022,1,10,2022-01-10T12:40:29,True,Vincent Weber,iNaturalist,http://creativecommons.org/licenses/by-nc/4.0/,Vincent Weber,https://inaturalist-open-data.s3.amazonaws.com/photos/175578323/original.jpg; https://inaturalist-open-data.s3.amazonaws.com/photos/175578332/original.jpg; https://inaturalist-open-data.s3.amazonaws.com/photos/175578343/original.jpg,k-southwestern-u-s-a,2024-10-25 13:18:57
original_3456071774_2.jpg,5285621,Pinus monticola,54.11,"Lampornis clemenciae (R.Lesson, 1830)",2476748,31.904475,-109.155992,5.0,NORTH_AMERICA,Arizona,2022,1,10,2022-01-10T12:40:29,True,Vincent Weber,iNaturalist,http://creativecommons.org/licenses/by-nc/4.0/,Vincent Weber,https://inaturalist-open-data.s3.amazonaws.com/photos/175578323/original.jpg; https://inaturalist-open-data.s3.amazonaws.com/photos/175578332/original.jpg; https://inaturalist-open-data.s3.amazonaws.com/photos/175578343/original.jpg,k-southwestern-u-s-a,2024-10-25 13:18:59
original_3456084533_1.jpeg,5285122,Pinus quadrifolia,17.732999999999997,"Lampornis clemenciae (R.Lesson, 1830)",2476748,31.904508,-109.156019,1.0,NORTH_AMERICA,Arizona,2022,1,2,2022-01-02T15:55,True,rolandwirth,iNaturalist,http://creativecommons.org/licenses/by-nc/4.0/,rolandwirth,https://inaturalist-open-data.s3.amazonaws.com/photos/176532013/original.jpeg,k-southwestern-u-s-a,2024-10-25 13:19:04
original_3456153934_1.jpeg,2792457,Polystachya concreta,2.429,"Lampornis clemenciae (R.Lesson, 1830)",2476748,19.279916,-99.309589,,NORTH_AMERICA,Distrito Federal,2021,6,30,2021-06-30T00:07:04,True,joansg,iNaturalist,http://creativecommons.org/licenses/by-nc/4.0/,joansg,https://inaturalist-open-data.s3.amazonaws.com/photos/173745241/original.jpeg,k-mexico,2024-10-25 13:19:11
original_3456468914_1.jpeg,3172359,Fraxinus dipetala,1.22,"Lampornis clemenciae (R.Lesson, 1830)",2476748,27.025926,-108.937219,,NORTH_AMERICA,Sonora,2021,12,21,2021-12-21T16:45:33,True,jorgeortizv,iNaturalist,http://creativecommons.org/licenses/by-nc/4.0/,jorgeortizv,https://inaturalist-open-data.s3.amazonaws.com/photos/175860338/original.jpeg,k-mexico,2024-10-25 13:19:16
original_3456598295_1.jpeg,3020610,Prunus ilicifolia,2.221,"Lampornis clemenciae (R.Lesson, 1830)",2476748,23.588793,-105.873066,258.0,NORTH_AMERICA,Sinaloa,2021,11,29,2021-11-29T11:44,True,Aves de Mazatlán,iNaturalist,http://creativecommons.org/licenses/by-nc/4.0/,Aves de Mazatlán,https://inaturalist-open-data.s3.amazonaws.com/photos/171160330/original.jpeg,k-mexico,2024-10-25 13:19:19
original_3456683012_1.jpeg,3897283,Salvia longispicata,44.735,"Lampornis clemenciae (R.Lesson, 1830)",2476748,22.464055,-104.298292,8.0,NORTH_AMERICA,Zacatecas,2020,10,3,2020-10-03T09:59,True,Yabal Alfaro Castillo,iNaturalist,http://creativecommons.org/licenses/by-nc/4.0/,Yabal Alfaro Castillo,https://inaturalist-open-data.s3.amazonaws.com/photos/167133432/original.jpeg; https://inaturalist-open-data.s3.amazonaws.com/photos/167133453/original.jpeg,k-mexico,2024-10-25 13:19:22
original_3456683012_2.jpeg,3897283,Salvia longispicata,46.871,"Lampornis clemenciae (R.Lesson, 1830)",2476748,22.464055,-104.298292,8.0,NORTH_AMERICA,Zacatecas,2020,10,3,2020-10-03T09:59,True,Yabal Alfaro Castillo,iNaturalist,http://creativecommons.org/licenses/by-nc/4.0/,Yabal Alfaro Castillo,https://inaturalist-open-data.s3.amazonaws.com/photos/167133432/original.jpeg; https://inaturalist-open-data.s3.amazonaws.com/photos/167133453/original.jpeg,k-mexico,2024-10-25 13:19:25
original_3456798219_1.jpeg,2874119,Xylosma flexuosa,10.099,"Lampornis clemenciae (R.Lesson, 1830)",2476748,23.589786,-105.869008,179.0,NORTH_AMERICA,Sinaloa,2021,9,18,2021-09-18T06:28,True,Eber Barraza,iNaturalist,http://creativecommons.org/licenses/by-nc/4.0/,Eber Barraza,https://inaturalist-open-data.s3.amazonaws.com/photos/165478002/original.jpeg; https://inaturalist-open-data.s3.amazonaws.com/photos/165512675/original.jpeg,k-mexico,2024-10-25 13:19:27
original_3456798219_2.jpeg,3061239,Gymnanthes lucida,8.956,"Lampornis clemenciae (R.Lesson, 1830)",2476748,23.589786,-105.869008,179.0,NORTH_AMERICA,Sinaloa,2021,9,18,2021-09-18T06:28,True,Eber Barraza,iNaturalist,http://creativecommons.org/licenses/by-nc/4.0/,Eber Barraza,https://inaturalist-open-data.s3.amazonaws.com/photos/165478002/original.jpeg; https://inaturalist-open-data.s3.amazonaws.com/photos/165512675/original.jpeg,k-mexico,2024-10-25 13:19:29
original_3466247632_1.jpeg,2943053,Chloroleucon mangense,1.974,"Lampornis clemenciae (R.Lesson, 1830)",2476748,19.251456,-100.009974,160.0,NORTH_AMERICA,México,2022,1,25,2022-01-25T10:10:48,True,Carlos,iNaturalist,http://creativecommons.org/licenses/by-nc/4.0/,Carlos,https://inaturalist-open-data.s3.amazonaws.com/photos/177173258/original.jpeg,k-mexico,2024-10-25 13:19:49
original_3469003557_1.jpeg,2926993,Salvia mohavensis,0.966,"Lampornis clemenciae (R.Lesson, 1830)",2476748,31.904462,-109.15609,,NORTH_AMERICA,Arizona,2022,2,1,2022-02-01T11:52,True,Andy Frank,iNaturalist,http://creativecommons.org/licenses/by-nc/4.0/,Andy Frank,https://inaturalist-open-data.s3.amazonaws.com/photos/178598549/original.jpeg; https://inaturalist-open-data.s3.amazonaws.com/photos/178598553/original.jpeg; https://inaturalist-open-data.s3.amazonaws.com/photos/178598556/original.jpeg,k-southwestern-u-s-a,2024-10-25 13:19:51
original_3469003557_2.jpeg,3056674,Acalypha californica,3.304,"Lampornis clemenciae (R.Lesson, 1830)",2476748,31.904462,-109.15609,,NORTH_AMERICA,Arizona,2022,2,1,2022-02-01T11:52,True,Andy Frank,iNaturalist,http://creativecommons.org/licenses/by-nc/4.0/,Andy Frank,https://inaturalist-open-data.s3.amazonaws.com/photos/178598549/original.jpeg; https://inaturalist-open-data.s3.amazonaws.com/photos/178598553/original.jpeg; https://inaturalist-open-data.s3.amazonaws.com/photos/178598556/original.jpeg,k-southwestern-u-s-a,2024-10-25 13:19:53
original_3499465526_1.jpg,5321877,Ionopsis utricularioides,2.9139999999999997,"Lampornis clemenciae (R.Lesson, 1830)",2476748,17.200379,-96.589699,,NORTH_AMERICA,Oaxaca,2021,10,4,2021-10-04T12:51,True,Carl Giometti,iNaturalist,http://creativecommons.org/licenses/by-nc/4.0/,Carl Giometti,https://inaturalist-open-data.s3.amazonaws.com/photos/179078203/original.jpg,k-mexico,2024-10-25 13:19:57
original_3698093632_1.jpg,2705621,Paspalum notatum,3.4320000000000004,"Lampornis clemenciae (R.Lesson, 1830)",2476748,19.764761,-99.339355,31.0,NORTH_AMERICA,México,2021,6,26,2021-06-26T16:49,True,R.E.Llanos,iNaturalist,http://creativecommons.org/licenses/by-nc-sa/4.0/,R.E.Llanos,https://inaturalist-open-data.s3.amazonaws.com/photos/180397711/original.jpg,k-mexico,2024-10-25 13:19:59
original_3698197673_1.jpg,2910221,Bouvardia ternifolia,82.029,"Lampornis clemenciae (R.Lesson, 1830)",2476748,19.764761,-99.339355,31.0,NORTH_AMERICA,México,2021,6,26,2021-06-26T16:51,True,R.E.Llanos,iNaturalist,http://creativecommons.org/licenses/by-nc-sa/4.0/,R.E.Llanos,https://inaturalist-open-data.s3.amazonaws.com/photos/180398033/original.jpg,k-mexico,2024-10-25 13:20:01
original_3712536798_1.jpg,7327057,Combretum farinosum,3.42,"Lampornis clemenciae (R.Lesson, 1830)",2476748,19.266396,-99.29329,207.0,NORTH_AMERICA,Distrito Federal,2022,3,6,2022-03-06T12:28,True,Gonzalo Zepeda Martínez,iNaturalist,http://creativecommons.org/licenses/by-sa/4.0/,Gonzalo Zepeda Martínez,https://inaturalist-open-data.s3.amazonaws.com/photos/181917260/original.jpg,k-mexico,2024-10-25 13:20:06
original_3712593038_1.jpg,2887069,Sideroxylon lanuginosum,3.717,"Lampornis clemenciae (R.Lesson, 1830)",2476748,31.913703,-109.141449,1841.0,NORTH_AMERICA,Arizona,2017,8,7,2017-08-07T16:30Z,True,Larry Martin,iNaturalist,http://creativecommons.org/licenses/by-nc/4.0/,Larry Martin,https://inaturalist-open-data.s3.amazonaws.com/photos/182357899/original.jpg,k-southwestern-u-s-a,2024-10-25 13:20:11
original_3759177242_1.jpg,5341746,Operculina pinnatifida,5.904,"Lampornis clemenciae (R.Lesson, 1830)",2476748,18.383516,-96.965568,15625.0,NORTH_AMERICA,Puebla,2022,3,26,2022-03-26T11:55,True,Marco Arturo Vidal Bolaños,iNaturalist,http://creativecommons.org/licenses/by-nc/4.0/,Marco Arturo Vidal Bolaños,https://inaturalist-open-data.s3.amazonaws.com/photos/184986390/original.jpg,k-mexico,2024-10-25 13:20:17
original_3759396763_1.jpeg,2775707,Yucca filifera,18.228,"Lampornis clemenciae (R.Lesson, 1830)",2476748,20.236461,-98.562642,55.0,NORTH_AMERICA,Hidalgo,2022,4,9,2022-04-09,True,Mauricio,iNaturalist,http://creativecommons.org/licenses/by-nc/4.0/,Mauricio,https://inaturalist-open-data.s3.amazonaws.com/photos/187752582/original.jpeg,k-mexico,2024-10-25 13:20:19
original_3759544468_1.jpg,2684391,Juniperus virginiana,3.257,"Lampornis clemenciae (R.Lesson, 1830)",2476748,27.595623,-107.561655,245.0,NORTH_AMERICA,Chihuahua,2020,7,31,2020-07-31T18:55:37,True,Marisa,iNaturalist,http://creativecommons.org/licenses/by-nc/4.0/,Marisa,https://inaturalist-open-data.s3.amazonaws.com/photos/89860075/original.jpg; https://inaturalist-open-data.s3.amazonaws.com/photos/89860084/original.jpg,k-mexico,2024-10-25 13:20:22
original_3759544468_2.jpg,2684391,Juniperus virginiana,5.515,"Lampornis clemenciae (R.Lesson, 1830)",2476748,27.595623,-107.561655,245.0,NORTH_AMERICA,Chihuahua,2020,7,31,2020-07-31T18:55:37,True,Marisa,iNaturalist,http://creativecommons.org/licenses/by-nc/4.0/,Marisa,https://inaturalist-open-data.s3.amazonaws.com/photos/89860075/original.jpg; https://inaturalist-open-data.s3.amazonaws.com/photos/89860084/original.jpg,k-mexico,2024-10-25 13:20:24
original_3759717590_8.jpg,2925349,Clerodendrum indicum,1.082,"Lampornis clemenciae (R.Lesson, 1830)",2476748,30.485064,-91.081586,29356.0,NORTH_AMERICA,Louisiana,2022,1,9,2022-01-09T12:13,True,eamonccorbett,iNaturalist,http://creativecommons.org/licenses/by-nc/4.0/,eamonccorbett,https://inaturalist-open-data.s3.amazonaws.com/photos/187450710/original.jpg; https://inaturalist-open-data.s3.amazonaws.com/photos/187450734/original.jpg; https://inaturalist-open-data.s3.amazonaws.com/photos/187450774/original.jpg; https://inaturalist-open-data.s3.amazonaws.com/photos/187450793/original.jpg; https://inaturalist-open-data.s3.amazonaws.com/photos/187450838/original.jpg; https://inaturalist-open-data.s3.amazonaws.com/photos/187450849/original.jpg; https://inaturalist-open-data.s3.amazonaws.com/photos/187450878/original.jpg; https://inaturalist-open-data.s3.amazonaws.com/photos/187450919/original.jpg; https://inaturalist-open-data.s3.amazonaws.com/photos/187450935/original.jpg,k-southeastern-u-s-a,2024-10-25 13:20:44
original_3759915081_1.jpg,5349751,Erythrina americana,9.175,"Lampornis clemenciae (R.Lesson, 1830)",2476748,19.446021,-99.343402,,NORTH_AMERICA,México,2022,4,15,2022-04-15T17:37Z,True,Emmanuel Leal-Rodríguez,iNaturalist,http://creativecommons.org/licenses/by-nc/4.0/,Emmanuel Leal-Rodríguez,https://inaturalist-open-data.s3.amazonaws.com/photos/188376637/original.jpg; https://inaturalist-open-data.s3.amazonaws.com/photos/188377234/original.jpg; https://inaturalist-open-data.s3.amazonaws.com/photos/188377237/original.jpg; https://inaturalist-open-data.s3.amazonaws.com/photos/188377247/original.jpg; https://inaturalist-open-data.s3.amazonaws.com/photos/188378060/original.jpg; https://inaturalist-open-data.s3.amazonaws.com/photos/188378086/original.jpg,k-mexico,2024-10-25 13:20:49
original_3759915081_5.jpg,7282300,Pachycereus pecten-aboriginum,4.043,"Lampornis clemenciae (R.Lesson, 1830)",2476748,19.446021,-99.343402,,NORTH_AMERICA,México,2022,4,15,2022-04-15T17:37Z,True,Emmanuel Leal-Rodríguez,iNaturalist,http://creativecommons.org/licenses/by-nc/4.0/,Emmanuel Leal-Rodríguez,https://inaturalist-open-data.s3.amazonaws.com/photos/188376637/original.jpg; https://inaturalist-open-data.s3.amazonaws.com/photos/188377234/original.jpg; https://inaturalist-open-data.s3.amazonaws.com/photos/188377237/original.jpg; https://inaturalist-open-data.s3.amazonaws.com/photos/188377247/original.jpg; https://inaturalist-open-data.s3.amazonaws.com/photos/188378060/original.jpg; https://inaturalist-open-data.s3.amazonaws.com/photos/188378086/original.jpg,k-mexico,2024-10-25 13:20:55
original_3764144194_1.jpeg,5285708,Pinus balfouriana,2.6839999999999997,"Lampornis clemenciae (R.Lesson, 1830)",2476748,31.902618,-109.15569,61.0,NORTH_AMERICA,Arizona,2022,4,14,2022-04-14T00:00,True,laurensaunders,iNaturalist,http://creativecommons.org/licenses/by-nc/4.0/,laurensaunders,https://inaturalist-open-data.s3.amazonaws.com/photos/191222630/original.jpeg,k-southwestern-u-s-a,2024-10-25 13:21:03
original_3764549885_1.jpeg,5389275,Hazardia squarrosa,1.0330000000000001,"Lampornis clemenciae (R.Lesson, 1830)",2476748,19.164568,-99.139632,8.0,NORTH_AMERICA,Distrito Federal,2022,4,23,2022-04-23T18:00,True,-RodrigoFsc,iNaturalist,http://creativecommons.org/licenses/by-nc/4.0/,-RodrigoFsc,https://inaturalist-open-data.s3.amazonaws.com/photos/190497015/original.jpeg; https://inaturalist-open-data.s3.amazonaws.com/photos/190497035/original.jpeg; https://inaturalist-open-data.s3.amazonaws.com/photos/190497051/original.jpeg; https://inaturalist-open-data.s3.amazonaws.com/photos/190497073/original.jpeg; https://inaturalist-open-data.s3.amazonaws.com/photos/190497089/original.jpeg,k-mexico,2024-10-25 13:21:11
original_3764549885_2.jpeg,5290299,Elymus repens,0.8829999999999999,"Lampornis clemenciae (R.Lesson, 1830)",2476748,19.164568,-99.139632,8.0,NORTH_AMERICA,Distrito Federal,2022,4,23,2022-04-23T18:00,True,-RodrigoFsc,iNaturalist,http://creativecommons.org/licenses/by-nc/4.0/,-RodrigoFsc,https://inaturalist-open-data.s3.amazonaws.com/photos/190497015/original.jpeg; https://inaturalist-open-data.s3.amazonaws.com/photos/190497035/original.jpeg; https://inaturalist-open-data.s3.amazonaws.com/photos/190497051/original.jpeg; https://inaturalist-open-data.s3.amazonaws.com/photos/190497073/original.jpeg; https://inaturalist-open-data.s3.amazonaws.com/photos/190497089/original.jpeg,k-mexico,2024-10-25 13:21:13
original_3764549885_3.jpeg,5389275,Hazardia squarrosa,0.935,"Lampornis clemenciae (R.Lesson, 1830)",2476748,19.164568,-99.139632,8.0,NORTH_AMERICA,Distrito Federal,2022,4,23,2022-04-23T18:00,True,-RodrigoFsc,iNaturalist,http://creativecommons.org/licenses/by-nc/4.0/,-RodrigoFsc,https://inaturalist-open-data.s3.amazonaws.com/photos/190497015/original.jpeg; https://inaturalist-open-data.s3.amazonaws.com/photos/190497035/original.jpeg; https://inaturalist-open-data.s3.amazonaws.com/photos/190497051/original.jpeg; https://inaturalist-open-data.s3.amazonaws.com/photos/190497073/original.jpeg; https://inaturalist-open-data.s3.amazonaws.com/photos/190497089/original.jpeg,k-mexico,2024-10-25 13:21:15
original_3773590164_1.jpeg,5285621,Pinus monticola,22.939,"Lampornis clemenciae (R.Lesson, 1830)",2476748,31.904495,-109.155991,,NORTH_AMERICA,Arizona,2022,5,1,2022-05-01T15:10:43,True,rccarl,iNaturalist,http://creativecommons.org/licenses/by-nc/4.0/,rccarl,https://inaturalist-open-data.s3.amazonaws.com/photos/196084760/original.jpeg,k-southwestern-u-s-a,2024-10-25 13:21:28
original_3773780584_1.jpeg,3795572,Vachellia cornigera,13.872000000000002,"Lampornis clemenciae (R.Lesson, 1830)",2476748,19.251795,-100.013445,232.0,NORTH_AMERICA,México,2022,5,2,2022-05-02T08:36:06,True,Verónica,iNaturalist,http://creativecommons.org/licenses/by-nc/4.0/,Verónica,https://inaturalist-open-data.s3.amazonaws.com/photos/194934125/original.jpeg,k-mexico,2024-10-25 13:21:31
original_3784754128_1.jpeg,5341746,Operculina pinnatifida,0.886,"Lampornis clemenciae (R.Lesson, 1830)",2476748,24.889583,-100.178651,1024.0,NORTH_AMERICA,Nuevo León,2022,5,7,2022-05-07T13:49:14,True,Fabiola Muñiz,iNaturalist,http://creativecommons.org/licenses/by-nc/4.0/,Fabiola Muñiz,https://inaturalist-open-data.s3.amazonaws.com/photos/198007475/original.jpeg,k-mexico,2024-10-25 13:21:33
original_3784907248_1.jpeg,2976206,Entada polystachya,7.048,"Lampornis clemenciae (R.Lesson, 1830)",2476748,23.57968,-105.863115,1953.0,NORTH_AMERICA,Sinaloa,2021,9,18,2021-09-18T06:29,True,RaulBaG,iNaturalist,http://creativecommons.org/licenses/by-nc/4.0/,RaulBaG,https://inaturalist-open-data.s3.amazonaws.com/photos/198737568/original.jpeg,k-mexico,2024-10-25 13:21:40
original_3784961130_1.jpeg,2895593,Genipa americana,8.337,"Lampornis clemenciae (R.Lesson, 1830)",2476748,23.57968,-105.863115,1953.0,NORTH_AMERICA,Sinaloa,2021,9,18,2021-09-18T06:33,True,RaulBaG,iNaturalist,http://creativecommons.org/licenses/by-nc/4.0/,RaulBaG,https://inaturalist-open-data.s3.amazonaws.com/photos/198737654/original.jpeg,k-mexico,2024-10-25 13:21:42
original_3858561405_1.jpeg,2882564,Arctostaphylos pallida,0.422,"Lampornis clemenciae (R.Lesson, 1830)",2476748,31.913703,-109.141449,1363.0,NORTH_AMERICA,Arizona,2022,5,18,2022-05-18T13:47,True,sprcrkwild,iNaturalist,http://creativecommons.org/licenses/by/4.0/,sprcrkwild,https://inaturalist-open-data.s3.amazonaws.com/photos/201347164/original.jpeg; https://inaturalist-open-data.s3.amazonaws.com/photos/201347194/original.jpeg,k-southwestern-u-s-a,2024-10-25 13:21:50
original_3858561405_2.jpeg,2874224,Passiflora mexicana,1.525,"Lampornis clemenciae (R.Lesson, 1830)",2476748,31.913703,-109.141449,1363.0,NORTH_AMERICA,Arizona,2022,5,18,2022-05-18T13:47,True,sprcrkwild,iNaturalist,http://creativecommons.org/licenses/by/4.0/,sprcrkwild,https://inaturalist-open-data.s3.amazonaws.com/photos/201347164/original.jpeg; https://inaturalist-open-data.s3.amazonaws.com/photos/201347194/original.jpeg,k-southwestern-u-s-a,2024-10-25 13:21:53
original_3858701897_1.jpg,5383980,Trichostigma octandrum,4.575,"Lampornis clemenciae (R.Lesson, 1830)",2476748,19.371096,-99.321825,4848.0,NORTH_AMERICA,México,2022,6,16,2022-06-16T11:58:19,True,choriplanti,iNaturalist,http://creativecommons.org/licenses/by-nc/4.0/,choriplanti,https://inaturalist-open-data.s3.amazonaws.com/photos/206577497/original.jpg,k-mexico,2024-10-25 13:21:55
original_3858702073_1.jpg,2766573,Agave durangensis,2.408,"Lampornis clemenciae (R.Lesson, 1830)",2476748,22.798486,-102.553348,24.0,NORTH_AMERICA,Zacatecas,2022,6,15,2022-06-15T11:11:10,True,huizar77,iNaturalist,http://creativecommons.org/licenses/by-nc/4.0/,huizar77,https://inaturalist-open-data.s3.amazonaws.com/photos/206945998/original.jpg,k-mexico,2024-10-25 13:21:58
original_3858714525_1.jpeg,2925462,Stachytarpheta mutabilis,6.961,"Lampornis clemenciae (R.Lesson, 1830)",2476748,19.135948,-99.176754,1012.0,NORTH_AMERICA,Distrito Federal,2022,6,26,2022-06-26T06:57:37,True,Jason Vargas Navarrete,iNaturalist,http://creativecommons.org/licenses/by-nc/4.0/,Jason Vargas Navarrete,https://inaturalist-open-data.s3.amazonaws.com/photos/209991414/original.jpeg,k-mexico,2024-10-25 13:22:00
original_3859274468_1.jpeg,3033193,Aquilegia eximia,3.9050000000000002,"Lampornis clemenciae (R.Lesson, 1830)",2476748,32.410398,-110.714673,85.0,NORTH_AMERICA,Arizona,2022,6,27,2022-06-27T19:02,True,Mike Ostrowski,iNaturalist,http://creativecommons.org/licenses/by-sa/4.0/,Mike Ostrowski,https://inaturalist-open-data.s3.amazonaws.com/photos/209827650/original.jpeg; https://inaturalist-open-data.s3.amazonaws.com/photos/209827678/original.jpeg; https://inaturalist-open-data.s3.amazonaws.com/photos/209827700/original.jpeg,k-southwestern-u-s-a,2024-10-25 13:22:03
original_3859308455_1.jpeg,2695588,Tillandsia recurvata,1.1560000000000001,"Lampornis clemenciae (R.Lesson, 1830)",2476748,19.123629,-99.079193,4.0,NORTH_AMERICA,Distrito Federal,2022,6,25,2022-06-25T11:58,True,Efraín Octavio Aguilar Pérez,iNaturalist,http://creativecommons.org/licenses/by-nc/4.0/,Efraín Octavio Aguilar Pérez,https://inaturalist-open-data.s3.amazonaws.com/photos/209620899/original.jpeg; https://inaturalist-open-data.s3.amazonaws.com/photos/209620926/original.jpeg,k-mexico,2024-10-25 13:22:10
original_3859308455_2.jpeg,3084136,Echinocereus poselgeri,1.332,"Lampornis clemenciae (R.Lesson, 1830)",2476748,19.123629,-99.079193,4.0,NORTH_AMERICA,Distrito Federal,2022,6,25,2022-06-25T11:58,True,Efraín Octavio Aguilar Pérez,iNaturalist,http://creativecommons.org/licenses/by-nc/4.0/,Efraín Octavio Aguilar Pérez,https://inaturalist-open-data.s3.amazonaws.com/photos/209620899/original.jpeg; https://inaturalist-open-data.s3.amazonaws.com/photos/209620926/original.jpeg,k-mexico,2024-10-25 13:22:12
original_3859559446_1.jpg,5361877,Ulmus pumila,5.095000000000001,"Lampornis clemenciae (R.Lesson, 1830)",2476748,31.883809,-109.207018,61.0,NORTH_AMERICA,Arizona,2022,6,10,2022-06-10T12:09,True,David Jurkiewicz,iNaturalist,http://creativecommons.org/licenses/by-nc/4.0/,David Jurkiewicz,https://inaturalist-open-data.s3.amazonaws.com/photos/207732784/original.jpg,k-southwestern-u-s-a,2024-10-25 13:22:14
original_3859591100_1.jpg,5372744,Salix lasiolepis,5.114,"Lampornis clemenciae (R.Lesson, 1830)",2476748,31.896203,-109.163672,1841.0,NORTH_AMERICA,Arizona,2017,6,19,2017-06-19T19:22,True,Samuel Murray,iNaturalist,http://creativecommons.org/licenses/by-nc/4.0/,Samuel Murray,https://inaturalist-open-data.s3.amazonaws.com/photos/208894917/original.jpg,k-southwestern-u-s-a,2024-10-25 13:22:17
original_3859776037_1.jpg,2928774,Nicotiana tabacum,17.804000000000002,"Lampornis clemenciae (R.Lesson, 1830)",2476748,17.249467,-96.565409,1069.0,NORTH_AMERICA,Oaxaca,2022,7,2,2022-07-02T23:30,True,Manuel Grosselet,iNaturalist,http://creativecommons.org/licenses/by-nc/4.0/,Manuel Grosselet,https://inaturalist-open-data.s3.amazonaws.com/photos/211037481/original.jpg; https://inaturalist-open-data.s3.amazonaws.com/photos/211037537/original.jpg; https://inaturalist-open-data.s3.amazonaws.com/photos/211037596/original.jpg,k-mexico,2024-10-25 13:22:19
original_3859776037_2.jpg,7295683,Arceuthobium globosum,1.661,"Lampornis clemenciae (R.Lesson, 1830)",2476748,17.249467,-96.565409,1069.0,NORTH_AMERICA,Oaxaca,2022,7,2,2022-07-02T23:30,True,Manuel Grosselet,iNaturalist,http://creativecommons.org/licenses/by-nc/4.0/,Manuel Grosselet,https://inaturalist-open-data.s3.amazonaws.com/photos/211037481/original.jpg; https://inaturalist-open-data.s3.amazonaws.com/photos/211037537/original.jpg; https://inaturalist-open-data.s3.amazonaws.com/photos/211037596/original.jpg,k-mexico,2024-10-25 13:22:20
original_3859776037_3.jpg,2928774,Nicotiana tabacum,6.346,"Lampornis clemenciae (R.Lesson, 1830)",2476748,17.249467,-96.565409,1069.0,NORTH_AMERICA,Oaxaca,2022,7,2,2022-07-02T23:30,True,Manuel Grosselet,iNaturalist,http://creativecommons.org/licenses/by-nc/4.0/,Manuel Grosselet,https://inaturalist-open-data.s3.amazonaws.com/photos/211037481/original.jpg; https://inaturalist-open-data.s3.amazonaws.com/photos/211037537/original.jpg; https://inaturalist-open-data.s3.amazonaws.com/photos/211037596/original.jpg,k-mexico,2024-10-25 13:22:22
original_3859879714_1.jpeg,5406696,Ceiba aesculifolia,3.782,"Lampornis clemenciae (R.Lesson, 1830)",2476748,19.266301,-98.544986,244.0,NORTH_AMERICA,Puebla,2022,3,20,2022-03-20T08:33,True,Mary_Lozano,iNaturalist,http://creativecommons.org/licenses/by-nc/4.0/,Mary_Lozano,https://inaturalist-open-data.s3.amazonaws.com/photos/206145405/original.jpeg,k-mexico,2024-10-25 13:22:25
original_3860200044_1.jpeg,5938224,Fuchsia magellanica,14.546000000000001,"Lampornis clemenciae (R.Lesson, 1830)",2476748,17.044191,-97.621795,31.0,NORTH_AMERICA,Oaxaca,2019,6,30,2019-06-30T13:29,True,Octavio Lemuel Cruz Santiago,iNaturalist,http://creativecommons.org/licenses/by-nc/4.0/,Octavio Lemuel Cruz Santiago,https://inaturalist-open-data.s3.amazonaws.com/photos/202503031/original.jpeg,k-mexico,2024-10-25 13:22:27
original_3860279481_1.jpg,5415080,Crescentia alata,4.575,"Lampornis clemenciae (R.Lesson, 1830)",2476748,19.371096,-99.321825,4848.0,NORTH_AMERICA,México,2022,6,27,2022-06-27T17:40:34,True,choriplanti,iNaturalist,http://creativecommons.org/licenses/by-nc/4.0/,choriplanti,https://inaturalist-open-data.s3.amazonaws.com/photos/209674736/original.jpg,k-mexico,2024-10-25 13:22:32
original_3860367352_1.jpg,5415072,Chilopsis linearis,72.743,"Lampornis clemenciae (R.Lesson, 1830)",2476748,29.269589,-103.301099,203.0,NORTH_AMERICA,Texas,2022,5,25,2022-05-25T08:36,True,patsykuentz,iNaturalist,http://creativecommons.org/licenses/by-nc/4.0/,patsykuentz,https://inaturalist-open-data.s3.amazonaws.com/photos/201229179/original.jpg,k-south-central-u-s-a,2024-10-25 13:22:37
original_3860396604_1.jpeg,5372694,Salix lemmonii,13.126,"Lampornis clemenciae (R.Lesson, 1830)",2476748,31.883326,-109.205533,127.0,NORTH_AMERICA,Arizona,2022,6,3,2022-06-03T10:36,True,Tristan White,iNaturalist,http://creativecommons.org/licenses/by-nc/4.0/,Tristan White,https://inaturalist-open-data.s3.amazonaws.com/photos/203731428/original.jpeg,k-southwestern-u-s-a,2024-10-25 13:22:40
original_3860646592_1.jpeg,5331824,Betula pumila,0.388,"Lampornis clemenciae (R.Lesson, 1830)",2476748,31.412773,-110.279905,977.0,NORTH_AMERICA,Arizona,2019,8,1,2019-08-01T18:40,True,Ronald W Smith,iNaturalist,http://creativecommons.org/licenses/by-nc/4.0/,Ronald W Smith,https://inaturalist-open-data.s3.amazonaws.com/photos/210046272/original.jpeg,k-southwestern-u-s-a,2024-10-25 13:22:45
original_3860675273_1.jpg,7287808,Equisetum giganteum,29.551,"Lampornis clemenciae (R.Lesson, 1830)",2476748,19.770939,-100.142661,51.0,NORTH_AMERICA,México,2020,4,4,2020-04-04T11:27:36,True,triquitran,iNaturalist,http://creativecommons.org/licenses/by-nc/4.0/,triquitran,https://inaturalist-open-data.s3.amazonaws.com/photos/205274905/original.jpg; https://inaturalist-open-data.s3.amazonaws.com/photos/205274927/original.jpg,k-mexico,2024-10-25 13:22:48
original_3872958223_1.jpeg,3020610,Prunus ilicifolia,2.173,"Lampornis clemenciae (R.Lesson, 1830)",2476748,25.36627,-100.621529,,NORTH_AMERICA,Coahuila,2022,7,7,2022-07-07T19:33:11,True,Pedro B. Dávila Valdés,iNaturalist,http://creativecommons.org/licenses/by-nc/4.0/,Pedro B. Dávila Valdés,https://inaturalist-open-data.s3.amazonaws.com/photos/212436940/original.jpeg,k-mexico,2024-10-25 13:22:52
original_3873210126_1.jpeg,5341969,Tephrosia vicioides,11.491,"Lampornis clemenciae (R.Lesson, 1830)",2476748,31.887897,-109.172637,52.0,NORTH_AMERICA,Arizona,2022,6,3,2022-06-03T07:25,True,Ari Rice,iNaturalist,http://creativecommons.org/licenses/by-nc/4.0/,Ari Rice,https://inaturalist-open-data.s3.amazonaws.com/photos/212282264/original.jpeg,k-southwestern-u-s-a,2024-10-25 13:22:58
original_3873224161_1.jpeg,3054359,Juglans major,4.7989999999999995,"Lampornis clemenciae (R.Lesson, 1830)",2476748,31.883139,-109.205067,31.0,NORTH_AMERICA,Arizona,2022,7,2,2022-07-02T16:03,True,Kenneth Bader,iNaturalist,http://creativecommons.org/licenses/by-nc/4.0/,Kenneth Bader,https://inaturalist-open-data.s3.amazonaws.com/photos/212368091/original.jpeg,k-southwestern-u-s-a,2024-10-25 13:23:00
original_3873229091_4.jpeg,7296095,Tristicha trifaria,4.127,"Lampornis clemenciae (R.Lesson, 1830)",2476748,19.293984,-99.259201,7.0,NORTH_AMERICA,Distrito Federal,2022,7,11,2022-07-11T13:38,True,Efraín Octavio Aguilar Pérez,iNaturalist,http://creativecommons.org/licenses/by-nc/4.0/,Efraín Octavio Aguilar Pérez,https://inaturalist-open-data.s3.amazonaws.com/photos/213612473/original.jpeg; https://inaturalist-open-data.s3.amazonaws.com/photos/213612480/original.jpeg; https://inaturalist-open-data.s3.amazonaws.com/photos/213612541/original.jpeg; https://inaturalist-open-data.s3.amazonaws.com/photos/213612553/original.jpeg; https://inaturalist-open-data.s3.amazonaws.com/photos/213612555/original.jpeg,k-mexico,2024-10-25 13:23:08
original_3873229091_5.jpeg,5361762,Myriophyllum heterophyllum,5.989,"Lampornis clemenciae (R.Lesson, 1830)",2476748,19.293984,-99.259201,7.0,NORTH_AMERICA,Distrito Federal,2022,7,11,2022-07-11T13:38,True,Efraín Octavio Aguilar Pérez,iNaturalist,http://creativecommons.org/licenses/by-nc/4.0/,Efraín Octavio Aguilar Pérez,https://inaturalist-open-data.s3.amazonaws.com/photos/213612473/original.jpeg; https://inaturalist-open-data.s3.amazonaws.com/photos/213612480/original.jpeg; https://inaturalist-open-data.s3.amazonaws.com/photos/213612541/original.jpeg; https://inaturalist-open-data.s3.amazonaws.com/photos/213612553/original.jpeg; https://inaturalist-open-data.s3.amazonaws.com/photos/213612555/original.jpeg,k-mexico,2024-10-25 13:23:10
original_3873347571_1.jpg,3072900,Jatropha gossypiifolia,0.76,"Lampornis clemenciae (R.Lesson, 1830)",2476748,30.438666,-91.10904,3000.0,NORTH_AMERICA,Louisiana,2022,1,4,2022-01-04T16:03,True,David Vander Pluym,iNaturalist,http://creativecommons.org/licenses/by-nc/4.0/,David Vander Pluym,https://inaturalist-open-data.s3.amazonaws.com/photos/189229550/original.jpg,k-southeastern-u-s-a,2024-10-25 13:23:13
original_3873441552_1.jpeg,8386328,Quercus rugosa,73.587,"Lampornis clemenciae (R.Lesson, 1830)",2476748,17.107964,-96.499322,,NORTH_AMERICA,Oaxaca,2022,3,11,2022-03-11T13:45,True,Michael Woodruff,iNaturalist,http://creativecommons.org/licenses/by-nc/4.0/,Michael Woodruff,https://inaturalist-open-data.s3.amazonaws.com/photos/186279585/original.jpeg,k-mexico,2024-10-25 13:23:15
original_3874045431_1.jpeg,2928531,Ipomoea cairica,3.3930000000000002,"Lampornis clemenciae (R.Lesson, 1830)",2476748,19.290998,-99.279766,60.0,NORTH_AMERICA,Distrito Federal,2022,7,14,2022-07-14T16:59:40,True,luis,iNaturalist,http://creativecommons.org/licenses/by-nc/4.0/,luis,https://inaturalist-open-data.s3.amazonaws.com/photos/214218291/original.jpeg; https://inaturalist-open-data.s3.amazonaws.com/photos/214218314/original.jpeg; https://inaturalist-open-data.s3.amazonaws.com/photos/214218345/original.jpeg; https://inaturalist-open-data.s3.amazonaws.com/photos/214218363/original.jpeg,k-mexico,2024-10-25 13:23:25
original_3874045431_2.jpeg,6028843,Fuchsia lycioides,1.304,"Lampornis clemenciae (R.Lesson, 1830)",2476748,19.290998,-99.279766,60.0,NORTH_AMERICA,Distrito Federal,2022,7,14,2022-07-14T16:59:40,True,luis,iNaturalist,http://creativecommons.org/licenses/by-nc/4.0/,luis,https://inaturalist-open-data.s3.amazonaws.com/photos/214218291/original.jpeg; https://inaturalist-open-data.s3.amazonaws.com/photos/214218314/original.jpeg; https://inaturalist-open-data.s3.amazonaws.com/photos/214218345/original.jpeg; https://inaturalist-open-data.s3.amazonaws.com/photos/214218363/original.jpeg,k-mexico,2024-10-25 13:23:27
original_3874045431_3.jpeg,6028843,Fuchsia lycioides,0.522,"Lampornis clemenciae (R.Lesson, 1830)",2476748,19.290998,-99.279766,60.0,NORTH_AMERICA,Distrito Federal,2022,7,14,2022-07-14T16:59:40,True,luis,iNaturalist,http://creativecommons.org/licenses/by-nc/4.0/,luis,https://inaturalist-open-data.s3.amazonaws.com/photos/214218291/original.jpeg; https://inaturalist-open-data.s3.amazonaws.com/photos/214218314/original.jpeg; https://inaturalist-open-data.s3.amazonaws.com/photos/214218345/original.jpeg; https://inaturalist-open-data.s3.amazonaws.com/photos/214218363/original.jpeg,k-mexico,2024-10-25 13:23:29
original_3874045431_4.jpeg,5667945,Pinguicula jaumavensis,1.234,"Lampornis clemenciae (R.Lesson, 1830)",2476748,19.290998,-99.279766,60.0,NORTH_AMERICA,Distrito Federal,2022,7,14,2022-07-14T16:59:40,True,luis,iNaturalist,http://creativecommons.org/licenses/by-nc/4.0/,luis,https://inaturalist-open-data.s3.amazonaws.com/photos/214218291/original.jpeg; https://inaturalist-open-data.s3.amazonaws.com/photos/214218314/original.jpeg; https://inaturalist-open-data.s3.amazonaws.com/photos/214218345/original.jpeg; https://inaturalist-open-data.s3.amazonaws.com/photos/214218363/original.jpeg,k-mexico,2024-10-25 13:23:31
original_3874082101_1.jpeg,5285019,Pinus devoniana,43.305,"Lampornis clemenciae (R.Lesson, 1830)",2476748,19.001658,-97.217516,224.0,NORTH_AMERICA,Veracruz,2022,7,20,2022-07-20T10:38:47,True,Héctor Esteban García García,iNaturalist,http://creativecommons.org/licenses/by-nc/4.0/,Héctor Esteban García García,https://inaturalist-open-data.s3.amazonaws.com/photos/215910426/original.jpeg; https://inaturalist-open-data.s3.amazonaws.com/photos/215910440/original.jpeg,k-mexico,2024-10-25 13:23:34
original_3874082101_2.jpeg,5285019,Pinus devoniana,59.89,"Lampornis clemenciae (R.Lesson, 1830)",2476748,19.001658,-97.217516,224.0,NORTH_AMERICA,Veracruz,2022,7,20,2022-07-20T10:38:47,True,Héctor Esteban García García,iNaturalist,http://creativecommons.org/licenses/by-nc/4.0/,Héctor Esteban García García,https://inaturalist-open-data.s3.amazonaws.com/photos/215910426/original.jpeg; https://inaturalist-open-data.s3.amazonaws.com/photos/215910440/original.jpeg,k-mexico,2024-10-25 13:23:36
original_3874178700_1.jpeg,2926379,Ehretia anacua,1.659,"Lampornis clemenciae (R.Lesson, 1830)",2476748,25.36627,-100.621536,,NORTH_AMERICA,Coahuila,2022,7,18,2022-07-18T19:58:49,True,Pedro B. Dávila Valdés,iNaturalist,http://creativecommons.org/licenses/by-nc/4.0/,Pedro B. Dávila Valdés,https://inaturalist-open-data.s3.amazonaws.com/photos/215577612/original.jpeg,k-mexico,2024-10-25 13:23:40
original_3881494115_2.jpeg,2695588,Tillandsia recurvata,1.085,"Lampornis clemenciae (R.Lesson, 1830)",2476748,19.182774,-99.143659,26.0,NORTH_AMERICA,Distrito Federal,2022,7,25,2022-07-25T18:26,True,-RodrigoFsc,iNaturalist,http://creativecommons.org/licenses/by-nc/4.0/,-RodrigoFsc,https://inaturalist-open-data.s3.amazonaws.com/photos/218638760/original.jpeg; https://inaturalist-open-data.s3.amazonaws.com/photos/218638793/original.jpeg; https://inaturalist-open-data.s3.amazonaws.com/photos/218638820/original.jpeg,k-mexico,2024-10-25 13:23:44
original_3881494115_3.jpeg,2965003,Centrosema plumieri,1.699,"Lampornis clemenciae (R.Lesson, 1830)",2476748,19.182774,-99.143659,26.0,NORTH_AMERICA,Distrito Federal,2022,7,25,2022-07-25T18:26,True,-RodrigoFsc,iNaturalist,http://creativecommons.org/licenses/by-nc/4.0/,-RodrigoFsc,https://inaturalist-open-data.s3.amazonaws.com/photos/218638760/original.jpeg; https://inaturalist-open-data.s3.amazonaws.com/photos/218638793/original.jpeg; https://inaturalist-open-data.s3.amazonaws.com/photos/218638820/original.jpeg,k-mexico,2024-10-25 13:23:46
original_3881600822_1.jpeg,3176197,Eucalyptus camaldulensis,11.137,"Lampornis clemenciae (R.Lesson, 1830)",2476748,19.449145,-99.343584,30562.0,NORTH_AMERICA,México,2022,7,30,2022-07-30T10:17,True,rizard,iNaturalist,http://creativecommons.org/licenses/by-nc/4.0/,rizard,https://inaturalist-open-data.s3.amazonaws.com/photos/219051481/original.jpeg; https://inaturalist-open-data.s3.amazonaws.com/photos/219051586/original.jpeg; https://inaturalist-open-data.s3.amazonaws.com/photos/219051651/original.jpeg; https://inaturalist-open-data.s3.amazonaws.com/photos/219051692/original.jpeg; https://inaturalist-open-data.s3.amazonaws.com/photos/219051715/original.jpeg,k-mexico,2024-10-25 13:23:48
original_3881600822_2.jpeg,3176719,Eucalyptus tereticornis,24.063000000000002,"Lampornis clemenciae (R.Lesson, 1830)",2476748,19.449145,-99.343584,30562.0,NORTH_AMERICA,México,2022,7,30,2022-07-30T10:17,True,rizard,iNaturalist,http://creativecommons.org/licenses/by-nc/4.0/,rizard,https://inaturalist-open-data.s3.amazonaws.com/photos/219051481/original.jpeg; https://inaturalist-open-data.s3.amazonaws.com/photos/219051586/original.jpeg; https://inaturalist-open-data.s3.amazonaws.com/photos/219051651/original.jpeg; https://inaturalist-open-data.s3.amazonaws.com/photos/219051692/original.jpeg; https://inaturalist-open-data.s3.amazonaws.com/photos/219051715/original.jpeg,k-mexico,2024-10-25 13:23:51
original_3881600822_3.jpeg,5373004,Salix caroliniana,7.359,"Lampornis clemenciae (R.Lesson, 1830)",2476748,19.449145,-99.343584,30562.0,NORTH_AMERICA,México,2022,7,30,2022-07-30T10:17,True,rizard,iNaturalist,http://creativecommons.org/licenses/by-nc/4.0/,rizard,https://inaturalist-open-data.s3.amazonaws.com/photos/219051481/original.jpeg; https://inaturalist-open-data.s3.amazonaws.com/photos/219051586/original.jpeg; https://inaturalist-open-data.s3.amazonaws.com/photos/219051651/original.jpeg; https://inaturalist-open-data.s3.amazonaws.com/photos/219051692/original.jpeg; https://inaturalist-open-data.s3.amazonaws.com/photos/219051715/original.jpeg,k-mexico,2024-10-25 13:23:53
original_3881600822_4.jpeg,3176197,Eucalyptus camaldulensis,30.658,"Lampornis clemenciae (R.Lesson, 1830)",2476748,19.449145,-99.343584,30562.0,NORTH_AMERICA,México,2022,7,30,2022-07-30T10:17,True,rizard,iNaturalist,http://creativecommons.org/licenses/by-nc/4.0/,rizard,https://inaturalist-open-data.s3.amazonaws.com/photos/219051481/original.jpeg; https://inaturalist-open-data.s3.amazonaws.com/photos/219051586/original.jpeg; https://inaturalist-open-data.s3.amazonaws.com/photos/219051651/original.jpeg; https://inaturalist-open-data.s3.amazonaws.com/photos/219051692/original.jpeg; https://inaturalist-open-data.s3.amazonaws.com/photos/219051715/original.jpeg,k-mexico,2024-10-25 13:23:55
original_3881600822_5.jpeg,5372984,Salix bonplandiana,12.912,"Lampornis clemenciae (R.Lesson, 1830)",2476748,19.449145,-99.343584,30562.0,NORTH_AMERICA,México,2022,7,30,2022-07-30T10:17,True,rizard,iNaturalist,http://creativecommons.org/licenses/by-nc/4.0/,rizard,https://inaturalist-open-data.s3.amazonaws.com/photos/219051481/original.jpeg; https://inaturalist-open-data.s3.amazonaws.com/photos/219051586/original.jpeg; https://inaturalist-open-data.s3.amazonaws.com/photos/219051651/original.jpeg; https://inaturalist-open-data.s3.amazonaws.com/photos/219051692/original.jpeg; https://inaturalist-open-data.s3.amazonaws.com/photos/219051715/original.jpeg,k-mexico,2024-10-25 13:23:57
original_3881719676_1.jpg,5372984,Salix bonplandiana,29.996000000000002,"Lampornis clemenciae (R.Lesson, 1830)",2476748,19.469376,-99.305246,187.0,NORTH_AMERICA,México,2022,7,31,2022-07-31T11:05,True,alambardo,iNaturalist,http://creativecommons.org/licenses/by-nc/4.0/,alambardo,https://inaturalist-open-data.s3.amazonaws.com/photos/219063924/original.jpg,k-mexico,2024-10-25 13:24:00
original_3881894389_1.jpeg,3152661,Gossypium hirsutum,1.087,"Lampornis clemenciae (R.Lesson, 1830)",2476748,19.182889,-99.143731,28.0,NORTH_AMERICA,Distrito Federal,2022,7,25,2022-07-25T18:28,True,-RodrigoFsc,iNaturalist,http://creativecommons.org/licenses/by-nc/4.0/,-RodrigoFsc,https://inaturalist-open-data.s3.amazonaws.com/photos/218639245/original.jpeg; https://inaturalist-open-data.s3.amazonaws.com/photos/218639269/original.jpeg; https://inaturalist-open-data.s3.amazonaws.com/photos/218639302/original.jpeg; https://inaturalist-open-data.s3.amazonaws.com/photos/218639323/original.jpeg; https://inaturalist-open-data.s3.amazonaws.com/photos/218639345/original.jpeg,k-mexico,2024-10-25 13:24:02
original_3881894389_3.jpeg,3152661,Gossypium hirsutum,18.073,"Lampornis clemenciae (R.Lesson, 1830)",2476748,19.182889,-99.143731,28.0,NORTH_AMERICA,Distrito Federal,2022,7,25,2022-07-25T18:28,True,-RodrigoFsc,iNaturalist,http://creativecommons.org/licenses/by-nc/4.0/,-RodrigoFsc,https://inaturalist-open-data.s3.amazonaws.com/photos/218639245/original.jpeg; https://inaturalist-open-data.s3.amazonaws.com/photos/218639269/original.jpeg; https://inaturalist-open-data.s3.amazonaws.com/photos/218639302/original.jpeg; https://inaturalist-open-data.s3.amazonaws.com/photos/218639323/original.jpeg; https://inaturalist-open-data.s3.amazonaws.com/photos/218639345/original.jpeg,k-mexico,2024-10-25 13:24:05
original_3881894389_4.jpeg,2951571,Mucuna sloanei,1.6789999999999998,"Lampornis clemenciae (R.Lesson, 1830)",2476748,19.182889,-99.143731,28.0,NORTH_AMERICA,Distrito Federal,2022,7,25,2022-07-25T18:28,True,-RodrigoFsc,iNaturalist,http://creativecommons.org/licenses/by-nc/4.0/,-RodrigoFsc,https://inaturalist-open-data.s3.amazonaws.com/photos/218639245/original.jpeg; https://inaturalist-open-data.s3.amazonaws.com/photos/218639269/original.jpeg; https://inaturalist-open-data.s3.amazonaws.com/photos/218639302/original.jpeg; https://inaturalist-open-data.s3.amazonaws.com/photos/218639323/original.jpeg; https://inaturalist-open-data.s3.amazonaws.com/photos/218639345/original.jpeg,k-mexico,2024-10-25 13:24:07
original_3881894389_5.jpeg,3152661,Gossypium hirsutum,3.5589999999999997,"Lampornis clemenciae (R.Lesson, 1830)",2476748,19.182889,-99.143731,28.0,NORTH_AMERICA,Distrito Federal,2022,7,25,2022-07-25T18:28,True,-RodrigoFsc,iNaturalist,http://creativecommons.org/licenses/by-nc/4.0/,-RodrigoFsc,https://inaturalist-open-data.s3.amazonaws.com/photos/218639245/original.jpeg; https://inaturalist-open-data.s3.amazonaws.com/photos/218639269/original.jpeg; https://inaturalist-open-data.s3.amazonaws.com/photos/218639302/original.jpeg; https://inaturalist-open-data.s3.amazonaws.com/photos/218639323/original.jpeg; https://inaturalist-open-data.s3.amazonaws.com/photos/218639345/original.jpeg,k-mexico,2024-10-25 13:24:09
original_3888764741_1.jpg,3021850,Prunus serotina,23.735,"Lampornis clemenciae (R.Lesson, 1830)",2476748,25.330492,-100.262118,89.0,NORTH_AMERICA,Nuevo León,2022,7,31,2022-07-31T09:00,True,Darío Cantú,iNaturalist,http://creativecommons.org/licenses/by-nc/4.0/,Darío Cantú,https://inaturalist-open-data.s3.amazonaws.com/photos/219805368/original.jpg,k-mexico,2024-10-25 13:24:11
original_3888769699_1.jpg,3021850,Prunus serotina,11.129999999999999,"Lampornis clemenciae (R.Lesson, 1830)",2476748,25.330492,-100.262118,89.0,NORTH_AMERICA,Nuevo León,2022,7,31,2022-07-31T09:06,True,Darío Cantú,iNaturalist,http://creativecommons.org/licenses/by-nc/4.0/,Darío Cantú,https://inaturalist-open-data.s3.amazonaws.com/photos/219805446/original.jpg; https://inaturalist-open-data.s3.amazonaws.com/photos/219805472/original.jpg,k-mexico,2024-10-25 13:24:14
original_3888769699_2.jpg,3021850,Prunus serotina,32.257999999999996,"Lampornis clemenciae (R.Lesson, 1830)",2476748,25.330492,-100.262118,89.0,NORTH_AMERICA,Nuevo León,2022,7,31,2022-07-31T09:06,True,Darío Cantú,iNaturalist,http://creativecommons.org/licenses/by-nc/4.0/,Darío Cantú,https://inaturalist-open-data.s3.amazonaws.com/photos/219805446/original.jpg; https://inaturalist-open-data.s3.amazonaws.com/photos/219805472/original.jpg,k-mexico,2024-10-25 13:24:16
original_3888782697_1.jpg,2957695,Senna atomaria,2.4330000000000003,"Lampornis clemenciae (R.Lesson, 1830)",2476748,25.330492,-100.262118,89.0,NORTH_AMERICA,Nuevo León,2022,7,31,2022-07-31T08:55,True,Darío Cantú,iNaturalist,http://creativecommons.org/licenses/by-nc/4.0/,Darío Cantú,https://inaturalist-open-data.s3.amazonaws.com/photos/219805312/original.jpg; https://inaturalist-open-data.s3.amazonaws.com/photos/219805337/original.jpg,k-mexico,2024-10-25 13:24:18
original_3888782697_2.jpg,2957695,Senna atomaria,1.242,"Lampornis clemenciae (R.Lesson, 1830)",2476748,25.330492,-100.262118,89.0,NORTH_AMERICA,Nuevo León,2022,7,31,2022-07-31T08:55,True,Darío Cantú,iNaturalist,http://creativecommons.org/licenses/by-nc/4.0/,Darío Cantú,https://inaturalist-open-data.s3.amazonaws.com/photos/219805312/original.jpg; https://inaturalist-open-data.s3.amazonaws.com/photos/219805337/original.jpg,k-mexico,2024-10-25 13:24:20
original_3888872832_1.jpg,2767031,Agave americana,41.423,"Lampornis clemenciae (R.Lesson, 1830)",2476748,25.330492,-100.262118,89.0,NORTH_AMERICA,Nuevo León,2022,7,30,2022-07-30T18:06,True,Darío Cantú,iNaturalist,http://creativecommons.org/licenses/by-nc/4.0/,Darío Cantú,https://inaturalist-open-data.s3.amazonaws.com/photos/219804117/original.jpg,k-mexico,2024-10-25 13:24:31
original_3889028832_1.jpg,5305033,Kniphofia uvaria,53.63099999999999,"Lampornis clemenciae (R.Lesson, 1830)",2476748,19.17135,-99.26662,30598.0,NORTH_AMERICA,Morelos,2022,8,2,2022-08-02T11:09:01,True,nancyd,iNaturalist,http://creativecommons.org/licenses/by-nc/4.0/,nancyd,https://inaturalist-open-data.s3.amazonaws.com/photos/219950705/original.jpg; https://inaturalist-open-data.s3.amazonaws.com/photos/219950750/original.jpg,k-mexico,2024-10-25 13:24:34
original_3889028832_2.jpg,2766728,Agave vilmoriniana,3.2800000000000002,"Lampornis clemenciae (R.Lesson, 1830)",2476748,19.17135,-99.26662,30598.0,NORTH_AMERICA,Morelos,2022,8,2,2022-08-02T11:09:01,True,nancyd,iNaturalist,http://creativecommons.org/licenses/by-nc/4.0/,nancyd,https://inaturalist-open-data.s3.amazonaws.com/photos/219950705/original.jpg; https://inaturalist-open-data.s3.amazonaws.com/photos/219950750/original.jpg,k-mexico,2024-10-25 13:24:36
original_3889165844_2.jpg,2887069,Sideroxylon lanuginosum,28.248,"Lampornis clemenciae (R.Lesson, 1830)",2476748,25.330492,-100.262118,89.0,NORTH_AMERICA,Nuevo León,2022,7,30,2022-07-30T17:34,True,Darío Cantú,iNaturalist,http://creativecommons.org/licenses/by-nc/4.0/,Darío Cantú,https://inaturalist-open-data.s3.amazonaws.com/photos/219803839/original.jpg; https://inaturalist-open-data.s3.amazonaws.com/photos/219803900/original.jpg; https://inaturalist-open-data.s3.amazonaws.com/photos/219803925/original.jpg; https://inaturalist-open-data.s3.amazonaws.com/photos/219803955/original.jpg,k-mexico,2024-10-25 13:24:40
original_3892265011_1.jpg,2874569,Cucumis sativus,11.131,"Lampornis clemenciae (R.Lesson, 1830)",2476748,31.883548,-109.206008,,NORTH_AMERICA,Arizona,2022,8,3,2022-08-03T08:11,True,Joseph Morlan,iNaturalist,http://creativecommons.org/licenses/by-sa/4.0/,Joseph Morlan,https://inaturalist-open-data.s3.amazonaws.com/photos/222377117/original.jpg,k-southwestern-u-s-a,2024-10-25 13:24:47
original_3892277830_1.jpeg,2775707,Yucca filifera,3.9800000000000004,"Lampornis clemenciae (R.Lesson, 1830)",2476748,25.243519,-100.837701,2.0,NORTH_AMERICA,Coahuila,2022,7,28,2022-07-28T13:43,True,Jesús Niño C.,iNaturalist,http://creativecommons.org/licenses/by-nc/4.0/,Jesús Niño C.,https://inaturalist-open-data.s3.amazonaws.com/photos/221996184/original.jpeg; https://inaturalist-open-data.s3.amazonaws.com/photos/221996196/original.jpeg; https://inaturalist-open-data.s3.amazonaws.com/photos/221996214/original.jpeg; https://inaturalist-open-data.s3.amazonaws.com/photos/221996240/original.jpeg,k-mexico,2024-10-25 13:24:49
original_3892277830_2.jpeg,2736812,Brahea dulcis,3.2070000000000003,"Lampornis clemenciae (R.Lesson, 1830)",2476748,25.243519,-100.837701,2.0,NORTH_AMERICA,Coahuila,2022,7,28,2022-07-28T13:43,True,Jesús Niño C.,iNaturalist,http://creativecommons.org/licenses/by-nc/4.0/,Jesús Niño C.,https://inaturalist-open-data.s3.amazonaws.com/photos/221996184/original.jpeg; https://inaturalist-open-data.s3.amazonaws.com/photos/221996196/original.jpeg; https://inaturalist-open-data.s3.amazonaws.com/photos/221996214/original.jpeg; https://inaturalist-open-data.s3.amazonaws.com/photos/221996240/original.jpeg,k-mexico,2024-10-25 13:24:51
original_3892277830_3.jpeg,2775707,Yucca filifera,2.444,"Lampornis clemenciae (R.Lesson, 1830)",2476748,25.243519,-100.837701,2.0,NORTH_AMERICA,Coahuila,2022,7,28,2022-07-28T13:43,True,Jesús Niño C.,iNaturalist,http://creativecommons.org/licenses/by-nc/4.0/,Jesús Niño C.,https://inaturalist-open-data.s3.amazonaws.com/photos/221996184/original.jpeg; https://inaturalist-open-data.s3.amazonaws.com/photos/221996196/original.jpeg; https://inaturalist-open-data.s3.amazonaws.com/photos/221996214/original.jpeg; https://inaturalist-open-data.s3.amazonaws.com/photos/221996240/original.jpeg,k-mexico,2024-10-25 13:24:53
original_3892277830_4.jpeg,2683503,Dioon edule,1.2189999999999999,"Lampornis clemenciae (R.Lesson, 1830)",2476748,25.243519,-100.837701,2.0,NORTH_AMERICA,Coahuila,2022,7,28,2022-07-28T13:43,True,Jesús Niño C.,iNaturalist,http://creativecommons.org/licenses/by-nc/4.0/,Jesús Niño C.,https://inaturalist-open-data.s3.amazonaws.com/photos/221996184/original.jpeg; https://inaturalist-open-data.s3.amazonaws.com/photos/221996196/original.jpeg; https://inaturalist-open-data.s3.amazonaws.com/photos/221996214/original.jpeg; https://inaturalist-open-data.s3.amazonaws.com/photos/221996240/original.jpeg,k-mexico,2024-10-25 13:24:56
original_3892444112_1.jpg,2887069,Sideroxylon lanuginosum,2.343,"Lampornis clemenciae (R.Lesson, 1830)",2476748,31.8833,-109.2055,9.0,NORTH_AMERICA,Arizona,2022,8,14,2022-08-14T11:01:17,True,dmehlman,iNaturalist,http://creativecommons.org/licenses/by-nc/4.0/,dmehlman,https://inaturalist-open-data.s3.amazonaws.com/photos/222563278/original.jpg,k-southwestern-u-s-a,2024-10-25 13:24:58
original_3892558858_1.jpeg,8162439,Callianthe striata,23.058,"Lampornis clemenciae (R.Lesson, 1830)",2476748,25.243454,-100.837704,2.0,NORTH_AMERICA,Coahuila,2022,7,28,2022-07-28T13:53,True,Jesús Niño C.,iNaturalist,http://creativecommons.org/licenses/by-nc/4.0/,Jesús Niño C.,https://inaturalist-open-data.s3.amazonaws.com/photos/221996345/original.jpeg,k-mexico,2024-10-25 13:25:04
original_3892564989_1.jpg,5285172,Pinus cembroides,20.166,"Lampornis clemenciae (R.Lesson, 1830)",2476748,31.904533,-109.156178,,NORTH_AMERICA,Arizona,2022,8,12,2022-08-12T16:58:44,True,marcie12h,iNaturalist,http://creativecommons.org/licenses/by-nc/4.0/,marcie12h,https://inaturalist-open-data.s3.amazonaws.com/photos/222313371/original.jpg; https://inaturalist-open-data.s3.amazonaws.com/photos/222313429/original.jpg,k-southwestern-u-s-a,2024-10-25 13:25:07
original_3892564989_2.jpg,5285595,Pinus muricata,1.248,"Lampornis clemenciae (R.Lesson, 1830)",2476748,31.904533,-109.156178,,NORTH_AMERICA,Arizona,2022,8,12,2022-08-12T16:58:44,True,marcie12h,iNaturalist,http://creativecommons.org/licenses/by-nc/4.0/,marcie12h,https://inaturalist-open-data.s3.amazonaws.com/photos/222313371/original.jpg; https://inaturalist-open-data.s3.amazonaws.com/photos/222313429/original.jpg,k-southwestern-u-s-a,2024-10-25 13:25:10
original_3892579281_1.jpeg,2695588,Tillandsia recurvata,3.121,"Lampornis clemenciae (R.Lesson, 1830)",2476748,17.150921,-96.619418,2.0,NORTH_AMERICA,Oaxaca,2022,8,6,2022-08-06T13:06,True,Zaira Lizbeth Nava Martínez,iNaturalist,http://creativecommons.org/licenses/by-nc/4.0/,Zaira Lizbeth Nava Martínez,https://inaturalist-open-data.s3.amazonaws.com/photos/223077097/original.jpeg; https://inaturalist-open-data.s3.amazonaws.com/photos/223077363/original.jpeg; https://inaturalist-open-data.s3.amazonaws.com/photos/223078340/original.jpeg,k-mexico,2024-10-25 13:25:12
original_3892579281_2.jpeg,2878068,Quercus polymorpha,9.826,"Lampornis clemenciae (R.Lesson, 1830)",2476748,17.150921,-96.619418,2.0,NORTH_AMERICA,Oaxaca,2022,8,6,2022-08-06T13:06,True,Zaira Lizbeth Nava Martínez,iNaturalist,http://creativecommons.org/licenses/by-nc/4.0/,Zaira Lizbeth Nava Martínez,https://inaturalist-open-data.s3.amazonaws.com/photos/223077097/original.jpeg; https://inaturalist-open-data.s3.amazonaws.com/photos/223077363/original.jpeg; https://inaturalist-open-data.s3.amazonaws.com/photos/223078340/original.jpeg,k-mexico,2024-10-25 13:25:15
original_3892579281_3.jpeg,5372984,Salix bonplandiana,20.61,"Lampornis clemenciae (R.Lesson, 1830)",2476748,17.150921,-96.619418,2.0,NORTH_AMERICA,Oaxaca,2022,8,6,2022-08-06T13:06,True,Zaira Lizbeth Nava Martínez,iNaturalist,http://creativecommons.org/licenses/by-nc/4.0/,Zaira Lizbeth Nava Martínez,https://inaturalist-open-data.s3.amazonaws.com/photos/223077097/original.jpeg; https://inaturalist-open-data.s3.amazonaws.com/photos/223077363/original.jpeg; https://inaturalist-open-data.s3.amazonaws.com/photos/223078340/original.jpeg,k-mexico,2024-10-25 13:25:17
original_3892594429_1.jpeg,3190538,Rhus typhina,7.7219999999999995,"Lampornis clemenciae (R.Lesson, 1830)",2476748,31.913703,-109.141449,1841.0,NORTH_AMERICA,Arizona,2022,5,17,2022-05-17T14:33,True,sprcrkwild,iNaturalist,http://creativecommons.org/licenses/by/4.0/,sprcrkwild,https://inaturalist-open-data.s3.amazonaws.com/photos/203994338/original.jpeg; https://inaturalist-open-data.s3.amazonaws.com/photos/204002540/original.jpeg,k-southwestern-u-s-a,2024-10-25 13:25:20
original_3892626985_1.jpg,2684674,Juniperus deppeana,33.336,"Lampornis clemenciae (R.Lesson, 1830)",2476748,31.883187,-109.205513,,NORTH_AMERICA,Arizona,2022,8,3,2022-08-03T08:37,True,Joseph Morlan,iNaturalist,http://creativecommons.org/licenses/by-sa/4.0/,Joseph Morlan,https://inaturalist-open-data.s3.amazonaws.com/photos/222374376/original.jpg,k-southwestern-u-s-a,2024-10-25 13:25:26
original_3902446328_1.jpg,5295452,Smilax lasioneura,1.233,"Lampornis clemenciae (R.Lesson, 1830)",2476748,30.554222,-91.0048,29356.0,NORTH_AMERICA,Louisiana,2022,1,8,2022-01-08T15:04,True,Daniel Patterson,iNaturalist,http://creativecommons.org/licenses/by/4.0/,Daniel Patterson,https://inaturalist-open-data.s3.amazonaws.com/photos/223285198/original.jpg; https://inaturalist-open-data.s3.amazonaws.com/photos/223285241/original.jpg; https://inaturalist-open-data.s3.amazonaws.com/photos/223285308/original.jpg,k-southeastern-u-s-a,2024-10-25 13:25:34
original_3902446328_2.jpg,5295452,Smilax lasioneura,2.34,"Lampornis clemenciae (R.Lesson, 1830)",2476748,30.554222,-91.0048,29356.0,NORTH_AMERICA,Louisiana,2022,1,8,2022-01-08T15:04,True,Daniel Patterson,iNaturalist,http://creativecommons.org/licenses/by/4.0/,Daniel Patterson,https://inaturalist-open-data.s3.amazonaws.com/photos/223285198/original.jpg; https://inaturalist-open-data.s3.amazonaws.com/photos/223285241/original.jpg; https://inaturalist-open-data.s3.amazonaws.com/photos/223285308/original.jpg,k-southeastern-u-s-a,2024-10-25 13:25:36
original_3902446328_3.jpg,5295452,Smilax lasioneura,1.04,"Lampornis clemenciae (R.Lesson, 1830)",2476748,30.554222,-91.0048,29356.0,NORTH_AMERICA,Louisiana,2022,1,8,2022-01-08T15:04,True,Daniel Patterson,iNaturalist,http://creativecommons.org/licenses/by/4.0/,Daniel Patterson,https://inaturalist-open-data.s3.amazonaws.com/photos/223285198/original.jpg; https://inaturalist-open-data.s3.amazonaws.com/photos/223285241/original.jpg; https://inaturalist-open-data.s3.amazonaws.com/photos/223285308/original.jpg,k-southeastern-u-s-a,2024-10-25 13:25:38
original_3902465180_1.jpeg,5372392,Vitis vinifera,19.869,"Lampornis clemenciae (R.Lesson, 1830)",2476748,31.896394,-109.163549,61.0,NORTH_AMERICA,Arizona,2020,6,6,2020-06-06T19:55,True,Bud Lensing,iNaturalist,http://creativecommons.org/licenses/by-nc/4.0/,Bud Lensing,https://inaturalist-open-data.s3.amazonaws.com/photos/224628549/original.jpeg,k-southwestern-u-s-a,2024-10-25 13:25:41
original_3902587402_1.jpeg,5285090,Pinus patula,27.950999999999997,"Lampornis clemenciae (R.Lesson, 1830)",2476748,16.169465,-96.500962,214.0,NORTH_AMERICA,Oaxaca,2022,8,19,2022-08-19T12:50:50,True,Juan Manuel Carmona,iNaturalist,http://creativecommons.org/licenses/by-nc/4.0/,Juan Manuel Carmona,https://inaturalist-open-data.s3.amazonaws.com/photos/223815941/original.jpeg,k-mexico,2024-10-25 13:25:43
original_3902604303_1.jpeg,2882802,Arbutus menziesii,1.0070000000000001,"Lampornis clemenciae (R.Lesson, 1830)",2476748,16.169465,-96.500962,214.0,NORTH_AMERICA,Oaxaca,2022,8,18,2022-08-18T17:11:51,True,Juan Manuel Carmona,iNaturalist,http://creativecommons.org/licenses/by-nc/4.0/,Juan Manuel Carmona,https://inaturalist-open-data.s3.amazonaws.com/photos/223790987/original.jpeg,k-mexico,2024-10-25 13:25:45
original_3902607643_1.jpeg,3171570,Penstemon barbatus,66.58,"Lampornis clemenciae (R.Lesson, 1830)",2476748,17.118889,-96.4525,2073.0,NORTH_AMERICA,Oaxaca,2022,5,6,2022-05-06T19:18,True,Tim Weed,iNaturalist,http://creativecommons.org/licenses/by-nc/4.0/,Tim Weed,https://inaturalist-open-data.s3.amazonaws.com/photos/196116951/original.jpeg; https://inaturalist-open-data.s3.amazonaws.com/photos/196117127/original.jpeg,k-mexico,2024-10-25 13:25:48
original_3902607643_2.jpeg,3171570,Penstemon barbatus,75.83,"Lampornis clemenciae (R.Lesson, 1830)",2476748,17.118889,-96.4525,2073.0,NORTH_AMERICA,Oaxaca,2022,5,6,2022-05-06T19:18,True,Tim Weed,iNaturalist,http://creativecommons.org/licenses/by-nc/4.0/,Tim Weed,https://inaturalist-open-data.s3.amazonaws.com/photos/196116951/original.jpeg; https://inaturalist-open-data.s3.amazonaws.com/photos/196117127/original.jpeg,k-mexico,2024-10-25 13:25:50
original_3902685887_1.jpg,5289756,Phalaris arundinacea,0.604,"Lampornis clemenciae (R.Lesson, 1830)",2476748,31.448645,-110.306683,22.0,NORTH_AMERICA,Arizona,2022,8,26,2022-08-26T18:24:12,True,jbp316,iNaturalist,http://creativecommons.org/licenses/by-nc/4.0/,jbp316,https://inaturalist-open-data.s3.amazonaws.com/photos/225963689/original.jpg; https://inaturalist-open-data.s3.amazonaws.com/photos/225963720/original.jpg,k-southwestern-u-s-a,2024-10-25 13:25:52
original_3902685887_2.jpg,2988162,Pyracantha koidzumii,1.383,"Lampornis clemenciae (R.Lesson, 1830)",2476748,31.448645,-110.306683,22.0,NORTH_AMERICA,Arizona,2022,8,26,2022-08-26T18:24:12,True,jbp316,iNaturalist,http://creativecommons.org/licenses/by-nc/4.0/,jbp316,https://inaturalist-open-data.s3.amazonaws.com/photos/225963689/original.jpg; https://inaturalist-open-data.s3.amazonaws.com/photos/225963720/original.jpg,k-southwestern-u-s-a,2024-10-25 13:25:54
original_3902939019_1.jpeg,5580093,Crossopetalum uragoga,1.308,"Lampornis clemenciae (R.Lesson, 1830)",2476748,16.169465,-96.500962,214.0,NORTH_AMERICA,Oaxaca,2022,8,19,2022-08-19T12:48:53,True,Juan Manuel Carmona,iNaturalist,http://creativecommons.org/licenses/by-nc/4.0/,Juan Manuel Carmona,https://inaturalist-open-data.s3.amazonaws.com/photos/223815801/original.jpeg,k-mexico,2024-10-25 13:26:00
original_3902972124_1.jpeg,3190118,Zanthoxylum caribaeum,0.724,"Lampornis clemenciae (R.Lesson, 1830)",2476748,17.550432,-97.424616,1242.0,NORTH_AMERICA,Oaxaca,2022,8,30,2022-08-30T15:24:39,True,Juan Manuel Carmona,iNaturalist,http://creativecommons.org/licenses/by-nc/4.0/,Juan Manuel Carmona,https://inaturalist-open-data.s3.amazonaws.com/photos/226495585/original.jpeg,k-mexico,2024-10-25 13:26:02
original_3903093722_1.jpeg,6371424,Rhamnus alaternus,3.759,"Lampornis clemenciae (R.Lesson, 1830)",2476748,31.913703,-109.141449,1841.0,NORTH_AMERICA,Arizona,2021,8,5,2021-08-05T10:06,True,rlar,iNaturalist,http://creativecommons.org/licenses/by-nc/4.0/,rlar,https://inaturalist-open-data.s3.amazonaws.com/photos/225884022/original.jpeg,k-southwestern-u-s-a,2024-10-25 13:26:07
original_3903123306_1.jpeg,5406696,Ceiba aesculifolia,4.569,"Lampornis clemenciae (R.Lesson, 1830)",2476748,21.751311,-102.720432,204.0,NORTH_AMERICA,Aguascalientes,2022,8,27,2022-08-27T10:33:54,True,Sergio Castañeda,iNaturalist,http://creativecommons.org/licenses/by-nc/4.0/,Sergio Castañeda,https://inaturalist-open-data.s3.amazonaws.com/photos/226418712/original.jpeg,k-mexico,2024-10-25 13:26:10
original_3903151822_1.jpg,2702901,Leersia hexandra,0.711,"Lampornis clemenciae (R.Lesson, 1830)",2476748,31.448403,-110.306667,30.0,NORTH_AMERICA,Arizona,2022,8,27,2022-08-27T12:57:17,True,jbp316,iNaturalist,http://creativecommons.org/licenses/by-nc/4.0/,jbp316,https://inaturalist-open-data.s3.amazonaws.com/photos/225987219/original.jpg; https://inaturalist-open-data.s3.amazonaws.com/photos/225987247/original.jpg; https://inaturalist-open-data.s3.amazonaws.com/photos/225987275/original.jpg; https://inaturalist-open-data.s3.amazonaws.com/photos/225987308/original.jpg,k-southwestern-u-s-a,2024-10-25 13:26:12
original_3903151822_2.jpg,2702901,Leersia hexandra,1.256,"Lampornis clemenciae (R.Lesson, 1830)",2476748,31.448403,-110.306667,30.0,NORTH_AMERICA,Arizona,2022,8,27,2022-08-27T12:57:17,True,jbp316,iNaturalist,http://creativecommons.org/licenses/by-nc/4.0/,jbp316,https://inaturalist-open-data.s3.amazonaws.com/photos/225987219/original.jpg; https://inaturalist-open-data.s3.amazonaws.com/photos/225987247/original.jpg; https://inaturalist-open-data.s3.amazonaws.com/photos/225987275/original.jpg; https://inaturalist-open-data.s3.amazonaws.com/photos/225987308/original.jpg,k-southwestern-u-s-a,2024-10-25 13:26:14
original_3903151822_3.jpg,5290269,Elymus glaucus,1.737,"Lampornis clemenciae (R.Lesson, 1830)",2476748,31.448403,-110.306667,30.0,NORTH_AMERICA,Arizona,2022,8,27,2022-08-27T12:57:17,True,jbp316,iNaturalist,http://creativecommons.org/licenses/by-nc/4.0/,jbp316,https://inaturalist-open-data.s3.amazonaws.com/photos/225987219/original.jpg; https://inaturalist-open-data.s3.amazonaws.com/photos/225987247/original.jpg; https://inaturalist-open-data.s3.amazonaws.com/photos/225987275/original.jpg; https://inaturalist-open-data.s3.amazonaws.com/photos/225987308/original.jpg,k-southwestern-u-s-a,2024-10-25 13:26:16
original_3903151822_4.jpg,2702901,Leersia hexandra,2.368,"Lampornis clemenciae (R.Lesson, 1830)",2476748,31.448403,-110.306667,30.0,NORTH_AMERICA,Arizona,2022,8,27,2022-08-27T12:57:17,True,jbp316,iNaturalist,http://creativecommons.org/licenses/by-nc/4.0/,jbp316,https://inaturalist-open-data.s3.amazonaws.com/photos/225987219/original.jpg; https://inaturalist-open-data.s3.amazonaws.com/photos/225987247/original.jpg; https://inaturalist-open-data.s3.amazonaws.com/photos/225987275/original.jpg; https://inaturalist-open-data.s3.amazonaws.com/photos/225987308/original.jpg,k-southwestern-u-s-a,2024-10-25 13:26:19
original_3903183322_1.jpeg,3171401,Penstemon hartwegii,15.068000000000001,"Lampornis clemenciae (R.Lesson, 1830)",2476748,17.378685,-97.344357,1815.0,NORTH_AMERICA,Oaxaca,2022,8,27,2022-08-27T16:17:14,True,Juan Manuel Carmona,iNaturalist,http://creativecommons.org/licenses/by-nc/4.0/,Juan Manuel Carmona,https://inaturalist-open-data.s3.amazonaws.com/photos/225838340/original.jpeg,k-mexico,2024-10-25 13:26:24
original_3903407984_1.jpeg,2928441,Calystegia sepium,3.092,"Lampornis clemenciae (R.Lesson, 1830)",2476748,19.176164,-99.144878,102.0,NORTH_AMERICA,Distrito Federal,2022,9,5,2022-09-05T07:52:35,True,-RodrigoFsc,iNaturalist,http://creativecommons.org/licenses/by-nc/4.0/,-RodrigoFsc,https://inaturalist-open-data.s3.amazonaws.com/photos/229948116/original.jpeg; https://inaturalist-open-data.s3.amazonaws.com/photos/229948150/original.jpeg; https://inaturalist-open-data.s3.amazonaws.com/photos/229948188/original.jpeg; https://inaturalist-open-data.s3.amazonaws.com/photos/229948212/original.jpeg,k-mexico,2024-10-25 13:26:33
original_3903407984_2.jpeg,2856037,Allium ampeloprasum,3.5929999999999995,"Lampornis clemenciae (R.Lesson, 1830)",2476748,19.176164,-99.144878,102.0,NORTH_AMERICA,Distrito Federal,2022,9,5,2022-09-05T07:52:35,True,-RodrigoFsc,iNaturalist,http://creativecommons.org/licenses/by-nc/4.0/,-RodrigoFsc,https://inaturalist-open-data.s3.amazonaws.com/photos/229948116/original.jpeg; https://inaturalist-open-data.s3.amazonaws.com/photos/229948150/original.jpeg; https://inaturalist-open-data.s3.amazonaws.com/photos/229948188/original.jpeg; https://inaturalist-open-data.s3.amazonaws.com/photos/229948212/original.jpeg,k-mexico,2024-10-25 13:26:35
original_3903407984_3.jpeg,2856037,Allium ampeloprasum,6.277000000000001,"Lampornis clemenciae (R.Lesson, 1830)",2476748,19.176164,-99.144878,102.0,NORTH_AMERICA,Distrito Federal,2022,9,5,2022-09-05T07:52:35,True,-RodrigoFsc,iNaturalist,http://creativecommons.org/licenses/by-nc/4.0/,-RodrigoFsc,https://inaturalist-open-data.s3.amazonaws.com/photos/229948116/original.jpeg; https://inaturalist-open-data.s3.amazonaws.com/photos/229948150/original.jpeg; https://inaturalist-open-data.s3.amazonaws.com/photos/229948188/original.jpeg; https://inaturalist-open-data.s3.amazonaws.com/photos/229948212/original.jpeg,k-mexico,2024-10-25 13:26:37
original_3903407984_4.jpeg,2928441,Calystegia sepium,2.185,"Lampornis clemenciae (R.Lesson, 1830)",2476748,19.176164,-99.144878,102.0,NORTH_AMERICA,Distrito Federal,2022,9,5,2022-09-05T07:52:35,True,-RodrigoFsc,iNaturalist,http://creativecommons.org/licenses/by-nc/4.0/,-RodrigoFsc,https://inaturalist-open-data.s3.amazonaws.com/photos/229948116/original.jpeg; https://inaturalist-open-data.s3.amazonaws.com/photos/229948150/original.jpeg; https://inaturalist-open-data.s3.amazonaws.com/photos/229948188/original.jpeg; https://inaturalist-open-data.s3.amazonaws.com/photos/229948212/original.jpeg,k-mexico,2024-10-25 13:26:39
original_3903412476_1.jpg,2684627,Juniperus californica,2.106,"Lampornis clemenciae (R.Lesson, 1830)",2476748,31.909589,-109.146494,61.0,NORTH_AMERICA,Arizona,2021,8,6,2021-08-06T16:22,True,Dean Hester,iNaturalist,http://creativecommons.org/licenses/by-nc-nd/4.0/,Dean Hester,https://inaturalist-open-data.s3.amazonaws.com/photos/227446945/original.jpg,k-southwestern-u-s-a,2024-10-25 13:26:42
original_3911995960_1.jpeg,8386328,Quercus rugosa,52.678000000000004,"Lampornis clemenciae (R.Lesson, 1830)",2476748,19.766346,-99.34397,455.0,NORTH_AMERICA,México,2022,9,11,2022-09-11T10:29:32,True,Salvador Sánchez,iNaturalist,http://creativecommons.org/licenses/by-nc/4.0/,Salvador Sánchez,https://inaturalist-open-data.s3.amazonaws.com/photos/230074333/original.jpeg,k-mexico,2024-10-25 13:26:53
original_3912086860_1.jpeg,2705621,Paspalum notatum,0.371,"Lampornis clemenciae (R.Lesson, 1830)",2476748,19.210118,-99.948853,,NORTH_AMERICA,México,2022,8,12,2022-08-12T11:55,True,Eusebio Roldán Félix,iNaturalist,http://creativecommons.org/licenses/by-nc/4.0/,Eusebio Roldán Félix,https://inaturalist-open-data.s3.amazonaws.com/photos/228668164/original.jpeg; https://inaturalist-open-data.s3.amazonaws.com/photos/228668454/original.jpeg; https://inaturalist-open-data.s3.amazonaws.com/photos/228668458/original.jpeg,k-mexico,2024-10-25 13:26:56
original_3912086860_2.jpeg,2728838,Carex capitata,0.382,"Lampornis clemenciae (R.Lesson, 1830)",2476748,19.210118,-99.948853,,NORTH_AMERICA,México,2022,8,12,2022-08-12T11:55,True,Eusebio Roldán Félix,iNaturalist,http://creativecommons.org/licenses/by-nc/4.0/,Eusebio Roldán Félix,https://inaturalist-open-data.s3.amazonaws.com/photos/228668164/original.jpeg; https://inaturalist-open-data.s3.amazonaws.com/photos/228668454/original.jpeg; https://inaturalist-open-data.s3.amazonaws.com/photos/228668458/original.jpeg,k-mexico,2024-10-25 13:26:58
original_3912086860_3.jpeg,2705621,Paspalum notatum,2.423,"Lampornis clemenciae (R.Lesson, 1830)",2476748,19.210118,-99.948853,,NORTH_AMERICA,México,2022,8,12,2022-08-12T11:55,True,Eusebio Roldán Félix,iNaturalist,http://creativecommons.org/licenses/by-nc/4.0/,Eusebio Roldán Félix,https://inaturalist-open-data.s3.amazonaws.com/photos/228668164/original.jpeg; https://inaturalist-open-data.s3.amazonaws.com/photos/228668454/original.jpeg; https://inaturalist-open-data.s3.amazonaws.com/photos/228668458/original.jpeg,k-mexico,2024-10-25 13:27:00
original_3912222352_1.jpeg,8386328,Quercus rugosa,27.614,"Lampornis clemenciae (R.Lesson, 1830)",2476748,19.766077,-99.344168,204.0,NORTH_AMERICA,México,2022,9,11,2022-09-11T09:36:49,True,Jason Vargas Navarrete,iNaturalist,http://creativecommons.org/licenses/by-nc/4.0/,Jason Vargas Navarrete,https://inaturalist-open-data.s3.amazonaws.com/photos/230344812/original.jpeg,k-mexico,2024-10-25 13:27:02
original_3912229664_1.jpeg,3897283,Salvia longispicata,65.347,"Lampornis clemenciae (R.Lesson, 1830)",2476748,19.298658,-99.254234,2.0,NORTH_AMERICA,Distrito Federal,2022,9,16,2022-09-16T10:28,True,Efraín Octavio Aguilar Pérez,iNaturalist,http://creativecommons.org/licenses/by-nc/4.0/,Efraín Octavio Aguilar Pérez,https://inaturalist-open-data.s3.amazonaws.com/photos/230864360/original.jpeg; https://inaturalist-open-data.s3.amazonaws.com/photos/230864784/original.jpeg; https://inaturalist-open-data.s3.amazonaws.com/photos/230864815/original.jpeg; https://inaturalist-open-data.s3.amazonaws.com/photos/230866763/original.jpeg; https://inaturalist-open-data.s3.amazonaws.com/photos/230866924/original.jpeg; https://inaturalist-open-data.s3.amazonaws.com/photos/230866984/original.jpeg,k-mexico,2024-10-25 13:27:05
original_3912229664_2.jpeg,3897283,Salvia longispicata,86.368,"Lampornis clemenciae (R.Lesson, 1830)",2476748,19.298658,-99.254234,2.0,NORTH_AMERICA,Distrito Federal,2022,9,16,2022-09-16T10:28,True,Efraín Octavio Aguilar Pérez,iNaturalist,http://creativecommons.org/licenses/by-nc/4.0/,Efraín Octavio Aguilar Pérez,https://inaturalist-open-data.s3.amazonaws.com/photos/230864360/original.jpeg; https://inaturalist-open-data.s3.amazonaws.com/photos/230864784/original.jpeg; https://inaturalist-open-data.s3.amazonaws.com/photos/230864815/original.jpeg; https://inaturalist-open-data.s3.amazonaws.com/photos/230866763/original.jpeg; https://inaturalist-open-data.s3.amazonaws.com/photos/230866924/original.jpeg; https://inaturalist-open-data.s3.amazonaws.com/photos/230866984/original.jpeg,k-mexico,2024-10-25 13:27:06
original_3912229664_4.jpeg,3897283,Salvia longispicata,95.989,"Lampornis clemenciae (R.Lesson, 1830)",2476748,19.298658,-99.254234,2.0,NORTH_AMERICA,Distrito Federal,2022,9,16,2022-09-16T10:28,True,Efraín Octavio Aguilar Pérez,iNaturalist,http://creativecommons.org/licenses/by-nc/4.0/,Efraín Octavio Aguilar Pérez,https://inaturalist-open-data.s3.amazonaws.com/photos/230864360/original.jpeg; https://inaturalist-open-data.s3.amazonaws.com/photos/230864784/original.jpeg; https://inaturalist-open-data.s3.amazonaws.com/photos/230864815/original.jpeg; https://inaturalist-open-data.s3.amazonaws.com/photos/230866763/original.jpeg; https://inaturalist-open-data.s3.amazonaws.com/photos/230866924/original.jpeg; https://inaturalist-open-data.s3.amazonaws.com/photos/230866984/original.jpeg,k-mexico,2024-10-25 13:27:10
original_3912229664_6.jpeg,3897283,Salvia longispicata,72.732,"Lampornis clemenciae (R.Lesson, 1830)",2476748,19.298658,-99.254234,2.0,NORTH_AMERICA,Distrito Federal,2022,9,16,2022-09-16T10:28,True,Efraín Octavio Aguilar Pérez,iNaturalist,http://creativecommons.org/licenses/by-nc/4.0/,Efraín Octavio Aguilar Pérez,https://inaturalist-open-data.s3.amazonaws.com/photos/230864360/original.jpeg; https://inaturalist-open-data.s3.amazonaws.com/photos/230864784/original.jpeg; https://inaturalist-open-data.s3.amazonaws.com/photos/230864815/original.jpeg; https://inaturalist-open-data.s3.amazonaws.com/photos/230866763/original.jpeg; https://inaturalist-open-data.s3.amazonaws.com/photos/230866924/original.jpeg; https://inaturalist-open-data.s3.amazonaws.com/photos/230866984/original.jpeg,k-mexico,2024-10-25 13:27:12
original_3912378601_1.jpg,3176197,Eucalyptus camaldulensis,3.82,"Lampornis clemenciae (R.Lesson, 1830)",2476748,19.472749,-99.266163,4.0,NORTH_AMERICA,México,2022,9,17,2022-09-17T15:17,True,Valentina de Santiago,iNaturalist,http://creativecommons.org/licenses/by-nc/4.0/,Valentina de Santiago,https://inaturalist-open-data.s3.amazonaws.com/photos/231290557/original.jpg,k-mexico,2024-10-25 13:27:15
original_3915262886_1.jpeg,2878132,Quercus canbyi,2.319,"Lampornis clemenciae (R.Lesson, 1830)",2476748,19.290464,-99.261965,4.0,NORTH_AMERICA,Distrito Federal,2022,9,16,2022-09-16T12:39,True,Efraín Octavio Aguilar Pérez,iNaturalist,http://creativecommons.org/licenses/by-nc/4.0/,Efraín Octavio Aguilar Pérez,https://inaturalist-open-data.s3.amazonaws.com/photos/230944989/original.jpeg; https://inaturalist-open-data.s3.amazonaws.com/photos/230945002/original.jpeg,k-mexico,2024-10-25 13:27:18
original_3915262886_2.jpeg,3021850,Prunus serotina,1.677,"Lampornis clemenciae (R.Lesson, 1830)",2476748,19.290464,-99.261965,4.0,NORTH_AMERICA,Distrito Federal,2022,9,16,2022-09-16T12:39,True,Efraín Octavio Aguilar Pérez,iNaturalist,http://creativecommons.org/licenses/by-nc/4.0/,Efraín Octavio Aguilar Pérez,https://inaturalist-open-data.s3.amazonaws.com/photos/230944989/original.jpeg; https://inaturalist-open-data.s3.amazonaws.com/photos/230945002/original.jpeg,k-mexico,2024-10-25 13:27:20
original_3915385774_2.jpeg,2695588,Tillandsia recurvata,3.49,"Lampornis clemenciae (R.Lesson, 1830)",2476748,19.398339,-99.227951,1.0,NORTH_AMERICA,Distrito Federal,2022,9,22,2022-09-22T13:38,True,Damián McAnally,iNaturalist,http://creativecommons.org/licenses/by-nc-sa/4.0/,Damián McAnally,https://inaturalist-open-data.s3.amazonaws.com/photos/232235362/original.jpeg; https://inaturalist-open-data.s3.amazonaws.com/photos/232235432/original.jpeg; https://inaturalist-open-data.s3.amazonaws.com/photos/232235506/original.jpeg; https://inaturalist-open-data.s3.amazonaws.com/photos/232235540/original.jpeg,k-mexico,2024-10-25 13:27:24
original_3915385774_3.jpeg,3794448,Semialarium mexicanum,3.71,"Lampornis clemenciae (R.Lesson, 1830)",2476748,19.398339,-99.227951,1.0,NORTH_AMERICA,Distrito Federal,2022,9,22,2022-09-22T13:38,True,Damián McAnally,iNaturalist,http://creativecommons.org/licenses/by-nc-sa/4.0/,Damián McAnally,https://inaturalist-open-data.s3.amazonaws.com/photos/232235362/original.jpeg; https://inaturalist-open-data.s3.amazonaws.com/photos/232235432/original.jpeg; https://inaturalist-open-data.s3.amazonaws.com/photos/232235506/original.jpeg; https://inaturalist-open-data.s3.amazonaws.com/photos/232235540/original.jpeg,k-mexico,2024-10-25 13:27:26
original_3915385774_4.jpeg,2695588,Tillandsia recurvata,1.299,"Lampornis clemenciae (R.Lesson, 1830)",2476748,19.398339,-99.227951,1.0,NORTH_AMERICA,Distrito Federal,2022,9,22,2022-09-22T13:38,True,Damián McAnally,iNaturalist,http://creativecommons.org/licenses/by-nc-sa/4.0/,Damián McAnally,https://inaturalist-open-data.s3.amazonaws.com/photos/232235362/original.jpeg; https://inaturalist-open-data.s3.amazonaws.com/photos/232235432/original.jpeg; https://inaturalist-open-data.s3.amazonaws.com/photos/232235506/original.jpeg; https://inaturalist-open-data.s3.amazonaws.com/photos/232235540/original.jpeg,k-mexico,2024-10-25 13:27:28
original_3915677820_1.jpg,5285172,Pinus cembroides,34.365,"Lampornis clemenciae (R.Lesson, 1830)",2476748,31.904001,-109.155656,182.0,NORTH_AMERICA,Arizona,2022,9,15,2022-09-15T14:58,True,Paul Donahue,iNaturalist,http://creativecommons.org/licenses/by-nc/4.0/,Paul Donahue,https://inaturalist-open-data.s3.amazonaws.com/photos/232768952/original.jpg; https://inaturalist-open-data.s3.amazonaws.com/photos/232768956/original.jpg,k-southwestern-u-s-a,2024-10-25 13:27:33
original_3915677820_2.jpg,5285621,Pinus monticola,0.654,"Lampornis clemenciae (R.Lesson, 1830)",2476748,31.904001,-109.155656,182.0,NORTH_AMERICA,Arizona,2022,9,15,2022-09-15T14:58,True,Paul Donahue,iNaturalist,http://creativecommons.org/licenses/by-nc/4.0/,Paul Donahue,https://inaturalist-open-data.s3.amazonaws.com/photos/232768952/original.jpg; https://inaturalist-open-data.s3.amazonaws.com/photos/232768956/original.jpg,k-southwestern-u-s-a,2024-10-25 13:27:34
original_3923235777_1.jpg,3176197,Eucalyptus camaldulensis,3.82,"Lampornis clemenciae (R.Lesson, 1830)",2476748,19.472749,-99.266163,4.0,NORTH_AMERICA,México,2022,9,17,2022-09-17T15:17,True,Valentina de Santiago,iNaturalist,http://creativecommons.org/licenses/by-nc/4.0/,Valentina de Santiago,https://inaturalist-open-data.s3.amazonaws.com/photos/233458519/original.jpg,k-mexico,2024-10-25 13:27:36
original_3923263490_1.jpeg,5938224,Fuchsia magellanica,55.911,"Lampornis clemenciae (R.Lesson, 1830)",2476748,21.135451,-99.625567,697.0,NORTH_AMERICA,Querétaro,2021,11,9,2021-11-09T16:54:35,True,Alvaro Rojas (brújula de aves),iNaturalist,http://creativecommons.org/licenses/by-nc/4.0/,Alvaro Rojas (brújula de aves),https://inaturalist-open-data.s3.amazonaws.com/photos/199422620/original.jpeg; https://inaturalist-open-data.s3.amazonaws.com/photos/199422667/original.jpeg; https://inaturalist-open-data.s3.amazonaws.com/photos/199422713/original.jpeg; https://inaturalist-open-data.s3.amazonaws.com/photos/199422756/original.jpeg; https://inaturalist-open-data.s3.amazonaws.com/photos/199422794/original.jpeg; https://inaturalist-open-data.s3.amazonaws.com/photos/199422824/original.jpeg; https://inaturalist-open-data.s3.amazonaws.com/photos/199422854/original.jpeg; https://inaturalist-open-data.s3.amazonaws.com/photos/199422890/original.jpeg; https://inaturalist-open-data.s3.amazonaws.com/photos/199422926/original.jpeg; https://inaturalist-open-data.s3.amazonaws.com/photos/199422960/original.jpeg; https://inaturalist-open-data.s3.amazonaws.com/photos/199423001/original.jpeg; https://inaturalist-open-data.s3.amazonaws.com/photos/199423046/original.jpeg; https://inaturalist-open-data.s3.amazonaws.com/photos/199423087/original.jpeg,k-mexico,2024-10-25 13:27:39
original_3923263490_10.jpeg,5938224,Fuchsia magellanica,50.739000000000004,"Lampornis clemenciae (R.Lesson, 1830)",2476748,21.135451,-99.625567,697.0,NORTH_AMERICA,Querétaro,2021,11,9,2021-11-09T16:54:35,True,Alvaro Rojas (brújula de aves),iNaturalist,http://creativecommons.org/licenses/by-nc/4.0/,Alvaro Rojas (brújula de aves),https://inaturalist-open-data.s3.amazonaws.com/photos/199422620/original.jpeg; https://inaturalist-open-data.s3.amazonaws.com/photos/199422667/original.jpeg; https://inaturalist-open-data.s3.amazonaws.com/photos/199422713/original.jpeg; https://inaturalist-open-data.s3.amazonaws.com/photos/199422756/original.jpeg; https://inaturalist-open-data.s3.amazonaws.com/photos/199422794/original.jpeg; https://inaturalist-open-data.s3.amazonaws.com/photos/199422824/original.jpeg; https://inaturalist-open-data.s3.amazonaws.com/photos/199422854/original.jpeg; https://inaturalist-open-data.s3.amazonaws.com/photos/199422890/original.jpeg; https://inaturalist-open-data.s3.amazonaws.com/photos/199422926/original.jpeg; https://inaturalist-open-data.s3.amazonaws.com/photos/199422960/original.jpeg; https://inaturalist-open-data.s3.amazonaws.com/photos/199423001/original.jpeg; https://inaturalist-open-data.s3.amazonaws.com/photos/199423046/original.jpeg; https://inaturalist-open-data.s3.amazonaws.com/photos/199423087/original.jpeg,k-mexico,2024-10-25 13:27:41
original_3923263490_11.jpeg,5938224,Fuchsia magellanica,40.198,"Lampornis clemenciae (R.Lesson, 1830)",2476748,21.135451,-99.625567,697.0,NORTH_AMERICA,Querétaro,2021,11,9,2021-11-09T16:54:35,True,Alvaro Rojas (brújula de aves),iNaturalist,http://creativecommons.org/licenses/by-nc/4.0/,Alvaro Rojas (brújula de aves),https://inaturalist-open-data.s3.amazonaws.com/photos/199422620/original.jpeg; https://inaturalist-open-data.s3.amazonaws.com/photos/199422667/original.jpeg; https://inaturalist-open-data.s3.amazonaws.com/photos/199422713/original.jpeg; https://inaturalist-open-data.s3.amazonaws.com/photos/199422756/original.jpeg; https://inaturalist-open-data.s3.amazonaws.com/photos/199422794/original.jpeg; https://inaturalist-open-data.s3.amazonaws.com/photos/199422824/original.jpeg; https://inaturalist-open-data.s3.amazonaws.com/photos/199422854/original.jpeg; https://inaturalist-open-data.s3.amazonaws.com/photos/199422890/original.jpeg; https://inaturalist-open-data.s3.amazonaws.com/photos/199422926/original.jpeg; https://inaturalist-open-data.s3.amazonaws.com/photos/199422960/original.jpeg; https://inaturalist-open-data.s3.amazonaws.com/photos/199423001/original.jpeg; https://inaturalist-open-data.s3.amazonaws.com/photos/199423046/original.jpeg; https://inaturalist-open-data.s3.amazonaws.com/photos/199423087/original.jpeg,k-mexico,2024-10-25 13:27:43
original_3923263490_12.jpeg,5938224,Fuchsia magellanica,6.104,"Lampornis clemenciae (R.Lesson, 1830)",2476748,21.135451,-99.625567,697.0,NORTH_AMERICA,Querétaro,2021,11,9,2021-11-09T16:54:35,True,Alvaro Rojas (brújula de aves),iNaturalist,http://creativecommons.org/licenses/by-nc/4.0/,Alvaro Rojas (brújula de aves),https://inaturalist-open-data.s3.amazonaws.com/photos/199422620/original.jpeg; https://inaturalist-open-data.s3.amazonaws.com/photos/199422667/original.jpeg; https://inaturalist-open-data.s3.amazonaws.com/photos/199422713/original.jpeg; https://inaturalist-open-data.s3.amazonaws.com/photos/199422756/original.jpeg; https://inaturalist-open-data.s3.amazonaws.com/photos/199422794/original.jpeg; https://inaturalist-open-data.s3.amazonaws.com/photos/199422824/original.jpeg; https://inaturalist-open-data.s3.amazonaws.com/photos/199422854/original.jpeg; https://inaturalist-open-data.s3.amazonaws.com/photos/199422890/original.jpeg; https://inaturalist-open-data.s3.amazonaws.com/photos/199422926/original.jpeg; https://inaturalist-open-data.s3.amazonaws.com/photos/199422960/original.jpeg; https://inaturalist-open-data.s3.amazonaws.com/photos/199423001/original.jpeg; https://inaturalist-open-data.s3.amazonaws.com/photos/199423046/original.jpeg; https://inaturalist-open-data.s3.amazonaws.com/photos/199423087/original.jpeg,k-mexico,2024-10-25 13:27:45
original_3923263490_13.jpeg,2928631,Ipomoea alba,2.489,"Lampornis clemenciae (R.Lesson, 1830)",2476748,21.135451,-99.625567,697.0,NORTH_AMERICA,Querétaro,2021,11,9,2021-11-09T16:54:35,True,Alvaro Rojas (brújula de aves),iNaturalist,http://creativecommons.org/licenses/by-nc/4.0/,Alvaro Rojas (brújula de aves),https://inaturalist-open-data.s3.amazonaws.com/photos/199422620/original.jpeg; https://inaturalist-open-data.s3.amazonaws.com/photos/199422667/original.jpeg; https://inaturalist-open-data.s3.amazonaws.com/photos/199422713/original.jpeg; https://inaturalist-open-data.s3.amazonaws.com/photos/199422756/original.jpeg; https://inaturalist-open-data.s3.amazonaws.com/photos/199422794/original.jpeg; https://inaturalist-open-data.s3.amazonaws.com/photos/199422824/original.jpeg; https://inaturalist-open-data.s3.amazonaws.com/photos/199422854/original.jpeg; https://inaturalist-open-data.s3.amazonaws.com/photos/199422890/original.jpeg; https://inaturalist-open-data.s3.amazonaws.com/photos/199422926/original.jpeg; https://inaturalist-open-data.s3.amazonaws.com/photos/199422960/original.jpeg; https://inaturalist-open-data.s3.amazonaws.com/photos/199423001/original.jpeg; https://inaturalist-open-data.s3.amazonaws.com/photos/199423046/original.jpeg; https://inaturalist-open-data.s3.amazonaws.com/photos/199423087/original.jpeg,k-mexico,2024-10-25 13:27:48
original_3923263490_2.jpeg,5938224,Fuchsia magellanica,7.91,"Lampornis clemenciae (R.Lesson, 1830)",2476748,21.135451,-99.625567,697.0,NORTH_AMERICA,Querétaro,2021,11,9,2021-11-09T16:54:35,True,Alvaro Rojas (brújula de aves),iNaturalist,http://creativecommons.org/licenses/by-nc/4.0/,Alvaro Rojas (brújula de aves),https://inaturalist-open-data.s3.amazonaws.com/photos/199422620/original.jpeg; https://inaturalist-open-data.s3.amazonaws.com/photos/199422667/original.jpeg; https://inaturalist-open-data.s3.amazonaws.com/photos/199422713/original.jpeg; https://inaturalist-open-data.s3.amazonaws.com/photos/199422756/original.jpeg; https://inaturalist-open-data.s3.amazonaws.com/photos/199422794/original.jpeg; https://inaturalist-open-data.s3.amazonaws.com/photos/199422824/original.jpeg; https://inaturalist-open-data.s3.amazonaws.com/photos/199422854/original.jpeg; https://inaturalist-open-data.s3.amazonaws.com/photos/199422890/original.jpeg; https://inaturalist-open-data.s3.amazonaws.com/photos/199422926/original.jpeg; https://inaturalist-open-data.s3.amazonaws.com/photos/199422960/original.jpeg; https://inaturalist-open-data.s3.amazonaws.com/photos/199423001/original.jpeg; https://inaturalist-open-data.s3.amazonaws.com/photos/199423046/original.jpeg; https://inaturalist-open-data.s3.amazonaws.com/photos/199423087/original.jpeg,k-mexico,2024-10-25 13:27:50
original_3923263490_3.jpeg,5938223,Fuchsia paniculata,8.491999999999999,"Lampornis clemenciae (R.Lesson, 1830)",2476748,21.135451,-99.625567,697.0,NORTH_AMERICA,Querétaro,2021,11,9,2021-11-09T16:54:35,True,Alvaro Rojas (brújula de aves),iNaturalist,http://creativecommons.org/licenses/by-nc/4.0/,Alvaro Rojas (brújula de aves),https://inaturalist-open-data.s3.amazonaws.com/photos/199422620/original.jpeg; https://inaturalist-open-data.s3.amazonaws.com/photos/199422667/original.jpeg; https://inaturalist-open-data.s3.amazonaws.com/photos/199422713/original.jpeg; https://inaturalist-open-data.s3.amazonaws.com/photos/199422756/original.jpeg; https://inaturalist-open-data.s3.amazonaws.com/photos/199422794/original.jpeg; https://inaturalist-open-data.s3.amazonaws.com/photos/199422824/original.jpeg; https://inaturalist-open-data.s3.amazonaws.com/photos/199422854/original.jpeg; https://inaturalist-open-data.s3.amazonaws.com/photos/199422890/original.jpeg; https://inaturalist-open-data.s3.amazonaws.com/photos/199422926/original.jpeg; https://inaturalist-open-data.s3.amazonaws.com/photos/199422960/original.jpeg; https://inaturalist-open-data.s3.amazonaws.com/photos/199423001/original.jpeg; https://inaturalist-open-data.s3.amazonaws.com/photos/199423046/original.jpeg; https://inaturalist-open-data.s3.amazonaws.com/photos/199423087/original.jpeg,k-mexico,2024-10-25 13:27:52
original_3923263490_4.jpeg,5938224,Fuchsia magellanica,46.361000000000004,"Lampornis clemenciae (R.Lesson, 1830)",2476748,21.135451,-99.625567,697.0,NORTH_AMERICA,Querétaro,2021,11,9,2021-11-09T16:54:35,True,Alvaro Rojas (brújula de aves),iNaturalist,http://creativecommons.org/licenses/by-nc/4.0/,Alvaro Rojas (brújula de aves),https://inaturalist-open-data.s3.amazonaws.com/photos/199422620/original.jpeg; https://inaturalist-open-data.s3.amazonaws.com/photos/199422667/original.jpeg; https://inaturalist-open-data.s3.amazonaws.com/photos/199422713/original.jpeg; https://inaturalist-open-data.s3.amazonaws.com/photos/199422756/original.jpeg; https://inaturalist-open-data.s3.amazonaws.com/photos/199422794/original.jpeg; https://inaturalist-open-data.s3.amazonaws.com/photos/199422824/original.jpeg; https://inaturalist-open-data.s3.amazonaws.com/photos/199422854/original.jpeg; https://inaturalist-open-data.s3.amazonaws.com/photos/199422890/original.jpeg; https://inaturalist-open-data.s3.amazonaws.com/photos/199422926/original.jpeg; https://inaturalist-open-data.s3.amazonaws.com/photos/199422960/original.jpeg; https://inaturalist-open-data.s3.amazonaws.com/photos/199423001/original.jpeg; https://inaturalist-open-data.s3.amazonaws.com/photos/199423046/original.jpeg; https://inaturalist-open-data.s3.amazonaws.com/photos/199423087/original.jpeg,k-mexico,2024-10-25 13:27:54
original_3923263490_5.jpeg,5938224,Fuchsia magellanica,65.448,"Lampornis clemenciae (R.Lesson, 1830)",2476748,21.135451,-99.625567,697.0,NORTH_AMERICA,Querétaro,2021,11,9,2021-11-09T16:54:35,True,Alvaro Rojas (brújula de aves),iNaturalist,http://creativecommons.org/licenses/by-nc/4.0/,Alvaro Rojas (brújula de aves),https://inaturalist-open-data.s3.amazonaws.com/photos/199422620/original.jpeg; https://inaturalist-open-data.s3.amazonaws.com/photos/199422667/original.jpeg; https://inaturalist-open-data.s3.amazonaws.com/photos/199422713/original.jpeg; https://inaturalist-open-data.s3.amazonaws.com/photos/199422756/original.jpeg; https://inaturalist-open-data.s3.amazonaws.com/photos/199422794/original.jpeg; https://inaturalist-open-data.s3.amazonaws.com/photos/199422824/original.jpeg; https://inaturalist-open-data.s3.amazonaws.com/photos/199422854/original.jpeg; https://inaturalist-open-data.s3.amazonaws.com/photos/199422890/original.jpeg; https://inaturalist-open-data.s3.amazonaws.com/photos/199422926/original.jpeg; https://inaturalist-open-data.s3.amazonaws.com/photos/199422960/original.jpeg; https://inaturalist-open-data.s3.amazonaws.com/photos/199423001/original.jpeg; https://inaturalist-open-data.s3.amazonaws.com/photos/199423046/original.jpeg; https://inaturalist-open-data.s3.amazonaws.com/photos/199423087/original.jpeg,k-mexico,2024-10-25 13:27:57
original_3923263490_6.jpeg,2928631,Ipomoea alba,3.775,"Lampornis clemenciae (R.Lesson, 1830)",2476748,21.135451,-99.625567,697.0,NORTH_AMERICA,Querétaro,2021,11,9,2021-11-09T16:54:35,True,Alvaro Rojas (brújula de aves),iNaturalist,http://creativecommons.org/licenses/by-nc/4.0/,Alvaro Rojas (brújula de aves),https://inaturalist-open-data.s3.amazonaws.com/photos/199422620/original.jpeg; https://inaturalist-open-data.s3.amazonaws.com/photos/199422667/original.jpeg; https://inaturalist-open-data.s3.amazonaws.com/photos/199422713/original.jpeg; https://inaturalist-open-data.s3.amazonaws.com/photos/199422756/original.jpeg; https://inaturalist-open-data.s3.amazonaws.com/photos/199422794/original.jpeg; https://inaturalist-open-data.s3.amazonaws.com/photos/199422824/original.jpeg; https://inaturalist-open-data.s3.amazonaws.com/photos/199422854/original.jpeg; https://inaturalist-open-data.s3.amazonaws.com/photos/199422890/original.jpeg; https://inaturalist-open-data.s3.amazonaws.com/photos/199422926/original.jpeg; https://inaturalist-open-data.s3.amazonaws.com/photos/199422960/original.jpeg; https://inaturalist-open-data.s3.amazonaws.com/photos/199423001/original.jpeg; https://inaturalist-open-data.s3.amazonaws.com/photos/199423046/original.jpeg; https://inaturalist-open-data.s3.amazonaws.com/photos/199423087/original.jpeg,k-mexico,2024-10-25 13:27:59
original_3923263490_7.jpeg,2928631,Ipomoea alba,4.0489999999999995,"Lampornis clemenciae (R.Lesson, 1830)",2476748,21.135451,-99.625567,697.0,NORTH_AMERICA,Querétaro,2021,11,9,2021-11-09T16:54:35,True,Alvaro Rojas (brújula de aves),iNaturalist,http://creativecommons.org/licenses/by-nc/4.0/,Alvaro Rojas (brújula de aves),https://inaturalist-open-data.s3.amazonaws.com/photos/199422620/original.jpeg; https://inaturalist-open-data.s3.amazonaws.com/photos/199422667/original.jpeg; https://inaturalist-open-data.s3.amazonaws.com/photos/199422713/original.jpeg; https://inaturalist-open-data.s3.amazonaws.com/photos/199422756/original.jpeg; https://inaturalist-open-data.s3.amazonaws.com/photos/199422794/original.jpeg; https://inaturalist-open-data.s3.amazonaws.com/photos/199422824/original.jpeg; https://inaturalist-open-data.s3.amazonaws.com/photos/199422854/original.jpeg; https://inaturalist-open-data.s3.amazonaws.com/photos/199422890/original.jpeg; https://inaturalist-open-data.s3.amazonaws.com/photos/199422926/original.jpeg; https://inaturalist-open-data.s3.amazonaws.com/photos/199422960/original.jpeg; https://inaturalist-open-data.s3.amazonaws.com/photos/199423001/original.jpeg; https://inaturalist-open-data.s3.amazonaws.com/photos/199423046/original.jpeg; https://inaturalist-open-data.s3.amazonaws.com/photos/199423087/original.jpeg,k-mexico,2024-10-25 13:28:01
original_3923263490_8.jpeg,5938224,Fuchsia magellanica,38.969,"Lampornis clemenciae (R.Lesson, 1830)",2476748,21.135451,-99.625567,697.0,NORTH_AMERICA,Querétaro,2021,11,9,2021-11-09T16:54:35,True,Alvaro Rojas (brújula de aves),iNaturalist,http://creativecommons.org/licenses/by-nc/4.0/,Alvaro Rojas (brújula de aves),https://inaturalist-open-data.s3.amazonaws.com/photos/199422620/original.jpeg; https://inaturalist-open-data.s3.amazonaws.com/photos/199422667/original.jpeg; https://inaturalist-open-data.s3.amazonaws.com/photos/199422713/original.jpeg; https://inaturalist-open-data.s3.amazonaws.com/photos/199422756/original.jpeg; https://inaturalist-open-data.s3.amazonaws.com/photos/199422794/original.jpeg; https://inaturalist-open-data.s3.amazonaws.com/photos/199422824/original.jpeg; https://inaturalist-open-data.s3.amazonaws.com/photos/199422854/original.jpeg; https://inaturalist-open-data.s3.amazonaws.com/photos/199422890/original.jpeg; https://inaturalist-open-data.s3.amazonaws.com/photos/199422926/original.jpeg; https://inaturalist-open-data.s3.amazonaws.com/photos/199422960/original.jpeg; https://inaturalist-open-data.s3.amazonaws.com/photos/199423001/original.jpeg; https://inaturalist-open-data.s3.amazonaws.com/photos/199423046/original.jpeg; https://inaturalist-open-data.s3.amazonaws.com/photos/199423087/original.jpeg,k-mexico,2024-10-25 13:28:04
original_3923263490_9.jpeg,5938223,Fuchsia paniculata,4.162,"Lampornis clemenciae (R.Lesson, 1830)",2476748,21.135451,-99.625567,697.0,NORTH_AMERICA,Querétaro,2021,11,9,2021-11-09T16:54:35,True,Alvaro Rojas (brújula de aves),iNaturalist,http://creativecommons.org/licenses/by-nc/4.0/,Alvaro Rojas (brújula de aves),https://inaturalist-open-data.s3.amazonaws.com/photos/199422620/original.jpeg; https://inaturalist-open-data.s3.amazonaws.com/photos/199422667/original.jpeg; https://inaturalist-open-data.s3.amazonaws.com/photos/199422713/original.jpeg; https://inaturalist-open-data.s3.amazonaws.com/photos/199422756/original.jpeg; https://inaturalist-open-data.s3.amazonaws.com/photos/199422794/original.jpeg; https://inaturalist-open-data.s3.amazonaws.com/photos/199422824/original.jpeg; https://inaturalist-open-data.s3.amazonaws.com/photos/199422854/original.jpeg; https://inaturalist-open-data.s3.amazonaws.com/photos/199422890/original.jpeg; https://inaturalist-open-data.s3.amazonaws.com/photos/199422926/original.jpeg; https://inaturalist-open-data.s3.amazonaws.com/photos/199422960/original.jpeg; https://inaturalist-open-data.s3.amazonaws.com/photos/199423001/original.jpeg; https://inaturalist-open-data.s3.amazonaws.com/photos/199423046/original.jpeg; https://inaturalist-open-data.s3.amazonaws.com/photos/199423087/original.jpeg,k-mexico,2024-10-25 13:28:06
original_3923349407_1.jpeg,2910221,Bouvardia ternifolia,86.0,"Lampornis clemenciae (R.Lesson, 1830)",2476748,19.092148,-97.535772,1494.0,NORTH_AMERICA,Puebla,2022,9,28,2022-09-28T12:31:58,True,Edison Díaz,iNaturalist,http://creativecommons.org/licenses/by-nc-sa/4.0/,Edison Díaz,https://inaturalist-open-data.s3.amazonaws.com/photos/234461303/original.jpeg,k-mexico,2024-10-25 13:28:11
original_3923358545_3.jpeg,2765030,Tradescantia crassifolia,1.7590000000000001,"Lampornis clemenciae (R.Lesson, 1830)",2476748,20.858654,-99.595463,203.0,NORTH_AMERICA,Querétaro,2022,4,17,2022-04-17T12:59:31,True,Alvaro Rojas (brújula de aves),iNaturalist,http://creativecommons.org/licenses/by-nc/4.0/,Alvaro Rojas (brújula de aves),https://inaturalist-open-data.s3.amazonaws.com/photos/210700813/original.jpeg; https://inaturalist-open-data.s3.amazonaws.com/photos/210700832/original.jpeg; https://inaturalist-open-data.s3.amazonaws.com/photos/210700849/original.jpeg; https://inaturalist-open-data.s3.amazonaws.com/photos/210700863/original.jpeg; https://inaturalist-open-data.s3.amazonaws.com/photos/210700887/original.jpeg,k-mexico,2024-10-25 13:28:14
original_3923358545_4.jpeg,2985898,Dudleya lanceolata,0.62,"Lampornis clemenciae (R.Lesson, 1830)",2476748,20.858654,-99.595463,203.0,NORTH_AMERICA,Querétaro,2022,4,17,2022-04-17T12:59:31,True,Alvaro Rojas (brújula de aves),iNaturalist,http://creativecommons.org/licenses/by-nc/4.0/,Alvaro Rojas (brújula de aves),https://inaturalist-open-data.s3.amazonaws.com/photos/210700813/original.jpeg; https://inaturalist-open-data.s3.amazonaws.com/photos/210700832/original.jpeg; https://inaturalist-open-data.s3.amazonaws.com/photos/210700849/original.jpeg; https://inaturalist-open-data.s3.amazonaws.com/photos/210700863/original.jpeg; https://inaturalist-open-data.s3.amazonaws.com/photos/210700887/original.jpeg,k-mexico,2024-10-25 13:28:16
original_3923662768_1.jpg,2704265,Poa compressa,0.27299999999999996,"Lampornis clemenciae (R.Lesson, 1830)",2476748,19.472746,-99.266138,3.0,NORTH_AMERICA,México,2022,9,25,2022-09-25T16:59,True,Valentina de Santiago,iNaturalist,http://creativecommons.org/licenses/by-nc/4.0/,Valentina de Santiago,https://inaturalist-open-data.s3.amazonaws.com/photos/233458499/original.jpg,k-mexico,2024-10-25 13:28:21
original_3925078226_1.jpeg,2959492,Gleditsia aquatica,0.8880000000000001,"Lampornis clemenciae (R.Lesson, 1830)",2476748,19.614197,-99.127412,,NORTH_AMERICA,México,2022,10,8,2022-10-08T09:22:22,True,Francisco Xavier Delgado Moreno,iNaturalist,http://creativecommons.org/licenses/by-nc/4.0/,Francisco Xavier Delgado Moreno,https://inaturalist-open-data.s3.amazonaws.com/photos/235859757/original.jpeg,k-mexico,2024-10-25 13:28:25
original_3925104836_1.jpeg,2777537,Aloe arborescens,29.666999999999998,"Lampornis clemenciae (R.Lesson, 1830)",2476748,16.144077,-96.44799,244.0,NORTH_AMERICA,Oaxaca,2022,8,6,2022-08-06T16:09,True,Daniel Juarez Santiago,iNaturalist,http://creativecommons.org/licenses/by-nc/4.0/,Daniel Juarez Santiago,https://inaturalist-open-data.s3.amazonaws.com/photos/234995148/original.jpeg,k-mexico,2024-10-25 13:28:27
original_3925158875_1.jpeg,2925462,Stachytarpheta mutabilis,2.654,"Lampornis clemenciae (R.Lesson, 1830)",2476748,16.144077,-96.44799,244.0,NORTH_AMERICA,Oaxaca,2022,8,6,2022-08-06T16:08,True,Daniel Juarez Santiago,iNaturalist,http://creativecommons.org/licenses/by-nc/4.0/,Daniel Juarez Santiago,https://inaturalist-open-data.s3.amazonaws.com/photos/234995124/original.jpeg,k-mexico,2024-10-25 13:28:30
original_3925228658_1.jpg,2925403,Avicennia marina,0.27999999999999997,"Lampornis clemenciae (R.Lesson, 1830)",2476748,31.883545,-109.177764,120.0,NORTH_AMERICA,Arizona,2022,5,11,2022-05-11T12:21,True,Liam Huber,iNaturalist,http://creativecommons.org/licenses/by-nc/4.0/,Liam Huber,https://inaturalist-open-data.s3.amazonaws.com/photos/236590006/original.jpg; https://inaturalist-open-data.s3.amazonaws.com/photos/236590032/original.jpg,k-southwestern-u-s-a,2024-10-25 13:28:35
original_3925228658_2.jpg,3015853,Crataegus chrysocarpa,0.365,"Lampornis clemenciae (R.Lesson, 1830)",2476748,31.883545,-109.177764,120.0,NORTH_AMERICA,Arizona,2022,5,11,2022-05-11T12:21,True,Liam Huber,iNaturalist,http://creativecommons.org/licenses/by-nc/4.0/,Liam Huber,https://inaturalist-open-data.s3.amazonaws.com/photos/236590006/original.jpg; https://inaturalist-open-data.s3.amazonaws.com/photos/236590032/original.jpg,k-southwestern-u-s-a,2024-10-25 13:28:38
original_3925456872_1.jpeg,5372984,Salix bonplandiana,1.153,"Lampornis clemenciae (R.Lesson, 1830)",2476748,31.883293,-109.205224,9.0,NORTH_AMERICA,Arizona,2022,10,5,2022-10-05T14:43:57,True,Kate Hamedani,iNaturalist,http://creativecommons.org/licenses/by-nc/4.0/,Kate Hamedani,https://inaturalist-open-data.s3.amazonaws.com/photos/235193118/original.jpeg; https://inaturalist-open-data.s3.amazonaws.com/photos/235193140/original.jpeg; https://inaturalist-open-data.s3.amazonaws.com/photos/235195836/original.jpeg,k-southwestern-u-s-a,2024-10-25 13:28:40
original_3925456872_2.jpeg,5372694,Salix lemmonii,3.102,"Lampornis clemenciae (R.Lesson, 1830)",2476748,31.883293,-109.205224,9.0,NORTH_AMERICA,Arizona,2022,10,5,2022-10-05T14:43:57,True,Kate Hamedani,iNaturalist,http://creativecommons.org/licenses/by-nc/4.0/,Kate Hamedani,https://inaturalist-open-data.s3.amazonaws.com/photos/235193118/original.jpeg; https://inaturalist-open-data.s3.amazonaws.com/photos/235193140/original.jpeg; https://inaturalist-open-data.s3.amazonaws.com/photos/235195836/original.jpeg,k-southwestern-u-s-a,2024-10-25 13:28:42
original_3947136185_1.jpeg,2927054,Salvia regla,97.357,"Lampornis clemenciae (R.Lesson, 1830)",2476748,22.340666,-103.38357,15.0,NORTH_AMERICA,Zacatecas,2022,10,15,2022-10-15T13:28,True,josepineda,iNaturalist,http://creativecommons.org/licenses/by-nc/4.0/,josepineda,https://inaturalist-open-data.s3.amazonaws.com/photos/238491282/original.jpeg,k-mexico,2024-10-25 13:28:46
original_3947520017_1.jpeg,5415487,Melaleuca citrina,31.451,"Lampornis clemenciae (R.Lesson, 1830)",2476748,19.394506,-99.2499,196.0,NORTH_AMERICA,Distrito Federal,2022,10,8,2022-10-08,True,Regina Ibarra,iNaturalist,http://creativecommons.org/licenses/by-nc/4.0/,Regina Ibarra,https://inaturalist-open-data.s3.amazonaws.com/photos/236044754/original.jpeg,k-mexico,2024-10-25 13:28:49
original_3947617177_1.jpeg,5406696,Ceiba aesculifolia,16.266,"Lampornis clemenciae (R.Lesson, 1830)",2476748,18.92421,-99.221566,9623.0,NORTH_AMERICA,Morelos,2022,1,29,2022-01-29T18:13,True,emilioalonso,iNaturalist,http://creativecommons.org/licenses/by-nc/4.0/,emilioalonso,https://inaturalist-open-data.s3.amazonaws.com/photos/236826197/original.jpeg,k-mexico,2024-10-25 13:28:52
original_3947773967_1.jpeg,2895593,Genipa americana,4.99,"Lampornis clemenciae (R.Lesson, 1830)",2476748,19.394464,-99.251052,287.0,NORTH_AMERICA,Distrito Federal,2022,10,8,2022-10-08T12:26,True,Regina Ibarra,iNaturalist,http://creativecommons.org/licenses/by-nc/4.0/,Regina Ibarra,https://inaturalist-open-data.s3.amazonaws.com/photos/236057906/original.jpeg,k-mexico,2024-10-25 13:28:54
original_3947816740_1.jpeg,7995001,Montanoa hibiscifolia,17.086000000000002,"Lampornis clemenciae (R.Lesson, 1830)",2476748,19.605936,-99.093513,68.0,NORTH_AMERICA,México,2022,10,23,2022-10-23T13:37:39,True,Bel Cas,iNaturalist,http://creativecommons.org/licenses/by-nc/4.0/,Bel Cas,https://inaturalist-open-data.s3.amazonaws.com/photos/239185347/original.jpeg; https://inaturalist-open-data.s3.amazonaws.com/photos/239185367/original.jpeg; https://inaturalist-open-data.s3.amazonaws.com/photos/239185391/original.jpeg; https://inaturalist-open-data.s3.amazonaws.com/photos/239185421/original.jpeg,k-mexico,2024-10-25 13:28:57
original_3947816740_2.jpeg,3897283,Salvia longispicata,5.037,"Lampornis clemenciae (R.Lesson, 1830)",2476748,19.605936,-99.093513,68.0,NORTH_AMERICA,México,2022,10,23,2022-10-23T13:37:39,True,Bel Cas,iNaturalist,http://creativecommons.org/licenses/by-nc/4.0/,Bel Cas,https://inaturalist-open-data.s3.amazonaws.com/photos/239185347/original.jpeg; https://inaturalist-open-data.s3.amazonaws.com/photos/239185367/original.jpeg; https://inaturalist-open-data.s3.amazonaws.com/photos/239185391/original.jpeg; https://inaturalist-open-data.s3.amazonaws.com/photos/239185421/original.jpeg,k-mexico,2024-10-25 13:29:00
original_3947816740_3.jpeg,3897283,Salvia longispicata,84.844,"Lampornis clemenciae (R.Lesson, 1830)",2476748,19.605936,-99.093513,68.0,NORTH_AMERICA,México,2022,10,23,2022-10-23T13:37:39,True,Bel Cas,iNaturalist,http://creativecommons.org/licenses/by-nc/4.0/,Bel Cas,https://inaturalist-open-data.s3.amazonaws.com/photos/239185347/original.jpeg; https://inaturalist-open-data.s3.amazonaws.com/photos/239185367/original.jpeg; https://inaturalist-open-data.s3.amazonaws.com/photos/239185391/original.jpeg; https://inaturalist-open-data.s3.amazonaws.com/photos/239185421/original.jpeg,k-mexico,2024-10-25 13:29:02
original_3947816740_4.jpeg,3173150,Carlowrightia parviflora,15.76,"Lampornis clemenciae (R.Lesson, 1830)",2476748,19.605936,-99.093513,68.0,NORTH_AMERICA,México,2022,10,23,2022-10-23T13:37:39,True,Bel Cas,iNaturalist,http://creativecommons.org/licenses/by-nc/4.0/,Bel Cas,https://inaturalist-open-data.s3.amazonaws.com/photos/239185347/original.jpeg; https://inaturalist-open-data.s3.amazonaws.com/photos/239185367/original.jpeg; https://inaturalist-open-data.s3.amazonaws.com/photos/239185391/original.jpeg; https://inaturalist-open-data.s3.amazonaws.com/photos/239185421/original.jpeg,k-mexico,2024-10-25 13:29:04
original_3966741763_1.jpg,2882802,Arbutus menziesii,4.445,"Lampornis clemenciae (R.Lesson, 1830)",2476748,19.366302,-99.255396,408.0,NORTH_AMERICA,Distrito Federal,2022,5,15,2022-05-15T14:43:28,True,paoli,iNaturalist,http://creativecommons.org/licenses/by-nc/4.0/,paoli,https://inaturalist-open-data.s3.amazonaws.com/photos/242591317/original.jpg,k-mexico,2024-10-25 13:29:11
original_3985707306_2.jpg,5406696,Ceiba aesculifolia,11.169,"Lampornis clemenciae (R.Lesson, 1830)",2476748,19.577137,-99.323044,,NORTH_AMERICA,México,2016,8,17,2016-08-17T10:48,True,Fernando Cecor,iNaturalist,http://creativecommons.org/licenses/by/4.0/,Fernando Cecor,https://inaturalist-open-data.s3.amazonaws.com/photos/4612188/original.jpg; https://inaturalist-open-data.s3.amazonaws.com/photos/4617323/original.jpg,k-mexico,2024-10-25 13:29:16
original_3988461832_1.jpeg,3571001,Gonolobus grandiflorus,3.8830000000000005,"Lampornis clemenciae (R.Lesson, 1830)",2476748,17.243275,-96.713143,,NORTH_AMERICA,Oaxaca,2018,11,4,2018-11-04T12:44,True,johnharshman,iNaturalist,http://creativecommons.org/licenses/by-nc/4.0/,johnharshman,https://inaturalist-open-data.s3.amazonaws.com/photos/245994549/original.jpeg,k-mexico,2024-10-25 13:29:34
original_3988716750_1.jpg,8537667,Chondrilla juncea,1.261,"Lampornis clemenciae (R.Lesson, 1830)",2476748,31.725088,-110.880087,1845.0,NORTH_AMERICA,Arizona,2019,1,15,2019-01-15T14:00,True,allenbryan,iNaturalist,http://creativecommons.org/licenses/by-nc/4.0/,allenbryan,https://inaturalist-open-data.s3.amazonaws.com/photos/245868639/original.jpg,k-southwestern-u-s-a,2024-10-25 13:29:37
original_3994301786_1.jpg,5285497,Pinus attenuata,8.208,"Lampornis clemenciae (R.Lesson, 1830)",2476748,23.569607,-105.84949,919.0,NORTH_AMERICA,Sinaloa,2016,2,22,2016-02-22T09:45,True,Bert Filemyr,iNaturalist,http://creativecommons.org/licenses/by-nc/4.0/,Bert Filemyr,https://inaturalist-open-data.s3.amazonaws.com/photos/246886089/original.jpg,k-mexico,2024-10-25 13:29:39
original_4006532920_1.jpeg,3039423,Ziziphus jujuba,5.247,"Lampornis clemenciae (R.Lesson, 1830)",2476748,31.725072,-110.880269,28.0,NORTH_AMERICA,Arizona,2019,1,10,2019-01-10,True,jmbearce,iNaturalist,http://creativecommons.org/licenses/by-nc/4.0/,jmbearce,https://inaturalist-open-data.s3.amazonaws.com/photos/247981405/original.jpeg,k-southwestern-u-s-a,2024-10-25 13:29:41
original_4006715899_1.jpeg,2988162,Pyracantha koidzumii,2.582,"Lampornis clemenciae (R.Lesson, 1830)",2476748,31.725054,-110.880269,28.0,NORTH_AMERICA,Arizona,2018,10,18,2018-10-18,True,jmbearce,iNaturalist,http://creativecommons.org/licenses/by-nc/4.0/,jmbearce,https://inaturalist-open-data.s3.amazonaws.com/photos/247972693/original.jpeg,k-southwestern-u-s-a,2024-10-25 13:29:44
original_4006763869_1.jpg,2878171,Quercus emoryi,0.549,"Lampornis clemenciae (R.Lesson, 1830)",2476748,31.904216,-109.156156,74.0,NORTH_AMERICA,Arizona,2015,4,22,2015-04-22T01:36:37,True,Cheryl Rosenfeld,iNaturalist,http://creativecommons.org/licenses/by-nc/4.0/,Cheryl Rosenfeld,https://inaturalist-open-data.s3.amazonaws.com/photos/247934458/original.jpg; https://inaturalist-open-data.s3.amazonaws.com/photos/247935345/original.jpg; https://inaturalist-open-data.s3.amazonaws.com/photos/247935363/original.jpg,k-southwestern-u-s-a,2024-10-25 13:29:47
original_4006763869_2.jpg,3015853,Crataegus chrysocarpa,0.5329999999999999,"Lampornis clemenciae (R.Lesson, 1830)",2476748,31.904216,-109.156156,74.0,NORTH_AMERICA,Arizona,2015,4,22,2015-04-22T01:36:37,True,Cheryl Rosenfeld,iNaturalist,http://creativecommons.org/licenses/by-nc/4.0/,Cheryl Rosenfeld,https://inaturalist-open-data.s3.amazonaws.com/photos/247934458/original.jpg; https://inaturalist-open-data.s3.amazonaws.com/photos/247935345/original.jpg; https://inaturalist-open-data.s3.amazonaws.com/photos/247935363/original.jpg,k-southwestern-u-s-a,2024-10-25 13:29:50
original_4011500832_5.jpeg,5285172,Pinus cembroides,27.322999999999997,"Lampornis clemenciae (R.Lesson, 1830)",2476748,31.904001,-109.155656,243.0,NORTH_AMERICA,Arizona,2022,12,23,2022-12-23T10:04,True,Andrew Aldrich,iNaturalist,http://creativecommons.org/licenses/by-nc/4.0/,Andrew Aldrich,https://inaturalist-open-data.s3.amazonaws.com/photos/249606694/original.jpeg; https://inaturalist-open-data.s3.amazonaws.com/photos/249606701/original.jpeg; https://inaturalist-open-data.s3.amazonaws.com/photos/249606706/original.jpeg; https://inaturalist-open-data.s3.amazonaws.com/photos/249606715/original.jpeg; https://inaturalist-open-data.s3.amazonaws.com/photos/249606721/original.jpeg; https://inaturalist-open-data.s3.amazonaws.com/photos/249606729/original.jpeg,k-southwestern-u-s-a,2024-10-25 13:30:04
original_4011501832_1.jpeg,5358538,Prosopis velutina,8.384,"Lampornis clemenciae (R.Lesson, 1830)",2476748,31.903873,-109.156774,164.0,NORTH_AMERICA,Arizona,2022,12,22,2022-12-22T17:18,True,Andrew Aldrich,iNaturalist,http://creativecommons.org/licenses/by-nc/4.0/,Andrew Aldrich,https://inaturalist-open-data.s3.amazonaws.com/photos/249571060/original.jpeg,k-southwestern-u-s-a,2024-10-25 13:30:08
original_4011618731_1.jpeg,2927917,Linanthus dichotomus,1.143,"Lampornis clemenciae (R.Lesson, 1830)",2476748,31.904082,-109.155903,124.0,NORTH_AMERICA,Arizona,2022,12,21,2022-12-21T17:12,True,Andrew Aldrich,iNaturalist,http://creativecommons.org/licenses/by-nc/4.0/,Andrew Aldrich,https://inaturalist-open-data.s3.amazonaws.com/photos/249491482/original.jpeg,k-southwestern-u-s-a,2024-10-25 13:30:14
original_4015191179_1.jpeg,5349516,Erythrina flabelliformis,70.402,"Lampornis clemenciae (R.Lesson, 1830)",2476748,23.565424,-105.84015,498.0,NORTH_AMERICA,Sinaloa,2022,5,3,2022-05-03T08:05,True,Ricardo Arredondo T.,iNaturalist,http://creativecommons.org/licenses/by-nc/4.0/,Ricardo Arredondo T.,https://inaturalist-open-data.s3.amazonaws.com/photos/251072085/original.jpeg; https://inaturalist-open-data.s3.amazonaws.com/photos/251072105/original.jpeg; https://inaturalist-open-data.s3.amazonaws.com/photos/251072118/original.jpeg,k-mexico,2024-10-25 13:30:26
original_4015191179_2.jpeg,5349516,Erythrina flabelliformis,50.708,"Lampornis clemenciae (R.Lesson, 1830)",2476748,23.565424,-105.84015,498.0,NORTH_AMERICA,Sinaloa,2022,5,3,2022-05-03T08:05,True,Ricardo Arredondo T.,iNaturalist,http://creativecommons.org/licenses/by-nc/4.0/,Ricardo Arredondo T.,https://inaturalist-open-data.s3.amazonaws.com/photos/251072085/original.jpeg; https://inaturalist-open-data.s3.amazonaws.com/photos/251072105/original.jpeg; https://inaturalist-open-data.s3.amazonaws.com/photos/251072118/original.jpeg,k-mexico,2024-10-25 13:30:28
original_4015191179_3.jpeg,5349516,Erythrina flabelliformis,29.536,"Lampornis clemenciae (R.Lesson, 1830)",2476748,23.565424,-105.84015,498.0,NORTH_AMERICA,Sinaloa,2022,5,3,2022-05-03T08:05,True,Ricardo Arredondo T.,iNaturalist,http://creativecommons.org/licenses/by-nc/4.0/,Ricardo Arredondo T.,https://inaturalist-open-data.s3.amazonaws.com/photos/251072085/original.jpeg; https://inaturalist-open-data.s3.amazonaws.com/photos/251072105/original.jpeg; https://inaturalist-open-data.s3.amazonaws.com/photos/251072118/original.jpeg,k-mexico,2024-10-25 13:30:29
original_4022105784_1.jpg,2685422,Abies magnifica,4.431,"Lampornis clemenciae (R.Lesson, 1830)",2476748,31.898961,-109.162082,122.0,NORTH_AMERICA,Arizona,2017,12,29,2017-12-29T11:45,True,M.L. Watson,iNaturalist,http://creativecommons.org/licenses/by-nc-nd/4.0/,M.L. Watson,https://inaturalist-open-data.s3.amazonaws.com/photos/253271348/original.jpg,k-southwestern-u-s-a,2024-10-25 13:30:40
original_4028894249_1.jpeg,2964734,Eysenhardtia texana,22.869,"Lampornis clemenciae (R.Lesson, 1830)",2476748,17.200299,-96.589975,20.0,NORTH_AMERICA,Oaxaca,2022,10,18,2022-10-18T12:37,True,Mark Nofsinger,iNaturalist,http://creativecommons.org/licenses/by-nc/4.0/,Mark Nofsinger,https://inaturalist-open-data.s3.amazonaws.com/photos/253936955/original.jpeg,k-mexico,2024-10-25 13:30:42
original_4034890782_1.jpeg,2930755,Solanum triquetrum,0.9199999999999999,"Lampornis clemenciae (R.Lesson, 1830)",2476748,19.252192,-100.012278,512.0,NORTH_AMERICA,México,2023,2,3,2023-02-03T09:06:38,True,Carlos,iNaturalist,http://creativecommons.org/licenses/by-nc/4.0/,Carlos,https://inaturalist-open-data.s3.amazonaws.com/photos/256159338/original.jpeg; https://inaturalist-open-data.s3.amazonaws.com/photos/256159350/original.jpeg,k-mexico,2024-10-25 13:31:00
original_4046233640_1.jpeg,3896308,Salvia melissodora,41.21,"Lampornis clemenciae (R.Lesson, 1830)",2476748,19.356543,-100.289337,,NORTH_AMERICA,México,2023,2,11,2023-02-11T11:09,True,Andy Frank,iNaturalist,http://creativecommons.org/licenses/by-nc/4.0/,Andy Frank,https://inaturalist-open-data.s3.amazonaws.com/photos/256698794/original.jpeg; https://inaturalist-open-data.s3.amazonaws.com/photos/256698800/original.jpeg; https://inaturalist-open-data.s3.amazonaws.com/photos/256698806/original.jpeg; https://inaturalist-open-data.s3.amazonaws.com/photos/256698813/original.jpeg; https://inaturalist-open-data.s3.amazonaws.com/photos/256698822/original.jpeg,k-mexico,2024-10-25 13:31:14
original_4046233640_2.jpeg,4060951,Varronia curassavica,7.202999999999999,"Lampornis clemenciae (R.Lesson, 1830)",2476748,19.356543,-100.289337,,NORTH_AMERICA,México,2023,2,11,2023-02-11T11:09,True,Andy Frank,iNaturalist,http://creativecommons.org/licenses/by-nc/4.0/,Andy Frank,https://inaturalist-open-data.s3.amazonaws.com/photos/256698794/original.jpeg; https://inaturalist-open-data.s3.amazonaws.com/photos/256698800/original.jpeg; https://inaturalist-open-data.s3.amazonaws.com/photos/256698806/original.jpeg; https://inaturalist-open-data.s3.amazonaws.com/photos/256698813/original.jpeg; https://inaturalist-open-data.s3.amazonaws.com/photos/256698822/original.jpeg,k-mexico,2024-10-25 13:31:16
original_4046233640_3.jpeg,7323252,Gomphrena elegans,30.097,"Lampornis clemenciae (R.Lesson, 1830)",2476748,19.356543,-100.289337,,NORTH_AMERICA,México,2023,2,11,2023-02-11T11:09,True,Andy Frank,iNaturalist,http://creativecommons.org/licenses/by-nc/4.0/,Andy Frank,https://inaturalist-open-data.s3.amazonaws.com/photos/256698794/original.jpeg; https://inaturalist-open-data.s3.amazonaws.com/photos/256698800/original.jpeg; https://inaturalist-open-data.s3.amazonaws.com/photos/256698806/original.jpeg; https://inaturalist-open-data.s3.amazonaws.com/photos/256698813/original.jpeg; https://inaturalist-open-data.s3.amazonaws.com/photos/256698822/original.jpeg,k-mexico,2024-10-25 13:31:17
original_4046233640_4.jpeg,8368963,Salvia gesneriiflora,78.97999999999999,"Lampornis clemenciae (R.Lesson, 1830)",2476748,19.356543,-100.289337,,NORTH_AMERICA,México,2023,2,11,2023-02-11T11:09,True,Andy Frank,iNaturalist,http://creativecommons.org/licenses/by-nc/4.0/,Andy Frank,https://inaturalist-open-data.s3.amazonaws.com/photos/256698794/original.jpeg; https://inaturalist-open-data.s3.amazonaws.com/photos/256698800/original.jpeg; https://inaturalist-open-data.s3.amazonaws.com/photos/256698806/original.jpeg; https://inaturalist-open-data.s3.amazonaws.com/photos/256698813/original.jpeg; https://inaturalist-open-data.s3.amazonaws.com/photos/256698822/original.jpeg,k-mexico,2024-10-25 13:31:19
original_4046233640_5.jpeg,3896308,Salvia melissodora,50.685,"Lampornis clemenciae (R.Lesson, 1830)",2476748,19.356543,-100.289337,,NORTH_AMERICA,México,2023,2,11,2023-02-11T11:09,True,Andy Frank,iNaturalist,http://creativecommons.org/licenses/by-nc/4.0/,Andy Frank,https://inaturalist-open-data.s3.amazonaws.com/photos/256698794/original.jpeg; https://inaturalist-open-data.s3.amazonaws.com/photos/256698800/original.jpeg; https://inaturalist-open-data.s3.amazonaws.com/photos/256698806/original.jpeg; https://inaturalist-open-data.s3.amazonaws.com/photos/256698813/original.jpeg; https://inaturalist-open-data.s3.amazonaws.com/photos/256698822/original.jpeg,k-mexico,2024-10-25 13:31:20
original_4046744287_1.jpg,2988162,Pyracantha koidzumii,59.711000000000006,"Lampornis clemenciae (R.Lesson, 1830)",2476748,31.90452,-109.155992,4.0,NORTH_AMERICA,Arizona,2023,2,25,2023-02-25T14:57:16,True,Mark Aspelin,iNaturalist,http://creativecommons.org/licenses/by-nc/4.0/,Mark Aspelin,https://inaturalist-open-data.s3.amazonaws.com/photos/258183918/original.jpg,k-southwestern-u-s-a,2024-10-25 13:31:23
original_4062684928_1.jpg,2993761,Rubus spectabilis,1.529,"Lampornis clemenciae (R.Lesson, 1830)",2476748,31.883977,-109.205968,209.0,NORTH_AMERICA,Arizona,2013,8,12,2013-08-12T11:03,True,stevewalternature,iNaturalist,http://creativecommons.org/licenses/by-nc/4.0/,stevewalternature,https://inaturalist-open-data.s3.amazonaws.com/photos/260017009/original.jpg,k-southwestern-u-s-a,2024-10-25 13:31:25
original_4062767048_2.jpeg,5677150,Chrysopogon zizanioides,1.346,"Lampornis clemenciae (R.Lesson, 1830)",2476748,19.244,-97.991,,NORTH_AMERICA,Tlaxcala,2018,8,9,2018-08-09T09:52,True,Issachar Leonardo,iNaturalist,http://creativecommons.org/licenses/by-nc/4.0/,Issachar Leonardo,https://inaturalist-open-data.s3.amazonaws.com/photos/260225225/original.jpeg; https://inaturalist-open-data.s3.amazonaws.com/photos/260228076/original.jpeg; https://inaturalist-open-data.s3.amazonaws.com/photos/260228077/original.jpeg,k-mexico,2024-10-25 13:31:30
original_4062767048_3.jpeg,2932944,Capsicum annuum,11.811,"Lampornis clemenciae (R.Lesson, 1830)",2476748,19.244,-97.991,,NORTH_AMERICA,Tlaxcala,2018,8,9,2018-08-09T09:52,True,Issachar Leonardo,iNaturalist,http://creativecommons.org/licenses/by-nc/4.0/,Issachar Leonardo,https://inaturalist-open-data.s3.amazonaws.com/photos/260225225/original.jpeg; https://inaturalist-open-data.s3.amazonaws.com/photos/260228076/original.jpeg; https://inaturalist-open-data.s3.amazonaws.com/photos/260228077/original.jpeg,k-mexico,2024-10-25 13:31:32
original_4062949631_1.jpeg,8368963,Salvia gesneriiflora,43.659,"Lampornis clemenciae (R.Lesson, 1830)",2476748,19.641521,-101.112411,122.0,NORTH_AMERICA,Michoacán,2023,3,7,2023-03-07T12:54,True,Carlos Domínguez-Rodríguez,iNaturalist,http://creativecommons.org/licenses/by-nc/4.0/,Carlos Domínguez-Rodríguez,https://inaturalist-open-data.s3.amazonaws.com/photos/259610552/original.jpeg; https://inaturalist-open-data.s3.amazonaws.com/photos/259610564/original.jpeg; https://inaturalist-open-data.s3.amazonaws.com/photos/259610583/original.jpeg; https://inaturalist-open-data.s3.amazonaws.com/photos/259610587/original.jpeg; https://inaturalist-open-data.s3.amazonaws.com/photos/259610601/original.jpeg; https://inaturalist-open-data.s3.amazonaws.com/photos/259610619/original.jpeg; https://inaturalist-open-data.s3.amazonaws.com/photos/259610634/original.jpeg; https://inaturalist-open-data.s3.amazonaws.com/photos/259610636/original.jpeg; https://inaturalist-open-data.s3.amazonaws.com/photos/259610660/original.jpeg; https://inaturalist-open-data.s3.amazonaws.com/photos/259610666/original.jpeg; https://inaturalist-open-data.s3.amazonaws.com/photos/259610676/original.jpeg,k-mexico,2024-10-25 13:31:34
original_4062949631_10.jpeg,2756856,Costus comosus,8.248,"Lampornis clemenciae (R.Lesson, 1830)",2476748,19.641521,-101.112411,122.0,NORTH_AMERICA,Michoacán,2023,3,7,2023-03-07T12:54,True,Carlos Domínguez-Rodríguez,iNaturalist,http://creativecommons.org/licenses/by-nc/4.0/,Carlos Domínguez-Rodríguez,https://inaturalist-open-data.s3.amazonaws.com/photos/259610552/original.jpeg; https://inaturalist-open-data.s3.amazonaws.com/photos/259610564/original.jpeg; https://inaturalist-open-data.s3.amazonaws.com/photos/259610583/original.jpeg; https://inaturalist-open-data.s3.amazonaws.com/photos/259610587/original.jpeg; https://inaturalist-open-data.s3.amazonaws.com/photos/259610601/original.jpeg; https://inaturalist-open-data.s3.amazonaws.com/photos/259610619/original.jpeg; https://inaturalist-open-data.s3.amazonaws.com/photos/259610634/original.jpeg; https://inaturalist-open-data.s3.amazonaws.com/photos/259610636/original.jpeg; https://inaturalist-open-data.s3.amazonaws.com/photos/259610660/original.jpeg; https://inaturalist-open-data.s3.amazonaws.com/photos/259610666/original.jpeg; https://inaturalist-open-data.s3.amazonaws.com/photos/259610676/original.jpeg,k-mexico,2024-10-25 13:31:36
original_4062949631_11.jpeg,8368963,Salvia gesneriiflora,15.151,"Lampornis clemenciae (R.Lesson, 1830)",2476748,19.641521,-101.112411,122.0,NORTH_AMERICA,Michoacán,2023,3,7,2023-03-07T12:54,True,Carlos Domínguez-Rodríguez,iNaturalist,http://creativecommons.org/licenses/by-nc/4.0/,Carlos Domínguez-Rodríguez,https://inaturalist-open-data.s3.amazonaws.com/photos/259610552/original.jpeg; https://inaturalist-open-data.s3.amazonaws.com/photos/259610564/original.jpeg; https://inaturalist-open-data.s3.amazonaws.com/photos/259610583/original.jpeg; https://inaturalist-open-data.s3.amazonaws.com/photos/259610587/original.jpeg; https://inaturalist-open-data.s3.amazonaws.com/photos/259610601/original.jpeg; https://inaturalist-open-data.s3.amazonaws.com/photos/259610619/original.jpeg; https://inaturalist-open-data.s3.amazonaws.com/photos/259610634/original.jpeg; https://inaturalist-open-data.s3.amazonaws.com/photos/259610636/original.jpeg; https://inaturalist-open-data.s3.amazonaws.com/photos/259610660/original.jpeg; https://inaturalist-open-data.s3.amazonaws.com/photos/259610666/original.jpeg; https://inaturalist-open-data.s3.amazonaws.com/photos/259610676/original.jpeg,k-mexico,2024-10-25 13:31:38
original_4062949631_2.jpeg,7995001,Montanoa hibiscifolia,9.113,"Lampornis clemenciae (R.Lesson, 1830)",2476748,19.641521,-101.112411,122.0,NORTH_AMERICA,Michoacán,2023,3,7,2023-03-07T12:54,True,Carlos Domínguez-Rodríguez,iNaturalist,http://creativecommons.org/licenses/by-nc/4.0/,Carlos Domínguez-Rodríguez,https://inaturalist-open-data.s3.amazonaws.com/photos/259610552/original.jpeg; https://inaturalist-open-data.s3.amazonaws.com/photos/259610564/original.jpeg; https://inaturalist-open-data.s3.amazonaws.com/photos/259610583/original.jpeg; https://inaturalist-open-data.s3.amazonaws.com/photos/259610587/original.jpeg; https://inaturalist-open-data.s3.amazonaws.com/photos/259610601/original.jpeg; https://inaturalist-open-data.s3.amazonaws.com/photos/259610619/original.jpeg; https://inaturalist-open-data.s3.amazonaws.com/photos/259610634/original.jpeg; https://inaturalist-open-data.s3.amazonaws.com/photos/259610636/original.jpeg; https://inaturalist-open-data.s3.amazonaws.com/photos/259610660/original.jpeg; https://inaturalist-open-data.s3.amazonaws.com/photos/259610666/original.jpeg; https://inaturalist-open-data.s3.amazonaws.com/photos/259610676/original.jpeg,k-mexico,2024-10-25 13:31:40
original_4062949631_3.jpeg,2925649,Tectona grandis,13.468,"Lampornis clemenciae (R.Lesson, 1830)",2476748,19.641521,-101.112411,122.0,NORTH_AMERICA,Michoacán,2023,3,7,2023-03-07T12:54,True,Carlos Domínguez-Rodríguez,iNaturalist,http://creativecommons.org/licenses/by-nc/4.0/,Carlos Domínguez-Rodríguez,https://inaturalist-open-data.s3.amazonaws.com/photos/259610552/original.jpeg; https://inaturalist-open-data.s3.amazonaws.com/photos/259610564/original.jpeg; https://inaturalist-open-data.s3.amazonaws.com/photos/259610583/original.jpeg; https://inaturalist-open-data.s3.amazonaws.com/photos/259610587/original.jpeg; https://inaturalist-open-data.s3.amazonaws.com/photos/259610601/original.jpeg; https://inaturalist-open-data.s3.amazonaws.com/photos/259610619/original.jpeg; https://inaturalist-open-data.s3.amazonaws.com/photos/259610634/original.jpeg; https://inaturalist-open-data.s3.amazonaws.com/photos/259610636/original.jpeg; https://inaturalist-open-data.s3.amazonaws.com/photos/259610660/original.jpeg; https://inaturalist-open-data.s3.amazonaws.com/photos/259610666/original.jpeg; https://inaturalist-open-data.s3.amazonaws.com/photos/259610676/original.jpeg,k-mexico,2024-10-25 13:31:42
original_4062949631_4.jpeg,2756856,Costus comosus,6.327000000000001,"Lampornis clemenciae (R.Lesson, 1830)",2476748,19.641521,-101.112411,122.0,NORTH_AMERICA,Michoacán,2023,3,7,2023-03-07T12:54,True,Carlos Domínguez-Rodríguez,iNaturalist,http://creativecommons.org/licenses/by-nc/4.0/,Carlos Domínguez-Rodríguez,https://inaturalist-open-data.s3.amazonaws.com/photos/259610552/original.jpeg; https://inaturalist-open-data.s3.amazonaws.com/photos/259610564/original.jpeg; https://inaturalist-open-data.s3.amazonaws.com/photos/259610583/original.jpeg; https://inaturalist-open-data.s3.amazonaws.com/photos/259610587/original.jpeg; https://inaturalist-open-data.s3.amazonaws.com/photos/259610601/original.jpeg; https://inaturalist-open-data.s3.amazonaws.com/photos/259610619/original.jpeg; https://inaturalist-open-data.s3.amazonaws.com/photos/259610634/original.jpeg; https://inaturalist-open-data.s3.amazonaws.com/photos/259610636/original.jpeg; https://inaturalist-open-data.s3.amazonaws.com/photos/259610660/original.jpeg; https://inaturalist-open-data.s3.amazonaws.com/photos/259610666/original.jpeg; https://inaturalist-open-data.s3.amazonaws.com/photos/259610676/original.jpeg,k-mexico,2024-10-25 13:31:45
original_4062949631_5.jpeg,8368963,Salvia gesneriiflora,8.695,"Lampornis clemenciae (R.Lesson, 1830)",2476748,19.641521,-101.112411,122.0,NORTH_AMERICA,Michoacán,2023,3,7,2023-03-07T12:54,True,Carlos Domínguez-Rodríguez,iNaturalist,http://creativecommons.org/licenses/by-nc/4.0/,Carlos Domínguez-Rodríguez,https://inaturalist-open-data.s3.amazonaws.com/photos/259610552/original.jpeg; https://inaturalist-open-data.s3.amazonaws.com/photos/259610564/original.jpeg; https://inaturalist-open-data.s3.amazonaws.com/photos/259610583/original.jpeg; https://inaturalist-open-data.s3.amazonaws.com/photos/259610587/original.jpeg; https://inaturalist-open-data.s3.amazonaws.com/photos/259610601/original.jpeg; https://inaturalist-open-data.s3.amazonaws.com/photos/259610619/original.jpeg; https://inaturalist-open-data.s3.amazonaws.com/photos/259610634/original.jpeg; https://inaturalist-open-data.s3.amazonaws.com/photos/259610636/original.jpeg; https://inaturalist-open-data.s3.amazonaws.com/photos/259610660/original.jpeg; https://inaturalist-open-data.s3.amazonaws.com/photos/259610666/original.jpeg; https://inaturalist-open-data.s3.amazonaws.com/photos/259610676/original.jpeg,k-mexico,2024-10-25 13:31:47
original_4062949631_6.jpeg,8368963,Salvia gesneriiflora,7.448,"Lampornis clemenciae (R.Lesson, 1830)",2476748,19.641521,-101.112411,122.0,NORTH_AMERICA,Michoacán,2023,3,7,2023-03-07T12:54,True,Carlos Domínguez-Rodríguez,iNaturalist,http://creativecommons.org/licenses/by-nc/4.0/,Carlos Domínguez-Rodríguez,https://inaturalist-open-data.s3.amazonaws.com/photos/259610552/original.jpeg; https://inaturalist-open-data.s3.amazonaws.com/photos/259610564/original.jpeg; https://inaturalist-open-data.s3.amazonaws.com/photos/259610583/original.jpeg; https://inaturalist-open-data.s3.amazonaws.com/photos/259610587/original.jpeg; https://inaturalist-open-data.s3.amazonaws.com/photos/259610601/original.jpeg; https://inaturalist-open-data.s3.amazonaws.com/photos/259610619/original.jpeg; https://inaturalist-open-data.s3.amazonaws.com/photos/259610634/original.jpeg; https://inaturalist-open-data.s3.amazonaws.com/photos/259610636/original.jpeg; https://inaturalist-open-data.s3.amazonaws.com/photos/259610660/original.jpeg; https://inaturalist-open-data.s3.amazonaws.com/photos/259610666/original.jpeg; https://inaturalist-open-data.s3.amazonaws.com/photos/259610676/original.jpeg,k-mexico,2024-10-25 13:31:49
original_4062949631_7.jpeg,4243007,Bartlettina sordida,6.432,"Lampornis clemenciae (R.Lesson, 1830)",2476748,19.641521,-101.112411,122.0,NORTH_AMERICA,Michoacán,2023,3,7,2023-03-07T12:54,True,Carlos Domínguez-Rodríguez,iNaturalist,http://creativecommons.org/licenses/by-nc/4.0/,Carlos Domínguez-Rodríguez,https://inaturalist-open-data.s3.amazonaws.com/photos/259610552/original.jpeg; https://inaturalist-open-data.s3.amazonaws.com/photos/259610564/original.jpeg; https://inaturalist-open-data.s3.amazonaws.com/photos/259610583/original.jpeg; https://inaturalist-open-data.s3.amazonaws.com/photos/259610587/original.jpeg; https://inaturalist-open-data.s3.amazonaws.com/photos/259610601/original.jpeg; https://inaturalist-open-data.s3.amazonaws.com/photos/259610619/original.jpeg; https://inaturalist-open-data.s3.amazonaws.com/photos/259610634/original.jpeg; https://inaturalist-open-data.s3.amazonaws.com/photos/259610636/original.jpeg; https://inaturalist-open-data.s3.amazonaws.com/photos/259610660/original.jpeg; https://inaturalist-open-data.s3.amazonaws.com/photos/259610666/original.jpeg; https://inaturalist-open-data.s3.amazonaws.com/photos/259610676/original.jpeg,k-mexico,2024-10-25 13:31:51
original_4062949631_8.jpeg,8368963,Salvia gesneriiflora,7.308000000000001,"Lampornis clemenciae (R.Lesson, 1830)",2476748,19.641521,-101.112411,122.0,NORTH_AMERICA,Michoacán,2023,3,7,2023-03-07T12:54,True,Carlos Domínguez-Rodríguez,iNaturalist,http://creativecommons.org/licenses/by-nc/4.0/,Carlos Domínguez-Rodríguez,https://inaturalist-open-data.s3.amazonaws.com/photos/259610552/original.jpeg; https://inaturalist-open-data.s3.amazonaws.com/photos/259610564/original.jpeg; https://inaturalist-open-data.s3.amazonaws.com/photos/259610583/original.jpeg; https://inaturalist-open-data.s3.amazonaws.com/photos/259610587/original.jpeg; https://inaturalist-open-data.s3.amazonaws.com/photos/259610601/original.jpeg; https://inaturalist-open-data.s3.amazonaws.com/photos/259610619/original.jpeg; https://inaturalist-open-data.s3.amazonaws.com/photos/259610634/original.jpeg; https://inaturalist-open-data.s3.amazonaws.com/photos/259610636/original.jpeg; https://inaturalist-open-data.s3.amazonaws.com/photos/259610660/original.jpeg; https://inaturalist-open-data.s3.amazonaws.com/photos/259610666/original.jpeg; https://inaturalist-open-data.s3.amazonaws.com/photos/259610676/original.jpeg,k-mexico,2024-10-25 13:31:53
original_4062949631_9.jpeg,7995001,Montanoa hibiscifolia,11.327,"Lampornis clemenciae (R.Lesson, 1830)",2476748,19.641521,-101.112411,122.0,NORTH_AMERICA,Michoacán,2023,3,7,2023-03-07T12:54,True,Carlos Domínguez-Rodríguez,iNaturalist,http://creativecommons.org/licenses/by-nc/4.0/,Carlos Domínguez-Rodríguez,https://inaturalist-open-data.s3.amazonaws.com/photos/259610552/original.jpeg; https://inaturalist-open-data.s3.amazonaws.com/photos/259610564/original.jpeg; https://inaturalist-open-data.s3.amazonaws.com/photos/259610583/original.jpeg; https://inaturalist-open-data.s3.amazonaws.com/photos/259610587/original.jpeg; https://inaturalist-open-data.s3.amazonaws.com/photos/259610601/original.jpeg; https://inaturalist-open-data.s3.amazonaws.com/photos/259610619/original.jpeg; https://inaturalist-open-data.s3.amazonaws.com/photos/259610634/original.jpeg; https://inaturalist-open-data.s3.amazonaws.com/photos/259610636/original.jpeg; https://inaturalist-open-data.s3.amazonaws.com/photos/259610660/original.jpeg; https://inaturalist-open-data.s3.amazonaws.com/photos/259610666/original.jpeg; https://inaturalist-open-data.s3.amazonaws.com/photos/259610676/original.jpeg,k-mexico,2024-10-25 13:31:55
original_4067321942_1.jpg,5415072,Chilopsis linearis,0.517,"Lampornis clemenciae (R.Lesson, 1830)",2476748,31.904465,-109.156156,10.0,NORTH_AMERICA,Arizona,2023,3,12,2023-03-12T13:12,True,Dave Suszcynsky,iNaturalist,http://creativecommons.org/licenses/by-nc/4.0/,Dave Suszcynsky,https://inaturalist-open-data.s3.amazonaws.com/photos/260985589/original.jpg; https://inaturalist-open-data.s3.amazonaws.com/photos/260985603/original.jpg,k-southwestern-u-s-a,2024-10-25 13:31:59
original_4067321942_2.jpg,3054359,Juglans major,0.202,"Lampornis clemenciae (R.Lesson, 1830)",2476748,31.904465,-109.156156,10.0,NORTH_AMERICA,Arizona,2023,3,12,2023-03-12T13:12,True,Dave Suszcynsky,iNaturalist,http://creativecommons.org/licenses/by-nc/4.0/,Dave Suszcynsky,https://inaturalist-open-data.s3.amazonaws.com/photos/260985589/original.jpg; https://inaturalist-open-data.s3.amazonaws.com/photos/260985603/original.jpg,k-southwestern-u-s-a,2024-10-25 13:32:01
original_4067585406_1.jpg,5285258,Pinus longaeva,0.712,"Lampornis clemenciae (R.Lesson, 1830)",2476748,31.904512,-109.15593,3.0,NORTH_AMERICA,Arizona,2023,3,17,2023-03-17T10:46:18,True,Ren-Lee Deru,iNaturalist,http://creativecommons.org/licenses/by-nc/4.0/,Ren-Lee Deru,https://inaturalist-open-data.s3.amazonaws.com/photos/261689731/original.jpg,k-southwestern-u-s-a,2024-10-25 13:32:06
original_4080459810_1.jpg,2705621,Paspalum notatum,4.227,"Lampornis clemenciae (R.Lesson, 1830)",2476748,19.652397,-99.510726,108.0,NORTH_AMERICA,México,2023,4,1,2023-04-01T13:08,True,Oscar Leonardo Chavez Torres,iNaturalist,http://creativecommons.org/licenses/by-nc/4.0/,Oscar Leonardo Chavez Torres,https://inaturalist-open-data.s3.amazonaws.com/photos/265424565/original.jpg,k-mexico,2024-10-25 13:32:09
original_4080473148_1.jpeg,5372984,Salix bonplandiana,9.803,"Lampornis clemenciae (R.Lesson, 1830)",2476748,31.989851,-109.326545,29173.0,NORTH_AMERICA,Arizona,2022,6,16,2022-06-16T16:51:23,True,Hannah Pryor,iNaturalist,http://creativecommons.org/licenses/by-nc/4.0/,Hannah Pryor,https://inaturalist-open-data.s3.amazonaws.com/photos/265986934/original.jpeg,k-southwestern-u-s-a,2024-10-25 13:32:13
original_4091403754_1.jpg,2874704,Tamarix aphylla,2.972,"Lampornis clemenciae (R.Lesson, 1830)",2476748,31.883297,-109.205334,,NORTH_AMERICA,Arizona,2023,4,8,2023-04-08T16:58,True,Grigory Heaton,iNaturalist,http://creativecommons.org/licenses/by-nc/4.0/,Grigory Heaton,https://inaturalist-open-data.s3.amazonaws.com/photos/267144853/original.jpg,k-southwestern-u-s-a,2024-10-25 13:32:19
original_4091655632_1.jpeg,8368963,Salvia gesneriiflora,30.314999999999998,"Lampornis clemenciae (R.Lesson, 1830)",2476748,19.253508,-98.568315,1939.0,NORTH_AMERICA,Puebla,2023,3,26,2023-03-26T10:00,True,Mary_Lozano,iNaturalist,http://creativecommons.org/licenses/by-nc/4.0/,Mary_Lozano,https://inaturalist-open-data.s3.amazonaws.com/photos/266026911/original.jpeg,k-mexico,2024-10-25 13:32:30
original_4096434471_1.jpg,2650442,Niphidium crassifolium,5.328,"Lampornis clemenciae (R.Lesson, 1830)",2476748,19.154856,-99.349269,30598.0,NORTH_AMERICA,Morelos,2022,5,1,2022-05-01T11:08:34,True,nancyd,iNaturalist,http://creativecommons.org/licenses/by-nc/4.0/,nancyd,https://inaturalist-open-data.s3.amazonaws.com/photos/193068188/original.jpg,k-mexico,2024-10-25 13:32:33
original_4096583798_1.jpeg,3189481,Hypericum canariense,3.3070000000000004,"Lampornis clemenciae (R.Lesson, 1830)",2476748,31.867237,-109.190101,61.0,NORTH_AMERICA,Arizona,2023,4,13,2023-04-13T13:05,True,hermitthrush28,iNaturalist,http://creativecommons.org/licenses/by-nc/4.0/,hermitthrush28,https://inaturalist-open-data.s3.amazonaws.com/photos/270815291/original.jpeg,k-southwestern-u-s-a,2024-10-25 13:32:35
original_4102761068_1.jpeg,2882564,Arctostaphylos pallida,16.194,"Lampornis clemenciae (R.Lesson, 1830)",2476748,31.892473,-109.167006,,NORTH_AMERICA,Arizona,2023,4,29,2023-04-29T19:03:18,True,mglines,iNaturalist,http://creativecommons.org/licenses/by-nc/4.0/,mglines,https://inaturalist-open-data.s3.amazonaws.com/photos/273869712/original.jpeg,k-southwestern-u-s-a,2024-10-25 13:32:38
original_4102986692_1.jpeg,7288259,Buddleja cordata,6.5809999999999995,"Lampornis clemenciae (R.Lesson, 1830)",2476748,25.376775,-100.310917,8.0,NORTH_AMERICA,Nuevo León,2023,4,29,2023-04-29T16:36,True,Liliana Ramírez-Freire,iNaturalist,http://creativecommons.org/licenses/by/4.0/,Liliana Ramírez-Freire,https://inaturalist-open-data.s3.amazonaws.com/photos/275063971/original.jpeg; https://inaturalist-open-data.s3.amazonaws.com/photos/275064064/original.jpeg,k-mexico,2024-10-25 13:32:41
original_4102986692_2.jpeg,3866517,Bellucia pentamera,1.442,"Lampornis clemenciae (R.Lesson, 1830)",2476748,25.376775,-100.310917,8.0,NORTH_AMERICA,Nuevo León,2023,4,29,2023-04-29T16:36,True,Liliana Ramírez-Freire,iNaturalist,http://creativecommons.org/licenses/by/4.0/,Liliana Ramírez-Freire,https://inaturalist-open-data.s3.amazonaws.com/photos/275063971/original.jpeg; https://inaturalist-open-data.s3.amazonaws.com/photos/275064064/original.jpeg,k-mexico,2024-10-25 13:32:43
original_4111654760_1.jpeg,2766728,Agave vilmoriniana,9.603,"Lampornis clemenciae (R.Lesson, 1830)",2476748,24.883997,-100.182474,50.0,NORTH_AMERICA,Nuevo León,2023,4,30,2023-04-30T07:01:35,True,Carlos García Casanova,iNaturalist,http://creativecommons.org/licenses/by-nc/4.0/,Carlos García Casanova,https://inaturalist-open-data.s3.amazonaws.com/photos/275220464/original.jpeg,k-mexico,2024-10-25 13:32:46
original_4111732137_1.jpeg,3113283,Cirsium mexicanum,34.573,"Lampornis clemenciae (R.Lesson, 1830)",2476748,19.251986,-100.0134,1599291.0,NORTH_AMERICA,México,2023,4,28,2023-04-28T17:04:17,True,Carlos,iNaturalist,http://creativecommons.org/licenses/by-nc/4.0/,Carlos,https://inaturalist-open-data.s3.amazonaws.com/photos/275735746/original.jpeg; https://inaturalist-open-data.s3.amazonaws.com/photos/275735814/original.jpeg,k-mexico,2024-10-25 13:32:48
original_4111732137_2.jpeg,3113283,Cirsium mexicanum,32.461,"Lampornis clemenciae (R.Lesson, 1830)",2476748,19.251986,-100.0134,1599291.0,NORTH_AMERICA,México,2023,4,28,2023-04-28T17:04:17,True,Carlos,iNaturalist,http://creativecommons.org/licenses/by-nc/4.0/,Carlos,https://inaturalist-open-data.s3.amazonaws.com/photos/275735746/original.jpeg; https://inaturalist-open-data.s3.amazonaws.com/photos/275735814/original.jpeg,k-mexico,2024-10-25 13:32:50
original_4111738964_1.jpeg,2928783,Nicotiana glauca,91.86999999999999,"Lampornis clemenciae (R.Lesson, 1830)",2476748,25.377652,-100.312241,10.0,NORTH_AMERICA,Nuevo León,2023,4,29,2023-04-29T16:36,True,Carlos G Velazco-Macias,iNaturalist,http://creativecommons.org/licenses/by-nc/4.0/,Carlos G Velazco-Macias,https://inaturalist-open-data.s3.amazonaws.com/photos/275497240/original.jpeg; https://inaturalist-open-data.s3.amazonaws.com/photos/275497296/original.jpeg; https://inaturalist-open-data.s3.amazonaws.com/photos/275497356/original.jpeg,k-mexico,2024-10-25 13:32:53
original_4111738964_2.jpeg,2928783,Nicotiana glauca,84.473,"Lampornis clemenciae (R.Lesson, 1830)",2476748,25.377652,-100.312241,10.0,NORTH_AMERICA,Nuevo León,2023,4,29,2023-04-29T16:36,True,Carlos G Velazco-Macias,iNaturalist,http://creativecommons.org/licenses/by-nc/4.0/,Carlos G Velazco-Macias,https://inaturalist-open-data.s3.amazonaws.com/photos/275497240/original.jpeg; https://inaturalist-open-data.s3.amazonaws.com/photos/275497296/original.jpeg; https://inaturalist-open-data.s3.amazonaws.com/photos/275497356/original.jpeg,k-mexico,2024-10-25 13:32:55
original_4111738964_3.jpeg,2928783,Nicotiana glauca,93.434,"Lampornis clemenciae (R.Lesson, 1830)",2476748,25.377652,-100.312241,10.0,NORTH_AMERICA,Nuevo León,2023,4,29,2023-04-29T16:36,True,Carlos G Velazco-Macias,iNaturalist,http://creativecommons.org/licenses/by-nc/4.0/,Carlos G Velazco-Macias,https://inaturalist-open-data.s3.amazonaws.com/photos/275497240/original.jpeg; https://inaturalist-open-data.s3.amazonaws.com/photos/275497296/original.jpeg; https://inaturalist-open-data.s3.amazonaws.com/photos/275497356/original.jpeg,k-mexico,2024-10-25 13:32:58
original_4111740627_1.jpeg,3170225,Funastrum cynanchoides,0.632,"Lampornis clemenciae (R.Lesson, 1830)",2476748,19.324858,-98.970193,5.0,NORTH_AMERICA,Distrito Federal,2023,4,28,2023-04-28T12:42,True,Eduardo Manuel Quiroz Lozano,iNaturalist,http://creativecommons.org/licenses/by/4.0/,Eduardo Manuel Quiroz Lozano,https://inaturalist-open-data.s3.amazonaws.com/photos/273912116/original.jpeg,k-mexico,2024-10-25 13:33:00
original_4111827398_1.jpeg,7981652,Rhabdadenia biflora,7.968,"Lampornis clemenciae (R.Lesson, 1830)",2476748,25.38398,-100.239466,2015.0,NORTH_AMERICA,Nuevo León,2023,5,5,2023-05-05T09:21,True,deltadromeus980,iNaturalist,http://creativecommons.org/licenses/by-nc/4.0/,deltadromeus980,https://inaturalist-open-data.s3.amazonaws.com/photos/276399233/original.jpeg; https://inaturalist-open-data.s3.amazonaws.com/photos/276399265/original.jpeg; https://inaturalist-open-data.s3.amazonaws.com/photos/276399281/original.jpeg; https://inaturalist-open-data.s3.amazonaws.com/photos/276399467/original.jpeg; https://inaturalist-open-data.s3.amazonaws.com/photos/276399631/original.jpeg; https://static.inaturalist.org/sounds/682389.wav?1683308890,k-mexico,2024-10-25 13:33:03
original_4111827398_3.jpeg,2703041,Arundo donax,10.739,"Lampornis clemenciae (R.Lesson, 1830)",2476748,25.38398,-100.239466,2015.0,NORTH_AMERICA,Nuevo León,2023,5,5,2023-05-05T09:21,True,deltadromeus980,iNaturalist,http://creativecommons.org/licenses/by-nc/4.0/,deltadromeus980,https://inaturalist-open-data.s3.amazonaws.com/photos/276399233/original.jpeg; https://inaturalist-open-data.s3.amazonaws.com/photos/276399265/original.jpeg; https://inaturalist-open-data.s3.amazonaws.com/photos/276399281/original.jpeg; https://inaturalist-open-data.s3.amazonaws.com/photos/276399467/original.jpeg; https://inaturalist-open-data.s3.amazonaws.com/photos/276399631/original.jpeg; https://static.inaturalist.org/sounds/682389.wav?1683308890,k-mexico,2024-10-25 13:33:08
original_4111986733_1.jpeg,3173104,Justicia spicigera,94.681,"Lampornis clemenciae (R.Lesson, 1830)",2476748,25.581964,-100.446694,202.0,NORTH_AMERICA,Nuevo León,2023,5,6,2023-05-06T10:22,True,Moisés Martínez,iNaturalist,http://creativecommons.org/licenses/by-nc/4.0/,Moisés Martínez,https://inaturalist-open-data.s3.amazonaws.com/photos/276884917/original.jpeg; https://inaturalist-open-data.s3.amazonaws.com/photos/276884959/original.jpeg; https://inaturalist-open-data.s3.amazonaws.com/photos/276884992/original.jpeg; https://inaturalist-open-data.s3.amazonaws.com/photos/276885022/original.jpeg,k-mexico,2024-10-25 13:33:15
original_4111986733_3.jpeg,3173104,Justicia spicigera,94.86099999999999,"Lampornis clemenciae (R.Lesson, 1830)",2476748,25.581964,-100.446694,202.0,NORTH_AMERICA,Nuevo León,2023,5,6,2023-05-06T10:22,True,Moisés Martínez,iNaturalist,http://creativecommons.org/licenses/by-nc/4.0/,Moisés Martínez,https://inaturalist-open-data.s3.amazonaws.com/photos/276884917/original.jpeg; https://inaturalist-open-data.s3.amazonaws.com/photos/276884959/original.jpeg; https://inaturalist-open-data.s3.amazonaws.com/photos/276884992/original.jpeg; https://inaturalist-open-data.s3.amazonaws.com/photos/276885022/original.jpeg,k-mexico,2024-10-25 13:33:19
original_4116304238_1.jpeg,8162439,Callianthe striata,0.11,"Lampornis clemenciae (R.Lesson, 1830)",2476748,19.252737,-100.012144,512.0,NORTH_AMERICA,México,2023,5,13,2023-05-13T08:32:53,True,Carlos,iNaturalist,http://creativecommons.org/licenses/by-nc/4.0/,Carlos,https://inaturalist-open-data.s3.amazonaws.com/photos/279942644/original.jpeg,k-mexico,2024-10-25 13:33:38
original_4116327729_1.jpeg,5285836,Pinus ayacahuite,3.4979999999999998,"Lampornis clemenciae (R.Lesson, 1830)",2476748,25.222148,-100.391318,40.0,NORTH_AMERICA,Coahuila,2023,5,13,2023-05-13T17:38:23,True,Jorge Anzures Gómez,iNaturalist,http://creativecommons.org/licenses/by-nc/4.0/,Jorge Anzures Gómez,https://inaturalist-open-data.s3.amazonaws.com/photos/279875940/original.jpeg,k-mexico,2024-10-25 13:33:40
original_4116531353_1.jpg,3066465,Euphorbia pulcherrima,88.535,"Lampornis clemenciae (R.Lesson, 1830)",2476748,19.472749,-99.266163,4.0,NORTH_AMERICA,México,2020,10,22,2020-10-22T16:44,True,Valentina de Santiago,iNaturalist,http://creativecommons.org/licenses/by-nc/4.0/,Valentina de Santiago,https://inaturalist-open-data.s3.amazonaws.com/photos/102521158/original.jpg,k-mexico,2024-10-25 13:33:42
original_4116600257_2.jpg,2876176,Alnus rubra,1.78,"Lampornis clemenciae (R.Lesson, 1830)",2476748,31.883085,-109.205163,10.0,NORTH_AMERICA,Arizona,2023,4,15,2023-04-15T08:10,True,Dan Fitzgerald (Fitz),iNaturalist,http://creativecommons.org/licenses/by-nc/4.0/,Dan Fitzgerald (Fitz),https://inaturalist-open-data.s3.amazonaws.com/photos/279728725/original.jpg; https://inaturalist-open-data.s3.amazonaws.com/photos/279797843/original.jpg,k-southwestern-u-s-a,2024-10-25 13:33:47
original_4120926336_2.jpeg,3033887,Berberis haematocarpa,0.207,"Lampornis clemenciae (R.Lesson, 1830)",2476748,31.883695,-109.205763,71.0,NORTH_AMERICA,Arizona,2009,8,10,2009-08-10T15:44,True,Curtis Hansen,iNaturalist,http://creativecommons.org/licenses/by/4.0/,Curtis Hansen,https://inaturalist-open-data.s3.amazonaws.com/photos/54302809/original.jpeg; https://inaturalist-open-data.s3.amazonaws.com/photos/54302815/original.jpeg,k-southwestern-u-s-a,2024-10-25 13:33:54
original_4121181481_1.jpg,3034046,Persea americana,50.70400000000001,"Lampornis clemenciae (R.Lesson, 1830)",2476748,19.407575,-99.247728,142.0,NORTH_AMERICA,México,2023,5,12,2023-05-12T16:47:29,True,marggm2023,iNaturalist,http://creativecommons.org/licenses/by-nc/4.0/,marggm2023,https://inaturalist-open-data.s3.amazonaws.com/photos/278812838/original.jpg; https://inaturalist-open-data.s3.amazonaws.com/photos/278812863/original.jpg,k-mexico,2024-10-25 13:34:06
original_4121181481_2.jpg,3034046,Persea americana,56.174,"Lampornis clemenciae (R.Lesson, 1830)",2476748,19.407575,-99.247728,142.0,NORTH_AMERICA,México,2023,5,12,2023-05-12T16:47:29,True,marggm2023,iNaturalist,http://creativecommons.org/licenses/by-nc/4.0/,marggm2023,https://inaturalist-open-data.s3.amazonaws.com/photos/278812838/original.jpg; https://inaturalist-open-data.s3.amazonaws.com/photos/278812863/original.jpg,k-mexico,2024-10-25 13:34:08
original_4127100121_1.jpg,3172334,Fraxinus velutina,2.7390000000000003,"Lampornis clemenciae (R.Lesson, 1830)",2476748,31.911622,-109.143372,4.0,NORTH_AMERICA,Arizona,2023,5,23,2023-05-23T17:03:34,True,bzimmerbirds,iNaturalist,http://creativecommons.org/licenses/by-nc/4.0/,bzimmerbirds,https://inaturalist-open-data.s3.amazonaws.com/photos/284370468/original.jpg,k-southwestern-u-s-a,2024-10-25 13:34:23
original_4127204095_1.jpeg,5285764,Pinus torreyana,4.002,"Lampornis clemenciae (R.Lesson, 1830)",2476748,32.411586,-110.715085,113.0,NORTH_AMERICA,Arizona,2023,5,21,2023-05-21T10:36,True,Steve Mayo,iNaturalist,http://creativecommons.org/licenses/by-nc/4.0/,Steve Mayo,https://inaturalist-open-data.s3.amazonaws.com/photos/283560269/original.jpeg; https://inaturalist-open-data.s3.amazonaws.com/photos/283560714/original.jpeg; https://inaturalist-open-data.s3.amazonaws.com/photos/283560765/original.jpeg; https://inaturalist-open-data.s3.amazonaws.com/photos/283560850/original.jpeg,k-southwestern-u-s-a,2024-10-25 13:34:25
original_4127204095_3.jpeg,2777724,Aloe vera,0.61,"Lampornis clemenciae (R.Lesson, 1830)",2476748,32.411586,-110.715085,113.0,NORTH_AMERICA,Arizona,2023,5,21,2023-05-21T10:36,True,Steve Mayo,iNaturalist,http://creativecommons.org/licenses/by-nc/4.0/,Steve Mayo,https://inaturalist-open-data.s3.amazonaws.com/photos/283560269/original.jpeg; https://inaturalist-open-data.s3.amazonaws.com/photos/283560714/original.jpeg; https://inaturalist-open-data.s3.amazonaws.com/photos/283560765/original.jpeg; https://inaturalist-open-data.s3.amazonaws.com/photos/283560850/original.jpeg,k-southwestern-u-s-a,2024-10-25 13:34:30
original_4127204095_4.jpeg,2777004,Nolina bigelovii,1.168,"Lampornis clemenciae (R.Lesson, 1830)",2476748,32.411586,-110.715085,113.0,NORTH_AMERICA,Arizona,2023,5,21,2023-05-21T10:36,True,Steve Mayo,iNaturalist,http://creativecommons.org/licenses/by-nc/4.0/,Steve Mayo,https://inaturalist-open-data.s3.amazonaws.com/photos/283560269/original.jpeg; https://inaturalist-open-data.s3.amazonaws.com/photos/283560714/original.jpeg; https://inaturalist-open-data.s3.amazonaws.com/photos/283560765/original.jpeg; https://inaturalist-open-data.s3.amazonaws.com/photos/283560850/original.jpeg,k-southwestern-u-s-a,2024-10-25 13:34:32
original_4127321213_1.jpg,2868241,Monstera deliciosa,17.0,"Lampornis clemenciae (R.Lesson, 1830)",2476748,19.419299,-99.233495,1436.0,NORTH_AMERICA,México,2023,5,28,2023-05-28T16:21:14,True,feduchy,iNaturalist,http://creativecommons.org/licenses/by-nc/4.0/,feduchy,https://inaturalist-open-data.s3.amazonaws.com/photos/284674129/original.jpg,k-mexico,2024-10-25 13:34:35
original_4129716128_1.jpg,5285750,Pinus contorta,0.466,"Lampornis clemenciae (R.Lesson, 1830)",2476748,31.883264,-109.205323,23.0,NORTH_AMERICA,Arizona,2015,6,12,2015-06-12T16:20,True,Caleb Strand,iNaturalist,http://creativecommons.org/licenses/by-nc/4.0/,Caleb Strand,https://inaturalist-open-data.s3.amazonaws.com/photos/287356163/original.jpg,k-southwestern-u-s-a,2024-10-25 13:34:39
original_4129765010_1.jpeg,2876131,Alnus acuminata,28.709,"Lampornis clemenciae (R.Lesson, 1830)",2476748,19.252493,-100.010514,126.0,NORTH_AMERICA,México,2023,5,31,2023-05-31T09:45:49,True,Carlos,iNaturalist,http://creativecommons.org/licenses/by-nc/4.0/,Carlos,https://inaturalist-open-data.s3.amazonaws.com/photos/285417260/original.jpeg,k-mexico,2024-10-25 13:34:42
original_4129771285_1.jpg,5289624,Chloris virgata,0.886,"Lampornis clemenciae (R.Lesson, 1830)",2476748,31.70135,-110.841336,18582.0,NORTH_AMERICA,Arizona,2023,5,7,2023-05-07T09:16:12,True,ccurtis727,iNaturalist,http://creativecommons.org/licenses/by-nc/4.0/,ccurtis727,https://inaturalist-open-data.s3.amazonaws.com/photos/285821756/original.jpg; https://inaturalist-open-data.s3.amazonaws.com/photos/285821794/original.jpg,k-southwestern-u-s-a,2024-10-25 13:34:44
original_4129900858_1.jpeg,2684674,Juniperus deppeana,4.764,"Lampornis clemenciae (R.Lesson, 1830)",2476748,31.883977,-109.205968,209.0,NORTH_AMERICA,Arizona,2023,5,21,2023-05-21T08:55,True,charliesaunders,iNaturalist,http://creativecommons.org/licenses/by-nc/4.0/,charliesaunders,https://inaturalist-open-data.s3.amazonaws.com/photos/285356226/original.jpeg,k-southwestern-u-s-a,2024-10-25 13:34:53
original_4133968818_6.jpeg,2959443,Gleditsia triacanthos,1.331,"Lampornis clemenciae (R.Lesson, 1830)",2476748,19.63426,-101.37181,61.0,NORTH_AMERICA,Michoacán,2023,6,10,2023-06-10T07:51,True,Ignacio Torres García,iNaturalist,http://creativecommons.org/licenses/by-nc/4.0/,Ignacio Torres García,https://inaturalist-open-data.s3.amazonaws.com/photos/289638922/original.jpeg; https://inaturalist-open-data.s3.amazonaws.com/photos/289638947/original.jpeg; https://inaturalist-open-data.s3.amazonaws.com/photos/289638976/original.jpeg; https://inaturalist-open-data.s3.amazonaws.com/photos/289639048/original.jpeg; https://inaturalist-open-data.s3.amazonaws.com/photos/289639074/original.jpeg; https://inaturalist-open-data.s3.amazonaws.com/photos/289639100/original.jpeg; https://inaturalist-open-data.s3.amazonaws.com/photos/289639128/original.jpeg; https://inaturalist-open-data.s3.amazonaws.com/photos/289639154/original.jpeg,k-mexico,2024-10-25 13:35:30
original_4137631027_1.jpeg,3112917,Cirsium mohavense,15.287,"Lampornis clemenciae (R.Lesson, 1830)",2476748,31.870665,-109.186848,32.0,NORTH_AMERICA,Arizona,2023,6,10,2023-06-10T21:14:38,True,Roland Godon,iNaturalist,http://creativecommons.org/licenses/by/4.0/,Roland Godon,https://inaturalist-open-data.s3.amazonaws.com/photos/290120283/original.jpeg,k-southwestern-u-s-a,2024-10-25 13:35:37
original_4137715937_1.jpg,3152812,Platanus racemosa,9.851,"Lampornis clemenciae (R.Lesson, 1830)",2476748,31.446548,-110.309496,42.0,NORTH_AMERICA,Arizona,2023,6,18,2023-06-18T16:20:31,True,CK Kelly,iNaturalist,http://creativecommons.org/licenses/by/4.0/,CK Kelly,https://inaturalist-open-data.s3.amazonaws.com/photos/291546986/original.jpg; https://inaturalist-open-data.s3.amazonaws.com/photos/291547003/original.jpg,k-southwestern-u-s-a,2024-10-25 13:35:39
original_4137715937_2.jpg,3152812,Platanus racemosa,2.8289999999999997,"Lampornis clemenciae (R.Lesson, 1830)",2476748,31.446548,-110.309496,42.0,NORTH_AMERICA,Arizona,2023,6,18,2023-06-18T16:20:31,True,CK Kelly,iNaturalist,http://creativecommons.org/licenses/by/4.0/,CK Kelly,https://inaturalist-open-data.s3.amazonaws.com/photos/291546986/original.jpg; https://inaturalist-open-data.s3.amazonaws.com/photos/291547003/original.jpg,k-southwestern-u-s-a,2024-10-25 13:35:42
original_4137937320_1.jpeg,3152812,Platanus racemosa,0.848,"Lampornis clemenciae (R.Lesson, 1830)",2476748,31.447747,-110.307297,206.0,NORTH_AMERICA,Arizona,2023,6,19,2023-06-19T12:07,True,Dani Alba,iNaturalist,http://creativecommons.org/licenses/by/4.0/,Dani Alba,https://inaturalist-open-data.s3.amazonaws.com/photos/291762053/original.jpeg; https://inaturalist-open-data.s3.amazonaws.com/photos/291762099/original.jpeg; https://inaturalist-open-data.s3.amazonaws.com/photos/291762130/original.jpeg; https://inaturalist-open-data.s3.amazonaws.com/photos/291762162/original.jpeg; https://inaturalist-open-data.s3.amazonaws.com/photos/291762166/original.jpeg; https://inaturalist-open-data.s3.amazonaws.com/photos/291762188/original.jpeg; https://inaturalist-open-data.s3.amazonaws.com/photos/291762196/original.jpeg; https://inaturalist-open-data.s3.amazonaws.com/photos/291762206/original.jpeg; https://inaturalist-open-data.s3.amazonaws.com/photos/291762216/original.jpeg; https://inaturalist-open-data.s3.amazonaws.com/photos/291762229/original.jpeg; https://inaturalist-open-data.s3.amazonaws.com/photos/291762234/original.jpeg; https://inaturalist-open-data.s3.amazonaws.com/photos/291762235/original.jpeg; https://inaturalist-open-data.s3.amazonaws.com/photos/291762257/original.jpeg,k-southwestern-u-s-a,2024-10-25 13:35:44
original_4137937320_10.jpeg,3152812,Platanus racemosa,20.345,"Lampornis clemenciae (R.Lesson, 1830)",2476748,31.447747,-110.307297,206.0,NORTH_AMERICA,Arizona,2023,6,19,2023-06-19T12:07,True,Dani Alba,iNaturalist,http://creativecommons.org/licenses/by/4.0/,Dani Alba,https://inaturalist-open-data.s3.amazonaws.com/photos/291762053/original.jpeg; https://inaturalist-open-data.s3.amazonaws.com/photos/291762099/original.jpeg; https://inaturalist-open-data.s3.amazonaws.com/photos/291762130/original.jpeg; https://inaturalist-open-data.s3.amazonaws.com/photos/291762162/original.jpeg; https://inaturalist-open-data.s3.amazonaws.com/photos/291762166/original.jpeg; https://inaturalist-open-data.s3.amazonaws.com/photos/291762188/original.jpeg; https://inaturalist-open-data.s3.amazonaws.com/photos/291762196/original.jpeg; https://inaturalist-open-data.s3.amazonaws.com/photos/291762206/original.jpeg; https://inaturalist-open-data.s3.amazonaws.com/photos/291762216/original.jpeg; https://inaturalist-open-data.s3.amazonaws.com/photos/291762229/original.jpeg; https://inaturalist-open-data.s3.amazonaws.com/photos/291762234/original.jpeg; https://inaturalist-open-data.s3.amazonaws.com/photos/291762235/original.jpeg; https://inaturalist-open-data.s3.amazonaws.com/photos/291762257/original.jpeg,k-southwestern-u-s-a,2024-10-25 13:35:46
original_4137937320_11.jpeg,3152812,Platanus racemosa,14.976999999999999,"Lampornis clemenciae (R.Lesson, 1830)",2476748,31.447747,-110.307297,206.0,NORTH_AMERICA,Arizona,2023,6,19,2023-06-19T12:07,True,Dani Alba,iNaturalist,http://creativecommons.org/licenses/by/4.0/,Dani Alba,https://inaturalist-open-data.s3.amazonaws.com/photos/291762053/original.jpeg; https://inaturalist-open-data.s3.amazonaws.com/photos/291762099/original.jpeg; https://inaturalist-open-data.s3.amazonaws.com/photos/291762130/original.jpeg; https://inaturalist-open-data.s3.amazonaws.com/photos/291762162/original.jpeg; https://inaturalist-open-data.s3.amazonaws.com/photos/291762166/original.jpeg; https://inaturalist-open-data.s3.amazonaws.com/photos/291762188/original.jpeg; https://inaturalist-open-data.s3.amazonaws.com/photos/291762196/original.jpeg; https://inaturalist-open-data.s3.amazonaws.com/photos/291762206/original.jpeg; https://inaturalist-open-data.s3.amazonaws.com/photos/291762216/original.jpeg; https://inaturalist-open-data.s3.amazonaws.com/photos/291762229/original.jpeg; https://inaturalist-open-data.s3.amazonaws.com/photos/291762234/original.jpeg; https://inaturalist-open-data.s3.amazonaws.com/photos/291762235/original.jpeg; https://inaturalist-open-data.s3.amazonaws.com/photos/291762257/original.jpeg,k-southwestern-u-s-a,2024-10-25 13:35:48
original_4137937320_12.jpeg,3152812,Platanus racemosa,8.396,"Lampornis clemenciae (R.Lesson, 1830)",2476748,31.447747,-110.307297,206.0,NORTH_AMERICA,Arizona,2023,6,19,2023-06-19T12:07,True,Dani Alba,iNaturalist,http://creativecommons.org/licenses/by/4.0/,Dani Alba,https://inaturalist-open-data.s3.amazonaws.com/photos/291762053/original.jpeg; https://inaturalist-open-data.s3.amazonaws.com/photos/291762099/original.jpeg; https://inaturalist-open-data.s3.amazonaws.com/photos/291762130/original.jpeg; https://inaturalist-open-data.s3.amazonaws.com/photos/291762162/original.jpeg; https://inaturalist-open-data.s3.amazonaws.com/photos/291762166/original.jpeg; https://inaturalist-open-data.s3.amazonaws.com/photos/291762188/original.jpeg; https://inaturalist-open-data.s3.amazonaws.com/photos/291762196/original.jpeg; https://inaturalist-open-data.s3.amazonaws.com/photos/291762206/original.jpeg; https://inaturalist-open-data.s3.amazonaws.com/photos/291762216/original.jpeg; https://inaturalist-open-data.s3.amazonaws.com/photos/291762229/original.jpeg; https://inaturalist-open-data.s3.amazonaws.com/photos/291762234/original.jpeg; https://inaturalist-open-data.s3.amazonaws.com/photos/291762235/original.jpeg; https://inaturalist-open-data.s3.amazonaws.com/photos/291762257/original.jpeg,k-southwestern-u-s-a,2024-10-25 13:35:50
original_4137937320_13.jpeg,3152812,Platanus racemosa,2.5340000000000003,"Lampornis clemenciae (R.Lesson, 1830)",2476748,31.447747,-110.307297,206.0,NORTH_AMERICA,Arizona,2023,6,19,2023-06-19T12:07,True,Dani Alba,iNaturalist,http://creativecommons.org/licenses/by/4.0/,Dani Alba,https://inaturalist-open-data.s3.amazonaws.com/photos/291762053/original.jpeg; https://inaturalist-open-data.s3.amazonaws.com/photos/291762099/original.jpeg; https://inaturalist-open-data.s3.amazonaws.com/photos/291762130/original.jpeg; https://inaturalist-open-data.s3.amazonaws.com/photos/291762162/original.jpeg; https://inaturalist-open-data.s3.amazonaws.com/photos/291762166/original.jpeg; https://inaturalist-open-data.s3.amazonaws.com/photos/291762188/original.jpeg; https://inaturalist-open-data.s3.amazonaws.com/photos/291762196/original.jpeg; https://inaturalist-open-data.s3.amazonaws.com/photos/291762206/original.jpeg; https://inaturalist-open-data.s3.amazonaws.com/photos/291762216/original.jpeg; https://inaturalist-open-data.s3.amazonaws.com/photos/291762229/original.jpeg; https://inaturalist-open-data.s3.amazonaws.com/photos/291762234/original.jpeg; https://inaturalist-open-data.s3.amazonaws.com/photos/291762235/original.jpeg; https://inaturalist-open-data.s3.amazonaws.com/photos/291762257/original.jpeg,k-southwestern-u-s-a,2024-10-25 13:35:51
original_4137937320_2.jpeg,3152812,Platanus racemosa,3.54,"Lampornis clemenciae (R.Lesson, 1830)",2476748,31.447747,-110.307297,206.0,NORTH_AMERICA,Arizona,2023,6,19,2023-06-19T12:07,True,Dani Alba,iNaturalist,http://creativecommons.org/licenses/by/4.0/,Dani Alba,https://inaturalist-open-data.s3.amazonaws.com/photos/291762053/original.jpeg; https://inaturalist-open-data.s3.amazonaws.com/photos/291762099/original.jpeg; https://inaturalist-open-data.s3.amazonaws.com/photos/291762130/original.jpeg; https://inaturalist-open-data.s3.amazonaws.com/photos/291762162/original.jpeg; https://inaturalist-open-data.s3.amazonaws.com/photos/291762166/original.jpeg; https://inaturalist-open-data.s3.amazonaws.com/photos/291762188/original.jpeg; https://inaturalist-open-data.s3.amazonaws.com/photos/291762196/original.jpeg; https://inaturalist-open-data.s3.amazonaws.com/photos/291762206/original.jpeg; https://inaturalist-open-data.s3.amazonaws.com/photos/291762216/original.jpeg; https://inaturalist-open-data.s3.amazonaws.com/photos/291762229/original.jpeg; https://inaturalist-open-data.s3.amazonaws.com/photos/291762234/original.jpeg; https://inaturalist-open-data.s3.amazonaws.com/photos/291762235/original.jpeg; https://inaturalist-open-data.s3.amazonaws.com/photos/291762257/original.jpeg,k-southwestern-u-s-a,2024-10-25 13:35:54
original_4137937320_3.jpeg,3152812,Platanus racemosa,24.356,"Lampornis clemenciae (R.Lesson, 1830)",2476748,31.447747,-110.307297,206.0,NORTH_AMERICA,Arizona,2023,6,19,2023-06-19T12:07,True,Dani Alba,iNaturalist,http://creativecommons.org/licenses/by/4.0/,Dani Alba,https://inaturalist-open-data.s3.amazonaws.com/photos/291762053/original.jpeg; https://inaturalist-open-data.s3.amazonaws.com/photos/291762099/original.jpeg; https://inaturalist-open-data.s3.amazonaws.com/photos/291762130/original.jpeg; https://inaturalist-open-data.s3.amazonaws.com/photos/291762162/original.jpeg; https://inaturalist-open-data.s3.amazonaws.com/photos/291762166/original.jpeg; https://inaturalist-open-data.s3.amazonaws.com/photos/291762188/original.jpeg; https://inaturalist-open-data.s3.amazonaws.com/photos/291762196/original.jpeg; https://inaturalist-open-data.s3.amazonaws.com/photos/291762206/original.jpeg; https://inaturalist-open-data.s3.amazonaws.com/photos/291762216/original.jpeg; https://inaturalist-open-data.s3.amazonaws.com/photos/291762229/original.jpeg; https://inaturalist-open-data.s3.amazonaws.com/photos/291762234/original.jpeg; https://inaturalist-open-data.s3.amazonaws.com/photos/291762235/original.jpeg; https://inaturalist-open-data.s3.amazonaws.com/photos/291762257/original.jpeg,k-southwestern-u-s-a,2024-10-25 13:35:56
original_4137937320_4.jpeg,3152812,Platanus racemosa,5.946,"Lampornis clemenciae (R.Lesson, 1830)",2476748,31.447747,-110.307297,206.0,NORTH_AMERICA,Arizona,2023,6,19,2023-06-19T12:07,True,Dani Alba,iNaturalist,http://creativecommons.org/licenses/by/4.0/,Dani Alba,https://inaturalist-open-data.s3.amazonaws.com/photos/291762053/original.jpeg; https://inaturalist-open-data.s3.amazonaws.com/photos/291762099/original.jpeg; https://inaturalist-open-data.s3.amazonaws.com/photos/291762130/original.jpeg; https://inaturalist-open-data.s3.amazonaws.com/photos/291762162/original.jpeg; https://inaturalist-open-data.s3.amazonaws.com/photos/291762166/original.jpeg; https://inaturalist-open-data.s3.amazonaws.com/photos/291762188/original.jpeg; https://inaturalist-open-data.s3.amazonaws.com/photos/291762196/original.jpeg; https://inaturalist-open-data.s3.amazonaws.com/photos/291762206/original.jpeg; https://inaturalist-open-data.s3.amazonaws.com/photos/291762216/original.jpeg; https://inaturalist-open-data.s3.amazonaws.com/photos/291762229/original.jpeg; https://inaturalist-open-data.s3.amazonaws.com/photos/291762234/original.jpeg; https://inaturalist-open-data.s3.amazonaws.com/photos/291762235/original.jpeg; https://inaturalist-open-data.s3.amazonaws.com/photos/291762257/original.jpeg,k-southwestern-u-s-a,2024-10-25 13:35:58
original_4137937320_5.jpeg,3152817,Platanus wrightii,4.952999999999999,"Lampornis clemenciae (R.Lesson, 1830)",2476748,31.447747,-110.307297,206.0,NORTH_AMERICA,Arizona,2023,6,19,2023-06-19T12:07,True,Dani Alba,iNaturalist,http://creativecommons.org/licenses/by/4.0/,Dani Alba,https://inaturalist-open-data.s3.amazonaws.com/photos/291762053/original.jpeg; https://inaturalist-open-data.s3.amazonaws.com/photos/291762099/original.jpeg; https://inaturalist-open-data.s3.amazonaws.com/photos/291762130/original.jpeg; https://inaturalist-open-data.s3.amazonaws.com/photos/291762162/original.jpeg; https://inaturalist-open-data.s3.amazonaws.com/photos/291762166/original.jpeg; https://inaturalist-open-data.s3.amazonaws.com/photos/291762188/original.jpeg; https://inaturalist-open-data.s3.amazonaws.com/photos/291762196/original.jpeg; https://inaturalist-open-data.s3.amazonaws.com/photos/291762206/original.jpeg; https://inaturalist-open-data.s3.amazonaws.com/photos/291762216/original.jpeg; https://inaturalist-open-data.s3.amazonaws.com/photos/291762229/original.jpeg; https://inaturalist-open-data.s3.amazonaws.com/photos/291762234/original.jpeg; https://inaturalist-open-data.s3.amazonaws.com/photos/291762235/original.jpeg; https://inaturalist-open-data.s3.amazonaws.com/photos/291762257/original.jpeg,k-southwestern-u-s-a,2024-10-25 13:36:00
original_4137937320_6.jpeg,2887069,Sideroxylon lanuginosum,0.297,"Lampornis clemenciae (R.Lesson, 1830)",2476748,31.447747,-110.307297,206.0,NORTH_AMERICA,Arizona,2023,6,19,2023-06-19T12:07,True,Dani Alba,iNaturalist,http://creativecommons.org/licenses/by/4.0/,Dani Alba,https://inaturalist-open-data.s3.amazonaws.com/photos/291762053/original.jpeg; https://inaturalist-open-data.s3.amazonaws.com/photos/291762099/original.jpeg; https://inaturalist-open-data.s3.amazonaws.com/photos/291762130/original.jpeg; https://inaturalist-open-data.s3.amazonaws.com/photos/291762162/original.jpeg; https://inaturalist-open-data.s3.amazonaws.com/photos/291762166/original.jpeg; https://inaturalist-open-data.s3.amazonaws.com/photos/291762188/original.jpeg; https://inaturalist-open-data.s3.amazonaws.com/photos/291762196/original.jpeg; https://inaturalist-open-data.s3.amazonaws.com/photos/291762206/original.jpeg; https://inaturalist-open-data.s3.amazonaws.com/photos/291762216/original.jpeg; https://inaturalist-open-data.s3.amazonaws.com/photos/291762229/original.jpeg; https://inaturalist-open-data.s3.amazonaws.com/photos/291762234/original.jpeg; https://inaturalist-open-data.s3.amazonaws.com/photos/291762235/original.jpeg; https://inaturalist-open-data.s3.amazonaws.com/photos/291762257/original.jpeg,k-southwestern-u-s-a,2024-10-25 13:36:02
original_4137937320_7.jpeg,3152812,Platanus racemosa,18.0,"Lampornis clemenciae (R.Lesson, 1830)",2476748,31.447747,-110.307297,206.0,NORTH_AMERICA,Arizona,2023,6,19,2023-06-19T12:07,True,Dani Alba,iNaturalist,http://creativecommons.org/licenses/by/4.0/,Dani Alba,https://inaturalist-open-data.s3.amazonaws.com/photos/291762053/original.jpeg; https://inaturalist-open-data.s3.amazonaws.com/photos/291762099/original.jpeg; https://inaturalist-open-data.s3.amazonaws.com/photos/291762130/original.jpeg; https://inaturalist-open-data.s3.amazonaws.com/photos/291762162/original.jpeg; https://inaturalist-open-data.s3.amazonaws.com/photos/291762166/original.jpeg; https://inaturalist-open-data.s3.amazonaws.com/photos/291762188/original.jpeg; https://inaturalist-open-data.s3.amazonaws.com/photos/291762196/original.jpeg; https://inaturalist-open-data.s3.amazonaws.com/photos/291762206/original.jpeg; https://inaturalist-open-data.s3.amazonaws.com/photos/291762216/original.jpeg; https://inaturalist-open-data.s3.amazonaws.com/photos/291762229/original.jpeg; https://inaturalist-open-data.s3.amazonaws.com/photos/291762234/original.jpeg; https://inaturalist-open-data.s3.amazonaws.com/photos/291762235/original.jpeg; https://inaturalist-open-data.s3.amazonaws.com/photos/291762257/original.jpeg,k-southwestern-u-s-a,2024-10-25 13:36:04
original_4137937320_9.jpeg,3152812,Platanus racemosa,5.838,"Lampornis clemenciae (R.Lesson, 1830)",2476748,31.447747,-110.307297,206.0,NORTH_AMERICA,Arizona,2023,6,19,2023-06-19T12:07,True,Dani Alba,iNaturalist,http://creativecommons.org/licenses/by/4.0/,Dani Alba,https://inaturalist-open-data.s3.amazonaws.com/photos/291762053/original.jpeg; https://inaturalist-open-data.s3.amazonaws.com/photos/291762099/original.jpeg; https://inaturalist-open-data.s3.amazonaws.com/photos/291762130/original.jpeg; https://inaturalist-open-data.s3.amazonaws.com/photos/291762162/original.jpeg; https://inaturalist-open-data.s3.amazonaws.com/photos/291762166/original.jpeg; https://inaturalist-open-data.s3.amazonaws.com/photos/291762188/original.jpeg; https://inaturalist-open-data.s3.amazonaws.com/photos/291762196/original.jpeg; https://inaturalist-open-data.s3.amazonaws.com/photos/291762206/original.jpeg; https://inaturalist-open-data.s3.amazonaws.com/photos/291762216/original.jpeg; https://inaturalist-open-data.s3.amazonaws.com/photos/291762229/original.jpeg; https://inaturalist-open-data.s3.amazonaws.com/photos/291762234/original.jpeg; https://inaturalist-open-data.s3.amazonaws.com/photos/291762235/original.jpeg; https://inaturalist-open-data.s3.amazonaws.com/photos/291762257/original.jpeg,k-southwestern-u-s-a,2024-10-25 13:36:06
original_4138345130_1.jpg,2959443,Gleditsia triacanthos,0.135,"Lampornis clemenciae (R.Lesson, 1830)",2476748,32.443417,-110.788122,148.0,NORTH_AMERICA,Arizona,2023,5,21,2023-05-21T10:28,True,Abby Sesselberg,iNaturalist,http://creativecommons.org/licenses/by-nc/4.0/,Abby Sesselberg,https://inaturalist-open-data.s3.amazonaws.com/photos/291858199/original.jpg; https://inaturalist-open-data.s3.amazonaws.com/photos/291858540/original.jpg,k-southwestern-u-s-a,2024-10-25 13:36:13
original_4138368385_1.jpeg,5372392,Vitis vinifera,2.205,"Lampornis clemenciae (R.Lesson, 1830)",2476748,31.913702,-109.14145,1841.0,NORTH_AMERICA,Arizona,2023,6,20,2023-06-20T10:57:31,True,Tate Putman,iNaturalist,http://creativecommons.org/licenses/by-nc/4.0/,Tate Putman,https://inaturalist-open-data.s3.amazonaws.com/photos/292219795/original.jpeg,k-southwestern-u-s-a,2024-10-25 13:36:18
original_4145398891_1.jpeg,3172371,Fraxinus uhdei,2.0420000000000003,"Lampornis clemenciae (R.Lesson, 1830)",2476748,25.365753,-100.620742,3069.0,NORTH_AMERICA,Coahuila,2023,6,27,2023-06-27T10:39,True,Rocio Reybal,iNaturalist,http://creativecommons.org/licenses/by-nc/4.0/,Rocio Reybal,https://inaturalist-open-data.s3.amazonaws.com/photos/294572762/original.jpeg,k-mexico,2024-10-25 13:36:21
original_4145431503_1.jpeg,5285172,Pinus cembroides,75.56,"Lampornis clemenciae (R.Lesson, 1830)",2476748,25.393633,-100.554234,969.0,NORTH_AMERICA,Coahuila,2023,7,2,2023-07-02T09:47,True,Raul Eduardo Gamez Benavides,iNaturalist,http://creativecommons.org/licenses/by-nc/4.0/,Raul Eduardo Gamez Benavides,https://inaturalist-open-data.s3.amazonaws.com/photos/296196361/original.jpeg,k-mexico,2024-10-25 13:36:23
original_4145491409_1.jpeg,2895593,Genipa americana,0.828,"Lampornis clemenciae (R.Lesson, 1830)",2476748,19.722427,-101.489148,706.0,NORTH_AMERICA,Michoacán,2022,5,1,2022-05-01T11:30:31,True,Guillermo Pérez-Negrón,iNaturalist,http://creativecommons.org/licenses/by-nc/4.0/,Guillermo Pérez-Negrón,https://inaturalist-open-data.s3.amazonaws.com/photos/196842208/original.jpeg; https://inaturalist-open-data.s3.amazonaws.com/photos/196842218/original.jpeg,k-mexico,2024-10-25 13:36:25
original_4145491409_2.jpeg,2867589,Lemna minor,2.7,"Lampornis clemenciae (R.Lesson, 1830)",2476748,19.722427,-101.489148,706.0,NORTH_AMERICA,Michoacán,2022,5,1,2022-05-01T11:30:31,True,Guillermo Pérez-Negrón,iNaturalist,http://creativecommons.org/licenses/by-nc/4.0/,Guillermo Pérez-Negrón,https://inaturalist-open-data.s3.amazonaws.com/photos/196842208/original.jpeg; https://inaturalist-open-data.s3.amazonaws.com/photos/196842218/original.jpeg,k-mexico,2024-10-25 13:36:27
original_4145506934_1.jpg,5289715,Imperata brevifolia,0.5890000000000001,"Lampornis clemenciae (R.Lesson, 1830)",2476748,31.883365,-109.205293,,NORTH_AMERICA,Arizona,2023,5,14,2023-05-14T16:24,True,James M. Maley,iNaturalist,http://creativecommons.org/licenses/by/4.0/,James M. Maley,https://inaturalist-open-data.s3.amazonaws.com/photos/296591929/original.jpg,k-southwestern-u-s-a,2024-10-25 13:36:29
original_4145558886_1.jpg,3015853,Crataegus chrysocarpa,0.6459999999999999,"Lampornis clemenciae (R.Lesson, 1830)",2476748,31.883365,-109.205293,,NORTH_AMERICA,Arizona,2023,5,14,2023-05-14T16:18,True,James M. Maley,iNaturalist,http://creativecommons.org/licenses/by/4.0/,James M. Maley,https://inaturalist-open-data.s3.amazonaws.com/photos/296591875/original.jpg; https://inaturalist-open-data.s3.amazonaws.com/photos/296591889/original.jpg; https://inaturalist-open-data.s3.amazonaws.com/photos/296591906/original.jpg,k-southwestern-u-s-a,2024-10-25 13:36:32
original_4153559796_1.jpg,2767031,Agave americana,7.686,"Lampornis clemenciae (R.Lesson, 1830)",2476748,29.236646,-103.312519,244.0,NORTH_AMERICA,Texas,2007,5,7,2007-05-07T00:25,True,AJ Johnson,iNaturalist,http://creativecommons.org/licenses/by-nc/4.0/,AJ Johnson,https://inaturalist-open-data.s3.amazonaws.com/photos/298557363/original.jpg,k-south-central-u-s-a,2024-10-25 13:36:39
original_4162074927_1.jpg,8034409,Canna indica,1.7690000000000001,"Lampornis clemenciae (R.Lesson, 1830)",2476748,17.463012,-99.621744,244.0,NORTH_AMERICA,Guerrero,2023,7,9,2023-07-09T13:39,True,rorodriguez,iNaturalist,http://creativecommons.org/licenses/by-nc/4.0/,rorodriguez,https://inaturalist-open-data.s3.amazonaws.com/photos/299334310/original.jpg,k-mexico,2024-10-25 13:36:42
original_4162101002_1.jpeg,3015853,Crataegus chrysocarpa,1.195,"Lampornis clemenciae (R.Lesson, 1830)",2476748,31.904045,-109.157641,88.0,NORTH_AMERICA,Arizona,2023,7,11,2023-07-11T12:14:12,True,Liam Hutcheson,iNaturalist,http://creativecommons.org/licenses/by-nc/4.0/,Liam Hutcheson,https://inaturalist-open-data.s3.amazonaws.com/photos/300670380/original.jpeg,k-southwestern-u-s-a,2024-10-25 13:36:45
original_4162114846_9.jpg,3099311,Monolopia major,0.6479999999999999,"Lampornis clemenciae (R.Lesson, 1830)",2476748,31.447938,-110.307215,22.0,NORTH_AMERICA,Arizona,2023,7,8,2023-07-08T16:25:03,True,Tristan A. McKnight,iNaturalist,http://creativecommons.org/licenses/by-nc/4.0/,Tristan A. McKnight,https://inaturalist-open-data.s3.amazonaws.com/photos/298605243/original.jpg; https://inaturalist-open-data.s3.amazonaws.com/photos/298605274/original.jpg; https://inaturalist-open-data.s3.amazonaws.com/photos/298605304/original.jpg; https://inaturalist-open-data.s3.amazonaws.com/photos/298605339/original.jpg; https://inaturalist-open-data.s3.amazonaws.com/photos/298605376/original.jpg; https://inaturalist-open-data.s3.amazonaws.com/photos/298605405/original.jpg; https://inaturalist-open-data.s3.amazonaws.com/photos/298605435/original.jpg; https://inaturalist-open-data.s3.amazonaws.com/photos/298605459/original.jpg; https://inaturalist-open-data.s3.amazonaws.com/photos/298605488/original.jpg,k-southwestern-u-s-a,2024-10-25 13:37:02
original_4162463335_1.jpeg,2929566,Solanum donianum,2.332,"Lampornis clemenciae (R.Lesson, 1830)",2476748,17.117854,-96.453879,31.0,NORTH_AMERICA,Oaxaca,2023,6,25,2023-06-25T09:45,True,R.J. Adams,iNaturalist,http://creativecommons.org/licenses/by-nc/4.0/,R.J. Adams,https://inaturalist-open-data.s3.amazonaws.com/photos/301301308/original.jpeg; https://inaturalist-open-data.s3.amazonaws.com/photos/301874771/original.jpeg,k-mexico,2024-10-25 13:37:04
original_4162463335_2.jpeg,5305033,Kniphofia uvaria,44.177,"Lampornis clemenciae (R.Lesson, 1830)",2476748,17.117854,-96.453879,31.0,NORTH_AMERICA,Oaxaca,2023,6,25,2023-06-25T09:45,True,R.J. Adams,iNaturalist,http://creativecommons.org/licenses/by-nc/4.0/,R.J. Adams,https://inaturalist-open-data.s3.amazonaws.com/photos/301301308/original.jpeg; https://inaturalist-open-data.s3.amazonaws.com/photos/301874771/original.jpeg,k-mexico,2024-10-25 13:37:06
original_4162610336_1.jpeg,2929617,Solanum chrysotrichum,7.31,"Lampornis clemenciae (R.Lesson, 1830)",2476748,17.107601,-96.463412,45.0,NORTH_AMERICA,Oaxaca,2023,6,25,2023-06-25T08:16,True,R.J. Adams,iNaturalist,http://creativecommons.org/licenses/by-nc/4.0/,R.J. Adams,https://inaturalist-open-data.s3.amazonaws.com/photos/301281084/original.jpeg; https://inaturalist-open-data.s3.amazonaws.com/photos/301281300/original.jpeg,k-mexico,2024-10-25 13:37:08
original_4162610336_2.jpeg,3141665,Roldana petasitis,23.287,"Lampornis clemenciae (R.Lesson, 1830)",2476748,17.107601,-96.463412,45.0,NORTH_AMERICA,Oaxaca,2023,6,25,2023-06-25T08:16,True,R.J. Adams,iNaturalist,http://creativecommons.org/licenses/by-nc/4.0/,R.J. Adams,https://inaturalist-open-data.s3.amazonaws.com/photos/301281084/original.jpeg; https://inaturalist-open-data.s3.amazonaws.com/photos/301281300/original.jpeg,k-mexico,2024-10-25 13:37:10
original_4165645745_1.jpeg,2888356,Pleuricospora fimbriolata,1.072,"Lampornis clemenciae (R.Lesson, 1830)",2476748,31.904546,-109.155833,58.0,NORTH_AMERICA,Arizona,2023,7,9,2023-07-09T05:05,True,William Harmon,iNaturalist,http://creativecommons.org/licenses/by-nc/4.0/,William Harmon,https://inaturalist-open-data.s3.amazonaws.com/photos/303369976/original.jpeg,k-southwestern-u-s-a,2024-10-25 13:37:15
original_4165649372_1.jpeg,5285740,Pinus caribaea,9.252,"Lampornis clemenciae (R.Lesson, 1830)",2476748,17.118889,-96.4525,2073.0,NORTH_AMERICA,Oaxaca,2023,4,14,2023-04-14T18:11,True,Tim Weed,iNaturalist,http://creativecommons.org/licenses/by-nc/4.0/,Tim Weed,https://inaturalist-open-data.s3.amazonaws.com/photos/267971373/original.jpeg,k-mexico,2024-10-25 13:37:18
original_4165716703_1.jpeg,5420901,Punica granatum,5.917,"Lampornis clemenciae (R.Lesson, 1830)",2476748,31.904386,-109.156164,28.0,NORTH_AMERICA,Arizona,2023,7,8,2023-07-08T18:33,True,William Harmon,iNaturalist,http://creativecommons.org/licenses/by-nc/4.0/,William Harmon,https://inaturalist-open-data.s3.amazonaws.com/photos/303368170/original.jpeg,k-southwestern-u-s-a,2024-10-25 13:37:19
original_4165972481_1.jpeg,3021850,Prunus serotina,0.364,"Lampornis clemenciae (R.Lesson, 1830)",2476748,31.904446,-109.156155,51.0,NORTH_AMERICA,Arizona,2023,7,8,2023-07-08T18:27,True,William Harmon,iNaturalist,http://creativecommons.org/licenses/by-nc/4.0/,William Harmon,https://inaturalist-open-data.s3.amazonaws.com/photos/303367571/original.jpeg,k-southwestern-u-s-a,2024-10-25 13:37:40
original_4171156743_1.jpeg,2767031,Agave americana,30.409999999999997,"Lampornis clemenciae (R.Lesson, 1830)",2476748,20.518729,-99.885059,5494.0,NORTH_AMERICA,Querétaro,2023,7,9,2023-07-09T11:11:56,True,Alvaro Rojas (brújula de aves),iNaturalist,http://creativecommons.org/licenses/by-nc/4.0/,Alvaro Rojas (brújula de aves),https://inaturalist-open-data.s3.amazonaws.com/photos/299894130/original.jpeg; https://inaturalist-open-data.s3.amazonaws.com/photos/299894178/original.jpeg; https://inaturalist-open-data.s3.amazonaws.com/photos/299894214/original.jpeg,k-mexico,2024-10-25 13:37:43
original_4171156743_2.jpeg,2767031,Agave americana,33.467,"Lampornis clemenciae (R.Lesson, 1830)",2476748,20.518729,-99.885059,5494.0,NORTH_AMERICA,Querétaro,2023,7,9,2023-07-09T11:11:56,True,Alvaro Rojas (brújula de aves),iNaturalist,http://creativecommons.org/licenses/by-nc/4.0/,Alvaro Rojas (brújula de aves),https://inaturalist-open-data.s3.amazonaws.com/photos/299894130/original.jpeg; https://inaturalist-open-data.s3.amazonaws.com/photos/299894178/original.jpeg; https://inaturalist-open-data.s3.amazonaws.com/photos/299894214/original.jpeg,k-mexico,2024-10-25 13:37:45
original_4171156743_3.jpeg,2767031,Agave americana,44.381,"Lampornis clemenciae (R.Lesson, 1830)",2476748,20.518729,-99.885059,5494.0,NORTH_AMERICA,Querétaro,2023,7,9,2023-07-09T11:11:56,True,Alvaro Rojas (brújula de aves),iNaturalist,http://creativecommons.org/licenses/by-nc/4.0/,Alvaro Rojas (brújula de aves),https://inaturalist-open-data.s3.amazonaws.com/photos/299894130/original.jpeg; https://inaturalist-open-data.s3.amazonaws.com/photos/299894178/original.jpeg; https://inaturalist-open-data.s3.amazonaws.com/photos/299894214/original.jpeg,k-mexico,2024-10-25 13:37:47
original_4171965202_1.jpg,3054296,Carya ovata,1.109,"Lampornis clemenciae (R.Lesson, 1830)",2476748,20.218,-98.75,69.0,NORTH_AMERICA,Hidalgo,2023,7,26,2023-07-26T07:18,True,Andrés Morales,iNaturalist,http://creativecommons.org/licenses/by-nc/4.0/,Andrés Morales,https://inaturalist-open-data.s3.amazonaws.com/photos/305155141/original.jpg; https://inaturalist-open-data.s3.amazonaws.com/photos/305156133/original.jpg,k-mexico,2024-10-25 13:37:58
original_4171965202_2.jpg,3152052,Apeiba tibourbou,2.673,"Lampornis clemenciae (R.Lesson, 1830)",2476748,20.218,-98.75,69.0,NORTH_AMERICA,Hidalgo,2023,7,26,2023-07-26T07:18,True,Andrés Morales,iNaturalist,http://creativecommons.org/licenses/by-nc/4.0/,Andrés Morales,https://inaturalist-open-data.s3.amazonaws.com/photos/305155141/original.jpg; https://inaturalist-open-data.s3.amazonaws.com/photos/305156133/original.jpg,k-mexico,2024-10-25 13:38:01
original_4171972644_1.jpeg,5417751,Eugenia foetida,5.924,"Lampornis clemenciae (R.Lesson, 1830)",2476748,25.157739,-107.479517,294407.0,NORTH_AMERICA,Sinaloa,2022,11,28,2022-11-28,True,CindieTD,iNaturalist,http://creativecommons.org/licenses/by-nc/4.0/,CindieTD,https://inaturalist-open-data.s3.amazonaws.com/photos/306180677/original.jpeg; https://inaturalist-open-data.s3.amazonaws.com/photos/306180711/original.jpeg,k-mexico,2024-10-25 13:38:03
original_4172030466_1.jpeg,3189421,Mammea americana,3.508,"Lampornis clemenciae (R.Lesson, 1830)",2476748,25.157739,-107.479517,294407.0,NORTH_AMERICA,Sinaloa,2022,11,28,2022-11-28,True,CindieTD,iNaturalist,http://creativecommons.org/licenses/by-nc/4.0/,CindieTD,https://inaturalist-open-data.s3.amazonaws.com/photos/306178405/original.jpeg; https://inaturalist-open-data.s3.amazonaws.com/photos/306178437/original.jpeg,k-mexico,2024-10-25 13:38:09
original_4172140363_1.jpeg,5285764,Pinus torreyana,14.667,"Lampornis clemenciae (R.Lesson, 1830)",2476748,32.410462,-110.714554,2.0,NORTH_AMERICA,Arizona,2023,8,1,2023-08-01T11:45,True,John Van Veldhuizen,iNaturalist,http://creativecommons.org/licenses/by-nc/4.0/,John Van Veldhuizen,https://inaturalist-open-data.s3.amazonaws.com/photos/307187804/original.jpeg,k-southwestern-u-s-a,2024-10-25 13:38:15
original_4172279492_1.jpg,3058647,Croton ciliatoglandulifer,0.331,"Lampornis clemenciae (R.Lesson, 1830)",2476748,31.883253,-109.205276,2.0,NORTH_AMERICA,Arizona,2023,7,31,2023-07-31T13:53,True,Ad Konings,iNaturalist,http://creativecommons.org/licenses/by-nc/4.0/,Ad Konings,https://inaturalist-open-data.s3.amazonaws.com/photos/306964782/original.jpg,k-southwestern-u-s-a,2024-10-25 13:38:21
original_4177271723_1.jpeg,7288259,Buddleja cordata,10.014000000000001,"Lampornis clemenciae (R.Lesson, 1830)",2476748,25.395835,-100.586558,2.0,NORTH_AMERICA,Coahuila,2023,8,13,2023-08-13T11:17,True,memoviejo,iNaturalist,http://creativecommons.org/licenses/by-nc/4.0/,memoviejo,https://inaturalist-open-data.s3.amazonaws.com/photos/310249303/original.jpeg,k-mexico,2024-10-25 13:38:23
original_4177538811_1.jpeg,5372984,Salix bonplandiana,1.442,"Lampornis clemenciae (R.Lesson, 1830)",2476748,31.830335,-109.310519,38865.0,NORTH_AMERICA,Arizona,2023,8,8,2023-08-08T15:51:03,True,mari,iNaturalist,http://creativecommons.org/licenses/by-nc/4.0/,mari,https://inaturalist-open-data.s3.amazonaws.com/photos/310300594/original.jpeg; https://inaturalist-open-data.s3.amazonaws.com/photos/310300636/original.jpeg; https://inaturalist-open-data.s3.amazonaws.com/photos/310300675/original.jpeg; https://inaturalist-open-data.s3.amazonaws.com/photos/310300681/original.jpeg; https://inaturalist-open-data.s3.amazonaws.com/photos/310300693/original.jpeg,k-southwestern-u-s-a,2024-10-25 13:38:33
original_4177538811_3.jpeg,5372892,Salix amygdaloides,2.754,"Lampornis clemenciae (R.Lesson, 1830)",2476748,31.830335,-109.310519,38865.0,NORTH_AMERICA,Arizona,2023,8,8,2023-08-08T15:51:03,True,mari,iNaturalist,http://creativecommons.org/licenses/by-nc/4.0/,mari,https://inaturalist-open-data.s3.amazonaws.com/photos/310300594/original.jpeg; https://inaturalist-open-data.s3.amazonaws.com/photos/310300636/original.jpeg; https://inaturalist-open-data.s3.amazonaws.com/photos/310300675/original.jpeg; https://inaturalist-open-data.s3.amazonaws.com/photos/310300681/original.jpeg; https://inaturalist-open-data.s3.amazonaws.com/photos/310300693/original.jpeg,k-southwestern-u-s-a,2024-10-25 13:38:38
original_4177538811_4.jpeg,5372892,Salix amygdaloides,0.713,"Lampornis clemenciae (R.Lesson, 1830)",2476748,31.830335,-109.310519,38865.0,NORTH_AMERICA,Arizona,2023,8,8,2023-08-08T15:51:03,True,mari,iNaturalist,http://creativecommons.org/licenses/by-nc/4.0/,mari,https://inaturalist-open-data.s3.amazonaws.com/photos/310300594/original.jpeg; https://inaturalist-open-data.s3.amazonaws.com/photos/310300636/original.jpeg; https://inaturalist-open-data.s3.amazonaws.com/photos/310300675/original.jpeg; https://inaturalist-open-data.s3.amazonaws.com/photos/310300681/original.jpeg; https://inaturalist-open-data.s3.amazonaws.com/photos/310300693/original.jpeg,k-southwestern-u-s-a,2024-10-25 13:38:40
original_4177538811_5.jpeg,5372984,Salix bonplandiana,4.593,"Lampornis clemenciae (R.Lesson, 1830)",2476748,31.830335,-109.310519,38865.0,NORTH_AMERICA,Arizona,2023,8,8,2023-08-08T15:51:03,True,mari,iNaturalist,http://creativecommons.org/licenses/by-nc/4.0/,mari,https://inaturalist-open-data.s3.amazonaws.com/photos/310300594/original.jpeg; https://inaturalist-open-data.s3.amazonaws.com/photos/310300636/original.jpeg; https://inaturalist-open-data.s3.amazonaws.com/photos/310300675/original.jpeg; https://inaturalist-open-data.s3.amazonaws.com/photos/310300681/original.jpeg; https://inaturalist-open-data.s3.amazonaws.com/photos/310300693/original.jpeg,k-southwestern-u-s-a,2024-10-25 13:38:42
original_4177550847_1.jpeg,7799711,Canavalia ensiformis,1.532,"Lampornis clemenciae (R.Lesson, 1830)",2476748,31.824361,-109.344808,60449.0,NORTH_AMERICA,Arizona,2023,8,10,2023-08-10T13:59:19,True,mari,iNaturalist,http://creativecommons.org/licenses/by-nc/4.0/,mari,https://inaturalist-open-data.s3.amazonaws.com/photos/310497256/original.jpeg,k-southwestern-u-s-a,2024-10-25 13:38:45
original_4400065421_1.jpg,7283021,Echinocereus subinermis,0.967,"Lampornis clemenciae (R.Lesson, 1830)",2476748,20.935597,-100.183851,244.0,NORTH_AMERICA,Guanajuato,2023,5,13,2023-05-13T09:37,True,David Epardo,iNaturalist,http://creativecommons.org/licenses/by-nc/4.0/,David Epardo,https://inaturalist-open-data.s3.amazonaws.com/photos/282572438/original.jpg,k-mexico,2024-10-25 13:38:52
original_4400243874_1.jpg,2929617,Solanum chrysotrichum,3.862,"Lampornis clemenciae (R.Lesson, 1830)",2476748,19.327355,-99.242054,,NORTH_AMERICA,Distrito Federal,2023,6,28,2023-06-28T09:24,True,Jorge Ramírez,iNaturalist,http://creativecommons.org/licenses/by-nc/4.0/,Jorge Ramírez,https://inaturalist-open-data.s3.amazonaws.com/photos/312939858/original.jpg,k-mexico,2024-10-25 13:38:55
original_4400479467_1.jpeg,3794448,Semialarium mexicanum,6.2010000000000005,"Lampornis clemenciae (R.Lesson, 1830)",2476748,21.097628,-99.665245,61.0,NORTH_AMERICA,Querétaro,2023,5,11,2023-05-11T19:27,True,rbsg-prorest-1133,iNaturalist,http://creativecommons.org/licenses/by-nc/4.0/,rbsg-prorest-1133,https://inaturalist-open-data.s3.amazonaws.com/photos/311448676/original.jpeg,k-mexico,2024-10-25 13:39:01
original_4405001852_1.jpg,5285090,Pinus patula,6.2,"Lampornis clemenciae (R.Lesson, 1830)",2476748,17.266667,-96.566667,2071.0,NORTH_AMERICA,Oaxaca,2023,8,13,2023-08-13T13:31,True,Michael Kielb,iNaturalist,http://creativecommons.org/licenses/by-nc/4.0/,Michael Kielb,https://inaturalist-open-data.s3.amazonaws.com/photos/313495163/original.jpg,k-mexico,2024-10-25 13:39:06
original_4405031914_1.jpg,5285058,Pinus engelmannii,7.385,"Lampornis clemenciae (R.Lesson, 1830)",2476748,32.410322,-110.714685,6.0,NORTH_AMERICA,Arizona,2023,8,26,2023-08-26T07:43,True,Wendy McCrady,iNaturalist,http://creativecommons.org/licenses/by/4.0/,Wendy McCrady,https://inaturalist-open-data.s3.amazonaws.com/photos/314768025/original.jpg; https://inaturalist-open-data.s3.amazonaws.com/photos/314768028/original.jpg; https://inaturalist-open-data.s3.amazonaws.com/photos/314768055/original.jpg; https://inaturalist-open-data.s3.amazonaws.com/photos/314768057/original.jpg,k-southwestern-u-s-a,2024-10-25 13:39:10
original_4405031914_3.jpg,5285764,Pinus torreyana,8.256,"Lampornis clemenciae (R.Lesson, 1830)",2476748,32.410322,-110.714685,6.0,NORTH_AMERICA,Arizona,2023,8,26,2023-08-26T07:43,True,Wendy McCrady,iNaturalist,http://creativecommons.org/licenses/by/4.0/,Wendy McCrady,https://inaturalist-open-data.s3.amazonaws.com/photos/314768025/original.jpg; https://inaturalist-open-data.s3.amazonaws.com/photos/314768028/original.jpg; https://inaturalist-open-data.s3.amazonaws.com/photos/314768055/original.jpg; https://inaturalist-open-data.s3.amazonaws.com/photos/314768057/original.jpg,k-southwestern-u-s-a,2024-10-25 13:39:15
original_4405032686_1.jpg,2767031,Agave americana,18.116,"Lampornis clemenciae (R.Lesson, 1830)",2476748,21.145617,-99.547062,70.0,NORTH_AMERICA,Querétaro,2023,8,20,2023-08-20T07:00,True,Paco Medina,iNaturalist,http://creativecommons.org/licenses/by-nc/4.0/,Paco Medina,https://inaturalist-open-data.s3.amazonaws.com/photos/313599517/original.jpg; https://inaturalist-open-data.s3.amazonaws.com/photos/313599590/original.jpg,k-mexico,2024-10-25 13:39:20
original_4405032686_2.jpg,2767031,Agave americana,26.766000000000002,"Lampornis clemenciae (R.Lesson, 1830)",2476748,21.145617,-99.547062,70.0,NORTH_AMERICA,Querétaro,2023,8,20,2023-08-20T07:00,True,Paco Medina,iNaturalist,http://creativecommons.org/licenses/by-nc/4.0/,Paco Medina,https://inaturalist-open-data.s3.amazonaws.com/photos/313599517/original.jpg; https://inaturalist-open-data.s3.amazonaws.com/photos/313599590/original.jpg,k-mexico,2024-10-25 13:39:22
original_4405062271_1.jpeg,5285497,Pinus attenuata,3.7479999999999998,"Lampornis clemenciae (R.Lesson, 1830)",2476748,32.599328,-110.705011,29093.0,NORTH_AMERICA,Arizona,2023,8,11,2023-08-11,True,frankf,iNaturalist,http://creativecommons.org/licenses/by-nc/4.0/,frankf,https://inaturalist-open-data.s3.amazonaws.com/photos/313802787/original.jpeg,k-southwestern-u-s-a,2024-10-25 13:39:24
original_4405220936_2.jpeg,2874569,Cucumis sativus,2.076,"Lampornis clemenciae (R.Lesson, 1830)",2476748,32.410403,-110.714586,4.0,NORTH_AMERICA,Arizona,2023,8,10,2023-08-10T12:47,True,Jared Gorrell,iNaturalist,http://creativecommons.org/licenses/by-nc/4.0/,Jared Gorrell,https://inaturalist-open-data.s3.amazonaws.com/photos/313352044/original.jpeg; https://inaturalist-open-data.s3.amazonaws.com/photos/313352064/original.jpeg; https://inaturalist-open-data.s3.amazonaws.com/photos/313352084/original.jpeg; https://inaturalist-open-data.s3.amazonaws.com/photos/313352142/original.jpeg; https://inaturalist-open-data.s3.amazonaws.com/photos/313352144/original.jpeg; https://inaturalist-open-data.s3.amazonaws.com/photos/313352166/original.jpeg,k-southwestern-u-s-a,2024-10-25 13:39:33
original_4405220936_5.jpeg,5285058,Pinus engelmannii,12.325,"Lampornis clemenciae (R.Lesson, 1830)",2476748,32.410403,-110.714586,4.0,NORTH_AMERICA,Arizona,2023,8,10,2023-08-10T12:47,True,Jared Gorrell,iNaturalist,http://creativecommons.org/licenses/by-nc/4.0/,Jared Gorrell,https://inaturalist-open-data.s3.amazonaws.com/photos/313352044/original.jpeg; https://inaturalist-open-data.s3.amazonaws.com/photos/313352064/original.jpeg; https://inaturalist-open-data.s3.amazonaws.com/photos/313352084/original.jpeg; https://inaturalist-open-data.s3.amazonaws.com/photos/313352142/original.jpeg; https://inaturalist-open-data.s3.amazonaws.com/photos/313352144/original.jpeg; https://inaturalist-open-data.s3.amazonaws.com/photos/313352166/original.jpeg,k-southwestern-u-s-a,2024-10-25 13:39:39
original_4405337211_2.jpg,5285172,Pinus cembroides,1.6420000000000001,"Lampornis clemenciae (R.Lesson, 1830)",2476748,31.878732,-109.221777,50.0,NORTH_AMERICA,Arizona,2023,8,27,2023-08-27T08:10,True,Matt Becker,iNaturalist,http://creativecommons.org/licenses/by-nc/4.0/,Matt Becker,https://inaturalist-open-data.s3.amazonaws.com/photos/314665148/original.jpg; https://inaturalist-open-data.s3.amazonaws.com/photos/314665234/original.jpg,k-southwestern-u-s-a,2024-10-25 13:39:46
original_4405362280_1.jpg,2650637,Asplenium monanthes,2.664,"Lampornis clemenciae (R.Lesson, 1830)",2476748,31.878756,-109.221842,50.0,NORTH_AMERICA,Arizona,2023,8,26,2023-08-26T09:34,True,Matt Becker,iNaturalist,http://creativecommons.org/licenses/by-nc/4.0/,Matt Becker,https://inaturalist-open-data.s3.amazonaws.com/photos/314651484/original.jpg; https://inaturalist-open-data.s3.amazonaws.com/photos/314652007/original.jpg; https://inaturalist-open-data.s3.amazonaws.com/photos/314652016/original.jpg; https://inaturalist-open-data.s3.amazonaws.com/photos/314652163/original.jpg; https://inaturalist-open-data.s3.amazonaws.com/photos/314652193/original.jpg,k-southwestern-u-s-a,2024-10-25 13:39:49
original_4405362280_2.jpg,2650637,Asplenium monanthes,5.101,"Lampornis clemenciae (R.Lesson, 1830)",2476748,31.878756,-109.221842,50.0,NORTH_AMERICA,Arizona,2023,8,26,2023-08-26T09:34,True,Matt Becker,iNaturalist,http://creativecommons.org/licenses/by-nc/4.0/,Matt Becker,https://inaturalist-open-data.s3.amazonaws.com/photos/314651484/original.jpg; https://inaturalist-open-data.s3.amazonaws.com/photos/314652007/original.jpg; https://inaturalist-open-data.s3.amazonaws.com/photos/314652016/original.jpg; https://inaturalist-open-data.s3.amazonaws.com/photos/314652163/original.jpg; https://inaturalist-open-data.s3.amazonaws.com/photos/314652193/original.jpg,k-southwestern-u-s-a,2024-10-25 13:39:52
original_4405362280_3.jpg,2867616,Lemna aequinoctialis,6.864000000000001,"Lampornis clemenciae (R.Lesson, 1830)",2476748,31.878756,-109.221842,50.0,NORTH_AMERICA,Arizona,2023,8,26,2023-08-26T09:34,True,Matt Becker,iNaturalist,http://creativecommons.org/licenses/by-nc/4.0/,Matt Becker,https://inaturalist-open-data.s3.amazonaws.com/photos/314651484/original.jpg; https://inaturalist-open-data.s3.amazonaws.com/photos/314652007/original.jpg; https://inaturalist-open-data.s3.amazonaws.com/photos/314652016/original.jpg; https://inaturalist-open-data.s3.amazonaws.com/photos/314652163/original.jpg; https://inaturalist-open-data.s3.amazonaws.com/photos/314652193/original.jpg,k-southwestern-u-s-a,2024-10-25 13:39:53
original_4405362280_5.jpg,2650637,Asplenium monanthes,0.6459999999999999,"Lampornis clemenciae (R.Lesson, 1830)",2476748,31.878756,-109.221842,50.0,NORTH_AMERICA,Arizona,2023,8,26,2023-08-26T09:34,True,Matt Becker,iNaturalist,http://creativecommons.org/licenses/by-nc/4.0/,Matt Becker,https://inaturalist-open-data.s3.amazonaws.com/photos/314651484/original.jpg; https://inaturalist-open-data.s3.amazonaws.com/photos/314652007/original.jpg; https://inaturalist-open-data.s3.amazonaws.com/photos/314652016/original.jpg; https://inaturalist-open-data.s3.amazonaws.com/photos/314652163/original.jpg; https://inaturalist-open-data.s3.amazonaws.com/photos/314652193/original.jpg,k-southwestern-u-s-a,2024-10-25 13:39:57
original_4405384492_1.jpg,7284815,Erythroxylum havanense,3.069,"Lampornis clemenciae (R.Lesson, 1830)",2476748,19.400117,-99.241902,,NORTH_AMERICA,Distrito Federal,2023,8,16,2023-08-16T10:46,True,Jorge Ramírez,iNaturalist,http://creativecommons.org/licenses/by-nc/4.0/,Jorge Ramírez,https://inaturalist-open-data.s3.amazonaws.com/photos/313471524/original.jpg,k-mexico,2024-10-25 13:40:00
original_4405464522_1.jpeg,2766587,Agave utahensis,0.333,"Lampornis clemenciae (R.Lesson, 1830)",2476748,31.999303,-109.271418,30.0,NORTH_AMERICA,Arizona,2023,4,15,2023-04-15T06:43,True,Alina Martin,iNaturalist,http://creativecommons.org/licenses/by/4.0/,Alina Martin,https://inaturalist-open-data.s3.amazonaws.com/photos/313618807/original.jpeg; https://inaturalist-open-data.s3.amazonaws.com/photos/313618811/original.jpeg,k-southwestern-u-s-a,2024-10-25 13:40:02
original_4405466152_2.jpeg,3170217,Funastrum crispum,2.5309999999999997,"Lampornis clemenciae (R.Lesson, 1830)",2476748,31.90455,-109.156073,25.0,NORTH_AMERICA,Arizona,2023,8,17,2023-08-17T15:53,True,Will Richardson,iNaturalist,http://creativecommons.org/licenses/by-nc/4.0/,Will Richardson,https://inaturalist-open-data.s3.amazonaws.com/photos/314521180/original.jpeg; https://inaturalist-open-data.s3.amazonaws.com/photos/314521183/original.jpeg; https://inaturalist-open-data.s3.amazonaws.com/photos/314521189/original.jpeg,k-southwestern-u-s-a,2024-10-25 13:40:08
original_4405466152_3.jpeg,2702901,Leersia hexandra,6.184,"Lampornis clemenciae (R.Lesson, 1830)",2476748,31.90455,-109.156073,25.0,NORTH_AMERICA,Arizona,2023,8,17,2023-08-17T15:53,True,Will Richardson,iNaturalist,http://creativecommons.org/licenses/by-nc/4.0/,Will Richardson,https://inaturalist-open-data.s3.amazonaws.com/photos/314521180/original.jpeg; https://inaturalist-open-data.s3.amazonaws.com/photos/314521183/original.jpeg; https://inaturalist-open-data.s3.amazonaws.com/photos/314521189/original.jpeg,k-southwestern-u-s-a,2024-10-25 13:40:10
original_4405542082_1.jpg,2650631,Asplenium resiliens,3.279,"Lampornis clemenciae (R.Lesson, 1830)",2476748,31.878732,-109.221777,50.0,NORTH_AMERICA,Arizona,2023,8,27,2023-08-27T08:10,True,Matt Becker,iNaturalist,http://creativecommons.org/licenses/by-nc/4.0/,Matt Becker,https://inaturalist-open-data.s3.amazonaws.com/photos/314665149/original.jpg; https://inaturalist-open-data.s3.amazonaws.com/photos/314665150/original.jpg; https://inaturalist-open-data.s3.amazonaws.com/photos/314665260/original.jpg; https://inaturalist-open-data.s3.amazonaws.com/photos/314665267/original.jpg,k-southwestern-u-s-a,2024-10-25 13:40:14
original_4405542082_3.jpg,2867616,Lemna aequinoctialis,3.742,"Lampornis clemenciae (R.Lesson, 1830)",2476748,31.878732,-109.221777,50.0,NORTH_AMERICA,Arizona,2023,8,27,2023-08-27T08:10,True,Matt Becker,iNaturalist,http://creativecommons.org/licenses/by-nc/4.0/,Matt Becker,https://inaturalist-open-data.s3.amazonaws.com/photos/314665149/original.jpg; https://inaturalist-open-data.s3.amazonaws.com/photos/314665150/original.jpg; https://inaturalist-open-data.s3.amazonaws.com/photos/314665260/original.jpg; https://inaturalist-open-data.s3.amazonaws.com/photos/314665267/original.jpg,k-southwestern-u-s-a,2024-10-25 13:40:18
original_4405542082_4.jpg,2867616,Lemna aequinoctialis,2.986,"Lampornis clemenciae (R.Lesson, 1830)",2476748,31.878732,-109.221777,50.0,NORTH_AMERICA,Arizona,2023,8,27,2023-08-27T08:10,True,Matt Becker,iNaturalist,http://creativecommons.org/licenses/by-nc/4.0/,Matt Becker,https://inaturalist-open-data.s3.amazonaws.com/photos/314665149/original.jpg; https://inaturalist-open-data.s3.amazonaws.com/photos/314665150/original.jpg; https://inaturalist-open-data.s3.amazonaws.com/photos/314665260/original.jpg; https://inaturalist-open-data.s3.amazonaws.com/photos/314665267/original.jpg,k-southwestern-u-s-a,2024-10-25 13:40:21
original_4405550499_1.jpg,5372984,Salix bonplandiana,3.258,"Lampornis clemenciae (R.Lesson, 1830)",2476748,31.878732,-109.221777,50.0,NORTH_AMERICA,Arizona,2023,8,27,2023-08-27T08:12,True,Matt Becker,iNaturalist,http://creativecommons.org/licenses/by-nc/4.0/,Matt Becker,https://inaturalist-open-data.s3.amazonaws.com/photos/314665245/original.jpg; https://inaturalist-open-data.s3.amazonaws.com/photos/314665246/original.jpg,k-southwestern-u-s-a,2024-10-25 13:40:23
original_4405550499_2.jpg,2753048,Lilium kelleyanum,2.323,"Lampornis clemenciae (R.Lesson, 1830)",2476748,31.878732,-109.221777,50.0,NORTH_AMERICA,Arizona,2023,8,27,2023-08-27T08:12,True,Matt Becker,iNaturalist,http://creativecommons.org/licenses/by-nc/4.0/,Matt Becker,https://inaturalist-open-data.s3.amazonaws.com/photos/314665245/original.jpg; https://inaturalist-open-data.s3.amazonaws.com/photos/314665246/original.jpg,k-southwestern-u-s-a,2024-10-25 13:40:25
original_4407202467_2.jpeg,8924323,Ludwigia hyssopifolia,2.6839999999999997,"Lampornis clemenciae (R.Lesson, 1830)",2476748,19.339856,-99.24539,206.0,NORTH_AMERICA,Distrito Federal,2022,7,2,2022-07-02T10:40,True,Germán,iNaturalist,http://creativecommons.org/licenses/by-nc/4.0/,Germán,https://inaturalist-open-data.s3.amazonaws.com/photos/212459546/original.jpeg; https://inaturalist-open-data.s3.amazonaws.com/photos/212459605/original.jpeg; https://inaturalist-open-data.s3.amazonaws.com/photos/212459647/original.jpeg,k-mexico,2024-10-25 13:40:28
original_4407202467_3.jpeg,5299322,Fritillaria biflora,1.1480000000000001,"Lampornis clemenciae (R.Lesson, 1830)",2476748,19.339856,-99.24539,206.0,NORTH_AMERICA,Distrito Federal,2022,7,2,2022-07-02T10:40,True,Germán,iNaturalist,http://creativecommons.org/licenses/by-nc/4.0/,Germán,https://inaturalist-open-data.s3.amazonaws.com/photos/212459546/original.jpeg; https://inaturalist-open-data.s3.amazonaws.com/photos/212459605/original.jpeg; https://inaturalist-open-data.s3.amazonaws.com/photos/212459647/original.jpeg,k-mexico,2024-10-25 13:40:30
original_4407253755_1.jpeg,2684627,Juniperus californica,2.5420000000000003,"Lampornis clemenciae (R.Lesson, 1830)",2476748,21.09746,-99.674514,61.0,NORTH_AMERICA,Querétaro,2023,5,12,2023-05-12T03:37,True,rbsg-prorest-1133,iNaturalist,http://creativecommons.org/licenses/by-nc/4.0/,rbsg-prorest-1133,https://inaturalist-open-data.s3.amazonaws.com/photos/311449656/original.jpeg,k-mexico,2024-10-25 13:40:42
original_4407255066_1.jpg,8892957,Pinus jeffreyi,24.188000000000002,"Lampornis clemenciae (R.Lesson, 1830)",2476748,32.410932,-110.714668,61.0,NORTH_AMERICA,Arizona,2023,8,29,2023-08-29T11:11,True,Gordon Karre,iNaturalist,http://creativecommons.org/licenses/by-nc/4.0/,Gordon Karre,https://inaturalist-open-data.s3.amazonaws.com/photos/315855112/original.jpg,k-southwestern-u-s-a,2024-10-25 13:40:45
original_4407260400_1.jpg,3170270,Asclepias linaria,1.287,"Lampornis clemenciae (R.Lesson, 1830)",2476748,23.681972,-100.868687,,NORTH_AMERICA,San Luis Potosí,2023,5,7,2023-05-07T12:31,True,Marco Zozaya,iNaturalist,http://creativecommons.org/licenses/by-nc/4.0/,Marco Zozaya,https://inaturalist-open-data.s3.amazonaws.com/photos/285898326/original.jpg,k-mexico,2024-10-25 13:40:48
original_4407331705_1.jpeg,3794448,Semialarium mexicanum,2.661,"Lampornis clemenciae (R.Lesson, 1830)",2476748,20.916487,-99.564988,543.0,NORTH_AMERICA,Querétaro,2023,7,30,2023-07-30T08:31:48,True,Alvaro Rojas (brújula de aves),iNaturalist,http://creativecommons.org/licenses/by-nc/4.0/,Alvaro Rojas (brújula de aves),https://inaturalist-open-data.s3.amazonaws.com/photos/308878965/original.jpeg; https://inaturalist-open-data.s3.amazonaws.com/photos/308878986/original.jpeg; https://inaturalist-open-data.s3.amazonaws.com/photos/308879008/original.jpeg,k-mexico,2024-10-25 13:40:50
original_4407331705_3.jpeg,2768019,Beaucarnea goldmanii,4.087,"Lampornis clemenciae (R.Lesson, 1830)",2476748,20.916487,-99.564988,543.0,NORTH_AMERICA,Querétaro,2023,7,30,2023-07-30T08:31:48,True,Alvaro Rojas (brújula de aves),iNaturalist,http://creativecommons.org/licenses/by-nc/4.0/,Alvaro Rojas (brújula de aves),https://inaturalist-open-data.s3.amazonaws.com/photos/308878965/original.jpeg; https://inaturalist-open-data.s3.amazonaws.com/photos/308878986/original.jpeg; https://inaturalist-open-data.s3.amazonaws.com/photos/308879008/original.jpeg,k-mexico,2024-10-25 13:40:55
original_4407345511_1.jpg,2887069,Sideroxylon lanuginosum,2.5669999999999997,"Lampornis clemenciae (R.Lesson, 1830)",2476748,19.256968,-98.572987,157.0,NORTH_AMERICA,Puebla,2023,2,18,2023-02-18T11:32,True,Viridiana J. Quintero,iNaturalist,http://creativecommons.org/licenses/by-nc/4.0/,Viridiana J. Quintero,https://inaturalist-open-data.s3.amazonaws.com/photos/259159148/original.jpg,k-mexico,2024-10-25 13:40:57
original_4407361581_1.jpeg,5626441,Opuntia hyptiacantha,21.046,"Lampornis clemenciae (R.Lesson, 1830)",2476748,19.627914,-98.19548,213.0,NORTH_AMERICA,Tlaxcala,2023,5,2,2023-05-02T15:43:23,True,Alan López,iNaturalist,http://creativecommons.org/licenses/by-nc/4.0/,Alan López,https://inaturalist-open-data.s3.amazonaws.com/photos/278321240/original.jpeg; https://inaturalist-open-data.s3.amazonaws.com/photos/278321251/original.jpeg,k-mexico,2024-10-25 13:40:59
original_4407361581_2.jpeg,5626441,Opuntia hyptiacantha,22.267,"Lampornis clemenciae (R.Lesson, 1830)",2476748,19.627914,-98.19548,213.0,NORTH_AMERICA,Tlaxcala,2023,5,2,2023-05-02T15:43:23,True,Alan López,iNaturalist,http://creativecommons.org/licenses/by-nc/4.0/,Alan López,https://inaturalist-open-data.s3.amazonaws.com/photos/278321240/original.jpeg; https://inaturalist-open-data.s3.amazonaws.com/photos/278321251/original.jpeg,k-mexico,2024-10-25 13:41:01
original_4407377957_1.jpg,5285727,Pinus radiata,10.891,"Lampornis clemenciae (R.Lesson, 1830)",2476748,27.764651,-107.632589,15.0,NORTH_AMERICA,Chihuahua,2023,8,26,2023-08-26T09:09,True,Fernando Mondaca Fernandez,iNaturalist,http://creativecommons.org/licenses/by-nc/4.0/,Fernando Mondaca Fernandez,https://inaturalist-open-data.s3.amazonaws.com/photos/314333289/original.jpg,k-mexico,2024-10-25 13:41:05
original_4407563871_1.jpeg,8892957,Pinus jeffreyi,45.848,"Lampornis clemenciae (R.Lesson, 1830)",2476748,32.410398,-110.714673,189.0,NORTH_AMERICA,Arizona,2023,7,30,2023-07-30T15:16,True,towle001,iNaturalist,http://creativecommons.org/licenses/by-nc/4.0/,towle001,https://inaturalist-open-data.s3.amazonaws.com/photos/316757643/original.jpeg,k-southwestern-u-s-a,2024-10-25 13:41:13
original_4413436301_1.jpeg,5305033,Kniphofia uvaria,26.712000000000003,"Lampornis clemenciae (R.Lesson, 1830)",2476748,19.793279,-100.155675,53.0,NORTH_AMERICA,Michoacán,2017,7,19,2017-07-19,True,Héctor Cruz-Luna,iNaturalist,http://creativecommons.org/licenses/by-nc/4.0/,Héctor Cruz-Luna,https://inaturalist-open-data.s3.amazonaws.com/photos/9209658/original.jpeg,k-mexico,2024-10-25 13:41:23
original_4413445294_1.jpg,3084567,Sclerocactus nyensis,0.4,"Lampornis clemenciae (R.Lesson, 1830)",2476748,34.52379,-112.463637,28818.0,NORTH_AMERICA,Arizona,2023,9,6,2023-09-06T10:18:07,True,H.M. Hofling,iNaturalist,http://creativecommons.org/licenses/by-nc/4.0/,H.M. Hofling,https://inaturalist-open-data.s3.amazonaws.com/photos/317606794/original.jpg; https://inaturalist-open-data.s3.amazonaws.com/photos/317606814/original.jpg; https://inaturalist-open-data.s3.amazonaws.com/photos/317606833/original.jpg; https://inaturalist-open-data.s3.amazonaws.com/photos/317606855/original.jpg,k-southwestern-u-s-a,2024-10-25 13:41:26
original_4413445294_2.jpg,3033193,Aquilegia eximia,3.078,"Lampornis clemenciae (R.Lesson, 1830)",2476748,34.52379,-112.463637,28818.0,NORTH_AMERICA,Arizona,2023,9,6,2023-09-06T10:18:07,True,H.M. Hofling,iNaturalist,http://creativecommons.org/licenses/by-nc/4.0/,H.M. Hofling,https://inaturalist-open-data.s3.amazonaws.com/photos/317606794/original.jpg; https://inaturalist-open-data.s3.amazonaws.com/photos/317606814/original.jpg; https://inaturalist-open-data.s3.amazonaws.com/photos/317606833/original.jpg; https://inaturalist-open-data.s3.amazonaws.com/photos/317606855/original.jpg,k-southwestern-u-s-a,2024-10-25 13:41:28
original_4413519915_1.jpeg,5372984,Salix bonplandiana,2.436,"Lampornis clemenciae (R.Lesson, 1830)",2476748,31.883168,-109.20525,37.0,NORTH_AMERICA,Arizona,2023,9,3,2023-09-03T19:43,True,Vida Svahnström,iNaturalist,http://creativecommons.org/licenses/by-nc/4.0/,Vida Svahnström,https://inaturalist-open-data.s3.amazonaws.com/photos/317641245/original.jpeg,k-southwestern-u-s-a,2024-10-25 13:41:34
original_4413522288_1.jpg,5290299,Elymus repens,2.785,"Lampornis clemenciae (R.Lesson, 1830)",2476748,31.904553,-109.156105,1.0,NORTH_AMERICA,Arizona,2023,8,14,2023-08-14T18:14:54,True,cgerry,iNaturalist,http://creativecommons.org/licenses/by-nc/4.0/,cgerry,https://inaturalist-open-data.s3.amazonaws.com/photos/317753931/original.jpg; https://inaturalist-open-data.s3.amazonaws.com/photos/317753952/original.jpg; https://inaturalist-open-data.s3.amazonaws.com/photos/317753975/original.jpg; https://inaturalist-open-data.s3.amazonaws.com/photos/317754011/original.jpg,k-southwestern-u-s-a,2024-10-25 13:41:38
original_4413522288_4.jpg,2705656,Paspalum conjugatum,1.192,"Lampornis clemenciae (R.Lesson, 1830)",2476748,31.904553,-109.156105,1.0,NORTH_AMERICA,Arizona,2023,8,14,2023-08-14T18:14:54,True,cgerry,iNaturalist,http://creativecommons.org/licenses/by-nc/4.0/,cgerry,https://inaturalist-open-data.s3.amazonaws.com/photos/317753931/original.jpg; https://inaturalist-open-data.s3.amazonaws.com/photos/317753952/original.jpg; https://inaturalist-open-data.s3.amazonaws.com/photos/317753975/original.jpg; https://inaturalist-open-data.s3.amazonaws.com/photos/317754011/original.jpg,k-southwestern-u-s-a,2024-10-25 13:41:45
original_4413608305_1.jpeg,5305033,Kniphofia uvaria,3.1550000000000002,"Lampornis clemenciae (R.Lesson, 1830)",2476748,19.793316,-100.155659,61.0,NORTH_AMERICA,Michoacán,2017,7,19,2017-07-19,True,Héctor Cruz-Luna,iNaturalist,http://creativecommons.org/licenses/by-nc/4.0/,Héctor Cruz-Luna,https://inaturalist-open-data.s3.amazonaws.com/photos/9209700/original.jpeg,k-mexico,2024-10-25 13:41:47
original_4413636122_1.jpeg,3172371,Fraxinus uhdei,41.598,"Lampornis clemenciae (R.Lesson, 1830)",2476748,25.367107,-100.621557,8.0,NORTH_AMERICA,Coahuila,2023,8,30,2023-08-30T18:05,True,Pedro B. Dávila Valdés,iNaturalist,http://creativecommons.org/licenses/by-nc/4.0/,Pedro B. Dávila Valdés,https://inaturalist-open-data.s3.amazonaws.com/photos/317666358/original.jpeg,k-mexico,2024-10-25 13:41:50
original_4413695052_1.jpeg,5372984,Salix bonplandiana,0.18,"Lampornis clemenciae (R.Lesson, 1830)",2476748,31.883294,-109.205192,8.0,NORTH_AMERICA,Arizona,2023,9,3,2023-09-03T16:00,True,Bridget Spencer,iNaturalist,http://creativecommons.org/licenses/by-nc/4.0/,Bridget Spencer,https://inaturalist-open-data.s3.amazonaws.com/photos/318254896/original.jpeg,k-southwestern-u-s-a,2024-10-25 13:41:52
original_4413714645_1.jpeg,5285172,Pinus cembroides,8.478,"Lampornis clemenciae (R.Lesson, 1830)",2476748,31.88447,-109.17662,42.0,NORTH_AMERICA,Arizona,2023,5,21,2023-05-21T11:47,True,Marco Mora,iNaturalist,http://creativecommons.org/licenses/by-nc/4.0/,Marco Mora,https://inaturalist-open-data.s3.amazonaws.com/photos/317883716/original.jpeg; https://inaturalist-open-data.s3.amazonaws.com/photos/317884165/original.jpeg,k-southwestern-u-s-a,2024-10-25 13:41:55
original_4413934659_2.jpg,2882564,Arctostaphylos pallida,0.692,"Lampornis clemenciae (R.Lesson, 1830)",2476748,31.904517,-109.156003,2.0,NORTH_AMERICA,Arizona,2023,8,26,2023-08-26T14:57,True,Max Roberts,iNaturalist,http://creativecommons.org/licenses/by-nc/4.0/,Max Roberts,https://inaturalist-open-data.s3.amazonaws.com/photos/317750591/original.jpg; https://inaturalist-open-data.s3.amazonaws.com/photos/317750630/original.jpg; https://inaturalist-open-data.s3.amazonaws.com/photos/317750681/original.jpg,k-southwestern-u-s-a,2024-10-25 13:42:11
original_4414040484_1.jpeg,5290087,Alopecurus arundinaceus,1.369,"Lampornis clemenciae (R.Lesson, 1830)",2476748,31.885511,-109.175753,61.0,NORTH_AMERICA,Arizona,2022,7,21,2022-07-21T14:36,True,ALAN SANKEY,iNaturalist,http://creativecommons.org/licenses/by-nc/4.0/,ALAN SANKEY,https://inaturalist-open-data.s3.amazonaws.com/photos/319139552/original.jpeg,k-southwestern-u-s-a,2024-10-25 13:42:17
original_4414158402_1.jpeg,5372984,Salix bonplandiana,1.522,"Lampornis clemenciae (R.Lesson, 1830)",2476748,31.883294,-109.205192,8.0,NORTH_AMERICA,Arizona,2023,9,3,2023-09-03T11:11,True,Bridget Spencer,iNaturalist,http://creativecommons.org/licenses/by-nc/4.0/,Bridget Spencer,https://inaturalist-open-data.s3.amazonaws.com/photos/318254796/original.jpeg; https://inaturalist-open-data.s3.amazonaws.com/photos/318254825/original.jpeg,k-southwestern-u-s-a,2024-10-25 13:42:21
original_4414217536_1.jpg,5285090,Pinus patula,8.27,"Lampornis clemenciae (R.Lesson, 1830)",2476748,19.745919,-97.246339,4.0,NORTH_AMERICA,Veracruz,2023,7,22,2023-07-22T18:19,True,zahir santillan,iNaturalist,http://creativecommons.org/licenses/by-nc/4.0/,zahir santillan,https://inaturalist-open-data.s3.amazonaws.com/photos/320092828/original.jpg,k-mexico,2024-10-25 13:42:28
original_4414389319_1.jpeg,4092242,Handroanthus impetiginosus,10.072000000000001,"Lampornis clemenciae (R.Lesson, 1830)",2476748,17.283826,-97.377672,2624.0,NORTH_AMERICA,Oaxaca,2023,9,19,2023-09-19T09:44:43,True,Juan Manuel Carmona,iNaturalist,http://creativecommons.org/licenses/by-nc/4.0/,Juan Manuel Carmona,https://inaturalist-open-data.s3.amazonaws.com/photos/321178209/original.jpeg,k-mexico,2024-10-25 13:42:34
original_4416827348_1.jpeg,2713460,Cyperus distans,3.8080000000000003,"Lampornis clemenciae (R.Lesson, 1830)",2476748,17.437287,-97.344904,908.0,NORTH_AMERICA,Oaxaca,2022,10,23,2022-10-23T09:04:28,True,Juan Manuel Carmona,iNaturalist,http://creativecommons.org/licenses/by-nc/4.0/,Juan Manuel Carmona,https://inaturalist-open-data.s3.amazonaws.com/photos/239174995/original.jpeg,k-mexico,2024-10-25 13:42:41
original_4416939852_1.jpg,4142909,Rhipidocladum racemiflorum,1.755,"Lampornis clemenciae (R.Lesson, 1830)",2476748,19.745919,-97.246339,4.0,NORTH_AMERICA,Veracruz,2023,7,22,2023-07-22T18:13,True,zahir santillan,iNaturalist,http://creativecommons.org/licenses/by-nc/4.0/,zahir santillan,https://inaturalist-open-data.s3.amazonaws.com/photos/320092817/original.jpg,k-mexico,2024-10-25 13:42:43
original_4420707772_1.jpeg,2792457,Polystachya concreta,7.5009999999999994,"Lampornis clemenciae (R.Lesson, 1830)",2476748,19.51412,-98.838581,228.0,NORTH_AMERICA,México,2023,9,5,2023-09-05T09:27:19,True,Estefani De Leon Siller,iNaturalist,http://creativecommons.org/licenses/by-nc/4.0/,Estefani De Leon Siller,https://inaturalist-open-data.s3.amazonaws.com/photos/323229747/original.jpeg,k-mexico,2024-10-25 13:42:46
original_4420734531_1.jpg,5372838,Salix laevigata,0.481,"Lampornis clemenciae (R.Lesson, 1830)",2476748,31.883272,-109.205179,11.0,NORTH_AMERICA,Arizona,2023,9,3,2023-09-03T15:39,True,Grigory Heaton,iNaturalist,http://creativecommons.org/licenses/by-nc/4.0/,Grigory Heaton,https://inaturalist-open-data.s3.amazonaws.com/photos/324115026/original.jpg; https://inaturalist-open-data.s3.amazonaws.com/photos/324115051/original.jpg; https://inaturalist-open-data.s3.amazonaws.com/photos/324115064/original.jpg,k-southwestern-u-s-a,2024-10-25 13:42:48
original_4420734531_2.jpg,5372984,Salix bonplandiana,0.241,"Lampornis clemenciae (R.Lesson, 1830)",2476748,31.883272,-109.205179,11.0,NORTH_AMERICA,Arizona,2023,9,3,2023-09-03T15:39,True,Grigory Heaton,iNaturalist,http://creativecommons.org/licenses/by-nc/4.0/,Grigory Heaton,https://inaturalist-open-data.s3.amazonaws.com/photos/324115026/original.jpg; https://inaturalist-open-data.s3.amazonaws.com/photos/324115051/original.jpg; https://inaturalist-open-data.s3.amazonaws.com/photos/324115064/original.jpg,k-southwestern-u-s-a,2024-10-25 13:42:51
original_4420734531_3.jpg,5372838,Salix laevigata,1.045,"Lampornis clemenciae (R.Lesson, 1830)",2476748,31.883272,-109.205179,11.0,NORTH_AMERICA,Arizona,2023,9,3,2023-09-03T15:39,True,Grigory Heaton,iNaturalist,http://creativecommons.org/licenses/by-nc/4.0/,Grigory Heaton,https://inaturalist-open-data.s3.amazonaws.com/photos/324115026/original.jpg; https://inaturalist-open-data.s3.amazonaws.com/photos/324115051/original.jpg; https://inaturalist-open-data.s3.amazonaws.com/photos/324115064/original.jpg,k-southwestern-u-s-a,2024-10-25 13:42:53
original_4421264832_1.jpg,5372984,Salix bonplandiana,1.1440000000000001,"Lampornis clemenciae (R.Lesson, 1830)",2476748,31.883301,-109.20519,14.0,NORTH_AMERICA,Arizona,2023,9,3,2023-09-03T09:59,True,Grigory Heaton,iNaturalist,http://creativecommons.org/licenses/by-nc/4.0/,Grigory Heaton,https://inaturalist-open-data.s3.amazonaws.com/photos/323989460/original.jpg; https://inaturalist-open-data.s3.amazonaws.com/photos/323989470/original.jpg,k-southwestern-u-s-a,2024-10-25 13:43:04
original_4424078043_1.jpg,7152132,Passiflora tripartita,5.402,"Lampornis clemenciae (R.Lesson, 1830)",2476748,17.142879,-96.61103,524.0,NORTH_AMERICA,Oaxaca,2022,9,9,2022-09-09T13:18,True,Michael Berg,iNaturalist,http://creativecommons.org/licenses/by-nc/4.0/,Michael Berg,https://inaturalist-open-data.s3.amazonaws.com/photos/323385233/original.jpg,k-mexico,2024-10-25 13:43:08
original_4424169953_1.jpg,Unknown,Unknown,0,"Lampornis clemenciae (R.Lesson, 1830)",2476748,17.142879,-96.61103,524.0,NORTH_AMERICA,Oaxaca,2022,9,3,2022-09-03T14:15,True,Michael Berg,iNaturalist,http://creativecommons.org/licenses/by-nc/4.0/,Michael Berg,https://inaturalist-open-data.s3.amazonaws.com/photos/323385423/original.jpg,k-mexico,2024-10-25 13:43:10
original_4424190989_1.jpg,5285090,Pinus patula,24.595,"Lampornis clemenciae (R.Lesson, 1830)",2476748,17.142879,-96.61103,524.0,NORTH_AMERICA,Oaxaca,2022,8,4,2022-08-04T10:59,True,Michael Berg,iNaturalist,http://creativecommons.org/licenses/by-nc/4.0/,Michael Berg,https://inaturalist-open-data.s3.amazonaws.com/photos/323385418/original.jpg,k-mexico,2024-10-25 13:43:13
original_4424241036_1.jpg,3063705,Hippomane mancinella,1.194,"Lampornis clemenciae (R.Lesson, 1830)",2476748,17.142879,-96.61103,524.0,NORTH_AMERICA,Oaxaca,2022,8,17,2022-08-17T12:58,True,Michael Berg,iNaturalist,http://creativecommons.org/licenses/by-nc/4.0/,Michael Berg,https://inaturalist-open-data.s3.amazonaws.com/photos/323385413/original.jpg,k-mexico,2024-10-25 13:43:16
original_4424437785_1.jpg,2650637,Asplenium monanthes,1.533,"Lampornis clemenciae (R.Lesson, 1830)",2476748,17.142879,-96.61103,524.0,NORTH_AMERICA,Oaxaca,2022,9,9,2022-09-09T13:22,True,Michael Berg,iNaturalist,http://creativecommons.org/licenses/by-nc/4.0/,Michael Berg,https://inaturalist-open-data.s3.amazonaws.com/photos/323384484/original.jpg,k-mexico,2024-10-25 13:43:20
original_4424481057_1.jpg,5285621,Pinus monticola,16.348,"Lampornis clemenciae (R.Lesson, 1830)",2476748,32.410398,-110.714673,189.0,NORTH_AMERICA,Arizona,2023,8,2,2023-08-02T11:55,True,Gaelen Schnare,iNaturalist,http://creativecommons.org/licenses/by-nc/4.0/,Gaelen Schnare,https://inaturalist-open-data.s3.amazonaws.com/photos/326096525/original.jpg,k-southwestern-u-s-a,2024-10-25 13:43:25
original_4424667362_1.jpeg,7303342,Begonia glabra,3.229,"Lampornis clemenciae (R.Lesson, 1830)",2476748,19.219147,-99.200595,1918.0,NORTH_AMERICA,Distrito Federal,2023,10,9,2023-10-09T09:22,True,Anayeli Guzmán Enríquez,iNaturalist,http://creativecommons.org/licenses/by-nc/4.0/,Anayeli Guzmán Enríquez,https://inaturalist-open-data.s3.amazonaws.com/photos/326846141/original.jpeg,k-mexico,2024-10-25 13:43:28
original_4430584394_1.jpeg,2878540,Quercus crassifolia,27.949,"Lampornis clemenciae (R.Lesson, 1830)",2476748,20.171129,-100.165213,2.0,NORTH_AMERICA,Querétaro,2023,10,8,2023-10-08T08:47,True,Adrián g,iNaturalist,http://creativecommons.org/licenses/by-nc/4.0/,Adrián g,https://inaturalist-open-data.s3.amazonaws.com/photos/327433524/original.jpeg; https://inaturalist-open-data.s3.amazonaws.com/photos/327433537/original.jpeg,k-mexico,2024-10-25 13:43:30
original_4430584394_2.jpeg,2878540,Quercus crassifolia,4.71,"Lampornis clemenciae (R.Lesson, 1830)",2476748,20.171129,-100.165213,2.0,NORTH_AMERICA,Querétaro,2023,10,8,2023-10-08T08:47,True,Adrián g,iNaturalist,http://creativecommons.org/licenses/by-nc/4.0/,Adrián g,https://inaturalist-open-data.s3.amazonaws.com/photos/327433524/original.jpeg; https://inaturalist-open-data.s3.amazonaws.com/photos/327433537/original.jpeg,k-mexico,2024-10-25 13:43:32
original_4430667632_1.jpg,2754606,Dioscorea spiculiflora,20.791999999999998,"Lampornis clemenciae (R.Lesson, 1830)",2476748,20.34568,-102.792824,21.0,NORTH_AMERICA,Jalisco,2023,10,15,2023-10-15T09:12,True,Roberto Puga,iNaturalist,http://creativecommons.org/licenses/by-nc/4.0/,Roberto Puga,https://inaturalist-open-data.s3.amazonaws.com/photos/328254235/original.jpg,k-mexico,2024-10-25 13:43:35
original_4430686685_1.jpg,2767031,Agave americana,24.126,"Lampornis clemenciae (R.Lesson, 1830)",2476748,17.470435,-97.334285,3906.0,NORTH_AMERICA,Oaxaca,2023,7,4,2023-07-04T07:40,True,Kike Heredia (Birding Tours),iNaturalist,http://creativecommons.org/licenses/by-nc/4.0/,Kike Heredia (Birding Tours),https://inaturalist-open-data.s3.amazonaws.com/photos/329100742/original.jpg,k-mexico,2024-10-25 13:43:37
original_4431021071_10.jpeg,5285764,Pinus torreyana,5.444,"Lampornis clemenciae bessophilus (Oberholser, 1918)",2476748,32.410492,-110.714584,4.0,NORTH_AMERICA,Arizona,2023,8,10,2023-08-10T10:45,True,Sequoia Janirella Wrens,iNaturalist,http://creativecommons.org/licenses/by-nc/4.0/,Sequoia Janirella Wrens,https://inaturalist-open-data.s3.amazonaws.com/photos/327248693/original.jpeg; https://inaturalist-open-data.s3.amazonaws.com/photos/327248708/original.jpeg; https://inaturalist-open-data.s3.amazonaws.com/photos/327248711/original.jpeg; https://inaturalist-open-data.s3.amazonaws.com/photos/327248747/original.jpeg; https://inaturalist-open-data.s3.amazonaws.com/photos/327249240/original.jpeg; https://inaturalist-open-data.s3.amazonaws.com/photos/327249277/original.jpeg; https://inaturalist-open-data.s3.amazonaws.com/photos/327249292/original.jpeg; https://inaturalist-open-data.s3.amazonaws.com/photos/327249295/original.jpeg; https://inaturalist-open-data.s3.amazonaws.com/photos/327249312/original.jpeg; https://inaturalist-open-data.s3.amazonaws.com/photos/327249328/original.jpeg; https://inaturalist-open-data.s3.amazonaws.com/photos/327249334/original.jpeg; https://inaturalist-open-data.s3.amazonaws.com/photos/327249363/original.jpeg; https://inaturalist-open-data.s3.amazonaws.com/photos/327249380/original.jpeg; https://inaturalist-open-data.s3.amazonaws.com/photos/327249395/original.jpeg; https://inaturalist-open-data.s3.amazonaws.com/photos/327249431/original.jpeg; https://inaturalist-open-data.s3.amazonaws.com/photos/327249449/original.jpeg,k-southwestern-u-s-a,2024-10-25 13:43:42
original_4431021071_12.jpeg,5285764,Pinus torreyana,9.09,"Lampornis clemenciae bessophilus (Oberholser, 1918)",2476748,32.410492,-110.714584,4.0,NORTH_AMERICA,Arizona,2023,8,10,2023-08-10T10:45,True,Sequoia Janirella Wrens,iNaturalist,http://creativecommons.org/licenses/by-nc/4.0/,Sequoia Janirella Wrens,https://inaturalist-open-data.s3.amazonaws.com/photos/327248693/original.jpeg; https://inaturalist-open-data.s3.amazonaws.com/photos/327248708/original.jpeg; https://inaturalist-open-data.s3.amazonaws.com/photos/327248711/original.jpeg; https://inaturalist-open-data.s3.amazonaws.com/photos/327248747/original.jpeg; https://inaturalist-open-data.s3.amazonaws.com/photos/327249240/original.jpeg; https://inaturalist-open-data.s3.amazonaws.com/photos/327249277/original.jpeg; https://inaturalist-open-data.s3.amazonaws.com/photos/327249292/original.jpeg; https://inaturalist-open-data.s3.amazonaws.com/photos/327249295/original.jpeg; https://inaturalist-open-data.s3.amazonaws.com/photos/327249312/original.jpeg; https://inaturalist-open-data.s3.amazonaws.com/photos/327249328/original.jpeg; https://inaturalist-open-data.s3.amazonaws.com/photos/327249334/original.jpeg; https://inaturalist-open-data.s3.amazonaws.com/photos/327249363/original.jpeg; https://inaturalist-open-data.s3.amazonaws.com/photos/327249380/original.jpeg; https://inaturalist-open-data.s3.amazonaws.com/photos/327249395/original.jpeg; https://inaturalist-open-data.s3.amazonaws.com/photos/327249431/original.jpeg; https://inaturalist-open-data.s3.amazonaws.com/photos/327249449/original.jpeg,k-southwestern-u-s-a,2024-10-25 13:43:46
original_4431021071_16.jpeg,5285764,Pinus torreyana,9.479,"Lampornis clemenciae bessophilus (Oberholser, 1918)",2476748,32.410492,-110.714584,4.0,NORTH_AMERICA,Arizona,2023,8,10,2023-08-10T10:45,True,Sequoia Janirella Wrens,iNaturalist,http://creativecommons.org/licenses/by-nc/4.0/,Sequoia Janirella Wrens,https://inaturalist-open-data.s3.amazonaws.com/photos/327248693/original.jpeg; https://inaturalist-open-data.s3.amazonaws.com/photos/327248708/original.jpeg; https://inaturalist-open-data.s3.amazonaws.com/photos/327248711/original.jpeg; https://inaturalist-open-data.s3.amazonaws.com/photos/327248747/original.jpeg; https://inaturalist-open-data.s3.amazonaws.com/photos/327249240/original.jpeg; https://inaturalist-open-data.s3.amazonaws.com/photos/327249277/original.jpeg; https://inaturalist-open-data.s3.amazonaws.com/photos/327249292/original.jpeg; https://inaturalist-open-data.s3.amazonaws.com/photos/327249295/original.jpeg; https://inaturalist-open-data.s3.amazonaws.com/photos/327249312/original.jpeg; https://inaturalist-open-data.s3.amazonaws.com/photos/327249328/original.jpeg; https://inaturalist-open-data.s3.amazonaws.com/photos/327249334/original.jpeg; https://inaturalist-open-data.s3.amazonaws.com/photos/327249363/original.jpeg; https://inaturalist-open-data.s3.amazonaws.com/photos/327249380/original.jpeg; https://inaturalist-open-data.s3.amazonaws.com/photos/327249395/original.jpeg; https://inaturalist-open-data.s3.amazonaws.com/photos/327249431/original.jpeg; https://inaturalist-open-data.s3.amazonaws.com/photos/327249449/original.jpeg,k-southwestern-u-s-a,2024-10-25 13:43:55
original_4431021071_3.jpeg,5285764,Pinus torreyana,3.3970000000000002,"Lampornis clemenciae bessophilus (Oberholser, 1918)",2476748,32.410492,-110.714584,4.0,NORTH_AMERICA,Arizona,2023,8,10,2023-08-10T10:45,True,Sequoia Janirella Wrens,iNaturalist,http://creativecommons.org/licenses/by-nc/4.0/,Sequoia Janirella Wrens,https://inaturalist-open-data.s3.amazonaws.com/photos/327248693/original.jpeg; https://inaturalist-open-data.s3.amazonaws.com/photos/327248708/original.jpeg; https://inaturalist-open-data.s3.amazonaws.com/photos/327248711/original.jpeg; https://inaturalist-open-data.s3.amazonaws.com/photos/327248747/original.jpeg; https://inaturalist-open-data.s3.amazonaws.com/photos/327249240/original.jpeg; https://inaturalist-open-data.s3.amazonaws.com/photos/327249277/original.jpeg; https://inaturalist-open-data.s3.amazonaws.com/photos/327249292/original.jpeg; https://inaturalist-open-data.s3.amazonaws.com/photos/327249295/original.jpeg; https://inaturalist-open-data.s3.amazonaws.com/photos/327249312/original.jpeg; https://inaturalist-open-data.s3.amazonaws.com/photos/327249328/original.jpeg; https://inaturalist-open-data.s3.amazonaws.com/photos/327249334/original.jpeg; https://inaturalist-open-data.s3.amazonaws.com/photos/327249363/original.jpeg; https://inaturalist-open-data.s3.amazonaws.com/photos/327249380/original.jpeg; https://inaturalist-open-data.s3.amazonaws.com/photos/327249395/original.jpeg; https://inaturalist-open-data.s3.amazonaws.com/photos/327249431/original.jpeg; https://inaturalist-open-data.s3.amazonaws.com/photos/327249449/original.jpeg,k-southwestern-u-s-a,2024-10-25 13:43:59
original_4431021071_7.jpeg,5285058,Pinus engelmannii,10.625,"Lampornis clemenciae bessophilus (Oberholser, 1918)",2476748,32.410492,-110.714584,4.0,NORTH_AMERICA,Arizona,2023,8,10,2023-08-10T10:45,True,Sequoia Janirella Wrens,iNaturalist,http://creativecommons.org/licenses/by-nc/4.0/,Sequoia Janirella Wrens,https://inaturalist-open-data.s3.amazonaws.com/photos/327248693/original.jpeg; https://inaturalist-open-data.s3.amazonaws.com/photos/327248708/original.jpeg; https://inaturalist-open-data.s3.amazonaws.com/photos/327248711/original.jpeg; https://inaturalist-open-data.s3.amazonaws.com/photos/327248747/original.jpeg; https://inaturalist-open-data.s3.amazonaws.com/photos/327249240/original.jpeg; https://inaturalist-open-data.s3.amazonaws.com/photos/327249277/original.jpeg; https://inaturalist-open-data.s3.amazonaws.com/photos/327249292/original.jpeg; https://inaturalist-open-data.s3.amazonaws.com/photos/327249295/original.jpeg; https://inaturalist-open-data.s3.amazonaws.com/photos/327249312/original.jpeg; https://inaturalist-open-data.s3.amazonaws.com/photos/327249328/original.jpeg; https://inaturalist-open-data.s3.amazonaws.com/photos/327249334/original.jpeg; https://inaturalist-open-data.s3.amazonaws.com/photos/327249363/original.jpeg; https://inaturalist-open-data.s3.amazonaws.com/photos/327249380/original.jpeg; https://inaturalist-open-data.s3.amazonaws.com/photos/327249395/original.jpeg; https://inaturalist-open-data.s3.amazonaws.com/photos/327249431/original.jpeg; https://inaturalist-open-data.s3.amazonaws.com/photos/327249449/original.jpeg,k-southwestern-u-s-a,2024-10-25 13:44:07
original_4440792991_1.jpg,5420901,Punica granatum,2.619,"Lampornis clemenciae (R.Lesson, 1830)",2476748,31.9045,-109.156018,51.0,NORTH_AMERICA,Arizona,2023,11,8,2023-11-08T08:28:04,True,Susan Fawcett,iNaturalist,http://creativecommons.org/licenses/by-nc/4.0/,Susan Fawcett,https://inaturalist-open-data.s3.amazonaws.com/photos/334012145/original.jpg; https://inaturalist-open-data.s3.amazonaws.com/photos/334012168/original.jpg; https://inaturalist-open-data.s3.amazonaws.com/photos/334012191/original.jpg; https://inaturalist-open-data.s3.amazonaws.com/photos/334012214/original.jpg,k-southwestern-u-s-a,2024-10-25 13:44:29
original_4440792991_2.jpg,5420901,Punica granatum,1.281,"Lampornis clemenciae (R.Lesson, 1830)",2476748,31.9045,-109.156018,51.0,NORTH_AMERICA,Arizona,2023,11,8,2023-11-08T08:28:04,True,Susan Fawcett,iNaturalist,http://creativecommons.org/licenses/by-nc/4.0/,Susan Fawcett,https://inaturalist-open-data.s3.amazonaws.com/photos/334012145/original.jpg; https://inaturalist-open-data.s3.amazonaws.com/photos/334012168/original.jpg; https://inaturalist-open-data.s3.amazonaws.com/photos/334012191/original.jpg; https://inaturalist-open-data.s3.amazonaws.com/photos/334012214/original.jpg,k-southwestern-u-s-a,2024-10-25 13:44:31
original_4440792991_3.jpg,5420901,Punica granatum,2.727,"Lampornis clemenciae (R.Lesson, 1830)",2476748,31.9045,-109.156018,51.0,NORTH_AMERICA,Arizona,2023,11,8,2023-11-08T08:28:04,True,Susan Fawcett,iNaturalist,http://creativecommons.org/licenses/by-nc/4.0/,Susan Fawcett,https://inaturalist-open-data.s3.amazonaws.com/photos/334012145/original.jpg; https://inaturalist-open-data.s3.amazonaws.com/photos/334012168/original.jpg; https://inaturalist-open-data.s3.amazonaws.com/photos/334012191/original.jpg; https://inaturalist-open-data.s3.amazonaws.com/photos/334012214/original.jpg,k-southwestern-u-s-a,2024-10-25 13:44:34
original_4440792991_4.jpg,5420901,Punica granatum,8.298,"Lampornis clemenciae (R.Lesson, 1830)",2476748,31.9045,-109.156018,51.0,NORTH_AMERICA,Arizona,2023,11,8,2023-11-08T08:28:04,True,Susan Fawcett,iNaturalist,http://creativecommons.org/licenses/by-nc/4.0/,Susan Fawcett,https://inaturalist-open-data.s3.amazonaws.com/photos/334012145/original.jpg; https://inaturalist-open-data.s3.amazonaws.com/photos/334012168/original.jpg; https://inaturalist-open-data.s3.amazonaws.com/photos/334012191/original.jpg; https://inaturalist-open-data.s3.amazonaws.com/photos/334012214/original.jpg,k-southwestern-u-s-a,2024-10-25 13:44:36
original_4440827166_1.png,2695588,Tillandsia recurvata,2.35,"Lampornis clemenciae (R.Lesson, 1830)",2476748,29.24165,-103.296974,8.0,NORTH_AMERICA,Texas,2023,5,11,2023-05-11T10:40,True,Brady Schwab,iNaturalist,http://creativecommons.org/licenses/by-nc/4.0/,Brady Schwab,https://inaturalist-open-data.s3.amazonaws.com/photos/334826972/original.png,k-south-central-u-s-a,2024-10-25 13:44:39
original_4453799142_1.jpeg,5285727,Pinus radiata,3.318,"Lampornis clemenciae (R.Lesson, 1830)",2476748,19.200837,-100.119528,31.0,NORTH_AMERICA,México,2023,10,26,2023-10-26T08:14,True,Marco_Bautista99,iNaturalist,http://creativecommons.org/licenses/by-nc/4.0/,Marco_Bautista99,https://inaturalist-open-data.s3.amazonaws.com/photos/331102540/original.jpeg,k-mexico,2024-10-25 13:44:49
original_4458329247_1.jpeg,4204358,Cobaea scandens,31.354,"Lampornis clemenciae (R.Lesson, 1830)",2476748,19.253274,-99.192734,207.0,NORTH_AMERICA,Distrito Federal,2023,10,1,2023-10-01T14:31,True,Jesus Rodriguez,iNaturalist,http://creativecommons.org/licenses/by-nc/4.0/,Jesus Rodriguez,https://inaturalist-open-data.s3.amazonaws.com/photos/324881068/original.jpeg; https://inaturalist-open-data.s3.amazonaws.com/photos/324881070/original.jpeg,k-mexico,2024-10-25 13:45:06
original_4458329247_2.jpeg,4204358,Cobaea scandens,62.989,"Lampornis clemenciae (R.Lesson, 1830)",2476748,19.253274,-99.192734,207.0,NORTH_AMERICA,Distrito Federal,2023,10,1,2023-10-01T14:31,True,Jesus Rodriguez,iNaturalist,http://creativecommons.org/licenses/by-nc/4.0/,Jesus Rodriguez,https://inaturalist-open-data.s3.amazonaws.com/photos/324881068/original.jpeg; https://inaturalist-open-data.s3.amazonaws.com/photos/324881070/original.jpeg,k-mexico,2024-10-25 13:45:08
original_4458334164_1.jpg,Unknown,Unknown,0,"Lampornis clemenciae (R.Lesson, 1830)",2476748,17.142879,-96.61103,524.0,NORTH_AMERICA,Oaxaca,2022,9,3,2022-09-03T14:06,True,Michael Berg,iNaturalist,http://creativecommons.org/licenses/by-nc/4.0/,Michael Berg,https://inaturalist-open-data.s3.amazonaws.com/photos/323382597/original.jpg,k-mexico,2024-10-25 13:45:11
original_4458666639_1.jpeg,3040215,Populus tremuloides,0.758,"Lampornis clemenciae (R.Lesson, 1830)",2476748,31.913701,-109.14145,1848.0,NORTH_AMERICA,Arizona,2023,11,28,2023-11-28T09:02:01,True,rjkrd1,iNaturalist,http://creativecommons.org/licenses/by-nc/4.0/,rjkrd1,https://inaturalist-open-data.s3.amazonaws.com/photos/337970922/original.jpeg; https://inaturalist-open-data.s3.amazonaws.com/photos/337970948/original.jpeg,k-southwestern-u-s-a,2024-10-25 13:45:14
original_4458666639_2.jpeg,3040215,Populus tremuloides,1.973,"Lampornis clemenciae (R.Lesson, 1830)",2476748,31.913701,-109.14145,1848.0,NORTH_AMERICA,Arizona,2023,11,28,2023-11-28T09:02:01,True,rjkrd1,iNaturalist,http://creativecommons.org/licenses/by-nc/4.0/,rjkrd1,https://inaturalist-open-data.s3.amazonaws.com/photos/337970922/original.jpeg; https://inaturalist-open-data.s3.amazonaws.com/photos/337970948/original.jpeg,k-southwestern-u-s-a,2024-10-25 13:45:16
original_4465657105_1.jpg,5289423,Typha latifolia,2.984,"Lampornis clemenciae (R.Lesson, 1830)",2476748,31.904196,-109.156156,,NORTH_AMERICA,Arizona,2022,12,29,2022-12-29T15:11,True,Adam Jackson,iNaturalist,http://creativecommons.org/publicdomain/zero/1.0/,Adam Jackson,https://inaturalist-open-data.s3.amazonaws.com/photos/339609711/original.jpg,k-southwestern-u-s-a,2024-10-25 13:45:29
original_4465658003_1.jpg,5304137,Triteleia grandiflora,1.9529999999999998,"Lampornis clemenciae (R.Lesson, 1830)",2476748,31.725151,-110.880107,,NORTH_AMERICA,Arizona,2019,1,30,2019-01-30T16:31,True,Adam Jackson,iNaturalist,http://creativecommons.org/publicdomain/zero/1.0/,Adam Jackson,https://inaturalist-open-data.s3.amazonaws.com/photos/339582428/original.jpg,k-southwestern-u-s-a,2024-10-25 13:45:32
original_4465703798_1.jpeg,2694789,Tillandsia flabellata,1.533,"Lampornis clemenciae (R.Lesson, 1830)",2476748,19.513145,-98.839473,192.0,NORTH_AMERICA,México,2023,9,5,2023-09-05T09:27,True,Estefani De Leon Siller,iNaturalist,http://creativecommons.org/licenses/by-nc/4.0/,Estefani De Leon Siller,https://inaturalist-open-data.s3.amazonaws.com/photos/339493547/original.jpeg,k-mexico,2024-10-25 13:45:34
original_4465762397_1.jpeg,2964734,Eysenhardtia texana,0.9249999999999999,"Lampornis clemenciae (R.Lesson, 1830)",2476748,17.200375,-96.590178,,NORTH_AMERICA,Oaxaca,2023,12,6,2023-12-06T13:41:59,True,Brodie Cass Talbott,iNaturalist,http://creativecommons.org/licenses/by-nc/4.0/,Brodie Cass Talbott,https://inaturalist-open-data.s3.amazonaws.com/photos/339794812/original.jpeg,k-mexico,2024-10-25 13:45:36
original_4500459838_1.jpeg,2775782,Yucca mixtecana,4.21,"Lampornis clemenciae (R.Lesson, 1830)",2476748,25.243594,-100.837703,4.0,NORTH_AMERICA,Coahuila,2022,7,28,2022-07-28T13:40,True,Jesús Niño C.,iNaturalist,http://creativecommons.org/licenses/by-nc/4.0/,Jesús Niño C.,https://inaturalist-open-data.s3.amazonaws.com/photos/221995972/original.jpeg; https://inaturalist-open-data.s3.amazonaws.com/photos/221995995/original.jpeg,k-mexico,2024-10-25 13:45:39
original_4500459838_2.jpeg,2775782,Yucca mixtecana,6.7379999999999995,"Lampornis clemenciae (R.Lesson, 1830)",2476748,25.243594,-100.837703,4.0,NORTH_AMERICA,Coahuila,2022,7,28,2022-07-28T13:40,True,Jesús Niño C.,iNaturalist,http://creativecommons.org/licenses/by-nc/4.0/,Jesús Niño C.,https://inaturalist-open-data.s3.amazonaws.com/photos/221995972/original.jpeg; https://inaturalist-open-data.s3.amazonaws.com/photos/221995995/original.jpeg,k-mexico,2024-10-25 13:45:41
original_4500626636_1.jpeg,5285621,Pinus monticola,38.705,"Lampornis clemenciae (R.Lesson, 1830)",2476748,31.913703,-109.141449,1841.0,NORTH_AMERICA,Arizona,2023,4,6,2023-04-06T14:29,True,maymurphy,iNaturalist,http://creativecommons.org/licenses/by-nc/4.0/,maymurphy,https://inaturalist-open-data.s3.amazonaws.com/photos/341035051/original.jpeg; https://inaturalist-open-data.s3.amazonaws.com/photos/341035074/original.jpeg; https://inaturalist-open-data.s3.amazonaws.com/photos/341035100/original.jpeg,k-southwestern-u-s-a,2024-10-25 13:45:44
original_4500626636_2.jpeg,5285621,Pinus monticola,64.818,"Lampornis clemenciae (R.Lesson, 1830)",2476748,31.913703,-109.141449,1841.0,NORTH_AMERICA,Arizona,2023,4,6,2023-04-06T14:29,True,maymurphy,iNaturalist,http://creativecommons.org/licenses/by-nc/4.0/,maymurphy,https://inaturalist-open-data.s3.amazonaws.com/photos/341035051/original.jpeg; https://inaturalist-open-data.s3.amazonaws.com/photos/341035074/original.jpeg; https://inaturalist-open-data.s3.amazonaws.com/photos/341035100/original.jpeg,k-southwestern-u-s-a,2024-10-25 13:45:46
original_4500626636_3.jpeg,5285501,Pinus monophylla,3.5450000000000004,"Lampornis clemenciae (R.Lesson, 1830)",2476748,31.913703,-109.141449,1841.0,NORTH_AMERICA,Arizona,2023,4,6,2023-04-06T14:29,True,maymurphy,iNaturalist,http://creativecommons.org/licenses/by-nc/4.0/,maymurphy,https://inaturalist-open-data.s3.amazonaws.com/photos/341035051/original.jpeg; https://inaturalist-open-data.s3.amazonaws.com/photos/341035074/original.jpeg; https://inaturalist-open-data.s3.amazonaws.com/photos/341035100/original.jpeg,k-southwestern-u-s-a,2024-10-25 13:45:48
original_4506304468_1.jpg,2887069,Sideroxylon lanuginosum,3.047,"Lampornis clemenciae (R.Lesson, 1830)",2476748,31.903943,-109.15665,585.0,NORTH_AMERICA,Arizona,2023,12,19,2023-12-19T09:46:50,True,jessek,iNaturalist,http://creativecommons.org/licenses/by-nc/4.0/,jessek,https://inaturalist-open-data.s3.amazonaws.com/photos/341682068/original.jpg,k-southwestern-u-s-a,2024-10-25 13:45:54
original_4510271597_1.jpeg,3114557,Cirsium occidentale,54.991,"Lampornis clemenciae (R.Lesson, 1830)",2476748,19.278089,-99.283076,26.0,NORTH_AMERICA,Distrito Federal,2022,2,27,2022-02-27T14:22:50,True,Irvin Mendoza Hernández,iNaturalist,http://creativecommons.org/licenses/by-nc/4.0/,Irvin Mendoza Hernández,https://inaturalist-open-data.s3.amazonaws.com/photos/181326026/original.jpeg,k-mexico,2024-10-25 13:46:02
original_4512052072_1.jpeg,5274964,Polypodium hesperium,1.08,"Lampornis clemenciae (R.Lesson, 1830)",2476748,19.335883,-99.297492,10.0,NORTH_AMERICA,Distrito Federal,2023,12,27,2023-12-27T09:36,True,Álvaro San José,iNaturalist,http://creativecommons.org/licenses/by-nc/4.0/,Álvaro San José,https://inaturalist-open-data.s3.amazonaws.com/photos/343106884/original.jpeg; https://inaturalist-open-data.s3.amazonaws.com/photos/343106907/original.jpeg; https://inaturalist-open-data.s3.amazonaws.com/photos/343106947/original.jpeg,k-mexico,2024-10-25 13:46:05
original_4512052072_2.jpeg,7309092,Salvia fulgens,2.108,"Lampornis clemenciae (R.Lesson, 1830)",2476748,19.335883,-99.297492,10.0,NORTH_AMERICA,Distrito Federal,2023,12,27,2023-12-27T09:36,True,Álvaro San José,iNaturalist,http://creativecommons.org/licenses/by-nc/4.0/,Álvaro San José,https://inaturalist-open-data.s3.amazonaws.com/photos/343106884/original.jpeg; https://inaturalist-open-data.s3.amazonaws.com/photos/343106907/original.jpeg; https://inaturalist-open-data.s3.amazonaws.com/photos/343106947/original.jpeg,k-mexico,2024-10-25 13:46:07
original_4512052072_3.jpeg,2982067,Calliandra houstoniana,2.888,"Lampornis clemenciae (R.Lesson, 1830)",2476748,19.335883,-99.297492,10.0,NORTH_AMERICA,Distrito Federal,2023,12,27,2023-12-27T09:36,True,Álvaro San José,iNaturalist,http://creativecommons.org/licenses/by-nc/4.0/,Álvaro San José,https://inaturalist-open-data.s3.amazonaws.com/photos/343106884/original.jpeg; https://inaturalist-open-data.s3.amazonaws.com/photos/343106907/original.jpeg; https://inaturalist-open-data.s3.amazonaws.com/photos/343106947/original.jpeg,k-mexico,2024-10-25 13:46:09
original_4512157975_1.jpeg,5285053,Pinus ponderosa,0.5700000000000001,"Lampornis clemenciae (R.Lesson, 1830)",2476748,31.913703,-109.141449,196.0,NORTH_AMERICA,Arizona,2024,1,9,2024-01-09T14:00,True,sjsherman,iNaturalist,http://creativecommons.org/licenses/by-nc/4.0/,sjsherman,https://inaturalist-open-data.s3.amazonaws.com/photos/345486821/original.jpeg,k-southwestern-u-s-a,2024-10-25 13:46:10
original_4516464983_1.jpg,3147973,Verbesina crocata,1.226,"Lampornis clemenciae (R.Lesson, 1830)",2476748,17.200359,-96.589948,,NORTH_AMERICA,Oaxaca,2023,12,28,2023-12-28T14:12,True,sunny1az,iNaturalist,http://creativecommons.org/licenses/by-nc/4.0/,sunny1az,https://inaturalist-open-data.s3.amazonaws.com/photos/347096827/original.jpg,k-mexico,2024-10-25 13:46:22
original_4519132638_1.jpeg,8368963,Salvia gesneriiflora,94.798,"Lampornis clemenciae (R.Lesson, 1830)",2476748,19.056691,-98.776421,2.0,NORTH_AMERICA,México,2024,1,6,2024-01-06T16:24,True,Daniel Correia,iNaturalist,http://creativecommons.org/licenses/by-nc/4.0/,Daniel Correia,https://inaturalist-open-data.s3.amazonaws.com/photos/348897017/original.jpeg,k-mexico,2024-10-25 13:46:27
original_4525110805_1.jpeg,3190447,Bursera microphylla,2.405,"Lampornis clemenciae (R.Lesson, 1830)",2476748,31.9045,-109.155931,,NORTH_AMERICA,Arizona,2024,2,15,2024-02-15T11:41:15,True,Anna Mindel,iNaturalist,http://creativecommons.org/licenses/by-nc/4.0/,Anna Mindel,https://inaturalist-open-data.s3.amazonaws.com/photos/351685853/original.jpeg,k-southwestern-u-s-a,2024-10-25 13:46:33
original_4525181980_2.jpg,5329434,Najas minor,1.831,"Lampornis clemenciae (R.Lesson, 1830)",2476748,31.881368,-109.217973,,NORTH_AMERICA,Arizona,2023,7,21,2023-07-21T09:45,True,Cameron Eckert,iNaturalist,http://creativecommons.org/licenses/by-nc/4.0/,Cameron Eckert,https://inaturalist-open-data.s3.amazonaws.com/photos/352094978/original.jpg; https://inaturalist-open-data.s3.amazonaws.com/photos/352094987/original.jpg; https://inaturalist-open-data.s3.amazonaws.com/photos/352094991/original.jpg; https://inaturalist-open-data.s3.amazonaws.com/photos/352094995/original.jpg,k-southwestern-u-s-a,2024-10-25 13:46:38
original_4525181980_3.jpg,2927840,Polemonium eximium,2.528,"Lampornis clemenciae (R.Lesson, 1830)",2476748,31.881368,-109.217973,,NORTH_AMERICA,Arizona,2023,7,21,2023-07-21T09:45,True,Cameron Eckert,iNaturalist,http://creativecommons.org/licenses/by-nc/4.0/,Cameron Eckert,https://inaturalist-open-data.s3.amazonaws.com/photos/352094978/original.jpg; https://inaturalist-open-data.s3.amazonaws.com/photos/352094987/original.jpg; https://inaturalist-open-data.s3.amazonaws.com/photos/352094991/original.jpg; https://inaturalist-open-data.s3.amazonaws.com/photos/352094995/original.jpg,k-southwestern-u-s-a,2024-10-25 13:46:40
original_4525181980_4.jpg,5329434,Najas minor,1.009,"Lampornis clemenciae (R.Lesson, 1830)",2476748,31.881368,-109.217973,,NORTH_AMERICA,Arizona,2023,7,21,2023-07-21T09:45,True,Cameron Eckert,iNaturalist,http://creativecommons.org/licenses/by-nc/4.0/,Cameron Eckert,https://inaturalist-open-data.s3.amazonaws.com/photos/352094978/original.jpg; https://inaturalist-open-data.s3.amazonaws.com/photos/352094987/original.jpg; https://inaturalist-open-data.s3.amazonaws.com/photos/352094991/original.jpg; https://inaturalist-open-data.s3.amazonaws.com/photos/352094995/original.jpg,k-southwestern-u-s-a,2024-10-25 13:46:42
original_4527978993_1.jpeg,5341276,Cordia boissieri,15.133,"Lampornis clemenciae (R.Lesson, 1830)",2476748,29.284507,-103.252808,29508.0,NORTH_AMERICA,Texas,2016,5,14,2016-05-14T16:36,True,Yinan Li,iNaturalist,http://creativecommons.org/licenses/by-nc/4.0/,Yinan Li,https://inaturalist-open-data.s3.amazonaws.com/photos/353105423/original.jpeg,k-south-central-u-s-a,2024-10-25 13:46:45
original_4528301212_1.jpeg,2684549,Juniperus flaccida,27.87,"Lampornis clemenciae (R.Lesson, 1830)",2476748,17.727913,-97.217657,244.0,NORTH_AMERICA,Oaxaca,2021,6,8,2021-06-08T07:23,True,Coixtlahuaca Bienes Comunales,iNaturalist,http://creativecommons.org/licenses/by-nc/4.0/,Coixtlahuaca Bienes Comunales,https://inaturalist-open-data.s3.amazonaws.com/photos/353926070/original.jpeg,k-mexico,2024-10-25 13:46:56
original_4528334276_1.jpeg,2766986,Agave seemanniana,18.903,"Lampornis clemenciae (R.Lesson, 1830)",2476748,17.734289,-97.213708,244.0,NORTH_AMERICA,Oaxaca,2021,5,6,2021-05-06T12:46,True,Coixtlahuaca Bienes Comunales,iNaturalist,http://creativecommons.org/licenses/by-nc/4.0/,Coixtlahuaca Bienes Comunales,https://inaturalist-open-data.s3.amazonaws.com/photos/353922825/original.jpeg,k-mexico,2024-10-25 13:46:58
original_4535913835_2.jpeg,6109699,Phoenix dactylifera,2.0709999999999997,"Lampornis clemenciae (R.Lesson, 1830)",2476748,19.23012,-99.932753,5.0,NORTH_AMERICA,México,2024,2,29,2024-02-29T18:00:22,True,Eusebio Roldán Félix,iNaturalist,http://creativecommons.org/licenses/by-nc/4.0/,Eusebio Roldán Félix,https://inaturalist-open-data.s3.amazonaws.com/photos/354468459/original.jpeg; https://inaturalist-open-data.s3.amazonaws.com/photos/354468475/original.jpeg; https://inaturalist-open-data.s3.amazonaws.com/photos/354468491/original.jpeg; https://inaturalist-open-data.s3.amazonaws.com/photos/354468503/original.jpeg; https://inaturalist-open-data.s3.amazonaws.com/photos/354468514/original.jpeg; https://inaturalist-open-data.s3.amazonaws.com/photos/354468528/original.jpeg; https://inaturalist-open-data.s3.amazonaws.com/photos/354468544/original.jpeg; https://inaturalist-open-data.s3.amazonaws.com/photos/354468556/original.jpeg,k-mexico,2024-10-25 13:47:11
original_4535913835_3.jpeg,2766573,Agave durangensis,2.332,"Lampornis clemenciae (R.Lesson, 1830)",2476748,19.23012,-99.932753,5.0,NORTH_AMERICA,México,2024,2,29,2024-02-29T18:00:22,True,Eusebio Roldán Félix,iNaturalist,http://creativecommons.org/licenses/by-nc/4.0/,Eusebio Roldán Félix,https://inaturalist-open-data.s3.amazonaws.com/photos/354468459/original.jpeg; https://inaturalist-open-data.s3.amazonaws.com/photos/354468475/original.jpeg; https://inaturalist-open-data.s3.amazonaws.com/photos/354468491/original.jpeg; https://inaturalist-open-data.s3.amazonaws.com/photos/354468503/original.jpeg; https://inaturalist-open-data.s3.amazonaws.com/photos/354468514/original.jpeg; https://inaturalist-open-data.s3.amazonaws.com/photos/354468528/original.jpeg; https://inaturalist-open-data.s3.amazonaws.com/photos/354468544/original.jpeg; https://inaturalist-open-data.s3.amazonaws.com/photos/354468556/original.jpeg,k-mexico,2024-10-25 13:47:13
original_4535913835_4.jpeg,2766573,Agave durangensis,3.5319999999999996,"Lampornis clemenciae (R.Lesson, 1830)",2476748,19.23012,-99.932753,5.0,NORTH_AMERICA,México,2024,2,29,2024-02-29T18:00:22,True,Eusebio Roldán Félix,iNaturalist,http://creativecommons.org/licenses/by-nc/4.0/,Eusebio Roldán Félix,https://inaturalist-open-data.s3.amazonaws.com/photos/354468459/original.jpeg; https://inaturalist-open-data.s3.amazonaws.com/photos/354468475/original.jpeg; https://inaturalist-open-data.s3.amazonaws.com/photos/354468491/original.jpeg; https://inaturalist-open-data.s3.amazonaws.com/photos/354468503/original.jpeg; https://inaturalist-open-data.s3.amazonaws.com/photos/354468514/original.jpeg; https://inaturalist-open-data.s3.amazonaws.com/photos/354468528/original.jpeg; https://inaturalist-open-data.s3.amazonaws.com/photos/354468544/original.jpeg; https://inaturalist-open-data.s3.amazonaws.com/photos/354468556/original.jpeg,k-mexico,2024-10-25 13:47:16
original_4535913835_5.jpeg,8892957,Pinus jeffreyi,2.577,"Lampornis clemenciae (R.Lesson, 1830)",2476748,19.23012,-99.932753,5.0,NORTH_AMERICA,México,2024,2,29,2024-02-29T18:00:22,True,Eusebio Roldán Félix,iNaturalist,http://creativecommons.org/licenses/by-nc/4.0/,Eusebio Roldán Félix,https://inaturalist-open-data.s3.amazonaws.com/photos/354468459/original.jpeg; https://inaturalist-open-data.s3.amazonaws.com/photos/354468475/original.jpeg; https://inaturalist-open-data.s3.amazonaws.com/photos/354468491/original.jpeg; https://inaturalist-open-data.s3.amazonaws.com/photos/354468503/original.jpeg; https://inaturalist-open-data.s3.amazonaws.com/photos/354468514/original.jpeg; https://inaturalist-open-data.s3.amazonaws.com/photos/354468528/original.jpeg; https://inaturalist-open-data.s3.amazonaws.com/photos/354468544/original.jpeg; https://inaturalist-open-data.s3.amazonaws.com/photos/354468556/original.jpeg,k-mexico,2024-10-25 13:47:18
original_4535913835_6.jpeg,2766899,Agave tequilana,3.7600000000000002,"Lampornis clemenciae (R.Lesson, 1830)",2476748,19.23012,-99.932753,5.0,NORTH_AMERICA,México,2024,2,29,2024-02-29T18:00:22,True,Eusebio Roldán Félix,iNaturalist,http://creativecommons.org/licenses/by-nc/4.0/,Eusebio Roldán Félix,https://inaturalist-open-data.s3.amazonaws.com/photos/354468459/original.jpeg; https://inaturalist-open-data.s3.amazonaws.com/photos/354468475/original.jpeg; https://inaturalist-open-data.s3.amazonaws.com/photos/354468491/original.jpeg; https://inaturalist-open-data.s3.amazonaws.com/photos/354468503/original.jpeg; https://inaturalist-open-data.s3.amazonaws.com/photos/354468514/original.jpeg; https://inaturalist-open-data.s3.amazonaws.com/photos/354468528/original.jpeg; https://inaturalist-open-data.s3.amazonaws.com/photos/354468544/original.jpeg; https://inaturalist-open-data.s3.amazonaws.com/photos/354468556/original.jpeg,k-mexico,2024-10-25 13:47:20
original_4535957895_1.jpg,5421193,Amyris elemifera,2.108,"Lampornis clemenciae (R.Lesson, 1830)",2476748,25.595287,-100.515601,735.0,NORTH_AMERICA,Nuevo León,2024,3,3,2024-03-03T16:17:35,True,Rigel Nava,iNaturalist,http://creativecommons.org/licenses/by-nc/4.0/,Rigel Nava,https://inaturalist-open-data.s3.amazonaws.com/photos/355172787/original.jpg,k-mexico,2024-10-25 13:47:26
original_4596927559_1.jpg,5321877,Ionopsis utricularioides,3.2009999999999996,"Lampornis clemenciae (R.Lesson, 1830)",2476748,20.770327,-104.85445,544.0,NORTH_AMERICA,Jalisco,2024,3,5,2024-03-05T12:35:51,True,Sheila Skay,iNaturalist,http://creativecommons.org/licenses/by-nc/4.0/,Sheila Skay,https://inaturalist-open-data.s3.amazonaws.com/photos/355941255/original.jpg,k-mexico,2024-10-25 13:47:28
original_4597014922_1.jpg,5372392,Vitis vinifera,3.615,"Lampornis clemenciae bessophilus (Oberholser, 1918)",2476748,31.904007,-109.156364,23.0,NORTH_AMERICA,Arizona,2023,6,20,2023-06-20T09:02:38,True,trevor_l,iNaturalist,http://creativecommons.org/licenses/by/4.0/,trevor_l,https://inaturalist-open-data.s3.amazonaws.com/photos/357476825/original.jpg; https://inaturalist-open-data.s3.amazonaws.com/photos/357477142/original.jpg; https://inaturalist-open-data.s3.amazonaws.com/photos/357477159/original.jpg,k-southwestern-u-s-a,2024-10-25 13:47:34
original_4597014922_2.jpg,5372392,Vitis vinifera,3.057,"Lampornis clemenciae bessophilus (Oberholser, 1918)",2476748,31.904007,-109.156364,23.0,NORTH_AMERICA,Arizona,2023,6,20,2023-06-20T09:02:38,True,trevor_l,iNaturalist,http://creativecommons.org/licenses/by/4.0/,trevor_l,https://inaturalist-open-data.s3.amazonaws.com/photos/357476825/original.jpg; https://inaturalist-open-data.s3.amazonaws.com/photos/357477142/original.jpg; https://inaturalist-open-data.s3.amazonaws.com/photos/357477159/original.jpg,k-southwestern-u-s-a,2024-10-25 13:47:37
original_4597014922_3.jpg,5372392,Vitis vinifera,0.607,"Lampornis clemenciae bessophilus (Oberholser, 1918)",2476748,31.904007,-109.156364,23.0,NORTH_AMERICA,Arizona,2023,6,20,2023-06-20T09:02:38,True,trevor_l,iNaturalist,http://creativecommons.org/licenses/by/4.0/,trevor_l,https://inaturalist-open-data.s3.amazonaws.com/photos/357476825/original.jpg; https://inaturalist-open-data.s3.amazonaws.com/photos/357477142/original.jpg; https://inaturalist-open-data.s3.amazonaws.com/photos/357477159/original.jpg,k-southwestern-u-s-a,2024-10-25 13:47:39
original_4597413939_2.jpeg,2887069,Sideroxylon lanuginosum,2.81,"Lampornis clemenciae (R.Lesson, 1830)",2476748,31.911653,-109.143402,,NORTH_AMERICA,Arizona,2024,3,9,2024-03-09T11:59,True,Andy Bridges,iNaturalist,http://creativecommons.org/licenses/by-nc/4.0/,Andy Bridges,https://inaturalist-open-data.s3.amazonaws.com/photos/356862803/original.jpeg; https://inaturalist-open-data.s3.amazonaws.com/photos/356862999/original.jpeg,k-southwestern-u-s-a,2024-10-25 13:47:44
original_4597602789_1.jpeg,2885828,Chrysophyllum cainito,0.45799999999999996,"Lampornis clemenciae (R.Lesson, 1830)",2476748,20.380945,-99.686397,42.0,NORTH_AMERICA,Hidalgo,2024,3,15,2024-03-15T09:43,True,Leonardo Kanek Reyes Salazar,iNaturalist,http://creativecommons.org/licenses/by-nc/4.0/,Leonardo Kanek Reyes Salazar,https://inaturalist-open-data.s3.amazonaws.com/photos/358816156/original.jpeg; https://inaturalist-open-data.s3.amazonaws.com/photos/358816167/original.jpeg; https://inaturalist-open-data.s3.amazonaws.com/photos/358816184/original.jpeg,k-mexico,2024-10-25 13:47:46
original_4597602789_2.jpeg,5416259,Eugenia axillaris,0.7849999999999999,"Lampornis clemenciae (R.Lesson, 1830)",2476748,20.380945,-99.686397,42.0,NORTH_AMERICA,Hidalgo,2024,3,15,2024-03-15T09:43,True,Leonardo Kanek Reyes Salazar,iNaturalist,http://creativecommons.org/licenses/by-nc/4.0/,Leonardo Kanek Reyes Salazar,https://inaturalist-open-data.s3.amazonaws.com/photos/358816156/original.jpeg; https://inaturalist-open-data.s3.amazonaws.com/photos/358816167/original.jpeg; https://inaturalist-open-data.s3.amazonaws.com/photos/358816184/original.jpeg,k-mexico,2024-10-25 13:47:48
original_4597602789_3.jpeg,3172297,Ligustrum lucidum,3.221,"Lampornis clemenciae (R.Lesson, 1830)",2476748,20.380945,-99.686397,42.0,NORTH_AMERICA,Hidalgo,2024,3,15,2024-03-15T09:43,True,Leonardo Kanek Reyes Salazar,iNaturalist,http://creativecommons.org/licenses/by-nc/4.0/,Leonardo Kanek Reyes Salazar,https://inaturalist-open-data.s3.amazonaws.com/photos/358816156/original.jpeg; https://inaturalist-open-data.s3.amazonaws.com/photos/358816167/original.jpeg; https://inaturalist-open-data.s3.amazonaws.com/photos/358816184/original.jpeg,k-mexico,2024-10-25 13:47:49
original_4600169974_1.jpg,7401580,Zamia furfuracea,3.2230000000000003,"Lampornis clemenciae (R.Lesson, 1830)",2476748,25.648768,-100.309001,9165.0,NORTH_AMERICA,Nuevo León,2024,3,23,2024-03-23T19:34:06,True,timbertate,iNaturalist,http://creativecommons.org/licenses/by-nc/4.0/,timbertate,https://inaturalist-open-data.s3.amazonaws.com/photos/359897482/original.jpg,k-mexico,2024-10-25 13:47:57
original_4600200005_1.jpeg,5285258,Pinus longaeva,1.417,"Lampornis clemenciae (R.Lesson, 1830)",2476748,31.90449,-109.15608,2.0,NORTH_AMERICA,Arizona,2024,3,23,2024-03-23T10:54,True,Quinn,iNaturalist,http://creativecommons.org/licenses/by-nc/4.0/,Quinn,https://inaturalist-open-data.s3.amazonaws.com/photos/360486242/original.jpeg; https://inaturalist-open-data.s3.amazonaws.com/photos/360486252/original.jpeg; https://inaturalist-open-data.s3.amazonaws.com/photos/360486271/original.jpeg; https://inaturalist-open-data.s3.amazonaws.com/photos/360488027/original.jpeg,k-southwestern-u-s-a,2024-10-25 13:47:59
original_4606688915_1.png,3033193,Aquilegia eximia,1.2890000000000001,"Lampornis clemenciae (R.Lesson, 1830)",2476748,31.883518,-109.205764,244.0,NORTH_AMERICA,Arizona,2024,3,27,2024-03-27T18:55,True,miguel1958,iNaturalist,http://creativecommons.org/licenses/by-nc/4.0/,miguel1958,https://inaturalist-open-data.s3.amazonaws.com/photos/360939808/original.png,k-southwestern-u-s-a,2024-10-25 13:48:10
original_4846827484_1.jpeg,3033026,Garrya laurifolia,7.771999999999999,"Lampornis clemenciae (R.Lesson, 1830)",2476748,19.33155,-99.236993,,NORTH_AMERICA,Distrito Federal,2021,5,14,2021-05-14T08:59,True,jorgelv,iNaturalist,http://creativecommons.org/licenses/by-nc/4.0/,jorgelv,https://inaturalist-open-data.s3.amazonaws.com/photos/365830218/original.jpeg,k-mexico,2024-10-25 13:48:15
original_4846903675_1.jpeg,2684069,Hesperocyparis lusitanica,5.598,"Lampornis clemenciae (R.Lesson, 1830)",2476748,19.211048,-99.200384,171.0,NORTH_AMERICA,Distrito Federal,2021,7,16,2021-07-16T18:32:39,True,Anayeli Guzmán Enríquez,iNaturalist,http://creativecommons.org/licenses/by-nc/4.0/,Anayeli Guzmán Enríquez,https://inaturalist-open-data.s3.amazonaws.com/photos/365914296/original.jpeg; https://inaturalist-open-data.s3.amazonaws.com/photos/365914308/original.jpeg; https://inaturalist-open-data.s3.amazonaws.com/photos/365914325/original.jpeg,k-mexico,2024-10-25 13:48:21
original_4846903675_2.jpeg,2684549,Juniperus flaccida,15.912,"Lampornis clemenciae (R.Lesson, 1830)",2476748,19.211048,-99.200384,171.0,NORTH_AMERICA,Distrito Federal,2021,7,16,2021-07-16T18:32:39,True,Anayeli Guzmán Enríquez,iNaturalist,http://creativecommons.org/licenses/by-nc/4.0/,Anayeli Guzmán Enríquez,https://inaturalist-open-data.s3.amazonaws.com/photos/365914296/original.jpeg; https://inaturalist-open-data.s3.amazonaws.com/photos/365914308/original.jpeg; https://inaturalist-open-data.s3.amazonaws.com/photos/365914325/original.jpeg,k-mexico,2024-10-25 13:48:23
original_4846903675_3.jpeg,2684069,Hesperocyparis lusitanica,0.8500000000000001,"Lampornis clemenciae (R.Lesson, 1830)",2476748,19.211048,-99.200384,171.0,NORTH_AMERICA,Distrito Federal,2021,7,16,2021-07-16T18:32:39,True,Anayeli Guzmán Enríquez,iNaturalist,http://creativecommons.org/licenses/by-nc/4.0/,Anayeli Guzmán Enríquez,https://inaturalist-open-data.s3.amazonaws.com/photos/365914296/original.jpeg; https://inaturalist-open-data.s3.amazonaws.com/photos/365914308/original.jpeg; https://inaturalist-open-data.s3.amazonaws.com/photos/365914325/original.jpeg,k-mexico,2024-10-25 13:48:26
original_4846928595_1.jpeg,5285090,Pinus patula,5.831,"Lampornis clemenciae (R.Lesson, 1830)",2476748,19.21099,-99.200981,266.0,NORTH_AMERICA,Distrito Federal,2021,6,23,2021-06-23T17:32:03,True,Anayeli Guzmán Enríquez,iNaturalist,http://creativecommons.org/licenses/by-nc/4.0/,Anayeli Guzmán Enríquez,https://inaturalist-open-data.s3.amazonaws.com/photos/365908155/original.jpeg; https://inaturalist-open-data.s3.amazonaws.com/photos/365908421/original.jpeg,k-mexico,2024-10-25 13:48:28
original_4846928595_2.jpeg,5285090,Pinus patula,26.534000000000002,"Lampornis clemenciae (R.Lesson, 1830)",2476748,19.21099,-99.200981,266.0,NORTH_AMERICA,Distrito Federal,2021,6,23,2021-06-23T17:32:03,True,Anayeli Guzmán Enríquez,iNaturalist,http://creativecommons.org/licenses/by-nc/4.0/,Anayeli Guzmán Enríquez,https://inaturalist-open-data.s3.amazonaws.com/photos/365908155/original.jpeg; https://inaturalist-open-data.s3.amazonaws.com/photos/365908421/original.jpeg,k-mexico,2024-10-25 13:48:31
original_4851736324_1.jpeg,2965003,Centrosema plumieri,11.147,"Lampornis clemenciae (R.Lesson, 1830)",2476748,19.210301,-99.20097,1051.0,NORTH_AMERICA,Distrito Federal,2022,4,29,2022-04-29T09:37:03,True,Anayeli Guzmán Enríquez,iNaturalist,http://creativecommons.org/licenses/by-nc/4.0/,Anayeli Guzmán Enríquez,https://inaturalist-open-data.s3.amazonaws.com/photos/368697081/original.jpeg,k-mexico,2024-10-25 13:48:36
original_4851798908_1.jpg,3020610,Prunus ilicifolia,4.390000000000001,"Lampornis clemenciae (R.Lesson, 1830)",2476748,31.884841,-109.176221,8.0,NORTH_AMERICA,Arizona,2024,4,3,2024-04-03T16:05,True,Liam Huber,iNaturalist,http://creativecommons.org/licenses/by-nc/4.0/,Liam Huber,https://inaturalist-open-data.s3.amazonaws.com/photos/367389393/original.jpg,k-southwestern-u-s-a,2024-10-25 13:48:39
original_4852026206_1.jpeg,2959443,Gleditsia triacanthos,0.88,"Lampornis clemenciae (R.Lesson, 1830)",2476748,25.33795,-100.973889,8.0,NORTH_AMERICA,Coahuila,2024,4,23,2024-04-23T08:20,True,Manuel Alejandro Rodríguez Martínez,iNaturalist,http://creativecommons.org/licenses/by-nc/4.0/,Manuel Alejandro Rodríguez Martínez,https://inaturalist-open-data.s3.amazonaws.com/photos/369784372/original.jpeg; https://inaturalist-open-data.s3.amazonaws.com/photos/369792167/original.jpeg,k-mexico,2024-10-25 13:48:42
original_4852026206_2.jpeg,3063705,Hippomane mancinella,2.0650000000000004,"Lampornis clemenciae (R.Lesson, 1830)",2476748,25.33795,-100.973889,8.0,NORTH_AMERICA,Coahuila,2024,4,23,2024-04-23T08:20,True,Manuel Alejandro Rodríguez Martínez,iNaturalist,http://creativecommons.org/licenses/by-nc/4.0/,Manuel Alejandro Rodríguez Martínez,https://inaturalist-open-data.s3.amazonaws.com/photos/369784372/original.jpeg; https://inaturalist-open-data.s3.amazonaws.com/photos/369792167/original.jpeg,k-mexico,2024-10-25 13:48:44
original_4852225628_1.jpg,5305033,Kniphofia uvaria,31.354,"Lampornis clemenciae (R.Lesson, 1830)",2476748,19.033172,-99.230153,17.0,NORTH_AMERICA,Morelos,2024,4,26,2024-04-26T08:26:16,True,nancyd,iNaturalist,http://creativecommons.org/licenses/by-nc/4.0/,nancyd,https://inaturalist-open-data.s3.amazonaws.com/photos/372216410/original.jpg; https://inaturalist-open-data.s3.amazonaws.com/photos/372216496/original.jpg,k-mexico,2024-10-25 13:48:47
original_4852225628_2.jpg,5305033,Kniphofia uvaria,6.08,"Lampornis clemenciae (R.Lesson, 1830)",2476748,19.033172,-99.230153,17.0,NORTH_AMERICA,Morelos,2024,4,26,2024-04-26T08:26:16,True,nancyd,iNaturalist,http://creativecommons.org/licenses/by-nc/4.0/,nancyd,https://inaturalist-open-data.s3.amazonaws.com/photos/372216410/original.jpg; https://inaturalist-open-data.s3.amazonaws.com/photos/372216496/original.jpg,k-mexico,2024-10-25 13:48:49
original_4852756647_1.jpg,2876176,Alnus rubra,0.33899999999999997,"Lampornis clemenciae (R.Lesson, 1830)",2476748,31.883303,-109.205382,4.0,NORTH_AMERICA,Arizona,2024,4,2,2024-04-02T09:24,True,Liam Huber,iNaturalist,http://creativecommons.org/licenses/by-nc/4.0/,Liam Huber,https://inaturalist-open-data.s3.amazonaws.com/photos/367402935/original.jpg,k-southwestern-u-s-a,2024-10-25 13:48:57
original_4852767087_1.jpg,8288790,Cornus nuttallii,8.042,"Lampornis clemenciae (R.Lesson, 1830)",2476748,31.883129,-109.205332,4.0,NORTH_AMERICA,Arizona,2024,4,2,2024-04-02T09:35,True,Liam Huber,iNaturalist,http://creativecommons.org/licenses/by-nc/4.0/,Liam Huber,https://inaturalist-open-data.s3.amazonaws.com/photos/367402910/original.jpg; https://inaturalist-open-data.s3.amazonaws.com/photos/367402920/original.jpg,k-southwestern-u-s-a,2024-10-25 13:49:03
original_4852767087_2.jpg,5372984,Salix bonplandiana,7.714,"Lampornis clemenciae (R.Lesson, 1830)",2476748,31.883129,-109.205332,4.0,NORTH_AMERICA,Arizona,2024,4,2,2024-04-02T09:35,True,Liam Huber,iNaturalist,http://creativecommons.org/licenses/by-nc/4.0/,Liam Huber,https://inaturalist-open-data.s3.amazonaws.com/photos/367402910/original.jpg; https://inaturalist-open-data.s3.amazonaws.com/photos/367402920/original.jpg,k-southwestern-u-s-a,2024-10-25 13:49:05
original_4852870287_1.jpeg,3942363,Selenicereus hamatus,0.983,"Lampornis clemenciae (R.Lesson, 1830)",2476748,19.210963,-99.201248,1242.0,NORTH_AMERICA,Distrito Federal,2022,8,26,2022-08-26T09:45:10,True,Anayeli Guzmán Enríquez,iNaturalist,http://creativecommons.org/licenses/by-nc/4.0/,Anayeli Guzmán Enríquez,https://inaturalist-open-data.s3.amazonaws.com/photos/369845507/original.jpeg; https://inaturalist-open-data.s3.amazonaws.com/photos/369846482/original.jpeg,k-mexico,2024-10-25 13:49:08
original_4852870287_2.jpeg,3942363,Selenicereus hamatus,4.753,"Lampornis clemenciae (R.Lesson, 1830)",2476748,19.210963,-99.201248,1242.0,NORTH_AMERICA,Distrito Federal,2022,8,26,2022-08-26T09:45:10,True,Anayeli Guzmán Enríquez,iNaturalist,http://creativecommons.org/licenses/by-nc/4.0/,Anayeli Guzmán Enríquez,https://inaturalist-open-data.s3.amazonaws.com/photos/369845507/original.jpeg; https://inaturalist-open-data.s3.amazonaws.com/photos/369846482/original.jpeg,k-mexico,2024-10-25 13:49:11
original_4854850200_1.jpg,5305033,Kniphofia uvaria,55.48499999999999,"Lampornis clemenciae (R.Lesson, 1830)",2476748,19.033146,-99.230277,9.0,NORTH_AMERICA,Morelos,2024,5,4,2024-05-04T15:15:20,True,nancyd,iNaturalist,http://creativecommons.org/licenses/by-nc/4.0/,nancyd,https://inaturalist-open-data.s3.amazonaws.com/photos/377760892/original.jpg; https://inaturalist-open-data.s3.amazonaws.com/photos/377760955/original.jpg,k-mexico,2024-10-25 13:49:19
original_4854850200_2.jpg,5305033,Kniphofia uvaria,22.233,"Lampornis clemenciae (R.Lesson, 1830)",2476748,19.033146,-99.230277,9.0,NORTH_AMERICA,Morelos,2024,5,4,2024-05-04T15:15:20,True,nancyd,iNaturalist,http://creativecommons.org/licenses/by-nc/4.0/,nancyd,https://inaturalist-open-data.s3.amazonaws.com/photos/377760892/original.jpg; https://inaturalist-open-data.s3.amazonaws.com/photos/377760955/original.jpg,k-mexico,2024-10-25 13:49:22
original_4855074797_1.jpg,3176719,Eucalyptus tereticornis,5.369,"Lampornis clemenciae (R.Lesson, 1830)",2476748,18.969447,-99.251422,79.0,NORTH_AMERICA,Morelos,2024,5,4,2024-05-04T09:06:42,True,David M Frey,iNaturalist,http://creativecommons.org/licenses/by-nc/4.0/,David M Frey,https://inaturalist-open-data.s3.amazonaws.com/photos/377188015/original.jpg,k-mexico,2024-10-25 13:49:24
original_4855088367_1.jpeg,9636531,Distimake tuberosus,2.3609999999999998,"Lampornis clemenciae (R.Lesson, 1830)",2476748,19.210927,-99.200727,487.0,NORTH_AMERICA,Distrito Federal,2024,4,27,2024-04-27T16:40:41,True,Anayeli Guzmán Enríquez,iNaturalist,http://creativecommons.org/licenses/by-nc/4.0/,Anayeli Guzmán Enríquez,https://inaturalist-open-data.s3.amazonaws.com/photos/376522398/original.jpeg; https://inaturalist-open-data.s3.amazonaws.com/photos/376522669/original.jpeg,k-mexico,2024-10-25 13:49:27
original_4855088367_2.jpeg,7661971,Bambusa vulgaris,5.62,"Lampornis clemenciae (R.Lesson, 1830)",2476748,19.210927,-99.200727,487.0,NORTH_AMERICA,Distrito Federal,2024,4,27,2024-04-27T16:40:41,True,Anayeli Guzmán Enríquez,iNaturalist,http://creativecommons.org/licenses/by-nc/4.0/,Anayeli Guzmán Enríquez,https://inaturalist-open-data.s3.amazonaws.com/photos/376522398/original.jpeg; https://inaturalist-open-data.s3.amazonaws.com/photos/376522669/original.jpeg,k-mexico,2024-10-25 13:49:30
original_4855286669_1.jpeg,2683983,Hesperocyparis arizonica,7.213,"Lampornis clemenciae (R.Lesson, 1830)",2476748,31.913702,-109.14145,1841.0,NORTH_AMERICA,Arizona,2024,4,25,2024-04-25T12:32:16,True,lizaz71,iNaturalist,http://creativecommons.org/licenses/by-nc/4.0/,lizaz71,https://inaturalist-open-data.s3.amazonaws.com/photos/371074962/original.jpeg,k-southwestern-u-s-a,2024-10-25 13:49:33
original_4855331116_1.jpeg,3033196,Aquilegia chrysantha,93.632,"Lampornis clemenciae (R.Lesson, 1830)",2476748,29.177868,-108.170815,2.0,NORTH_AMERICA,Chihuahua,2024,4,27,2024-04-27T11:57,True,Javier Cruz Nieto,iNaturalist,http://creativecommons.org/licenses/by-nc/4.0/,Javier Cruz Nieto,https://inaturalist-open-data.s3.amazonaws.com/photos/373607766/original.jpeg,k-mexico,2024-10-25 13:49:38
original_4863706097_1.jpg,2929617,Solanum chrysotrichum,1.714,"Lampornis clemenciae (R.Lesson, 1830)",2476748,19.033178,-99.230154,17.0,NORTH_AMERICA,Morelos,2024,5,10,2024-05-10T09:32:22,True,nancyd,iNaturalist,http://creativecommons.org/licenses/by-nc/4.0/,nancyd,https://inaturalist-open-data.s3.amazonaws.com/photos/379742439/original.jpg; https://inaturalist-open-data.s3.amazonaws.com/photos/379742467/original.jpg,k-mexico,2024-10-25 13:49:55
original_4863736946_1.jpg,5285058,Pinus engelmannii,3.37,"Lampornis clemenciae (R.Lesson, 1830)",2476748,31.903033,-109.155678,3.0,NORTH_AMERICA,Arizona,2024,5,7,2024-05-07T07:41:19,True,Cheryl Rosenfeld,iNaturalist,http://creativecommons.org/licenses/by-nc/4.0/,Cheryl Rosenfeld,https://inaturalist-open-data.s3.amazonaws.com/photos/379418770/original.jpg; https://inaturalist-open-data.s3.amazonaws.com/photos/379418816/original.jpg; https://inaturalist-open-data.s3.amazonaws.com/photos/379418854/original.jpg; https://inaturalist-open-data.s3.amazonaws.com/photos/379418892/original.jpg; https://inaturalist-open-data.s3.amazonaws.com/photos/379418927/original.jpg; https://inaturalist-open-data.s3.amazonaws.com/photos/379418980/original.jpg; https://inaturalist-open-data.s3.amazonaws.com/photos/379419020/original.jpg,k-southwestern-u-s-a,2024-10-25 13:50:00
original_4867709246_1.jpg,2876207,Alnus rhombifolia,0.149,"Lampornis clemenciae (R.Lesson, 1830)",2476748,31.904001,-109.155656,182.0,NORTH_AMERICA,Arizona,2024,4,28,2024-04-28T11:22,True,Maryse Neukomm,iNaturalist,http://creativecommons.org/licenses/by-nc/4.0/,Maryse Neukomm,https://inaturalist-open-data.s3.amazonaws.com/photos/382862339/original.jpg,k-southwestern-u-s-a,2024-10-25 13:50:14
original_4867714934_1.jpeg,3073512,Cnidoscolus aconitifolius,1.4569999999999999,"Lampornis clemenciae (R.Lesson, 1830)",2476748,19.210703,-99.200925,537.0,NORTH_AMERICA,Distrito Federal,2022,9,16,2022-09-16T13:45:18,True,Anayeli Guzmán Enríquez,iNaturalist,http://creativecommons.org/licenses/by-nc/4.0/,Anayeli Guzmán Enríquez,https://inaturalist-open-data.s3.amazonaws.com/photos/384389376/original.jpeg; https://inaturalist-open-data.s3.amazonaws.com/photos/384389993/original.jpeg; https://inaturalist-open-data.s3.amazonaws.com/photos/384390838/original.jpeg,k-mexico,2024-10-25 13:50:16
original_4867714934_2.jpeg,2876167,Alnus jorullensis,3.4680000000000004,"Lampornis clemenciae (R.Lesson, 1830)",2476748,19.210703,-99.200925,537.0,NORTH_AMERICA,Distrito Federal,2022,9,16,2022-09-16T13:45:18,True,Anayeli Guzmán Enríquez,iNaturalist,http://creativecommons.org/licenses/by-nc/4.0/,Anayeli Guzmán Enríquez,https://inaturalist-open-data.s3.amazonaws.com/photos/384389376/original.jpeg; https://inaturalist-open-data.s3.amazonaws.com/photos/384389993/original.jpeg; https://inaturalist-open-data.s3.amazonaws.com/photos/384390838/original.jpeg,k-mexico,2024-10-25 13:50:19
original_4867714934_3.jpeg,5285019,Pinus devoniana,2.185,"Lampornis clemenciae (R.Lesson, 1830)",2476748,19.210703,-99.200925,537.0,NORTH_AMERICA,Distrito Federal,2022,9,16,2022-09-16T13:45:18,True,Anayeli Guzmán Enríquez,iNaturalist,http://creativecommons.org/licenses/by-nc/4.0/,Anayeli Guzmán Enríquez,https://inaturalist-open-data.s3.amazonaws.com/photos/384389376/original.jpeg; https://inaturalist-open-data.s3.amazonaws.com/photos/384389993/original.jpeg; https://inaturalist-open-data.s3.amazonaws.com/photos/384390838/original.jpeg,k-mexico,2024-10-25 13:50:21
original_4868007824_1.jpeg,5341746,Operculina pinnatifida,0.8789999999999999,"Lampornis clemenciae (R.Lesson, 1830)",2476748,19.210509,-99.201113,569.0,NORTH_AMERICA,Distrito Federal,2022,9,16,2022-09-16T14:13:21,True,Anayeli Guzmán Enríquez,iNaturalist,http://creativecommons.org/licenses/by-nc/4.0/,Anayeli Guzmán Enríquez,https://inaturalist-open-data.s3.amazonaws.com/photos/384391271/original.jpeg; https://inaturalist-open-data.s3.amazonaws.com/photos/384391297/original.jpeg,k-mexico,2024-10-25 13:50:27
original_4868007824_2.jpeg,7869676,Helicteres guazumifolia,2.282,"Lampornis clemenciae (R.Lesson, 1830)",2476748,19.210509,-99.201113,569.0,NORTH_AMERICA,Distrito Federal,2022,9,16,2022-09-16T14:13:21,True,Anayeli Guzmán Enríquez,iNaturalist,http://creativecommons.org/licenses/by-nc/4.0/,Anayeli Guzmán Enríquez,https://inaturalist-open-data.s3.amazonaws.com/photos/384391271/original.jpeg; https://inaturalist-open-data.s3.amazonaws.com/photos/384391297/original.jpeg,k-mexico,2024-10-25 13:50:29
original_4868075479_1.jpeg,8162439,Callianthe striata,10.561,"Lampornis clemenciae (R.Lesson, 1830)",2476748,19.210086,-99.19863,577.0,NORTH_AMERICA,Distrito Federal,2022,9,19,2022-09-19T13:16:04,True,Anayeli Guzmán Enríquez,iNaturalist,http://creativecommons.org/licenses/by-nc/4.0/,Anayeli Guzmán Enríquez,https://inaturalist-open-data.s3.amazonaws.com/photos/384433975/original.jpeg; https://inaturalist-open-data.s3.amazonaws.com/photos/384442894/original.jpeg,k-mexico,2024-10-25 13:50:32
original_4868075479_2.jpeg,8162439,Callianthe striata,7.561,"Lampornis clemenciae (R.Lesson, 1830)",2476748,19.210086,-99.19863,577.0,NORTH_AMERICA,Distrito Federal,2022,9,19,2022-09-19T13:16:04,True,Anayeli Guzmán Enríquez,iNaturalist,http://creativecommons.org/licenses/by-nc/4.0/,Anayeli Guzmán Enríquez,https://inaturalist-open-data.s3.amazonaws.com/photos/384433975/original.jpeg; https://inaturalist-open-data.s3.amazonaws.com/photos/384442894/original.jpeg,k-mexico,2024-10-25 13:50:35
original_4872025430_1.jpg,2766573,Agave durangensis,34.435,"Lampornis clemenciae (R.Lesson, 1830)",2476748,19.639658,-97.171816,150.0,NORTH_AMERICA,Veracruz,2024,5,11,2024-05-11T17:46,True,Humberto Rocha Sánchez,iNaturalist,http://creativecommons.org/licenses/by-nc/4.0/,Humberto Rocha Sánchez,https://inaturalist-open-data.s3.amazonaws.com/photos/385787727/original.jpg,k-mexico,2024-10-25 13:50:40
original_4872114611_1.jpg,5285708,Pinus balfouriana,0.333,"Lampornis clemenciae (R.Lesson, 1830)",2476748,31.883285,-109.20528,25.0,NORTH_AMERICA,Arizona,2024,5,24,2024-05-24T09:46,True,tmccarthey,iNaturalist,http://creativecommons.org/licenses/by-nc/4.0/,tmccarthey,https://inaturalist-open-data.s3.amazonaws.com/photos/386064651/original.jpg,k-southwestern-u-s-a,2024-10-25 13:50:43
original_4872141583_1.jpeg,7295683,Arceuthobium globosum,16.168,"Lampornis clemenciae (R.Lesson, 1830)",2476748,19.029443,-99.23274,4.0,NORTH_AMERICA,Morelos,2024,1,13,2024-01-13T09:03,True,Daniel Correia,iNaturalist,http://creativecommons.org/licenses/by-nc/4.0/,Daniel Correia,https://inaturalist-open-data.s3.amazonaws.com/photos/354608210/original.jpeg; https://inaturalist-open-data.s3.amazonaws.com/photos/354608611/original.jpeg,k-mexico,2024-10-25 13:50:45
original_4872141583_2.jpeg,7295683,Arceuthobium globosum,12.442,"Lampornis clemenciae (R.Lesson, 1830)",2476748,19.029443,-99.23274,4.0,NORTH_AMERICA,Morelos,2024,1,13,2024-01-13T09:03,True,Daniel Correia,iNaturalist,http://creativecommons.org/licenses/by-nc/4.0/,Daniel Correia,https://inaturalist-open-data.s3.amazonaws.com/photos/354608210/original.jpeg; https://inaturalist-open-data.s3.amazonaws.com/photos/354608611/original.jpeg,k-mexico,2024-10-25 13:50:47
original_4872350012_1.jpg,3190615,Toxicodendron rydbergii,2.089,"Lampornis clemenciae (R.Lesson, 1830)",2476748,31.883333,-109.205182,2.0,NORTH_AMERICA,Arizona,2024,5,26,2024-05-26T12:31,True,sunny1az,iNaturalist,http://creativecommons.org/licenses/by-nc/4.0/,sunny1az,https://inaturalist-open-data.s3.amazonaws.com/photos/387179289/original.jpg; https://inaturalist-open-data.s3.amazonaws.com/photos/387179362/original.jpg,k-southwestern-u-s-a,2024-10-25 13:50:50
original_4872350012_2.jpg,3040232,Populus deltoides,0.77,"Lampornis clemenciae (R.Lesson, 1830)",2476748,31.883333,-109.205182,2.0,NORTH_AMERICA,Arizona,2024,5,26,2024-05-26T12:31,True,sunny1az,iNaturalist,http://creativecommons.org/licenses/by-nc/4.0/,sunny1az,https://inaturalist-open-data.s3.amazonaws.com/photos/387179289/original.jpg; https://inaturalist-open-data.s3.amazonaws.com/photos/387179362/original.jpg,k-southwestern-u-s-a,2024-10-25 13:50:53
original_4872368000_2.jpeg,2952780,Peltophorum africanum,0.963,"Lampornis clemenciae (R.Lesson, 1830)",2476748,31.904001,-109.155656,519.0,NORTH_AMERICA,Arizona,2024,1,11,2024-01-11T10:23,True,Kelly Dix,iNaturalist,http://creativecommons.org/licenses/by-nc/4.0/,Kelly Dix,https://inaturalist-open-data.s3.amazonaws.com/photos/385163169/original.jpeg; https://inaturalist-open-data.s3.amazonaws.com/photos/385163195/original.jpeg; https://inaturalist-open-data.s3.amazonaws.com/photos/385163228/original.jpeg,k-southwestern-u-s-a,2024-10-25 13:50:58
original_4872368000_3.jpeg,2878171,Quercus emoryi,0.46499999999999997,"Lampornis clemenciae (R.Lesson, 1830)",2476748,31.904001,-109.155656,519.0,NORTH_AMERICA,Arizona,2024,1,11,2024-01-11T10:23,True,Kelly Dix,iNaturalist,http://creativecommons.org/licenses/by-nc/4.0/,Kelly Dix,https://inaturalist-open-data.s3.amazonaws.com/photos/385163169/original.jpeg; https://inaturalist-open-data.s3.amazonaws.com/photos/385163195/original.jpeg; https://inaturalist-open-data.s3.amazonaws.com/photos/385163228/original.jpeg,k-southwestern-u-s-a,2024-10-25 13:51:00
original_4872373167_1.jpg,5285708,Pinus balfouriana,3.4250000000000003,"Lampornis clemenciae (R.Lesson, 1830)",2476748,31.88329,-109.205253,4.0,NORTH_AMERICA,Arizona,2024,5,26,2024-05-26T12:23,True,sunny1az,iNaturalist,http://creativecommons.org/licenses/by-nc/4.0/,sunny1az,https://inaturalist-open-data.s3.amazonaws.com/photos/387270017/original.jpg,k-southwestern-u-s-a,2024-10-25 13:51:03
original_4872474559_2.jpg,7288259,Buddleja cordata,3.5389999999999997,"Lampornis clemenciae (R.Lesson, 1830)",2476748,19.033179,-99.230166,14.0,NORTH_AMERICA,Morelos,2024,5,25,2024-05-25T08:13:54,True,nancyd,iNaturalist,http://creativecommons.org/licenses/by-nc/4.0/,nancyd,https://inaturalist-open-data.s3.amazonaws.com/photos/386156038/original.jpg; https://inaturalist-open-data.s3.amazonaws.com/photos/386156085/original.jpg,k-mexico,2024-10-25 13:51:08
original_4872505670_1.jpeg,3173331,Buddleja saligna,0.9259999999999999,"Lampornis clemenciae (R.Lesson, 1830)",2476748,31.883977,-109.205968,209.0,NORTH_AMERICA,Arizona,2024,4,29,2024-04-29T11:36,True,maymurphy,iNaturalist,http://creativecommons.org/licenses/by-nc/4.0/,maymurphy,https://inaturalist-open-data.s3.amazonaws.com/photos/383581883/original.jpeg; https://inaturalist-open-data.s3.amazonaws.com/photos/383581997/original.jpeg,k-southwestern-u-s-a,2024-10-25 13:51:11
original_4872505670_2.jpeg,5372838,Salix laevigata,18.89,"Lampornis clemenciae (R.Lesson, 1830)",2476748,31.883977,-109.205968,209.0,NORTH_AMERICA,Arizona,2024,4,29,2024-04-29T11:36,True,maymurphy,iNaturalist,http://creativecommons.org/licenses/by-nc/4.0/,maymurphy,https://inaturalist-open-data.s3.amazonaws.com/photos/383581883/original.jpeg; https://inaturalist-open-data.s3.amazonaws.com/photos/383581997/original.jpeg,k-southwestern-u-s-a,2024-10-25 13:51:13
original_4875070902_1.jpg,3152812,Platanus racemosa,6.226,"Lampornis clemenciae (R.Lesson, 1830)",2476748,28.139744,-108.232398,,NORTH_AMERICA,Chihuahua,2024,4,12,2024-04-12T08:04,True,Carlos G Velazco-Macias,iNaturalist,http://creativecommons.org/licenses/by-nc/4.0/,Carlos G Velazco-Macias,https://inaturalist-open-data.s3.amazonaws.com/photos/388209273/original.jpg; https://inaturalist-open-data.s3.amazonaws.com/photos/388209298/original.jpg; https://inaturalist-open-data.s3.amazonaws.com/photos/388209301/original.jpg; https://inaturalist-open-data.s3.amazonaws.com/photos/388209329/original.jpg,k-mexico,2024-10-25 13:51:18
original_4875070902_2.jpg,3152812,Platanus racemosa,9.299,"Lampornis clemenciae (R.Lesson, 1830)",2476748,28.139744,-108.232398,,NORTH_AMERICA,Chihuahua,2024,4,12,2024-04-12T08:04,True,Carlos G Velazco-Macias,iNaturalist,http://creativecommons.org/licenses/by-nc/4.0/,Carlos G Velazco-Macias,https://inaturalist-open-data.s3.amazonaws.com/photos/388209273/original.jpg; https://inaturalist-open-data.s3.amazonaws.com/photos/388209298/original.jpg; https://inaturalist-open-data.s3.amazonaws.com/photos/388209301/original.jpg; https://inaturalist-open-data.s3.amazonaws.com/photos/388209329/original.jpg,k-mexico,2024-10-25 13:51:20
original_4875070902_3.jpg,3152812,Platanus racemosa,13.542000000000002,"Lampornis clemenciae (R.Lesson, 1830)",2476748,28.139744,-108.232398,,NORTH_AMERICA,Chihuahua,2024,4,12,2024-04-12T08:04,True,Carlos G Velazco-Macias,iNaturalist,http://creativecommons.org/licenses/by-nc/4.0/,Carlos G Velazco-Macias,https://inaturalist-open-data.s3.amazonaws.com/photos/388209273/original.jpg; https://inaturalist-open-data.s3.amazonaws.com/photos/388209298/original.jpg; https://inaturalist-open-data.s3.amazonaws.com/photos/388209301/original.jpg; https://inaturalist-open-data.s3.amazonaws.com/photos/388209329/original.jpg,k-mexico,2024-10-25 13:51:22
original_4875070902_4.jpg,3152812,Platanus racemosa,7.2459999999999996,"Lampornis clemenciae (R.Lesson, 1830)",2476748,28.139744,-108.232398,,NORTH_AMERICA,Chihuahua,2024,4,12,2024-04-12T08:04,True,Carlos G Velazco-Macias,iNaturalist,http://creativecommons.org/licenses/by-nc/4.0/,Carlos G Velazco-Macias,https://inaturalist-open-data.s3.amazonaws.com/photos/388209273/original.jpg; https://inaturalist-open-data.s3.amazonaws.com/photos/388209298/original.jpg; https://inaturalist-open-data.s3.amazonaws.com/photos/388209301/original.jpg; https://inaturalist-open-data.s3.amazonaws.com/photos/388209329/original.jpg,k-mexico,2024-10-25 13:51:24
original_4875463116_1.jpeg,5284989,Pinus lambertiana,19.198999999999998,"Lampornis clemenciae (R.Lesson, 1830)",2476748,32.410569,-110.715382,31.0,NORTH_AMERICA,Arizona,2023,8,6,2023-08-06T15:33,True,joeschiavone,iNaturalist,http://creativecommons.org/licenses/by-nc/4.0/,joeschiavone,https://inaturalist-open-data.s3.amazonaws.com/photos/389247653/original.jpeg; https://inaturalist-open-data.s3.amazonaws.com/photos/389247665/original.jpeg; https://inaturalist-open-data.s3.amazonaws.com/photos/389247667/original.jpeg,k-southwestern-u-s-a,2024-10-25 13:51:33
original_4875463116_2.jpeg,5284989,Pinus lambertiana,4.482,"Lampornis clemenciae (R.Lesson, 1830)",2476748,32.410569,-110.715382,31.0,NORTH_AMERICA,Arizona,2023,8,6,2023-08-06T15:33,True,joeschiavone,iNaturalist,http://creativecommons.org/licenses/by-nc/4.0/,joeschiavone,https://inaturalist-open-data.s3.amazonaws.com/photos/389247653/original.jpeg; https://inaturalist-open-data.s3.amazonaws.com/photos/389247665/original.jpeg; https://inaturalist-open-data.s3.amazonaws.com/photos/389247667/original.jpeg,k-southwestern-u-s-a,2024-10-25 13:51:35
original_4875463116_3.jpeg,5284989,Pinus lambertiana,30.583,"Lampornis clemenciae (R.Lesson, 1830)",2476748,32.410569,-110.715382,31.0,NORTH_AMERICA,Arizona,2023,8,6,2023-08-06T15:33,True,joeschiavone,iNaturalist,http://creativecommons.org/licenses/by-nc/4.0/,joeschiavone,https://inaturalist-open-data.s3.amazonaws.com/photos/389247653/original.jpeg; https://inaturalist-open-data.s3.amazonaws.com/photos/389247665/original.jpeg; https://inaturalist-open-data.s3.amazonaws.com/photos/389247667/original.jpeg,k-southwestern-u-s-a,2024-10-25 13:51:37
original_4891808589_1.jpeg,8249437,Salvia purpurea,10.329,"Lampornis clemenciae (R.Lesson, 1830)",2476748,21.541297,-105.284723,1955.0,NORTH_AMERICA,Nayarit,2012,1,15,2012-01-15T17:19,True,John and Nancy Crosby,iNaturalist,http://creativecommons.org/licenses/by-nc/4.0/,John and Nancy Crosby,https://inaturalist-open-data.s3.amazonaws.com/photos/390954645/original.jpeg,k-mexico,2024-10-25 13:51:42
original_4891818295_1.jpeg,7718509,Salvia chiapensis,8.899,"Lampornis clemenciae (R.Lesson, 1830)",2476748,21.541297,-105.284723,1955.0,NORTH_AMERICA,Nayarit,2012,1,15,2012-01-15T17:19,True,John and Nancy Crosby,iNaturalist,http://creativecommons.org/licenses/by-nc/4.0/,John and Nancy Crosby,https://inaturalist-open-data.s3.amazonaws.com/photos/391192425/original.jpeg,k-mexico,2024-10-25 13:51:44
original_4891870128_1.jpeg,2928286,Hydrolea spinosa,3.108,"Lampornis clemenciae (R.Lesson, 1830)",2476748,25.404486,-100.997582,50.0,NORTH_AMERICA,Coahuila,2024,6,9,2024-06-09T13:06,True,Rocio Reybal,iNaturalist,http://creativecommons.org/licenses/by-nc/4.0/,Rocio Reybal,https://inaturalist-open-data.s3.amazonaws.com/photos/392568019/original.jpeg; https://inaturalist-open-data.s3.amazonaws.com/photos/392568032/original.jpeg,k-mexico,2024-10-25 13:51:46
original_4891870128_2.jpeg,7944396,Ficus pertusa,2.444,"Lampornis clemenciae (R.Lesson, 1830)",2476748,25.404486,-100.997582,50.0,NORTH_AMERICA,Coahuila,2024,6,9,2024-06-09T13:06,True,Rocio Reybal,iNaturalist,http://creativecommons.org/licenses/by-nc/4.0/,Rocio Reybal,https://inaturalist-open-data.s3.amazonaws.com/photos/392568019/original.jpeg; https://inaturalist-open-data.s3.amazonaws.com/photos/392568032/original.jpeg,k-mexico,2024-10-25 13:51:48
original_4892090432_1.jpg,2927459,Fouquieria splendens,19.16,"Lampornis clemenciae (R.Lesson, 1830)",2476748,31.914362,-109.144507,103.0,NORTH_AMERICA,Arizona,2024,5,8,2024-05-08T18:12,True,Paul Donahue,iNaturalist,http://creativecommons.org/licenses/by-nc/4.0/,Paul Donahue,https://inaturalist-open-data.s3.amazonaws.com/photos/390881593/original.jpg,k-southwestern-u-s-a,2024-10-25 13:51:53
original_4892188816_1.jpeg,2878171,Quercus emoryi,76.775,"Lampornis clemenciae (R.Lesson, 1830)",2476748,31.883977,-109.205968,209.0,NORTH_AMERICA,Arizona,2024,4,5,2024-04-05T13:03,True,kbarylski,iNaturalist,http://creativecommons.org/licenses/by-nc/4.0/,kbarylski,https://inaturalist-open-data.s3.amazonaws.com/photos/391375658/original.jpeg,k-southwestern-u-s-a,2024-10-25 13:51:58
original_4892193801_1.jpg,2988222,Pyracantha angustifolia,4.279999999999999,"Lampornis clemenciae (R.Lesson, 1830)",2476748,31.904463,-109.155875,4.0,NORTH_AMERICA,Arizona,2024,6,3,2024-06-03T12:07:43,True,Logan,iNaturalist,http://creativecommons.org/licenses/by-nc/4.0/,Logan,https://inaturalist-open-data.s3.amazonaws.com/photos/391283451/original.jpg,k-southwestern-u-s-a,2024-10-25 13:52:01
original_4901088225_1.jpeg,2705610,Paspalum scrobiculatum,0.86,"Lampornis clemenciae (R.Lesson, 1830)",2476748,19.472749,-99.266163,4.0,NORTH_AMERICA,México,2024,5,6,2024-05-06T21:25,True,Valentina de Santiago,iNaturalist,http://creativecommons.org/licenses/by-nc/4.0/,Valentina de Santiago,https://inaturalist-open-data.s3.amazonaws.com/photos/394204879/original.jpeg,k-mexico,2024-10-25 13:52:07
original_4901172716_1.jpg,5420901,Punica granatum,47.46,"Lampornis clemenciae (R.Lesson, 1830)",2476748,31.904836,-109.156044,408.0,NORTH_AMERICA,Arizona,2023,11,9,2023-11-09T07:10:24,True,Susan Fawcett,iNaturalist,http://creativecommons.org/licenses/by-nc/4.0/,Susan Fawcett,https://inaturalist-open-data.s3.amazonaws.com/photos/334020079/original.jpg; https://inaturalist-open-data.s3.amazonaws.com/photos/334020100/original.jpg; https://inaturalist-open-data.s3.amazonaws.com/photos/334020118/original.jpg,k-southwestern-u-s-a,2024-10-25 13:52:10
original_4901172716_2.jpg,5420901,Punica granatum,42.218,"Lampornis clemenciae (R.Lesson, 1830)",2476748,31.904836,-109.156044,408.0,NORTH_AMERICA,Arizona,2023,11,9,2023-11-09T07:10:24,True,Susan Fawcett,iNaturalist,http://creativecommons.org/licenses/by-nc/4.0/,Susan Fawcett,https://inaturalist-open-data.s3.amazonaws.com/photos/334020079/original.jpg; https://inaturalist-open-data.s3.amazonaws.com/photos/334020100/original.jpg; https://inaturalist-open-data.s3.amazonaws.com/photos/334020118/original.jpg,k-southwestern-u-s-a,2024-10-25 13:52:12
original_4901172716_3.jpg,5420901,Punica granatum,15.864,"Lampornis clemenciae (R.Lesson, 1830)",2476748,31.904836,-109.156044,408.0,NORTH_AMERICA,Arizona,2023,11,9,2023-11-09T07:10:24,True,Susan Fawcett,iNaturalist,http://creativecommons.org/licenses/by-nc/4.0/,Susan Fawcett,https://inaturalist-open-data.s3.amazonaws.com/photos/334020079/original.jpg; https://inaturalist-open-data.s3.amazonaws.com/photos/334020100/original.jpg; https://inaturalist-open-data.s3.amazonaws.com/photos/334020118/original.jpg,k-southwestern-u-s-a,2024-10-25 13:52:15
original_4901349532_1.jpeg,2767031,Agave americana,61.449,"Lampornis clemenciae (R.Lesson, 1830)",2476748,21.190525,-101.681633,,NORTH_AMERICA,Guanajuato,2024,6,12,2024-06-12T06:42:43,True,Carlos Guzman,iNaturalist,http://creativecommons.org/licenses/by-nc/4.0/,Carlos Guzman,https://inaturalist-open-data.s3.amazonaws.com/photos/393639435/original.jpeg; https://inaturalist-open-data.s3.amazonaws.com/photos/393639580/original.jpeg,k-mexico,2024-10-25 13:52:17
original_4901349532_2.jpeg,2767031,Agave americana,17.1,"Lampornis clemenciae (R.Lesson, 1830)",2476748,21.190525,-101.681633,,NORTH_AMERICA,Guanajuato,2024,6,12,2024-06-12T06:42:43,True,Carlos Guzman,iNaturalist,http://creativecommons.org/licenses/by-nc/4.0/,Carlos Guzman,https://inaturalist-open-data.s3.amazonaws.com/photos/393639435/original.jpeg; https://inaturalist-open-data.s3.amazonaws.com/photos/393639580/original.jpeg,k-mexico,2024-10-25 13:52:20
original_4901462636_1.jpeg,5285090,Pinus patula,84.417,"Lampornis clemenciae (R.Lesson, 1830)",2476748,17.66081,-97.335308,1758.0,NORTH_AMERICA,Oaxaca,2024,2,23,2024-02-23T11:50,True,Coixtlahuaca Bienes Comunales,iNaturalist,http://creativecommons.org/licenses/by-nc/4.0/,Coixtlahuaca Bienes Comunales,https://inaturalist-open-data.s3.amazonaws.com/photos/397348745/original.jpeg,k-mexico,2024-10-25 13:52:23
original_4901603686_3.jpg,2882564,Arctostaphylos pallida,0.975,"Lampornis clemenciae (R.Lesson, 1830)",2476748,31.904695,-109.156039,2.0,NORTH_AMERICA,Arizona,2024,5,21,2024-05-21T18:31,True,Ken Butler,iNaturalist,http://creativecommons.org/licenses/by-nc/4.0/,Ken Butler,https://inaturalist-open-data.s3.amazonaws.com/photos/397037362/original.jpg; https://inaturalist-open-data.s3.amazonaws.com/photos/397037365/original.jpg; https://inaturalist-open-data.s3.amazonaws.com/photos/397037367/original.jpg,k-southwestern-u-s-a,2024-10-25 13:52:42
original_4901618255_1.jpg,2684627,Juniperus californica,13.629,"Lampornis clemenciae (R.Lesson, 1830)",2476748,31.898645,-109.162047,5.0,NORTH_AMERICA,Arizona,2018,11,8,2018-11-08T16:47:48,True,Jon,iNaturalist,http://creativecommons.org/licenses/by-nc/4.0/,Jon,https://inaturalist-open-data.s3.amazonaws.com/photos/27957651/original.jpg; https://inaturalist-open-data.s3.amazonaws.com/photos/27957653/original.jpg; https://inaturalist-open-data.s3.amazonaws.com/photos/27957656/original.jpg; https://inaturalist-open-data.s3.amazonaws.com/photos/27957659/original.jpg,k-southwestern-u-s-a,2024-10-25 13:52:45
original_4901618255_2.jpg,2684674,Juniperus deppeana,16.392,"Lampornis clemenciae (R.Lesson, 1830)",2476748,31.898645,-109.162047,5.0,NORTH_AMERICA,Arizona,2018,11,8,2018-11-08T16:47:48,True,Jon,iNaturalist,http://creativecommons.org/licenses/by-nc/4.0/,Jon,https://inaturalist-open-data.s3.amazonaws.com/photos/27957651/original.jpg; https://inaturalist-open-data.s3.amazonaws.com/photos/27957653/original.jpg; https://inaturalist-open-data.s3.amazonaws.com/photos/27957656/original.jpg; https://inaturalist-open-data.s3.amazonaws.com/photos/27957659/original.jpg,k-southwestern-u-s-a,2024-10-25 13:52:48
original_4901618255_3.jpg,2684674,Juniperus deppeana,41.506,"Lampornis clemenciae (R.Lesson, 1830)",2476748,31.898645,-109.162047,5.0,NORTH_AMERICA,Arizona,2018,11,8,2018-11-08T16:47:48,True,Jon,iNaturalist,http://creativecommons.org/licenses/by-nc/4.0/,Jon,https://inaturalist-open-data.s3.amazonaws.com/photos/27957651/original.jpg; https://inaturalist-open-data.s3.amazonaws.com/photos/27957653/original.jpg; https://inaturalist-open-data.s3.amazonaws.com/photos/27957656/original.jpg; https://inaturalist-open-data.s3.amazonaws.com/photos/27957659/original.jpg,k-southwestern-u-s-a,2024-10-25 13:52:50
original_4901618255_4.jpg,2684674,Juniperus deppeana,9.865,"Lampornis clemenciae (R.Lesson, 1830)",2476748,31.898645,-109.162047,5.0,NORTH_AMERICA,Arizona,2018,11,8,2018-11-08T16:47:48,True,Jon,iNaturalist,http://creativecommons.org/licenses/by-nc/4.0/,Jon,https://inaturalist-open-data.s3.amazonaws.com/photos/27957651/original.jpg; https://inaturalist-open-data.s3.amazonaws.com/photos/27957653/original.jpg; https://inaturalist-open-data.s3.amazonaws.com/photos/27957656/original.jpg; https://inaturalist-open-data.s3.amazonaws.com/photos/27957659/original.jpg,k-southwestern-u-s-a,2024-10-25 13:52:52
original_4901839212_1.jpeg,5420901,Punica granatum,4.916,"Lampornis clemenciae (R.Lesson, 1830)",2476748,31.90445,-109.155853,,NORTH_AMERICA,Arizona,2020,11,20,2020-11-20T12:04,True,shrike2,iNaturalist,http://creativecommons.org/licenses/by-nc/4.0/,shrike2,https://inaturalist-open-data.s3.amazonaws.com/photos/105593707/original.jpeg; https://inaturalist-open-data.s3.amazonaws.com/photos/105593711/original.jpeg,k-southwestern-u-s-a,2024-10-25 13:52:59
original_4903886153_2.jpeg,3085622,Petrorhagia nanteuilii,0.9440000000000001,"Lampornis clemenciae (R.Lesson, 1830)",2476748,31.883335,-109.205302,,NORTH_AMERICA,Arizona,2024,6,8,2024-06-08T12:45,True,Jack Cochran,iNaturalist,http://creativecommons.org/licenses/by-nc/4.0/,Jack Cochran,https://inaturalist-open-data.s3.amazonaws.com/photos/401752200/original.jpeg; https://inaturalist-open-data.s3.amazonaws.com/photos/401752210/original.jpeg; https://inaturalist-open-data.s3.amazonaws.com/photos/401752253/original.jpeg; https://inaturalist-open-data.s3.amazonaws.com/photos/401752271/original.jpeg,k-southwestern-u-s-a,2024-10-25 13:53:14
original_4904124182_2.jpg,3033193,Aquilegia eximia,10.605,"Lampornis clemenciae (R.Lesson, 1830)",2476748,31.904001,-109.155656,182.0,NORTH_AMERICA,Arizona,2018,5,24,2018-05-24T08:05,True,grtgray,iNaturalist,http://creativecommons.org/licenses/by-nc/4.0/,grtgray,https://inaturalist-open-data.s3.amazonaws.com/photos/400847827/original.jpg; https://inaturalist-open-data.s3.amazonaws.com/photos/400848933/original.jpg,k-southwestern-u-s-a,2024-10-25 13:53:40
original_4904258909_1.jpg,5289919,Polypogon viridis,6.686,"Lampornis clemenciae (R.Lesson, 1830)",2476748,21.187964,-99.610271,248.0,NORTH_AMERICA,Querétaro,2024,6,25,2024-06-25T20:00:10,True,Marvin Biedermann,iNaturalist,http://creativecommons.org/licenses/by-nc/4.0/,Marvin Biedermann,https://inaturalist-open-data.s3.amazonaws.com/photos/399287366/original.jpg,k-mexico,2024-10-25 13:53:42
original_4908104291_1.jpeg,2695588,Tillandsia recurvata,45.646,"Lampornis clemenciae (R.Lesson, 1830)",2476748,25.24515,-100.846072,4.0,NORTH_AMERICA,Coahuila,2024,6,25,2024-06-25T19:28,True,Manuel Alejandro Rodríguez Martínez,iNaturalist,http://creativecommons.org/licenses/by-nc/4.0/,Manuel Alejandro Rodríguez Martínez,https://inaturalist-open-data.s3.amazonaws.com/photos/401883276/original.jpeg,k-mexico,2024-10-25 13:53:44
original_4908175133_1.jpeg,3172657,Myoporum laetum,0.941,"Lampornis clemenciae (R.Lesson, 1830)",2476748,31.88339,-109.205185,,NORTH_AMERICA,Arizona,2024,6,13,2024-06-13T12:38,True,Jack Cochran,iNaturalist,http://creativecommons.org/licenses/by-nc/4.0/,Jack Cochran,https://inaturalist-open-data.s3.amazonaws.com/photos/405469677/original.jpeg,k-southwestern-u-s-a,2024-10-25 13:53:47
original_4908237557_1.jpeg,5406696,Ceiba aesculifolia,9.339,"Lampornis clemenciae (R.Lesson, 1830)",2476748,19.148583,-99.122502,,NORTH_AMERICA,Distrito Federal,2024,7,15,2024-07-15T02:07,True,Xicotencatl Camacho Coronel,iNaturalist,http://creativecommons.org/licenses/by-nc/4.0/,Xicotencatl Camacho Coronel,https://inaturalist-open-data.s3.amazonaws.com/photos/407790086/original.jpeg,k-mexico,2024-10-25 13:53:50
original_4908302707_1.jpg,5349751,Erythrina americana,4.2,"Lampornis clemenciae (R.Lesson, 1830)",2476748,19.471372,-98.927275,190.0,NORTH_AMERICA,México,2024,5,22,2024-05-22,True,Carlos Chantico Acción Directa,iNaturalist,http://creativecommons.org/licenses/by-nc/4.0/,Carlos Chantico Acción Directa,https://inaturalist-open-data.s3.amazonaws.com/photos/402714017/original.jpg,k-mexico,2024-10-25 13:53:55
original_4908589564_1.jpg,5320021,Epidendrum nocturnum,1.691,"Lampornis clemenciae (R.Lesson, 1830)",2476748,17.309158,-96.531651,40.0,NORTH_AMERICA,Oaxaca,2024,7,5,2024-07-05T11:17:49,True,Pam Al Diavas,iNaturalist,http://creativecommons.org/licenses/by-nc/4.0/,Pam Al Diavas,https://inaturalist-open-data.s3.amazonaws.com/photos/404467065/original.jpg,k-mexico,2024-10-25 13:54:00
original_4908791328_1.jpeg,3152776,Malvaviscus penduliflorus,12.416,"Lampornis clemenciae (R.Lesson, 1830)",2476748,19.257193,-98.532876,981.0,NORTH_AMERICA,Puebla,2024,5,3,2024-05-03T16:12,True,Mary_Lozano,iNaturalist,http://creativecommons.org/licenses/by-nc/4.0/,Mary_Lozano,https://inaturalist-open-data.s3.amazonaws.com/photos/403952445/original.jpeg,k-mexico,2024-10-25 13:54:09
original_4908818231_1.jpeg,3152776,Malvaviscus penduliflorus,13.008000000000001,"Lampornis clemenciae (R.Lesson, 1830)",2476748,19.257193,-98.532876,981.0,NORTH_AMERICA,Puebla,2024,5,3,2024-05-03T16:12,True,Mary_Lozano,iNaturalist,http://creativecommons.org/licenses/by-nc/4.0/,Mary_Lozano,https://inaturalist-open-data.s3.amazonaws.com/photos/403951687/original.jpeg,k-mexico,2024-10-25 13:54:11
original_4908925994_4.jpeg,5285551,Pinus flexilis,1.3679999999999999,"Lampornis clemenciae (R.Lesson, 1830)",2476748,31.883368,-109.205153,,NORTH_AMERICA,Arizona,2024,6,13,2024-06-13T12:47,True,Jack Cochran,iNaturalist,http://creativecommons.org/licenses/by-nc/4.0/,Jack Cochran,https://inaturalist-open-data.s3.amazonaws.com/photos/405469797/original.jpeg; https://inaturalist-open-data.s3.amazonaws.com/photos/405469832/original.jpeg; https://inaturalist-open-data.s3.amazonaws.com/photos/405469866/original.jpeg; https://inaturalist-open-data.s3.amazonaws.com/photos/405469894/original.jpeg; https://inaturalist-open-data.s3.amazonaws.com/photos/405469930/original.jpeg; https://inaturalist-open-data.s3.amazonaws.com/photos/405469939/original.jpeg; https://inaturalist-open-data.s3.amazonaws.com/photos/405469983/original.jpeg; https://inaturalist-open-data.s3.amazonaws.com/photos/405470037/original.jpeg,k-southwestern-u-s-a,2024-10-25 13:54:21
original_4908945708_2.jpeg,3173107,Justicia carthaginensis,1.9980000000000002,"Lampornis clemenciae (R.Lesson, 1830)",2476748,19.033191,-99.230174,13.0,NORTH_AMERICA,Morelos,2024,6,15,2024-06-15T14:34:16,True,nancyd,iNaturalist,http://creativecommons.org/licenses/by-nc/4.0/,nancyd,https://inaturalist-open-data.s3.amazonaws.com/photos/405914978/original.jpeg; https://inaturalist-open-data.s3.amazonaws.com/photos/405915009/original.jpeg,k-mexico,2024-10-25 13:54:35
original_4909113233_1.jpeg,7323035,Brachychiton populneus,1.9929999999999999,"Lampornis clemenciae (R.Lesson, 1830)",2476748,31.883977,-109.205968,209.0,NORTH_AMERICA,Arizona,2024,6,17,2024-06-17T17:43,True,John and Nancy Crosby,iNaturalist,http://creativecommons.org/licenses/by-nc/4.0/,John and Nancy Crosby,https://inaturalist-open-data.s3.amazonaws.com/photos/404721432/original.jpeg,k-southwestern-u-s-a,2024-10-25 13:54:40
original_4909337960_1.jpg,2878550,Quercus hypoleucoides,2.026,"Lampornis clemenciae (R.Lesson, 1830)",2476748,19.27248,-99.461553,3247.0,NORTH_AMERICA,México,2024,7,13,2024-07-13T17:50,True,DANIEL SANCHEZ HERNANDEZ,iNaturalist,http://creativecommons.org/licenses/by-nc/4.0/,DANIEL SANCHEZ HERNANDEZ,https://inaturalist-open-data.s3.amazonaws.com/photos/407192041/original.jpg,k-mexico,2024-10-25 13:54:45
original_4910742547_1.jpeg,3138327,Carthamus tinctorius,6.055,"Lampornis clemenciae (R.Lesson, 1830)",2476748,19.312483,-98.728565,30580.0,NORTH_AMERICA,Puebla,2024,7,20,2024-07-20T11:37:37,True,Emmanuel Teyssier Teutli,iNaturalist,http://creativecommons.org/licenses/by-nc/4.0/,Emmanuel Teyssier Teutli,https://inaturalist-open-data.s3.amazonaws.com/photos/409591176/original.jpeg; https://inaturalist-open-data.s3.amazonaws.com/photos/409591191/original.jpeg; https://inaturalist-open-data.s3.amazonaws.com/photos/409591206/original.jpeg; https://inaturalist-open-data.s3.amazonaws.com/photos/409591227/original.jpeg,k-mexico,2024-10-25 13:54:50
original_4910742547_2.jpeg,8892957,Pinus jeffreyi,3.247,"Lampornis clemenciae (R.Lesson, 1830)",2476748,19.312483,-98.728565,30580.0,NORTH_AMERICA,Puebla,2024,7,20,2024-07-20T11:37:37,True,Emmanuel Teyssier Teutli,iNaturalist,http://creativecommons.org/licenses/by-nc/4.0/,Emmanuel Teyssier Teutli,https://inaturalist-open-data.s3.amazonaws.com/photos/409591176/original.jpeg; https://inaturalist-open-data.s3.amazonaws.com/photos/409591191/original.jpeg; https://inaturalist-open-data.s3.amazonaws.com/photos/409591206/original.jpeg; https://inaturalist-open-data.s3.amazonaws.com/photos/409591227/original.jpeg,k-mexico,2024-10-25 13:54:52
original_4910742547_3.jpeg,10334868,Selenicereus undatus,10.783,"Lampornis clemenciae (R.Lesson, 1830)",2476748,19.312483,-98.728565,30580.0,NORTH_AMERICA,Puebla,2024,7,20,2024-07-20T11:37:37,True,Emmanuel Teyssier Teutli,iNaturalist,http://creativecommons.org/licenses/by-nc/4.0/,Emmanuel Teyssier Teutli,https://inaturalist-open-data.s3.amazonaws.com/photos/409591176/original.jpeg; https://inaturalist-open-data.s3.amazonaws.com/photos/409591191/original.jpeg; https://inaturalist-open-data.s3.amazonaws.com/photos/409591206/original.jpeg; https://inaturalist-open-data.s3.amazonaws.com/photos/409591227/original.jpeg,k-mexico,2024-10-25 13:54:53
original_4910742547_4.jpeg,5305033,Kniphofia uvaria,18.897,"Lampornis clemenciae (R.Lesson, 1830)",2476748,19.312483,-98.728565,30580.0,NORTH_AMERICA,Puebla,2024,7,20,2024-07-20T11:37:37,True,Emmanuel Teyssier Teutli,iNaturalist,http://creativecommons.org/licenses/by-nc/4.0/,Emmanuel Teyssier Teutli,https://inaturalist-open-data.s3.amazonaws.com/photos/409591176/original.jpeg; https://inaturalist-open-data.s3.amazonaws.com/photos/409591191/original.jpeg; https://inaturalist-open-data.s3.amazonaws.com/photos/409591206/original.jpeg; https://inaturalist-open-data.s3.amazonaws.com/photos/409591227/original.jpeg,k-mexico,2024-10-25 13:54:55
original_4910870751_1.jpg,3026408,Spiraea prunifolia,1.934,"Lampornis clemenciae (R.Lesson, 1830)",2476748,34.048928,-111.093731,377223.0,NORTH_AMERICA,Arizona,2019,8,1,2019-08-01T18:45,True,pauhana01,iNaturalist,http://creativecommons.org/licenses/by-nc/4.0/,pauhana01,https://inaturalist-open-data.s3.amazonaws.com/photos/409533488/original.jpg,k-southwestern-u-s-a,2024-10-25 13:54:58
original_4910903328_1.jpeg,5372838,Salix laevigata,3.846,"Lampornis clemenciae (R.Lesson, 1830)",2476748,31.88337,-109.205232,,NORTH_AMERICA,Arizona,2024,6,22,2024-06-22T17:57,True,Scott Flamand,iNaturalist,http://creativecommons.org/licenses/by-nc/4.0/,Scott Flamand,https://inaturalist-open-data.s3.amazonaws.com/photos/410432355/original.jpeg,k-southwestern-u-s-a,2024-10-25 13:55:00
original_4919274688_1.jpeg,2932944,Capsicum annuum,1.865,"Lampornis clemenciae (R.Lesson, 1830)",2476748,25.396599,-100.558798,346.0,NORTH_AMERICA,Coahuila,2024,7,29,2024-07-29T10:30,True,Raul Eduardo Gamez Benavides,iNaturalist,http://creativecommons.org/licenses/by-nc/4.0/,Raul Eduardo Gamez Benavides,https://inaturalist-open-data.s3.amazonaws.com/photos/413355114/original.jpeg,k-mexico,2024-10-25 13:55:02
original_4919625625_1.jpeg,7313348,Passiflora platyloba,3.2399999999999998,"Lampornis clemenciae (R.Lesson, 1830)",2476748,21.313455,-100.111336,64.0,NORTH_AMERICA,Guanajuato,2024,7,28,2024-07-28T11:18,True,Paco Medina,iNaturalist,http://creativecommons.org/licenses/by-nc/4.0/,Paco Medina,https://inaturalist-open-data.s3.amazonaws.com/photos/413461276/original.jpeg,k-mexico,2024-10-25 13:55:07
original_4919648154_1.jpeg,8288790,Cornus nuttallii,3.682,"Lampornis clemenciae (R.Lesson, 1830)",2476748,31.892805,-109.167196,33.0,NORTH_AMERICA,Arizona,2024,7,26,2024-07-26T11:19:47,True,Teresa Shaefer Randall,iNaturalist,http://creativecommons.org/licenses/by-nc/4.0/,Teresa Shaefer Randall,https://inaturalist-open-data.s3.amazonaws.com/photos/412195053/original.jpeg,k-southwestern-u-s-a,2024-10-25 13:55:13
original_4921581316_1.jpeg,7288259,Buddleja cordata,84.971,"Lampornis clemenciae (R.Lesson, 1830)",2476748,18.864408,-97.217344,61.0,NORTH_AMERICA,Veracruz,2024,7,24,2024-07-24T02:22,True,PNCañón DelRioblanco,iNaturalist,http://creativecommons.org/licenses/by-nc/4.0/,PNCañón DelRioblanco,https://inaturalist-open-data.s3.amazonaws.com/photos/411232394/original.jpeg,k-mexico,2024-10-25 13:55:15
original_4921656764_1.jpeg,7282300,Pachycereus pecten-aboriginum,0.396,"Lampornis clemenciae (R.Lesson, 1830)",2476748,25.649031,-100.639741,57.0,NORTH_AMERICA,Nuevo León,2024,7,28,2024-07-28T08:06:14,True,Mauricio L,iNaturalist,http://creativecommons.org/licenses/by-nc/4.0/,Mauricio L,https://inaturalist-open-data.s3.amazonaws.com/photos/413685274/original.jpeg,k-mexico,2024-10-25 13:55:18
original_4921796165_1.jpeg,3063705,Hippomane mancinella,2.618,"Lampornis clemenciae (R.Lesson, 1830)",2476748,25.326784,-100.970078,31.0,NORTH_AMERICA,Coahuila,2024,7,29,2024-07-29T07:27,True,Manuel Alejandro Rodríguez Martínez,iNaturalist,http://creativecommons.org/licenses/by-nc/4.0/,Manuel Alejandro Rodríguez Martínez,https://inaturalist-open-data.s3.amazonaws.com/photos/413898723/original.jpeg,k-mexico,2024-10-25 13:55:21
original_4921916179_1.jpeg,2684549,Juniperus flaccida,3.868,"Lampornis clemenciae (R.Lesson, 1830)",2476748,18.86418,-97.205233,753.0,NORTH_AMERICA,Veracruz,2024,7,24,2024-07-24T02:11:29,True,Osvaldo Balderas San Miguel,iNaturalist,http://creativecommons.org/licenses/by-nc/4.0/,Osvaldo Balderas San Miguel,https://inaturalist-open-data.s3.amazonaws.com/photos/414776130/original.jpeg,k-mexico,2024-10-25 13:55:24
original_4921924884_1.jpeg,5372838,Salix laevigata,0.6930000000000001,"Lampornis clemenciae (R.Lesson, 1830)",2476748,31.883208,-109.205525,,NORTH_AMERICA,Arizona,2024,8,5,2024-08-05T08:09:32,True,Julia Betz,iNaturalist,http://creativecommons.org/licenses/by-nc/4.0/,Julia Betz,https://inaturalist-open-data.s3.amazonaws.com/photos/415811829/original.jpeg; https://inaturalist-open-data.s3.amazonaws.com/photos/415811863/original.jpeg; https://inaturalist-open-data.s3.amazonaws.com/photos/415811902/original.jpeg; https://inaturalist-open-data.s3.amazonaws.com/photos/415811928/original.jpeg,k-southwestern-u-s-a,2024-10-25 13:55:27
original_4921924884_2.jpeg,5372984,Salix bonplandiana,1.551,"Lampornis clemenciae (R.Lesson, 1830)",2476748,31.883208,-109.205525,,NORTH_AMERICA,Arizona,2024,8,5,2024-08-05T08:09:32,True,Julia Betz,iNaturalist,http://creativecommons.org/licenses/by-nc/4.0/,Julia Betz,https://inaturalist-open-data.s3.amazonaws.com/photos/415811829/original.jpeg; https://inaturalist-open-data.s3.amazonaws.com/photos/415811863/original.jpeg; https://inaturalist-open-data.s3.amazonaws.com/photos/415811902/original.jpeg; https://inaturalist-open-data.s3.amazonaws.com/photos/415811928/original.jpeg,k-southwestern-u-s-a,2024-10-25 13:55:29
original_4921924884_3.jpeg,5372838,Salix laevigata,1.6049999999999998,"Lampornis clemenciae (R.Lesson, 1830)",2476748,31.883208,-109.205525,,NORTH_AMERICA,Arizona,2024,8,5,2024-08-05T08:09:32,True,Julia Betz,iNaturalist,http://creativecommons.org/licenses/by-nc/4.0/,Julia Betz,https://inaturalist-open-data.s3.amazonaws.com/photos/415811829/original.jpeg; https://inaturalist-open-data.s3.amazonaws.com/photos/415811863/original.jpeg; https://inaturalist-open-data.s3.amazonaws.com/photos/415811902/original.jpeg; https://inaturalist-open-data.s3.amazonaws.com/photos/415811928/original.jpeg,k-southwestern-u-s-a,2024-10-25 13:55:31
original_4921924884_4.jpeg,5372984,Salix bonplandiana,3.765,"Lampornis clemenciae (R.Lesson, 1830)",2476748,31.883208,-109.205525,,NORTH_AMERICA,Arizona,2024,8,5,2024-08-05T08:09:32,True,Julia Betz,iNaturalist,http://creativecommons.org/licenses/by-nc/4.0/,Julia Betz,https://inaturalist-open-data.s3.amazonaws.com/photos/415811829/original.jpeg; https://inaturalist-open-data.s3.amazonaws.com/photos/415811863/original.jpeg; https://inaturalist-open-data.s3.amazonaws.com/photos/415811902/original.jpeg; https://inaturalist-open-data.s3.amazonaws.com/photos/415811928/original.jpeg,k-southwestern-u-s-a,2024-10-25 13:55:34
original_4921979900_1.jpeg,2878171,Quercus emoryi,11.934000000000001,"Lampornis clemenciae (R.Lesson, 1830)",2476748,25.326871,-100.970067,15.0,NORTH_AMERICA,Coahuila,2024,7,29,2024-07-29T07:25,True,Manuel Alejandro Rodríguez Martínez,iNaturalist,http://creativecommons.org/licenses/by-nc/4.0/,Manuel Alejandro Rodríguez Martínez,https://inaturalist-open-data.s3.amazonaws.com/photos/413898741/original.jpeg,k-mexico,2024-10-25 13:55:36
original_891106914_2.jpg,2874569,Cucumis sativus,3.257,"Lampornis clemenciae (R.Lesson, 1830)",2476748,31.448257,-110.30676,,NORTH_AMERICA,Arizona,2008,8,9,2008-08-09T10:49:18,True,BJ Stacey,iNaturalist,http://creativecommons.org/licenses/by-nc/4.0/,BJ Stacey,https://inaturalist-open-data.s3.amazonaws.com/photos/204859/original.jpg; https://inaturalist-open-data.s3.amazonaws.com/photos/204860/original.jpg; https://inaturalist-open-data.s3.amazonaws.com/photos/204861/original.jpg,k-southwestern-u-s-a,2024-10-25 13:55:43
original_899968544_2.jpg,3866517,Bellucia pentamera,3.4070000000000005,"Lampornis clemenciae (R.Lesson, 1830)",2476748,19.582531,-100.20955,62.0,NORTH_AMERICA,México,2012,4,29,2012-04-29,True,Juan Carlos Pérez Magaña,iNaturalist,http://creativecommons.org/licenses/by-nc/4.0/,Juan Carlos Pérez Magaña,https://inaturalist-open-data.s3.amazonaws.com/photos/787770/original.jpg; https://inaturalist-open-data.s3.amazonaws.com/photos/787777/original.jpg,k-mexico,2024-11-06 12:57:12
