imageFileName,gbifIDPlant,speciesPlant,scorePlant,scientificNameBird,gbifIDBird,decimalLatitude,decimalLongitude,coordinateUncertaintyInMeters,continent,stateProvince,year,month,day,eventDate,dateFieldsValid,creator,publisher,license,rightsHolder,identifier,projectID,identificationDateTime
original_1052577435_1.JPG,5590493,Drymonia serrulata,2.196,"Selasphorus heloisa (R.Lesson & Delattre, 1839)",10996645,23.213583,-99.275208,,NORTH_AMERICA,Tamaulipas,2014,9,9,2014-09-09,True,Mario Alberto Alvarez Lara,iNaturalist,http://creativecommons.org/licenses/by-nc/4.0/,Mario Alberto Alvarez Lara,https://inaturalist-open-data.s3.amazonaws.com/photos/1368721/original.JPG,k-mexico,2024-10-24 15:08:57
original_1453135523_1.jpeg,3113283,Cirsium mexicanum,13.392999999999999,"Selasphorus heloisa (R.Lesson & Delattre, 1839)",10996645,17.293528,-96.387563,253.0,NORTH_AMERICA,Oaxaca,2016,1,25,2016-01-25,True,leo_v,iNaturalist,http://creativecommons.org/licenses/by-nc/4.0/,leo_v,https://inaturalist-open-data.s3.amazonaws.com/photos/5196874/original.jpeg,k-mexico,2024-10-24 15:09:05
original_1453152107_1.jpg,2747939,Crocosmia × crocosmiiflora,34.489,"Selasphorus heloisa (R.Lesson & Delattre, 1839)",10996645,20.423322,-98.238105,,NORTH_AMERICA,Hidalgo,2016,8,14,2016-08-14T13:16,True,davy,iNaturalist,http://creativecommons.org/licenses/by-nc/4.0/,davy,https://inaturalist-open-data.s3.amazonaws.com/photos/5262839/original.jpg,k-mexico,2024-10-24 15:09:07
original_1453250270_1.jpg,3147973,Verbesina crocata,0.928,"Selasphorus heloisa (R.Lesson & Delattre, 1839)",10996645,18.807518,-102.96936,3906.0,NORTH_AMERICA,Michoacán,2016,11,11,2016-11-11T13:12,True,Karl Hawkman Drakulfeith,iNaturalist,http://creativecommons.org/licenses/by-nc/4.0/,Karl Hawkman Drakulfeith,https://inaturalist-open-data.s3.amazonaws.com/photos/5639224/original.jpg; https://inaturalist-open-data.s3.amazonaws.com/photos/5639323/original.jpg; https://inaturalist-open-data.s3.amazonaws.com/photos/5639324/original.jpg; https://inaturalist-open-data.s3.amazonaws.com/photos/5639325/original.jpg; https://inaturalist-open-data.s3.amazonaws.com/photos/5644798/original.jpeg; https://inaturalist-open-data.s3.amazonaws.com/photos/5644799/original.jpeg; https://inaturalist-open-data.s3.amazonaws.com/photos/5644805/original.jpeg,k-mexico,2024-10-24 15:09:10
original_1453250270_4.jpg,2889868,Phoradendron californicum,4.485,"Selasphorus heloisa (R.Lesson & Delattre, 1839)",10996645,18.807518,-102.96936,3906.0,NORTH_AMERICA,Michoacán,2016,11,11,2016-11-11T13:12,True,Karl Hawkman Drakulfeith,iNaturalist,http://creativecommons.org/licenses/by-nc/4.0/,Karl Hawkman Drakulfeith,https://inaturalist-open-data.s3.amazonaws.com/photos/5639224/original.jpg; https://inaturalist-open-data.s3.amazonaws.com/photos/5639323/original.jpg; https://inaturalist-open-data.s3.amazonaws.com/photos/5639324/original.jpg; https://inaturalist-open-data.s3.amazonaws.com/photos/5639325/original.jpg; https://inaturalist-open-data.s3.amazonaws.com/photos/5644798/original.jpeg; https://inaturalist-open-data.s3.amazonaws.com/photos/5644799/original.jpeg; https://inaturalist-open-data.s3.amazonaws.com/photos/5644805/original.jpeg,k-mexico,2024-10-24 15:09:17
original_1453250270_5.jpg,2777004,Nolina bigelovii,3.3649999999999998,"Selasphorus heloisa (R.Lesson & Delattre, 1839)",10996645,18.807518,-102.96936,3906.0,NORTH_AMERICA,Michoacán,2016,11,11,2016-11-11T13:12,True,Karl Hawkman Drakulfeith,iNaturalist,http://creativecommons.org/licenses/by-nc/4.0/,Karl Hawkman Drakulfeith,https://inaturalist-open-data.s3.amazonaws.com/photos/5639224/original.jpg; https://inaturalist-open-data.s3.amazonaws.com/photos/5639323/original.jpg; https://inaturalist-open-data.s3.amazonaws.com/photos/5639324/original.jpg; https://inaturalist-open-data.s3.amazonaws.com/photos/5639325/original.jpg; https://inaturalist-open-data.s3.amazonaws.com/photos/5644798/original.jpeg; https://inaturalist-open-data.s3.amazonaws.com/photos/5644799/original.jpeg; https://inaturalist-open-data.s3.amazonaws.com/photos/5644805/original.jpeg,k-mexico,2024-10-24 15:09:19
original_1571082155_1.jpeg,5406696,Ceiba aesculifolia,11.394,"Selasphorus heloisa (R.Lesson & Delattre, 1839)",10996645,17.292913,-96.375911,126.0,NORTH_AMERICA,Oaxaca,2017,6,1,2017-06-01T20:17,True,leo_v,iNaturalist,http://creativecommons.org/licenses/by-nc/4.0/,leo_v,https://inaturalist-open-data.s3.amazonaws.com/photos/8182193/original.jpeg,k-mexico,2024-10-24 15:09:26
original_1640111566_1.jpg,5830619,Dolichandra unguis-cati,3.2870000000000004,"Selasphorus heloisa (R.Lesson & Delattre, 1839)",10996645,19.256316,-99.190106,31.0,NORTH_AMERICA,Distrito Federal,2016,8,28,2016-08-28T09:48,True,Francisco Caloca,iNaturalist,http://creativecommons.org/licenses/by-nc/4.0/,Francisco Caloca,https://inaturalist-open-data.s3.amazonaws.com/photos/10331770/original.jpg; https://inaturalist-open-data.s3.amazonaws.com/photos/10336521/original.jpg,k-mexico,2024-10-24 15:09:29
original_1640111566_2.jpg,3084466,Selenicereus grandiflorus,3.7929999999999997,"Selasphorus heloisa (R.Lesson & Delattre, 1839)",10996645,19.256316,-99.190106,31.0,NORTH_AMERICA,Distrito Federal,2016,8,28,2016-08-28T09:48,True,Francisco Caloca,iNaturalist,http://creativecommons.org/licenses/by-nc/4.0/,Francisco Caloca,https://inaturalist-open-data.s3.amazonaws.com/photos/10331770/original.jpg; https://inaturalist-open-data.s3.amazonaws.com/photos/10336521/original.jpg,k-mexico,2024-10-24 15:09:31
original_1807323560_1.jpg,5285090,Pinus patula,9.818,"Selasphorus heloisa (R.Lesson & Delattre, 1839)",10996645,19.3608,-97.13096,,NORTH_AMERICA,Veracruz,2007,10,14,2007-10-14,True,Scott Bowers,iNaturalist,http://creativecommons.org/licenses/by-nc/4.0/,Scott Bowers,https://inaturalist-open-data.s3.amazonaws.com/photos/13381139/original.jpg,k-mexico,2024-10-24 15:09:33
original_1841284918_1.jpeg,2874119,Xylosma flexuosa,17.858,"Selasphorus heloisa (R.Lesson & Delattre, 1839)",10996645,23.067925,-99.224353,,NORTH_AMERICA,Tamaulipas,2018,4,18,2018-04-18T09:43,True,Roberto González,iNaturalist,http://creativecommons.org/licenses/by-nc/4.0/,Roberto González,https://inaturalist-open-data.s3.amazonaws.com/photos/17087303/original.jpeg,k-mexico,2024-10-24 15:09:37
original_1880581321_1.jpeg,3190006,Ungnadia speciosa,0.5559999999999999,"Selasphorus heloisa (R.Lesson & Delattre, 1839)",10996645,23.035338,-99.275955,61.0,NORTH_AMERICA,Tamaulipas,2018,6,18,2018-06-18T13:13,True,Roberto González,iNaturalist,http://creativecommons.org/licenses/by-nc/4.0/,Roberto González,https://inaturalist-open-data.s3.amazonaws.com/photos/20395473/original.jpeg; https://inaturalist-open-data.s3.amazonaws.com/photos/20395951/original.jpeg; https://inaturalist-open-data.s3.amazonaws.com/photos/20395954/original.jpeg; https://inaturalist-open-data.s3.amazonaws.com/photos/20395960/original.jpeg; https://inaturalist-open-data.s3.amazonaws.com/photos/20395967/original.jpeg; https://inaturalist-open-data.s3.amazonaws.com/photos/20395968/original.jpeg; https://inaturalist-open-data.s3.amazonaws.com/photos/20395972/original.jpeg,k-mexico,2024-10-24 15:09:40
original_1880581321_2.jpeg,2792457,Polystachya concreta,1.202,"Selasphorus heloisa (R.Lesson & Delattre, 1839)",10996645,23.035338,-99.275955,61.0,NORTH_AMERICA,Tamaulipas,2018,6,18,2018-06-18T13:13,True,Roberto González,iNaturalist,http://creativecommons.org/licenses/by-nc/4.0/,Roberto González,https://inaturalist-open-data.s3.amazonaws.com/photos/20395473/original.jpeg; https://inaturalist-open-data.s3.amazonaws.com/photos/20395951/original.jpeg; https://inaturalist-open-data.s3.amazonaws.com/photos/20395954/original.jpeg; https://inaturalist-open-data.s3.amazonaws.com/photos/20395960/original.jpeg; https://inaturalist-open-data.s3.amazonaws.com/photos/20395967/original.jpeg; https://inaturalist-open-data.s3.amazonaws.com/photos/20395968/original.jpeg; https://inaturalist-open-data.s3.amazonaws.com/photos/20395972/original.jpeg,k-mexico,2024-10-24 15:09:42
original_1880581321_7.jpeg,3113283,Cirsium mexicanum,24.884,"Selasphorus heloisa (R.Lesson & Delattre, 1839)",10996645,23.035338,-99.275955,61.0,NORTH_AMERICA,Tamaulipas,2018,6,18,2018-06-18T13:13,True,Roberto González,iNaturalist,http://creativecommons.org/licenses/by-nc/4.0/,Roberto González,https://inaturalist-open-data.s3.amazonaws.com/photos/20395473/original.jpeg; https://inaturalist-open-data.s3.amazonaws.com/photos/20395951/original.jpeg; https://inaturalist-open-data.s3.amazonaws.com/photos/20395954/original.jpeg; https://inaturalist-open-data.s3.amazonaws.com/photos/20395960/original.jpeg; https://inaturalist-open-data.s3.amazonaws.com/photos/20395967/original.jpeg; https://inaturalist-open-data.s3.amazonaws.com/photos/20395968/original.jpeg; https://inaturalist-open-data.s3.amazonaws.com/photos/20395972/original.jpeg,k-mexico,2024-10-24 15:09:52
original_1880640811_1.jpeg,3974744,Vachellia nilotica,1.52,"Selasphorus heloisa (R.Lesson & Delattre, 1839)",10996645,19.045586,-98.462877,,NORTH_AMERICA,Puebla,2018,7,4,2018-07-04T17:35,True,Bodo Nuñez Oberg,iNaturalist,http://creativecommons.org/licenses/by-nc/4.0/,Bodo Nuñez Oberg,https://inaturalist-open-data.s3.amazonaws.com/photos/20819049/original.jpeg; https://inaturalist-open-data.s3.amazonaws.com/photos/20819058/original.jpeg,k-mexico,2024-10-24 15:09:54
original_1880640811_2.jpeg,3795445,Vachellia macracantha,4.8629999999999995,"Selasphorus heloisa (R.Lesson & Delattre, 1839)",10996645,19.045586,-98.462877,,NORTH_AMERICA,Puebla,2018,7,4,2018-07-04T17:35,True,Bodo Nuñez Oberg,iNaturalist,http://creativecommons.org/licenses/by-nc/4.0/,Bodo Nuñez Oberg,https://inaturalist-open-data.s3.amazonaws.com/photos/20819049/original.jpeg; https://inaturalist-open-data.s3.amazonaws.com/photos/20819058/original.jpeg,k-mexico,2024-10-24 15:09:56
original_1899816661_1.jpeg,8249437,Salvia purpurea,7.668,"Selasphorus heloisa (R.Lesson & Delattre, 1839)",10996645,19.58765,-96.957178,31.0,NORTH_AMERICA,Veracruz,2017,12,13,2017-12-13T16:44,True,Adrianh Martínez Orozco,iNaturalist,http://creativecommons.org/licenses/by/4.0/,Adrianh Martínez Orozco,https://inaturalist-open-data.s3.amazonaws.com/photos/12370020/original.jpeg,k-mexico,2024-10-24 15:09:58
original_1899816682_1.jpeg,2931104,Solanum pseudocapsicum,0.358,"Selasphorus heloisa (R.Lesson & Delattre, 1839)",10996645,19.587585,-96.955526,125.0,NORTH_AMERICA,Veracruz,2017,12,13,2017-12-13,True,Adrianh Martínez Orozco,iNaturalist,http://creativecommons.org/licenses/by/4.0/,Adrianh Martínez Orozco,https://inaturalist-open-data.s3.amazonaws.com/photos/12378689/original.jpeg; https://inaturalist-open-data.s3.amazonaws.com/photos/12378690/original.jpeg; https://inaturalist-open-data.s3.amazonaws.com/photos/12378691/original.jpeg,k-mexico,2024-10-24 15:10:01
original_1899816682_2.jpeg,5321877,Ionopsis utricularioides,2.648,"Selasphorus heloisa (R.Lesson & Delattre, 1839)",10996645,19.587585,-96.955526,125.0,NORTH_AMERICA,Veracruz,2017,12,13,2017-12-13,True,Adrianh Martínez Orozco,iNaturalist,http://creativecommons.org/licenses/by/4.0/,Adrianh Martínez Orozco,https://inaturalist-open-data.s3.amazonaws.com/photos/12378689/original.jpeg; https://inaturalist-open-data.s3.amazonaws.com/photos/12378690/original.jpeg; https://inaturalist-open-data.s3.amazonaws.com/photos/12378691/original.jpeg,k-mexico,2024-10-24 15:10:03
original_1899816682_3.jpeg,8249437,Salvia purpurea,7.668,"Selasphorus heloisa (R.Lesson & Delattre, 1839)",10996645,19.587585,-96.955526,125.0,NORTH_AMERICA,Veracruz,2017,12,13,2017-12-13,True,Adrianh Martínez Orozco,iNaturalist,http://creativecommons.org/licenses/by/4.0/,Adrianh Martínez Orozco,https://inaturalist-open-data.s3.amazonaws.com/photos/12378689/original.jpeg; https://inaturalist-open-data.s3.amazonaws.com/photos/12378690/original.jpeg; https://inaturalist-open-data.s3.amazonaws.com/photos/12378691/original.jpeg,k-mexico,2024-10-24 15:10:05
original_1945466482_1.jpg,2878259,Quercus segoviensis,18.556,"Selasphorus heloisa (R.Lesson & Delattre, 1839)",10996645,16.168774,-96.485993,301.0,NORTH_AMERICA,Oaxaca,2018,11,13,2018-11-13T23:26,True,Ivan Phillipsen,iNaturalist,http://creativecommons.org/licenses/by-nc/4.0/,Ivan Phillipsen,https://inaturalist-open-data.s3.amazonaws.com/photos/28374900/original.jpg,k-mexico,2024-10-24 15:10:08
original_1948765606_1.jpeg,2932944,Capsicum annuum,2.689,"Selasphorus heloisa (R.Lesson & Delattre, 1839)",10996645,21.48506,-104.994252,15.0,NORTH_AMERICA,Nayarit,2015,12,7,2015-12-07T14:16,True,Chuck Gates,iNaturalist,http://creativecommons.org/licenses/by-nc/4.0/,Chuck Gates,https://inaturalist-open-data.s3.amazonaws.com/photos/28789834/original.jpeg,k-mexico,2024-10-24 15:10:10
original_1950000516_1.jpeg,3085168,Achyranthes aspera,2.072,"Selasphorus heloisa (R.Lesson & Delattre, 1839)",10996645,19.506113,-97.017736,61.0,NORTH_AMERICA,Veracruz,2018,5,18,2018-05-18T11:13,True,El Chivizcoyo,iNaturalist,http://creativecommons.org/licenses/by-nc/4.0/,El Chivizcoyo,https://inaturalist-open-data.s3.amazonaws.com/photos/28980221/original.jpeg,k-mexico,2024-10-24 15:10:13
original_1990593213_1.jpeg,5320021,Epidendrum nocturnum,8.664,"Selasphorus heloisa (R.Lesson & Delattre, 1839)",10996645,19.0227,-99.132101,122.0,NORTH_AMERICA,Morelos,2018,8,1,2018-08-01T09:40,True,Gera Guzman,iNaturalist,http://creativecommons.org/licenses/by-nc/4.0/,Gera Guzman,https://inaturalist-open-data.s3.amazonaws.com/photos/30667482/original.jpeg,k-mexico,2024-10-24 15:10:15
original_1993755562_1.jpeg,5372463,Colubrina arborescens,1.362,"Selasphorus heloisa (R.Lesson & Delattre, 1839)",10996645,19.553635,-97.031866,4.0,NORTH_AMERICA,Veracruz,2019,2,3,2019-02-03T22:46,True,Adrianh Martínez Orozco,iNaturalist,http://creativecommons.org/licenses/by/4.0/,Adrianh Martínez Orozco,https://inaturalist-open-data.s3.amazonaws.com/photos/31054224/original.jpeg,k-mexico,2024-10-24 15:10:18
original_2235529712_1.jpeg,5372391,Vitis tiliifolia,21.598,"Selasphorus heloisa (R.Lesson & Delattre, 1839)",10996645,21.487095,-104.992304,,NORTH_AMERICA,Nayarit,2019,3,25,2019-03-25T12:38,True,Chuck Gates,iNaturalist,http://creativecommons.org/licenses/by-nc/4.0/,Chuck Gates,https://inaturalist-open-data.s3.amazonaws.com/photos/33925827/original.jpeg,k-mexico,2024-10-24 15:10:20
original_2236841223_1.jpg,5288518,Pitcairnia heterophylla,1.183,"Selasphorus heloisa (R.Lesson & Delattre, 1839)",10996645,19.535811,-96.991071,361.0,NORTH_AMERICA,Veracruz,2019,4,4,2019-04-04T21:23,True,Adrianh Martínez Orozco,iNaturalist,http://creativecommons.org/licenses/by/4.0/,Adrianh Martínez Orozco,https://inaturalist-open-data.s3.amazonaws.com/photos/34630533/original.jpg,k-mexico,2024-10-24 15:10:23
original_2236841773_1.jpeg,3124739,Vernonanthura patens,87.469,"Selasphorus heloisa (R.Lesson & Delattre, 1839)",10996645,19.535811,-96.991071,361.0,NORTH_AMERICA,Veracruz,2019,4,4,2019-04-04T20:37,True,Adrianh Martínez Orozco,iNaturalist,http://creativecommons.org/licenses/by/4.0/,Adrianh Martínez Orozco,https://inaturalist-open-data.s3.amazonaws.com/photos/34630330/original.jpeg,k-mexico,2024-10-24 15:10:26
original_2236842110_1.jpg,2756856,Costus comosus,1.229,"Selasphorus heloisa (R.Lesson & Delattre, 1839)",10996645,19.535811,-96.991071,361.0,NORTH_AMERICA,Veracruz,2019,4,4,2019-04-04T21:15,True,Adrianh Martínez Orozco,iNaturalist,http://creativecommons.org/licenses/by/4.0/,Adrianh Martínez Orozco,https://inaturalist-open-data.s3.amazonaws.com/photos/34630410/original.jpeg; https://inaturalist-open-data.s3.amazonaws.com/photos/34630525/original.jpg,k-mexico,2024-10-24 15:10:28
original_2294630845_1.jpeg,2705621,Paspalum notatum,8.067,"Selasphorus heloisa (R.Lesson & Delattre, 1839)",10996645,19.661549,-96.922578,4208.0,NORTH_AMERICA,Veracruz,2019,7,16,2019-07-16T11:44:08,True,Giovanni Leon,iNaturalist,http://creativecommons.org/licenses/by-nc/4.0/,Giovanni Leon,https://inaturalist-open-data.s3.amazonaws.com/photos/45765123/original.jpeg,k-mexico,2024-10-24 15:10:33
original_2350361272_1.jpg,3147973,Verbesina crocata,1.097,"Selasphorus heloisa (R.Lesson & Delattre, 1839)",10996645,18.99264,-99.295552,1000.0,NORTH_AMERICA,Morelos,2019,8,9,2019-08-09T09:20,True,Rafael Rodríguez Brito,iNaturalist,http://creativecommons.org/licenses/by-nc/4.0/,Rafael Rodríguez Brito,https://inaturalist-open-data.s3.amazonaws.com/photos/47776399/original.jpg,k-mexico,2024-10-24 15:10:35
original_2366079209_1.jpg,3132203,Perymenium grande,5.604,"Selasphorus heloisa (R.Lesson & Delattre, 1839)",10996645,19.698153,-101.136714,,NORTH_AMERICA,Michoacán,2019,8,17,2019-08-17T11:40:34,True,SIRUKI EDUCACIÓN AMBIENTAL A.C.,iNaturalist,http://creativecommons.org/licenses/by-nc/4.0/,SIRUKI EDUCACIÓN AMBIENTAL A.C.,https://inaturalist-open-data.s3.amazonaws.com/photos/48531762/original.jpg; https://inaturalist-open-data.s3.amazonaws.com/photos/48531764/original.jpg; https://inaturalist-open-data.s3.amazonaws.com/photos/48531769/original.jpg,k-mexico,2024-10-24 15:10:38
original_2366079209_2.jpg,3132203,Perymenium grande,9.167,"Selasphorus heloisa (R.Lesson & Delattre, 1839)",10996645,19.698153,-101.136714,,NORTH_AMERICA,Michoacán,2019,8,17,2019-08-17T11:40:34,True,SIRUKI EDUCACIÓN AMBIENTAL A.C.,iNaturalist,http://creativecommons.org/licenses/by-nc/4.0/,SIRUKI EDUCACIÓN AMBIENTAL A.C.,https://inaturalist-open-data.s3.amazonaws.com/photos/48531762/original.jpg; https://inaturalist-open-data.s3.amazonaws.com/photos/48531764/original.jpg; https://inaturalist-open-data.s3.amazonaws.com/photos/48531769/original.jpg,k-mexico,2024-10-24 15:10:39
original_2366079209_3.jpg,3132203,Perymenium grande,20.602999999999998,"Selasphorus heloisa (R.Lesson & Delattre, 1839)",10996645,19.698153,-101.136714,,NORTH_AMERICA,Michoacán,2019,8,17,2019-08-17T11:40:34,True,SIRUKI EDUCACIÓN AMBIENTAL A.C.,iNaturalist,http://creativecommons.org/licenses/by-nc/4.0/,SIRUKI EDUCACIÓN AMBIENTAL A.C.,https://inaturalist-open-data.s3.amazonaws.com/photos/48531762/original.jpg; https://inaturalist-open-data.s3.amazonaws.com/photos/48531764/original.jpg; https://inaturalist-open-data.s3.amazonaws.com/photos/48531769/original.jpg,k-mexico,2024-10-24 15:10:41
original_2397480164_1.jpg,6411750,Salvia leucantha,69.595,"Selasphorus heloisa (R.Lesson & Delattre, 1839)",10996645,19.423822,-99.182807,4.0,NORTH_AMERICA,Distrito Federal,2019,6,27,2019-06-27T23:16,True,antoniolp,iNaturalist,http://creativecommons.org/licenses/by-nc/4.0/,antoniolp,https://inaturalist-open-data.s3.amazonaws.com/photos/43379612/original.jpg,k-mexico,2024-10-24 15:10:43
original_2397499500_1.jpeg,2876662,Ticodendron incognitum,1.002,"Selasphorus heloisa (R.Lesson & Delattre, 1839)",10996645,19.613837,-97.048598,,NORTH_AMERICA,Veracruz,2019,8,12,2019-08-12T08:00,True,Adrianh Martínez Orozco,iNaturalist,http://creativecommons.org/licenses/by/4.0/,Adrianh Martínez Orozco,https://inaturalist-open-data.s3.amazonaws.com/photos/47986965/original.jpeg,k-mexico,2024-10-24 15:10:45
original_2397652405_1.jpeg,5372391,Vitis tiliifolia,1.8270000000000002,"Selasphorus heloisa (R.Lesson & Delattre, 1839)",10996645,19.706657,-97.160396,30545.0,NORTH_AMERICA,Veracruz,2019,8,31,2019-08-31T10:09:16,True,Adrianh Martínez Orozco,iNaturalist,http://creativecommons.org/licenses/by/4.0/,Adrianh Martínez Orozco,https://inaturalist-open-data.s3.amazonaws.com/photos/49954612/original.jpeg; https://inaturalist-open-data.s3.amazonaws.com/photos/49954621/original.jpeg,k-mexico,2024-10-24 15:10:47
original_2397652405_2.jpeg,3040215,Populus tremuloides,0.649,"Selasphorus heloisa (R.Lesson & Delattre, 1839)",10996645,19.706657,-97.160396,30545.0,NORTH_AMERICA,Veracruz,2019,8,31,2019-08-31T10:09:16,True,Adrianh Martínez Orozco,iNaturalist,http://creativecommons.org/licenses/by/4.0/,Adrianh Martínez Orozco,https://inaturalist-open-data.s3.amazonaws.com/photos/49954612/original.jpeg; https://inaturalist-open-data.s3.amazonaws.com/photos/49954621/original.jpeg,k-mexico,2024-10-24 15:10:49
original_2397685795_1.jpeg,5372391,Vitis tiliifolia,1.147,"Selasphorus heloisa (R.Lesson & Delattre, 1839)",10996645,19.613248,-97.047023,,NORTH_AMERICA,Veracruz,2019,8,31,2019-08-31T10:09,True,Adrianh Martínez Orozco,iNaturalist,http://creativecommons.org/licenses/by/4.0/,Adrianh Martínez Orozco,https://inaturalist-open-data.s3.amazonaws.com/photos/49968052/original.jpeg,k-mexico,2024-10-24 15:10:52
original_2397686195_1.jpeg,3147973,Verbesina crocata,12.381,"Selasphorus heloisa (R.Lesson & Delattre, 1839)",10996645,19.613623,-97.047037,,NORTH_AMERICA,Veracruz,2019,8,31,2019-08-31T09:28,True,Adrianh Martínez Orozco,iNaturalist,http://creativecommons.org/licenses/by/4.0/,Adrianh Martínez Orozco,https://inaturalist-open-data.s3.amazonaws.com/photos/49967838/original.jpeg; https://inaturalist-open-data.s3.amazonaws.com/photos/49967862/original.jpeg,k-mexico,2024-10-24 15:10:54
original_2429606765_1.jpeg,5275316,Thelypteris palustris,12.249,"Selasphorus heloisa (R.Lesson & Delattre, 1839)",10996645,18.719485,-97.032359,88.0,NORTH_AMERICA,Veracruz,2019,10,14,2019-10-14,True,Osvaldo Balderas San Miguel,iNaturalist,http://creativecommons.org/licenses/by-nc/4.0/,Osvaldo Balderas San Miguel,https://inaturalist-open-data.s3.amazonaws.com/photos/54190069/original.jpeg,k-mexico,2024-10-24 15:11:00
original_2456543198_1.jpeg,2932944,Capsicum annuum,2.689,"Selasphorus heloisa (R.Lesson & Delattre, 1839)",10996645,21.482763,-104.988068,619.0,NORTH_AMERICA,Nayarit,2015,12,7,2015-12-07T14:16,True,Chuck Gates,iNaturalist,http://creativecommons.org/licenses/by-nc/4.0/,Chuck Gates,https://inaturalist-open-data.s3.amazonaws.com/photos/56017223/original.jpeg,k-mexico,2024-10-24 15:11:02
original_2611087706_1.jpeg,3718266,Clethra mexicana,99.19,"Selasphorus heloisa (R.Lesson & Delattre, 1839)",10996645,18.969589,-99.289388,61.0,NORTH_AMERICA,Morelos,2019,11,30,2019-11-30T09:48,True,Judith Areli Nájera,iNaturalist,http://creativecommons.org/licenses/by-nc/4.0/,Judith Areli Nájera,https://inaturalist-open-data.s3.amazonaws.com/photos/68321767/original.jpeg,k-mexico,2024-10-24 15:11:08
original_2802712023_2.jpg,2885793,Chrysophyllum oliviforme,7.553999999999999,"Selasphorus heloisa (R.Lesson & Delattre, 1839)",10996645,19.513634,-99.257206,4.0,NORTH_AMERICA,México,2020,6,23,2020-06-23T13:44,True,iluro,iNaturalist,http://creativecommons.org/licenses/by-nc/4.0/,iluro,https://inaturalist-open-data.s3.amazonaws.com/photos/80572812/original.jpg; https://inaturalist-open-data.s3.amazonaws.com/photos/80572988/original.jpg; https://inaturalist-open-data.s3.amazonaws.com/photos/80573000/original.jpg; https://inaturalist-open-data.s3.amazonaws.com/photos/80573026/original.jpg; https://inaturalist-open-data.s3.amazonaws.com/photos/80573251/original.jpg,k-mexico,2024-10-24 15:11:13
original_2802712023_3.jpg,2885793,Chrysophyllum oliviforme,18.031,"Selasphorus heloisa (R.Lesson & Delattre, 1839)",10996645,19.513634,-99.257206,4.0,NORTH_AMERICA,México,2020,6,23,2020-06-23T13:44,True,iluro,iNaturalist,http://creativecommons.org/licenses/by-nc/4.0/,iluro,https://inaturalist-open-data.s3.amazonaws.com/photos/80572812/original.jpg; https://inaturalist-open-data.s3.amazonaws.com/photos/80572988/original.jpg; https://inaturalist-open-data.s3.amazonaws.com/photos/80573000/original.jpg; https://inaturalist-open-data.s3.amazonaws.com/photos/80573026/original.jpg; https://inaturalist-open-data.s3.amazonaws.com/photos/80573251/original.jpg,k-mexico,2024-10-24 15:11:15
original_2802712023_5.jpg,2885793,Chrysophyllum oliviforme,15.594,"Selasphorus heloisa (R.Lesson & Delattre, 1839)",10996645,19.513634,-99.257206,4.0,NORTH_AMERICA,México,2020,6,23,2020-06-23T13:44,True,iluro,iNaturalist,http://creativecommons.org/licenses/by-nc/4.0/,iluro,https://inaturalist-open-data.s3.amazonaws.com/photos/80572812/original.jpg; https://inaturalist-open-data.s3.amazonaws.com/photos/80572988/original.jpg; https://inaturalist-open-data.s3.amazonaws.com/photos/80573000/original.jpg; https://inaturalist-open-data.s3.amazonaws.com/photos/80573026/original.jpg; https://inaturalist-open-data.s3.amazonaws.com/photos/80573251/original.jpg,k-mexico,2024-10-24 15:11:19
original_2803079630_1.jpg,2772610,Dasylirion acrotrichum,0.857,"Selasphorus heloisa (R.Lesson & Delattre, 1839)",10996645,23.113673,-99.239148,74.0,NORTH_AMERICA,Tamaulipas,2020,6,17,2020-06-17T11:49,True,Luis Humberto Velez H.,iNaturalist,http://creativecommons.org/licenses/by-nc/4.0/,Luis Humberto Velez H.,https://inaturalist-open-data.s3.amazonaws.com/photos/79550071/original.jpg; https://inaturalist-open-data.s3.amazonaws.com/photos/79550215/original.jpg; https://inaturalist-open-data.s3.amazonaws.com/photos/79550271/original.jpg,k-mexico,2024-10-24 15:11:21
original_2803079630_2.jpg,3054262,Crateva tapia,1.093,"Selasphorus heloisa (R.Lesson & Delattre, 1839)",10996645,23.113673,-99.239148,74.0,NORTH_AMERICA,Tamaulipas,2020,6,17,2020-06-17T11:49,True,Luis Humberto Velez H.,iNaturalist,http://creativecommons.org/licenses/by-nc/4.0/,Luis Humberto Velez H.,https://inaturalist-open-data.s3.amazonaws.com/photos/79550071/original.jpg; https://inaturalist-open-data.s3.amazonaws.com/photos/79550215/original.jpg; https://inaturalist-open-data.s3.amazonaws.com/photos/79550271/original.jpg,k-mexico,2024-10-24 15:11:23
original_2803079630_3.jpg,3171943,Verbascum blattaria,5.024,"Selasphorus heloisa (R.Lesson & Delattre, 1839)",10996645,23.113673,-99.239148,74.0,NORTH_AMERICA,Tamaulipas,2020,6,17,2020-06-17T11:49,True,Luis Humberto Velez H.,iNaturalist,http://creativecommons.org/licenses/by-nc/4.0/,Luis Humberto Velez H.,https://inaturalist-open-data.s3.amazonaws.com/photos/79550071/original.jpg; https://inaturalist-open-data.s3.amazonaws.com/photos/79550215/original.jpg; https://inaturalist-open-data.s3.amazonaws.com/photos/79550271/original.jpg,k-mexico,2024-10-24 15:11:25
original_2818733835_1.jpeg,3169012,Hippocratea volubilis,32.381,"Selasphorus heloisa (R.Lesson & Delattre, 1839)",10996645,25.4625,-100.255278,,NORTH_AMERICA,Nuevo León,2020,7,11,2020-07-11T11:03,True,Pajarazzi,iNaturalist,http://creativecommons.org/licenses/by-nc/4.0/,Pajarazzi,https://inaturalist-open-data.s3.amazonaws.com/photos/83820528/original.jpeg; https://inaturalist-open-data.s3.amazonaws.com/photos/83821589/original.jpeg,k-mexico,2024-10-24 15:11:27
original_2818733835_2.jpeg,3169012,Hippocratea volubilis,4.133,"Selasphorus heloisa (R.Lesson & Delattre, 1839)",10996645,25.4625,-100.255278,,NORTH_AMERICA,Nuevo León,2020,7,11,2020-07-11T11:03,True,Pajarazzi,iNaturalist,http://creativecommons.org/licenses/by-nc/4.0/,Pajarazzi,https://inaturalist-open-data.s3.amazonaws.com/photos/83820528/original.jpeg; https://inaturalist-open-data.s3.amazonaws.com/photos/83821589/original.jpeg,k-mexico,2024-10-24 15:11:30
original_2850653465_1.jpg,5406696,Ceiba aesculifolia,3.685,"Selasphorus heloisa (R.Lesson & Delattre, 1839)",10996645,19.032035,-99.208344,1499.0,NORTH_AMERICA,Morelos,2019,11,20,2019-11-20T15:48,True,Guenther Eichhorn,iNaturalist,http://creativecommons.org/licenses/by-nc/4.0/,Guenther Eichhorn,https://inaturalist-open-data.s3.amazonaws.com/photos/88459042/original.jpg,k-mexico,2024-10-24 15:11:32
original_2984371880_1.jpg,3087725,Chromolaena odorata,2.403,"Selasphorus heloisa (R.Lesson & Delattre, 1839)",10996645,16.172471,-96.505858,135.0,NORTH_AMERICA,Oaxaca,2020,11,7,2020-11-07T14:36,True,ferblafla,iNaturalist,http://creativecommons.org/licenses/by-nc/4.0/,ferblafla,https://inaturalist-open-data.s3.amazonaws.com/photos/103910473/original.jpg,k-mexico,2024-10-24 15:11:34
original_3031729664_1.jpg,8368963,Salvia gesneriiflora,55.806,"Selasphorus heloisa (R.Lesson & Delattre, 1839)",10996645,19.033474,-99.202782,1198.0,NORTH_AMERICA,Morelos,2019,9,22,2019-09-22T13:26:20,True,manimiranda,iNaturalist,http://creativecommons.org/licenses/by-nc/4.0/,manimiranda,https://inaturalist-open-data.s3.amazonaws.com/photos/110995180/original.jpg; https://inaturalist-open-data.s3.amazonaws.com/photos/110995185/original.jpg; https://inaturalist-open-data.s3.amazonaws.com/photos/110995188/original.jpg; https://inaturalist-open-data.s3.amazonaws.com/photos/110995193/original.jpg,k-mexico,2024-10-24 15:11:37
original_3031729664_2.jpg,7403263,Lactuca sativa,2.105,"Selasphorus heloisa (R.Lesson & Delattre, 1839)",10996645,19.033474,-99.202782,1198.0,NORTH_AMERICA,Morelos,2019,9,22,2019-09-22T13:26:20,True,manimiranda,iNaturalist,http://creativecommons.org/licenses/by-nc/4.0/,manimiranda,https://inaturalist-open-data.s3.amazonaws.com/photos/110995180/original.jpg; https://inaturalist-open-data.s3.amazonaws.com/photos/110995185/original.jpg; https://inaturalist-open-data.s3.amazonaws.com/photos/110995188/original.jpg; https://inaturalist-open-data.s3.amazonaws.com/photos/110995193/original.jpg,k-mexico,2024-10-24 15:11:39
original_3031729664_3.jpg,5590493,Drymonia serrulata,0.5519999999999999,"Selasphorus heloisa (R.Lesson & Delattre, 1839)",10996645,19.033474,-99.202782,1198.0,NORTH_AMERICA,Morelos,2019,9,22,2019-09-22T13:26:20,True,manimiranda,iNaturalist,http://creativecommons.org/licenses/by-nc/4.0/,manimiranda,https://inaturalist-open-data.s3.amazonaws.com/photos/110995180/original.jpg; https://inaturalist-open-data.s3.amazonaws.com/photos/110995185/original.jpg; https://inaturalist-open-data.s3.amazonaws.com/photos/110995188/original.jpg; https://inaturalist-open-data.s3.amazonaws.com/photos/110995193/original.jpg,k-mexico,2024-10-24 15:11:41
original_3031729664_4.jpg,5320021,Epidendrum nocturnum,1.4749999999999999,"Selasphorus heloisa (R.Lesson & Delattre, 1839)",10996645,19.033474,-99.202782,1198.0,NORTH_AMERICA,Morelos,2019,9,22,2019-09-22T13:26:20,True,manimiranda,iNaturalist,http://creativecommons.org/licenses/by-nc/4.0/,manimiranda,https://inaturalist-open-data.s3.amazonaws.com/photos/110995180/original.jpg; https://inaturalist-open-data.s3.amazonaws.com/photos/110995185/original.jpg; https://inaturalist-open-data.s3.amazonaws.com/photos/110995188/original.jpg; https://inaturalist-open-data.s3.amazonaws.com/photos/110995193/original.jpg,k-mexico,2024-10-24 15:11:44
original_3039479030_1.jpeg,5349751,Erythrina americana,0.899,"Selasphorus heloisa (R.Lesson & Delattre, 1839)",10996645,19.021626,-99.107987,100.0,NORTH_AMERICA,Morelos,2020,11,14,2020-11-14T09:39:18,True,Andrea Velasco,iNaturalist,http://creativecommons.org/licenses/by-nc/4.0/,Andrea Velasco,https://inaturalist-open-data.s3.amazonaws.com/photos/112533424/original.jpeg,k-mexico,2024-10-24 15:11:50
original_3079480660_1.jpeg,2766949,Agave schidigera,3.241,"Selasphorus heloisa (R.Lesson & Delattre, 1839)",10996645,19.724995,-96.928538,,NORTH_AMERICA,Veracruz,2019,7,16,2019-07-16T08:28,True,Aurelio Molina Hernández.,iNaturalist,http://creativecommons.org/licenses/by-nc/4.0/,Aurelio Molina Hernández.,https://inaturalist-open-data.s3.amazonaws.com/photos/45688340/original.jpeg,k-mexico,2024-10-24 15:11:55
original_3079491662_1.jpeg,2792457,Polystachya concreta,11.597,"Selasphorus heloisa (R.Lesson & Delattre, 1839)",10996645,19.73449,-96.945606,,NORTH_AMERICA,Veracruz,2019,7,16,2019-07-16T11:17,True,Aurelio Molina Hernández.,iNaturalist,http://creativecommons.org/licenses/by-nc/4.0/,Aurelio Molina Hernández.,https://inaturalist-open-data.s3.amazonaws.com/photos/45649744/original.jpeg; https://inaturalist-open-data.s3.amazonaws.com/photos/45649783/original.jpeg; https://inaturalist-open-data.s3.amazonaws.com/photos/45649827/original.jpeg; https://inaturalist-open-data.s3.amazonaws.com/photos/45649854/original.jpeg; https://inaturalist-open-data.s3.amazonaws.com/photos/45649884/original.jpeg; https://inaturalist-open-data.s3.amazonaws.com/photos/45649934/original.jpeg; https://inaturalist-open-data.s3.amazonaws.com/photos/45649978/original.jpeg; https://inaturalist-open-data.s3.amazonaws.com/photos/45650026/original.jpeg; https://inaturalist-open-data.s3.amazonaws.com/photos/45650051/original.jpeg; https://inaturalist-open-data.s3.amazonaws.com/photos/45650077/original.jpeg; https://inaturalist-open-data.s3.amazonaws.com/photos/45650104/original.jpeg,k-mexico,2024-10-24 15:12:01
original_3079491662_10.jpeg,2792457,Polystachya concreta,6.326,"Selasphorus heloisa (R.Lesson & Delattre, 1839)",10996645,19.73449,-96.945606,,NORTH_AMERICA,Veracruz,2019,7,16,2019-07-16T11:17,True,Aurelio Molina Hernández.,iNaturalist,http://creativecommons.org/licenses/by-nc/4.0/,Aurelio Molina Hernández.,https://inaturalist-open-data.s3.amazonaws.com/photos/45649744/original.jpeg; https://inaturalist-open-data.s3.amazonaws.com/photos/45649783/original.jpeg; https://inaturalist-open-data.s3.amazonaws.com/photos/45649827/original.jpeg; https://inaturalist-open-data.s3.amazonaws.com/photos/45649854/original.jpeg; https://inaturalist-open-data.s3.amazonaws.com/photos/45649884/original.jpeg; https://inaturalist-open-data.s3.amazonaws.com/photos/45649934/original.jpeg; https://inaturalist-open-data.s3.amazonaws.com/photos/45649978/original.jpeg; https://inaturalist-open-data.s3.amazonaws.com/photos/45650026/original.jpeg; https://inaturalist-open-data.s3.amazonaws.com/photos/45650051/original.jpeg; https://inaturalist-open-data.s3.amazonaws.com/photos/45650077/original.jpeg; https://inaturalist-open-data.s3.amazonaws.com/photos/45650104/original.jpeg,k-mexico,2024-10-24 15:12:04
original_3079491662_11.jpeg,2792457,Polystachya concreta,16.919999999999998,"Selasphorus heloisa (R.Lesson & Delattre, 1839)",10996645,19.73449,-96.945606,,NORTH_AMERICA,Veracruz,2019,7,16,2019-07-16T11:17,True,Aurelio Molina Hernández.,iNaturalist,http://creativecommons.org/licenses/by-nc/4.0/,Aurelio Molina Hernández.,https://inaturalist-open-data.s3.amazonaws.com/photos/45649744/original.jpeg; https://inaturalist-open-data.s3.amazonaws.com/photos/45649783/original.jpeg; https://inaturalist-open-data.s3.amazonaws.com/photos/45649827/original.jpeg; https://inaturalist-open-data.s3.amazonaws.com/photos/45649854/original.jpeg; https://inaturalist-open-data.s3.amazonaws.com/photos/45649884/original.jpeg; https://inaturalist-open-data.s3.amazonaws.com/photos/45649934/original.jpeg; https://inaturalist-open-data.s3.amazonaws.com/photos/45649978/original.jpeg; https://inaturalist-open-data.s3.amazonaws.com/photos/45650026/original.jpeg; https://inaturalist-open-data.s3.amazonaws.com/photos/45650051/original.jpeg; https://inaturalist-open-data.s3.amazonaws.com/photos/45650077/original.jpeg; https://inaturalist-open-data.s3.amazonaws.com/photos/45650104/original.jpeg,k-mexico,2024-10-24 15:12:06
original_3079491662_2.jpeg,6029771,Helicteres baruensis,1.322,"Selasphorus heloisa (R.Lesson & Delattre, 1839)",10996645,19.73449,-96.945606,,NORTH_AMERICA,Veracruz,2019,7,16,2019-07-16T11:17,True,Aurelio Molina Hernández.,iNaturalist,http://creativecommons.org/licenses/by-nc/4.0/,Aurelio Molina Hernández.,https://inaturalist-open-data.s3.amazonaws.com/photos/45649744/original.jpeg; https://inaturalist-open-data.s3.amazonaws.com/photos/45649783/original.jpeg; https://inaturalist-open-data.s3.amazonaws.com/photos/45649827/original.jpeg; https://inaturalist-open-data.s3.amazonaws.com/photos/45649854/original.jpeg; https://inaturalist-open-data.s3.amazonaws.com/photos/45649884/original.jpeg; https://inaturalist-open-data.s3.amazonaws.com/photos/45649934/original.jpeg; https://inaturalist-open-data.s3.amazonaws.com/photos/45649978/original.jpeg; https://inaturalist-open-data.s3.amazonaws.com/photos/45650026/original.jpeg; https://inaturalist-open-data.s3.amazonaws.com/photos/45650051/original.jpeg; https://inaturalist-open-data.s3.amazonaws.com/photos/45650077/original.jpeg; https://inaturalist-open-data.s3.amazonaws.com/photos/45650104/original.jpeg,k-mexico,2024-10-24 15:12:08
original_3079491662_3.jpeg,6029771,Helicteres baruensis,5.377,"Selasphorus heloisa (R.Lesson & Delattre, 1839)",10996645,19.73449,-96.945606,,NORTH_AMERICA,Veracruz,2019,7,16,2019-07-16T11:17,True,Aurelio Molina Hernández.,iNaturalist,http://creativecommons.org/licenses/by-nc/4.0/,Aurelio Molina Hernández.,https://inaturalist-open-data.s3.amazonaws.com/photos/45649744/original.jpeg; https://inaturalist-open-data.s3.amazonaws.com/photos/45649783/original.jpeg; https://inaturalist-open-data.s3.amazonaws.com/photos/45649827/original.jpeg; https://inaturalist-open-data.s3.amazonaws.com/photos/45649854/original.jpeg; https://inaturalist-open-data.s3.amazonaws.com/photos/45649884/original.jpeg; https://inaturalist-open-data.s3.amazonaws.com/photos/45649934/original.jpeg; https://inaturalist-open-data.s3.amazonaws.com/photos/45649978/original.jpeg; https://inaturalist-open-data.s3.amazonaws.com/photos/45650026/original.jpeg; https://inaturalist-open-data.s3.amazonaws.com/photos/45650051/original.jpeg; https://inaturalist-open-data.s3.amazonaws.com/photos/45650077/original.jpeg; https://inaturalist-open-data.s3.amazonaws.com/photos/45650104/original.jpeg,k-mexico,2024-10-24 15:12:10
original_3079491662_4.jpeg,2792457,Polystachya concreta,11.643,"Selasphorus heloisa (R.Lesson & Delattre, 1839)",10996645,19.73449,-96.945606,,NORTH_AMERICA,Veracruz,2019,7,16,2019-07-16T11:17,True,Aurelio Molina Hernández.,iNaturalist,http://creativecommons.org/licenses/by-nc/4.0/,Aurelio Molina Hernández.,https://inaturalist-open-data.s3.amazonaws.com/photos/45649744/original.jpeg; https://inaturalist-open-data.s3.amazonaws.com/photos/45649783/original.jpeg; https://inaturalist-open-data.s3.amazonaws.com/photos/45649827/original.jpeg; https://inaturalist-open-data.s3.amazonaws.com/photos/45649854/original.jpeg; https://inaturalist-open-data.s3.amazonaws.com/photos/45649884/original.jpeg; https://inaturalist-open-data.s3.amazonaws.com/photos/45649934/original.jpeg; https://inaturalist-open-data.s3.amazonaws.com/photos/45649978/original.jpeg; https://inaturalist-open-data.s3.amazonaws.com/photos/45650026/original.jpeg; https://inaturalist-open-data.s3.amazonaws.com/photos/45650051/original.jpeg; https://inaturalist-open-data.s3.amazonaws.com/photos/45650077/original.jpeg; https://inaturalist-open-data.s3.amazonaws.com/photos/45650104/original.jpeg,k-mexico,2024-10-24 15:12:12
original_3079491662_5.jpeg,3866980,Miconia elata,4.375,"Selasphorus heloisa (R.Lesson & Delattre, 1839)",10996645,19.73449,-96.945606,,NORTH_AMERICA,Veracruz,2019,7,16,2019-07-16T11:17,True,Aurelio Molina Hernández.,iNaturalist,http://creativecommons.org/licenses/by-nc/4.0/,Aurelio Molina Hernández.,https://inaturalist-open-data.s3.amazonaws.com/photos/45649744/original.jpeg; https://inaturalist-open-data.s3.amazonaws.com/photos/45649783/original.jpeg; https://inaturalist-open-data.s3.amazonaws.com/photos/45649827/original.jpeg; https://inaturalist-open-data.s3.amazonaws.com/photos/45649854/original.jpeg; https://inaturalist-open-data.s3.amazonaws.com/photos/45649884/original.jpeg; https://inaturalist-open-data.s3.amazonaws.com/photos/45649934/original.jpeg; https://inaturalist-open-data.s3.amazonaws.com/photos/45649978/original.jpeg; https://inaturalist-open-data.s3.amazonaws.com/photos/45650026/original.jpeg; https://inaturalist-open-data.s3.amazonaws.com/photos/45650051/original.jpeg; https://inaturalist-open-data.s3.amazonaws.com/photos/45650077/original.jpeg; https://inaturalist-open-data.s3.amazonaws.com/photos/45650104/original.jpeg,k-mexico,2024-10-24 15:12:14
original_3079491662_6.jpeg,2792457,Polystachya concreta,30.720999999999997,"Selasphorus heloisa (R.Lesson & Delattre, 1839)",10996645,19.73449,-96.945606,,NORTH_AMERICA,Veracruz,2019,7,16,2019-07-16T11:17,True,Aurelio Molina Hernández.,iNaturalist,http://creativecommons.org/licenses/by-nc/4.0/,Aurelio Molina Hernández.,https://inaturalist-open-data.s3.amazonaws.com/photos/45649744/original.jpeg; https://inaturalist-open-data.s3.amazonaws.com/photos/45649783/original.jpeg; https://inaturalist-open-data.s3.amazonaws.com/photos/45649827/original.jpeg; https://inaturalist-open-data.s3.amazonaws.com/photos/45649854/original.jpeg; https://inaturalist-open-data.s3.amazonaws.com/photos/45649884/original.jpeg; https://inaturalist-open-data.s3.amazonaws.com/photos/45649934/original.jpeg; https://inaturalist-open-data.s3.amazonaws.com/photos/45649978/original.jpeg; https://inaturalist-open-data.s3.amazonaws.com/photos/45650026/original.jpeg; https://inaturalist-open-data.s3.amazonaws.com/photos/45650051/original.jpeg; https://inaturalist-open-data.s3.amazonaws.com/photos/45650077/original.jpeg; https://inaturalist-open-data.s3.amazonaws.com/photos/45650104/original.jpeg,k-mexico,2024-10-24 15:12:16
original_3079491662_7.jpeg,2792457,Polystachya concreta,28.348000000000003,"Selasphorus heloisa (R.Lesson & Delattre, 1839)",10996645,19.73449,-96.945606,,NORTH_AMERICA,Veracruz,2019,7,16,2019-07-16T11:17,True,Aurelio Molina Hernández.,iNaturalist,http://creativecommons.org/licenses/by-nc/4.0/,Aurelio Molina Hernández.,https://inaturalist-open-data.s3.amazonaws.com/photos/45649744/original.jpeg; https://inaturalist-open-data.s3.amazonaws.com/photos/45649783/original.jpeg; https://inaturalist-open-data.s3.amazonaws.com/photos/45649827/original.jpeg; https://inaturalist-open-data.s3.amazonaws.com/photos/45649854/original.jpeg; https://inaturalist-open-data.s3.amazonaws.com/photos/45649884/original.jpeg; https://inaturalist-open-data.s3.amazonaws.com/photos/45649934/original.jpeg; https://inaturalist-open-data.s3.amazonaws.com/photos/45649978/original.jpeg; https://inaturalist-open-data.s3.amazonaws.com/photos/45650026/original.jpeg; https://inaturalist-open-data.s3.amazonaws.com/photos/45650051/original.jpeg; https://inaturalist-open-data.s3.amazonaws.com/photos/45650077/original.jpeg; https://inaturalist-open-data.s3.amazonaws.com/photos/45650104/original.jpeg,k-mexico,2024-10-24 15:12:18
original_3079491662_8.jpeg,2792457,Polystachya concreta,5.91,"Selasphorus heloisa (R.Lesson & Delattre, 1839)",10996645,19.73449,-96.945606,,NORTH_AMERICA,Veracruz,2019,7,16,2019-07-16T11:17,True,Aurelio Molina Hernández.,iNaturalist,http://creativecommons.org/licenses/by-nc/4.0/,Aurelio Molina Hernández.,https://inaturalist-open-data.s3.amazonaws.com/photos/45649744/original.jpeg; https://inaturalist-open-data.s3.amazonaws.com/photos/45649783/original.jpeg; https://inaturalist-open-data.s3.amazonaws.com/photos/45649827/original.jpeg; https://inaturalist-open-data.s3.amazonaws.com/photos/45649854/original.jpeg; https://inaturalist-open-data.s3.amazonaws.com/photos/45649884/original.jpeg; https://inaturalist-open-data.s3.amazonaws.com/photos/45649934/original.jpeg; https://inaturalist-open-data.s3.amazonaws.com/photos/45649978/original.jpeg; https://inaturalist-open-data.s3.amazonaws.com/photos/45650026/original.jpeg; https://inaturalist-open-data.s3.amazonaws.com/photos/45650051/original.jpeg; https://inaturalist-open-data.s3.amazonaws.com/photos/45650077/original.jpeg; https://inaturalist-open-data.s3.amazonaws.com/photos/45650104/original.jpeg,k-mexico,2024-10-24 15:12:20
original_3079491662_9.jpeg,2792457,Polystachya concreta,8.027,"Selasphorus heloisa (R.Lesson & Delattre, 1839)",10996645,19.73449,-96.945606,,NORTH_AMERICA,Veracruz,2019,7,16,2019-07-16T11:17,True,Aurelio Molina Hernández.,iNaturalist,http://creativecommons.org/licenses/by-nc/4.0/,Aurelio Molina Hernández.,https://inaturalist-open-data.s3.amazonaws.com/photos/45649744/original.jpeg; https://inaturalist-open-data.s3.amazonaws.com/photos/45649783/original.jpeg; https://inaturalist-open-data.s3.amazonaws.com/photos/45649827/original.jpeg; https://inaturalist-open-data.s3.amazonaws.com/photos/45649854/original.jpeg; https://inaturalist-open-data.s3.amazonaws.com/photos/45649884/original.jpeg; https://inaturalist-open-data.s3.amazonaws.com/photos/45649934/original.jpeg; https://inaturalist-open-data.s3.amazonaws.com/photos/45649978/original.jpeg; https://inaturalist-open-data.s3.amazonaws.com/photos/45650026/original.jpeg; https://inaturalist-open-data.s3.amazonaws.com/photos/45650051/original.jpeg; https://inaturalist-open-data.s3.amazonaws.com/photos/45650077/original.jpeg; https://inaturalist-open-data.s3.amazonaws.com/photos/45650104/original.jpeg,k-mexico,2024-10-24 15:12:22
original_3079506641_1.jpeg,3172386,Forestiera angustifolia,1.638,"Selasphorus heloisa (R.Lesson & Delattre, 1839)",10996645,19.698401,-96.926006,15.0,NORTH_AMERICA,Veracruz,2019,7,16,2019-07-16T11:48,True,Aurelio Molina Hernández.,iNaturalist,http://creativecommons.org/licenses/by-nc/4.0/,Aurelio Molina Hernández.,https://inaturalist-open-data.s3.amazonaws.com/photos/45551500/original.jpeg; https://inaturalist-open-data.s3.amazonaws.com/photos/45551532/original.jpeg; https://inaturalist-open-data.s3.amazonaws.com/photos/45551575/original.jpeg; https://inaturalist-open-data.s3.amazonaws.com/photos/45551602/original.jpeg; https://inaturalist-open-data.s3.amazonaws.com/photos/45551633/original.jpeg; https://inaturalist-open-data.s3.amazonaws.com/photos/45551666/original.jpeg; https://inaturalist-open-data.s3.amazonaws.com/photos/45551725/original.jpeg; https://inaturalist-open-data.s3.amazonaws.com/photos/45551790/original.jpeg; https://inaturalist-open-data.s3.amazonaws.com/photos/45551840/original.jpeg,k-mexico,2024-10-24 15:12:24
original_3079506641_2.jpeg,3152052,Apeiba tibourbou,0.9490000000000001,"Selasphorus heloisa (R.Lesson & Delattre, 1839)",10996645,19.698401,-96.926006,15.0,NORTH_AMERICA,Veracruz,2019,7,16,2019-07-16T11:48,True,Aurelio Molina Hernández.,iNaturalist,http://creativecommons.org/licenses/by-nc/4.0/,Aurelio Molina Hernández.,https://inaturalist-open-data.s3.amazonaws.com/photos/45551500/original.jpeg; https://inaturalist-open-data.s3.amazonaws.com/photos/45551532/original.jpeg; https://inaturalist-open-data.s3.amazonaws.com/photos/45551575/original.jpeg; https://inaturalist-open-data.s3.amazonaws.com/photos/45551602/original.jpeg; https://inaturalist-open-data.s3.amazonaws.com/photos/45551633/original.jpeg; https://inaturalist-open-data.s3.amazonaws.com/photos/45551666/original.jpeg; https://inaturalist-open-data.s3.amazonaws.com/photos/45551725/original.jpeg; https://inaturalist-open-data.s3.amazonaws.com/photos/45551790/original.jpeg; https://inaturalist-open-data.s3.amazonaws.com/photos/45551840/original.jpeg,k-mexico,2024-10-24 15:12:27
original_3079506641_3.jpeg,3170223,Funastrum clausum,5.025,"Selasphorus heloisa (R.Lesson & Delattre, 1839)",10996645,19.698401,-96.926006,15.0,NORTH_AMERICA,Veracruz,2019,7,16,2019-07-16T11:48,True,Aurelio Molina Hernández.,iNaturalist,http://creativecommons.org/licenses/by-nc/4.0/,Aurelio Molina Hernández.,https://inaturalist-open-data.s3.amazonaws.com/photos/45551500/original.jpeg; https://inaturalist-open-data.s3.amazonaws.com/photos/45551532/original.jpeg; https://inaturalist-open-data.s3.amazonaws.com/photos/45551575/original.jpeg; https://inaturalist-open-data.s3.amazonaws.com/photos/45551602/original.jpeg; https://inaturalist-open-data.s3.amazonaws.com/photos/45551633/original.jpeg; https://inaturalist-open-data.s3.amazonaws.com/photos/45551666/original.jpeg; https://inaturalist-open-data.s3.amazonaws.com/photos/45551725/original.jpeg; https://inaturalist-open-data.s3.amazonaws.com/photos/45551790/original.jpeg; https://inaturalist-open-data.s3.amazonaws.com/photos/45551840/original.jpeg,k-mexico,2024-10-24 15:12:29
original_3079506641_4.jpeg,3170223,Funastrum clausum,2.946,"Selasphorus heloisa (R.Lesson & Delattre, 1839)",10996645,19.698401,-96.926006,15.0,NORTH_AMERICA,Veracruz,2019,7,16,2019-07-16T11:48,True,Aurelio Molina Hernández.,iNaturalist,http://creativecommons.org/licenses/by-nc/4.0/,Aurelio Molina Hernández.,https://inaturalist-open-data.s3.amazonaws.com/photos/45551500/original.jpeg; https://inaturalist-open-data.s3.amazonaws.com/photos/45551532/original.jpeg; https://inaturalist-open-data.s3.amazonaws.com/photos/45551575/original.jpeg; https://inaturalist-open-data.s3.amazonaws.com/photos/45551602/original.jpeg; https://inaturalist-open-data.s3.amazonaws.com/photos/45551633/original.jpeg; https://inaturalist-open-data.s3.amazonaws.com/photos/45551666/original.jpeg; https://inaturalist-open-data.s3.amazonaws.com/photos/45551725/original.jpeg; https://inaturalist-open-data.s3.amazonaws.com/photos/45551790/original.jpeg; https://inaturalist-open-data.s3.amazonaws.com/photos/45551840/original.jpeg,k-mexico,2024-10-24 15:12:31
original_3079506641_5.jpeg,2928774,Nicotiana tabacum,3.309,"Selasphorus heloisa (R.Lesson & Delattre, 1839)",10996645,19.698401,-96.926006,15.0,NORTH_AMERICA,Veracruz,2019,7,16,2019-07-16T11:48,True,Aurelio Molina Hernández.,iNaturalist,http://creativecommons.org/licenses/by-nc/4.0/,Aurelio Molina Hernández.,https://inaturalist-open-data.s3.amazonaws.com/photos/45551500/original.jpeg; https://inaturalist-open-data.s3.amazonaws.com/photos/45551532/original.jpeg; https://inaturalist-open-data.s3.amazonaws.com/photos/45551575/original.jpeg; https://inaturalist-open-data.s3.amazonaws.com/photos/45551602/original.jpeg; https://inaturalist-open-data.s3.amazonaws.com/photos/45551633/original.jpeg; https://inaturalist-open-data.s3.amazonaws.com/photos/45551666/original.jpeg; https://inaturalist-open-data.s3.amazonaws.com/photos/45551725/original.jpeg; https://inaturalist-open-data.s3.amazonaws.com/photos/45551790/original.jpeg; https://inaturalist-open-data.s3.amazonaws.com/photos/45551840/original.jpeg,k-mexico,2024-10-24 15:12:33
original_3079506641_7.jpeg,2792457,Polystachya concreta,0.987,"Selasphorus heloisa (R.Lesson & Delattre, 1839)",10996645,19.698401,-96.926006,15.0,NORTH_AMERICA,Veracruz,2019,7,16,2019-07-16T11:48,True,Aurelio Molina Hernández.,iNaturalist,http://creativecommons.org/licenses/by-nc/4.0/,Aurelio Molina Hernández.,https://inaturalist-open-data.s3.amazonaws.com/photos/45551500/original.jpeg; https://inaturalist-open-data.s3.amazonaws.com/photos/45551532/original.jpeg; https://inaturalist-open-data.s3.amazonaws.com/photos/45551575/original.jpeg; https://inaturalist-open-data.s3.amazonaws.com/photos/45551602/original.jpeg; https://inaturalist-open-data.s3.amazonaws.com/photos/45551633/original.jpeg; https://inaturalist-open-data.s3.amazonaws.com/photos/45551666/original.jpeg; https://inaturalist-open-data.s3.amazonaws.com/photos/45551725/original.jpeg; https://inaturalist-open-data.s3.amazonaws.com/photos/45551790/original.jpeg; https://inaturalist-open-data.s3.amazonaws.com/photos/45551840/original.jpeg,k-mexico,2024-10-24 15:12:37
original_3079506641_8.jpeg,5320021,Epidendrum nocturnum,1.3679999999999999,"Selasphorus heloisa (R.Lesson & Delattre, 1839)",10996645,19.698401,-96.926006,15.0,NORTH_AMERICA,Veracruz,2019,7,16,2019-07-16T11:48,True,Aurelio Molina Hernández.,iNaturalist,http://creativecommons.org/licenses/by-nc/4.0/,Aurelio Molina Hernández.,https://inaturalist-open-data.s3.amazonaws.com/photos/45551500/original.jpeg; https://inaturalist-open-data.s3.amazonaws.com/photos/45551532/original.jpeg; https://inaturalist-open-data.s3.amazonaws.com/photos/45551575/original.jpeg; https://inaturalist-open-data.s3.amazonaws.com/photos/45551602/original.jpeg; https://inaturalist-open-data.s3.amazonaws.com/photos/45551633/original.jpeg; https://inaturalist-open-data.s3.amazonaws.com/photos/45551666/original.jpeg; https://inaturalist-open-data.s3.amazonaws.com/photos/45551725/original.jpeg; https://inaturalist-open-data.s3.amazonaws.com/photos/45551790/original.jpeg; https://inaturalist-open-data.s3.amazonaws.com/photos/45551840/original.jpeg,k-mexico,2024-10-24 15:12:39
original_3079506641_9.jpeg,6029771,Helicteres baruensis,1.667,"Selasphorus heloisa (R.Lesson & Delattre, 1839)",10996645,19.698401,-96.926006,15.0,NORTH_AMERICA,Veracruz,2019,7,16,2019-07-16T11:48,True,Aurelio Molina Hernández.,iNaturalist,http://creativecommons.org/licenses/by-nc/4.0/,Aurelio Molina Hernández.,https://inaturalist-open-data.s3.amazonaws.com/photos/45551500/original.jpeg; https://inaturalist-open-data.s3.amazonaws.com/photos/45551532/original.jpeg; https://inaturalist-open-data.s3.amazonaws.com/photos/45551575/original.jpeg; https://inaturalist-open-data.s3.amazonaws.com/photos/45551602/original.jpeg; https://inaturalist-open-data.s3.amazonaws.com/photos/45551633/original.jpeg; https://inaturalist-open-data.s3.amazonaws.com/photos/45551666/original.jpeg; https://inaturalist-open-data.s3.amazonaws.com/photos/45551725/original.jpeg; https://inaturalist-open-data.s3.amazonaws.com/photos/45551790/original.jpeg; https://inaturalist-open-data.s3.amazonaws.com/photos/45551840/original.jpeg,k-mexico,2024-10-24 15:12:42
original_3079570724_1.jpeg,3898807,Salvia karwinskii,71.80499999999999,"Selasphorus heloisa (R.Lesson & Delattre, 1839)",10996645,18.716949,-97.057768,4.0,NORTH_AMERICA,Veracruz,2020,2,18,2020-02-18T12:26,True,Aurelio Molina Hernández.,iNaturalist,http://creativecommons.org/licenses/by-nc/4.0/,Aurelio Molina Hernández.,https://inaturalist-open-data.s3.amazonaws.com/photos/61974587/original.jpeg; https://inaturalist-open-data.s3.amazonaws.com/photos/61974729/original.jpeg; https://inaturalist-open-data.s3.amazonaws.com/photos/61974772/original.jpeg,k-mexico,2024-10-24 15:12:43
original_3079570724_2.jpeg,3898807,Salvia karwinskii,75.83,"Selasphorus heloisa (R.Lesson & Delattre, 1839)",10996645,18.716949,-97.057768,4.0,NORTH_AMERICA,Veracruz,2020,2,18,2020-02-18T12:26,True,Aurelio Molina Hernández.,iNaturalist,http://creativecommons.org/licenses/by-nc/4.0/,Aurelio Molina Hernández.,https://inaturalist-open-data.s3.amazonaws.com/photos/61974587/original.jpeg; https://inaturalist-open-data.s3.amazonaws.com/photos/61974729/original.jpeg; https://inaturalist-open-data.s3.amazonaws.com/photos/61974772/original.jpeg,k-mexico,2024-10-24 15:12:45
original_3079570724_3.jpeg,3898807,Salvia karwinskii,68.109,"Selasphorus heloisa (R.Lesson & Delattre, 1839)",10996645,18.716949,-97.057768,4.0,NORTH_AMERICA,Veracruz,2020,2,18,2020-02-18T12:26,True,Aurelio Molina Hernández.,iNaturalist,http://creativecommons.org/licenses/by-nc/4.0/,Aurelio Molina Hernández.,https://inaturalist-open-data.s3.amazonaws.com/photos/61974587/original.jpeg; https://inaturalist-open-data.s3.amazonaws.com/photos/61974729/original.jpeg; https://inaturalist-open-data.s3.amazonaws.com/photos/61974772/original.jpeg,k-mexico,2024-10-24 15:12:47
original_3079686767_1.jpeg,2792457,Polystachya concreta,2.019,"Selasphorus heloisa (R.Lesson & Delattre, 1839)",10996645,18.717387,-97.057355,4.0,NORTH_AMERICA,Veracruz,2020,2,18,2020-02-18T11:51,True,Aurelio Molina Hernández.,iNaturalist,http://creativecommons.org/licenses/by-nc/4.0/,Aurelio Molina Hernández.,https://inaturalist-open-data.s3.amazonaws.com/photos/61795921/original.jpeg; https://inaturalist-open-data.s3.amazonaws.com/photos/61795930/original.jpeg,k-mexico,2024-10-24 15:12:49
original_3079686767_2.jpeg,2932944,Capsicum annuum,0.688,"Selasphorus heloisa (R.Lesson & Delattre, 1839)",10996645,18.717387,-97.057355,4.0,NORTH_AMERICA,Veracruz,2020,2,18,2020-02-18T11:51,True,Aurelio Molina Hernández.,iNaturalist,http://creativecommons.org/licenses/by-nc/4.0/,Aurelio Molina Hernández.,https://inaturalist-open-data.s3.amazonaws.com/photos/61795921/original.jpeg; https://inaturalist-open-data.s3.amazonaws.com/photos/61795930/original.jpeg,k-mexico,2024-10-24 15:12:50
original_3079725757_1.jpeg,3898807,Salvia karwinskii,67.681,"Selasphorus heloisa (R.Lesson & Delattre, 1839)",10996645,18.717233,-97.05741,4.0,NORTH_AMERICA,Veracruz,2020,2,18,2020-02-18T12:26,True,Aurelio Molina Hernández.,iNaturalist,http://creativecommons.org/licenses/by-nc/4.0/,Aurelio Molina Hernández.,https://inaturalist-open-data.s3.amazonaws.com/photos/61795696/original.jpeg,k-mexico,2024-10-24 15:12:53
original_3090527019_1.jpg,3113283,Cirsium mexicanum,24.091,"Selasphorus heloisa (R.Lesson & Delattre, 1839)",10996645,19.583785,-96.949364,4.0,NORTH_AMERICA,Veracruz,2021,2,13,2021-02-13T11:02,True,Adrianh Martínez Orozco,iNaturalist,http://creativecommons.org/licenses/by/4.0/,Adrianh Martínez Orozco,https://inaturalist-open-data.s3.amazonaws.com/photos/119771850/original.jpg; https://inaturalist-open-data.s3.amazonaws.com/photos/119771892/original.jpg,k-mexico,2024-10-24 15:12:55
original_3090527019_2.jpg,2705621,Paspalum notatum,11.352,"Selasphorus heloisa (R.Lesson & Delattre, 1839)",10996645,19.583785,-96.949364,4.0,NORTH_AMERICA,Veracruz,2021,2,13,2021-02-13T11:02,True,Adrianh Martínez Orozco,iNaturalist,http://creativecommons.org/licenses/by/4.0/,Adrianh Martínez Orozco,https://inaturalist-open-data.s3.amazonaws.com/photos/119771850/original.jpg; https://inaturalist-open-data.s3.amazonaws.com/photos/119771892/original.jpg,k-mexico,2024-10-24 15:12:58
original_3090586039_1.jpg,2927066,Salvia tiliifolia,57.028,"Selasphorus heloisa (R.Lesson & Delattre, 1839)",10996645,19.610529,-97.386332,244.0,NORTH_AMERICA,Veracruz,2020,8,18,2020-08-18T10:44,True,Adrianh Martínez Orozco,iNaturalist,http://creativecommons.org/licenses/by/4.0/,Adrianh Martínez Orozco,https://inaturalist-open-data.s3.amazonaws.com/photos/119772931/original.jpg,k-mexico,2024-10-24 15:13:00
original_3097007234_2.jpeg,5576250,Odontonema callistachyum,89.837,"Selasphorus heloisa (R.Lesson & Delattre, 1839)",10996645,19.130414,-96.97255,31.0,NORTH_AMERICA,Veracruz,2016,3,31,2016-03-31T08:33,True,Cesar Lezama,iNaturalist,http://creativecommons.org/licenses/by-nc/4.0/,Cesar Lezama,https://inaturalist-open-data.s3.amazonaws.com/photos/121869654/original.jpeg; https://inaturalist-open-data.s3.amazonaws.com/photos/121869690/original.jpeg,k-mexico,2024-10-24 15:13:05
original_3112634507_1.jpg,2765120,Tradescantia sillamontana,1.2229999999999999,"Selasphorus heloisa (R.Lesson & Delattre, 1839)",10996645,19.31818,-99.169277,25.0,NORTH_AMERICA,Distrito Federal,2021,5,2,2021-05-02T13:30Z,True,Edgar Castro,iNaturalist,http://creativecommons.org/licenses/by-nc/4.0/,Edgar Castro,https://inaturalist-open-data.s3.amazonaws.com/photos/126597210/original.jpg; https://inaturalist-open-data.s3.amazonaws.com/photos/127066346/original.jpg; https://inaturalist-open-data.s3.amazonaws.com/photos/127066363/original.jpg,k-mexico,2024-10-24 15:13:09
original_3112634507_2.jpg,3172499,Jacaranda mimosifolia,1.244,"Selasphorus heloisa (R.Lesson & Delattre, 1839)",10996645,19.31818,-99.169277,25.0,NORTH_AMERICA,Distrito Federal,2021,5,2,2021-05-02T13:30Z,True,Edgar Castro,iNaturalist,http://creativecommons.org/licenses/by-nc/4.0/,Edgar Castro,https://inaturalist-open-data.s3.amazonaws.com/photos/126597210/original.jpg; https://inaturalist-open-data.s3.amazonaws.com/photos/127066346/original.jpg; https://inaturalist-open-data.s3.amazonaws.com/photos/127066363/original.jpg,k-mexico,2024-10-24 15:13:12
original_3112634507_3.jpg,2925314,Lantana montevidensis,44.919,"Selasphorus heloisa (R.Lesson & Delattre, 1839)",10996645,19.31818,-99.169277,25.0,NORTH_AMERICA,Distrito Federal,2021,5,2,2021-05-02T13:30Z,True,Edgar Castro,iNaturalist,http://creativecommons.org/licenses/by-nc/4.0/,Edgar Castro,https://inaturalist-open-data.s3.amazonaws.com/photos/126597210/original.jpg; https://inaturalist-open-data.s3.amazonaws.com/photos/127066346/original.jpg; https://inaturalist-open-data.s3.amazonaws.com/photos/127066363/original.jpg,k-mexico,2024-10-24 15:13:13
original_3117748027_1.jpg,3146450,Perityle microglossa,2.257,"Selasphorus heloisa (R.Lesson & Delattre, 1839)",10996645,19.58467,-96.949546,220.0,NORTH_AMERICA,Veracruz,2021,5,16,2021-05-16T07:09,True,Miguel San Martín,iNaturalist,http://creativecommons.org/licenses/by-nc/4.0/,Miguel San Martín,https://inaturalist-open-data.s3.amazonaws.com/photos/129381034/original.jpg,k-mexico,2024-10-24 15:13:16
original_3302025642_1.jpg,2925303,Lantana camara,82.235,"Selasphorus heloisa (R.Lesson & Delattre, 1839)",10996645,19.35406,-99.131919,327.0,NORTH_AMERICA,Distrito Federal,2021,5,17,2021-05-17T12:20,True,Manuel Grosselet,iNaturalist,http://creativecommons.org/licenses/by-nc/4.0/,Manuel Grosselet,https://inaturalist-open-data.s3.amazonaws.com/photos/129867635/original.jpg,k-mexico,2024-10-24 15:13:18
original_3325608474_1.jpeg,2886818,Sideroxylon salicifolium,10.132,"Selasphorus heloisa (R.Lesson & Delattre, 1839)",10996645,19.35122,-99.127931,8.0,NORTH_AMERICA,Distrito Federal,2021,6,16,2021-06-16T14:29,True,Fernando Pérez Peralta,iNaturalist,http://creativecommons.org/publicdomain/zero/1.0/,Fernando Pérez Peralta,https://inaturalist-open-data.s3.amazonaws.com/photos/141837087/original.jpeg,k-mexico,2024-10-24 15:13:21
original_3327699888_1.jpg,5341276,Cordia boissieri,2.2009999999999996,"Selasphorus heloisa (R.Lesson & Delattre, 1839)",10996645,19.755518,-96.914542,30545.0,NORTH_AMERICA,Veracruz,2021,7,9,2021-07-09T11:27,True,El Chivizcoyo,iNaturalist,http://creativecommons.org/licenses/by-nc/4.0/,El Chivizcoyo,https://inaturalist-open-data.s3.amazonaws.com/photos/142501948/original.jpg,k-mexico,2024-10-24 15:13:23
original_3327770912_1.jpg,2931914,Solanum viarum,5.6930000000000005,"Selasphorus heloisa (R.Lesson & Delattre, 1839)",10996645,19.611016,-96.955026,30545.0,NORTH_AMERICA,Veracruz,2021,7,9,2021-07-09T11:02,True,El Chivizcoyo,iNaturalist,http://creativecommons.org/licenses/by-nc/4.0/,El Chivizcoyo,https://inaturalist-open-data.s3.amazonaws.com/photos/142501929/original.jpg,k-mexico,2024-10-24 15:13:26
original_3328088632_1.jpeg,2925303,Lantana camara,59.561,"Selasphorus heloisa (R.Lesson & Delattre, 1839)",10996645,19.354068,-99.131639,8.0,NORTH_AMERICA,Distrito Federal,2021,7,12,2021-07-12T15:06,True,Fernando Pérez Peralta,iNaturalist,http://creativecommons.org/publicdomain/zero/1.0/,Fernando Pérez Peralta,https://inaturalist-open-data.s3.amazonaws.com/photos/143680697/original.jpeg,k-mexico,2024-10-24 15:13:28
original_3330531085_1.jpeg,5341746,Operculina pinnatifida,4.224,"Selasphorus heloisa (R.Lesson & Delattre, 1839)",10996645,19.913083,-97.435876,61.0,NORTH_AMERICA,Puebla,2016,4,15,2016-04-15T15:05,True,jesus_ortega_esquinca,iNaturalist,http://creativecommons.org/licenses/by-nc/4.0/,jesus_ortega_esquinca,https://inaturalist-open-data.s3.amazonaws.com/photos/144583776/original.jpeg; https://inaturalist-open-data.s3.amazonaws.com/photos/144583791/original.jpeg,k-mexico,2024-10-24 15:13:31
original_3330531085_2.jpeg,2928576,Ipomoea purpurea,1.8579999999999999,"Selasphorus heloisa (R.Lesson & Delattre, 1839)",10996645,19.913083,-97.435876,61.0,NORTH_AMERICA,Puebla,2016,4,15,2016-04-15T15:05,True,jesus_ortega_esquinca,iNaturalist,http://creativecommons.org/licenses/by-nc/4.0/,jesus_ortega_esquinca,https://inaturalist-open-data.s3.amazonaws.com/photos/144583776/original.jpeg; https://inaturalist-open-data.s3.amazonaws.com/photos/144583791/original.jpeg,k-mexico,2024-10-24 15:13:33
original_3335365563_1.jpeg,2895593,Genipa americana,27.951999999999998,"Selasphorus heloisa (R.Lesson & Delattre, 1839)",10996645,19.9173,-97.423949,8.0,NORTH_AMERICA,Puebla,2018,5,15,2018-05-15T09:54,True,jesus_ortega_esquinca,iNaturalist,http://creativecommons.org/licenses/by-nc/4.0/,jesus_ortega_esquinca,https://inaturalist-open-data.s3.amazonaws.com/photos/145542495/original.jpeg,k-mexico,2024-10-24 15:13:38
original_3337812788_1.jpeg,7309092,Salvia fulgens,3.4799999999999995,"Selasphorus heloisa (R.Lesson & Delattre, 1839)",10996645,19.690738,-97.154741,206.0,NORTH_AMERICA,Veracruz,2021,7,25,2021-07-25,True,chupymetal,iNaturalist,http://creativecommons.org/licenses/by-nc/4.0/,chupymetal,https://inaturalist-open-data.s3.amazonaws.com/photos/146187498/original.jpeg,k-mexico,2024-10-24 15:13:41
original_3343728711_1.jpeg,3866517,Bellucia pentamera,2.054,"Selasphorus heloisa (R.Lesson & Delattre, 1839)",10996645,19.353685,-99.129516,488.0,NORTH_AMERICA,Distrito Federal,2021,7,23,2021-07-23T14:25,True,Fernando Pérez Peralta,iNaturalist,http://creativecommons.org/publicdomain/zero/1.0/,Fernando Pérez Peralta,https://inaturalist-open-data.s3.amazonaws.com/photos/152311585/original.jpeg; https://inaturalist-open-data.s3.amazonaws.com/photos/152317961/original.jpeg,k-mexico,2024-10-24 15:13:43
original_3343728711_2.jpeg,3190089,Zanthoxylum americanum,1.973,"Selasphorus heloisa (R.Lesson & Delattre, 1839)",10996645,19.353685,-99.129516,488.0,NORTH_AMERICA,Distrito Federal,2021,7,23,2021-07-23T14:25,True,Fernando Pérez Peralta,iNaturalist,http://creativecommons.org/publicdomain/zero/1.0/,Fernando Pérez Peralta,https://inaturalist-open-data.s3.amazonaws.com/photos/152311585/original.jpeg; https://inaturalist-open-data.s3.amazonaws.com/photos/152317961/original.jpeg,k-mexico,2024-10-24 15:13:45
original_3355785050_1.jpg,5294589,Washingtonia filifera,1.967,"Selasphorus heloisa (R.Lesson & Delattre, 1839)",10996645,20.769517,-104.881646,1000.0,NORTH_AMERICA,Jalisco,2020,3,5,2020-03-05T13:25Z,True,Blythe Nilson,iNaturalist,http://creativecommons.org/licenses/by-nc/4.0/,Blythe Nilson,https://inaturalist-open-data.s3.amazonaws.com/photos/155534338/original.jpg; https://inaturalist-open-data.s3.amazonaws.com/photos/155534613/original.jpg; https://inaturalist-open-data.s3.amazonaws.com/photos/155534649/original.jpg; https://inaturalist-open-data.s3.amazonaws.com/photos/155534680/original.jpg; https://inaturalist-open-data.s3.amazonaws.com/photos/155534770/original.jpg,k-mexico,2024-10-24 15:13:48
original_3355785050_2.jpg,7932857,Machaerium isadelphum,7.571,"Selasphorus heloisa (R.Lesson & Delattre, 1839)",10996645,20.769517,-104.881646,1000.0,NORTH_AMERICA,Jalisco,2020,3,5,2020-03-05T13:25Z,True,Blythe Nilson,iNaturalist,http://creativecommons.org/licenses/by-nc/4.0/,Blythe Nilson,https://inaturalist-open-data.s3.amazonaws.com/photos/155534338/original.jpg; https://inaturalist-open-data.s3.amazonaws.com/photos/155534613/original.jpg; https://inaturalist-open-data.s3.amazonaws.com/photos/155534649/original.jpg; https://inaturalist-open-data.s3.amazonaws.com/photos/155534680/original.jpg; https://inaturalist-open-data.s3.amazonaws.com/photos/155534770/original.jpg,k-mexico,2024-10-24 15:13:50
original_3355785050_3.jpg,5406696,Ceiba aesculifolia,2.408,"Selasphorus heloisa (R.Lesson & Delattre, 1839)",10996645,20.769517,-104.881646,1000.0,NORTH_AMERICA,Jalisco,2020,3,5,2020-03-05T13:25Z,True,Blythe Nilson,iNaturalist,http://creativecommons.org/licenses/by-nc/4.0/,Blythe Nilson,https://inaturalist-open-data.s3.amazonaws.com/photos/155534338/original.jpg; https://inaturalist-open-data.s3.amazonaws.com/photos/155534613/original.jpg; https://inaturalist-open-data.s3.amazonaws.com/photos/155534649/original.jpg; https://inaturalist-open-data.s3.amazonaws.com/photos/155534680/original.jpg; https://inaturalist-open-data.s3.amazonaws.com/photos/155534770/original.jpg,k-mexico,2024-10-24 15:13:52
original_3355785050_4.jpg,5294589,Washingtonia filifera,4.442,"Selasphorus heloisa (R.Lesson & Delattre, 1839)",10996645,20.769517,-104.881646,1000.0,NORTH_AMERICA,Jalisco,2020,3,5,2020-03-05T13:25Z,True,Blythe Nilson,iNaturalist,http://creativecommons.org/licenses/by-nc/4.0/,Blythe Nilson,https://inaturalist-open-data.s3.amazonaws.com/photos/155534338/original.jpg; https://inaturalist-open-data.s3.amazonaws.com/photos/155534613/original.jpg; https://inaturalist-open-data.s3.amazonaws.com/photos/155534649/original.jpg; https://inaturalist-open-data.s3.amazonaws.com/photos/155534680/original.jpg; https://inaturalist-open-data.s3.amazonaws.com/photos/155534770/original.jpg,k-mexico,2024-10-24 15:13:54
original_3355785050_5.jpg,7932857,Machaerium isadelphum,2.595,"Selasphorus heloisa (R.Lesson & Delattre, 1839)",10996645,20.769517,-104.881646,1000.0,NORTH_AMERICA,Jalisco,2020,3,5,2020-03-05T13:25Z,True,Blythe Nilson,iNaturalist,http://creativecommons.org/licenses/by-nc/4.0/,Blythe Nilson,https://inaturalist-open-data.s3.amazonaws.com/photos/155534338/original.jpg; https://inaturalist-open-data.s3.amazonaws.com/photos/155534613/original.jpg; https://inaturalist-open-data.s3.amazonaws.com/photos/155534649/original.jpg; https://inaturalist-open-data.s3.amazonaws.com/photos/155534680/original.jpg; https://inaturalist-open-data.s3.amazonaws.com/photos/155534770/original.jpg,k-mexico,2024-10-24 15:13:56
original_3383859348_1.jpeg,3670460,Chiranthodendron pentadactylon,35.983,"Selasphorus heloisa (R.Lesson & Delattre, 1839)",10996645,16.169465,-96.500962,1229.0,NORTH_AMERICA,Oaxaca,2019,3,24,2019-03-24T15:50,True,Erick Noe Tapia Banda,iNaturalist,http://creativecommons.org/licenses/by-nc/4.0/,Erick Noe Tapia Banda,https://inaturalist-open-data.s3.amazonaws.com/photos/33926877/original.jpeg; https://inaturalist-open-data.s3.amazonaws.com/photos/33926884/original.jpeg; https://inaturalist-open-data.s3.amazonaws.com/photos/33926890/original.jpeg,k-mexico,2024-10-24 15:13:59
original_3383859348_2.jpeg,3152240,Ochroma pyramidale,36.856,"Selasphorus heloisa (R.Lesson & Delattre, 1839)",10996645,16.169465,-96.500962,1229.0,NORTH_AMERICA,Oaxaca,2019,3,24,2019-03-24T15:50,True,Erick Noe Tapia Banda,iNaturalist,http://creativecommons.org/licenses/by-nc/4.0/,Erick Noe Tapia Banda,https://inaturalist-open-data.s3.amazonaws.com/photos/33926877/original.jpeg; https://inaturalist-open-data.s3.amazonaws.com/photos/33926884/original.jpeg; https://inaturalist-open-data.s3.amazonaws.com/photos/33926890/original.jpeg,k-mexico,2024-10-24 15:14:01
original_3383859348_3.jpeg,3670460,Chiranthodendron pentadactylon,70.851,"Selasphorus heloisa (R.Lesson & Delattre, 1839)",10996645,16.169465,-96.500962,1229.0,NORTH_AMERICA,Oaxaca,2019,3,24,2019-03-24T15:50,True,Erick Noe Tapia Banda,iNaturalist,http://creativecommons.org/licenses/by-nc/4.0/,Erick Noe Tapia Banda,https://inaturalist-open-data.s3.amazonaws.com/photos/33926877/original.jpeg; https://inaturalist-open-data.s3.amazonaws.com/photos/33926884/original.jpeg; https://inaturalist-open-data.s3.amazonaws.com/photos/33926890/original.jpeg,k-mexico,2024-10-24 15:14:03
original_3384136344_1.jpg,3040215,Populus tremuloides,0.42900000000000005,"Selasphorus heloisa (R.Lesson & Delattre, 1839)",10996645,19.173604,-99.557285,61.0,NORTH_AMERICA,México,2021,9,30,2021-09-30T09:37,True,cerezobedolla,iNaturalist,http://creativecommons.org/licenses/by-nc/4.0/,cerezobedolla,https://inaturalist-open-data.s3.amazonaws.com/photos/161597697/original.jpg,k-mexico,2024-10-24 15:14:06
original_3455345568_1.jpeg,Unknown,Unknown,0,"Selasphorus heloisa (R.Lesson & Delattre, 1839)",10996645,16.172471,-96.505858,135.0,NORTH_AMERICA,Oaxaca,2020,7,17,2020-07-17T17:11,True,ferblafla,iNaturalist,http://creativecommons.org/licenses/by-nc/4.0/,ferblafla,https://inaturalist-open-data.s3.amazonaws.com/photos/86000817/original.jpeg,k-mexico,2024-10-24 15:14:11
original_3743251634_1.jpeg,2792457,Polystachya concreta,8.886,"Selasphorus heloisa (R.Lesson & Delattre, 1839)",10996645,19.584422,-96.951017,277.0,NORTH_AMERICA,Veracruz,2022,3,11,2022-03-11T12:59,True,Luis Trinchan,iNaturalist,http://creativecommons.org/licenses/by-nc/4.0/,Luis Trinchan,https://inaturalist-open-data.s3.amazonaws.com/photos/182637298/original.jpeg,k-mexico,2024-10-24 15:14:16
original_3747011619_1.jpeg,7297353,Lippia origanoides,5.903,"Selasphorus heloisa (R.Lesson & Delattre, 1839)",10996645,16.182586,-96.508047,,NORTH_AMERICA,Oaxaca,2022,3,14,2022-03-14T10:21,True,Roger Woodruff,iNaturalist,http://creativecommons.org/licenses/by-nc/4.0/,Roger Woodruff,https://inaturalist-open-data.s3.amazonaws.com/photos/183416479/original.jpeg; https://inaturalist-open-data.s3.amazonaws.com/photos/183416484/original.jpeg,k-mexico,2024-10-24 15:14:18
original_3747011619_2.jpeg,2925462,Stachytarpheta mutabilis,5.8790000000000004,"Selasphorus heloisa (R.Lesson & Delattre, 1839)",10996645,16.182586,-96.508047,,NORTH_AMERICA,Oaxaca,2022,3,14,2022-03-14T10:21,True,Roger Woodruff,iNaturalist,http://creativecommons.org/licenses/by-nc/4.0/,Roger Woodruff,https://inaturalist-open-data.s3.amazonaws.com/photos/183416479/original.jpeg; https://inaturalist-open-data.s3.amazonaws.com/photos/183416484/original.jpeg,k-mexico,2024-10-24 15:14:19
original_3747065567_1.jpeg,3152824,Liquidambar styraciflua,51.70400000000001,"Selasphorus heloisa (R.Lesson & Delattre, 1839)",10996645,19.584352,-96.948807,61.0,NORTH_AMERICA,Veracruz,2022,3,19,2022-03-19T10:44,True,Susana Velasco,iNaturalist,http://creativecommons.org/licenses/by-nc/4.0/,Susana Velasco,https://inaturalist-open-data.s3.amazonaws.com/photos/183642023/original.jpeg,k-mexico,2024-10-24 15:14:22
original_3747080630_1.jpeg,3054289,Carya illinoinensis,0.683,"Selasphorus heloisa (R.Lesson & Delattre, 1839)",10996645,16.182494,-96.508061,,NORTH_AMERICA,Oaxaca,2022,3,14,2022-03-14T10:19,True,Roger Woodruff,iNaturalist,http://creativecommons.org/licenses/by-nc/4.0/,Roger Woodruff,https://inaturalist-open-data.s3.amazonaws.com/photos/183416463/original.jpeg; https://inaturalist-open-data.s3.amazonaws.com/photos/183416469/original.jpeg; https://inaturalist-open-data.s3.amazonaws.com/photos/183416475/original.jpeg,k-mexico,2024-10-24 15:14:24
original_3747080630_3.jpeg,5289756,Phalaris arundinacea,0.765,"Selasphorus heloisa (R.Lesson & Delattre, 1839)",10996645,16.182494,-96.508061,,NORTH_AMERICA,Oaxaca,2022,3,14,2022-03-14T10:19,True,Roger Woodruff,iNaturalist,http://creativecommons.org/licenses/by-nc/4.0/,Roger Woodruff,https://inaturalist-open-data.s3.amazonaws.com/photos/183416463/original.jpeg; https://inaturalist-open-data.s3.amazonaws.com/photos/183416469/original.jpeg; https://inaturalist-open-data.s3.amazonaws.com/photos/183416475/original.jpeg,k-mexico,2024-10-24 15:14:27
original_3772509226_1.jpeg,2760644,Heliconia tortuosa,1.916,"Selasphorus heloisa (R.Lesson & Delattre, 1839)",10996645,16.176483,-96.508892,,NORTH_AMERICA,Oaxaca,2022,3,14,2022-03-14T06:50,True,Michael Woodruff,iNaturalist,http://creativecommons.org/licenses/by-nc/4.0/,Michael Woodruff,https://inaturalist-open-data.s3.amazonaws.com/photos/194854325/original.jpeg,k-mexico,2024-10-24 15:14:29
original_3772885315_1.jpg,2993094,Rubus idaeus,3.4290000000000003,"Selasphorus heloisa (R.Lesson & Delattre, 1839)",10996645,23.010195,-99.296678,1996.0,NORTH_AMERICA,Tamaulipas,2022,4,30,2022-04-30T17:48,True,Luis Guillermo,iNaturalist,http://creativecommons.org/licenses/by-nc/4.0/,Luis Guillermo,https://inaturalist-open-data.s3.amazonaws.com/photos/195507437/original.jpg; https://inaturalist-open-data.s3.amazonaws.com/photos/298110360/original.jpg,k-mexico,2024-10-24 15:14:31
original_3772885315_2.jpg,5349665,Erythrina rubrinervia,4.18,"Selasphorus heloisa (R.Lesson & Delattre, 1839)",10996645,23.010195,-99.296678,1996.0,NORTH_AMERICA,Tamaulipas,2022,4,30,2022-04-30T17:48,True,Luis Guillermo,iNaturalist,http://creativecommons.org/licenses/by-nc/4.0/,Luis Guillermo,https://inaturalist-open-data.s3.amazonaws.com/photos/195507437/original.jpg; https://inaturalist-open-data.s3.amazonaws.com/photos/298110360/original.jpg,k-mexico,2024-10-24 15:14:33
original_3773198616_1.jpeg,3069440,Euphorbia antisyphilitica,0.626,"Selasphorus heloisa (R.Lesson & Delattre, 1839)",10996645,16.18245,-96.508122,,NORTH_AMERICA,Oaxaca,2022,3,14,2022-03-14T10:19,True,Michael Woodruff,iNaturalist,http://creativecommons.org/licenses/by-nc/4.0/,Michael Woodruff,https://inaturalist-open-data.s3.amazonaws.com/photos/194855684/original.jpeg,k-mexico,2024-10-24 15:14:36
original_3784789508_1.jpeg,5284045,Zamia lacandona,0.7270000000000001,"Selasphorus heloisa (R.Lesson & Delattre, 1839)",10996645,23.050745,-99.236124,15625.0,NORTH_AMERICA,Tamaulipas,2022,4,30,2022-04-30T17:19,True,Víctor Manuel Zúñiga Vargas,iNaturalist,http://creativecommons.org/licenses/by-nc/4.0/,Víctor Manuel Zúñiga Vargas,https://inaturalist-open-data.s3.amazonaws.com/photos/197149580/original.jpeg,k-mexico,2024-10-24 15:14:37
original_3802717468_1.jpg,3073512,Cnidoscolus aconitifolius,57.806999999999995,"Selasphorus heloisa (R.Lesson & Delattre, 1839)",10996645,23.010195,-99.296678,1996.0,NORTH_AMERICA,Tamaulipas,2022,4,29,2022-04-29T15:15,True,Luis Guillermo,iNaturalist,http://creativecommons.org/licenses/by-nc/4.0/,Luis Guillermo,https://inaturalist-open-data.s3.amazonaws.com/photos/194676565/original.jpg; https://inaturalist-open-data.s3.amazonaws.com/photos/201547792/original.jpg,k-mexico,2024-10-24 15:14:39
original_3802717468_2.jpg,3073512,Cnidoscolus aconitifolius,63.676,"Selasphorus heloisa (R.Lesson & Delattre, 1839)",10996645,23.010195,-99.296678,1996.0,NORTH_AMERICA,Tamaulipas,2022,4,29,2022-04-29T15:15,True,Luis Guillermo,iNaturalist,http://creativecommons.org/licenses/by-nc/4.0/,Luis Guillermo,https://inaturalist-open-data.s3.amazonaws.com/photos/194676565/original.jpg; https://inaturalist-open-data.s3.amazonaws.com/photos/201547792/original.jpg,k-mexico,2024-10-24 15:14:41
original_3858561181_1.jpg,3054368,Juglans regia,34.510000000000005,"Selasphorus heloisa (R.Lesson & Delattre, 1839)",10996645,19.254362,-98.537264,15.0,NORTH_AMERICA,Puebla,2021,5,23,2021-05-23T10:05,True,Mary_Lozano,iNaturalist,http://creativecommons.org/licenses/by-nc/4.0/,Mary_Lozano,https://inaturalist-open-data.s3.amazonaws.com/photos/205012156/original.jpg,k-mexico,2024-10-24 15:14:44
original_3859718440_1.jpeg,2925303,Lantana camara,87.48,"Selasphorus heloisa (R.Lesson & Delattre, 1839)",10996645,19.354127,-99.131989,4.0,NORTH_AMERICA,Distrito Federal,2022,6,19,2022-06-19T14:52,True,Efraín Octavio Aguilar Pérez,iNaturalist,http://creativecommons.org/licenses/by-nc/4.0/,Efraín Octavio Aguilar Pérez,https://inaturalist-open-data.s3.amazonaws.com/photos/207730491/original.jpeg; https://inaturalist-open-data.s3.amazonaws.com/photos/207730582/original.jpeg; https://inaturalist-open-data.s3.amazonaws.com/photos/207730605/original.jpeg; https://inaturalist-open-data.s3.amazonaws.com/photos/207730626/original.jpeg,k-mexico,2024-10-24 15:14:49
original_3859718440_2.jpeg,2925303,Lantana camara,87.32600000000001,"Selasphorus heloisa (R.Lesson & Delattre, 1839)",10996645,19.354127,-99.131989,4.0,NORTH_AMERICA,Distrito Federal,2022,6,19,2022-06-19T14:52,True,Efraín Octavio Aguilar Pérez,iNaturalist,http://creativecommons.org/licenses/by-nc/4.0/,Efraín Octavio Aguilar Pérez,https://inaturalist-open-data.s3.amazonaws.com/photos/207730491/original.jpeg; https://inaturalist-open-data.s3.amazonaws.com/photos/207730582/original.jpeg; https://inaturalist-open-data.s3.amazonaws.com/photos/207730605/original.jpeg; https://inaturalist-open-data.s3.amazonaws.com/photos/207730626/original.jpeg,k-mexico,2024-10-24 15:14:51
original_3859718440_3.jpeg,2925303,Lantana camara,85.565,"Selasphorus heloisa (R.Lesson & Delattre, 1839)",10996645,19.354127,-99.131989,4.0,NORTH_AMERICA,Distrito Federal,2022,6,19,2022-06-19T14:52,True,Efraín Octavio Aguilar Pérez,iNaturalist,http://creativecommons.org/licenses/by-nc/4.0/,Efraín Octavio Aguilar Pérez,https://inaturalist-open-data.s3.amazonaws.com/photos/207730491/original.jpeg; https://inaturalist-open-data.s3.amazonaws.com/photos/207730582/original.jpeg; https://inaturalist-open-data.s3.amazonaws.com/photos/207730605/original.jpeg; https://inaturalist-open-data.s3.amazonaws.com/photos/207730626/original.jpeg,k-mexico,2024-10-24 15:14:53
original_3860707426_1.jpg,7313348,Passiflora platyloba,3.004,"Selasphorus heloisa (R.Lesson & Delattre, 1839)",10996645,23.0454,-99.196825,6252.0,NORTH_AMERICA,Tamaulipas,2022,4,29,2022-04-29T14:43,True,Sonia E. Galván Dávila,iNaturalist,http://creativecommons.org/licenses/by-nc/4.0/,Sonia E. Galván Dávila,https://inaturalist-open-data.s3.amazonaws.com/photos/203394391/original.jpg,k-mexico,2024-10-24 15:14:56
original_3873108296_1.jpg,5421445,Securidaca diversifolia,11.849,"Selasphorus heloisa (R.Lesson & Delattre, 1839)",10996645,23.053331,-99.188288,61.0,NORTH_AMERICA,Tamaulipas,2022,4,30,2022-04-30T17:25,True,Luis Guillermo,iNaturalist,http://creativecommons.org/licenses/by-nc/4.0/,Luis Guillermo,https://inaturalist-open-data.s3.amazonaws.com/photos/216657389/original.jpg; https://inaturalist-open-data.s3.amazonaws.com/photos/216657816/original.jpg; https://inaturalist-open-data.s3.amazonaws.com/photos/216657828/original.jpg,k-mexico,2024-10-24 15:14:58
original_3873108296_2.jpg,5421445,Securidaca diversifolia,4.696,"Selasphorus heloisa (R.Lesson & Delattre, 1839)",10996645,23.053331,-99.188288,61.0,NORTH_AMERICA,Tamaulipas,2022,4,30,2022-04-30T17:25,True,Luis Guillermo,iNaturalist,http://creativecommons.org/licenses/by-nc/4.0/,Luis Guillermo,https://inaturalist-open-data.s3.amazonaws.com/photos/216657389/original.jpg; https://inaturalist-open-data.s3.amazonaws.com/photos/216657816/original.jpg; https://inaturalist-open-data.s3.amazonaws.com/photos/216657828/original.jpg,k-mexico,2024-10-24 15:15:01
original_3873108296_3.jpg,3170397,Cynanchum racemosum,5.3580000000000005,"Selasphorus heloisa (R.Lesson & Delattre, 1839)",10996645,23.053331,-99.188288,61.0,NORTH_AMERICA,Tamaulipas,2022,4,30,2022-04-30T17:25,True,Luis Guillermo,iNaturalist,http://creativecommons.org/licenses/by-nc/4.0/,Luis Guillermo,https://inaturalist-open-data.s3.amazonaws.com/photos/216657389/original.jpg; https://inaturalist-open-data.s3.amazonaws.com/photos/216657816/original.jpg; https://inaturalist-open-data.s3.amazonaws.com/photos/216657828/original.jpg,k-mexico,2024-10-24 15:15:03
original_3873211889_1.png,2705621,Paspalum notatum,1.288,"Selasphorus heloisa (R.Lesson & Delattre, 1839)",10996645,20.908611,-99.196389,589.0,NORTH_AMERICA,Hidalgo,2022,6,30,2022-06-30T13:29,True,Los Marmoles,iNaturalist,http://creativecommons.org/licenses/by-nc-sa/4.0/,Los Marmoles,https://inaturalist-open-data.s3.amazonaws.com/photos/215782311/original.png,k-mexico,2024-10-24 15:15:07
original_3873294885_1.jpg,2929362,Solanum capsicoides,2.297,"Selasphorus heloisa (R.Lesson & Delattre, 1839)",10996645,23.053331,-99.188288,61.0,NORTH_AMERICA,Tamaulipas,2022,4,30,2022-04-30T17:26,True,Luis Guillermo,iNaturalist,http://creativecommons.org/licenses/by-nc/4.0/,Luis Guillermo,https://inaturalist-open-data.s3.amazonaws.com/photos/216657329/original.jpg; https://inaturalist-open-data.s3.amazonaws.com/photos/216658043/original.jpg; https://inaturalist-open-data.s3.amazonaws.com/photos/216658066/original.jpg,k-mexico,2024-10-24 15:15:09
original_3873294885_2.jpg,3152593,Hibiscus poeppigii,0.718,"Selasphorus heloisa (R.Lesson & Delattre, 1839)",10996645,23.053331,-99.188288,61.0,NORTH_AMERICA,Tamaulipas,2022,4,30,2022-04-30T17:26,True,Luis Guillermo,iNaturalist,http://creativecommons.org/licenses/by-nc/4.0/,Luis Guillermo,https://inaturalist-open-data.s3.amazonaws.com/photos/216657329/original.jpg; https://inaturalist-open-data.s3.amazonaws.com/photos/216658043/original.jpg; https://inaturalist-open-data.s3.amazonaws.com/photos/216658066/original.jpg,k-mexico,2024-10-24 15:15:11
original_3873479675_1.jpg,2928531,Ipomoea cairica,17.158,"Selasphorus heloisa (R.Lesson & Delattre, 1839)",10996645,20.730708,-104.822105,217.0,NORTH_AMERICA,Jalisco,2022,6,3,2022-06-03T08:38:39,True,vidal_prado,iNaturalist,http://creativecommons.org/licenses/by-nc/4.0/,vidal_prado,https://inaturalist-open-data.s3.amazonaws.com/photos/202929788/original.jpg,k-mexico,2024-10-24 15:15:16
original_3873747996_1.jpeg,5372984,Salix bonplandiana,1.022,"Selasphorus heloisa (R.Lesson & Delattre, 1839)",10996645,20.908611,-99.196389,722.0,NORTH_AMERICA,Hidalgo,2022,7,4,2022-07-04T14:12,True,Los Marmoles,iNaturalist,http://creativecommons.org/licenses/by-nc-sa/4.0/,Los Marmoles,https://inaturalist-open-data.s3.amazonaws.com/photos/215993116/original.jpeg,k-mexico,2024-10-24 15:15:18
original_3881662321_1.jpeg,2684627,Juniperus californica,1.218,"Selasphorus heloisa (R.Lesson & Delattre, 1839)",10996645,19.148235,-96.966548,2445.0,NORTH_AMERICA,Veracruz,2016,3,31,2016-03-31T08:27,True,Gerardo Ulises Tejeda Sartorius,iNaturalist,http://creativecommons.org/licenses/by-nc/4.0/,Gerardo Ulises Tejeda Sartorius,https://inaturalist-open-data.s3.amazonaws.com/photos/219303760/original.jpeg,k-mexico,2024-10-24 15:15:20
original_3889039624_1.jpeg,5290259,Elymus riparius,7.153,"Selasphorus heloisa (R.Lesson & Delattre, 1839)",10996645,19.179332,-97.039737,2.0,NORTH_AMERICA,Veracruz,2022,8,2,2022-08-02T12:34,True,Cesar Lezama,iNaturalist,http://creativecommons.org/licenses/by-nc/4.0/,Cesar Lezama,https://inaturalist-open-data.s3.amazonaws.com/photos/219566929/original.jpeg; https://inaturalist-open-data.s3.amazonaws.com/photos/219695074/original.jpeg; https://inaturalist-open-data.s3.amazonaws.com/photos/219695163/original.jpeg,k-mexico,2024-10-24 15:15:22
original_3889039624_2.jpeg,3173150,Carlowrightia parviflora,2.956,"Selasphorus heloisa (R.Lesson & Delattre, 1839)",10996645,19.179332,-97.039737,2.0,NORTH_AMERICA,Veracruz,2022,8,2,2022-08-02T12:34,True,Cesar Lezama,iNaturalist,http://creativecommons.org/licenses/by-nc/4.0/,Cesar Lezama,https://inaturalist-open-data.s3.amazonaws.com/photos/219566929/original.jpeg; https://inaturalist-open-data.s3.amazonaws.com/photos/219695074/original.jpeg; https://inaturalist-open-data.s3.amazonaws.com/photos/219695163/original.jpeg,k-mexico,2024-10-24 15:15:25
original_3889039624_3.jpeg,3170397,Cynanchum racemosum,9.324,"Selasphorus heloisa (R.Lesson & Delattre, 1839)",10996645,19.179332,-97.039737,2.0,NORTH_AMERICA,Veracruz,2022,8,2,2022-08-02T12:34,True,Cesar Lezama,iNaturalist,http://creativecommons.org/licenses/by-nc/4.0/,Cesar Lezama,https://inaturalist-open-data.s3.amazonaws.com/photos/219566929/original.jpeg; https://inaturalist-open-data.s3.amazonaws.com/photos/219695074/original.jpeg; https://inaturalist-open-data.s3.amazonaws.com/photos/219695163/original.jpeg,k-mexico,2024-10-24 15:15:27
original_3892438504_1.jpeg,3170241,Asclepias curassavica,77.885,"Selasphorus heloisa (R.Lesson & Delattre, 1839)",10996645,23.010195,-99.296678,1996.0,NORTH_AMERICA,Tamaulipas,2022,7,28,2022-07-28T12:10,True,chobuck,iNaturalist,http://creativecommons.org/licenses/by-nc/4.0/,chobuck,https://inaturalist-open-data.s3.amazonaws.com/photos/220255227/original.jpeg; https://inaturalist-open-data.s3.amazonaws.com/photos/220255251/original.jpeg; https://inaturalist-open-data.s3.amazonaws.com/photos/220255265/original.jpeg,k-mexico,2024-10-24 15:15:30
original_3892438504_2.jpeg,3170241,Asclepias curassavica,77.232,"Selasphorus heloisa (R.Lesson & Delattre, 1839)",10996645,23.010195,-99.296678,1996.0,NORTH_AMERICA,Tamaulipas,2022,7,28,2022-07-28T12:10,True,chobuck,iNaturalist,http://creativecommons.org/licenses/by-nc/4.0/,chobuck,https://inaturalist-open-data.s3.amazonaws.com/photos/220255227/original.jpeg; https://inaturalist-open-data.s3.amazonaws.com/photos/220255251/original.jpeg; https://inaturalist-open-data.s3.amazonaws.com/photos/220255265/original.jpeg,k-mexico,2024-10-24 15:15:33
original_3892438504_3.jpeg,3170241,Asclepias curassavica,75.74300000000001,"Selasphorus heloisa (R.Lesson & Delattre, 1839)",10996645,23.010195,-99.296678,1996.0,NORTH_AMERICA,Tamaulipas,2022,7,28,2022-07-28T12:10,True,chobuck,iNaturalist,http://creativecommons.org/licenses/by-nc/4.0/,chobuck,https://inaturalist-open-data.s3.amazonaws.com/photos/220255227/original.jpeg; https://inaturalist-open-data.s3.amazonaws.com/photos/220255251/original.jpeg; https://inaturalist-open-data.s3.amazonaws.com/photos/220255265/original.jpeg,k-mexico,2024-10-24 15:15:35
original_3892657727_1.jpeg,2772610,Dasylirion acrotrichum,2.23,"Selasphorus heloisa (R.Lesson & Delattre, 1839)",10996645,19.616328,-100.524583,,NORTH_AMERICA,Michoacán,2022,8,9,2022-08-09T12:49:13,True,damianberra,iNaturalist,http://creativecommons.org/licenses/by-nc/4.0/,damianberra,https://inaturalist-open-data.s3.amazonaws.com/photos/221773146/original.jpeg; https://inaturalist-open-data.s3.amazonaws.com/photos/221773177/original.jpeg; https://inaturalist-open-data.s3.amazonaws.com/photos/221773201/original.jpeg,k-mexico,2024-10-24 15:15:37
original_3892657727_2.jpeg,3068012,Euphorbia schlechtendalii,4.9,"Selasphorus heloisa (R.Lesson & Delattre, 1839)",10996645,19.616328,-100.524583,,NORTH_AMERICA,Michoacán,2022,8,9,2022-08-09T12:49:13,True,damianberra,iNaturalist,http://creativecommons.org/licenses/by-nc/4.0/,damianberra,https://inaturalist-open-data.s3.amazonaws.com/photos/221773146/original.jpeg; https://inaturalist-open-data.s3.amazonaws.com/photos/221773177/original.jpeg; https://inaturalist-open-data.s3.amazonaws.com/photos/221773201/original.jpeg,k-mexico,2024-10-24 15:15:39
original_3892657727_3.jpeg,3068012,Euphorbia schlechtendalii,9.957,"Selasphorus heloisa (R.Lesson & Delattre, 1839)",10996645,19.616328,-100.524583,,NORTH_AMERICA,Michoacán,2022,8,9,2022-08-09T12:49:13,True,damianberra,iNaturalist,http://creativecommons.org/licenses/by-nc/4.0/,damianberra,https://inaturalist-open-data.s3.amazonaws.com/photos/221773146/original.jpeg; https://inaturalist-open-data.s3.amazonaws.com/photos/221773177/original.jpeg; https://inaturalist-open-data.s3.amazonaws.com/photos/221773201/original.jpeg,k-mexico,2024-10-24 15:15:41
original_3902292880_1.jpeg,3171570,Penstemon barbatus,27.766999999999996,"Selasphorus heloisa (R.Lesson & Delattre, 1839)",10996645,16.169465,-96.500962,214.0,NORTH_AMERICA,Oaxaca,2022,8,19,2022-08-19T12:05:26,True,Juan Manuel Carmona,iNaturalist,http://creativecommons.org/licenses/by-nc/4.0/,Juan Manuel Carmona,https://inaturalist-open-data.s3.amazonaws.com/photos/223815643/original.jpeg,k-mexico,2024-10-24 15:15:43
original_3902421673_1.jpg,2925303,Lantana camara,96.334,"Selasphorus heloisa (R.Lesson & Delattre, 1839)",10996645,19.017326,-98.245341,152.0,NORTH_AMERICA,Puebla,2022,7,16,2022-07-16T11:16,True,Viridiana J. Quintero,iNaturalist,http://creativecommons.org/licenses/by-nc/4.0/,Viridiana J. Quintero,https://inaturalist-open-data.s3.amazonaws.com/photos/225261522/original.jpg,k-mexico,2024-10-24 15:15:45
original_3961139830_1.jpg,7322172,Fuchsia microphylla,33.497,"Selasphorus heloisa (R.Lesson & Delattre, 1839)",10996645,20.645004,-98.684469,369.0,NORTH_AMERICA,Hidalgo,2022,6,27,2022-06-27T12:51,True,Francisco Martínez Pérez,iNaturalist,http://creativecommons.org/licenses/by-nc/4.0/,Francisco Martínez Pérez,https://inaturalist-open-data.s3.amazonaws.com/photos/239780782/original.jpg,k-mexico,2024-10-24 15:15:50
original_3988547261_1.png,5284917,Picea engelmannii,6.311,"Selasphorus heloisa (R.Lesson & Delattre, 1839)",10996645,19.295723,-99.286793,29.0,NORTH_AMERICA,Distrito Federal,2022,12,1,2022-12-01T10:00,True,Nathan Zárate,iNaturalist,http://creativecommons.org/licenses/by-nc/4.0/,Nathan Zárate,https://inaturalist-open-data.s3.amazonaws.com/photos/246641459/original.png; https://inaturalist-open-data.s3.amazonaws.com/photos/246641469/original.png,k-mexico,2024-10-24 15:15:53
original_3988547261_2.png,5341746,Operculina pinnatifida,1.591,"Selasphorus heloisa (R.Lesson & Delattre, 1839)",10996645,19.295723,-99.286793,29.0,NORTH_AMERICA,Distrito Federal,2022,12,1,2022-12-01T10:00,True,Nathan Zárate,iNaturalist,http://creativecommons.org/licenses/by-nc/4.0/,Nathan Zárate,https://inaturalist-open-data.s3.amazonaws.com/photos/246641459/original.png; https://inaturalist-open-data.s3.amazonaws.com/photos/246641469/original.png,k-mexico,2024-10-24 15:15:56
original_3994251999_1.jpg,7279239,Hibiscus diversifolius,3.56,"Selasphorus heloisa (R.Lesson & Delattre, 1839)",10996645,23.053717,-99.185063,61.0,NORTH_AMERICA,Tamaulipas,2022,4,30,2022-04-30T17:48,True,Luis Guillermo,iNaturalist,http://creativecommons.org/licenses/by-nc/4.0/,Luis Guillermo,https://inaturalist-open-data.s3.amazonaws.com/photos/247151399/original.jpg,k-mexico,2024-10-24 15:15:58
original_4028704202_1.jpg,2984335,Urera caracasana,1.873,"Selasphorus heloisa (R.Lesson & Delattre, 1839)",10996645,16.12784,-96.505026,,NORTH_AMERICA,Oaxaca,2023,1,3,2023-01-03T16:20,True,Liam Wolff,iNaturalist,http://creativecommons.org/licenses/by-nc/4.0/,Liam Wolff,https://inaturalist-open-data.s3.amazonaws.com/photos/252604433/original.jpg,k-mexico,2024-10-24 15:16:01
original_4034633488_1.jpeg,4092242,Handroanthus impetiginosus,5.949999999999999,"Selasphorus heloisa margarethae (R.T.Moore, 1937)",10996645,20.748074,-104.824944,15.0,NORTH_AMERICA,Jalisco,2016,12,22,2016-12-22T09:01,True,Cole Gaerber,iNaturalist,http://creativecommons.org/licenses/by-nc/4.0/,Cole Gaerber,https://inaturalist-open-data.s3.amazonaws.com/photos/175925012/original.jpeg,k-mexico,2024-10-24 15:16:03
original_4034767512_1.jpeg,3698513,Combretum fruticosum,5.142,"Selasphorus heloisa margarethae (R.T.Moore, 1937)",10996645,20.748074,-104.824944,15.0,NORTH_AMERICA,Jalisco,2016,12,22,2016-12-22T09:18,True,Cole Gaerber,iNaturalist,http://creativecommons.org/licenses/by-nc/4.0/,Cole Gaerber,https://inaturalist-open-data.s3.amazonaws.com/photos/175925016/original.jpeg,k-mexico,2024-10-24 15:16:05
original_4054854099_1.jpg,3169662,Mandevilla subsagittata,1.863,"Selasphorus heloisa (R.Lesson & Delattre, 1839)",10996645,20.749458,-104.828687,1017.0,NORTH_AMERICA,Jalisco,2023,2,20,2023-02-20T15:09,True,David Scott,iNaturalist,http://creativecommons.org/licenses/by-nc/4.0/,David Scott,https://inaturalist-open-data.s3.amazonaws.com/photos/259226640/original.jpg,k-mexico,2024-10-24 15:16:08
original_4062813364_1.jpeg,2878259,Quercus segoviensis,17.256,"Selasphorus heloisa (R.Lesson & Delattre, 1839)",10996645,21.541297,-105.284723,10033.0,NORTH_AMERICA,Nayarit,2014,12,3,2014-12-03T23:12,True,rkluzco,iNaturalist,http://creativecommons.org/licenses/by-nc/4.0/,rkluzco,https://inaturalist-open-data.s3.amazonaws.com/photos/260721252/original.jpeg,k-mexico,2024-10-24 15:16:10
original_4076249898_1.jpeg,5938223,Fuchsia paniculata,86.158,"Selasphorus heloisa (R.Lesson & Delattre, 1839)",10996645,20.745235,-104.822298,5.0,NORTH_AMERICA,Jalisco,2023,2,24,2023-02-24T13:01,True,Matt Muir,iNaturalist,http://creativecommons.org/licenses/by/4.0/,Matt Muir,https://inaturalist-open-data.s3.amazonaws.com/photos/258603378/original.jpeg; https://inaturalist-open-data.s3.amazonaws.com/photos/258603395/original.jpeg; https://inaturalist-open-data.s3.amazonaws.com/photos/258603403/original.jpeg,k-mexico,2024-10-24 15:16:12
original_4076249898_2.jpeg,5938223,Fuchsia paniculata,91.206,"Selasphorus heloisa (R.Lesson & Delattre, 1839)",10996645,20.745235,-104.822298,5.0,NORTH_AMERICA,Jalisco,2023,2,24,2023-02-24T13:01,True,Matt Muir,iNaturalist,http://creativecommons.org/licenses/by/4.0/,Matt Muir,https://inaturalist-open-data.s3.amazonaws.com/photos/258603378/original.jpeg; https://inaturalist-open-data.s3.amazonaws.com/photos/258603395/original.jpeg; https://inaturalist-open-data.s3.amazonaws.com/photos/258603403/original.jpeg,k-mexico,2024-10-24 15:16:14
original_4076249898_3.jpeg,5938223,Fuchsia paniculata,71.237,"Selasphorus heloisa (R.Lesson & Delattre, 1839)",10996645,20.745235,-104.822298,5.0,NORTH_AMERICA,Jalisco,2023,2,24,2023-02-24T13:01,True,Matt Muir,iNaturalist,http://creativecommons.org/licenses/by/4.0/,Matt Muir,https://inaturalist-open-data.s3.amazonaws.com/photos/258603378/original.jpeg; https://inaturalist-open-data.s3.amazonaws.com/photos/258603395/original.jpeg; https://inaturalist-open-data.s3.amazonaws.com/photos/258603403/original.jpeg,k-mexico,2024-10-24 15:16:15
original_4080850387_1.jpg,8249437,Salvia purpurea,97.812,"Selasphorus heloisa (R.Lesson & Delattre, 1839)",10996645,19.540214,-96.949865,31.0,NORTH_AMERICA,Veracruz,2022,10,30,2022-10-30T08:55,True,benmun89,iNaturalist,http://creativecommons.org/licenses/by-nc/4.0/,benmun89,https://inaturalist-open-data.s3.amazonaws.com/photos/266455529/original.jpg,k-mexico,2024-10-24 15:16:18
original_4116296659_1.jpeg,7288259,Buddleja cordata,1.981,"Selasphorus heloisa (R.Lesson & Delattre, 1839)",10996645,16.121507,-96.481556,50.0,NORTH_AMERICA,Oaxaca,2022,10,22,2022-10-22T08:03,True,Mark Nofsinger,iNaturalist,http://creativecommons.org/licenses/by-nc/4.0/,Mark Nofsinger,https://inaturalist-open-data.s3.amazonaws.com/photos/273472290/original.jpeg,k-mexico,2024-10-24 15:16:20
original_4116419518_1.jpeg,5914287,Melia azedarach,73.507,"Selasphorus heloisa (R.Lesson & Delattre, 1839)",10996645,21.214341,-99.539968,2022.0,NORTH_AMERICA,Querétaro,2023,3,19,2023-03-19T11:29:08,True,Alvaro Rojas (brújula de aves),iNaturalist,http://creativecommons.org/licenses/by-nc/4.0/,Alvaro Rojas (brújula de aves),https://inaturalist-open-data.s3.amazonaws.com/photos/262427395/original.jpeg; https://inaturalist-open-data.s3.amazonaws.com/photos/262427412/original.jpeg; https://inaturalist-open-data.s3.amazonaws.com/photos/262427433/original.jpeg; https://inaturalist-open-data.s3.amazonaws.com/photos/262427447/original.jpeg; https://inaturalist-open-data.s3.amazonaws.com/photos/262427464/original.jpeg; https://inaturalist-open-data.s3.amazonaws.com/photos/262427493/original.jpeg; https://inaturalist-open-data.s3.amazonaws.com/photos/262427508/original.jpeg; https://inaturalist-open-data.s3.amazonaws.com/photos/262427523/original.jpeg; https://inaturalist-open-data.s3.amazonaws.com/photos/262427549/original.jpeg; https://inaturalist-open-data.s3.amazonaws.com/photos/262427562/original.jpeg,k-mexico,2024-10-24 15:16:22
original_4116419518_10.jpeg,5914287,Melia azedarach,80.107,"Selasphorus heloisa (R.Lesson & Delattre, 1839)",10996645,21.214341,-99.539968,2022.0,NORTH_AMERICA,Querétaro,2023,3,19,2023-03-19T11:29:08,True,Alvaro Rojas (brújula de aves),iNaturalist,http://creativecommons.org/licenses/by-nc/4.0/,Alvaro Rojas (brújula de aves),https://inaturalist-open-data.s3.amazonaws.com/photos/262427395/original.jpeg; https://inaturalist-open-data.s3.amazonaws.com/photos/262427412/original.jpeg; https://inaturalist-open-data.s3.amazonaws.com/photos/262427433/original.jpeg; https://inaturalist-open-data.s3.amazonaws.com/photos/262427447/original.jpeg; https://inaturalist-open-data.s3.amazonaws.com/photos/262427464/original.jpeg; https://inaturalist-open-data.s3.amazonaws.com/photos/262427493/original.jpeg; https://inaturalist-open-data.s3.amazonaws.com/photos/262427508/original.jpeg; https://inaturalist-open-data.s3.amazonaws.com/photos/262427523/original.jpeg; https://inaturalist-open-data.s3.amazonaws.com/photos/262427549/original.jpeg; https://inaturalist-open-data.s3.amazonaws.com/photos/262427562/original.jpeg,k-mexico,2024-10-24 15:16:25
original_4116419518_2.jpeg,5914287,Melia azedarach,68.053,"Selasphorus heloisa (R.Lesson & Delattre, 1839)",10996645,21.214341,-99.539968,2022.0,NORTH_AMERICA,Querétaro,2023,3,19,2023-03-19T11:29:08,True,Alvaro Rojas (brújula de aves),iNaturalist,http://creativecommons.org/licenses/by-nc/4.0/,Alvaro Rojas (brújula de aves),https://inaturalist-open-data.s3.amazonaws.com/photos/262427395/original.jpeg; https://inaturalist-open-data.s3.amazonaws.com/photos/262427412/original.jpeg; https://inaturalist-open-data.s3.amazonaws.com/photos/262427433/original.jpeg; https://inaturalist-open-data.s3.amazonaws.com/photos/262427447/original.jpeg; https://inaturalist-open-data.s3.amazonaws.com/photos/262427464/original.jpeg; https://inaturalist-open-data.s3.amazonaws.com/photos/262427493/original.jpeg; https://inaturalist-open-data.s3.amazonaws.com/photos/262427508/original.jpeg; https://inaturalist-open-data.s3.amazonaws.com/photos/262427523/original.jpeg; https://inaturalist-open-data.s3.amazonaws.com/photos/262427549/original.jpeg; https://inaturalist-open-data.s3.amazonaws.com/photos/262427562/original.jpeg,k-mexico,2024-10-24 15:16:27
original_4116419518_3.jpeg,5914287,Melia azedarach,60.206,"Selasphorus heloisa (R.Lesson & Delattre, 1839)",10996645,21.214341,-99.539968,2022.0,NORTH_AMERICA,Querétaro,2023,3,19,2023-03-19T11:29:08,True,Alvaro Rojas (brújula de aves),iNaturalist,http://creativecommons.org/licenses/by-nc/4.0/,Alvaro Rojas (brújula de aves),https://inaturalist-open-data.s3.amazonaws.com/photos/262427395/original.jpeg; https://inaturalist-open-data.s3.amazonaws.com/photos/262427412/original.jpeg; https://inaturalist-open-data.s3.amazonaws.com/photos/262427433/original.jpeg; https://inaturalist-open-data.s3.amazonaws.com/photos/262427447/original.jpeg; https://inaturalist-open-data.s3.amazonaws.com/photos/262427464/original.jpeg; https://inaturalist-open-data.s3.amazonaws.com/photos/262427493/original.jpeg; https://inaturalist-open-data.s3.amazonaws.com/photos/262427508/original.jpeg; https://inaturalist-open-data.s3.amazonaws.com/photos/262427523/original.jpeg; https://inaturalist-open-data.s3.amazonaws.com/photos/262427549/original.jpeg; https://inaturalist-open-data.s3.amazonaws.com/photos/262427562/original.jpeg,k-mexico,2024-10-24 15:16:29
original_4116419518_4.jpeg,5914287,Melia azedarach,25.576999999999998,"Selasphorus heloisa (R.Lesson & Delattre, 1839)",10996645,21.214341,-99.539968,2022.0,NORTH_AMERICA,Querétaro,2023,3,19,2023-03-19T11:29:08,True,Alvaro Rojas (brújula de aves),iNaturalist,http://creativecommons.org/licenses/by-nc/4.0/,Alvaro Rojas (brújula de aves),https://inaturalist-open-data.s3.amazonaws.com/photos/262427395/original.jpeg; https://inaturalist-open-data.s3.amazonaws.com/photos/262427412/original.jpeg; https://inaturalist-open-data.s3.amazonaws.com/photos/262427433/original.jpeg; https://inaturalist-open-data.s3.amazonaws.com/photos/262427447/original.jpeg; https://inaturalist-open-data.s3.amazonaws.com/photos/262427464/original.jpeg; https://inaturalist-open-data.s3.amazonaws.com/photos/262427493/original.jpeg; https://inaturalist-open-data.s3.amazonaws.com/photos/262427508/original.jpeg; https://inaturalist-open-data.s3.amazonaws.com/photos/262427523/original.jpeg; https://inaturalist-open-data.s3.amazonaws.com/photos/262427549/original.jpeg; https://inaturalist-open-data.s3.amazonaws.com/photos/262427562/original.jpeg,k-mexico,2024-10-24 15:16:31
original_4116419518_5.jpeg,5914287,Melia azedarach,34.483000000000004,"Selasphorus heloisa (R.Lesson & Delattre, 1839)",10996645,21.214341,-99.539968,2022.0,NORTH_AMERICA,Querétaro,2023,3,19,2023-03-19T11:29:08,True,Alvaro Rojas (brújula de aves),iNaturalist,http://creativecommons.org/licenses/by-nc/4.0/,Alvaro Rojas (brújula de aves),https://inaturalist-open-data.s3.amazonaws.com/photos/262427395/original.jpeg; https://inaturalist-open-data.s3.amazonaws.com/photos/262427412/original.jpeg; https://inaturalist-open-data.s3.amazonaws.com/photos/262427433/original.jpeg; https://inaturalist-open-data.s3.amazonaws.com/photos/262427447/original.jpeg; https://inaturalist-open-data.s3.amazonaws.com/photos/262427464/original.jpeg; https://inaturalist-open-data.s3.amazonaws.com/photos/262427493/original.jpeg; https://inaturalist-open-data.s3.amazonaws.com/photos/262427508/original.jpeg; https://inaturalist-open-data.s3.amazonaws.com/photos/262427523/original.jpeg; https://inaturalist-open-data.s3.amazonaws.com/photos/262427549/original.jpeg; https://inaturalist-open-data.s3.amazonaws.com/photos/262427562/original.jpeg,k-mexico,2024-10-24 15:16:34
original_4116419518_6.jpeg,5914287,Melia azedarach,49.742,"Selasphorus heloisa (R.Lesson & Delattre, 1839)",10996645,21.214341,-99.539968,2022.0,NORTH_AMERICA,Querétaro,2023,3,19,2023-03-19T11:29:08,True,Alvaro Rojas (brújula de aves),iNaturalist,http://creativecommons.org/licenses/by-nc/4.0/,Alvaro Rojas (brújula de aves),https://inaturalist-open-data.s3.amazonaws.com/photos/262427395/original.jpeg; https://inaturalist-open-data.s3.amazonaws.com/photos/262427412/original.jpeg; https://inaturalist-open-data.s3.amazonaws.com/photos/262427433/original.jpeg; https://inaturalist-open-data.s3.amazonaws.com/photos/262427447/original.jpeg; https://inaturalist-open-data.s3.amazonaws.com/photos/262427464/original.jpeg; https://inaturalist-open-data.s3.amazonaws.com/photos/262427493/original.jpeg; https://inaturalist-open-data.s3.amazonaws.com/photos/262427508/original.jpeg; https://inaturalist-open-data.s3.amazonaws.com/photos/262427523/original.jpeg; https://inaturalist-open-data.s3.amazonaws.com/photos/262427549/original.jpeg; https://inaturalist-open-data.s3.amazonaws.com/photos/262427562/original.jpeg,k-mexico,2024-10-24 15:16:37
original_4116419518_7.jpeg,5914287,Melia azedarach,49.352000000000004,"Selasphorus heloisa (R.Lesson & Delattre, 1839)",10996645,21.214341,-99.539968,2022.0,NORTH_AMERICA,Querétaro,2023,3,19,2023-03-19T11:29:08,True,Alvaro Rojas (brújula de aves),iNaturalist,http://creativecommons.org/licenses/by-nc/4.0/,Alvaro Rojas (brújula de aves),https://inaturalist-open-data.s3.amazonaws.com/photos/262427395/original.jpeg; https://inaturalist-open-data.s3.amazonaws.com/photos/262427412/original.jpeg; https://inaturalist-open-data.s3.amazonaws.com/photos/262427433/original.jpeg; https://inaturalist-open-data.s3.amazonaws.com/photos/262427447/original.jpeg; https://inaturalist-open-data.s3.amazonaws.com/photos/262427464/original.jpeg; https://inaturalist-open-data.s3.amazonaws.com/photos/262427493/original.jpeg; https://inaturalist-open-data.s3.amazonaws.com/photos/262427508/original.jpeg; https://inaturalist-open-data.s3.amazonaws.com/photos/262427523/original.jpeg; https://inaturalist-open-data.s3.amazonaws.com/photos/262427549/original.jpeg; https://inaturalist-open-data.s3.amazonaws.com/photos/262427562/original.jpeg,k-mexico,2024-10-24 15:16:39
original_4116419518_8.jpeg,5914287,Melia azedarach,72.265,"Selasphorus heloisa (R.Lesson & Delattre, 1839)",10996645,21.214341,-99.539968,2022.0,NORTH_AMERICA,Querétaro,2023,3,19,2023-03-19T11:29:08,True,Alvaro Rojas (brújula de aves),iNaturalist,http://creativecommons.org/licenses/by-nc/4.0/,Alvaro Rojas (brújula de aves),https://inaturalist-open-data.s3.amazonaws.com/photos/262427395/original.jpeg; https://inaturalist-open-data.s3.amazonaws.com/photos/262427412/original.jpeg; https://inaturalist-open-data.s3.amazonaws.com/photos/262427433/original.jpeg; https://inaturalist-open-data.s3.amazonaws.com/photos/262427447/original.jpeg; https://inaturalist-open-data.s3.amazonaws.com/photos/262427464/original.jpeg; https://inaturalist-open-data.s3.amazonaws.com/photos/262427493/original.jpeg; https://inaturalist-open-data.s3.amazonaws.com/photos/262427508/original.jpeg; https://inaturalist-open-data.s3.amazonaws.com/photos/262427523/original.jpeg; https://inaturalist-open-data.s3.amazonaws.com/photos/262427549/original.jpeg; https://inaturalist-open-data.s3.amazonaws.com/photos/262427562/original.jpeg,k-mexico,2024-10-24 15:16:42
original_4116419518_9.jpeg,5914287,Melia azedarach,13.192,"Selasphorus heloisa (R.Lesson & Delattre, 1839)",10996645,21.214341,-99.539968,2022.0,NORTH_AMERICA,Querétaro,2023,3,19,2023-03-19T11:29:08,True,Alvaro Rojas (brújula de aves),iNaturalist,http://creativecommons.org/licenses/by-nc/4.0/,Alvaro Rojas (brújula de aves),https://inaturalist-open-data.s3.amazonaws.com/photos/262427395/original.jpeg; https://inaturalist-open-data.s3.amazonaws.com/photos/262427412/original.jpeg; https://inaturalist-open-data.s3.amazonaws.com/photos/262427433/original.jpeg; https://inaturalist-open-data.s3.amazonaws.com/photos/262427447/original.jpeg; https://inaturalist-open-data.s3.amazonaws.com/photos/262427464/original.jpeg; https://inaturalist-open-data.s3.amazonaws.com/photos/262427493/original.jpeg; https://inaturalist-open-data.s3.amazonaws.com/photos/262427508/original.jpeg; https://inaturalist-open-data.s3.amazonaws.com/photos/262427523/original.jpeg; https://inaturalist-open-data.s3.amazonaws.com/photos/262427549/original.jpeg; https://inaturalist-open-data.s3.amazonaws.com/photos/262427562/original.jpeg,k-mexico,2024-10-24 15:16:44
original_4116504581_1.jpeg,2959492,Gleditsia aquatica,1.536,"Selasphorus heloisa (R.Lesson & Delattre, 1839)",10996645,21.648483,-105.097945,64779.0,NORTH_AMERICA,Nayarit,2014,12,3,2014-12-03T22:48,True,rkluzco,iNaturalist,http://creativecommons.org/licenses/by-nc/4.0/,rkluzco,https://inaturalist-open-data.s3.amazonaws.com/photos/260721089/original.jpeg,k-mexico,2024-10-24 15:16:47
original_4120912327_2.jpg,2925303,Lantana camara,23.444000000000003,"Selasphorus heloisa (R.Lesson & Delattre, 1839)",10996645,19.353888,-99.131771,61.0,NORTH_AMERICA,Distrito Federal,2021,7,31,2021-07-31T17:09,True,Francisco Caloca,iNaturalist,http://creativecommons.org/licenses/by-nc/4.0/,Francisco Caloca,https://inaturalist-open-data.s3.amazonaws.com/photos/147612782/original.jpg; https://inaturalist-open-data.s3.amazonaws.com/photos/148122586/original.jpg,k-mexico,2024-10-24 15:16:53
original_4121025417_1.jpg,2925303,Lantana camara,67.323,"Selasphorus heloisa (R.Lesson & Delattre, 1839)",10996645,19.35436,-99.132011,8.0,NORTH_AMERICA,Distrito Federal,2023,5,20,2023-05-20T15:56,True,alberto_paz,iNaturalist,http://creativecommons.org/licenses/by-nc/4.0/,alberto_paz,https://inaturalist-open-data.s3.amazonaws.com/photos/282251815/original.jpg; https://inaturalist-open-data.s3.amazonaws.com/photos/282251854/original.jpg; https://inaturalist-open-data.s3.amazonaws.com/photos/282251883/original.jpg,k-mexico,2024-10-24 15:16:55
original_4121025417_2.jpg,2925303,Lantana camara,72.501,"Selasphorus heloisa (R.Lesson & Delattre, 1839)",10996645,19.35436,-99.132011,8.0,NORTH_AMERICA,Distrito Federal,2023,5,20,2023-05-20T15:56,True,alberto_paz,iNaturalist,http://creativecommons.org/licenses/by-nc/4.0/,alberto_paz,https://inaturalist-open-data.s3.amazonaws.com/photos/282251815/original.jpg; https://inaturalist-open-data.s3.amazonaws.com/photos/282251854/original.jpg; https://inaturalist-open-data.s3.amazonaws.com/photos/282251883/original.jpg,k-mexico,2024-10-24 15:16:57
original_4121025417_3.jpg,2925303,Lantana camara,71.676,"Selasphorus heloisa (R.Lesson & Delattre, 1839)",10996645,19.35436,-99.132011,8.0,NORTH_AMERICA,Distrito Federal,2023,5,20,2023-05-20T15:56,True,alberto_paz,iNaturalist,http://creativecommons.org/licenses/by-nc/4.0/,alberto_paz,https://inaturalist-open-data.s3.amazonaws.com/photos/282251815/original.jpg; https://inaturalist-open-data.s3.amazonaws.com/photos/282251854/original.jpg; https://inaturalist-open-data.s3.amazonaws.com/photos/282251883/original.jpg,k-mexico,2024-10-24 15:16:59
original_4121380700_1.jpg,2925303,Lantana camara,97.61800000000001,"Selasphorus heloisa (R.Lesson & Delattre, 1839)",10996645,19.354227,-99.131944,15.0,NORTH_AMERICA,Distrito Federal,2023,5,20,2023-05-20T16:51,True,Miguel Ángel Mota Ayala,iNaturalist,http://creativecommons.org/licenses/by-nc/4.0/,Miguel Ángel Mota Ayala,https://inaturalist-open-data.s3.amazonaws.com/photos/281561663/original.jpg,k-mexico,2024-10-24 15:17:02
original_4129944540_1.jpg,3170568,Castilleja affinis,7.817,"Selasphorus heloisa (R.Lesson & Delattre, 1839)",10996645,21.388688,-99.090346,1092.0,NORTH_AMERICA,San Luis Potosí,2023,5,26,2023-05-26T07:25,True,Paco Medina,iNaturalist,http://creativecommons.org/licenses/by-nc/4.0/,Paco Medina,https://inaturalist-open-data.s3.amazonaws.com/photos/284862117/original.jpg; https://inaturalist-open-data.s3.amazonaws.com/photos/284862131/original.jpg; https://inaturalist-open-data.s3.amazonaws.com/photos/284862146/original.jpg,k-mexico,2024-10-24 15:17:04
original_4129944540_2.jpg,3170579,Castilleja tenuiflora,9.958,"Selasphorus heloisa (R.Lesson & Delattre, 1839)",10996645,21.388688,-99.090346,1092.0,NORTH_AMERICA,San Luis Potosí,2023,5,26,2023-05-26T07:25,True,Paco Medina,iNaturalist,http://creativecommons.org/licenses/by-nc/4.0/,Paco Medina,https://inaturalist-open-data.s3.amazonaws.com/photos/284862117/original.jpg; https://inaturalist-open-data.s3.amazonaws.com/photos/284862131/original.jpg; https://inaturalist-open-data.s3.amazonaws.com/photos/284862146/original.jpg,k-mexico,2024-10-24 15:17:07
original_4129944540_3.jpg,3170568,Castilleja affinis,8.988999999999999,"Selasphorus heloisa (R.Lesson & Delattre, 1839)",10996645,21.388688,-99.090346,1092.0,NORTH_AMERICA,San Luis Potosí,2023,5,26,2023-05-26T07:25,True,Paco Medina,iNaturalist,http://creativecommons.org/licenses/by-nc/4.0/,Paco Medina,https://inaturalist-open-data.s3.amazonaws.com/photos/284862117/original.jpg; https://inaturalist-open-data.s3.amazonaws.com/photos/284862131/original.jpg; https://inaturalist-open-data.s3.amazonaws.com/photos/284862146/original.jpg,k-mexico,2024-10-24 15:17:09
original_4133725326_1.jpg,5290105,Olyra latifolia,0.737,"Selasphorus heloisa (R.Lesson & Delattre, 1839)",10996645,17.591417,-96.456083,38.0,NORTH_AMERICA,Oaxaca,2016,2,21,2016-02-21T10:54:48,True,Ryan Shaw,iNaturalist,http://creativecommons.org/licenses/by-nc/4.0/,Ryan Shaw,https://inaturalist-open-data.s3.amazonaws.com/photos/45126741/original.jpg,k-mexico,2024-10-24 15:17:11
original_4133888104_1.jpeg,3670460,Chiranthodendron pentadactylon,73.385,"Selasphorus heloisa (R.Lesson & Delattre, 1839)",10996645,16.059933,-96.49952,488.0,NORTH_AMERICA,Oaxaca,2023,4,4,2023-04-04T17:40,True,Dean Hester,iNaturalist,http://creativecommons.org/licenses/by-nc-nd/4.0/,Dean Hester,https://inaturalist-open-data.s3.amazonaws.com/photos/287665573/original.jpeg,k-mexico,2024-10-24 15:17:13
original_4138509853_1.jpeg,2898772,Palicourea guianensis,53.03600000000001,"Selasphorus heloisa (R.Lesson & Delattre, 1839)",10996645,19.166542,-96.97855,2445.0,NORTH_AMERICA,Veracruz,2023,6,25,2023-06-25T10:15,True,Gerardo Ulises Tejeda Sartorius,iNaturalist,http://creativecommons.org/licenses/by-nc/4.0/,Gerardo Ulises Tejeda Sartorius,https://inaturalist-open-data.s3.amazonaws.com/photos/294048167/original.jpeg,k-mexico,2024-10-24 15:17:16
original_4145279409_1.jpg,7981652,Rhabdadenia biflora,1.8110000000000002,"Selasphorus heloisa (R.Lesson & Delattre, 1839)",10996645,19.354146,-99.132022,206.0,NORTH_AMERICA,Distrito Federal,2023,7,3,2023-07-03T16:21,True,Francisco Caloca,iNaturalist,http://creativecommons.org/licenses/by-nc/4.0/,Francisco Caloca,https://inaturalist-open-data.s3.amazonaws.com/photos/296526459/original.jpg,k-mexico,2024-10-24 15:17:19
original_4145310415_1.jpeg,7307389,Agastache mexicana,92.77300000000001,"Selasphorus heloisa (R.Lesson & Delattre, 1839)",10996645,19.411254,-99.197966,31.0,NORTH_AMERICA,Distrito Federal,2023,6,26,2023-06-26T12:39,True,Miguel Ángel Mota Ayala,iNaturalist,http://creativecommons.org/licenses/by-nc/4.0/,Miguel Ángel Mota Ayala,https://inaturalist-open-data.s3.amazonaws.com/photos/295514408/original.jpeg,k-mexico,2024-10-24 15:17:21
original_4162014588_1.jpeg,2925663,Cornutia pyramidata,90.605,"Selasphorus heloisa (R.Lesson & Delattre, 1839)",10996645,19.586746,-96.946436,15.0,NORTH_AMERICA,Veracruz,2023,6,13,2023-06-13T18:47,True,Susana Velasco,iNaturalist,http://creativecommons.org/licenses/by-nc/4.0/,Susana Velasco,https://inaturalist-open-data.s3.amazonaws.com/photos/289826640/original.jpeg,k-mexico,2024-10-24 15:17:24
original_4165345427_1.jpeg,3152240,Ochroma pyramidale,79.216,"Selasphorus heloisa (R.Lesson & Delattre, 1839)",10996645,16.184232,-96.509928,657.0,NORTH_AMERICA,Oaxaca,2023,1,16,2023-01-16T18:17:36,True,Scott Harris,iNaturalist,http://creativecommons.org/licenses/by/4.0/,Scott Harris,https://inaturalist-open-data.s3.amazonaws.com/photos/252719754/original.jpeg,k-mexico,2024-10-24 15:17:26
original_4165799555_1.jpg,2887069,Sideroxylon lanuginosum,3.121,"Selasphorus heloisa (R.Lesson & Delattre, 1839)",10996645,19.051028,-98.139513,187.0,NORTH_AMERICA,Puebla,2023,7,18,2023-07-18T10:03,True,Viridiana J. Quintero,iNaturalist,http://creativecommons.org/licenses/by-nc/4.0/,Viridiana J. Quintero,https://inaturalist-open-data.s3.amazonaws.com/photos/302180578/original.jpg; https://inaturalist-open-data.s3.amazonaws.com/photos/302180647/original.jpg; https://inaturalist-open-data.s3.amazonaws.com/photos/302180676/original.jpg,k-mexico,2024-10-24 15:17:28
original_4165799555_2.jpg,2964737,Eysenhardtia polystachya,38.733000000000004,"Selasphorus heloisa (R.Lesson & Delattre, 1839)",10996645,19.051028,-98.139513,187.0,NORTH_AMERICA,Puebla,2023,7,18,2023-07-18T10:03,True,Viridiana J. Quintero,iNaturalist,http://creativecommons.org/licenses/by-nc/4.0/,Viridiana J. Quintero,https://inaturalist-open-data.s3.amazonaws.com/photos/302180578/original.jpg; https://inaturalist-open-data.s3.amazonaws.com/photos/302180647/original.jpg; https://inaturalist-open-data.s3.amazonaws.com/photos/302180676/original.jpg,k-mexico,2024-10-24 15:17:30
original_4165799555_3.jpg,2923965,Cephalanthus salicifolius,1.688,"Selasphorus heloisa (R.Lesson & Delattre, 1839)",10996645,19.051028,-98.139513,187.0,NORTH_AMERICA,Puebla,2023,7,18,2023-07-18T10:03,True,Viridiana J. Quintero,iNaturalist,http://creativecommons.org/licenses/by-nc/4.0/,Viridiana J. Quintero,https://inaturalist-open-data.s3.amazonaws.com/photos/302180578/original.jpg; https://inaturalist-open-data.s3.amazonaws.com/photos/302180647/original.jpg; https://inaturalist-open-data.s3.amazonaws.com/photos/302180676/original.jpg,k-mexico,2024-10-24 15:17:32
original_4171290214_1.jpg,8249437,Salvia purpurea,96.848,"Selasphorus heloisa (R.Lesson & Delattre, 1839)",10996645,19.537183,-96.947082,392.0,NORTH_AMERICA,Veracruz,2022,10,30,2022-10-30T08:55,True,benmun89,iNaturalist,http://creativecommons.org/licenses/by-nc/4.0/,benmun89,https://inaturalist-open-data.s3.amazonaws.com/photos/306252046/original.jpg,k-mexico,2024-10-24 15:17:34
original_4177200057_1.jpg,7307389,Agastache mexicana,52.176,"Selasphorus heloisa (R.Lesson & Delattre, 1839)",10996645,19.411307,-99.197806,11.0,NORTH_AMERICA,Distrito Federal,2023,8,6,2023-08-06T14:26,True,Hanji Eduardo Alegría Ovando,iNaturalist,http://creativecommons.org/licenses/by-nc/4.0/,Hanji Eduardo Alegría Ovando,https://inaturalist-open-data.s3.amazonaws.com/photos/308791092/original.jpg,k-mexico,2024-10-24 15:17:37
original_4405304720_1.jpeg,5334257,Lonicera subspicata,2.452,"Selasphorus heloisa (R.Lesson & Delattre, 1839)",10996645,21.098892,-99.658195,61.0,NORTH_AMERICA,Querétaro,2023,8,26,2023-08-26T10:59,True,Rod,iNaturalist,http://creativecommons.org/licenses/by-nc/4.0/,Rod,https://inaturalist-open-data.s3.amazonaws.com/photos/314499151/original.jpeg,k-mexico,2024-10-24 15:17:42
original_4407167743_1.jpg,7307389,Agastache mexicana,81.17699999999999,"Selasphorus heloisa (R.Lesson & Delattre, 1839)",10996645,19.411027,-99.198289,70.0,NORTH_AMERICA,Distrito Federal,2023,8,26,2023-08-26T11:25,True,Hanji Eduardo Alegría Ovando,iNaturalist,http://creativecommons.org/licenses/by-nc/4.0/,Hanji Eduardo Alegría Ovando,https://inaturalist-open-data.s3.amazonaws.com/photos/315090783/original.jpg,k-mexico,2024-10-24 15:17:45
original_4413394288_1.jpeg,7307389,Agastache mexicana,55.846,"Selasphorus heloisa (R.Lesson & Delattre, 1839)",10996645,19.411784,-99.197927,24.0,NORTH_AMERICA,Distrito Federal,2023,9,2,2023-09-02T15:22,True,Dario Taraborelli,iNaturalist,http://creativecommons.org/publicdomain/zero/1.0/,Dario Taraborelli,https://inaturalist-open-data.s3.amazonaws.com/photos/317267001/original.jpeg; https://inaturalist-open-data.s3.amazonaws.com/photos/317267004/original.jpeg; https://inaturalist-open-data.s3.amazonaws.com/photos/317267007/original.jpeg; https://inaturalist-open-data.s3.amazonaws.com/photos/317267010/original.jpeg; https://inaturalist-open-data.s3.amazonaws.com/photos/317267011/original.jpeg,k-mexico,2024-10-24 15:17:47
original_4413394288_2.jpeg,7307389,Agastache mexicana,64.586,"Selasphorus heloisa (R.Lesson & Delattre, 1839)",10996645,19.411784,-99.197927,24.0,NORTH_AMERICA,Distrito Federal,2023,9,2,2023-09-02T15:22,True,Dario Taraborelli,iNaturalist,http://creativecommons.org/publicdomain/zero/1.0/,Dario Taraborelli,https://inaturalist-open-data.s3.amazonaws.com/photos/317267001/original.jpeg; https://inaturalist-open-data.s3.amazonaws.com/photos/317267004/original.jpeg; https://inaturalist-open-data.s3.amazonaws.com/photos/317267007/original.jpeg; https://inaturalist-open-data.s3.amazonaws.com/photos/317267010/original.jpeg; https://inaturalist-open-data.s3.amazonaws.com/photos/317267011/original.jpeg,k-mexico,2024-10-24 15:17:50
original_4413394288_3.jpeg,7307389,Agastache mexicana,57.223,"Selasphorus heloisa (R.Lesson & Delattre, 1839)",10996645,19.411784,-99.197927,24.0,NORTH_AMERICA,Distrito Federal,2023,9,2,2023-09-02T15:22,True,Dario Taraborelli,iNaturalist,http://creativecommons.org/publicdomain/zero/1.0/,Dario Taraborelli,https://inaturalist-open-data.s3.amazonaws.com/photos/317267001/original.jpeg; https://inaturalist-open-data.s3.amazonaws.com/photos/317267004/original.jpeg; https://inaturalist-open-data.s3.amazonaws.com/photos/317267007/original.jpeg; https://inaturalist-open-data.s3.amazonaws.com/photos/317267010/original.jpeg; https://inaturalist-open-data.s3.amazonaws.com/photos/317267011/original.jpeg,k-mexico,2024-10-24 15:17:52
original_4413394288_4.jpeg,7307389,Agastache mexicana,61.367000000000004,"Selasphorus heloisa (R.Lesson & Delattre, 1839)",10996645,19.411784,-99.197927,24.0,NORTH_AMERICA,Distrito Federal,2023,9,2,2023-09-02T15:22,True,Dario Taraborelli,iNaturalist,http://creativecommons.org/publicdomain/zero/1.0/,Dario Taraborelli,https://inaturalist-open-data.s3.amazonaws.com/photos/317267001/original.jpeg; https://inaturalist-open-data.s3.amazonaws.com/photos/317267004/original.jpeg; https://inaturalist-open-data.s3.amazonaws.com/photos/317267007/original.jpeg; https://inaturalist-open-data.s3.amazonaws.com/photos/317267010/original.jpeg; https://inaturalist-open-data.s3.amazonaws.com/photos/317267011/original.jpeg,k-mexico,2024-10-24 15:17:54
original_4413394288_5.jpeg,7307389,Agastache mexicana,67.77499999999999,"Selasphorus heloisa (R.Lesson & Delattre, 1839)",10996645,19.411784,-99.197927,24.0,NORTH_AMERICA,Distrito Federal,2023,9,2,2023-09-02T15:22,True,Dario Taraborelli,iNaturalist,http://creativecommons.org/publicdomain/zero/1.0/,Dario Taraborelli,https://inaturalist-open-data.s3.amazonaws.com/photos/317267001/original.jpeg; https://inaturalist-open-data.s3.amazonaws.com/photos/317267004/original.jpeg; https://inaturalist-open-data.s3.amazonaws.com/photos/317267007/original.jpeg; https://inaturalist-open-data.s3.amazonaws.com/photos/317267010/original.jpeg; https://inaturalist-open-data.s3.amazonaws.com/photos/317267011/original.jpeg,k-mexico,2024-10-24 15:17:57
original_4413518268_1.jpeg,7307389,Agastache mexicana,60.375,"Selasphorus heloisa (R.Lesson & Delattre, 1839)",10996645,19.411784,-99.197927,24.0,NORTH_AMERICA,Distrito Federal,2023,9,2,2023-09-02T15:11,True,Dario Taraborelli,iNaturalist,http://creativecommons.org/publicdomain/zero/1.0/,Dario Taraborelli,https://inaturalist-open-data.s3.amazonaws.com/photos/317266988/original.jpeg; https://inaturalist-open-data.s3.amazonaws.com/photos/317266991/original.jpeg,k-mexico,2024-10-24 15:17:59
original_4413518268_2.jpeg,7307389,Agastache mexicana,73.32499999999999,"Selasphorus heloisa (R.Lesson & Delattre, 1839)",10996645,19.411784,-99.197927,24.0,NORTH_AMERICA,Distrito Federal,2023,9,2,2023-09-02T15:11,True,Dario Taraborelli,iNaturalist,http://creativecommons.org/publicdomain/zero/1.0/,Dario Taraborelli,https://inaturalist-open-data.s3.amazonaws.com/photos/317266988/original.jpeg; https://inaturalist-open-data.s3.amazonaws.com/photos/317266991/original.jpeg,k-mexico,2024-10-24 15:18:01
original_4424376621_1.jpg,7307389,Agastache mexicana,90.96499999999999,"Selasphorus heloisa (R.Lesson & Delattre, 1839)",10996645,19.425357,-99.185218,144.0,NORTH_AMERICA,Distrito Federal,2023,7,6,2023-07-06T11:32:59,True,lizsosa,iNaturalist,http://creativecommons.org/licenses/by-nc/4.0/,lizsosa,https://inaturalist-open-data.s3.amazonaws.com/photos/324674633/original.jpg; https://inaturalist-open-data.s3.amazonaws.com/photos/324674646/original.jpg,k-mexico,2024-10-24 15:18:03
original_4424376621_2.jpg,7307389,Agastache mexicana,77.985,"Selasphorus heloisa (R.Lesson & Delattre, 1839)",10996645,19.425357,-99.185218,144.0,NORTH_AMERICA,Distrito Federal,2023,7,6,2023-07-06T11:32:59,True,lizsosa,iNaturalist,http://creativecommons.org/licenses/by-nc/4.0/,lizsosa,https://inaturalist-open-data.s3.amazonaws.com/photos/324674633/original.jpg; https://inaturalist-open-data.s3.amazonaws.com/photos/324674646/original.jpg,k-mexico,2024-10-24 15:18:05
original_4424403612_1.jpg,7307389,Agastache mexicana,88.2,"Selasphorus heloisa (R.Lesson & Delattre, 1839)",10996645,19.411425,-99.19817,4.0,NORTH_AMERICA,Distrito Federal,2023,7,24,2023-07-24T09:08,True,Efraín Octavio Aguilar Pérez,iNaturalist,http://creativecommons.org/licenses/by-nc/4.0/,Efraín Octavio Aguilar Pérez,https://inaturalist-open-data.s3.amazonaws.com/photos/322313906/original.jpg,k-mexico,2024-10-24 15:18:07
original_4436271236_1.jpeg,3147973,Verbesina crocata,7.763000000000001,"Selasphorus heloisa (R.Lesson & Delattre, 1839)",10996645,16.172817,-96.505462,221.0,NORTH_AMERICA,Oaxaca,2023,10,12,2023-10-12T05:48,True,edwardrooks,iNaturalist,http://creativecommons.org/licenses/by-nc/4.0/,edwardrooks,https://inaturalist-open-data.s3.amazonaws.com/photos/332052630/original.jpeg; https://inaturalist-open-data.s3.amazonaws.com/photos/332052870/original.jpeg; https://inaturalist-open-data.s3.amazonaws.com/photos/332052871/original.jpeg; https://inaturalist-open-data.s3.amazonaws.com/photos/332052872/original.jpeg; https://inaturalist-open-data.s3.amazonaws.com/photos/332052874/original.jpeg; https://inaturalist-open-data.s3.amazonaws.com/photos/332052908/original.jpeg; https://inaturalist-open-data.s3.amazonaws.com/photos/332052998/original.jpeg; https://inaturalist-open-data.s3.amazonaws.com/photos/332053001/original.jpeg; https://inaturalist-open-data.s3.amazonaws.com/photos/332053003/original.jpeg; https://inaturalist-open-data.s3.amazonaws.com/photos/332053007/original.jpeg,k-mexico,2024-10-24 15:18:10
original_4436271236_10.jpeg,3974744,Vachellia nilotica,3.542,"Selasphorus heloisa (R.Lesson & Delattre, 1839)",10996645,16.172817,-96.505462,221.0,NORTH_AMERICA,Oaxaca,2023,10,12,2023-10-12T05:48,True,edwardrooks,iNaturalist,http://creativecommons.org/licenses/by-nc/4.0/,edwardrooks,https://inaturalist-open-data.s3.amazonaws.com/photos/332052630/original.jpeg; https://inaturalist-open-data.s3.amazonaws.com/photos/332052870/original.jpeg; https://inaturalist-open-data.s3.amazonaws.com/photos/332052871/original.jpeg; https://inaturalist-open-data.s3.amazonaws.com/photos/332052872/original.jpeg; https://inaturalist-open-data.s3.amazonaws.com/photos/332052874/original.jpeg; https://inaturalist-open-data.s3.amazonaws.com/photos/332052908/original.jpeg; https://inaturalist-open-data.s3.amazonaws.com/photos/332052998/original.jpeg; https://inaturalist-open-data.s3.amazonaws.com/photos/332053001/original.jpeg; https://inaturalist-open-data.s3.amazonaws.com/photos/332053003/original.jpeg; https://inaturalist-open-data.s3.amazonaws.com/photos/332053007/original.jpeg,k-mexico,2024-10-24 15:18:12
original_4436271236_2.jpeg,3974744,Vachellia nilotica,2.55,"Selasphorus heloisa (R.Lesson & Delattre, 1839)",10996645,16.172817,-96.505462,221.0,NORTH_AMERICA,Oaxaca,2023,10,12,2023-10-12T05:48,True,edwardrooks,iNaturalist,http://creativecommons.org/licenses/by-nc/4.0/,edwardrooks,https://inaturalist-open-data.s3.amazonaws.com/photos/332052630/original.jpeg; https://inaturalist-open-data.s3.amazonaws.com/photos/332052870/original.jpeg; https://inaturalist-open-data.s3.amazonaws.com/photos/332052871/original.jpeg; https://inaturalist-open-data.s3.amazonaws.com/photos/332052872/original.jpeg; https://inaturalist-open-data.s3.amazonaws.com/photos/332052874/original.jpeg; https://inaturalist-open-data.s3.amazonaws.com/photos/332052908/original.jpeg; https://inaturalist-open-data.s3.amazonaws.com/photos/332052998/original.jpeg; https://inaturalist-open-data.s3.amazonaws.com/photos/332053001/original.jpeg; https://inaturalist-open-data.s3.amazonaws.com/photos/332053003/original.jpeg; https://inaturalist-open-data.s3.amazonaws.com/photos/332053007/original.jpeg,k-mexico,2024-10-24 15:18:15
original_4436271236_3.jpeg,3974744,Vachellia nilotica,8.075000000000001,"Selasphorus heloisa (R.Lesson & Delattre, 1839)",10996645,16.172817,-96.505462,221.0,NORTH_AMERICA,Oaxaca,2023,10,12,2023-10-12T05:48,True,edwardrooks,iNaturalist,http://creativecommons.org/licenses/by-nc/4.0/,edwardrooks,https://inaturalist-open-data.s3.amazonaws.com/photos/332052630/original.jpeg; https://inaturalist-open-data.s3.amazonaws.com/photos/332052870/original.jpeg; https://inaturalist-open-data.s3.amazonaws.com/photos/332052871/original.jpeg; https://inaturalist-open-data.s3.amazonaws.com/photos/332052872/original.jpeg; https://inaturalist-open-data.s3.amazonaws.com/photos/332052874/original.jpeg; https://inaturalist-open-data.s3.amazonaws.com/photos/332052908/original.jpeg; https://inaturalist-open-data.s3.amazonaws.com/photos/332052998/original.jpeg; https://inaturalist-open-data.s3.amazonaws.com/photos/332053001/original.jpeg; https://inaturalist-open-data.s3.amazonaws.com/photos/332053003/original.jpeg; https://inaturalist-open-data.s3.amazonaws.com/photos/332053007/original.jpeg,k-mexico,2024-10-24 15:18:17
original_4436271236_4.jpeg,3147973,Verbesina crocata,2.265,"Selasphorus heloisa (R.Lesson & Delattre, 1839)",10996645,16.172817,-96.505462,221.0,NORTH_AMERICA,Oaxaca,2023,10,12,2023-10-12T05:48,True,edwardrooks,iNaturalist,http://creativecommons.org/licenses/by-nc/4.0/,edwardrooks,https://inaturalist-open-data.s3.amazonaws.com/photos/332052630/original.jpeg; https://inaturalist-open-data.s3.amazonaws.com/photos/332052870/original.jpeg; https://inaturalist-open-data.s3.amazonaws.com/photos/332052871/original.jpeg; https://inaturalist-open-data.s3.amazonaws.com/photos/332052872/original.jpeg; https://inaturalist-open-data.s3.amazonaws.com/photos/332052874/original.jpeg; https://inaturalist-open-data.s3.amazonaws.com/photos/332052908/original.jpeg; https://inaturalist-open-data.s3.amazonaws.com/photos/332052998/original.jpeg; https://inaturalist-open-data.s3.amazonaws.com/photos/332053001/original.jpeg; https://inaturalist-open-data.s3.amazonaws.com/photos/332053003/original.jpeg; https://inaturalist-open-data.s3.amazonaws.com/photos/332053007/original.jpeg,k-mexico,2024-10-24 15:18:19
original_4436271236_5.jpeg,3147973,Verbesina crocata,7.587000000000001,"Selasphorus heloisa (R.Lesson & Delattre, 1839)",10996645,16.172817,-96.505462,221.0,NORTH_AMERICA,Oaxaca,2023,10,12,2023-10-12T05:48,True,edwardrooks,iNaturalist,http://creativecommons.org/licenses/by-nc/4.0/,edwardrooks,https://inaturalist-open-data.s3.amazonaws.com/photos/332052630/original.jpeg; https://inaturalist-open-data.s3.amazonaws.com/photos/332052870/original.jpeg; https://inaturalist-open-data.s3.amazonaws.com/photos/332052871/original.jpeg; https://inaturalist-open-data.s3.amazonaws.com/photos/332052872/original.jpeg; https://inaturalist-open-data.s3.amazonaws.com/photos/332052874/original.jpeg; https://inaturalist-open-data.s3.amazonaws.com/photos/332052908/original.jpeg; https://inaturalist-open-data.s3.amazonaws.com/photos/332052998/original.jpeg; https://inaturalist-open-data.s3.amazonaws.com/photos/332053001/original.jpeg; https://inaturalist-open-data.s3.amazonaws.com/photos/332053003/original.jpeg; https://inaturalist-open-data.s3.amazonaws.com/photos/332053007/original.jpeg,k-mexico,2024-10-24 15:18:21
original_4436271236_6.jpeg,3147973,Verbesina crocata,4.173,"Selasphorus heloisa (R.Lesson & Delattre, 1839)",10996645,16.172817,-96.505462,221.0,NORTH_AMERICA,Oaxaca,2023,10,12,2023-10-12T05:48,True,edwardrooks,iNaturalist,http://creativecommons.org/licenses/by-nc/4.0/,edwardrooks,https://inaturalist-open-data.s3.amazonaws.com/photos/332052630/original.jpeg; https://inaturalist-open-data.s3.amazonaws.com/photos/332052870/original.jpeg; https://inaturalist-open-data.s3.amazonaws.com/photos/332052871/original.jpeg; https://inaturalist-open-data.s3.amazonaws.com/photos/332052872/original.jpeg; https://inaturalist-open-data.s3.amazonaws.com/photos/332052874/original.jpeg; https://inaturalist-open-data.s3.amazonaws.com/photos/332052908/original.jpeg; https://inaturalist-open-data.s3.amazonaws.com/photos/332052998/original.jpeg; https://inaturalist-open-data.s3.amazonaws.com/photos/332053001/original.jpeg; https://inaturalist-open-data.s3.amazonaws.com/photos/332053003/original.jpeg; https://inaturalist-open-data.s3.amazonaws.com/photos/332053007/original.jpeg,k-mexico,2024-10-24 15:18:24
original_4436271236_7.jpeg,3974744,Vachellia nilotica,18.215999999999998,"Selasphorus heloisa (R.Lesson & Delattre, 1839)",10996645,16.172817,-96.505462,221.0,NORTH_AMERICA,Oaxaca,2023,10,12,2023-10-12T05:48,True,edwardrooks,iNaturalist,http://creativecommons.org/licenses/by-nc/4.0/,edwardrooks,https://inaturalist-open-data.s3.amazonaws.com/photos/332052630/original.jpeg; https://inaturalist-open-data.s3.amazonaws.com/photos/332052870/original.jpeg; https://inaturalist-open-data.s3.amazonaws.com/photos/332052871/original.jpeg; https://inaturalist-open-data.s3.amazonaws.com/photos/332052872/original.jpeg; https://inaturalist-open-data.s3.amazonaws.com/photos/332052874/original.jpeg; https://inaturalist-open-data.s3.amazonaws.com/photos/332052908/original.jpeg; https://inaturalist-open-data.s3.amazonaws.com/photos/332052998/original.jpeg; https://inaturalist-open-data.s3.amazonaws.com/photos/332053001/original.jpeg; https://inaturalist-open-data.s3.amazonaws.com/photos/332053003/original.jpeg; https://inaturalist-open-data.s3.amazonaws.com/photos/332053007/original.jpeg,k-mexico,2024-10-24 15:18:26
original_4436271236_8.jpeg,2981071,Acaciella angustissima,4.239,"Selasphorus heloisa (R.Lesson & Delattre, 1839)",10996645,16.172817,-96.505462,221.0,NORTH_AMERICA,Oaxaca,2023,10,12,2023-10-12T05:48,True,edwardrooks,iNaturalist,http://creativecommons.org/licenses/by-nc/4.0/,edwardrooks,https://inaturalist-open-data.s3.amazonaws.com/photos/332052630/original.jpeg; https://inaturalist-open-data.s3.amazonaws.com/photos/332052870/original.jpeg; https://inaturalist-open-data.s3.amazonaws.com/photos/332052871/original.jpeg; https://inaturalist-open-data.s3.amazonaws.com/photos/332052872/original.jpeg; https://inaturalist-open-data.s3.amazonaws.com/photos/332052874/original.jpeg; https://inaturalist-open-data.s3.amazonaws.com/photos/332052908/original.jpeg; https://inaturalist-open-data.s3.amazonaws.com/photos/332052998/original.jpeg; https://inaturalist-open-data.s3.amazonaws.com/photos/332053001/original.jpeg; https://inaturalist-open-data.s3.amazonaws.com/photos/332053003/original.jpeg; https://inaturalist-open-data.s3.amazonaws.com/photos/332053007/original.jpeg,k-mexico,2024-10-24 15:18:28
original_4436271236_9.jpeg,3147973,Verbesina crocata,3.734,"Selasphorus heloisa (R.Lesson & Delattre, 1839)",10996645,16.172817,-96.505462,221.0,NORTH_AMERICA,Oaxaca,2023,10,12,2023-10-12T05:48,True,edwardrooks,iNaturalist,http://creativecommons.org/licenses/by-nc/4.0/,edwardrooks,https://inaturalist-open-data.s3.amazonaws.com/photos/332052630/original.jpeg; https://inaturalist-open-data.s3.amazonaws.com/photos/332052870/original.jpeg; https://inaturalist-open-data.s3.amazonaws.com/photos/332052871/original.jpeg; https://inaturalist-open-data.s3.amazonaws.com/photos/332052872/original.jpeg; https://inaturalist-open-data.s3.amazonaws.com/photos/332052874/original.jpeg; https://inaturalist-open-data.s3.amazonaws.com/photos/332052908/original.jpeg; https://inaturalist-open-data.s3.amazonaws.com/photos/332052998/original.jpeg; https://inaturalist-open-data.s3.amazonaws.com/photos/332053001/original.jpeg; https://inaturalist-open-data.s3.amazonaws.com/photos/332053003/original.jpeg; https://inaturalist-open-data.s3.amazonaws.com/photos/332053007/original.jpeg,k-mexico,2024-10-24 15:18:31
original_4436434103_1.jpeg,2970430,Leucaena pulverulenta,11.393,"Selasphorus heloisa (R.Lesson & Delattre, 1839)",10996645,16.172817,-96.505462,221.0,NORTH_AMERICA,Oaxaca,2023,10,12,2023-10-12T05:06,True,edwardrooks,iNaturalist,http://creativecommons.org/licenses/by-nc/4.0/,edwardrooks,https://inaturalist-open-data.s3.amazonaws.com/photos/331992068/original.jpeg,k-mexico,2024-10-24 15:18:33
original_4438734401_1.jpeg,2970430,Leucaena pulverulenta,4.488,"Selasphorus heloisa (R.Lesson & Delattre, 1839)",10996645,16.172817,-96.505462,221.0,NORTH_AMERICA,Oaxaca,2023,10,12,2023-10-12T05:01,True,edwardrooks,iNaturalist,http://creativecommons.org/licenses/by-nc/4.0/,edwardrooks,https://inaturalist-open-data.s3.amazonaws.com/photos/331953819/original.jpeg; https://inaturalist-open-data.s3.amazonaws.com/photos/331953931/original.jpeg; https://inaturalist-open-data.s3.amazonaws.com/photos/331953939/original.jpeg; https://inaturalist-open-data.s3.amazonaws.com/photos/331953940/original.jpeg,k-mexico,2024-10-24 15:18:35
original_4438734401_2.jpeg,2981071,Acaciella angustissima,2.519,"Selasphorus heloisa (R.Lesson & Delattre, 1839)",10996645,16.172817,-96.505462,221.0,NORTH_AMERICA,Oaxaca,2023,10,12,2023-10-12T05:01,True,edwardrooks,iNaturalist,http://creativecommons.org/licenses/by-nc/4.0/,edwardrooks,https://inaturalist-open-data.s3.amazonaws.com/photos/331953819/original.jpeg; https://inaturalist-open-data.s3.amazonaws.com/photos/331953931/original.jpeg; https://inaturalist-open-data.s3.amazonaws.com/photos/331953939/original.jpeg; https://inaturalist-open-data.s3.amazonaws.com/photos/331953940/original.jpeg,k-mexico,2024-10-24 15:18:38
original_4438734401_4.jpeg,2981071,Acaciella angustissima,2.7449999999999997,"Selasphorus heloisa (R.Lesson & Delattre, 1839)",10996645,16.172817,-96.505462,221.0,NORTH_AMERICA,Oaxaca,2023,10,12,2023-10-12T05:01,True,edwardrooks,iNaturalist,http://creativecommons.org/licenses/by-nc/4.0/,edwardrooks,https://inaturalist-open-data.s3.amazonaws.com/photos/331953819/original.jpeg; https://inaturalist-open-data.s3.amazonaws.com/photos/331953931/original.jpeg; https://inaturalist-open-data.s3.amazonaws.com/photos/331953939/original.jpeg; https://inaturalist-open-data.s3.amazonaws.com/photos/331953940/original.jpeg,k-mexico,2024-10-24 15:18:40
original_4438983315_1.jpeg,8249437,Salvia purpurea,20.746000000000002,"Selasphorus heloisa (R.Lesson & Delattre, 1839)",10996645,16.172817,-96.505462,221.0,NORTH_AMERICA,Oaxaca,2023,10,12,2023-10-12T04:55,True,edwardrooks,iNaturalist,http://creativecommons.org/licenses/by-nc/4.0/,edwardrooks,https://inaturalist-open-data.s3.amazonaws.com/photos/331954335/original.jpeg,k-mexico,2024-10-24 15:18:43
original_4440766274_1.jpg,8249437,Salvia purpurea,98.223,"Selasphorus heloisa (R.Lesson & Delattre, 1839)",10996645,19.537183,-96.947082,392.0,NORTH_AMERICA,Veracruz,2023,11,12,2023-11-12T10:06,True,benmun89,iNaturalist,http://creativecommons.org/licenses/by-nc/4.0/,benmun89,https://inaturalist-open-data.s3.amazonaws.com/photos/334565219/original.jpg,k-mexico,2024-10-24 15:18:46
original_4440766284_1.jpg,8249437,Salvia purpurea,94.19800000000001,"Selasphorus heloisa (R.Lesson & Delattre, 1839)",10996645,19.537183,-96.947082,392.0,NORTH_AMERICA,Veracruz,2023,11,12,2023-11-12T09:49,True,benmun89,iNaturalist,http://creativecommons.org/licenses/by-nc/4.0/,benmun89,https://inaturalist-open-data.s3.amazonaws.com/photos/334567985/original.jpg,k-mexico,2024-10-24 15:18:48
original_4442359568_1.jpg,2879249,Quercus vaseyana,0.9990000000000001,"Selasphorus heloisa (R.Lesson & Delattre, 1839)",10996645,21.142875,-99.636192,4.0,NORTH_AMERICA,Querétaro,2022,10,14,2022-10-14T13:36:16,True,John Leszczynski,iNaturalist,http://creativecommons.org/licenses/by/4.0/,John Leszczynski,https://inaturalist-open-data.s3.amazonaws.com/photos/237449017/original.jpg; https://inaturalist-open-data.s3.amazonaws.com/photos/237449033/original.jpg,k-mexico,2024-10-24 15:18:49
original_4442359568_2.jpg,3032981,Diospyros texana,0.494,"Selasphorus heloisa (R.Lesson & Delattre, 1839)",10996645,21.142875,-99.636192,4.0,NORTH_AMERICA,Querétaro,2022,10,14,2022-10-14T13:36:16,True,John Leszczynski,iNaturalist,http://creativecommons.org/licenses/by/4.0/,John Leszczynski,https://inaturalist-open-data.s3.amazonaws.com/photos/237449017/original.jpg; https://inaturalist-open-data.s3.amazonaws.com/photos/237449033/original.jpg,k-mexico,2024-10-24 15:18:51
original_4442367012_1.jpeg,2926379,Ehretia anacua,2.923,"Selasphorus heloisa (R.Lesson & Delattre, 1839)",10996645,21.089486,-99.667741,61.0,NORTH_AMERICA,Querétaro,2023,8,12,2023-08-12T17:07,True,rbsg-prorest-1133,iNaturalist,http://creativecommons.org/licenses/by-nc/4.0/,rbsg-prorest-1133,https://inaturalist-open-data.s3.amazonaws.com/photos/326818342/original.jpeg,k-mexico,2024-10-24 15:18:54
original_4442370455_1.jpeg,5398421,Mikania micrantha,41.94,"Selasphorus heloisa (R.Lesson & Delattre, 1839)",10996645,19.584251,-96.948588,15.0,NORTH_AMERICA,Veracruz,2022,2,11,2022-02-11T11:51,True,Susana Velasco,iNaturalist,http://creativecommons.org/licenses/by-nc/4.0/,Susana Velasco,https://inaturalist-open-data.s3.amazonaws.com/photos/179217530/original.jpeg,k-mexico,2024-10-24 15:18:56
original_4442393475_1.jpeg,2925303,Lantana camara,21.68,"Selasphorus heloisa (R.Lesson & Delattre, 1839)",10996645,19.353685,-99.129516,488.0,NORTH_AMERICA,Distrito Federal,2021,5,6,2021-05-06T14:07,True,Fernando Pérez Peralta,iNaturalist,http://creativecommons.org/publicdomain/zero/1.0/,Fernando Pérez Peralta,https://inaturalist-open-data.s3.amazonaws.com/photos/152276991/original.jpeg,k-mexico,2024-10-24 15:18:58
original_4442395439_1.jpeg,3039459,Frangula californica,4.423,"Selasphorus heloisa (R.Lesson & Delattre, 1839)",10996645,19.927678,-97.404053,61.0,NORTH_AMERICA,Puebla,2016,7,31,2016-07-31T09:26,True,jesus_ortega_esquinca,iNaturalist,http://creativecommons.org/licenses/by-nc/4.0/,jesus_ortega_esquinca,https://inaturalist-open-data.s3.amazonaws.com/photos/144843352/original.jpeg; https://inaturalist-open-data.s3.amazonaws.com/photos/144843364/original.jpeg,k-mexico,2024-10-24 15:19:01
original_4442395439_2.jpeg,3079092,Hieronyma alchorneoides,2.703,"Selasphorus heloisa (R.Lesson & Delattre, 1839)",10996645,19.927678,-97.404053,61.0,NORTH_AMERICA,Puebla,2016,7,31,2016-07-31T09:26,True,jesus_ortega_esquinca,iNaturalist,http://creativecommons.org/licenses/by-nc/4.0/,jesus_ortega_esquinca,https://inaturalist-open-data.s3.amazonaws.com/photos/144843352/original.jpeg; https://inaturalist-open-data.s3.amazonaws.com/photos/144843364/original.jpeg,k-mexico,2024-10-24 15:19:03
original_4442398104_1.jpeg,2945453,Schizolobium parahyba,3.9530000000000003,"Selasphorus heloisa (R.Lesson & Delattre, 1839)",10996645,16.172913,-96.484231,2083.0,NORTH_AMERICA,Oaxaca,2023,10,12,2023-10-12T06:52,True,edwardrooks,iNaturalist,http://creativecommons.org/licenses/by-nc/4.0/,edwardrooks,https://inaturalist-open-data.s3.amazonaws.com/photos/332136065/original.jpeg,k-mexico,2024-10-24 15:19:06
original_4442402504_1.jpeg,3170241,Asclepias curassavica,77.885,"Selasphorus heloisa (R.Lesson & Delattre, 1839)",10996645,23.010195,-99.296678,1996.0,NORTH_AMERICA,Tamaulipas,2022,7,28,2022-07-28T12:10,True,chobuck,iNaturalist,http://creativecommons.org/licenses/by-nc/4.0/,chobuck,https://inaturalist-open-data.s3.amazonaws.com/photos/219414377/original.jpeg,k-mexico,2024-10-24 15:19:08
original_4442469524_1.jpg,3170241,Asclepias curassavica,69.783,"Selasphorus heloisa (R.Lesson & Delattre, 1839)",10996645,23.061811,-99.17496,122.0,NORTH_AMERICA,Tamaulipas,2022,7,28,2022-07-28T12:55,True,ljl,iNaturalist,http://creativecommons.org/licenses/by-nc/4.0/,ljl,https://inaturalist-open-data.s3.amazonaws.com/photos/230307515/original.jpg,k-mexico,2024-10-24 15:19:12
original_4442475491_1.jpeg,5331416,Mentzelia aspera,4.3950000000000005,"Selasphorus heloisa (R.Lesson & Delattre, 1839)",10996645,20.733882,-104.821925,1316.0,NORTH_AMERICA,Jalisco,2021,12,20,2021-12-20T16:06,True,frankf,iNaturalist,http://creativecommons.org/licenses/by-nc/4.0/,frankf,https://inaturalist-open-data.s3.amazonaws.com/photos/173440818/original.jpeg,k-mexico,2024-10-24 15:19:15
original_4442495892_1.jpeg,4925530,Tillandsia balbisiana,3.107,"Selasphorus heloisa (R.Lesson & Delattre, 1839)",10996645,18.280656,-97.026314,5.0,NORTH_AMERICA,Puebla,2023,8,20,2023-08-20T11:02,True,Álvaro San José,iNaturalist,http://creativecommons.org/licenses/by-nc/4.0/,Álvaro San José,https://inaturalist-open-data.s3.amazonaws.com/photos/316658132/original.jpeg; https://inaturalist-open-data.s3.amazonaws.com/photos/316658148/original.jpeg; https://inaturalist-open-data.s3.amazonaws.com/photos/316658214/original.jpeg,k-mexico,2024-10-24 15:19:17
original_4442495892_3.jpeg,4925530,Tillandsia balbisiana,6.75,"Selasphorus heloisa (R.Lesson & Delattre, 1839)",10996645,18.280656,-97.026314,5.0,NORTH_AMERICA,Puebla,2023,8,20,2023-08-20T11:02,True,Álvaro San José,iNaturalist,http://creativecommons.org/licenses/by-nc/4.0/,Álvaro San José,https://inaturalist-open-data.s3.amazonaws.com/photos/316658132/original.jpeg; https://inaturalist-open-data.s3.amazonaws.com/photos/316658148/original.jpeg; https://inaturalist-open-data.s3.amazonaws.com/photos/316658214/original.jpeg,k-mexico,2024-10-24 15:19:19
original_4442598575_1.jpeg,2984289,Proserpinaca pectinata,0.5,"Selasphorus heloisa (R.Lesson & Delattre, 1839)",10996645,19.293793,-99.286195,264.0,NORTH_AMERICA,Distrito Federal,2022,11,27,2022-11-27T13:54,True,Nathan Zárate,iNaturalist,http://creativecommons.org/licenses/by-nc/4.0/,Nathan Zárate,https://inaturalist-open-data.s3.amazonaws.com/photos/245445894/original.jpeg; https://inaturalist-open-data.s3.amazonaws.com/photos/245445908/original.jpeg; https://inaturalist-open-data.s3.amazonaws.com/photos/245445926/original.jpeg; https://inaturalist-open-data.s3.amazonaws.com/photos/245445939/original.jpeg,k-mexico,2024-10-24 15:19:22
original_4442598575_2.jpeg,2684391,Juniperus virginiana,0.549,"Selasphorus heloisa (R.Lesson & Delattre, 1839)",10996645,19.293793,-99.286195,264.0,NORTH_AMERICA,Distrito Federal,2022,11,27,2022-11-27T13:54,True,Nathan Zárate,iNaturalist,http://creativecommons.org/licenses/by-nc/4.0/,Nathan Zárate,https://inaturalist-open-data.s3.amazonaws.com/photos/245445894/original.jpeg; https://inaturalist-open-data.s3.amazonaws.com/photos/245445908/original.jpeg; https://inaturalist-open-data.s3.amazonaws.com/photos/245445926/original.jpeg; https://inaturalist-open-data.s3.amazonaws.com/photos/245445939/original.jpeg,k-mexico,2024-10-24 15:19:24
original_4442598575_3.jpeg,2685527,Abies religiosa,0.822,"Selasphorus heloisa (R.Lesson & Delattre, 1839)",10996645,19.293793,-99.286195,264.0,NORTH_AMERICA,Distrito Federal,2022,11,27,2022-11-27T13:54,True,Nathan Zárate,iNaturalist,http://creativecommons.org/licenses/by-nc/4.0/,Nathan Zárate,https://inaturalist-open-data.s3.amazonaws.com/photos/245445894/original.jpeg; https://inaturalist-open-data.s3.amazonaws.com/photos/245445908/original.jpeg; https://inaturalist-open-data.s3.amazonaws.com/photos/245445926/original.jpeg; https://inaturalist-open-data.s3.amazonaws.com/photos/245445939/original.jpeg,k-mexico,2024-10-24 15:19:25
original_4442598575_4.jpeg,2688348,Lycopodiella cernua,0.371,"Selasphorus heloisa (R.Lesson & Delattre, 1839)",10996645,19.293793,-99.286195,264.0,NORTH_AMERICA,Distrito Federal,2022,11,27,2022-11-27T13:54,True,Nathan Zárate,iNaturalist,http://creativecommons.org/licenses/by-nc/4.0/,Nathan Zárate,https://inaturalist-open-data.s3.amazonaws.com/photos/245445894/original.jpeg; https://inaturalist-open-data.s3.amazonaws.com/photos/245445908/original.jpeg; https://inaturalist-open-data.s3.amazonaws.com/photos/245445926/original.jpeg; https://inaturalist-open-data.s3.amazonaws.com/photos/245445939/original.jpeg,k-mexico,2024-10-24 15:19:27
original_4442624401_1.jpeg,5576250,Odontonema callistachyum,89.837,"Selasphorus heloisa (R.Lesson & Delattre, 1839)",10996645,19.154105,-96.98896,8.0,NORTH_AMERICA,Veracruz,2016,3,31,2016-03-31T08:32,True,Cesar Lezama,iNaturalist,http://creativecommons.org/licenses/by-nc/4.0/,Cesar Lezama,https://inaturalist-open-data.s3.amazonaws.com/photos/124212476/original.jpeg; https://inaturalist-open-data.s3.amazonaws.com/photos/124213051/original.jpeg,k-mexico,2024-10-24 15:19:29
original_4442624499_1.jpg,2874182,Passiflora ciliata,19.403000000000002,"Selasphorus heloisa (R.Lesson & Delattre, 1839)",10996645,20.756106,-104.841875,4.0,NORTH_AMERICA,Jalisco,2022,4,25,2022-04-25T07:54,True,Noé Abraham Muñoz Padilla,iNaturalist,http://creativecommons.org/licenses/by-nc/4.0/,Noé Abraham Muñoz Padilla,https://inaturalist-open-data.s3.amazonaws.com/photos/210139846/original.jpg; https://inaturalist-open-data.s3.amazonaws.com/photos/210139884/original.jpg; https://inaturalist-open-data.s3.amazonaws.com/photos/210139922/original.jpg,k-mexico,2024-10-24 15:19:34
original_4442624499_2.jpg,2882274,Fagus grandifolia,3.258,"Selasphorus heloisa (R.Lesson & Delattre, 1839)",10996645,20.756106,-104.841875,4.0,NORTH_AMERICA,Jalisco,2022,4,25,2022-04-25T07:54,True,Noé Abraham Muñoz Padilla,iNaturalist,http://creativecommons.org/licenses/by-nc/4.0/,Noé Abraham Muñoz Padilla,https://inaturalist-open-data.s3.amazonaws.com/photos/210139846/original.jpg; https://inaturalist-open-data.s3.amazonaws.com/photos/210139884/original.jpg; https://inaturalist-open-data.s3.amazonaws.com/photos/210139922/original.jpg,k-mexico,2024-10-24 15:19:36
original_4442624499_3.jpg,8892957,Pinus jeffreyi,0.768,"Selasphorus heloisa (R.Lesson & Delattre, 1839)",10996645,20.756106,-104.841875,4.0,NORTH_AMERICA,Jalisco,2022,4,25,2022-04-25T07:54,True,Noé Abraham Muñoz Padilla,iNaturalist,http://creativecommons.org/licenses/by-nc/4.0/,Noé Abraham Muñoz Padilla,https://inaturalist-open-data.s3.amazonaws.com/photos/210139846/original.jpg; https://inaturalist-open-data.s3.amazonaws.com/photos/210139884/original.jpg; https://inaturalist-open-data.s3.amazonaws.com/photos/210139922/original.jpg,k-mexico,2024-10-24 15:19:38
original_4453976165_1.jpg,8249437,Salvia purpurea,82.938,"Selasphorus heloisa (R.Lesson & Delattre, 1839)",10996645,19.537183,-96.947082,392.0,NORTH_AMERICA,Veracruz,2023,11,25,2023-11-25T11:39,True,benmun89,iNaturalist,http://creativecommons.org/licenses/by-nc/4.0/,benmun89,https://inaturalist-open-data.s3.amazonaws.com/photos/337143200/original.jpg,k-mexico,2024-10-24 15:19:41
original_4454062269_1.jpg,8249437,Salvia purpurea,76.823,"Selasphorus heloisa (R.Lesson & Delattre, 1839)",10996645,19.537183,-96.947082,392.0,NORTH_AMERICA,Veracruz,2023,11,25,2023-11-25T12:14,True,benmun89,iNaturalist,http://creativecommons.org/licenses/by-nc/4.0/,benmun89,https://inaturalist-open-data.s3.amazonaws.com/photos/337269895/original.jpg,k-mexico,2024-10-24 15:19:43
original_4465649676_1.jpeg,2967319,Desmodium uncinatum,3.2099999999999995,"Selasphorus heloisa (R.Lesson & Delattre, 1839)",10996645,17.173947,-96.604629,207.0,NORTH_AMERICA,Oaxaca,2023,11,29,2023-11-29T07:25:13,True,Alvaro Rojas (brújula de aves),iNaturalist,http://creativecommons.org/licenses/by-nc/4.0/,Alvaro Rojas (brújula de aves),https://inaturalist-open-data.s3.amazonaws.com/photos/339432344/original.jpeg; https://inaturalist-open-data.s3.amazonaws.com/photos/339432359/original.jpeg; https://inaturalist-open-data.s3.amazonaws.com/photos/339432504/original.jpeg,k-mexico,2024-10-24 15:19:46
original_4500814157_1.jpg,5319715,Epidendrum rigidum,0.8210000000000001,"Selasphorus heloisa (R.Lesson & Delattre, 1839)",10996645,19.11471,-99.120145,122.0,NORTH_AMERICA,Distrito Federal,2023,12,13,2023-12-13T11:41,True,alexlazcmart1,iNaturalist,http://creativecommons.org/licenses/by-nc/4.0/,alexlazcmart1,https://inaturalist-open-data.s3.amazonaws.com/photos/340735904/original.jpg,k-mexico,2024-10-24 15:19:53
original_4512046226_1.jpeg,2705781,Hymenachne amplexicaulis,3.341,"Selasphorus heloisa (R.Lesson & Delattre, 1839)",10996645,16.127967,-96.504392,,NORTH_AMERICA,Oaxaca,2023,12,8,2023-12-08T10:15:52,True,Brodie Cass Talbott,iNaturalist,http://creativecommons.org/licenses/by-nc/4.0/,Brodie Cass Talbott,https://inaturalist-open-data.s3.amazonaws.com/photos/339830455/original.jpeg,k-mexico,2024-10-24 15:19:55
original_4512250491_1.jpeg,5680327,Ulmus mexicana,5.536,"Selasphorus heloisa (R.Lesson & Delattre, 1839)",10996645,17.176512,-96.607456,307.0,NORTH_AMERICA,Oaxaca,2023,11,29,2023-11-29T07:12,True,Salvador Sánchez,iNaturalist,http://creativecommons.org/licenses/by-nc/4.0/,Salvador Sánchez,https://inaturalist-open-data.s3.amazonaws.com/photos/340685368/original.jpeg; https://inaturalist-open-data.s3.amazonaws.com/photos/340685375/original.jpeg; https://inaturalist-open-data.s3.amazonaws.com/photos/340685388/original.jpeg; https://inaturalist-open-data.s3.amazonaws.com/photos/340685399/original.jpeg,k-mexico,2024-10-24 15:19:58
original_4512250491_2.jpeg,8368963,Salvia gesneriiflora,4.865,"Selasphorus heloisa (R.Lesson & Delattre, 1839)",10996645,17.176512,-96.607456,307.0,NORTH_AMERICA,Oaxaca,2023,11,29,2023-11-29T07:12,True,Salvador Sánchez,iNaturalist,http://creativecommons.org/licenses/by-nc/4.0/,Salvador Sánchez,https://inaturalist-open-data.s3.amazonaws.com/photos/340685368/original.jpeg; https://inaturalist-open-data.s3.amazonaws.com/photos/340685375/original.jpeg; https://inaturalist-open-data.s3.amazonaws.com/photos/340685388/original.jpeg; https://inaturalist-open-data.s3.amazonaws.com/photos/340685399/original.jpeg,k-mexico,2024-10-24 15:20:01
original_4512250491_3.jpeg,8368963,Salvia gesneriiflora,16.377,"Selasphorus heloisa (R.Lesson & Delattre, 1839)",10996645,17.176512,-96.607456,307.0,NORTH_AMERICA,Oaxaca,2023,11,29,2023-11-29T07:12,True,Salvador Sánchez,iNaturalist,http://creativecommons.org/licenses/by-nc/4.0/,Salvador Sánchez,https://inaturalist-open-data.s3.amazonaws.com/photos/340685368/original.jpeg; https://inaturalist-open-data.s3.amazonaws.com/photos/340685375/original.jpeg; https://inaturalist-open-data.s3.amazonaws.com/photos/340685388/original.jpeg; https://inaturalist-open-data.s3.amazonaws.com/photos/340685399/original.jpeg,k-mexico,2024-10-24 15:20:03
original_4512250491_4.jpeg,5680327,Ulmus mexicana,2.091,"Selasphorus heloisa (R.Lesson & Delattre, 1839)",10996645,17.176512,-96.607456,307.0,NORTH_AMERICA,Oaxaca,2023,11,29,2023-11-29T07:12,True,Salvador Sánchez,iNaturalist,http://creativecommons.org/licenses/by-nc/4.0/,Salvador Sánchez,https://inaturalist-open-data.s3.amazonaws.com/photos/340685368/original.jpeg; https://inaturalist-open-data.s3.amazonaws.com/photos/340685375/original.jpeg; https://inaturalist-open-data.s3.amazonaws.com/photos/340685388/original.jpeg; https://inaturalist-open-data.s3.amazonaws.com/photos/340685399/original.jpeg,k-mexico,2024-10-24 15:20:06
original_4516598382_1.jpeg,5406696,Ceiba aesculifolia,6.69,"Selasphorus heloisa (R.Lesson & Delattre, 1839)",10996645,16.211161,-96.535625,244.0,NORTH_AMERICA,Oaxaca,2024,1,18,2024-01-18T10:25,True,Paul Prappas,iNaturalist,http://creativecommons.org/licenses/by-nc/4.0/,Paul Prappas,https://inaturalist-open-data.s3.amazonaws.com/photos/347530035/original.jpeg; https://inaturalist-open-data.s3.amazonaws.com/photos/347530578/original.jpeg,k-mexico,2024-10-24 15:20:08
original_4516598382_2.jpeg,2876131,Alnus acuminata,51.856,"Selasphorus heloisa (R.Lesson & Delattre, 1839)",10996645,16.211161,-96.535625,244.0,NORTH_AMERICA,Oaxaca,2024,1,18,2024-01-18T10:25,True,Paul Prappas,iNaturalist,http://creativecommons.org/licenses/by-nc/4.0/,Paul Prappas,https://inaturalist-open-data.s3.amazonaws.com/photos/347530035/original.jpeg; https://inaturalist-open-data.s3.amazonaws.com/photos/347530578/original.jpeg,k-mexico,2024-10-24 15:20:10
original_4519306356_1.jpg,2874204,Passiflora biflora,12.155000000000001,"Selasphorus heloisa (R.Lesson & Delattre, 1839)",10996645,19.537183,-96.947082,392.0,NORTH_AMERICA,Veracruz,2024,2,5,2024-02-05T10:55,True,benmun89,iNaturalist,http://creativecommons.org/licenses/by-nc/4.0/,benmun89,https://inaturalist-open-data.s3.amazonaws.com/photos/349901929/original.jpg,k-mexico,2024-10-24 15:20:18
original_4535650397_1.jpeg,3113283,Cirsium mexicanum,17.718,"Selasphorus heloisa (R.Lesson & Delattre, 1839)",10996645,19.584161,-96.947309,51.0,NORTH_AMERICA,Veracruz,2024,2,25,2024-02-25T12:28,True,Susana Velasco,iNaturalist,http://creativecommons.org/licenses/by-nc/4.0/,Susana Velasco,https://inaturalist-open-data.s3.amazonaws.com/photos/354121132/original.jpeg; https://inaturalist-open-data.s3.amazonaws.com/photos/354122117/original.jpeg,k-mexico,2024-10-24 15:20:20
original_4535650397_2.jpeg,5590493,Drymonia serrulata,2.396,"Selasphorus heloisa (R.Lesson & Delattre, 1839)",10996645,19.584161,-96.947309,51.0,NORTH_AMERICA,Veracruz,2024,2,25,2024-02-25T12:28,True,Susana Velasco,iNaturalist,http://creativecommons.org/licenses/by-nc/4.0/,Susana Velasco,https://inaturalist-open-data.s3.amazonaws.com/photos/354121132/original.jpeg; https://inaturalist-open-data.s3.amazonaws.com/photos/354122117/original.jpeg,k-mexico,2024-10-24 15:20:22
original_4535905304_1.jpeg,5406696,Ceiba aesculifolia,25.740000000000002,"Selasphorus heloisa (R.Lesson & Delattre, 1839)",10996645,19.584341,-96.947613,54.0,NORTH_AMERICA,Veracruz,2024,2,25,2024-02-25T12:34,True,Susana Velasco,iNaturalist,http://creativecommons.org/licenses/by-nc/4.0/,Susana Velasco,https://inaturalist-open-data.s3.amazonaws.com/photos/354121522/original.jpeg; https://inaturalist-open-data.s3.amazonaws.com/photos/356597804/original.jpeg,k-mexico,2024-10-24 15:20:24
original_4596923816_1.jpeg,3147973,Verbesina crocata,4.008,"Selasphorus heloisa (R.Lesson & Delattre, 1839)",10996645,25.456653,-100.248628,10.0,NORTH_AMERICA,Nuevo León,2024,2,27,2024-02-27T13:56,True,Álvaro San José,iNaturalist,http://creativecommons.org/licenses/by-nc/4.0/,Álvaro San José,https://inaturalist-open-data.s3.amazonaws.com/photos/356127539/original.jpeg; https://inaturalist-open-data.s3.amazonaws.com/photos/356127545/original.jpeg,k-mexico,2024-10-24 15:20:29
original_4596923816_2.jpeg,5295110,Smilax tamnoides,2.834,"Selasphorus heloisa (R.Lesson & Delattre, 1839)",10996645,25.456653,-100.248628,10.0,NORTH_AMERICA,Nuevo León,2024,2,27,2024-02-27T13:56,True,Álvaro San José,iNaturalist,http://creativecommons.org/licenses/by-nc/4.0/,Álvaro San José,https://inaturalist-open-data.s3.amazonaws.com/photos/356127539/original.jpeg; https://inaturalist-open-data.s3.amazonaws.com/photos/356127545/original.jpeg,k-mexico,2024-10-24 15:20:31
original_4596932590_1.jpeg,5412613,Centropogon cornutus,4.513,"Selasphorus heloisa (R.Lesson & Delattre, 1839)",10996645,19.584039,-96.947137,61.0,NORTH_AMERICA,Veracruz,2024,3,5,2024-03-05T12:35,True,Susana Velasco,iNaturalist,http://creativecommons.org/licenses/by-nc/4.0/,Susana Velasco,https://inaturalist-open-data.s3.amazonaws.com/photos/356598930/original.jpeg,k-mexico,2024-10-24 15:20:34
original_4607457625_1.jpg,2928774,Nicotiana tabacum,2.239,"Selasphorus heloisa (R.Lesson & Delattre, 1839)",10996645,18.104347,-96.787863,1006.0,NORTH_AMERICA,Oaxaca,2020,10,29,2020-10-29T11:41,True,Elias,iNaturalist,http://creativecommons.org/licenses/by-nc/4.0/,Elias,https://inaturalist-open-data.s3.amazonaws.com/photos/362298072/original.jpg,k-mexico,2024-10-24 15:20:36
original_4854978084_1.jpg,2792457,Polystachya concreta,4.125,"Selasphorus heloisa (R.Lesson & Delattre, 1839)",10996645,16.169189,-96.502194,,NORTH_AMERICA,Oaxaca,2024,3,29,2024-03-29,True,Scott Bowers,iNaturalist,http://creativecommons.org/licenses/by-nc/4.0/,Scott Bowers,https://inaturalist-open-data.s3.amazonaws.com/photos/369160587/original.jpg,k-mexico,2024-10-24 15:20:37
original_4863949347_1.jpeg,2698751,Hechtia glomerata,4.809,"Selasphorus heloisa (R.Lesson & Delattre, 1839)",10996645,19.52866,-98.820686,106.0,NORTH_AMERICA,México,2024,5,11,2024-05-11,True,Jessica M. Rupit,iNaturalist,http://creativecommons.org/licenses/by-nc/4.0/,Jessica M. Rupit,https://inaturalist-open-data.s3.amazonaws.com/photos/380565250/original.jpeg; https://inaturalist-open-data.s3.amazonaws.com/photos/380565286/original.jpeg; https://inaturalist-open-data.s3.amazonaws.com/photos/380565310/original.jpeg,k-mexico,2024-10-24 15:20:40
original_4863949347_2.jpeg,2925303,Lantana camara,82.677,"Selasphorus heloisa (R.Lesson & Delattre, 1839)",10996645,19.52866,-98.820686,106.0,NORTH_AMERICA,México,2024,5,11,2024-05-11,True,Jessica M. Rupit,iNaturalist,http://creativecommons.org/licenses/by-nc/4.0/,Jessica M. Rupit,https://inaturalist-open-data.s3.amazonaws.com/photos/380565250/original.jpeg; https://inaturalist-open-data.s3.amazonaws.com/photos/380565286/original.jpeg; https://inaturalist-open-data.s3.amazonaws.com/photos/380565310/original.jpeg,k-mexico,2024-10-24 15:20:41
original_4863949347_3.jpeg,2925303,Lantana camara,72.896,"Selasphorus heloisa (R.Lesson & Delattre, 1839)",10996645,19.52866,-98.820686,106.0,NORTH_AMERICA,México,2024,5,11,2024-05-11,True,Jessica M. Rupit,iNaturalist,http://creativecommons.org/licenses/by-nc/4.0/,Jessica M. Rupit,https://inaturalist-open-data.s3.amazonaws.com/photos/380565250/original.jpeg; https://inaturalist-open-data.s3.amazonaws.com/photos/380565286/original.jpeg; https://inaturalist-open-data.s3.amazonaws.com/photos/380565310/original.jpeg,k-mexico,2024-10-24 15:20:43
original_4872181836_1.jpg,2925303,Lantana camara,75.533,"Selasphorus heloisa (R.Lesson & Delattre, 1839)",10996645,19.351792,-99.12957,4.0,NORTH_AMERICA,Distrito Federal,2024,5,18,2024-05-18T09:52,True,Efraín Octavio Aguilar Pérez,iNaturalist,http://creativecommons.org/licenses/by-nc/4.0/,Efraín Octavio Aguilar Pérez,https://inaturalist-open-data.s3.amazonaws.com/photos/385214200/original.jpg,k-mexico,2024-10-24 15:20:46
original_4872435237_2.jpeg,2925303,Lantana camara,94.17,"Selasphorus heloisa (R.Lesson & Delattre, 1839)",10996645,19.355239,-99.133115,4.0,NORTH_AMERICA,Distrito Federal,2024,5,18,2024-05-18T11:14,True,Efraín Octavio Aguilar Pérez,iNaturalist,http://creativecommons.org/licenses/by-nc/4.0/,Efraín Octavio Aguilar Pérez,https://inaturalist-open-data.s3.amazonaws.com/photos/385216381/original.jpeg; https://inaturalist-open-data.s3.amazonaws.com/photos/385216445/original.jpeg; https://inaturalist-open-data.s3.amazonaws.com/photos/385216446/original.jpeg; https://inaturalist-open-data.s3.amazonaws.com/photos/385216447/original.jpeg; https://inaturalist-open-data.s3.amazonaws.com/photos/385216467/original.jpeg; https://inaturalist-open-data.s3.amazonaws.com/photos/385216469/original.jpeg,k-mexico,2024-10-24 15:20:49
original_4875459430_1.jpeg,2925303,Lantana camara,75.31700000000001,"Selasphorus heloisa (R.Lesson & Delattre, 1839)",10996645,19.354804,-99.132406,2.0,NORTH_AMERICA,Distrito Federal,2024,5,30,2024-05-30T10:20,True,Efraín Octavio Aguilar Pérez,iNaturalist,http://creativecommons.org/licenses/by-nc/4.0/,Efraín Octavio Aguilar Pérez,https://inaturalist-open-data.s3.amazonaws.com/photos/388698812/original.jpeg; https://inaturalist-open-data.s3.amazonaws.com/photos/388699721/original.jpeg; https://inaturalist-open-data.s3.amazonaws.com/photos/388699722/original.jpeg; https://inaturalist-open-data.s3.amazonaws.com/photos/388699823/original.jpeg,k-mexico,2024-10-24 15:20:52
original_4875459430_2.jpeg,2925303,Lantana camara,93.612,"Selasphorus heloisa (R.Lesson & Delattre, 1839)",10996645,19.354804,-99.132406,2.0,NORTH_AMERICA,Distrito Federal,2024,5,30,2024-05-30T10:20,True,Efraín Octavio Aguilar Pérez,iNaturalist,http://creativecommons.org/licenses/by-nc/4.0/,Efraín Octavio Aguilar Pérez,https://inaturalist-open-data.s3.amazonaws.com/photos/388698812/original.jpeg; https://inaturalist-open-data.s3.amazonaws.com/photos/388699721/original.jpeg; https://inaturalist-open-data.s3.amazonaws.com/photos/388699722/original.jpeg; https://inaturalist-open-data.s3.amazonaws.com/photos/388699823/original.jpeg,k-mexico,2024-10-24 15:20:54
original_4875459430_3.jpeg,2925303,Lantana camara,84.693,"Selasphorus heloisa (R.Lesson & Delattre, 1839)",10996645,19.354804,-99.132406,2.0,NORTH_AMERICA,Distrito Federal,2024,5,30,2024-05-30T10:20,True,Efraín Octavio Aguilar Pérez,iNaturalist,http://creativecommons.org/licenses/by-nc/4.0/,Efraín Octavio Aguilar Pérez,https://inaturalist-open-data.s3.amazonaws.com/photos/388698812/original.jpeg; https://inaturalist-open-data.s3.amazonaws.com/photos/388699721/original.jpeg; https://inaturalist-open-data.s3.amazonaws.com/photos/388699722/original.jpeg; https://inaturalist-open-data.s3.amazonaws.com/photos/388699823/original.jpeg,k-mexico,2024-10-24 15:20:56
original_4875561424_1.jpg,2925303,Lantana camara,39.565,"Selasphorus heloisa (R.Lesson & Delattre, 1839)",10996645,19.354759,-99.132401,8.0,NORTH_AMERICA,Distrito Federal,2024,5,18,2024-05-18T09:15,True,Miguel Ángel Mota Ayala,iNaturalist,http://creativecommons.org/licenses/by-nc/4.0/,Miguel Ángel Mota Ayala,https://inaturalist-open-data.s3.amazonaws.com/photos/387696830/original.jpg; https://inaturalist-open-data.s3.amazonaws.com/photos/387696831/original.jpg,k-mexico,2024-10-24 15:20:59
original_4875561424_2.jpg,2925303,Lantana camara,49.419999999999995,"Selasphorus heloisa (R.Lesson & Delattre, 1839)",10996645,19.354759,-99.132401,8.0,NORTH_AMERICA,Distrito Federal,2024,5,18,2024-05-18T09:15,True,Miguel Ángel Mota Ayala,iNaturalist,http://creativecommons.org/licenses/by-nc/4.0/,Miguel Ángel Mota Ayala,https://inaturalist-open-data.s3.amazonaws.com/photos/387696830/original.jpg; https://inaturalist-open-data.s3.amazonaws.com/photos/387696831/original.jpg,k-mexico,2024-10-24 15:21:02
original_4891890293_1.jpg,2876131,Alnus acuminata,6.94,"Selasphorus heloisa (R.Lesson & Delattre, 1839)",10996645,16.169189,-96.502194,,NORTH_AMERICA,Oaxaca,2024,4,1,2024-04-01,True,Scott Bowers,iNaturalist,http://creativecommons.org/licenses/by-nc/4.0/,Scott Bowers,https://inaturalist-open-data.s3.amazonaws.com/photos/376963833/original.jpg,k-mexico,2024-10-24 15:21:03
original_4900969508_1.jpeg,2902066,Hamelia patens,70.812,"Selasphorus heloisa (R.Lesson & Delattre, 1839)",10996645,21.48726,-99.044883,237.0,NORTH_AMERICA,San Luis Potosí,2024,6,9,2024-06-09T08:43,True,Alejandro Aguilar Fernández,iNaturalist,http://creativecommons.org/licenses/by-nc/4.0/,Alejandro Aguilar Fernández,https://inaturalist-open-data.s3.amazonaws.com/photos/394095062/original.jpeg,k-mexico,2024-10-24 15:21:05
original_4901266685_1.jpg,2925303,Lantana camara,11.359,"Selasphorus heloisa (R.Lesson & Delattre, 1839)",10996645,19.351352,-99.127924,377.0,NORTH_AMERICA,Distrito Federal,2024,6,2,2024-06-02T11:22,True,Rubén O. García Linares,iNaturalist,http://creativecommons.org/licenses/by-nc/4.0/,Rubén O. García Linares,https://inaturalist-open-data.s3.amazonaws.com/photos/395951377/original.jpg; https://inaturalist-open-data.s3.amazonaws.com/photos/395951379/original.jpg; https://inaturalist-open-data.s3.amazonaws.com/photos/395951390/original.jpg; https://inaturalist-open-data.s3.amazonaws.com/photos/395951396/original.jpg,k-mexico,2024-10-24 15:21:08
original_4901266685_2.jpg,2925303,Lantana camara,61.590999999999994,"Selasphorus heloisa (R.Lesson & Delattre, 1839)",10996645,19.351352,-99.127924,377.0,NORTH_AMERICA,Distrito Federal,2024,6,2,2024-06-02T11:22,True,Rubén O. García Linares,iNaturalist,http://creativecommons.org/licenses/by-nc/4.0/,Rubén O. García Linares,https://inaturalist-open-data.s3.amazonaws.com/photos/395951377/original.jpg; https://inaturalist-open-data.s3.amazonaws.com/photos/395951379/original.jpg; https://inaturalist-open-data.s3.amazonaws.com/photos/395951390/original.jpg; https://inaturalist-open-data.s3.amazonaws.com/photos/395951396/original.jpg,k-mexico,2024-10-24 15:21:10
original_4901266685_3.jpg,2925303,Lantana camara,57.597,"Selasphorus heloisa (R.Lesson & Delattre, 1839)",10996645,19.351352,-99.127924,377.0,NORTH_AMERICA,Distrito Federal,2024,6,2,2024-06-02T11:22,True,Rubén O. García Linares,iNaturalist,http://creativecommons.org/licenses/by-nc/4.0/,Rubén O. García Linares,https://inaturalist-open-data.s3.amazonaws.com/photos/395951377/original.jpg; https://inaturalist-open-data.s3.amazonaws.com/photos/395951379/original.jpg; https://inaturalist-open-data.s3.amazonaws.com/photos/395951390/original.jpg; https://inaturalist-open-data.s3.amazonaws.com/photos/395951396/original.jpg,k-mexico,2024-10-24 15:21:13
original_4901266685_4.jpg,2925303,Lantana camara,27.840999999999998,"Selasphorus heloisa (R.Lesson & Delattre, 1839)",10996645,19.351352,-99.127924,377.0,NORTH_AMERICA,Distrito Federal,2024,6,2,2024-06-02T11:22,True,Rubén O. García Linares,iNaturalist,http://creativecommons.org/licenses/by-nc/4.0/,Rubén O. García Linares,https://inaturalist-open-data.s3.amazonaws.com/photos/395951377/original.jpg; https://inaturalist-open-data.s3.amazonaws.com/photos/395951379/original.jpg; https://inaturalist-open-data.s3.amazonaws.com/photos/395951390/original.jpg; https://inaturalist-open-data.s3.amazonaws.com/photos/395951396/original.jpg,k-mexico,2024-10-24 15:21:15
original_4901719943_1.jpeg,2874119,Xylosma flexuosa,24.192,"Selasphorus heloisa (R.Lesson & Delattre, 1839)",10996645,17.450109,-97.285396,1355.0,NORTH_AMERICA,Oaxaca,2024,6,22,2024-06-22T11:40:52,True,Juan Manuel Carmona,iNaturalist,http://creativecommons.org/licenses/by-nc/4.0/,Juan Manuel Carmona,https://inaturalist-open-data.s3.amazonaws.com/photos/397852422/original.jpeg,k-mexico,2024-10-24 15:21:18
original_4908260316_2.jpeg,5290269,Elymus glaucus,7.380000000000001,"Selasphorus heloisa (R.Lesson & Delattre, 1839)",10996645,21.139998,-99.636496,8.0,NORTH_AMERICA,Querétaro,2024,6,16,2024-06-16T10:55,True,Adrián g,iNaturalist,http://creativecommons.org/licenses/by-nc/4.0/,Adrián g,https://inaturalist-open-data.s3.amazonaws.com/photos/407555899/original.jpeg; https://inaturalist-open-data.s3.amazonaws.com/photos/407555901/original.jpeg; https://inaturalist-open-data.s3.amazonaws.com/photos/407555909/original.jpeg,k-mexico,2024-10-24 15:21:23
original_4908893152_1.jpg,2925303,Lantana camara,74.161,"Selasphorus heloisa (R.Lesson & Delattre, 1839)",10996645,19.355253,-99.133105,4.0,NORTH_AMERICA,Distrito Federal,2024,7,13,2024-07-13T09:46,True,Miguel Ángel Mota Ayala,iNaturalist,http://creativecommons.org/licenses/by-nc/4.0/,Miguel Ángel Mota Ayala,https://inaturalist-open-data.s3.amazonaws.com/photos/408035677/original.jpg,k-mexico,2024-10-24 15:21:28
original_4909053714_1.jpeg,7307389,Agastache mexicana,24.113,"Selasphorus heloisa (R.Lesson & Delattre, 1839)",10996645,19.411162,-99.197945,2.0,NORTH_AMERICA,Distrito Federal,2024,7,5,2024-07-05T12:21,True,Dario Taraborelli,iNaturalist,http://creativecommons.org/publicdomain/zero/1.0/,Dario Taraborelli,https://inaturalist-open-data.s3.amazonaws.com/photos/407505319/original.jpeg,k-mexico,2024-10-24 15:21:31
original_4910810899_1.jpg,7307389,Agastache mexicana,76.17699999999999,"Selasphorus heloisa (R.Lesson & Delattre, 1839)",10996645,19.411224,-99.197942,2.0,NORTH_AMERICA,Distrito Federal,2024,7,19,2024-07-19T11:51,True,Aldair,iNaturalist,http://creativecommons.org/licenses/by-nc/4.0/,Aldair,https://inaturalist-open-data.s3.amazonaws.com/photos/410402428/original.jpg,k-mexico,2024-10-24 15:21:33
original_4911008017_1.jpg,2874672,Lagenaria siceraria,1.699,"Selasphorus heloisa (R.Lesson & Delattre, 1839)",10996645,19.354166,-99.131958,377.0,NORTH_AMERICA,Distrito Federal,2024,7,19,2024-07-19T22:28,True,Francisco Caloca,iNaturalist,http://creativecommons.org/licenses/by-nc/4.0/,Francisco Caloca,https://inaturalist-open-data.s3.amazonaws.com/photos/409163336/original.jpg,k-mexico,2024-10-24 15:21:36
original_4919143435_1.jpg,7307389,Agastache mexicana,88.08500000000001,"Selasphorus heloisa (R.Lesson & Delattre, 1839)",10996645,19.411309,-99.198077,4.0,NORTH_AMERICA,Distrito Federal,2024,7,22,2024-07-22T10:46,True,antoniolp,iNaturalist,http://creativecommons.org/licenses/by-nc/4.0/,antoniolp,https://inaturalist-open-data.s3.amazonaws.com/photos/412060491/original.jpg,k-mexico,2024-10-24 15:21:40
