imageFileName,gbifIDPlant,speciesPlant,scorePlant,scientificNameBird,gbifIDBird,decimalLatitude,decimalLongitude,coordinateUncertaintyInMeters,continent,stateProvince,year,month,day,eventDate,dateFieldsValid,creator,publisher,license,rightsHolder,identifier,projectID,identificationDateTime
original_1805409996_1.jpg,5348833,Parkia nitida,5.496,"Calliphlox amethystina (Boddaert, 1783)",2476373,1.252174,-70.233618,75161.0,SOUTH_AMERICA,Vaupés,2018,1,,2018-01-07T19:42,False,desertnaturalist,iNaturalist,http://creativecommons.org/licenses/by/4.0/,desertnaturalist,https://inaturalist-open-data.s3.amazonaws.com/photos/12949834/original.jpg,k-western-south-america,2024-10-26 05:32:57
original_1883914656_1.jpeg,7981652,Rhabdadenia biflora,6.369,"Calliphlox amethystina (Boddaert, 1783)",2476373,-22.851094,-47.938875,4.0,SOUTH_AMERICA,São Paulo,2018,1,,2018-01-08,False,Pedro Henrique Maloso Ramos,iNaturalist,http://creativecommons.org/licenses/by/4.0/,Pedro Henrique Maloso Ramos,https://inaturalist-open-data.s3.amazonaws.com/photos/21245930/original.jpeg,k-brazil,2024-10-26 05:33:03
original_1933590582_1.jpeg,5357677,Inga edulis,5.323,"Calliphlox amethystina (Boddaert, 1783)",2476373,-24.267277,-48.410162,,SOUTH_AMERICA,São Paulo,2018,10,,2018-10-03T12:49,False,guyincognito,iNaturalist,http://creativecommons.org/licenses/by-nc/4.0/,guyincognito,https://inaturalist-open-data.s3.amazonaws.com/photos/27513689/original.jpeg,k-brazil,2024-10-26 05:33:06
original_1935627994_1.jpeg,5320021,Epidendrum nocturnum,9.27,"Calliphlox amethystina (Boddaert, 1783)",2476373,-22.350712,-42.584083,,SOUTH_AMERICA,Rio de Janeiro,2018,10,,2018-10-09T11:49,False,Rob Van Epps,iNaturalist,http://creativecommons.org/licenses/by-nc/4.0/,Rob Van Epps,https://inaturalist-open-data.s3.amazonaws.com/photos/27919001/original.jpeg; https://inaturalist-open-data.s3.amazonaws.com/photos/27919013/original.jpeg,k-brazil,2024-10-26 05:33:08
original_1935627994_2.jpeg,5320021,Epidendrum nocturnum,11.794,"Calliphlox amethystina (Boddaert, 1783)",2476373,-22.350712,-42.584083,,SOUTH_AMERICA,Rio de Janeiro,2018,10,,2018-10-09T11:49,False,Rob Van Epps,iNaturalist,http://creativecommons.org/licenses/by-nc/4.0/,Rob Van Epps,https://inaturalist-open-data.s3.amazonaws.com/photos/27919001/original.jpeg; https://inaturalist-open-data.s3.amazonaws.com/photos/27919013/original.jpeg,k-brazil,2024-10-26 05:33:10
original_2251845296_1.jpg,3173122,Justicia brandegeeana,93.112,"Calliphlox amethystina (Boddaert, 1783)",2476373,-22.941148,-46.72885,,SOUTH_AMERICA,São Paulo,2017,12,,2017-12-24,False,Eden Fontes,iNaturalist,http://creativecommons.org/licenses/by-nc/4.0/,Eden Fontes,https://inaturalist-open-data.s3.amazonaws.com/photos/38500111/original.jpg,k-brazil,2024-10-26 05:33:14
original_2251845420_1.jpg,3698513,Combretum fruticosum,75.839,"Calliphlox amethystina (Boddaert, 1783)",2476373,-22.966848,-43.223122,,SOUTH_AMERICA,Rio de Janeiro,2018,10,,2018-10-18,False,Eden Fontes,iNaturalist,http://creativecommons.org/licenses/by-nc/4.0/,Eden Fontes,https://inaturalist-open-data.s3.amazonaws.com/photos/38529807/original.jpg,k-brazil,2024-10-26 05:33:17
original_2265794849_1.jpg,3698513,Combretum fruticosum,75.313,"Calliphlox amethystina (Boddaert, 1783)",2476373,-22.966813,-43.223,,SOUTH_AMERICA,Rio de Janeiro,2018,10,,2018-10-30,False,Eden Fontes,iNaturalist,http://creativecommons.org/licenses/by-nc/4.0/,Eden Fontes,https://inaturalist-open-data.s3.amazonaws.com/photos/38304924/original.jpg,k-brazil,2024-10-26 05:33:20
original_2311284331_1.jpeg,3152195,Guazuma ulmifolia,18.0,"Calliphlox amethystina (Boddaert, 1783)",2476373,-20.329783,-40.286782,277.0,SOUTH_AMERICA,Espírito Santo,2019,6,,2019-06-21,False,Flávio Mendes,iNaturalist,http://creativecommons.org/licenses/by-nc/4.0/,Flávio Mendes,https://inaturalist-open-data.s3.amazonaws.com/photos/42738064/original.jpeg; https://inaturalist-open-data.s3.amazonaws.com/photos/42738411/original.jpeg,k-brazil,2024-10-26 05:33:22
original_2311284331_2.jpeg,3152195,Guazuma ulmifolia,6.739000000000001,"Calliphlox amethystina (Boddaert, 1783)",2476373,-20.329783,-40.286782,277.0,SOUTH_AMERICA,Espírito Santo,2019,6,,2019-06-21,False,Flávio Mendes,iNaturalist,http://creativecommons.org/licenses/by-nc/4.0/,Flávio Mendes,https://inaturalist-open-data.s3.amazonaws.com/photos/42738064/original.jpeg; https://inaturalist-open-data.s3.amazonaws.com/photos/42738411/original.jpeg,k-brazil,2024-10-26 05:33:24
original_2429246045_1.jpg,2925462,Stachytarpheta mutabilis,2.289,"Calliphlox amethystina (Boddaert, 1783)",2476373,-12.879295,-71.371666,1953.0,SOUTH_AMERICA,Madre de Dios,2017,7,,2017-07-17T14:17,False,Paul Fenwick,iNaturalist,http://creativecommons.org/licenses/by-nc/4.0/,Paul Fenwick,https://inaturalist-open-data.s3.amazonaws.com/photos/51189171/original.jpg,k-western-south-america,2024-10-26 05:33:27
original_2447823944_1.jpeg,5380439,Adelia ricinella,15.235000000000001,"Calliphlox amethystina (Boddaert, 1783)",2476373,10.717817,-61.298272,210.0,SOUTH_AMERICA,Tunapuna/Piarco,2018,6,,2018-06-17T04:23,False,Chris Rohrer,iNaturalist,http://creativecommons.org/licenses/by-nc/4.0/,Chris Rohrer,https://inaturalist-open-data.s3.amazonaws.com/photos/20037112/original.jpeg,k-caribbean,2024-10-26 05:33:29
original_2447825897_1.jpg,2976206,Entada polystachya,1.624,"Calliphlox amethystina (Boddaert, 1783)",2476373,-12.144103,-54.104565,2000.0,SOUTH_AMERICA,Mato Grosso,2002,11,,2002-11-10T20:24,False,John D Reynolds,iNaturalist,http://creativecommons.org/licenses/by-nc/4.0/,John D Reynolds,https://inaturalist-open-data.s3.amazonaws.com/photos/28102744/original.jpg; https://inaturalist-open-data.s3.amazonaws.com/photos/28102746/original.jpg,k-brazil,2024-10-26 05:33:32
original_2447825897_2.jpg,7279637,Pavonia cancellata,4.135,"Calliphlox amethystina (Boddaert, 1783)",2476373,-12.144103,-54.104565,2000.0,SOUTH_AMERICA,Mato Grosso,2002,11,,2002-11-10T20:24,False,John D Reynolds,iNaturalist,http://creativecommons.org/licenses/by-nc/4.0/,John D Reynolds,https://inaturalist-open-data.s3.amazonaws.com/photos/28102744/original.jpg; https://inaturalist-open-data.s3.amazonaws.com/photos/28102746/original.jpg,k-brazil,2024-10-26 05:33:34
original_2447925585_1.jpeg,3621389,Tabernaemontana undulata,5.407,"Calliphlox amethystina (Boddaert, 1783)",2476373,-19.935788,-40.599729,8.0,SOUTH_AMERICA,Espírito Santo,2019,10,,2019-10-18T16:45,False,Gabrielly Benaducci Tolentino,iNaturalist,http://creativecommons.org/licenses/by-nc/4.0/,Gabrielly Benaducci Tolentino,https://inaturalist-open-data.s3.amazonaws.com/photos/54798132/original.jpeg; https://inaturalist-open-data.s3.amazonaws.com/photos/54798240/original.jpeg,k-brazil,2024-10-26 05:33:37
original_2579217777_1.jpg,2925463,Stachytarpheta jamaicensis,10.476,"Calliphlox amethystina (Boddaert, 1783)",2476373,-5.679926,-77.638599,625.0,SOUTH_AMERICA,San Martín,2018,7,,2018-07-13,False,Allen Chartier,iNaturalist,http://creativecommons.org/licenses/by-nc/4.0/,Allen Chartier,https://inaturalist-open-data.s3.amazonaws.com/photos/60933018/original.jpg; https://inaturalist-open-data.s3.amazonaws.com/photos/60933268/original.jpg; https://inaturalist-open-data.s3.amazonaws.com/photos/60933269/original.jpg; https://inaturalist-open-data.s3.amazonaws.com/photos/60933271/original.jpg,k-western-south-america,2024-10-26 05:33:40
original_2579217777_2.jpg,2925463,Stachytarpheta jamaicensis,11.25,"Calliphlox amethystina (Boddaert, 1783)",2476373,-5.679926,-77.638599,625.0,SOUTH_AMERICA,San Martín,2018,7,,2018-07-13,False,Allen Chartier,iNaturalist,http://creativecommons.org/licenses/by-nc/4.0/,Allen Chartier,https://inaturalist-open-data.s3.amazonaws.com/photos/60933018/original.jpg; https://inaturalist-open-data.s3.amazonaws.com/photos/60933268/original.jpg; https://inaturalist-open-data.s3.amazonaws.com/photos/60933269/original.jpg; https://inaturalist-open-data.s3.amazonaws.com/photos/60933271/original.jpg,k-western-south-america,2024-10-26 05:33:42
original_2579217777_3.jpg,2925463,Stachytarpheta jamaicensis,23.093,"Calliphlox amethystina (Boddaert, 1783)",2476373,-5.679926,-77.638599,625.0,SOUTH_AMERICA,San Martín,2018,7,,2018-07-13,False,Allen Chartier,iNaturalist,http://creativecommons.org/licenses/by-nc/4.0/,Allen Chartier,https://inaturalist-open-data.s3.amazonaws.com/photos/60933018/original.jpg; https://inaturalist-open-data.s3.amazonaws.com/photos/60933268/original.jpg; https://inaturalist-open-data.s3.amazonaws.com/photos/60933269/original.jpg; https://inaturalist-open-data.s3.amazonaws.com/photos/60933271/original.jpg,k-western-south-america,2024-10-26 05:33:44
original_2579217777_4.jpg,2705781,Hymenachne amplexicaulis,7.693999999999999,"Calliphlox amethystina (Boddaert, 1783)",2476373,-5.679926,-77.638599,625.0,SOUTH_AMERICA,San Martín,2018,7,,2018-07-13,False,Allen Chartier,iNaturalist,http://creativecommons.org/licenses/by-nc/4.0/,Allen Chartier,https://inaturalist-open-data.s3.amazonaws.com/photos/60933018/original.jpg; https://inaturalist-open-data.s3.amazonaws.com/photos/60933268/original.jpg; https://inaturalist-open-data.s3.amazonaws.com/photos/60933269/original.jpg; https://inaturalist-open-data.s3.amazonaws.com/photos/60933271/original.jpg,k-western-south-america,2024-10-26 05:33:45
original_2579326116_1.jpg,2695149,Tillandsia usneoides,5.877000000000001,"Calliphlox amethystina (Boddaert, 1783)",2476373,-23.319099,-45.165008,200.0,SOUTH_AMERICA,São Paulo,2014,11,,2014-11-14T13:51,False,Eden Fontes,iNaturalist,http://creativecommons.org/licenses/by-nc/4.0/,Eden Fontes,https://inaturalist-open-data.s3.amazonaws.com/photos/62973075/original.jpg,k-brazil,2024-10-26 05:33:47
original_2580083055_1.jpg,5321235,Epidendrum strobiliferum,6.082,"Calliphlox amethystina (Boddaert, 1783)",2476373,-23.319124,-45.164709,208.0,SOUTH_AMERICA,São Paulo,2014,11,,2014-11-14T18:01,False,Eden Fontes,iNaturalist,http://creativecommons.org/licenses/by-nc/4.0/,Eden Fontes,https://inaturalist-open-data.s3.amazonaws.com/photos/63418753/original.jpg,k-brazil,2024-10-26 05:33:49
original_2596038972_1.jpg,2931492,Solanum jamaicense,3.2910000000000004,"Calliphlox amethystina (Boddaert, 1783)",2476373,-22.940885,-46.733645,5.0,SOUTH_AMERICA,São Paulo,2019,5,,2019-05-01T12:19,False,Eden Fontes,iNaturalist,http://creativecommons.org/licenses/by-nc/4.0/,Eden Fontes,https://inaturalist-open-data.s3.amazonaws.com/photos/59522876/original.jpg,k-brazil,2024-10-26 05:33:52
original_2596139435_1.jpeg,7918469,Nymphaea rudgeana,23.815,"Calliphlox amethystina (Boddaert, 1783)",2476373,-27.217792,-49.733605,1929.0,SOUTH_AMERICA,Santa Catarina,2017,10,,2017-10-30T16:22,False,Miguel Angelo Biz,iNaturalist,http://creativecommons.org/licenses/by-nc/4.0/,Miguel Angelo Biz,https://inaturalist-open-data.s3.amazonaws.com/photos/64824797/original.jpeg,k-brazil,2024-10-26 05:33:54
original_2596384765_1.jpeg,Unknown,Unknown,0,"Calliphlox amethystina (Boddaert, 1783)",2476373,-22.801374,-45.697718,21.0,SOUTH_AMERICA,São Paulo,2017,9,,2017-09-03T10:13,False,Frederico Machado,iNaturalist,http://creativecommons.org/licenses/by-nc/4.0/,Frederico Machado,https://inaturalist-open-data.s3.amazonaws.com/photos/65004414/original.jpeg,k-brazil,2024-10-26 05:33:57
original_2603396558_1.jpeg,7320025,Styrax ferrugineus,83.734,"Calliphlox amethystina (Boddaert, 1783)",2476373,-20.015732,-44.002125,4658.0,SOUTH_AMERICA,Minas Gerais,2019,6,,2019-06-28T16:20,False,jessebugz,iNaturalist,http://creativecommons.org/licenses/by-nc/4.0/,jessebugz,https://inaturalist-open-data.s3.amazonaws.com/photos/66600597/original.jpeg,k-brazil,2024-10-26 05:33:59
original_2814366966_1.jpeg,3082562,Couroupita guianensis,0.688,"Calliphlox amethystina (Boddaert, 1783)",2476373,-29.442624,-50.611266,63.0,SOUTH_AMERICA,Rio Grande do Sul,2010,11,,2010-11-10T12:38,False,Jeff Harding,iNaturalist,http://creativecommons.org/licenses/by-nc/4.0/,Jeff Harding,https://inaturalist-open-data.s3.amazonaws.com/photos/81600011/original.jpeg,k-brazil,2024-10-26 05:34:01
original_2850763762_1.jpg,2760947,Heliconia acuminata,1.023,"Calliphlox amethystina (Boddaert, 1783)",2476373,-19.936964,-40.600228,4.0,SOUTH_AMERICA,Espírito Santo,2015,12,,2015-12-26T12:37,False,Pedro Henrique Maloso Ramos,iNaturalist,http://creativecommons.org/licenses/by/4.0/,Pedro Henrique Maloso Ramos,https://inaturalist-open-data.s3.amazonaws.com/photos/89959639/original.jpg,k-brazil,2024-10-26 05:34:02
original_2851082374_1.jpg,2650442,Niphidium crassifolium,0.758,"Calliphlox amethystina (Boddaert, 1783)",2476373,10.432464,-66.797553,60.0,SOUTH_AMERICA,Miranda,2020,7,,2020-07-19T17:12,False,Oswaldo Hernández,iNaturalist,http://creativecommons.org/licenses/by-nc/4.0/,Oswaldo Hernández,https://inaturalist-open-data.s3.amazonaws.com/photos/88377804/original.jpg,k-northern-south-america,2024-10-26 05:34:05
original_2856706460_1.jpg,4092017,Handroanthus serratifolius,1.936,"Calliphlox amethystina (Boddaert, 1783)",2476373,-19.342216,-43.64231,15.0,SOUTH_AMERICA,Minas Gerais,2019,10,,2019-10-02T03:36,False,doug_clarke,iNaturalist,http://creativecommons.org/licenses/by-nc/4.0/,doug_clarke,https://inaturalist-open-data.s3.amazonaws.com/photos/92059811/original.jpg,k-brazil,2024-10-26 05:34:08
original_2882986701_1.jpeg,5357680,Inga vera,36.89,"Calliphlox amethystina (Boddaert, 1783)",2476373,-6.968557,-35.716282,8.0,SOUTH_AMERICA,Paraíba,2018,11,,2018-11-06T07:33,False,Frederico Acaz Sonntag,iNaturalist,http://creativecommons.org/licenses/by-nc/4.0/,Frederico Acaz Sonntag,https://inaturalist-open-data.s3.amazonaws.com/photos/98392046/original.jpeg,k-brazil,2024-10-26 05:34:10
original_2980837788_1.jpg,2874717,Begonia cucullata,13.864,"Calliphlox amethystina (Boddaert, 1783)",2476373,-22.4321,-44.6154,,SOUTH_AMERICA,Rio de Janeiro,2018,11,,2018-11-06T14:49Z,False,Ria Vogels,iNaturalist,http://creativecommons.org/licenses/by-nc/4.0/,Ria Vogels,https://inaturalist-open-data.s3.amazonaws.com/photos/102651700/original.jpg,k-brazil,2024-10-26 05:34:12
original_2984417678_1.jpg,3695801,Cespedesia spathulata,1.176,"Calliphlox amethystina (Boddaert, 1783)",2476373,-22.310161,-42.49657,20.0,SOUTH_AMERICA,Rio de Janeiro,2020,11,,2020-11-08T10:23:08,False,Jean-Paul Boerekamps,iNaturalist,http://creativecommons.org/publicdomain/zero/1.0/,Jean-Paul Boerekamps,https://inaturalist-open-data.s3.amazonaws.com/photos/103642414/original.jpg,k-brazil,2024-10-26 05:34:15
original_3013905691_1.jpeg,2895593,Genipa americana,2.043,"Calliphlox amethystina (Boddaert, 1783)",2476373,-22.369973,-43.188968,,SOUTH_AMERICA,Rio de Janeiro,2020,12,,2020-12-24T17:32,False,Pedro Henrique Maloso Ramos,iNaturalist,http://creativecommons.org/licenses/by/4.0/,Pedro Henrique Maloso Ramos,https://inaturalist-open-data.s3.amazonaws.com/photos/108255855/original.jpeg,k-brazil,2024-10-26 05:34:22
original_3039393994_1.jpg,2928671,Evolvulus glomeratus,0.539,"Calliphlox amethystina (Boddaert, 1783)",2476373,-22.69004,-46.682607,2771.0,SOUTH_AMERICA,São Paulo,2018,11,,2018-11-17T08:06,False,Izadora Nardi Gonzalez,iNaturalist,http://creativecommons.org/licenses/by-nc/4.0/,Izadora Nardi Gonzalez,https://inaturalist-open-data.s3.amazonaws.com/photos/111544229/original.jpg,k-brazil,2024-10-26 05:34:24
original_3070451262_1.jpg,4092017,Handroanthus serratifolius,2.514,"Calliphlox amethystina (Boddaert, 1783)",2476373,-19.348427,-43.609527,28.0,SOUTH_AMERICA,Minas Gerais,2017,9,,2017-09-02T15:44,False,pedrohenriquetunes,iNaturalist,http://creativecommons.org/licenses/by-nc/4.0/,pedrohenriquetunes,https://inaturalist-open-data.s3.amazonaws.com/photos/118008615/original.jpg,k-brazil,2024-10-26 05:34:29
original_3070577870_1.jpg,2950149,Chamaecrista hispidula,0.79,"Calliphlox amethystina (Boddaert, 1783)",2476373,-23.319124,-45.164709,349.0,SOUTH_AMERICA,São Paulo,2010,9,,2010-09-30T13:59:53,False,Tomaz Nascimento de Melo,iNaturalist,http://creativecommons.org/licenses/by-nc-nd/4.0/,Tomaz Nascimento de Melo,https://inaturalist-open-data.s3.amazonaws.com/photos/61497787/original.jpg,k-brazil,2024-10-26 05:34:31
original_3079841646_2.jpg,4087684,Utricularia trichophylla,0.9039999999999999,"Calliphlox amethystina (Boddaert, 1783)",2476373,-22.69004,-46.682607,2771.0,SOUTH_AMERICA,São Paulo,2018,5,,2018-05-12,False,Luciano Bernardes,iNaturalist,http://creativecommons.org/licenses/by-nc/4.0/,Luciano Bernardes,https://inaturalist-open-data.s3.amazonaws.com/photos/119042599/original.jpg; https://inaturalist-open-data.s3.amazonaws.com/photos/119042613/original.jpg; https://inaturalist-open-data.s3.amazonaws.com/photos/119042631/original.jpg; https://inaturalist-open-data.s3.amazonaws.com/photos/119042640/original.jpg,k-brazil,2024-10-26 05:34:34
original_3079841646_3.jpg,2847064,Scaphyglottis stellata,0.8699999999999999,"Calliphlox amethystina (Boddaert, 1783)",2476373,-22.69004,-46.682607,2771.0,SOUTH_AMERICA,São Paulo,2018,5,,2018-05-12,False,Luciano Bernardes,iNaturalist,http://creativecommons.org/licenses/by-nc/4.0/,Luciano Bernardes,https://inaturalist-open-data.s3.amazonaws.com/photos/119042599/original.jpg; https://inaturalist-open-data.s3.amazonaws.com/photos/119042613/original.jpg; https://inaturalist-open-data.s3.amazonaws.com/photos/119042631/original.jpg; https://inaturalist-open-data.s3.amazonaws.com/photos/119042640/original.jpg,k-brazil,2024-10-26 05:34:36
original_3079841646_4.jpg,3762826,Brosimum rubescens,0.79,"Calliphlox amethystina (Boddaert, 1783)",2476373,-22.69004,-46.682607,2771.0,SOUTH_AMERICA,São Paulo,2018,5,,2018-05-12,False,Luciano Bernardes,iNaturalist,http://creativecommons.org/licenses/by-nc/4.0/,Luciano Bernardes,https://inaturalist-open-data.s3.amazonaws.com/photos/119042599/original.jpg; https://inaturalist-open-data.s3.amazonaws.com/photos/119042613/original.jpg; https://inaturalist-open-data.s3.amazonaws.com/photos/119042631/original.jpg; https://inaturalist-open-data.s3.amazonaws.com/photos/119042640/original.jpg,k-brazil,2024-10-26 05:34:38
original_3113506724_1.jpeg,3083180,Bertholletia excelsa,4.076,"Calliphlox amethystina (Boddaert, 1783)",2476373,-21.07347,-47.696289,4.0,SOUTH_AMERICA,São Paulo,2021,4,,2021-04-27T07:53,False,JULIO CESAR GONZALEZ FILIPINO,iNaturalist,http://creativecommons.org/licenses/by-nc/4.0/,JULIO CESAR GONZALEZ FILIPINO,https://inaturalist-open-data.s3.amazonaws.com/photos/128481414/original.jpeg,k-brazil,2024-10-26 05:34:40
original_3113594688_1.jpeg,5349620,Erythrina fusca,3.869,"Calliphlox amethystina (Boddaert, 1783)",2476373,-21.07344,-47.696227,4.0,SOUTH_AMERICA,São Paulo,2021,4,,2021-04-27T08:14,False,JULIO CESAR GONZALEZ FILIPINO,iNaturalist,http://creativecommons.org/licenses/by-nc/4.0/,JULIO CESAR GONZALEZ FILIPINO,https://inaturalist-open-data.s3.amazonaws.com/photos/128481517/original.jpeg,k-brazil,2024-10-26 05:34:43
original_3113648747_1.jpeg,3190533,Schinopsis balansae,2.096,"Calliphlox amethystina (Boddaert, 1783)",2476373,-21.311854,-47.707232,4.0,SOUTH_AMERICA,São Paulo,2021,5,,2021-05-08T09:41,False,JULIO CESAR GONZALEZ FILIPINO,iNaturalist,http://creativecommons.org/licenses/by-nc/4.0/,JULIO CESAR GONZALEZ FILIPINO,https://inaturalist-open-data.s3.amazonaws.com/photos/128425196/original.jpeg,k-brazil,2024-10-26 05:34:45
original_3301979362_1.jpg,4092242,Handroanthus impetiginosus,3.315,"Calliphlox amethystina (Boddaert, 1783)",2476373,-22.674607,-46.673613,,SOUTH_AMERICA,São Paulo,2019,3,,2019-03-13T10:43,False,Joao Valadao,iNaturalist,http://creativecommons.org/licenses/by-nc/4.0/,Joao Valadao,https://inaturalist-open-data.s3.amazonaws.com/photos/132490778/original.jpg,k-brazil,2024-10-26 05:34:50
original_3314582489_1.jpeg,7944396,Ficus pertusa,2.561,"Calliphlox amethystina (Boddaert, 1783)",2476373,-19.966255,-43.917797,31.0,SOUTH_AMERICA,Minas Gerais,2020,3,,2020-03-10T09:48,False,Paulo Gonçalves Carvalho,iNaturalist,http://creativecommons.org/licenses/by-nc/4.0/,Paulo Gonçalves Carvalho,https://inaturalist-open-data.s3.amazonaws.com/photos/138472571/original.jpeg; https://inaturalist-open-data.s3.amazonaws.com/photos/138472578/original.jpeg,k-brazil,2024-10-26 05:34:52
original_3314582489_2.jpeg,7317391,Himatanthus bracteatus,0.692,"Calliphlox amethystina (Boddaert, 1783)",2476373,-19.966255,-43.917797,31.0,SOUTH_AMERICA,Minas Gerais,2020,3,,2020-03-10T09:48,False,Paulo Gonçalves Carvalho,iNaturalist,http://creativecommons.org/licenses/by-nc/4.0/,Paulo Gonçalves Carvalho,https://inaturalist-open-data.s3.amazonaws.com/photos/138472571/original.jpeg; https://inaturalist-open-data.s3.amazonaws.com/photos/138472578/original.jpeg,k-brazil,2024-10-26 05:34:54
original_3335266324_1.jpeg,5398689,Mikania cordifolia,6.129,"Calliphlox amethystina (Boddaert, 1783)",2476373,-23.228855,-45.127882,,SOUTH_AMERICA,São Paulo,2021,7,,2021-07-23T08:50,False,Pedro Henrique Maloso Ramos,iNaturalist,http://creativecommons.org/licenses/by/4.0/,Pedro Henrique Maloso Ramos,https://inaturalist-open-data.s3.amazonaws.com/photos/148344212/original.jpeg; https://inaturalist-open-data.s3.amazonaws.com/photos/148344898/original.jpeg; https://inaturalist-open-data.s3.amazonaws.com/photos/148345019/original.jpeg; https://inaturalist-open-data.s3.amazonaws.com/photos/148345032/original.jpeg; https://inaturalist-open-data.s3.amazonaws.com/photos/148345052/original.jpeg; https://inaturalist-open-data.s3.amazonaws.com/photos/148345067/original.jpeg; https://inaturalist-open-data.s3.amazonaws.com/photos/148345071/original.jpeg; https://inaturalist-open-data.s3.amazonaws.com/photos/148345075/original.jpeg; https://inaturalist-open-data.s3.amazonaws.com/photos/148345093/original.jpeg; https://inaturalist-open-data.s3.amazonaws.com/photos/148345096/original.jpeg; https://inaturalist-open-data.s3.amazonaws.com/photos/148345118/original.jpeg; https://inaturalist-open-data.s3.amazonaws.com/photos/148345127/original.jpeg; https://inaturalist-open-data.s3.amazonaws.com/photos/148345145/original.jpeg; https://inaturalist-open-data.s3.amazonaws.com/photos/148345151/original.jpeg; https://inaturalist-open-data.s3.amazonaws.com/photos/148345179/original.jpeg,k-brazil,2024-10-26 05:35:02
original_3335266324_10.jpeg,5398689,Mikania cordifolia,3.467,"Calliphlox amethystina (Boddaert, 1783)",2476373,-23.228855,-45.127882,,SOUTH_AMERICA,São Paulo,2021,7,,2021-07-23T08:50,False,Pedro Henrique Maloso Ramos,iNaturalist,http://creativecommons.org/licenses/by/4.0/,Pedro Henrique Maloso Ramos,https://inaturalist-open-data.s3.amazonaws.com/photos/148344212/original.jpeg; https://inaturalist-open-data.s3.amazonaws.com/photos/148344898/original.jpeg; https://inaturalist-open-data.s3.amazonaws.com/photos/148345019/original.jpeg; https://inaturalist-open-data.s3.amazonaws.com/photos/148345032/original.jpeg; https://inaturalist-open-data.s3.amazonaws.com/photos/148345052/original.jpeg; https://inaturalist-open-data.s3.amazonaws.com/photos/148345067/original.jpeg; https://inaturalist-open-data.s3.amazonaws.com/photos/148345071/original.jpeg; https://inaturalist-open-data.s3.amazonaws.com/photos/148345075/original.jpeg; https://inaturalist-open-data.s3.amazonaws.com/photos/148345093/original.jpeg; https://inaturalist-open-data.s3.amazonaws.com/photos/148345096/original.jpeg; https://inaturalist-open-data.s3.amazonaws.com/photos/148345118/original.jpeg; https://inaturalist-open-data.s3.amazonaws.com/photos/148345127/original.jpeg; https://inaturalist-open-data.s3.amazonaws.com/photos/148345145/original.jpeg; https://inaturalist-open-data.s3.amazonaws.com/photos/148345151/original.jpeg; https://inaturalist-open-data.s3.amazonaws.com/photos/148345179/original.jpeg,k-brazil,2024-10-26 05:35:04
original_3335266324_11.jpeg,3129643,Baccharis salicifolia,7.422,"Calliphlox amethystina (Boddaert, 1783)",2476373,-23.228855,-45.127882,,SOUTH_AMERICA,São Paulo,2021,7,,2021-07-23T08:50,False,Pedro Henrique Maloso Ramos,iNaturalist,http://creativecommons.org/licenses/by/4.0/,Pedro Henrique Maloso Ramos,https://inaturalist-open-data.s3.amazonaws.com/photos/148344212/original.jpeg; https://inaturalist-open-data.s3.amazonaws.com/photos/148344898/original.jpeg; https://inaturalist-open-data.s3.amazonaws.com/photos/148345019/original.jpeg; https://inaturalist-open-data.s3.amazonaws.com/photos/148345032/original.jpeg; https://inaturalist-open-data.s3.amazonaws.com/photos/148345052/original.jpeg; https://inaturalist-open-data.s3.amazonaws.com/photos/148345067/original.jpeg; https://inaturalist-open-data.s3.amazonaws.com/photos/148345071/original.jpeg; https://inaturalist-open-data.s3.amazonaws.com/photos/148345075/original.jpeg; https://inaturalist-open-data.s3.amazonaws.com/photos/148345093/original.jpeg; https://inaturalist-open-data.s3.amazonaws.com/photos/148345096/original.jpeg; https://inaturalist-open-data.s3.amazonaws.com/photos/148345118/original.jpeg; https://inaturalist-open-data.s3.amazonaws.com/photos/148345127/original.jpeg; https://inaturalist-open-data.s3.amazonaws.com/photos/148345145/original.jpeg; https://inaturalist-open-data.s3.amazonaws.com/photos/148345151/original.jpeg; https://inaturalist-open-data.s3.amazonaws.com/photos/148345179/original.jpeg,k-brazil,2024-10-26 05:35:07
original_3335266324_12.jpeg,5398421,Mikania micrantha,10.843,"Calliphlox amethystina (Boddaert, 1783)",2476373,-23.228855,-45.127882,,SOUTH_AMERICA,São Paulo,2021,7,,2021-07-23T08:50,False,Pedro Henrique Maloso Ramos,iNaturalist,http://creativecommons.org/licenses/by/4.0/,Pedro Henrique Maloso Ramos,https://inaturalist-open-data.s3.amazonaws.com/photos/148344212/original.jpeg; https://inaturalist-open-data.s3.amazonaws.com/photos/148344898/original.jpeg; https://inaturalist-open-data.s3.amazonaws.com/photos/148345019/original.jpeg; https://inaturalist-open-data.s3.amazonaws.com/photos/148345032/original.jpeg; https://inaturalist-open-data.s3.amazonaws.com/photos/148345052/original.jpeg; https://inaturalist-open-data.s3.amazonaws.com/photos/148345067/original.jpeg; https://inaturalist-open-data.s3.amazonaws.com/photos/148345071/original.jpeg; https://inaturalist-open-data.s3.amazonaws.com/photos/148345075/original.jpeg; https://inaturalist-open-data.s3.amazonaws.com/photos/148345093/original.jpeg; https://inaturalist-open-data.s3.amazonaws.com/photos/148345096/original.jpeg; https://inaturalist-open-data.s3.amazonaws.com/photos/148345118/original.jpeg; https://inaturalist-open-data.s3.amazonaws.com/photos/148345127/original.jpeg; https://inaturalist-open-data.s3.amazonaws.com/photos/148345145/original.jpeg; https://inaturalist-open-data.s3.amazonaws.com/photos/148345151/original.jpeg; https://inaturalist-open-data.s3.amazonaws.com/photos/148345179/original.jpeg,k-brazil,2024-10-26 05:35:09
original_3335266324_13.jpeg,3129643,Baccharis salicifolia,6.386,"Calliphlox amethystina (Boddaert, 1783)",2476373,-23.228855,-45.127882,,SOUTH_AMERICA,São Paulo,2021,7,,2021-07-23T08:50,False,Pedro Henrique Maloso Ramos,iNaturalist,http://creativecommons.org/licenses/by/4.0/,Pedro Henrique Maloso Ramos,https://inaturalist-open-data.s3.amazonaws.com/photos/148344212/original.jpeg; https://inaturalist-open-data.s3.amazonaws.com/photos/148344898/original.jpeg; https://inaturalist-open-data.s3.amazonaws.com/photos/148345019/original.jpeg; https://inaturalist-open-data.s3.amazonaws.com/photos/148345032/original.jpeg; https://inaturalist-open-data.s3.amazonaws.com/photos/148345052/original.jpeg; https://inaturalist-open-data.s3.amazonaws.com/photos/148345067/original.jpeg; https://inaturalist-open-data.s3.amazonaws.com/photos/148345071/original.jpeg; https://inaturalist-open-data.s3.amazonaws.com/photos/148345075/original.jpeg; https://inaturalist-open-data.s3.amazonaws.com/photos/148345093/original.jpeg; https://inaturalist-open-data.s3.amazonaws.com/photos/148345096/original.jpeg; https://inaturalist-open-data.s3.amazonaws.com/photos/148345118/original.jpeg; https://inaturalist-open-data.s3.amazonaws.com/photos/148345127/original.jpeg; https://inaturalist-open-data.s3.amazonaws.com/photos/148345145/original.jpeg; https://inaturalist-open-data.s3.amazonaws.com/photos/148345151/original.jpeg; https://inaturalist-open-data.s3.amazonaws.com/photos/148345179/original.jpeg,k-brazil,2024-10-26 05:35:11
original_3335266324_14.jpeg,5398689,Mikania cordifolia,2.859,"Calliphlox amethystina (Boddaert, 1783)",2476373,-23.228855,-45.127882,,SOUTH_AMERICA,São Paulo,2021,7,,2021-07-23T08:50,False,Pedro Henrique Maloso Ramos,iNaturalist,http://creativecommons.org/licenses/by/4.0/,Pedro Henrique Maloso Ramos,https://inaturalist-open-data.s3.amazonaws.com/photos/148344212/original.jpeg; https://inaturalist-open-data.s3.amazonaws.com/photos/148344898/original.jpeg; https://inaturalist-open-data.s3.amazonaws.com/photos/148345019/original.jpeg; https://inaturalist-open-data.s3.amazonaws.com/photos/148345032/original.jpeg; https://inaturalist-open-data.s3.amazonaws.com/photos/148345052/original.jpeg; https://inaturalist-open-data.s3.amazonaws.com/photos/148345067/original.jpeg; https://inaturalist-open-data.s3.amazonaws.com/photos/148345071/original.jpeg; https://inaturalist-open-data.s3.amazonaws.com/photos/148345075/original.jpeg; https://inaturalist-open-data.s3.amazonaws.com/photos/148345093/original.jpeg; https://inaturalist-open-data.s3.amazonaws.com/photos/148345096/original.jpeg; https://inaturalist-open-data.s3.amazonaws.com/photos/148345118/original.jpeg; https://inaturalist-open-data.s3.amazonaws.com/photos/148345127/original.jpeg; https://inaturalist-open-data.s3.amazonaws.com/photos/148345145/original.jpeg; https://inaturalist-open-data.s3.amazonaws.com/photos/148345151/original.jpeg; https://inaturalist-open-data.s3.amazonaws.com/photos/148345179/original.jpeg,k-brazil,2024-10-26 05:35:13
original_3335266324_15.jpeg,5398689,Mikania cordifolia,4.279,"Calliphlox amethystina (Boddaert, 1783)",2476373,-23.228855,-45.127882,,SOUTH_AMERICA,São Paulo,2021,7,,2021-07-23T08:50,False,Pedro Henrique Maloso Ramos,iNaturalist,http://creativecommons.org/licenses/by/4.0/,Pedro Henrique Maloso Ramos,https://inaturalist-open-data.s3.amazonaws.com/photos/148344212/original.jpeg; https://inaturalist-open-data.s3.amazonaws.com/photos/148344898/original.jpeg; https://inaturalist-open-data.s3.amazonaws.com/photos/148345019/original.jpeg; https://inaturalist-open-data.s3.amazonaws.com/photos/148345032/original.jpeg; https://inaturalist-open-data.s3.amazonaws.com/photos/148345052/original.jpeg; https://inaturalist-open-data.s3.amazonaws.com/photos/148345067/original.jpeg; https://inaturalist-open-data.s3.amazonaws.com/photos/148345071/original.jpeg; https://inaturalist-open-data.s3.amazonaws.com/photos/148345075/original.jpeg; https://inaturalist-open-data.s3.amazonaws.com/photos/148345093/original.jpeg; https://inaturalist-open-data.s3.amazonaws.com/photos/148345096/original.jpeg; https://inaturalist-open-data.s3.amazonaws.com/photos/148345118/original.jpeg; https://inaturalist-open-data.s3.amazonaws.com/photos/148345127/original.jpeg; https://inaturalist-open-data.s3.amazonaws.com/photos/148345145/original.jpeg; https://inaturalist-open-data.s3.amazonaws.com/photos/148345151/original.jpeg; https://inaturalist-open-data.s3.amazonaws.com/photos/148345179/original.jpeg,k-brazil,2024-10-26 05:35:15
original_3335266324_2.jpeg,3142427,Austroeupatorium inulifolium,5.29,"Calliphlox amethystina (Boddaert, 1783)",2476373,-23.228855,-45.127882,,SOUTH_AMERICA,São Paulo,2021,7,,2021-07-23T08:50,False,Pedro Henrique Maloso Ramos,iNaturalist,http://creativecommons.org/licenses/by/4.0/,Pedro Henrique Maloso Ramos,https://inaturalist-open-data.s3.amazonaws.com/photos/148344212/original.jpeg; https://inaturalist-open-data.s3.amazonaws.com/photos/148344898/original.jpeg; https://inaturalist-open-data.s3.amazonaws.com/photos/148345019/original.jpeg; https://inaturalist-open-data.s3.amazonaws.com/photos/148345032/original.jpeg; https://inaturalist-open-data.s3.amazonaws.com/photos/148345052/original.jpeg; https://inaturalist-open-data.s3.amazonaws.com/photos/148345067/original.jpeg; https://inaturalist-open-data.s3.amazonaws.com/photos/148345071/original.jpeg; https://inaturalist-open-data.s3.amazonaws.com/photos/148345075/original.jpeg; https://inaturalist-open-data.s3.amazonaws.com/photos/148345093/original.jpeg; https://inaturalist-open-data.s3.amazonaws.com/photos/148345096/original.jpeg; https://inaturalist-open-data.s3.amazonaws.com/photos/148345118/original.jpeg; https://inaturalist-open-data.s3.amazonaws.com/photos/148345127/original.jpeg; https://inaturalist-open-data.s3.amazonaws.com/photos/148345145/original.jpeg; https://inaturalist-open-data.s3.amazonaws.com/photos/148345151/original.jpeg; https://inaturalist-open-data.s3.amazonaws.com/photos/148345179/original.jpeg,k-brazil,2024-10-26 05:35:18
original_3335266324_3.jpeg,3129643,Baccharis salicifolia,6.305,"Calliphlox amethystina (Boddaert, 1783)",2476373,-23.228855,-45.127882,,SOUTH_AMERICA,São Paulo,2021,7,,2021-07-23T08:50,False,Pedro Henrique Maloso Ramos,iNaturalist,http://creativecommons.org/licenses/by/4.0/,Pedro Henrique Maloso Ramos,https://inaturalist-open-data.s3.amazonaws.com/photos/148344212/original.jpeg; https://inaturalist-open-data.s3.amazonaws.com/photos/148344898/original.jpeg; https://inaturalist-open-data.s3.amazonaws.com/photos/148345019/original.jpeg; https://inaturalist-open-data.s3.amazonaws.com/photos/148345032/original.jpeg; https://inaturalist-open-data.s3.amazonaws.com/photos/148345052/original.jpeg; https://inaturalist-open-data.s3.amazonaws.com/photos/148345067/original.jpeg; https://inaturalist-open-data.s3.amazonaws.com/photos/148345071/original.jpeg; https://inaturalist-open-data.s3.amazonaws.com/photos/148345075/original.jpeg; https://inaturalist-open-data.s3.amazonaws.com/photos/148345093/original.jpeg; https://inaturalist-open-data.s3.amazonaws.com/photos/148345096/original.jpeg; https://inaturalist-open-data.s3.amazonaws.com/photos/148345118/original.jpeg; https://inaturalist-open-data.s3.amazonaws.com/photos/148345127/original.jpeg; https://inaturalist-open-data.s3.amazonaws.com/photos/148345145/original.jpeg; https://inaturalist-open-data.s3.amazonaws.com/photos/148345151/original.jpeg; https://inaturalist-open-data.s3.amazonaws.com/photos/148345179/original.jpeg,k-brazil,2024-10-26 05:35:20
original_3335266324_4.jpeg,3142427,Austroeupatorium inulifolium,6.232,"Calliphlox amethystina (Boddaert, 1783)",2476373,-23.228855,-45.127882,,SOUTH_AMERICA,São Paulo,2021,7,,2021-07-23T08:50,False,Pedro Henrique Maloso Ramos,iNaturalist,http://creativecommons.org/licenses/by/4.0/,Pedro Henrique Maloso Ramos,https://inaturalist-open-data.s3.amazonaws.com/photos/148344212/original.jpeg; https://inaturalist-open-data.s3.amazonaws.com/photos/148344898/original.jpeg; https://inaturalist-open-data.s3.amazonaws.com/photos/148345019/original.jpeg; https://inaturalist-open-data.s3.amazonaws.com/photos/148345032/original.jpeg; https://inaturalist-open-data.s3.amazonaws.com/photos/148345052/original.jpeg; https://inaturalist-open-data.s3.amazonaws.com/photos/148345067/original.jpeg; https://inaturalist-open-data.s3.amazonaws.com/photos/148345071/original.jpeg; https://inaturalist-open-data.s3.amazonaws.com/photos/148345075/original.jpeg; https://inaturalist-open-data.s3.amazonaws.com/photos/148345093/original.jpeg; https://inaturalist-open-data.s3.amazonaws.com/photos/148345096/original.jpeg; https://inaturalist-open-data.s3.amazonaws.com/photos/148345118/original.jpeg; https://inaturalist-open-data.s3.amazonaws.com/photos/148345127/original.jpeg; https://inaturalist-open-data.s3.amazonaws.com/photos/148345145/original.jpeg; https://inaturalist-open-data.s3.amazonaws.com/photos/148345151/original.jpeg; https://inaturalist-open-data.s3.amazonaws.com/photos/148345179/original.jpeg,k-brazil,2024-10-26 05:35:22
original_3335266324_5.jpeg,3129643,Baccharis salicifolia,6.787,"Calliphlox amethystina (Boddaert, 1783)",2476373,-23.228855,-45.127882,,SOUTH_AMERICA,São Paulo,2021,7,,2021-07-23T08:50,False,Pedro Henrique Maloso Ramos,iNaturalist,http://creativecommons.org/licenses/by/4.0/,Pedro Henrique Maloso Ramos,https://inaturalist-open-data.s3.amazonaws.com/photos/148344212/original.jpeg; https://inaturalist-open-data.s3.amazonaws.com/photos/148344898/original.jpeg; https://inaturalist-open-data.s3.amazonaws.com/photos/148345019/original.jpeg; https://inaturalist-open-data.s3.amazonaws.com/photos/148345032/original.jpeg; https://inaturalist-open-data.s3.amazonaws.com/photos/148345052/original.jpeg; https://inaturalist-open-data.s3.amazonaws.com/photos/148345067/original.jpeg; https://inaturalist-open-data.s3.amazonaws.com/photos/148345071/original.jpeg; https://inaturalist-open-data.s3.amazonaws.com/photos/148345075/original.jpeg; https://inaturalist-open-data.s3.amazonaws.com/photos/148345093/original.jpeg; https://inaturalist-open-data.s3.amazonaws.com/photos/148345096/original.jpeg; https://inaturalist-open-data.s3.amazonaws.com/photos/148345118/original.jpeg; https://inaturalist-open-data.s3.amazonaws.com/photos/148345127/original.jpeg; https://inaturalist-open-data.s3.amazonaws.com/photos/148345145/original.jpeg; https://inaturalist-open-data.s3.amazonaws.com/photos/148345151/original.jpeg; https://inaturalist-open-data.s3.amazonaws.com/photos/148345179/original.jpeg,k-brazil,2024-10-26 05:35:29
original_3335266324_6.jpeg,3129372,Baccharis punctulata,17.191000000000003,"Calliphlox amethystina (Boddaert, 1783)",2476373,-23.228855,-45.127882,,SOUTH_AMERICA,São Paulo,2021,7,,2021-07-23T08:50,False,Pedro Henrique Maloso Ramos,iNaturalist,http://creativecommons.org/licenses/by/4.0/,Pedro Henrique Maloso Ramos,https://inaturalist-open-data.s3.amazonaws.com/photos/148344212/original.jpeg; https://inaturalist-open-data.s3.amazonaws.com/photos/148344898/original.jpeg; https://inaturalist-open-data.s3.amazonaws.com/photos/148345019/original.jpeg; https://inaturalist-open-data.s3.amazonaws.com/photos/148345032/original.jpeg; https://inaturalist-open-data.s3.amazonaws.com/photos/148345052/original.jpeg; https://inaturalist-open-data.s3.amazonaws.com/photos/148345067/original.jpeg; https://inaturalist-open-data.s3.amazonaws.com/photos/148345071/original.jpeg; https://inaturalist-open-data.s3.amazonaws.com/photos/148345075/original.jpeg; https://inaturalist-open-data.s3.amazonaws.com/photos/148345093/original.jpeg; https://inaturalist-open-data.s3.amazonaws.com/photos/148345096/original.jpeg; https://inaturalist-open-data.s3.amazonaws.com/photos/148345118/original.jpeg; https://inaturalist-open-data.s3.amazonaws.com/photos/148345127/original.jpeg; https://inaturalist-open-data.s3.amazonaws.com/photos/148345145/original.jpeg; https://inaturalist-open-data.s3.amazonaws.com/photos/148345151/original.jpeg; https://inaturalist-open-data.s3.amazonaws.com/photos/148345179/original.jpeg,k-brazil,2024-10-26 05:35:32
original_3335266324_7.jpeg,3129643,Baccharis salicifolia,3.501,"Calliphlox amethystina (Boddaert, 1783)",2476373,-23.228855,-45.127882,,SOUTH_AMERICA,São Paulo,2021,7,,2021-07-23T08:50,False,Pedro Henrique Maloso Ramos,iNaturalist,http://creativecommons.org/licenses/by/4.0/,Pedro Henrique Maloso Ramos,https://inaturalist-open-data.s3.amazonaws.com/photos/148344212/original.jpeg; https://inaturalist-open-data.s3.amazonaws.com/photos/148344898/original.jpeg; https://inaturalist-open-data.s3.amazonaws.com/photos/148345019/original.jpeg; https://inaturalist-open-data.s3.amazonaws.com/photos/148345032/original.jpeg; https://inaturalist-open-data.s3.amazonaws.com/photos/148345052/original.jpeg; https://inaturalist-open-data.s3.amazonaws.com/photos/148345067/original.jpeg; https://inaturalist-open-data.s3.amazonaws.com/photos/148345071/original.jpeg; https://inaturalist-open-data.s3.amazonaws.com/photos/148345075/original.jpeg; https://inaturalist-open-data.s3.amazonaws.com/photos/148345093/original.jpeg; https://inaturalist-open-data.s3.amazonaws.com/photos/148345096/original.jpeg; https://inaturalist-open-data.s3.amazonaws.com/photos/148345118/original.jpeg; https://inaturalist-open-data.s3.amazonaws.com/photos/148345127/original.jpeg; https://inaturalist-open-data.s3.amazonaws.com/photos/148345145/original.jpeg; https://inaturalist-open-data.s3.amazonaws.com/photos/148345151/original.jpeg; https://inaturalist-open-data.s3.amazonaws.com/photos/148345179/original.jpeg,k-brazil,2024-10-26 05:35:34
original_3335266324_8.jpeg,3124739,Vernonanthura patens,4.438000000000001,"Calliphlox amethystina (Boddaert, 1783)",2476373,-23.228855,-45.127882,,SOUTH_AMERICA,São Paulo,2021,7,,2021-07-23T08:50,False,Pedro Henrique Maloso Ramos,iNaturalist,http://creativecommons.org/licenses/by/4.0/,Pedro Henrique Maloso Ramos,https://inaturalist-open-data.s3.amazonaws.com/photos/148344212/original.jpeg; https://inaturalist-open-data.s3.amazonaws.com/photos/148344898/original.jpeg; https://inaturalist-open-data.s3.amazonaws.com/photos/148345019/original.jpeg; https://inaturalist-open-data.s3.amazonaws.com/photos/148345032/original.jpeg; https://inaturalist-open-data.s3.amazonaws.com/photos/148345052/original.jpeg; https://inaturalist-open-data.s3.amazonaws.com/photos/148345067/original.jpeg; https://inaturalist-open-data.s3.amazonaws.com/photos/148345071/original.jpeg; https://inaturalist-open-data.s3.amazonaws.com/photos/148345075/original.jpeg; https://inaturalist-open-data.s3.amazonaws.com/photos/148345093/original.jpeg; https://inaturalist-open-data.s3.amazonaws.com/photos/148345096/original.jpeg; https://inaturalist-open-data.s3.amazonaws.com/photos/148345118/original.jpeg; https://inaturalist-open-data.s3.amazonaws.com/photos/148345127/original.jpeg; https://inaturalist-open-data.s3.amazonaws.com/photos/148345145/original.jpeg; https://inaturalist-open-data.s3.amazonaws.com/photos/148345151/original.jpeg; https://inaturalist-open-data.s3.amazonaws.com/photos/148345179/original.jpeg,k-brazil,2024-10-26 05:35:37
original_3335266324_9.jpeg,3129643,Baccharis salicifolia,3.6670000000000003,"Calliphlox amethystina (Boddaert, 1783)",2476373,-23.228855,-45.127882,,SOUTH_AMERICA,São Paulo,2021,7,,2021-07-23T08:50,False,Pedro Henrique Maloso Ramos,iNaturalist,http://creativecommons.org/licenses/by/4.0/,Pedro Henrique Maloso Ramos,https://inaturalist-open-data.s3.amazonaws.com/photos/148344212/original.jpeg; https://inaturalist-open-data.s3.amazonaws.com/photos/148344898/original.jpeg; https://inaturalist-open-data.s3.amazonaws.com/photos/148345019/original.jpeg; https://inaturalist-open-data.s3.amazonaws.com/photos/148345032/original.jpeg; https://inaturalist-open-data.s3.amazonaws.com/photos/148345052/original.jpeg; https://inaturalist-open-data.s3.amazonaws.com/photos/148345067/original.jpeg; https://inaturalist-open-data.s3.amazonaws.com/photos/148345071/original.jpeg; https://inaturalist-open-data.s3.amazonaws.com/photos/148345075/original.jpeg; https://inaturalist-open-data.s3.amazonaws.com/photos/148345093/original.jpeg; https://inaturalist-open-data.s3.amazonaws.com/photos/148345096/original.jpeg; https://inaturalist-open-data.s3.amazonaws.com/photos/148345118/original.jpeg; https://inaturalist-open-data.s3.amazonaws.com/photos/148345127/original.jpeg; https://inaturalist-open-data.s3.amazonaws.com/photos/148345145/original.jpeg; https://inaturalist-open-data.s3.amazonaws.com/photos/148345151/original.jpeg; https://inaturalist-open-data.s3.amazonaws.com/photos/148345179/original.jpeg,k-brazil,2024-10-26 05:35:39
original_3337846311_1.jpeg,3083180,Bertholletia excelsa,9.037,"Calliphlox amethystina (Boddaert, 1783)",2476373,-20.613143,-43.635256,1399.0,SOUTH_AMERICA,Minas Gerais,2017,8,,2017-08-19T10:28,False,William R S Maciel,iNaturalist,http://creativecommons.org/licenses/by-nc/4.0/,William R S Maciel,https://inaturalist-open-data.s3.amazonaws.com/photos/150675795/original.jpeg,k-brazil,2024-10-26 05:35:42
original_3338068524_1.jpg,6029771,Helicteres baruensis,1.288,"Calliphlox amethystina (Boddaert, 1783)",2476373,10.432464,-66.797553,60.0,SOUTH_AMERICA,Miranda,2021,6,,2021-06-14T15:55,False,Oswaldo Hernández,iNaturalist,http://creativecommons.org/licenses/by-nc/4.0/,Oswaldo Hernández,https://inaturalist-open-data.s3.amazonaws.com/photos/149685914/original.jpg; https://inaturalist-open-data.s3.amazonaws.com/photos/149686058/original.jpg,k-northern-south-america,2024-10-26 05:35:44
original_3355532195_1.jpg,8673712,Ludwigia elegans,2.551,"Calliphlox amethystina (Boddaert, 1783)",2476373,-22.234632,-44.790975,4.0,SOUTH_AMERICA,Minas Gerais,2021,5,,2021-05-16T08:14Z,False,"Sítio Candeias - Itamonte, MG",iNaturalist,http://creativecommons.org/licenses/by-nc/4.0/,"Sítio Candeias - Itamonte, MG",https://inaturalist-open-data.s3.amazonaws.com/photos/153996542/original.jpg,k-brazil,2024-10-26 05:35:48
original_3415434339_1.jpeg,2958715,Caesalpinia pulcherrima,74.94800000000001,"Calliphlox amethystina (Boddaert, 1783)",2476373,-15.729922,-47.859659,208.0,SOUTH_AMERICA,Distrito Federal,2019,1,,2019-01-26,False,Douglas,iNaturalist,http://creativecommons.org/licenses/by/4.0/,Douglas,https://inaturalist-open-data.s3.amazonaws.com/photos/30673507/original.jpeg; https://inaturalist-open-data.s3.amazonaws.com/photos/30673549/original.jpeg; https://inaturalist-open-data.s3.amazonaws.com/photos/30673597/original.jpeg; https://inaturalist-open-data.s3.amazonaws.com/photos/30673648/original.jpeg; https://inaturalist-open-data.s3.amazonaws.com/photos/30673691/original.jpeg,k-brazil,2024-10-26 05:35:51
original_3415434339_2.jpeg,2958715,Caesalpinia pulcherrima,80.51,"Calliphlox amethystina (Boddaert, 1783)",2476373,-15.729922,-47.859659,208.0,SOUTH_AMERICA,Distrito Federal,2019,1,,2019-01-26,False,Douglas,iNaturalist,http://creativecommons.org/licenses/by/4.0/,Douglas,https://inaturalist-open-data.s3.amazonaws.com/photos/30673507/original.jpeg; https://inaturalist-open-data.s3.amazonaws.com/photos/30673549/original.jpeg; https://inaturalist-open-data.s3.amazonaws.com/photos/30673597/original.jpeg; https://inaturalist-open-data.s3.amazonaws.com/photos/30673648/original.jpeg; https://inaturalist-open-data.s3.amazonaws.com/photos/30673691/original.jpeg,k-brazil,2024-10-26 05:35:53
original_3415434339_3.jpeg,2958715,Caesalpinia pulcherrima,84.536,"Calliphlox amethystina (Boddaert, 1783)",2476373,-15.729922,-47.859659,208.0,SOUTH_AMERICA,Distrito Federal,2019,1,,2019-01-26,False,Douglas,iNaturalist,http://creativecommons.org/licenses/by/4.0/,Douglas,https://inaturalist-open-data.s3.amazonaws.com/photos/30673507/original.jpeg; https://inaturalist-open-data.s3.amazonaws.com/photos/30673549/original.jpeg; https://inaturalist-open-data.s3.amazonaws.com/photos/30673597/original.jpeg; https://inaturalist-open-data.s3.amazonaws.com/photos/30673648/original.jpeg; https://inaturalist-open-data.s3.amazonaws.com/photos/30673691/original.jpeg,k-brazil,2024-10-26 05:35:55
original_3415434339_4.jpeg,2958715,Caesalpinia pulcherrima,73.4,"Calliphlox amethystina (Boddaert, 1783)",2476373,-15.729922,-47.859659,208.0,SOUTH_AMERICA,Distrito Federal,2019,1,,2019-01-26,False,Douglas,iNaturalist,http://creativecommons.org/licenses/by/4.0/,Douglas,https://inaturalist-open-data.s3.amazonaws.com/photos/30673507/original.jpeg; https://inaturalist-open-data.s3.amazonaws.com/photos/30673549/original.jpeg; https://inaturalist-open-data.s3.amazonaws.com/photos/30673597/original.jpeg; https://inaturalist-open-data.s3.amazonaws.com/photos/30673648/original.jpeg; https://inaturalist-open-data.s3.amazonaws.com/photos/30673691/original.jpeg,k-brazil,2024-10-26 05:35:58
original_3415434339_5.jpeg,2958715,Caesalpinia pulcherrima,73.017,"Calliphlox amethystina (Boddaert, 1783)",2476373,-15.729922,-47.859659,208.0,SOUTH_AMERICA,Distrito Federal,2019,1,,2019-01-26,False,Douglas,iNaturalist,http://creativecommons.org/licenses/by/4.0/,Douglas,https://inaturalist-open-data.s3.amazonaws.com/photos/30673507/original.jpeg; https://inaturalist-open-data.s3.amazonaws.com/photos/30673549/original.jpeg; https://inaturalist-open-data.s3.amazonaws.com/photos/30673597/original.jpeg; https://inaturalist-open-data.s3.amazonaws.com/photos/30673648/original.jpeg; https://inaturalist-open-data.s3.amazonaws.com/photos/30673691/original.jpeg,k-brazil,2024-10-26 05:36:00
original_3415825867_1.jpg,2982188,Calliandra surinamensis,73.665,"Calliphlox amethystina (Boddaert, 1783)",2476373,10.424556,-66.857324,100.0,SOUTH_AMERICA,Miranda,2021,8,,2021-08-21T09:35,False,Oswaldo Hernández,iNaturalist,http://creativecommons.org/licenses/by-nc/4.0/,Oswaldo Hernández,https://inaturalist-open-data.s3.amazonaws.com/photos/154427032/original.jpg,k-northern-south-america,2024-10-26 05:36:02
original_3456201183_1.jpeg,7296187,Pseudobombax grandiflorum,3.4139999999999997,"Calliphlox amethystina (Boddaert, 1783)",2476373,-20.085181,-44.050498,756.0,SOUTH_AMERICA,Minas Gerais,2020,5,,2020-05-09T10:27,False,Paulo Gonçalves Carvalho,iNaturalist,http://creativecommons.org/licenses/by-nc/4.0/,Paulo Gonçalves Carvalho,https://inaturalist-open-data.s3.amazonaws.com/photos/174485294/original.jpeg,k-brazil,2024-10-26 05:36:04
original_3456826882_1.jpg,3110446,Vernonanthura nudiflora,0.527,"Calliphlox amethystina (Boddaert, 1783)",2476373,-20.100846,-43.66403,205.0,SOUTH_AMERICA,Minas Gerais,2018,9,,2018-09-23T09:13,False,Graça Brito,iNaturalist,http://creativecommons.org/licenses/by-nc/4.0/,Graça Brito,https://inaturalist-open-data.s3.amazonaws.com/photos/171908007/original.jpg,k-brazil,2024-10-26 05:36:06
original_3466082435_1.jpg,7981652,Rhabdadenia biflora,4.4510000000000005,"Calliphlox amethystina (Boddaert, 1783)",2476373,3.86089,-67.96354,,SOUTH_AMERICA,Guainía,2014,2,,2014-02-01T12:07,False,Justyn Stahl,iNaturalist,http://creativecommons.org/licenses/by-nc/4.0/,Justyn Stahl,https://inaturalist-open-data.s3.amazonaws.com/photos/90107881/original.jpg; https://inaturalist-open-data.s3.amazonaws.com/photos/90107911/original.jpg; https://inaturalist-open-data.s3.amazonaws.com/photos/90115269/original.jpg,k-western-south-america,2024-10-26 05:36:08
original_3466082435_2.jpg,5357680,Inga vera,4.984999999999999,"Calliphlox amethystina (Boddaert, 1783)",2476373,3.86089,-67.96354,,SOUTH_AMERICA,Guainía,2014,2,,2014-02-01T12:07,False,Justyn Stahl,iNaturalist,http://creativecommons.org/licenses/by-nc/4.0/,Justyn Stahl,https://inaturalist-open-data.s3.amazonaws.com/photos/90107881/original.jpg; https://inaturalist-open-data.s3.amazonaws.com/photos/90107911/original.jpg; https://inaturalist-open-data.s3.amazonaws.com/photos/90115269/original.jpg,k-western-south-america,2024-10-26 05:36:10
original_3466082435_3.jpg,5357680,Inga vera,8.043,"Calliphlox amethystina (Boddaert, 1783)",2476373,3.86089,-67.96354,,SOUTH_AMERICA,Guainía,2014,2,,2014-02-01T12:07,False,Justyn Stahl,iNaturalist,http://creativecommons.org/licenses/by-nc/4.0/,Justyn Stahl,https://inaturalist-open-data.s3.amazonaws.com/photos/90107881/original.jpg; https://inaturalist-open-data.s3.amazonaws.com/photos/90107911/original.jpg; https://inaturalist-open-data.s3.amazonaws.com/photos/90115269/original.jpg,k-western-south-america,2024-10-26 05:36:12
original_3468668872_1.jpg,7981652,Rhabdadenia biflora,15.664,"Calliphlox amethystina (Boddaert, 1783)",2476373,-19.46467,-44.245253,8436.0,SOUTH_AMERICA,Minas Gerais,2009,6,,2009-06-21T08:13,False,Rosario,iNaturalist,http://creativecommons.org/licenses/by-nc/4.0/,Rosario,https://inaturalist-open-data.s3.amazonaws.com/photos/178646071/original.jpg,k-brazil,2024-10-26 05:36:14
original_3698178631_1.jpeg,2979265,Vachellia farnesiana,1.0030000000000001,"Calliphlox amethystina (Boddaert, 1783)",2476373,-22.689981,-46.682607,2771.0,SOUTH_AMERICA,São Paulo,2020,3,,2020-03-15T15:19:16,False,MeireGodoi,iNaturalist,http://creativecommons.org/licenses/by-nc/4.0/,MeireGodoi,https://inaturalist-open-data.s3.amazonaws.com/photos/180008424/original.jpeg,k-brazil,2024-10-26 05:36:16
original_3743066626_1.jpeg,10209961,Iochroma arborescens,8.689,"Calliphlox amethystina (Boddaert, 1783)",2476373,-22.4061,-42.4656,30.0,SOUTH_AMERICA,Rio de Janeiro,2013,9,,2013-09-23T05:20,False,Peter Taylor,iNaturalist,http://creativecommons.org/licenses/by-nc/4.0/,Peter Taylor,https://inaturalist-open-data.s3.amazonaws.com/photos/182638810/original.jpeg; https://inaturalist-open-data.s3.amazonaws.com/photos/182638815/original.jpeg; https://inaturalist-open-data.s3.amazonaws.com/photos/182638823/original.jpeg; https://inaturalist-open-data.s3.amazonaws.com/photos/182638831/original.jpeg,k-brazil,2024-10-26 05:36:18
original_3743066626_2.jpeg,2907406,Chiococca alba,0.5369999999999999,"Calliphlox amethystina (Boddaert, 1783)",2476373,-22.4061,-42.4656,30.0,SOUTH_AMERICA,Rio de Janeiro,2013,9,,2013-09-23T05:20,False,Peter Taylor,iNaturalist,http://creativecommons.org/licenses/by-nc/4.0/,Peter Taylor,https://inaturalist-open-data.s3.amazonaws.com/photos/182638810/original.jpeg; https://inaturalist-open-data.s3.amazonaws.com/photos/182638815/original.jpeg; https://inaturalist-open-data.s3.amazonaws.com/photos/182638823/original.jpeg; https://inaturalist-open-data.s3.amazonaws.com/photos/182638831/original.jpeg,k-brazil,2024-10-26 05:36:20
original_3743066626_3.jpeg,10209961,Iochroma arborescens,1.0659999999999998,"Calliphlox amethystina (Boddaert, 1783)",2476373,-22.4061,-42.4656,30.0,SOUTH_AMERICA,Rio de Janeiro,2013,9,,2013-09-23T05:20,False,Peter Taylor,iNaturalist,http://creativecommons.org/licenses/by-nc/4.0/,Peter Taylor,https://inaturalist-open-data.s3.amazonaws.com/photos/182638810/original.jpeg; https://inaturalist-open-data.s3.amazonaws.com/photos/182638815/original.jpeg; https://inaturalist-open-data.s3.amazonaws.com/photos/182638823/original.jpeg; https://inaturalist-open-data.s3.amazonaws.com/photos/182638831/original.jpeg,k-brazil,2024-10-26 05:36:22
original_3743228900_2.jpg,5319478,Maxillaria valenzuelana,0.803,"Calliphlox amethystina (Boddaert, 1783)",2476373,-12.382073,-54.936976,2148.0,SOUTH_AMERICA,Mato Grosso,2019,11,,2019-11-23T09:01Z,False,Lilian Tomazelli,iNaturalist,http://creativecommons.org/licenses/by-nc/4.0/,Lilian Tomazelli,https://inaturalist-open-data.s3.amazonaws.com/photos/183001802/original.jpg; https://inaturalist-open-data.s3.amazonaws.com/photos/183001892/original.jpg; https://inaturalist-open-data.s3.amazonaws.com/photos/183001896/original.jpg,k-brazil,2024-10-26 05:36:27
original_3759219798_1.jpg,3152205,Theobroma cacao,4.1419999999999995,"Calliphlox amethystina (Boddaert, 1783)",2476373,-20.474782,-40.992099,2016.0,SOUTH_AMERICA,Espírito Santo,2019,10,,2019-10-04T15:08,False,Leonardo Merçon,iNaturalist,http://creativecommons.org/licenses/by-nc/4.0/,Leonardo Merçon,https://inaturalist-open-data.s3.amazonaws.com/photos/173745085/original.jpg,k-brazil,2024-10-26 05:36:30
original_3784783495_1.jpg,8688929,Ceiba speciosa,23.931,"Calliphlox amethystina (Boddaert, 1783)",2476373,-19.503909,-41.072495,87.0,SOUTH_AMERICA,Minas Gerais,2021,7,,2021-07-13T08:43,False,Leonardo Merçon,iNaturalist,http://creativecommons.org/licenses/by-nc/4.0/,Leonardo Merçon,https://inaturalist-open-data.s3.amazonaws.com/photos/197234440/original.jpg,k-brazil,2024-10-26 05:36:41
original_3784823481_1.jpg,2705587,Paspalum paniculatum,2.709,"Calliphlox amethystina (Boddaert, 1783)",2476373,-22.672207,-46.67337,203.0,SOUTH_AMERICA,São Paulo,2022,5,,2022-05-11T17:05,False,Deia e Wesley,iNaturalist,http://creativecommons.org/licenses/by-nc/4.0/,Deia e Wesley,https://inaturalist-open-data.s3.amazonaws.com/photos/198611725/original.jpg; https://inaturalist-open-data.s3.amazonaws.com/photos/198611816/original.jpg; https://inaturalist-open-data.s3.amazonaws.com/photos/198611819/original.jpg,k-brazil,2024-10-26 05:36:43
original_3784823481_2.jpg,5320021,Epidendrum nocturnum,6.3549999999999995,"Calliphlox amethystina (Boddaert, 1783)",2476373,-22.672207,-46.67337,203.0,SOUTH_AMERICA,São Paulo,2022,5,,2022-05-11T17:05,False,Deia e Wesley,iNaturalist,http://creativecommons.org/licenses/by-nc/4.0/,Deia e Wesley,https://inaturalist-open-data.s3.amazonaws.com/photos/198611725/original.jpg; https://inaturalist-open-data.s3.amazonaws.com/photos/198611816/original.jpg; https://inaturalist-open-data.s3.amazonaws.com/photos/198611819/original.jpg,k-brazil,2024-10-26 05:36:44
original_3784823481_3.jpg,2732453,Socratea exorrhiza,5.384,"Calliphlox amethystina (Boddaert, 1783)",2476373,-22.672207,-46.67337,203.0,SOUTH_AMERICA,São Paulo,2022,5,,2022-05-11T17:05,False,Deia e Wesley,iNaturalist,http://creativecommons.org/licenses/by-nc/4.0/,Deia e Wesley,https://inaturalist-open-data.s3.amazonaws.com/photos/198611725/original.jpg; https://inaturalist-open-data.s3.amazonaws.com/photos/198611816/original.jpg; https://inaturalist-open-data.s3.amazonaws.com/photos/198611819/original.jpg,k-brazil,2024-10-26 05:37:00
original_3784938991_1.jpg,3075397,Lacistema aggregatum,5.4399999999999995,"Calliphlox amethystina (Boddaert, 1783)",2476373,-22.672207,-46.67337,203.0,SOUTH_AMERICA,São Paulo,2022,5,,2022-05-11T19:38,False,Deia e Wesley,iNaturalist,http://creativecommons.org/licenses/by-nc/4.0/,Deia e Wesley,https://inaturalist-open-data.s3.amazonaws.com/photos/198639242/original.jpg; https://inaturalist-open-data.s3.amazonaws.com/photos/198639365/original.jpg; https://inaturalist-open-data.s3.amazonaws.com/photos/198639368/original.jpg; https://inaturalist-open-data.s3.amazonaws.com/photos/198639374/original.jpg; https://inaturalist-open-data.s3.amazonaws.com/photos/198639377/original.jpg,k-brazil,2024-10-26 05:37:02
original_3784938991_4.jpg,3069168,Euphorbia tithymaloides,1.105,"Calliphlox amethystina (Boddaert, 1783)",2476373,-22.672207,-46.67337,203.0,SOUTH_AMERICA,São Paulo,2022,5,,2022-05-11T19:38,False,Deia e Wesley,iNaturalist,http://creativecommons.org/licenses/by-nc/4.0/,Deia e Wesley,https://inaturalist-open-data.s3.amazonaws.com/photos/198639242/original.jpg; https://inaturalist-open-data.s3.amazonaws.com/photos/198639365/original.jpg; https://inaturalist-open-data.s3.amazonaws.com/photos/198639368/original.jpg; https://inaturalist-open-data.s3.amazonaws.com/photos/198639374/original.jpg; https://inaturalist-open-data.s3.amazonaws.com/photos/198639377/original.jpg,k-brazil,2024-10-26 05:37:06
original_3784938991_5.jpg,5341161,Aloysia gratissima,4.95,"Calliphlox amethystina (Boddaert, 1783)",2476373,-22.672207,-46.67337,203.0,SOUTH_AMERICA,São Paulo,2022,5,,2022-05-11T19:38,False,Deia e Wesley,iNaturalist,http://creativecommons.org/licenses/by-nc/4.0/,Deia e Wesley,https://inaturalist-open-data.s3.amazonaws.com/photos/198639242/original.jpg; https://inaturalist-open-data.s3.amazonaws.com/photos/198639365/original.jpg; https://inaturalist-open-data.s3.amazonaws.com/photos/198639368/original.jpg; https://inaturalist-open-data.s3.amazonaws.com/photos/198639374/original.jpg; https://inaturalist-open-data.s3.amazonaws.com/photos/198639377/original.jpg,k-brazil,2024-10-26 05:37:08
original_3802391883_1.jpg,3152597,Hibiscus striatus,1.439,"Calliphlox amethystina (Boddaert, 1783)",2476373,-19.932035,-40.599911,2039.0,SOUTH_AMERICA,Espírito Santo,2016,1,,2016-01-14T04:07,False,Roberto De Oliveira Silva,iNaturalist,http://creativecommons.org/licenses/by-nc/4.0/,Roberto De Oliveira Silva,https://inaturalist-open-data.s3.amazonaws.com/photos/199860778/original.jpg,k-brazil,2024-10-26 05:37:12
original_3858842680_1.jpg,2932944,Capsicum annuum,0.711,"Calliphlox amethystina (Boddaert, 1783)",2476373,-22.683919,-46.688489,31.0,SOUTH_AMERICA,São Paulo,2018,6,,2018-06-03,False,Luciano Bernardes,iNaturalist,http://creativecommons.org/licenses/by-nc/4.0/,Luciano Bernardes,https://inaturalist-open-data.s3.amazonaws.com/photos/210322358/original.jpg; https://inaturalist-open-data.s3.amazonaws.com/photos/210322436/original.jpg; https://inaturalist-open-data.s3.amazonaws.com/photos/210322449/original.jpg; https://inaturalist-open-data.s3.amazonaws.com/photos/210322468/original.jpg,k-brazil,2024-10-26 05:37:14
original_3859403420_1.jpeg,3763926,Bagassa guianensis,5.9830000000000005,"Calliphlox amethystina (Boddaert, 1783)",2476373,-23.300217,-44.880202,308.0,SOUTH_AMERICA,São Paulo,2022,4,,2022-04-25T14:30:10,False,Ninho da Cambacica,iNaturalist,http://creativecommons.org/licenses/by-nc/4.0/,Ninho da Cambacica,https://inaturalist-open-data.s3.amazonaws.com/photos/203243323/original.jpeg,k-brazil,2024-10-26 05:37:21
original_3860188544_1.jpg,8017915,Sapindus saponaria,1.277,"Calliphlox amethystina (Boddaert, 1783)",2476373,-24.016744,-47.15273,4.0,SOUTH_AMERICA,São Paulo,2017,7,,2017-07-02,False,Luciano Bernardes,iNaturalist,http://creativecommons.org/licenses/by-nc/4.0/,Luciano Bernardes,https://inaturalist-open-data.s3.amazonaws.com/photos/210313681/original.jpg,k-brazil,2024-10-26 05:37:28
original_3860778655_1.jpg,5289739,Cenchrus echinatus,1.065,"Calliphlox amethystina (Boddaert, 1783)",2476373,-22.688895,-46.682442,61.0,SOUTH_AMERICA,São Paulo,2018,5,,2018-05-12,False,Luciano Bernardes,iNaturalist,http://creativecommons.org/licenses/by-nc/4.0/,Luciano Bernardes,https://inaturalist-open-data.s3.amazonaws.com/photos/210321743/original.jpg,k-brazil,2024-10-26 05:37:30
original_3873634045_1.jpg,8688929,Ceiba speciosa,12.876000000000001,"Calliphlox amethystina (Boddaert, 1783)",2476373,-21.773976,-44.964198,4490.0,SOUTH_AMERICA,Minas Gerais,2022,7,,2022-07-17T19:11,False,Ronaldo Garcia,iNaturalist,http://creativecommons.org/licenses/by-nc/4.0/,Ronaldo Garcia,https://inaturalist-open-data.s3.amazonaws.com/photos/215346324/original.jpg,k-brazil,2024-10-26 05:37:32
original_3874046750_1.jpeg,2925303,Lantana camara,67.62700000000001,"Calliphlox amethystina (Boddaert, 1783)",2476373,-19.914629,-44.919831,4.0,SOUTH_AMERICA,Minas Gerais,2021,9,,2021-09-26T13:55,False,AGNALDO CORREA DE ASSIS,iNaturalist,http://creativecommons.org/licenses/by-nc/4.0/,AGNALDO CORREA DE ASSIS,https://inaturalist-open-data.s3.amazonaws.com/photos/215363324/original.jpeg,k-brazil,2024-10-26 05:37:34
original_3911979529_1.jpg,7932857,Machaerium isadelphum,6.351999999999999,"Calliphlox amethystina (Boddaert, 1783)",2476373,-23.495176,-46.519442,200.0,SOUTH_AMERICA,São Paulo,2022,9,,2022-09-10T09:34,False,Enéas V. Gouvêa Junior,iNaturalist,http://creativecommons.org/licenses/by-sa/4.0/,Enéas V. Gouvêa Junior,https://inaturalist-open-data.s3.amazonaws.com/photos/230050550/original.jpg,k-brazil,2024-10-26 05:37:36
original_3912001245_1.jpg,5357680,Inga vera,86.714,"Calliphlox amethystina (Boddaert, 1783)",2476373,-20.278449,-46.416957,7940.0,SOUTH_AMERICA,Minas Gerais,2022,8,,2022-08-24,False,Luciano Bernardes,iNaturalist,http://creativecommons.org/licenses/by-nc/4.0/,Luciano Bernardes,https://inaturalist-open-data.s3.amazonaws.com/photos/230205877/original.jpg; https://inaturalist-open-data.s3.amazonaws.com/photos/230205892/original.jpg; https://inaturalist-open-data.s3.amazonaws.com/photos/230205919/original.jpg,k-brazil,2024-10-26 05:37:38
original_3912001245_3.jpg,5357680,Inga vera,76.484,"Calliphlox amethystina (Boddaert, 1783)",2476373,-20.278449,-46.416957,7940.0,SOUTH_AMERICA,Minas Gerais,2022,8,,2022-08-24,False,Luciano Bernardes,iNaturalist,http://creativecommons.org/licenses/by-nc/4.0/,Luciano Bernardes,https://inaturalist-open-data.s3.amazonaws.com/photos/230205877/original.jpg; https://inaturalist-open-data.s3.amazonaws.com/photos/230205892/original.jpg; https://inaturalist-open-data.s3.amazonaws.com/photos/230205919/original.jpg,k-brazil,2024-10-26 05:37:40
original_3912098758_1.jpg,4092242,Handroanthus impetiginosus,1.3820000000000001,"Calliphlox amethystina (Boddaert, 1783)",2476373,-23.584738,-45.82456,8.0,SOUTH_AMERICA,São Paulo,2022,8,,2022-08-26,False,Luciano Bernardes,iNaturalist,http://creativecommons.org/licenses/by-nc/4.0/,Luciano Bernardes,https://inaturalist-open-data.s3.amazonaws.com/photos/230253206/original.jpg; https://inaturalist-open-data.s3.amazonaws.com/photos/230253234/original.jpg; https://inaturalist-open-data.s3.amazonaws.com/photos/230253243/original.jpg; https://inaturalist-open-data.s3.amazonaws.com/photos/230253254/original.jpg,k-brazil,2024-10-26 05:37:45
original_3912380834_1.jpeg,2695588,Tillandsia recurvata,6.608,"Calliphlox amethystina (Boddaert, 1783)",2476373,-19.956135,-40.606357,,SOUTH_AMERICA,Espírito Santo,2022,9,,2022-09-20T10:50:19,False,Nathan Ruser,iNaturalist,http://creativecommons.org/licenses/by/4.0/,Nathan Ruser,https://inaturalist-open-data.s3.amazonaws.com/photos/231746023/original.jpeg,k-brazil,2024-10-26 05:37:54
original_3912429251_1.jpeg,7297353,Lippia origanoides,9.921000000000001,"Calliphlox amethystina (Boddaert, 1783)",2476373,-15.640252,-47.695054,119.0,SOUTH_AMERICA,Distrito Federal,2022,9,,2022-09-13T16:06,False,Silvio Wolff,iNaturalist,http://creativecommons.org/licenses/by-nc/4.0/,Silvio Wolff,https://inaturalist-open-data.s3.amazonaws.com/photos/230213195/original.jpeg,k-brazil,2024-10-26 05:37:57
original_3923522021_1.jpeg,3055359,Alchornea latifolia,6.847,"Calliphlox amethystina (Boddaert, 1783)",2476373,-23.759443,-46.339147,4.0,SOUTH_AMERICA,São Paulo,2021,12,,2021-12-12T07:41,False,miguelmagro,iNaturalist,http://creativecommons.org/licenses/by-nc/4.0/,miguelmagro,https://inaturalist-open-data.s3.amazonaws.com/photos/233844249/original.jpeg,k-brazil,2024-10-26 05:38:01
original_3923544342_1.jpeg,2925462,Stachytarpheta mutabilis,99.382,"Calliphlox amethystina (Boddaert, 1783)",2476373,4.807472,-52.337792,,SOUTH_AMERICA,Cayenne,2017,2,,2017-02-25T17:10,False,Sébastien SANT,iNaturalist,http://creativecommons.org/licenses/by-nc/4.0/,Sébastien SANT,https://inaturalist-open-data.s3.amazonaws.com/photos/77741585/original.jpeg; https://inaturalist-open-data.s3.amazonaws.com/photos/77741854/original.jpeg,k-northern-south-america,2024-10-26 05:38:03
original_3923544342_2.jpeg,2925462,Stachytarpheta mutabilis,97.085,"Calliphlox amethystina (Boddaert, 1783)",2476373,4.807472,-52.337792,,SOUTH_AMERICA,Cayenne,2017,2,,2017-02-25T17:10,False,Sébastien SANT,iNaturalist,http://creativecommons.org/licenses/by-nc/4.0/,Sébastien SANT,https://inaturalist-open-data.s3.amazonaws.com/photos/77741585/original.jpeg; https://inaturalist-open-data.s3.amazonaws.com/photos/77741854/original.jpeg,k-northern-south-america,2024-10-26 05:38:05
original_3966385754_1.jpeg,2951571,Mucuna sloanei,1.5859999999999999,"Calliphlox amethystina (Boddaert, 1783)",2476373,-23.447452,-47.16783,7325.0,SOUTH_AMERICA,São Paulo,2022,6,,2022-06-03T08:19,False,M. A. Lagares,iNaturalist,http://creativecommons.org/licenses/by-nc/4.0/,M. A. Lagares,https://inaturalist-open-data.s3.amazonaws.com/photos/242530900/original.jpeg; https://inaturalist-open-data.s3.amazonaws.com/photos/242530920/original.jpeg,k-brazil,2024-10-26 05:38:28
original_3985802591_2.jpg,8162439,Callianthe striata,0.45399999999999996,"Calliphlox amethystina (Boddaert, 1783)",2476373,-23.584872,-45.82443,216.0,SOUTH_AMERICA,São Paulo,2022,11,,2022-11-19T09:58,False,Tomaz Nascimento de Melo,iNaturalist,http://creativecommons.org/licenses/by-nc-nd/4.0/,Tomaz Nascimento de Melo,https://inaturalist-open-data.s3.amazonaws.com/photos/244363419/original.jpg; https://inaturalist-open-data.s3.amazonaws.com/photos/244363456/original.jpg; https://inaturalist-open-data.s3.amazonaws.com/photos/244363482/original.jpg,k-brazil,2024-10-26 05:38:34
original_3985802591_3.jpg,8249932,Salvia splendens,8.642,"Calliphlox amethystina (Boddaert, 1783)",2476373,-23.584872,-45.82443,216.0,SOUTH_AMERICA,São Paulo,2022,11,,2022-11-19T09:58,False,Tomaz Nascimento de Melo,iNaturalist,http://creativecommons.org/licenses/by-nc-nd/4.0/,Tomaz Nascimento de Melo,https://inaturalist-open-data.s3.amazonaws.com/photos/244363419/original.jpg; https://inaturalist-open-data.s3.amazonaws.com/photos/244363456/original.jpg; https://inaturalist-open-data.s3.amazonaws.com/photos/244363482/original.jpg,k-brazil,2024-10-26 05:38:36
original_3988478945_1.jpg,7285331,Heteropterys byrsonimifolia,1.7069999999999999,"Calliphlox amethystina (Boddaert, 1783)",2476373,-15.470382,-55.720377,244.0,SOUTH_AMERICA,Mato Grosso,2021,1,,2021-01-03T10:39,False,Wagner Florentino,iNaturalist,http://creativecommons.org/licenses/by-nc/4.0/,Wagner Florentino,https://inaturalist-open-data.s3.amazonaws.com/photos/246134870/original.jpg,k-brazil,2024-10-26 05:38:40
original_3988509680_1.jpg,2925463,Stachytarpheta jamaicensis,8.382000000000001,"Calliphlox amethystina (Boddaert, 1783)",2476373,-4.248657,-78.659612,197.0,SOUTH_AMERICA,Zamora Chinchipe,2022,11,,2022-11-01T17:26,False,Nick Moore,iNaturalist,http://creativecommons.org/licenses/by-nc/4.0/,Nick Moore,https://inaturalist-open-data.s3.amazonaws.com/photos/245763133/original.jpg,k-western-south-america,2024-10-26 05:38:42
original_3988665696_1.jpg,2925462,Stachytarpheta mutabilis,9.054,"Calliphlox amethystina (Boddaert, 1783)",2476373,-4.262061,-78.645526,1732.0,SOUTH_AMERICA,Zamora Chinchipe,2022,11,,2022-11-02T14:13,False,Nick Moore,iNaturalist,http://creativecommons.org/licenses/by-nc/4.0/,Nick Moore,https://inaturalist-open-data.s3.amazonaws.com/photos/245763479/original.jpg; https://inaturalist-open-data.s3.amazonaws.com/photos/245763491/original.jpg,k-western-south-america,2024-10-26 05:38:44
original_3988665696_2.jpg,2925463,Stachytarpheta jamaicensis,5.159,"Calliphlox amethystina (Boddaert, 1783)",2476373,-4.262061,-78.645526,1732.0,SOUTH_AMERICA,Zamora Chinchipe,2022,11,,2022-11-02T14:13,False,Nick Moore,iNaturalist,http://creativecommons.org/licenses/by-nc/4.0/,Nick Moore,https://inaturalist-open-data.s3.amazonaws.com/photos/245763479/original.jpg; https://inaturalist-open-data.s3.amazonaws.com/photos/245763491/original.jpg,k-western-south-america,2024-10-26 05:38:45
original_4018117616_1.jpg,2925463,Stachytarpheta jamaicensis,43.966,"Calliphlox amethystina (Boddaert, 1783)",2476373,3.933889,-53.125782,280091.0,SOUTH_AMERICA,Cayenne,2022,7,,2022-07-16T17:43,False,christian marty,iNaturalist,http://creativecommons.org/licenses/by-nc/4.0/,christian marty,https://inaturalist-open-data.s3.amazonaws.com/photos/215018477/original.jpg,k-northern-south-america,2024-10-26 05:38:47
original_4018242021_1.jpeg,Unknown,Unknown,0,"Calliphlox amethystina (Boddaert, 1783)",2476373,-31.58372,-52.638683,4656.0,SOUTH_AMERICA,Rio Grande do Sul,2023,1,,2023-01-07T10:13,False,vinicius_s_domingues,iNaturalist,http://creativecommons.org/licenses/by/4.0/,vinicius_s_domingues,https://inaturalist-open-data.s3.amazonaws.com/photos/251758177/original.jpeg; https://inaturalist-open-data.s3.amazonaws.com/photos/251758200/original.jpeg; https://inaturalist-open-data.s3.amazonaws.com/photos/251758217/original.jpeg,k-brazil,2024-10-26 05:38:50
original_4018242021_2.jpeg,Unknown,Unknown,0,"Calliphlox amethystina (Boddaert, 1783)",2476373,-31.58372,-52.638683,4656.0,SOUTH_AMERICA,Rio Grande do Sul,2023,1,,2023-01-07T10:13,False,vinicius_s_domingues,iNaturalist,http://creativecommons.org/licenses/by/4.0/,vinicius_s_domingues,https://inaturalist-open-data.s3.amazonaws.com/photos/251758177/original.jpeg; https://inaturalist-open-data.s3.amazonaws.com/photos/251758200/original.jpeg; https://inaturalist-open-data.s3.amazonaws.com/photos/251758217/original.jpeg,k-brazil,2024-10-26 05:38:52
original_4018343375_1.jpeg,7469490,Lafoensia pacari,1.97,"Calliphlox amethystina (Boddaert, 1783)",2476373,-24.270476,-48.421776,31.0,SOUTH_AMERICA,São Paulo,2016,12,,2016-12-30T17:48,False,Ericson Cernawsky Igual,iNaturalist,http://creativecommons.org/licenses/by-nc/4.0/,Ericson Cernawsky Igual,https://inaturalist-open-data.s3.amazonaws.com/photos/252288819/original.jpeg,k-brazil,2024-10-26 05:38:57
original_4022146755_2.jpeg,2705781,Hymenachne amplexicaulis,0.7929999999999999,"Calliphlox amethystina (Boddaert, 1783)",2476373,-22.310138,-42.496868,,SOUTH_AMERICA,Rio de Janeiro,2023,1,,2023-01-14T13:15,False,Andy Frank,iNaturalist,http://creativecommons.org/licenses/by-nc/4.0/,Andy Frank,https://inaturalist-open-data.s3.amazonaws.com/photos/253323716/original.jpeg; https://inaturalist-open-data.s3.amazonaws.com/photos/253323721/original.jpeg,k-brazil,2024-10-26 05:39:06
original_4028970905_1.jpeg,2901431,Sipanea hispida,0.11,"Calliphlox amethystina (Boddaert, 1783)",2476373,-23.057273,-46.641048,206.0,SOUTH_AMERICA,São Paulo,2023,1,,2023-01-09T12:14,False,manequinho,iNaturalist,http://creativecommons.org/licenses/by-nc/4.0/,manequinho,https://inaturalist-open-data.s3.amazonaws.com/photos/254431022/original.jpeg; https://inaturalist-open-data.s3.amazonaws.com/photos/254431104/original.jpeg; https://inaturalist-open-data.s3.amazonaws.com/photos/254431105/original.jpeg; https://inaturalist-open-data.s3.amazonaws.com/photos/254431118/original.jpeg; https://inaturalist-open-data.s3.amazonaws.com/photos/254431130/original.jpeg; https://inaturalist-open-data.s3.amazonaws.com/photos/254431137/original.jpeg,k-brazil,2024-10-26 05:39:08
original_4028970905_2.jpeg,5414457,Centaurium erythraea,0.261,"Calliphlox amethystina (Boddaert, 1783)",2476373,-23.057273,-46.641048,206.0,SOUTH_AMERICA,São Paulo,2023,1,,2023-01-09T12:14,False,manequinho,iNaturalist,http://creativecommons.org/licenses/by-nc/4.0/,manequinho,https://inaturalist-open-data.s3.amazonaws.com/photos/254431022/original.jpeg; https://inaturalist-open-data.s3.amazonaws.com/photos/254431104/original.jpeg; https://inaturalist-open-data.s3.amazonaws.com/photos/254431105/original.jpeg; https://inaturalist-open-data.s3.amazonaws.com/photos/254431118/original.jpeg; https://inaturalist-open-data.s3.amazonaws.com/photos/254431130/original.jpeg; https://inaturalist-open-data.s3.amazonaws.com/photos/254431137/original.jpeg,k-brazil,2024-10-26 05:39:10
original_4028970905_3.jpeg,2901431,Sipanea hispida,0.28300000000000003,"Calliphlox amethystina (Boddaert, 1783)",2476373,-23.057273,-46.641048,206.0,SOUTH_AMERICA,São Paulo,2023,1,,2023-01-09T12:14,False,manequinho,iNaturalist,http://creativecommons.org/licenses/by-nc/4.0/,manequinho,https://inaturalist-open-data.s3.amazonaws.com/photos/254431022/original.jpeg; https://inaturalist-open-data.s3.amazonaws.com/photos/254431104/original.jpeg; https://inaturalist-open-data.s3.amazonaws.com/photos/254431105/original.jpeg; https://inaturalist-open-data.s3.amazonaws.com/photos/254431118/original.jpeg; https://inaturalist-open-data.s3.amazonaws.com/photos/254431130/original.jpeg; https://inaturalist-open-data.s3.amazonaws.com/photos/254431137/original.jpeg,k-brazil,2024-10-26 05:39:12
original_4028970905_4.jpeg,2901431,Sipanea hispida,0.244,"Calliphlox amethystina (Boddaert, 1783)",2476373,-23.057273,-46.641048,206.0,SOUTH_AMERICA,São Paulo,2023,1,,2023-01-09T12:14,False,manequinho,iNaturalist,http://creativecommons.org/licenses/by-nc/4.0/,manequinho,https://inaturalist-open-data.s3.amazonaws.com/photos/254431022/original.jpeg; https://inaturalist-open-data.s3.amazonaws.com/photos/254431104/original.jpeg; https://inaturalist-open-data.s3.amazonaws.com/photos/254431105/original.jpeg; https://inaturalist-open-data.s3.amazonaws.com/photos/254431118/original.jpeg; https://inaturalist-open-data.s3.amazonaws.com/photos/254431130/original.jpeg; https://inaturalist-open-data.s3.amazonaws.com/photos/254431137/original.jpeg,k-brazil,2024-10-26 05:39:14
original_4028970905_5.jpeg,Unknown,Unknown,0,"Calliphlox amethystina (Boddaert, 1783)",2476373,-23.057273,-46.641048,206.0,SOUTH_AMERICA,São Paulo,2023,1,,2023-01-09T12:14,False,manequinho,iNaturalist,http://creativecommons.org/licenses/by-nc/4.0/,manequinho,https://inaturalist-open-data.s3.amazonaws.com/photos/254431022/original.jpeg; https://inaturalist-open-data.s3.amazonaws.com/photos/254431104/original.jpeg; https://inaturalist-open-data.s3.amazonaws.com/photos/254431105/original.jpeg; https://inaturalist-open-data.s3.amazonaws.com/photos/254431118/original.jpeg; https://inaturalist-open-data.s3.amazonaws.com/photos/254431130/original.jpeg; https://inaturalist-open-data.s3.amazonaws.com/photos/254431137/original.jpeg,k-brazil,2024-10-26 05:39:16
original_4028970905_6.jpeg,5414457,Centaurium erythraea,0.184,"Calliphlox amethystina (Boddaert, 1783)",2476373,-23.057273,-46.641048,206.0,SOUTH_AMERICA,São Paulo,2023,1,,2023-01-09T12:14,False,manequinho,iNaturalist,http://creativecommons.org/licenses/by-nc/4.0/,manequinho,https://inaturalist-open-data.s3.amazonaws.com/photos/254431022/original.jpeg; https://inaturalist-open-data.s3.amazonaws.com/photos/254431104/original.jpeg; https://inaturalist-open-data.s3.amazonaws.com/photos/254431105/original.jpeg; https://inaturalist-open-data.s3.amazonaws.com/photos/254431118/original.jpeg; https://inaturalist-open-data.s3.amazonaws.com/photos/254431130/original.jpeg; https://inaturalist-open-data.s3.amazonaws.com/photos/254431137/original.jpeg,k-brazil,2024-10-26 05:39:18
original_4029086750_1.jpeg,4004147,Tripodanthus acutifolius,5.401,"Calliphlox amethystina (Boddaert, 1783)",2476373,-24.057446,-47.99319,31.0,SOUTH_AMERICA,São Paulo,2023,2,,2023-02-03T18:06,False,Gabriely Miranda,iNaturalist,http://creativecommons.org/licenses/by-nc/4.0/,Gabriely Miranda,https://inaturalist-open-data.s3.amazonaws.com/photos/255259387/original.jpeg,k-brazil,2024-10-26 05:39:21
original_4029312569_1.jpg,5418198,Eugenia myrcianthes,34.69,"Calliphlox amethystina (Boddaert, 1783)",2476373,-24.056667,-47.994333,4.0,SOUTH_AMERICA,São Paulo,2023,2,,2023-02-03T17:52,False,Nelson Wisnik,iNaturalist,http://creativecommons.org/licenses/by-nc/4.0/,Nelson Wisnik,https://inaturalist-open-data.s3.amazonaws.com/photos/255116439/original.jpg; https://inaturalist-open-data.s3.amazonaws.com/photos/255116508/original.jpg,k-brazil,2024-10-26 05:39:26
original_4029312569_2.jpg,5405436,Stifftia chrysantha,5.499,"Calliphlox amethystina (Boddaert, 1783)",2476373,-24.056667,-47.994333,4.0,SOUTH_AMERICA,São Paulo,2023,2,,2023-02-03T17:52,False,Nelson Wisnik,iNaturalist,http://creativecommons.org/licenses/by-nc/4.0/,Nelson Wisnik,https://inaturalist-open-data.s3.amazonaws.com/photos/255116439/original.jpg; https://inaturalist-open-data.s3.amazonaws.com/photos/255116508/original.jpg,k-brazil,2024-10-26 05:39:28
original_4034632559_1.jpg,4130564,Chusquea pinifolia,1.44,"Calliphlox amethystina (Boddaert, 1783)",2476373,-19.956284,-40.60644,229.0,SOUTH_AMERICA,Espírito Santo,2023,1,,2023-01-14T17:12,False,fabricio_reis_costa,iNaturalist,http://creativecommons.org/licenses/by-nc/4.0/,fabricio_reis_costa,https://inaturalist-open-data.s3.amazonaws.com/photos/255343738/original.jpg,k-brazil,2024-10-26 05:39:31
original_4034814488_1.jpg,2969638,Mimosa polycarpa,11.065999999999999,"Calliphlox amethystina (Boddaert, 1783)",2476373,-19.956284,-40.60644,229.0,SOUTH_AMERICA,Espírito Santo,2023,1,,2023-01-14T09:19,False,fabricio_reis_costa,iNaturalist,http://creativecommons.org/licenses/by-nc/4.0/,fabricio_reis_costa,https://inaturalist-open-data.s3.amazonaws.com/photos/255343471/original.jpg,k-brazil,2024-10-26 05:39:32
original_4062605683_1.jpg,Unknown,Unknown,0,"Calliphlox amethystina (Boddaert, 1783)",2476373,-20.04486,-43.947807,90.0,SOUTH_AMERICA,Minas Gerais,2023,3,,2023-03-08T08:24:05,False,stevebrazil,iNaturalist,http://creativecommons.org/licenses/by-nc/4.0/,stevebrazil,https://inaturalist-open-data.s3.amazonaws.com/photos/259664819/original.jpg,k-brazil,2024-10-26 05:39:37
original_4075892383_1.jpeg,2903524,Isertia spiciformis,2.456,"Calliphlox amethystina (Boddaert, 1783)",2476373,-26.359812,-52.850443,73.0,SOUTH_AMERICA,Santa Catarina,2023,3,,2023-03-24T16:35:14,False,Alan Hentz,iNaturalist,http://creativecommons.org/licenses/by-nc/4.0/,Alan Hentz,https://inaturalist-open-data.s3.amazonaws.com/photos/262705133/original.jpeg,k-brazil,2024-10-26 05:39:41
original_4076060819_1.jpeg,3124739,Vernonanthura patens,3.681,"Calliphlox amethystina (Boddaert, 1783)",2476373,-20.380471,-43.901515,100.0,SOUTH_AMERICA,Minas Gerais,2016,10,,2016-10-27T09:30,False,Jeff Harding,iNaturalist,http://creativecommons.org/licenses/by-nc/4.0/,Jeff Harding,https://inaturalist-open-data.s3.amazonaws.com/photos/265050142/original.jpeg,k-brazil,2024-10-26 05:39:46
original_4121209776_1.jpg,8688929,Ceiba speciosa,1.165,"Calliphlox amethystina (Boddaert, 1783)",2476373,-22.69004,-46.682607,2771.0,SOUTH_AMERICA,São Paulo,2018,5,,2018-05-05T17:11,False,reinaldogibin,iNaturalist,http://creativecommons.org/licenses/by-nc/4.0/,reinaldogibin,https://inaturalist-open-data.s3.amazonaws.com/photos/280420803/original.jpg,k-brazil,2024-10-26 05:39:55
original_4127455380_1.jpg,2702901,Leersia hexandra,0.741,"Calliphlox amethystina (Boddaert, 1783)",2476373,-23.584872,-45.82443,216.0,SOUTH_AMERICA,São Paulo,2023,5,,2023-05-17T14:08,False,Claudio Martins de Souza,iNaturalist,http://creativecommons.org/licenses/by-nc/4.0/,Claudio Martins de Souza,https://inaturalist-open-data.s3.amazonaws.com/photos/284543208/original.jpg; https://inaturalist-open-data.s3.amazonaws.com/photos/284548121/original.jpg,k-brazil,2024-10-26 05:39:57
original_4129682851_1.jpg,5341313,Coleus amboinicus,0.2,"Calliphlox amethystina (Boddaert, 1783)",2476373,-22.74259,-46.898451,4944.0,SOUTH_AMERICA,São Paulo,2012,12,,2012-12-23T17:11,False,reinaldogibin,iNaturalist,http://creativecommons.org/licenses/by-nc/4.0/,reinaldogibin,https://inaturalist-open-data.s3.amazonaws.com/photos/285308177/original.jpg,k-brazil,2024-10-26 05:40:01
original_4162459205_1.jpeg,3071171,Hevea brasiliensis,9.605,"Calliphlox amethystina (Boddaert, 1783)",2476373,-22.310076,-42.497062,204.0,SOUTH_AMERICA,Rio de Janeiro,2023,2,,2023-02-18T10:07,False,bettinadungs,iNaturalist,http://creativecommons.org/licenses/by-nc/4.0/,bettinadungs,https://inaturalist-open-data.s3.amazonaws.com/photos/300785195/original.jpeg,k-brazil,2024-10-26 05:40:12
original_4162614434_1.jpeg,3129643,Baccharis salicifolia,5.774,"Calliphlox amethystina (Boddaert, 1783)",2476373,-20.372367,-43.482232,15.0,SOUTH_AMERICA,Minas Gerais,2023,6,,2023-06-12T13:25,False,Gabriely Miranda,iNaturalist,http://creativecommons.org/licenses/by-nc/4.0/,Gabriely Miranda,https://inaturalist-open-data.s3.amazonaws.com/photos/301208608/original.jpeg,k-brazil,2024-10-26 05:40:14
original_4171744548_1.jpg,5357189,Myroxylon peruiferum,12.635,"Calliphlox amethystina (Boddaert, 1783)",2476373,-21.742578,-46.689138,4.0,SOUTH_AMERICA,São Paulo,2023,7,,2023-07-29T17:02,False,Pedro Lotti Carvalho Dias,iNaturalist,http://creativecommons.org/licenses/by-nc/4.0/,Pedro Lotti Carvalho Dias,https://inaturalist-open-data.s3.amazonaws.com/photos/305238921/original.jpg; https://inaturalist-open-data.s3.amazonaws.com/photos/305246033/original.jpg; https://inaturalist-open-data.s3.amazonaws.com/photos/305246144/original.jpg,k-brazil,2024-10-26 05:40:17
original_4171744548_2.jpg,5357189,Myroxylon peruiferum,24.981,"Calliphlox amethystina (Boddaert, 1783)",2476373,-21.742578,-46.689138,4.0,SOUTH_AMERICA,São Paulo,2023,7,,2023-07-29T17:02,False,Pedro Lotti Carvalho Dias,iNaturalist,http://creativecommons.org/licenses/by-nc/4.0/,Pedro Lotti Carvalho Dias,https://inaturalist-open-data.s3.amazonaws.com/photos/305238921/original.jpg; https://inaturalist-open-data.s3.amazonaws.com/photos/305246033/original.jpg; https://inaturalist-open-data.s3.amazonaws.com/photos/305246144/original.jpg,k-brazil,2024-10-26 05:40:20
original_4171744548_3.jpg,5357189,Myroxylon peruiferum,7.152,"Calliphlox amethystina (Boddaert, 1783)",2476373,-21.742578,-46.689138,4.0,SOUTH_AMERICA,São Paulo,2023,7,,2023-07-29T17:02,False,Pedro Lotti Carvalho Dias,iNaturalist,http://creativecommons.org/licenses/by-nc/4.0/,Pedro Lotti Carvalho Dias,https://inaturalist-open-data.s3.amazonaws.com/photos/305238921/original.jpg; https://inaturalist-open-data.s3.amazonaws.com/photos/305246033/original.jpg; https://inaturalist-open-data.s3.amazonaws.com/photos/305246144/original.jpg,k-brazil,2024-10-26 05:40:22
original_4413435683_1.jpeg,2695588,Tillandsia recurvata,0.33999999999999997,"Calliphlox amethystina (Boddaert, 1783)",2476373,3.862786,-53.391782,41237.0,SOUTH_AMERICA,Saint-Laurent-du-Maroni,2023,2,,2023-02-15T17:32,False,christian marty,iNaturalist,http://creativecommons.org/licenses/by-nc/4.0/,christian marty,https://inaturalist-open-data.s3.amazonaws.com/photos/257929814/original.jpeg,k-northern-south-america,2024-10-26 05:40:28
original_4414078906_1.jpeg,2696538,Quesnelia quesneliana,0.14200000000000002,"Calliphlox amethystina (Boddaert, 1783)",2476373,-22.21675,-45.96278,115.0,SOUTH_AMERICA,Minas Gerais,2023,9,,2023-09-03T11:34,False,Lu_Costa0808,iNaturalist,http://creativecommons.org/licenses/by-nc/4.0/,Lu_Costa0808,https://inaturalist-open-data.s3.amazonaws.com/photos/318539702/original.jpeg; https://inaturalist-open-data.s3.amazonaws.com/photos/318539712/original.jpeg; https://inaturalist-open-data.s3.amazonaws.com/photos/318539728/original.jpeg,k-brazil,2024-10-26 05:40:30
original_4414078906_2.jpeg,Unknown,Unknown,0,"Calliphlox amethystina (Boddaert, 1783)",2476373,-22.21675,-45.96278,115.0,SOUTH_AMERICA,Minas Gerais,2023,9,,2023-09-03T11:34,False,Lu_Costa0808,iNaturalist,http://creativecommons.org/licenses/by-nc/4.0/,Lu_Costa0808,https://inaturalist-open-data.s3.amazonaws.com/photos/318539702/original.jpeg; https://inaturalist-open-data.s3.amazonaws.com/photos/318539712/original.jpeg; https://inaturalist-open-data.s3.amazonaws.com/photos/318539728/original.jpeg,k-brazil,2024-10-26 05:40:32
original_4414078906_3.jpeg,Unknown,Unknown,0,"Calliphlox amethystina (Boddaert, 1783)",2476373,-22.21675,-45.96278,115.0,SOUTH_AMERICA,Minas Gerais,2023,9,,2023-09-03T11:34,False,Lu_Costa0808,iNaturalist,http://creativecommons.org/licenses/by-nc/4.0/,Lu_Costa0808,https://inaturalist-open-data.s3.amazonaws.com/photos/318539702/original.jpeg; https://inaturalist-open-data.s3.amazonaws.com/photos/318539712/original.jpeg; https://inaturalist-open-data.s3.amazonaws.com/photos/318539728/original.jpeg,k-brazil,2024-10-26 05:40:34
original_4416882075_1.jpg,Unknown,Unknown,0,"Calliphlox amethystina (Boddaert, 1783)",2476373,-23.057273,-46.641048,206.0,SOUTH_AMERICA,São Paulo,2023,1,,2023-01-09T12:14,False,manequinho,iNaturalist,http://creativecommons.org/licenses/by-nc/4.0/,manequinho,https://inaturalist-open-data.s3.amazonaws.com/photos/321594808/original.jpg,k-brazil,2024-10-26 05:40:37
original_4416886124_1.jpg,2695309,Tillandsia xiphioides,7.664999999999999,"Calliphlox amethystina (Boddaert, 1783)",2476373,-22.672211,-46.673342,201.0,SOUTH_AMERICA,São Paulo,2017,12,,2017-12-28T11:53,False,manequinho,iNaturalist,http://creativecommons.org/licenses/by-nc/4.0/,manequinho,https://inaturalist-open-data.s3.amazonaws.com/photos/321594806/original.jpg,k-brazil,2024-10-26 05:40:39
original_4416897234_1.jpeg,2932944,Capsicum annuum,3.084,"Calliphlox amethystina (Boddaert, 1783)",2476373,-23.776912,-46.301222,200.0,SOUTH_AMERICA,São Paulo,2023,9,,2023-09-23T12:49,False,Horacio Alberto Garcia,iNaturalist,http://creativecommons.org/licenses/by-nc/4.0/,Horacio Alberto Garcia,https://inaturalist-open-data.s3.amazonaws.com/photos/323140899/original.jpeg,k-brazil,2024-10-26 05:40:42
original_4421091028_1.jpeg,5357680,Inga vera,63.336999999999996,"Calliphlox amethystina (Boddaert, 1783)",2476373,-23.209078,-46.966159,2.0,SOUTH_AMERICA,São Paulo,2023,9,,2023-09-17T08:17,False,miguelmagro,iNaturalist,http://creativecommons.org/licenses/by-nc/4.0/,miguelmagro,https://inaturalist-open-data.s3.amazonaws.com/photos/323566987/original.jpeg,k-brazil,2024-10-26 05:40:49
original_4421102812_1.jpg,5314198,Brassavola tuberculata,5.753,"Calliphlox amethystina (Boddaert, 1783)",2476373,-2.533513,-54.922703,,SOUTH_AMERICA,Pará,2023,9,,2023-09-29T10:31,False,Roxanne Lazarus,iNaturalist,http://creativecommons.org/licenses/by-nc/4.0/,Roxanne Lazarus,https://inaturalist-open-data.s3.amazonaws.com/photos/323884598/original.jpg; https://inaturalist-open-data.s3.amazonaws.com/photos/323884608/original.jpg,k-brazil,2024-10-26 05:40:51
original_4430649237_1.jpeg,3621389,Tabernaemontana undulata,4.093999999999999,"Calliphlox amethystina (Boddaert, 1783)",2476373,-19.935396,-40.599546,31.0,SOUTH_AMERICA,Espírito Santo,2023,10,,2023-10-05T15:55,False,Nil Rodrigues,iNaturalist,http://creativecommons.org/licenses/by-nc/4.0/,Nil Rodrigues,https://inaturalist-open-data.s3.amazonaws.com/photos/328715512/original.jpeg,k-brazil,2024-10-26 05:40:56
original_4430734561_1.png,2925303,Lantana camara,30.869000000000003,"Calliphlox amethystina (Boddaert, 1783)",2476373,-20.365223,-40.340284,47.0,SOUTH_AMERICA,Espírito Santo,2023,10,,2023-10-21T16:14,False,izanildo,iNaturalist,http://creativecommons.org/licenses/by-nc/4.0/,izanildo,https://inaturalist-open-data.s3.amazonaws.com/photos/329763612/original.png; https://inaturalist-open-data.s3.amazonaws.com/photos/329763868/original.png,k-brazil,2024-10-26 05:40:58
original_4430734561_2.png,2925303,Lantana camara,34.339999999999996,"Calliphlox amethystina (Boddaert, 1783)",2476373,-20.365223,-40.340284,47.0,SOUTH_AMERICA,Espírito Santo,2023,10,,2023-10-21T16:14,False,izanildo,iNaturalist,http://creativecommons.org/licenses/by-nc/4.0/,izanildo,https://inaturalist-open-data.s3.amazonaws.com/photos/329763612/original.png; https://inaturalist-open-data.s3.amazonaws.com/photos/329763868/original.png,k-brazil,2024-10-26 05:41:01
original_4436239478_1.jpg,2904021,Calycophyllum multiflorum,2.044,"Calliphlox amethystina (Boddaert, 1783)",2476373,-14.127367,-47.508931,31.0,SOUTH_AMERICA,Goiás,2022,8,,2022-08-25T16:51,False,Francisco V. Bezerra Neto,iNaturalist,http://creativecommons.org/licenses/by-nc/4.0/,Francisco V. Bezerra Neto,https://inaturalist-open-data.s3.amazonaws.com/photos/330630970/original.jpg,k-brazil,2024-10-26 05:41:03
original_4436282978_1.jpg,2925303,Lantana camara,70.41199999999999,"Calliphlox amethystina (Boddaert, 1783)",2476373,-20.265846,-40.263907,8.0,SOUTH_AMERICA,Espírito Santo,2023,10,,2023-10-24T07:59,False,Robison Araújo Silva,iNaturalist,http://creativecommons.org/licenses/by-nc/4.0/,Robison Araújo Silva,https://inaturalist-open-data.s3.amazonaws.com/photos/330898206/original.jpg; https://inaturalist-open-data.s3.amazonaws.com/photos/330898528/original.jpg; https://inaturalist-open-data.s3.amazonaws.com/photos/330898602/original.jpg; https://inaturalist-open-data.s3.amazonaws.com/photos/330898665/original.jpg,k-brazil,2024-10-26 05:41:06
original_4436282978_2.jpg,2925303,Lantana camara,71.28999999999999,"Calliphlox amethystina (Boddaert, 1783)",2476373,-20.265846,-40.263907,8.0,SOUTH_AMERICA,Espírito Santo,2023,10,,2023-10-24T07:59,False,Robison Araújo Silva,iNaturalist,http://creativecommons.org/licenses/by-nc/4.0/,Robison Araújo Silva,https://inaturalist-open-data.s3.amazonaws.com/photos/330898206/original.jpg; https://inaturalist-open-data.s3.amazonaws.com/photos/330898528/original.jpg; https://inaturalist-open-data.s3.amazonaws.com/photos/330898602/original.jpg; https://inaturalist-open-data.s3.amazonaws.com/photos/330898665/original.jpg,k-brazil,2024-10-26 05:41:08
original_4436282978_3.jpg,2928441,Calystegia sepium,2.5909999999999997,"Calliphlox amethystina (Boddaert, 1783)",2476373,-20.265846,-40.263907,8.0,SOUTH_AMERICA,Espírito Santo,2023,10,,2023-10-24T07:59,False,Robison Araújo Silva,iNaturalist,http://creativecommons.org/licenses/by-nc/4.0/,Robison Araújo Silva,https://inaturalist-open-data.s3.amazonaws.com/photos/330898206/original.jpg; https://inaturalist-open-data.s3.amazonaws.com/photos/330898528/original.jpg; https://inaturalist-open-data.s3.amazonaws.com/photos/330898602/original.jpg; https://inaturalist-open-data.s3.amazonaws.com/photos/330898665/original.jpg,k-brazil,2024-10-26 05:41:10
original_4436282978_4.jpg,2925303,Lantana camara,33.424,"Calliphlox amethystina (Boddaert, 1783)",2476373,-20.265846,-40.263907,8.0,SOUTH_AMERICA,Espírito Santo,2023,10,,2023-10-24T07:59,False,Robison Araújo Silva,iNaturalist,http://creativecommons.org/licenses/by-nc/4.0/,Robison Araújo Silva,https://inaturalist-open-data.s3.amazonaws.com/photos/330898206/original.jpg; https://inaturalist-open-data.s3.amazonaws.com/photos/330898528/original.jpg; https://inaturalist-open-data.s3.amazonaws.com/photos/330898602/original.jpg; https://inaturalist-open-data.s3.amazonaws.com/photos/330898665/original.jpg,k-brazil,2024-10-26 05:41:11
original_4436287517_1.jpeg,3587076,Passiflora miniata,1.772,"Calliphlox amethystina (Boddaert, 1783)",2476373,-23.776986,-46.299741,1.0,SOUTH_AMERICA,São Paulo,2023,9,,2023-09-23T12:38,False,miguelmagro,iNaturalist,http://creativecommons.org/licenses/by-nc/4.0/,miguelmagro,https://inaturalist-open-data.s3.amazonaws.com/photos/331050400/original.jpeg,k-brazil,2024-10-26 05:41:14
original_4438697727_1.jpg,5289756,Phalaris arundinacea,1.1560000000000001,"Calliphlox amethystina (Boddaert, 1783)",2476373,-20.265923,-40.264896,8.0,SOUTH_AMERICA,Espírito Santo,2023,10,,2023-10-25T07:35,False,Robison Araújo Silva,iNaturalist,http://creativecommons.org/licenses/by-nc/4.0/,Robison Araújo Silva,https://inaturalist-open-data.s3.amazonaws.com/photos/332313286/original.jpg; https://inaturalist-open-data.s3.amazonaws.com/photos/332313574/original.jpg; https://inaturalist-open-data.s3.amazonaws.com/photos/332313584/original.jpg,k-brazil,2024-10-26 05:41:16
original_4438697727_2.jpg,2817018,Octomeria grandiflora,1.398,"Calliphlox amethystina (Boddaert, 1783)",2476373,-20.265923,-40.264896,8.0,SOUTH_AMERICA,Espírito Santo,2023,10,,2023-10-25T07:35,False,Robison Araújo Silva,iNaturalist,http://creativecommons.org/licenses/by-nc/4.0/,Robison Araújo Silva,https://inaturalist-open-data.s3.amazonaws.com/photos/332313286/original.jpg; https://inaturalist-open-data.s3.amazonaws.com/photos/332313574/original.jpg; https://inaturalist-open-data.s3.amazonaws.com/photos/332313584/original.jpg,k-brazil,2024-10-26 05:41:17
original_4438697727_3.jpg,5405436,Stifftia chrysantha,0.9990000000000001,"Calliphlox amethystina (Boddaert, 1783)",2476373,-20.265923,-40.264896,8.0,SOUTH_AMERICA,Espírito Santo,2023,10,,2023-10-25T07:35,False,Robison Araújo Silva,iNaturalist,http://creativecommons.org/licenses/by-nc/4.0/,Robison Araújo Silva,https://inaturalist-open-data.s3.amazonaws.com/photos/332313286/original.jpg; https://inaturalist-open-data.s3.amazonaws.com/photos/332313574/original.jpg; https://inaturalist-open-data.s3.amazonaws.com/photos/332313584/original.jpg,k-brazil,2024-10-26 05:41:19
original_4438700808_1.jpg,2925303,Lantana camara,28.904000000000003,"Calliphlox amethystina (Boddaert, 1783)",2476373,-20.265504,-40.262693,15.0,SOUTH_AMERICA,Espírito Santo,2023,10,,2023-10-25T08:15,False,Robison Araújo Silva,iNaturalist,http://creativecommons.org/licenses/by-nc/4.0/,Robison Araújo Silva,https://inaturalist-open-data.s3.amazonaws.com/photos/332313864/original.jpg; https://inaturalist-open-data.s3.amazonaws.com/photos/332314603/original.jpg; https://inaturalist-open-data.s3.amazonaws.com/photos/332342344/original.jpg; https://inaturalist-open-data.s3.amazonaws.com/photos/332342357/original.jpg; https://inaturalist-open-data.s3.amazonaws.com/photos/332342372/original.jpg; https://inaturalist-open-data.s3.amazonaws.com/photos/332342381/original.jpg; https://inaturalist-open-data.s3.amazonaws.com/photos/332342387/original.jpg,k-brazil,2024-10-26 05:41:21
original_4438700808_2.jpg,2925303,Lantana camara,83.466,"Calliphlox amethystina (Boddaert, 1783)",2476373,-20.265504,-40.262693,15.0,SOUTH_AMERICA,Espírito Santo,2023,10,,2023-10-25T08:15,False,Robison Araújo Silva,iNaturalist,http://creativecommons.org/licenses/by-nc/4.0/,Robison Araújo Silva,https://inaturalist-open-data.s3.amazonaws.com/photos/332313864/original.jpg; https://inaturalist-open-data.s3.amazonaws.com/photos/332314603/original.jpg; https://inaturalist-open-data.s3.amazonaws.com/photos/332342344/original.jpg; https://inaturalist-open-data.s3.amazonaws.com/photos/332342357/original.jpg; https://inaturalist-open-data.s3.amazonaws.com/photos/332342372/original.jpg; https://inaturalist-open-data.s3.amazonaws.com/photos/332342381/original.jpg; https://inaturalist-open-data.s3.amazonaws.com/photos/332342387/original.jpg,k-brazil,2024-10-26 05:41:23
original_4438700808_3.jpg,2925303,Lantana camara,42.918,"Calliphlox amethystina (Boddaert, 1783)",2476373,-20.265504,-40.262693,15.0,SOUTH_AMERICA,Espírito Santo,2023,10,,2023-10-25T08:15,False,Robison Araújo Silva,iNaturalist,http://creativecommons.org/licenses/by-nc/4.0/,Robison Araújo Silva,https://inaturalist-open-data.s3.amazonaws.com/photos/332313864/original.jpg; https://inaturalist-open-data.s3.amazonaws.com/photos/332314603/original.jpg; https://inaturalist-open-data.s3.amazonaws.com/photos/332342344/original.jpg; https://inaturalist-open-data.s3.amazonaws.com/photos/332342357/original.jpg; https://inaturalist-open-data.s3.amazonaws.com/photos/332342372/original.jpg; https://inaturalist-open-data.s3.amazonaws.com/photos/332342381/original.jpg; https://inaturalist-open-data.s3.amazonaws.com/photos/332342387/original.jpg,k-brazil,2024-10-26 05:41:25
original_4438700808_4.jpg,2925303,Lantana camara,55.849000000000004,"Calliphlox amethystina (Boddaert, 1783)",2476373,-20.265504,-40.262693,15.0,SOUTH_AMERICA,Espírito Santo,2023,10,,2023-10-25T08:15,False,Robison Araújo Silva,iNaturalist,http://creativecommons.org/licenses/by-nc/4.0/,Robison Araújo Silva,https://inaturalist-open-data.s3.amazonaws.com/photos/332313864/original.jpg; https://inaturalist-open-data.s3.amazonaws.com/photos/332314603/original.jpg; https://inaturalist-open-data.s3.amazonaws.com/photos/332342344/original.jpg; https://inaturalist-open-data.s3.amazonaws.com/photos/332342357/original.jpg; https://inaturalist-open-data.s3.amazonaws.com/photos/332342372/original.jpg; https://inaturalist-open-data.s3.amazonaws.com/photos/332342381/original.jpg; https://inaturalist-open-data.s3.amazonaws.com/photos/332342387/original.jpg,k-brazil,2024-10-26 05:41:27
original_4438700808_5.jpg,2925303,Lantana camara,74.124,"Calliphlox amethystina (Boddaert, 1783)",2476373,-20.265504,-40.262693,15.0,SOUTH_AMERICA,Espírito Santo,2023,10,,2023-10-25T08:15,False,Robison Araújo Silva,iNaturalist,http://creativecommons.org/licenses/by-nc/4.0/,Robison Araújo Silva,https://inaturalist-open-data.s3.amazonaws.com/photos/332313864/original.jpg; https://inaturalist-open-data.s3.amazonaws.com/photos/332314603/original.jpg; https://inaturalist-open-data.s3.amazonaws.com/photos/332342344/original.jpg; https://inaturalist-open-data.s3.amazonaws.com/photos/332342357/original.jpg; https://inaturalist-open-data.s3.amazonaws.com/photos/332342372/original.jpg; https://inaturalist-open-data.s3.amazonaws.com/photos/332342381/original.jpg; https://inaturalist-open-data.s3.amazonaws.com/photos/332342387/original.jpg,k-brazil,2024-10-26 05:41:29
original_4438700808_6.jpg,2925303,Lantana camara,26.194,"Calliphlox amethystina (Boddaert, 1783)",2476373,-20.265504,-40.262693,15.0,SOUTH_AMERICA,Espírito Santo,2023,10,,2023-10-25T08:15,False,Robison Araújo Silva,iNaturalist,http://creativecommons.org/licenses/by-nc/4.0/,Robison Araújo Silva,https://inaturalist-open-data.s3.amazonaws.com/photos/332313864/original.jpg; https://inaturalist-open-data.s3.amazonaws.com/photos/332314603/original.jpg; https://inaturalist-open-data.s3.amazonaws.com/photos/332342344/original.jpg; https://inaturalist-open-data.s3.amazonaws.com/photos/332342357/original.jpg; https://inaturalist-open-data.s3.amazonaws.com/photos/332342372/original.jpg; https://inaturalist-open-data.s3.amazonaws.com/photos/332342381/original.jpg; https://inaturalist-open-data.s3.amazonaws.com/photos/332342387/original.jpg,k-brazil,2024-10-26 05:41:31
original_4438700808_7.jpg,2925303,Lantana camara,67.589,"Calliphlox amethystina (Boddaert, 1783)",2476373,-20.265504,-40.262693,15.0,SOUTH_AMERICA,Espírito Santo,2023,10,,2023-10-25T08:15,False,Robison Araújo Silva,iNaturalist,http://creativecommons.org/licenses/by-nc/4.0/,Robison Araújo Silva,https://inaturalist-open-data.s3.amazonaws.com/photos/332313864/original.jpg; https://inaturalist-open-data.s3.amazonaws.com/photos/332314603/original.jpg; https://inaturalist-open-data.s3.amazonaws.com/photos/332342344/original.jpg; https://inaturalist-open-data.s3.amazonaws.com/photos/332342357/original.jpg; https://inaturalist-open-data.s3.amazonaws.com/photos/332342372/original.jpg; https://inaturalist-open-data.s3.amazonaws.com/photos/332342381/original.jpg; https://inaturalist-open-data.s3.amazonaws.com/photos/332342387/original.jpg,k-brazil,2024-10-26 05:41:33
original_4438709598_2.jpg,4092242,Handroanthus impetiginosus,2.0709999999999997,"Calliphlox amethystina (Boddaert, 1783)",2476373,-20.266338,-40.265546,8.0,SOUTH_AMERICA,Espírito Santo,2023,10,,2023-10-25T09:18,False,Robison Araújo Silva,iNaturalist,http://creativecommons.org/licenses/by-nc/4.0/,Robison Araújo Silva,https://inaturalist-open-data.s3.amazonaws.com/photos/332346601/original.jpg; https://inaturalist-open-data.s3.amazonaws.com/photos/332346858/original.jpg; https://inaturalist-open-data.s3.amazonaws.com/photos/332346877/original.jpg,k-brazil,2024-10-26 05:41:38
original_4438709598_3.jpg,2925462,Stachytarpheta mutabilis,6.908,"Calliphlox amethystina (Boddaert, 1783)",2476373,-20.266338,-40.265546,8.0,SOUTH_AMERICA,Espírito Santo,2023,10,,2023-10-25T09:18,False,Robison Araújo Silva,iNaturalist,http://creativecommons.org/licenses/by-nc/4.0/,Robison Araújo Silva,https://inaturalist-open-data.s3.amazonaws.com/photos/332346601/original.jpg; https://inaturalist-open-data.s3.amazonaws.com/photos/332346858/original.jpg; https://inaturalist-open-data.s3.amazonaws.com/photos/332346877/original.jpg,k-brazil,2024-10-26 05:41:39
original_4438719371_1.jpg,3587007,Passiflora phellos,0.7000000000000001,"Calliphlox amethystina (Boddaert, 1783)",2476373,-20.266344,-40.26567,15.0,SOUTH_AMERICA,Espírito Santo,2023,10,,2023-10-25T09:15,False,Robison Araújo Silva,iNaturalist,http://creativecommons.org/licenses/by-nc/4.0/,Robison Araújo Silva,https://inaturalist-open-data.s3.amazonaws.com/photos/332343850/original.jpg; https://inaturalist-open-data.s3.amazonaws.com/photos/332344075/original.jpg; https://inaturalist-open-data.s3.amazonaws.com/photos/332344106/original.jpg,k-brazil,2024-10-26 05:41:42
original_4438719371_2.jpg,5579703,Prionostemma aspera,5.238,"Calliphlox amethystina (Boddaert, 1783)",2476373,-20.266344,-40.26567,15.0,SOUTH_AMERICA,Espírito Santo,2023,10,,2023-10-25T09:15,False,Robison Araújo Silva,iNaturalist,http://creativecommons.org/licenses/by-nc/4.0/,Robison Araújo Silva,https://inaturalist-open-data.s3.amazonaws.com/photos/332343850/original.jpg; https://inaturalist-open-data.s3.amazonaws.com/photos/332344075/original.jpg; https://inaturalist-open-data.s3.amazonaws.com/photos/332344106/original.jpg,k-brazil,2024-10-26 05:41:44
original_4438796389_1.png,2925303,Lantana camara,21.816,"Calliphlox amethystina (Boddaert, 1783)",2476373,-20.365223,-40.340284,205.0,SOUTH_AMERICA,Espírito Santo,2023,11,,2023-11-02T19:47,False,izanildo,iNaturalist,http://creativecommons.org/licenses/by-nc/4.0/,izanildo,https://inaturalist-open-data.s3.amazonaws.com/photos/332586702/original.png; https://inaturalist-open-data.s3.amazonaws.com/photos/332586943/original.png; https://inaturalist-open-data.s3.amazonaws.com/photos/332587458/original.png,k-brazil,2024-10-26 05:41:49
original_4438796389_2.png,4060951,Varronia curassavica,27.983000000000004,"Calliphlox amethystina (Boddaert, 1783)",2476373,-20.365223,-40.340284,205.0,SOUTH_AMERICA,Espírito Santo,2023,11,,2023-11-02T19:47,False,izanildo,iNaturalist,http://creativecommons.org/licenses/by-nc/4.0/,izanildo,https://inaturalist-open-data.s3.amazonaws.com/photos/332586702/original.png; https://inaturalist-open-data.s3.amazonaws.com/photos/332586943/original.png; https://inaturalist-open-data.s3.amazonaws.com/photos/332587458/original.png,k-brazil,2024-10-26 05:41:52
original_4438796389_3.png,2976206,Entada polystachya,2.0820000000000003,"Calliphlox amethystina (Boddaert, 1783)",2476373,-20.365223,-40.340284,205.0,SOUTH_AMERICA,Espírito Santo,2023,11,,2023-11-02T19:47,False,izanildo,iNaturalist,http://creativecommons.org/licenses/by-nc/4.0/,izanildo,https://inaturalist-open-data.s3.amazonaws.com/photos/332586702/original.png; https://inaturalist-open-data.s3.amazonaws.com/photos/332586943/original.png; https://inaturalist-open-data.s3.amazonaws.com/photos/332587458/original.png,k-brazil,2024-10-26 05:41:54
original_4438813489_1.jpeg,2925303,Lantana camara,35.414,"Calliphlox amethystina (Boddaert, 1783)",2476373,-20.365195,-40.340253,688.0,SOUTH_AMERICA,Espírito Santo,2023,11,,2023-11-04T09:31,False,Flávio Mendes,iNaturalist,http://creativecommons.org/licenses/by-nc/4.0/,Flávio Mendes,https://inaturalist-open-data.s3.amazonaws.com/photos/332941205/original.jpeg,k-brazil,2024-10-26 05:41:58
original_4438923640_1.jpg,5289756,Phalaris arundinacea,0.502,"Calliphlox amethystina (Boddaert, 1783)",2476373,-20.259219,-40.265453,2186.0,SOUTH_AMERICA,Espírito Santo,2023,10,,2023-10-25T07:41,False,Robison Araújo Silva,iNaturalist,http://creativecommons.org/licenses/by-nc/4.0/,Robison Araújo Silva,https://inaturalist-open-data.s3.amazonaws.com/photos/332243795/original.jpg,k-brazil,2024-10-26 05:42:00
original_4438963278_2.jpg,5668491,Zeyheria montana,1.09,"Calliphlox amethystina (Boddaert, 1783)",2476373,-20.266242,-40.265555,,SOUTH_AMERICA,Espírito Santo,2023,10,,2023-10-29T10:14,False,Robison Araújo Silva,iNaturalist,http://creativecommons.org/licenses/by-nc/4.0/,Robison Araújo Silva,https://inaturalist-open-data.s3.amazonaws.com/photos/333559153/original.jpg; https://inaturalist-open-data.s3.amazonaws.com/photos/333559170/original.jpg; https://inaturalist-open-data.s3.amazonaws.com/photos/333559193/original.jpg; https://inaturalist-open-data.s3.amazonaws.com/photos/333559206/original.jpg; https://inaturalist-open-data.s3.amazonaws.com/photos/333559222/original.jpg,k-brazil,2024-10-26 05:42:04
original_4438963278_4.jpg,3054196,Cleome rutidosperma,1.2850000000000001,"Calliphlox amethystina (Boddaert, 1783)",2476373,-20.266242,-40.265555,,SOUTH_AMERICA,Espírito Santo,2023,10,,2023-10-29T10:14,False,Robison Araújo Silva,iNaturalist,http://creativecommons.org/licenses/by-nc/4.0/,Robison Araújo Silva,https://inaturalist-open-data.s3.amazonaws.com/photos/333559153/original.jpg; https://inaturalist-open-data.s3.amazonaws.com/photos/333559170/original.jpg; https://inaturalist-open-data.s3.amazonaws.com/photos/333559193/original.jpg; https://inaturalist-open-data.s3.amazonaws.com/photos/333559206/original.jpg; https://inaturalist-open-data.s3.amazonaws.com/photos/333559222/original.jpg,k-brazil,2024-10-26 05:42:08
original_4438963278_5.jpg,2925303,Lantana camara,8.780000000000001,"Calliphlox amethystina (Boddaert, 1783)",2476373,-20.266242,-40.265555,,SOUTH_AMERICA,Espírito Santo,2023,10,,2023-10-29T10:14,False,Robison Araújo Silva,iNaturalist,http://creativecommons.org/licenses/by-nc/4.0/,Robison Araújo Silva,https://inaturalist-open-data.s3.amazonaws.com/photos/333559153/original.jpg; https://inaturalist-open-data.s3.amazonaws.com/photos/333559170/original.jpg; https://inaturalist-open-data.s3.amazonaws.com/photos/333559193/original.jpg; https://inaturalist-open-data.s3.amazonaws.com/photos/333559206/original.jpg; https://inaturalist-open-data.s3.amazonaws.com/photos/333559222/original.jpg,k-brazil,2024-10-26 05:42:10
original_4453684423_1.jpg,2925462,Stachytarpheta mutabilis,8.373,"Calliphlox amethystina (Boddaert, 1783)",2476373,-0.725225,-77.76883,,SOUTH_AMERICA,Napo,2021,3,,2021-03-22T02:53,False,Andrés León-Reyes,iNaturalist,http://creativecommons.org/licenses/by-nc/4.0/,Andrés León-Reyes,https://inaturalist-open-data.s3.amazonaws.com/photos/116989090/original.jpg,k-western-south-america,2024-10-26 05:42:25
original_4458712760_1.jpeg,2762971,Musa velutina,0.5519999999999999,"Calliphlox amethystina (Boddaert, 1783)",2476373,-23.656759,-46.883184,204.0,SOUTH_AMERICA,São Paulo,2023,12,,2023-12-02T16:55:56,False,Cajá-manga,iNaturalist,http://creativecommons.org/licenses/by/4.0/,Cajá-manga,https://inaturalist-open-data.s3.amazonaws.com/photos/338676395/original.jpeg; https://inaturalist-open-data.s3.amazonaws.com/photos/338676408/original.jpeg; https://inaturalist-open-data.s3.amazonaws.com/photos/338676419/original.jpeg; https://inaturalist-open-data.s3.amazonaws.com/photos/338676435/original.jpeg; https://inaturalist-open-data.s3.amazonaws.com/photos/338676446/original.jpeg; https://inaturalist-open-data.s3.amazonaws.com/photos/338676458/original.jpeg; https://inaturalist-open-data.s3.amazonaws.com/photos/338676472/original.jpeg,k-brazil,2024-10-26 05:42:39
original_4458712760_3.jpeg,2874181,Passiflora alata,0.544,"Calliphlox amethystina (Boddaert, 1783)",2476373,-23.656759,-46.883184,204.0,SOUTH_AMERICA,São Paulo,2023,12,,2023-12-02T16:55:56,False,Cajá-manga,iNaturalist,http://creativecommons.org/licenses/by/4.0/,Cajá-manga,https://inaturalist-open-data.s3.amazonaws.com/photos/338676395/original.jpeg; https://inaturalist-open-data.s3.amazonaws.com/photos/338676408/original.jpeg; https://inaturalist-open-data.s3.amazonaws.com/photos/338676419/original.jpeg; https://inaturalist-open-data.s3.amazonaws.com/photos/338676435/original.jpeg; https://inaturalist-open-data.s3.amazonaws.com/photos/338676446/original.jpeg; https://inaturalist-open-data.s3.amazonaws.com/photos/338676458/original.jpeg; https://inaturalist-open-data.s3.amazonaws.com/photos/338676472/original.jpeg,k-brazil,2024-10-26 05:42:41
original_4458712760_4.jpeg,3866649,Bellucia grossularioides,0.7000000000000001,"Calliphlox amethystina (Boddaert, 1783)",2476373,-23.656759,-46.883184,204.0,SOUTH_AMERICA,São Paulo,2023,12,,2023-12-02T16:55:56,False,Cajá-manga,iNaturalist,http://creativecommons.org/licenses/by/4.0/,Cajá-manga,https://inaturalist-open-data.s3.amazonaws.com/photos/338676395/original.jpeg; https://inaturalist-open-data.s3.amazonaws.com/photos/338676408/original.jpeg; https://inaturalist-open-data.s3.amazonaws.com/photos/338676419/original.jpeg; https://inaturalist-open-data.s3.amazonaws.com/photos/338676435/original.jpeg; https://inaturalist-open-data.s3.amazonaws.com/photos/338676446/original.jpeg; https://inaturalist-open-data.s3.amazonaws.com/photos/338676458/original.jpeg; https://inaturalist-open-data.s3.amazonaws.com/photos/338676472/original.jpeg,k-brazil,2024-10-26 05:42:43
original_4458712760_5.jpeg,3588304,Passiflora princeps,0.979,"Calliphlox amethystina (Boddaert, 1783)",2476373,-23.656759,-46.883184,204.0,SOUTH_AMERICA,São Paulo,2023,12,,2023-12-02T16:55:56,False,Cajá-manga,iNaturalist,http://creativecommons.org/licenses/by/4.0/,Cajá-manga,https://inaturalist-open-data.s3.amazonaws.com/photos/338676395/original.jpeg; https://inaturalist-open-data.s3.amazonaws.com/photos/338676408/original.jpeg; https://inaturalist-open-data.s3.amazonaws.com/photos/338676419/original.jpeg; https://inaturalist-open-data.s3.amazonaws.com/photos/338676435/original.jpeg; https://inaturalist-open-data.s3.amazonaws.com/photos/338676446/original.jpeg; https://inaturalist-open-data.s3.amazonaws.com/photos/338676458/original.jpeg; https://inaturalist-open-data.s3.amazonaws.com/photos/338676472/original.jpeg,k-brazil,2024-10-26 05:42:45
original_4458712760_6.jpeg,5319715,Epidendrum rigidum,0.498,"Calliphlox amethystina (Boddaert, 1783)",2476373,-23.656759,-46.883184,204.0,SOUTH_AMERICA,São Paulo,2023,12,,2023-12-02T16:55:56,False,Cajá-manga,iNaturalist,http://creativecommons.org/licenses/by/4.0/,Cajá-manga,https://inaturalist-open-data.s3.amazonaws.com/photos/338676395/original.jpeg; https://inaturalist-open-data.s3.amazonaws.com/photos/338676408/original.jpeg; https://inaturalist-open-data.s3.amazonaws.com/photos/338676419/original.jpeg; https://inaturalist-open-data.s3.amazonaws.com/photos/338676435/original.jpeg; https://inaturalist-open-data.s3.amazonaws.com/photos/338676446/original.jpeg; https://inaturalist-open-data.s3.amazonaws.com/photos/338676458/original.jpeg; https://inaturalist-open-data.s3.amazonaws.com/photos/338676472/original.jpeg,k-brazil,2024-10-26 05:42:47
original_4458712760_7.jpeg,2874181,Passiflora alata,1.543,"Calliphlox amethystina (Boddaert, 1783)",2476373,-23.656759,-46.883184,204.0,SOUTH_AMERICA,São Paulo,2023,12,,2023-12-02T16:55:56,False,Cajá-manga,iNaturalist,http://creativecommons.org/licenses/by/4.0/,Cajá-manga,https://inaturalist-open-data.s3.amazonaws.com/photos/338676395/original.jpeg; https://inaturalist-open-data.s3.amazonaws.com/photos/338676408/original.jpeg; https://inaturalist-open-data.s3.amazonaws.com/photos/338676419/original.jpeg; https://inaturalist-open-data.s3.amazonaws.com/photos/338676435/original.jpeg; https://inaturalist-open-data.s3.amazonaws.com/photos/338676446/original.jpeg; https://inaturalist-open-data.s3.amazonaws.com/photos/338676458/original.jpeg; https://inaturalist-open-data.s3.amazonaws.com/photos/338676472/original.jpeg,k-brazil,2024-10-26 05:42:49
original_4458723850_1.jpg,2925303,Lantana camara,47.93,"Calliphlox amethystina (Boddaert, 1783)",2476373,-20.673375,-41.010478,205.0,SOUTH_AMERICA,Espírito Santo,2023,11,,2023-11-25T07:42,False,Robison Araújo Silva,iNaturalist,http://creativecommons.org/licenses/by-nc/4.0/,Robison Araújo Silva,https://inaturalist-open-data.s3.amazonaws.com/photos/338733241/original.jpg,k-brazil,2024-10-26 05:42:51
original_4500519109_1.jpeg,4092146,Handroanthus ochraceus,4.2860000000000005,"Calliphlox amethystina (Boddaert, 1783)",2476373,-15.774092,-48.82216,244.0,SOUTH_AMERICA,Goiás,2023,7,,2023-07-01T10:56,False,Machadoc,iNaturalist,http://creativecommons.org/publicdomain/zero/1.0/,Machadoc,https://inaturalist-open-data.s3.amazonaws.com/photos/340756868/original.jpeg; https://inaturalist-open-data.s3.amazonaws.com/photos/340757059/original.jpeg,k-brazil,2024-10-26 05:42:55
original_4500519109_2.jpeg,4092405,Handroanthus chrysotrichus,8.376,"Calliphlox amethystina (Boddaert, 1783)",2476373,-15.774092,-48.82216,244.0,SOUTH_AMERICA,Goiás,2023,7,,2023-07-01T10:56,False,Machadoc,iNaturalist,http://creativecommons.org/publicdomain/zero/1.0/,Machadoc,https://inaturalist-open-data.s3.amazonaws.com/photos/340756868/original.jpeg; https://inaturalist-open-data.s3.amazonaws.com/photos/340757059/original.jpeg,k-brazil,2024-10-26 05:42:58
original_4500552079_1.jpeg,7297656,Lippia lacunosa,8.959999999999999,"Calliphlox amethystina (Boddaert, 1783)",2476373,-15.77178,-48.821645,244.0,SOUTH_AMERICA,Goiás,2023,7,,2023-07-01T10:50,False,Machadoc,iNaturalist,http://creativecommons.org/publicdomain/zero/1.0/,Machadoc,https://inaturalist-open-data.s3.amazonaws.com/photos/340757109/original.jpeg; https://inaturalist-open-data.s3.amazonaws.com/photos/340757318/original.jpeg; https://inaturalist-open-data.s3.amazonaws.com/photos/340757339/original.jpeg,k-brazil,2024-10-26 05:43:00
original_4500552079_2.jpeg,7297656,Lippia lacunosa,33.693,"Calliphlox amethystina (Boddaert, 1783)",2476373,-15.77178,-48.821645,244.0,SOUTH_AMERICA,Goiás,2023,7,,2023-07-01T10:50,False,Machadoc,iNaturalist,http://creativecommons.org/publicdomain/zero/1.0/,Machadoc,https://inaturalist-open-data.s3.amazonaws.com/photos/340757109/original.jpeg; https://inaturalist-open-data.s3.amazonaws.com/photos/340757318/original.jpeg; https://inaturalist-open-data.s3.amazonaws.com/photos/340757339/original.jpeg,k-brazil,2024-10-26 05:43:02
original_4500552079_3.jpeg,7297656,Lippia lacunosa,43.893,"Calliphlox amethystina (Boddaert, 1783)",2476373,-15.77178,-48.821645,244.0,SOUTH_AMERICA,Goiás,2023,7,,2023-07-01T10:50,False,Machadoc,iNaturalist,http://creativecommons.org/publicdomain/zero/1.0/,Machadoc,https://inaturalist-open-data.s3.amazonaws.com/photos/340757109/original.jpeg; https://inaturalist-open-data.s3.amazonaws.com/photos/340757318/original.jpeg; https://inaturalist-open-data.s3.amazonaws.com/photos/340757339/original.jpeg,k-brazil,2024-10-26 05:43:04
original_4500768936_1.jpeg,2925303,Lantana camara,61.49400000000001,"Calliphlox amethystina (Boddaert, 1783)",2476373,-15.773179,-47.921202,269.0,SOUTH_AMERICA,Distrito Federal,2023,12,,2023-12-13T08:23,False,abelardomendesjr,iNaturalist,http://creativecommons.org/licenses/by-nc/4.0/,abelardomendesjr,https://inaturalist-open-data.s3.amazonaws.com/photos/340664569/original.jpeg,k-brazil,2024-10-26 05:43:06
original_4506303859_1.jpg,7296187,Pseudobombax grandiflorum,16.509,"Calliphlox amethystina (Boddaert, 1783)",2476373,-23.042268,-44.933901,30217.0,SOUTH_AMERICA,São Paulo,2023,12,,2023-12-21T07:15:22,False,Mariana Amado Costa,iNaturalist,http://creativecommons.org/licenses/by-nc/4.0/,Mariana Amado Costa,https://inaturalist-open-data.s3.amazonaws.com/photos/341965924/original.jpg; https://inaturalist-open-data.s3.amazonaws.com/photos/341965976/original.jpg,k-brazil,2024-10-26 05:43:08
original_4506303859_2.jpg,7981652,Rhabdadenia biflora,1.022,"Calliphlox amethystina (Boddaert, 1783)",2476373,-23.042268,-44.933901,30217.0,SOUTH_AMERICA,São Paulo,2023,12,,2023-12-21T07:15:22,False,Mariana Amado Costa,iNaturalist,http://creativecommons.org/licenses/by-nc/4.0/,Mariana Amado Costa,https://inaturalist-open-data.s3.amazonaws.com/photos/341965924/original.jpg; https://inaturalist-open-data.s3.amazonaws.com/photos/341965976/original.jpg,k-brazil,2024-10-26 05:43:11
original_4506321979_1.jpg,5357680,Inga vera,48.841,"Calliphlox amethystina (Boddaert, 1783)",2476373,-15.904479,-46.102327,15.0,SOUTH_AMERICA,Minas Gerais,2023,12,,2023-12-25T08:05,False,Francisco V. Bezerra Neto,iNaturalist,http://creativecommons.org/licenses/by-nc/4.0/,Francisco V. Bezerra Neto,https://inaturalist-open-data.s3.amazonaws.com/photos/342692260/original.jpg; https://inaturalist-open-data.s3.amazonaws.com/photos/342692322/original.jpg; https://inaturalist-open-data.s3.amazonaws.com/photos/342692388/original.jpg; https://inaturalist-open-data.s3.amazonaws.com/photos/342692394/original.jpg; https://inaturalist-open-data.s3.amazonaws.com/photos/342692422/original.jpg; https://inaturalist-open-data.s3.amazonaws.com/photos/342692660/original.jpg,k-brazil,2024-10-26 05:43:14
original_4506321979_2.jpg,5357677,Inga edulis,12.518,"Calliphlox amethystina (Boddaert, 1783)",2476373,-15.904479,-46.102327,15.0,SOUTH_AMERICA,Minas Gerais,2023,12,,2023-12-25T08:05,False,Francisco V. Bezerra Neto,iNaturalist,http://creativecommons.org/licenses/by-nc/4.0/,Francisco V. Bezerra Neto,https://inaturalist-open-data.s3.amazonaws.com/photos/342692260/original.jpg; https://inaturalist-open-data.s3.amazonaws.com/photos/342692322/original.jpg; https://inaturalist-open-data.s3.amazonaws.com/photos/342692388/original.jpg; https://inaturalist-open-data.s3.amazonaws.com/photos/342692394/original.jpg; https://inaturalist-open-data.s3.amazonaws.com/photos/342692422/original.jpg; https://inaturalist-open-data.s3.amazonaws.com/photos/342692660/original.jpg,k-brazil,2024-10-26 05:43:16
original_4506321979_3.jpg,5357677,Inga edulis,13.219,"Calliphlox amethystina (Boddaert, 1783)",2476373,-15.904479,-46.102327,15.0,SOUTH_AMERICA,Minas Gerais,2023,12,,2023-12-25T08:05,False,Francisco V. Bezerra Neto,iNaturalist,http://creativecommons.org/licenses/by-nc/4.0/,Francisco V. Bezerra Neto,https://inaturalist-open-data.s3.amazonaws.com/photos/342692260/original.jpg; https://inaturalist-open-data.s3.amazonaws.com/photos/342692322/original.jpg; https://inaturalist-open-data.s3.amazonaws.com/photos/342692388/original.jpg; https://inaturalist-open-data.s3.amazonaws.com/photos/342692394/original.jpg; https://inaturalist-open-data.s3.amazonaws.com/photos/342692422/original.jpg; https://inaturalist-open-data.s3.amazonaws.com/photos/342692660/original.jpg,k-brazil,2024-10-26 05:43:18
original_4506321979_4.jpg,5357677,Inga edulis,34.477999999999994,"Calliphlox amethystina (Boddaert, 1783)",2476373,-15.904479,-46.102327,15.0,SOUTH_AMERICA,Minas Gerais,2023,12,,2023-12-25T08:05,False,Francisco V. Bezerra Neto,iNaturalist,http://creativecommons.org/licenses/by-nc/4.0/,Francisco V. Bezerra Neto,https://inaturalist-open-data.s3.amazonaws.com/photos/342692260/original.jpg; https://inaturalist-open-data.s3.amazonaws.com/photos/342692322/original.jpg; https://inaturalist-open-data.s3.amazonaws.com/photos/342692388/original.jpg; https://inaturalist-open-data.s3.amazonaws.com/photos/342692394/original.jpg; https://inaturalist-open-data.s3.amazonaws.com/photos/342692422/original.jpg; https://inaturalist-open-data.s3.amazonaws.com/photos/342692660/original.jpg,k-brazil,2024-10-26 05:43:29
original_4506321979_5.jpg,5357677,Inga edulis,38.306000000000004,"Calliphlox amethystina (Boddaert, 1783)",2476373,-15.904479,-46.102327,15.0,SOUTH_AMERICA,Minas Gerais,2023,12,,2023-12-25T08:05,False,Francisco V. Bezerra Neto,iNaturalist,http://creativecommons.org/licenses/by-nc/4.0/,Francisco V. Bezerra Neto,https://inaturalist-open-data.s3.amazonaws.com/photos/342692260/original.jpg; https://inaturalist-open-data.s3.amazonaws.com/photos/342692322/original.jpg; https://inaturalist-open-data.s3.amazonaws.com/photos/342692388/original.jpg; https://inaturalist-open-data.s3.amazonaws.com/photos/342692394/original.jpg; https://inaturalist-open-data.s3.amazonaws.com/photos/342692422/original.jpg; https://inaturalist-open-data.s3.amazonaws.com/photos/342692660/original.jpg,k-brazil,2024-10-26 05:43:31
original_4506321979_6.jpg,5357665,Inga punctata,6.0,"Calliphlox amethystina (Boddaert, 1783)",2476373,-15.904479,-46.102327,15.0,SOUTH_AMERICA,Minas Gerais,2023,12,,2023-12-25T08:05,False,Francisco V. Bezerra Neto,iNaturalist,http://creativecommons.org/licenses/by-nc/4.0/,Francisco V. Bezerra Neto,https://inaturalist-open-data.s3.amazonaws.com/photos/342692260/original.jpg; https://inaturalist-open-data.s3.amazonaws.com/photos/342692322/original.jpg; https://inaturalist-open-data.s3.amazonaws.com/photos/342692388/original.jpg; https://inaturalist-open-data.s3.amazonaws.com/photos/342692394/original.jpg; https://inaturalist-open-data.s3.amazonaws.com/photos/342692422/original.jpg; https://inaturalist-open-data.s3.amazonaws.com/photos/342692660/original.jpg,k-brazil,2024-10-26 05:43:33
original_4506343919_1.jpeg,2925303,Lantana camara,55.588,"Calliphlox amethystina (Boddaert, 1783)",2476373,-15.773241,-47.921481,114.0,SOUTH_AMERICA,Distrito Federal,2023,12,,2023-12-13T08:23,False,abelardomendesjr,iNaturalist,http://creativecommons.org/licenses/by-nc/4.0/,abelardomendesjr,https://inaturalist-open-data.s3.amazonaws.com/photos/342640231/original.jpeg,k-brazil,2024-10-26 05:43:38
original_4506344936_1.jpg,5357680,Inga vera,35.283,"Calliphlox amethystina (Boddaert, 1783)",2476373,-15.904655,-46.102575,66.0,SOUTH_AMERICA,Minas Gerais,2023,12,,2023-12-25T07:49,False,Francisco V. Bezerra Neto,iNaturalist,http://creativecommons.org/licenses/by-nc/4.0/,Francisco V. Bezerra Neto,https://inaturalist-open-data.s3.amazonaws.com/photos/342630006/original.jpg; https://inaturalist-open-data.s3.amazonaws.com/photos/342630013/original.jpg; https://inaturalist-open-data.s3.amazonaws.com/photos/342630061/original.jpg,k-brazil,2024-10-26 05:43:41
original_4506344936_2.jpg,5357680,Inga vera,28.105999999999998,"Calliphlox amethystina (Boddaert, 1783)",2476373,-15.904655,-46.102575,66.0,SOUTH_AMERICA,Minas Gerais,2023,12,,2023-12-25T07:49,False,Francisco V. Bezerra Neto,iNaturalist,http://creativecommons.org/licenses/by-nc/4.0/,Francisco V. Bezerra Neto,https://inaturalist-open-data.s3.amazonaws.com/photos/342630006/original.jpg; https://inaturalist-open-data.s3.amazonaws.com/photos/342630013/original.jpg; https://inaturalist-open-data.s3.amazonaws.com/photos/342630061/original.jpg,k-brazil,2024-10-26 05:43:43
original_4506349757_1.jpeg,2925655,Duranta erecta,10.335999999999999,"Calliphlox amethystina (Boddaert, 1783)",2476373,-23.675631,-46.532119,1.0,SOUTH_AMERICA,São Paulo,2023,10,,2023-10-19T08:09,False,miguelmagro,iNaturalist,http://creativecommons.org/licenses/by-nc/4.0/,miguelmagro,https://inaturalist-open-data.s3.amazonaws.com/photos/342539802/original.jpeg,k-brazil,2024-10-26 05:43:45
original_4506356995_1.jpg,3054262,Crateva tapia,2.416,"Calliphlox amethystina (Boddaert, 1783)",2476373,-15.904479,-46.102327,15.0,SOUTH_AMERICA,Minas Gerais,2023,12,,2023-12-25T08:37,False,Francisco V. Bezerra Neto,iNaturalist,http://creativecommons.org/licenses/by-nc/4.0/,Francisco V. Bezerra Neto,https://inaturalist-open-data.s3.amazonaws.com/photos/342692987/original.jpg,k-brazil,2024-10-26 05:43:49
original_4506371880_1.jpg,4004147,Tripodanthus acutifolius,7.181,"Calliphlox amethystina (Boddaert, 1783)",2476373,-15.904479,-46.102327,15.0,SOUTH_AMERICA,Minas Gerais,2023,12,,2023-12-25T08:21,False,Francisco V. Bezerra Neto,iNaturalist,http://creativecommons.org/licenses/by-nc/4.0/,Francisco V. Bezerra Neto,https://inaturalist-open-data.s3.amazonaws.com/photos/342692713/original.jpg; https://inaturalist-open-data.s3.amazonaws.com/photos/342692730/original.jpg,k-brazil,2024-10-26 05:43:51
original_4506371880_2.jpg,7286785,Protium heptaphyllum,4.429,"Calliphlox amethystina (Boddaert, 1783)",2476373,-15.904479,-46.102327,15.0,SOUTH_AMERICA,Minas Gerais,2023,12,,2023-12-25T08:21,False,Francisco V. Bezerra Neto,iNaturalist,http://creativecommons.org/licenses/by-nc/4.0/,Francisco V. Bezerra Neto,https://inaturalist-open-data.s3.amazonaws.com/photos/342692713/original.jpg; https://inaturalist-open-data.s3.amazonaws.com/photos/342692730/original.jpg,k-brazil,2024-10-26 05:43:53
original_4506510059_1.jpg,2901431,Sipanea hispida,0.264,"Calliphlox amethystina (Boddaert, 1783)",2476373,-23.057273,-46.641048,206.0,SOUTH_AMERICA,São Paulo,2023,12,,2023-12-25T09:41,False,manequinho,iNaturalist,http://creativecommons.org/licenses/by-nc/4.0/,manequinho,https://inaturalist-open-data.s3.amazonaws.com/photos/342761084/original.jpg,k-brazil,2024-10-26 05:43:55
original_4506513014_1.jpg,7298320,Dolichandra cynanchoides,7.5249999999999995,"Calliphlox amethystina (Boddaert, 1783)",2476373,-15.904479,-46.102327,15.0,SOUTH_AMERICA,Minas Gerais,2023,12,,2023-12-25T08:28,False,Francisco V. Bezerra Neto,iNaturalist,http://creativecommons.org/licenses/by-nc/4.0/,Francisco V. Bezerra Neto,https://inaturalist-open-data.s3.amazonaws.com/photos/342692854/original.jpg; https://inaturalist-open-data.s3.amazonaws.com/photos/342692857/original.jpg; https://inaturalist-open-data.s3.amazonaws.com/photos/342692875/original.jpg; https://inaturalist-open-data.s3.amazonaws.com/photos/342692895/original.jpg,k-brazil,2024-10-26 05:44:00
original_4506513014_2.jpg,5357680,Inga vera,43.597,"Calliphlox amethystina (Boddaert, 1783)",2476373,-15.904479,-46.102327,15.0,SOUTH_AMERICA,Minas Gerais,2023,12,,2023-12-25T08:28,False,Francisco V. Bezerra Neto,iNaturalist,http://creativecommons.org/licenses/by-nc/4.0/,Francisco V. Bezerra Neto,https://inaturalist-open-data.s3.amazonaws.com/photos/342692854/original.jpg; https://inaturalist-open-data.s3.amazonaws.com/photos/342692857/original.jpg; https://inaturalist-open-data.s3.amazonaws.com/photos/342692875/original.jpg; https://inaturalist-open-data.s3.amazonaws.com/photos/342692895/original.jpg,k-brazil,2024-10-26 05:44:03
original_4506513014_4.jpg,2943053,Chloroleucon mangense,6.665,"Calliphlox amethystina (Boddaert, 1783)",2476373,-15.904479,-46.102327,15.0,SOUTH_AMERICA,Minas Gerais,2023,12,,2023-12-25T08:28,False,Francisco V. Bezerra Neto,iNaturalist,http://creativecommons.org/licenses/by-nc/4.0/,Francisco V. Bezerra Neto,https://inaturalist-open-data.s3.amazonaws.com/photos/342692854/original.jpg; https://inaturalist-open-data.s3.amazonaws.com/photos/342692857/original.jpg; https://inaturalist-open-data.s3.amazonaws.com/photos/342692875/original.jpg; https://inaturalist-open-data.s3.amazonaws.com/photos/342692895/original.jpg,k-brazil,2024-10-26 05:44:07
original_4506534917_1.jpeg,2925303,Lantana camara,66.795,"Calliphlox amethystina (Boddaert, 1783)",2476373,-15.773179,-47.921202,433.0,SOUTH_AMERICA,Distrito Federal,2023,12,,2023-12-23T07:26,False,abelardomendesjr,iNaturalist,http://creativecommons.org/licenses/by-nc/4.0/,abelardomendesjr,https://inaturalist-open-data.s3.amazonaws.com/photos/342617571/original.jpeg,k-brazil,2024-10-26 05:44:10
original_4506538021_1.jpg,7298320,Dolichandra cynanchoides,7.635,"Calliphlox amethystina (Boddaert, 1783)",2476373,-15.904479,-46.102327,15.0,SOUTH_AMERICA,Minas Gerais,2023,12,,2023-12-25T08:33,False,Francisco V. Bezerra Neto,iNaturalist,http://creativecommons.org/licenses/by-nc/4.0/,Francisco V. Bezerra Neto,https://inaturalist-open-data.s3.amazonaws.com/photos/342692921/original.jpg; https://inaturalist-open-data.s3.amazonaws.com/photos/342692925/original.jpg; https://inaturalist-open-data.s3.amazonaws.com/photos/342692928/original.jpg; https://inaturalist-open-data.s3.amazonaws.com/photos/342692937/original.jpg,k-brazil,2024-10-26 05:44:11
original_4506538021_2.jpg,2976206,Entada polystachya,16.265,"Calliphlox amethystina (Boddaert, 1783)",2476373,-15.904479,-46.102327,15.0,SOUTH_AMERICA,Minas Gerais,2023,12,,2023-12-25T08:33,False,Francisco V. Bezerra Neto,iNaturalist,http://creativecommons.org/licenses/by-nc/4.0/,Francisco V. Bezerra Neto,https://inaturalist-open-data.s3.amazonaws.com/photos/342692921/original.jpg; https://inaturalist-open-data.s3.amazonaws.com/photos/342692925/original.jpg; https://inaturalist-open-data.s3.amazonaws.com/photos/342692928/original.jpg; https://inaturalist-open-data.s3.amazonaws.com/photos/342692937/original.jpg,k-brazil,2024-10-26 05:44:13
original_4506538021_3.jpg,5357680,Inga vera,6.855,"Calliphlox amethystina (Boddaert, 1783)",2476373,-15.904479,-46.102327,15.0,SOUTH_AMERICA,Minas Gerais,2023,12,,2023-12-25T08:33,False,Francisco V. Bezerra Neto,iNaturalist,http://creativecommons.org/licenses/by-nc/4.0/,Francisco V. Bezerra Neto,https://inaturalist-open-data.s3.amazonaws.com/photos/342692921/original.jpg; https://inaturalist-open-data.s3.amazonaws.com/photos/342692925/original.jpg; https://inaturalist-open-data.s3.amazonaws.com/photos/342692928/original.jpg; https://inaturalist-open-data.s3.amazonaws.com/photos/342692937/original.jpg,k-brazil,2024-10-26 05:44:16
original_4506538021_4.jpg,5357677,Inga edulis,66.03,"Calliphlox amethystina (Boddaert, 1783)",2476373,-15.904479,-46.102327,15.0,SOUTH_AMERICA,Minas Gerais,2023,12,,2023-12-25T08:33,False,Francisco V. Bezerra Neto,iNaturalist,http://creativecommons.org/licenses/by-nc/4.0/,Francisco V. Bezerra Neto,https://inaturalist-open-data.s3.amazonaws.com/photos/342692921/original.jpg; https://inaturalist-open-data.s3.amazonaws.com/photos/342692925/original.jpg; https://inaturalist-open-data.s3.amazonaws.com/photos/342692928/original.jpg; https://inaturalist-open-data.s3.amazonaws.com/photos/342692937/original.jpg,k-brazil,2024-10-26 05:44:18
original_4506546954_1.jpg,7546887,Inga marginata,1.881,"Calliphlox amethystina (Boddaert, 1783)",2476373,-15.904479,-46.102327,15.0,SOUTH_AMERICA,Minas Gerais,2023,12,,2023-12-25T08:30,False,Francisco V. Bezerra Neto,iNaturalist,http://creativecommons.org/licenses/by-nc/4.0/,Francisco V. Bezerra Neto,https://inaturalist-open-data.s3.amazonaws.com/photos/342692890/original.jpg; https://inaturalist-open-data.s3.amazonaws.com/photos/342692908/original.jpg; https://inaturalist-open-data.s3.amazonaws.com/photos/342692912/original.jpg; https://inaturalist-open-data.s3.amazonaws.com/photos/342692919/original.jpg,k-brazil,2024-10-26 05:44:20
original_4506546954_2.jpg,5357677,Inga edulis,18.926000000000002,"Calliphlox amethystina (Boddaert, 1783)",2476373,-15.904479,-46.102327,15.0,SOUTH_AMERICA,Minas Gerais,2023,12,,2023-12-25T08:30,False,Francisco V. Bezerra Neto,iNaturalist,http://creativecommons.org/licenses/by-nc/4.0/,Francisco V. Bezerra Neto,https://inaturalist-open-data.s3.amazonaws.com/photos/342692890/original.jpg; https://inaturalist-open-data.s3.amazonaws.com/photos/342692908/original.jpg; https://inaturalist-open-data.s3.amazonaws.com/photos/342692912/original.jpg; https://inaturalist-open-data.s3.amazonaws.com/photos/342692919/original.jpg,k-brazil,2024-10-26 05:44:22
original_4506546954_3.jpg,3587005,Passiflora misera,3.356,"Calliphlox amethystina (Boddaert, 1783)",2476373,-15.904479,-46.102327,15.0,SOUTH_AMERICA,Minas Gerais,2023,12,,2023-12-25T08:30,False,Francisco V. Bezerra Neto,iNaturalist,http://creativecommons.org/licenses/by-nc/4.0/,Francisco V. Bezerra Neto,https://inaturalist-open-data.s3.amazonaws.com/photos/342692890/original.jpg; https://inaturalist-open-data.s3.amazonaws.com/photos/342692908/original.jpg; https://inaturalist-open-data.s3.amazonaws.com/photos/342692912/original.jpg; https://inaturalist-open-data.s3.amazonaws.com/photos/342692919/original.jpg,k-brazil,2024-10-26 05:44:24
original_4506546954_4.jpg,7546887,Inga marginata,2.574,"Calliphlox amethystina (Boddaert, 1783)",2476373,-15.904479,-46.102327,15.0,SOUTH_AMERICA,Minas Gerais,2023,12,,2023-12-25T08:30,False,Francisco V. Bezerra Neto,iNaturalist,http://creativecommons.org/licenses/by-nc/4.0/,Francisco V. Bezerra Neto,https://inaturalist-open-data.s3.amazonaws.com/photos/342692890/original.jpg; https://inaturalist-open-data.s3.amazonaws.com/photos/342692908/original.jpg; https://inaturalist-open-data.s3.amazonaws.com/photos/342692912/original.jpg; https://inaturalist-open-data.s3.amazonaws.com/photos/342692919/original.jpg,k-brazil,2024-10-26 05:44:26
original_4507633633_1.jpg,5357680,Inga vera,30.319000000000003,"Calliphlox amethystina (Boddaert, 1783)",2476373,-15.903619,-46.102295,125.0,SOUTH_AMERICA,Minas Gerais,2023,12,,2023-12-25T08:55,False,Francisco V. Bezerra Neto,iNaturalist,http://creativecommons.org/licenses/by-nc/4.0/,Francisco V. Bezerra Neto,https://inaturalist-open-data.s3.amazonaws.com/photos/342912767/original.jpg; https://inaturalist-open-data.s3.amazonaws.com/photos/342912858/original.jpg; https://inaturalist-open-data.s3.amazonaws.com/photos/342912888/original.jpg; https://inaturalist-open-data.s3.amazonaws.com/photos/342912891/original.jpg; https://inaturalist-open-data.s3.amazonaws.com/photos/342912933/original.jpg; https://inaturalist-open-data.s3.amazonaws.com/photos/342912946/original.jpg; https://inaturalist-open-data.s3.amazonaws.com/photos/342912957/original.jpg; https://inaturalist-open-data.s3.amazonaws.com/photos/342912981/original.jpg,k-brazil,2024-10-26 05:44:29
original_4507633633_2.jpg,5357677,Inga edulis,31.528,"Calliphlox amethystina (Boddaert, 1783)",2476373,-15.903619,-46.102295,125.0,SOUTH_AMERICA,Minas Gerais,2023,12,,2023-12-25T08:55,False,Francisco V. Bezerra Neto,iNaturalist,http://creativecommons.org/licenses/by-nc/4.0/,Francisco V. Bezerra Neto,https://inaturalist-open-data.s3.amazonaws.com/photos/342912767/original.jpg; https://inaturalist-open-data.s3.amazonaws.com/photos/342912858/original.jpg; https://inaturalist-open-data.s3.amazonaws.com/photos/342912888/original.jpg; https://inaturalist-open-data.s3.amazonaws.com/photos/342912891/original.jpg; https://inaturalist-open-data.s3.amazonaws.com/photos/342912933/original.jpg; https://inaturalist-open-data.s3.amazonaws.com/photos/342912946/original.jpg; https://inaturalist-open-data.s3.amazonaws.com/photos/342912957/original.jpg; https://inaturalist-open-data.s3.amazonaws.com/photos/342912981/original.jpg,k-brazil,2024-10-26 05:44:31
original_4507633633_3.jpg,5357677,Inga edulis,31.121,"Calliphlox amethystina (Boddaert, 1783)",2476373,-15.903619,-46.102295,125.0,SOUTH_AMERICA,Minas Gerais,2023,12,,2023-12-25T08:55,False,Francisco V. Bezerra Neto,iNaturalist,http://creativecommons.org/licenses/by-nc/4.0/,Francisco V. Bezerra Neto,https://inaturalist-open-data.s3.amazonaws.com/photos/342912767/original.jpg; https://inaturalist-open-data.s3.amazonaws.com/photos/342912858/original.jpg; https://inaturalist-open-data.s3.amazonaws.com/photos/342912888/original.jpg; https://inaturalist-open-data.s3.amazonaws.com/photos/342912891/original.jpg; https://inaturalist-open-data.s3.amazonaws.com/photos/342912933/original.jpg; https://inaturalist-open-data.s3.amazonaws.com/photos/342912946/original.jpg; https://inaturalist-open-data.s3.amazonaws.com/photos/342912957/original.jpg; https://inaturalist-open-data.s3.amazonaws.com/photos/342912981/original.jpg,k-brazil,2024-10-26 05:44:33
original_4507633633_4.jpg,5357677,Inga edulis,61.080999999999996,"Calliphlox amethystina (Boddaert, 1783)",2476373,-15.903619,-46.102295,125.0,SOUTH_AMERICA,Minas Gerais,2023,12,,2023-12-25T08:55,False,Francisco V. Bezerra Neto,iNaturalist,http://creativecommons.org/licenses/by-nc/4.0/,Francisco V. Bezerra Neto,https://inaturalist-open-data.s3.amazonaws.com/photos/342912767/original.jpg; https://inaturalist-open-data.s3.amazonaws.com/photos/342912858/original.jpg; https://inaturalist-open-data.s3.amazonaws.com/photos/342912888/original.jpg; https://inaturalist-open-data.s3.amazonaws.com/photos/342912891/original.jpg; https://inaturalist-open-data.s3.amazonaws.com/photos/342912933/original.jpg; https://inaturalist-open-data.s3.amazonaws.com/photos/342912946/original.jpg; https://inaturalist-open-data.s3.amazonaws.com/photos/342912957/original.jpg; https://inaturalist-open-data.s3.amazonaws.com/photos/342912981/original.jpg,k-brazil,2024-10-26 05:44:35
original_4507633633_5.jpg,5357677,Inga edulis,51.108,"Calliphlox amethystina (Boddaert, 1783)",2476373,-15.903619,-46.102295,125.0,SOUTH_AMERICA,Minas Gerais,2023,12,,2023-12-25T08:55,False,Francisco V. Bezerra Neto,iNaturalist,http://creativecommons.org/licenses/by-nc/4.0/,Francisco V. Bezerra Neto,https://inaturalist-open-data.s3.amazonaws.com/photos/342912767/original.jpg; https://inaturalist-open-data.s3.amazonaws.com/photos/342912858/original.jpg; https://inaturalist-open-data.s3.amazonaws.com/photos/342912888/original.jpg; https://inaturalist-open-data.s3.amazonaws.com/photos/342912891/original.jpg; https://inaturalist-open-data.s3.amazonaws.com/photos/342912933/original.jpg; https://inaturalist-open-data.s3.amazonaws.com/photos/342912946/original.jpg; https://inaturalist-open-data.s3.amazonaws.com/photos/342912957/original.jpg; https://inaturalist-open-data.s3.amazonaws.com/photos/342912981/original.jpg,k-brazil,2024-10-26 05:44:37
original_4507633633_6.jpg,5357677,Inga edulis,51.664,"Calliphlox amethystina (Boddaert, 1783)",2476373,-15.903619,-46.102295,125.0,SOUTH_AMERICA,Minas Gerais,2023,12,,2023-12-25T08:55,False,Francisco V. Bezerra Neto,iNaturalist,http://creativecommons.org/licenses/by-nc/4.0/,Francisco V. Bezerra Neto,https://inaturalist-open-data.s3.amazonaws.com/photos/342912767/original.jpg; https://inaturalist-open-data.s3.amazonaws.com/photos/342912858/original.jpg; https://inaturalist-open-data.s3.amazonaws.com/photos/342912888/original.jpg; https://inaturalist-open-data.s3.amazonaws.com/photos/342912891/original.jpg; https://inaturalist-open-data.s3.amazonaws.com/photos/342912933/original.jpg; https://inaturalist-open-data.s3.amazonaws.com/photos/342912946/original.jpg; https://inaturalist-open-data.s3.amazonaws.com/photos/342912957/original.jpg; https://inaturalist-open-data.s3.amazonaws.com/photos/342912981/original.jpg,k-brazil,2024-10-26 05:44:39
original_4507633633_7.jpg,5357677,Inga edulis,46.150999999999996,"Calliphlox amethystina (Boddaert, 1783)",2476373,-15.903619,-46.102295,125.0,SOUTH_AMERICA,Minas Gerais,2023,12,,2023-12-25T08:55,False,Francisco V. Bezerra Neto,iNaturalist,http://creativecommons.org/licenses/by-nc/4.0/,Francisco V. Bezerra Neto,https://inaturalist-open-data.s3.amazonaws.com/photos/342912767/original.jpg; https://inaturalist-open-data.s3.amazonaws.com/photos/342912858/original.jpg; https://inaturalist-open-data.s3.amazonaws.com/photos/342912888/original.jpg; https://inaturalist-open-data.s3.amazonaws.com/photos/342912891/original.jpg; https://inaturalist-open-data.s3.amazonaws.com/photos/342912933/original.jpg; https://inaturalist-open-data.s3.amazonaws.com/photos/342912946/original.jpg; https://inaturalist-open-data.s3.amazonaws.com/photos/342912957/original.jpg; https://inaturalist-open-data.s3.amazonaws.com/photos/342912981/original.jpg,k-brazil,2024-10-26 05:44:41
original_4507633633_8.jpg,5357677,Inga edulis,15.299,"Calliphlox amethystina (Boddaert, 1783)",2476373,-15.903619,-46.102295,125.0,SOUTH_AMERICA,Minas Gerais,2023,12,,2023-12-25T08:55,False,Francisco V. Bezerra Neto,iNaturalist,http://creativecommons.org/licenses/by-nc/4.0/,Francisco V. Bezerra Neto,https://inaturalist-open-data.s3.amazonaws.com/photos/342912767/original.jpg; https://inaturalist-open-data.s3.amazonaws.com/photos/342912858/original.jpg; https://inaturalist-open-data.s3.amazonaws.com/photos/342912888/original.jpg; https://inaturalist-open-data.s3.amazonaws.com/photos/342912891/original.jpg; https://inaturalist-open-data.s3.amazonaws.com/photos/342912933/original.jpg; https://inaturalist-open-data.s3.amazonaws.com/photos/342912946/original.jpg; https://inaturalist-open-data.s3.amazonaws.com/photos/342912957/original.jpg; https://inaturalist-open-data.s3.amazonaws.com/photos/342912981/original.jpg,k-brazil,2024-10-26 05:44:43
original_4507687072_1.jpg,2964988,Centrosema brasilianum,5.286,"Calliphlox amethystina (Boddaert, 1783)",2476373,-15.904409,-46.102385,44.0,SOUTH_AMERICA,Minas Gerais,2023,12,,2023-12-27T17:06,False,Francisco V. Bezerra Neto,iNaturalist,http://creativecommons.org/licenses/by-nc/4.0/,Francisco V. Bezerra Neto,https://inaturalist-open-data.s3.amazonaws.com/photos/343871341/original.jpg,k-brazil,2024-10-26 05:44:48
original_4507720092_1.jpg,5357680,Inga vera,43.595,"Calliphlox amethystina (Boddaert, 1783)",2476373,-15.904409,-46.102385,44.0,SOUTH_AMERICA,Minas Gerais,2023,12,,2023-12-27T17:28,False,Francisco V. Bezerra Neto,iNaturalist,http://creativecommons.org/licenses/by-nc/4.0/,Francisco V. Bezerra Neto,https://inaturalist-open-data.s3.amazonaws.com/photos/343871383/original.jpg,k-brazil,2024-10-26 05:44:50
original_4507773411_1.jpg,2901431,Sipanea hispida,0.123,"Calliphlox amethystina (Boddaert, 1783)",2476373,-23.057273,-46.641048,206.0,SOUTH_AMERICA,São Paulo,2024,1,,2024-01-01T12:40,False,manequinho,iNaturalist,http://creativecommons.org/licenses/by-nc/4.0/,manequinho,https://inaturalist-open-data.s3.amazonaws.com/photos/344152218/original.jpg,k-brazil,2024-10-26 05:44:53
original_4507793364_1.jpeg,3866517,Bellucia pentamera,5.501,"Calliphlox amethystina (Boddaert, 1783)",2476373,-11.389345,-41.280858,326694.0,SOUTH_AMERICA,Bahia,2002,11,,2002-11-30T00:00,False,Dr David Doolittle,iNaturalist,http://creativecommons.org/licenses/by-nc/4.0/,Dr David Doolittle,https://inaturalist-open-data.s3.amazonaws.com/photos/344088868/original.jpeg,k-brazil,2024-10-26 05:44:55
original_4507874700_1.jpg,5357677,Inga edulis,60.504000000000005,"Calliphlox amethystina (Boddaert, 1783)",2476373,-15.903619,-46.102295,125.0,SOUTH_AMERICA,Minas Gerais,2023,12,,2023-12-25T08:59,False,Francisco V. Bezerra Neto,iNaturalist,http://creativecommons.org/licenses/by-nc/4.0/,Francisco V. Bezerra Neto,https://inaturalist-open-data.s3.amazonaws.com/photos/342912974/original.jpg,k-brazil,2024-10-26 05:44:57
original_4507878672_1.jpg,5358039,Inga laurina,2.25,"Calliphlox amethystina (Boddaert, 1783)",2476373,-15.903619,-46.102295,125.0,SOUTH_AMERICA,Minas Gerais,2023,12,,2023-12-25T08:53,False,Francisco V. Bezerra Neto,iNaturalist,http://creativecommons.org/licenses/by-nc/4.0/,Francisco V. Bezerra Neto,https://inaturalist-open-data.s3.amazonaws.com/photos/342912728/original.jpg; https://inaturalist-open-data.s3.amazonaws.com/photos/342912791/original.jpg,k-brazil,2024-10-26 05:44:59
original_4507878672_2.jpg,5357680,Inga vera,64.691,"Calliphlox amethystina (Boddaert, 1783)",2476373,-15.903619,-46.102295,125.0,SOUTH_AMERICA,Minas Gerais,2023,12,,2023-12-25T08:53,False,Francisco V. Bezerra Neto,iNaturalist,http://creativecommons.org/licenses/by-nc/4.0/,Francisco V. Bezerra Neto,https://inaturalist-open-data.s3.amazonaws.com/photos/342912728/original.jpg; https://inaturalist-open-data.s3.amazonaws.com/photos/342912791/original.jpg,k-brazil,2024-10-26 05:45:01
original_4507896071_1.jpg,5357665,Inga punctata,34.673,"Calliphlox amethystina (Boddaert, 1783)",2476373,-15.904409,-46.102385,44.0,SOUTH_AMERICA,Minas Gerais,2023,12,,2023-12-27T17:26,False,Francisco V. Bezerra Neto,iNaturalist,http://creativecommons.org/licenses/by-nc/4.0/,Francisco V. Bezerra Neto,https://inaturalist-open-data.s3.amazonaws.com/photos/343871377/original.jpg; https://inaturalist-open-data.s3.amazonaws.com/photos/343871382/original.jpg,k-brazil,2024-10-26 05:45:03
original_4507896071_2.jpg,5357680,Inga vera,63.426,"Calliphlox amethystina (Boddaert, 1783)",2476373,-15.904409,-46.102385,44.0,SOUTH_AMERICA,Minas Gerais,2023,12,,2023-12-27T17:26,False,Francisco V. Bezerra Neto,iNaturalist,http://creativecommons.org/licenses/by-nc/4.0/,Francisco V. Bezerra Neto,https://inaturalist-open-data.s3.amazonaws.com/photos/343871377/original.jpg; https://inaturalist-open-data.s3.amazonaws.com/photos/343871382/original.jpg,k-brazil,2024-10-26 05:45:06
original_4507903939_1.jpg,5357680,Inga vera,27.836,"Calliphlox amethystina (Boddaert, 1783)",2476373,-15.904409,-46.102385,44.0,SOUTH_AMERICA,Minas Gerais,2023,12,,2023-12-27T17:03,False,Francisco V. Bezerra Neto,iNaturalist,http://creativecommons.org/licenses/by-nc/4.0/,Francisco V. Bezerra Neto,https://inaturalist-open-data.s3.amazonaws.com/photos/343871328/original.jpg,k-brazil,2024-10-26 05:45:08
original_4507936542_1.jpg,2932643,Solanum chacoense,9.783,"Calliphlox amethystina (Boddaert, 1783)",2476373,-23.057273,-46.641048,206.0,SOUTH_AMERICA,São Paulo,2023,12,,2023-12-30T10:42,False,manequinho,iNaturalist,http://creativecommons.org/licenses/by-nc/4.0/,manequinho,https://inaturalist-open-data.s3.amazonaws.com/photos/343491961/original.jpg,k-brazil,2024-10-26 05:45:12
original_4507979502_1.jpg,Unknown,Unknown,0,"Calliphlox amethystina (Boddaert, 1783)",2476373,-23.057273,-46.641048,206.0,SOUTH_AMERICA,São Paulo,2023,12,,2023-12-30T13:20,False,manequinho,iNaturalist,http://creativecommons.org/licenses/by-nc/4.0/,manequinho,https://inaturalist-open-data.s3.amazonaws.com/photos/343511446/original.jpg,k-brazil,2024-10-26 05:45:14
original_4508004053_2.jpg,2932643,Solanum chacoense,1.5610000000000002,"Calliphlox amethystina (Boddaert, 1783)",2476373,-15.904409,-46.102385,44.0,SOUTH_AMERICA,Minas Gerais,2023,12,,2023-12-27T16:56,False,Francisco V. Bezerra Neto,iNaturalist,http://creativecommons.org/licenses/by-nc/4.0/,Francisco V. Bezerra Neto,https://inaturalist-open-data.s3.amazonaws.com/photos/343871274/original.jpg; https://inaturalist-open-data.s3.amazonaws.com/photos/343871277/original.jpg; https://inaturalist-open-data.s3.amazonaws.com/photos/343871292/original.jpg; https://inaturalist-open-data.s3.amazonaws.com/photos/343871294/original.jpg; https://inaturalist-open-data.s3.amazonaws.com/photos/343871298/original.jpg,k-brazil,2024-10-26 05:45:19
original_4508004053_3.jpg,2932944,Capsicum annuum,1.512,"Calliphlox amethystina (Boddaert, 1783)",2476373,-15.904409,-46.102385,44.0,SOUTH_AMERICA,Minas Gerais,2023,12,,2023-12-27T16:56,False,Francisco V. Bezerra Neto,iNaturalist,http://creativecommons.org/licenses/by-nc/4.0/,Francisco V. Bezerra Neto,https://inaturalist-open-data.s3.amazonaws.com/photos/343871274/original.jpg; https://inaturalist-open-data.s3.amazonaws.com/photos/343871277/original.jpg; https://inaturalist-open-data.s3.amazonaws.com/photos/343871292/original.jpg; https://inaturalist-open-data.s3.amazonaws.com/photos/343871294/original.jpg; https://inaturalist-open-data.s3.amazonaws.com/photos/343871298/original.jpg,k-brazil,2024-10-26 05:45:21
original_4508004053_4.jpg,2932944,Capsicum annuum,1.1039999999999999,"Calliphlox amethystina (Boddaert, 1783)",2476373,-15.904409,-46.102385,44.0,SOUTH_AMERICA,Minas Gerais,2023,12,,2023-12-27T16:56,False,Francisco V. Bezerra Neto,iNaturalist,http://creativecommons.org/licenses/by-nc/4.0/,Francisco V. Bezerra Neto,https://inaturalist-open-data.s3.amazonaws.com/photos/343871274/original.jpg; https://inaturalist-open-data.s3.amazonaws.com/photos/343871277/original.jpg; https://inaturalist-open-data.s3.amazonaws.com/photos/343871292/original.jpg; https://inaturalist-open-data.s3.amazonaws.com/photos/343871294/original.jpg; https://inaturalist-open-data.s3.amazonaws.com/photos/343871298/original.jpg,k-brazil,2024-10-26 05:45:23
original_4510223442_1.jpg,3129176,Baccharis dracunculifolia,14.87,"Calliphlox amethystina (Boddaert, 1783)",2476373,-20.411351,-40.676034,2033.0,SOUTH_AMERICA,Espírito Santo,2023,12,,2023-12-31T09:43,False,fabricio_reis_costa,iNaturalist,http://creativecommons.org/licenses/by-nc/4.0/,fabricio_reis_costa,https://inaturalist-open-data.s3.amazonaws.com/photos/345287053/original.jpg; https://inaturalist-open-data.s3.amazonaws.com/photos/345287056/original.jpg; https://inaturalist-open-data.s3.amazonaws.com/photos/345287153/original.jpg,k-brazil,2024-10-26 05:45:27
original_4510223442_3.jpg,2928671,Evolvulus glomeratus,1.9789999999999999,"Calliphlox amethystina (Boddaert, 1783)",2476373,-20.411351,-40.676034,2033.0,SOUTH_AMERICA,Espírito Santo,2023,12,,2023-12-31T09:43,False,fabricio_reis_costa,iNaturalist,http://creativecommons.org/licenses/by-nc/4.0/,fabricio_reis_costa,https://inaturalist-open-data.s3.amazonaws.com/photos/345287053/original.jpg; https://inaturalist-open-data.s3.amazonaws.com/photos/345287056/original.jpg; https://inaturalist-open-data.s3.amazonaws.com/photos/345287153/original.jpg,k-brazil,2024-10-26 05:45:31
original_4510323250_1.jpg,3114910,Tessaria integrifolia,1.838,"Calliphlox amethystina (Boddaert, 1783)",2476373,-23.057273,-46.641048,206.0,SOUTH_AMERICA,São Paulo,2024,1,,2024-01-04T13:44,False,manequinho,iNaturalist,http://creativecommons.org/licenses/by-nc/4.0/,manequinho,https://inaturalist-open-data.s3.amazonaws.com/photos/344616245/original.jpg,k-brazil,2024-10-26 05:45:33
original_4510326761_1.jpg,7297211,Lantana rugulosa,0.159,"Calliphlox amethystina (Boddaert, 1783)",2476373,-23.057273,-46.641048,206.0,SOUTH_AMERICA,São Paulo,2024,1,,2024-01-02T17:12,False,manequinho,iNaturalist,http://creativecommons.org/licenses/by-nc/4.0/,manequinho,https://inaturalist-open-data.s3.amazonaws.com/photos/344320828/original.jpg,k-brazil,2024-10-26 05:45:35
original_4510373850_1.jpg,7286020,Cuphea racemosa,0.38,"Calliphlox amethystina (Boddaert, 1783)",2476373,-23.057273,-46.641048,206.0,SOUTH_AMERICA,São Paulo,2024,1,,2024-01-06T11:10,False,manequinho,iNaturalist,http://creativecommons.org/licenses/by-nc/4.0/,manequinho,https://inaturalist-open-data.s3.amazonaws.com/photos/344981591/original.jpg,k-brazil,2024-10-26 05:45:38
original_4510385921_1.jpg,2901431,Sipanea hispida,0.183,"Calliphlox amethystina (Boddaert, 1783)",2476373,-23.057273,-46.641048,206.0,SOUTH_AMERICA,São Paulo,2024,1,,2024-01-06T11:10,False,manequinho,iNaturalist,http://creativecommons.org/licenses/by-nc/4.0/,manequinho,https://inaturalist-open-data.s3.amazonaws.com/photos/344981590/original.jpg,k-brazil,2024-10-26 05:45:40
original_4510432383_1.jpeg,3866517,Bellucia pentamera,5.501,"Calliphlox amethystina (Boddaert, 1783)",2476373,-11.389345,-41.280858,518896.0,SOUTH_AMERICA,Bahia,2002,11,,2002-11-30T00:00,False,Dr David Doolittle,iNaturalist,http://creativecommons.org/licenses/by-nc/4.0/,Dr David Doolittle,https://inaturalist-open-data.s3.amazonaws.com/photos/345364024/original.jpeg,k-brazil,2024-10-26 05:45:42
original_4512266613_1.jpeg,2705621,Paspalum notatum,1.061,"Calliphlox amethystina (Boddaert, 1783)",2476373,-11.389345,-41.280858,518896.0,SOUTH_AMERICA,Bahia,2002,11,,2002-11-30T00:00,False,Dr David Doolittle,iNaturalist,http://creativecommons.org/licenses/by-nc/4.0/,Dr David Doolittle,https://inaturalist-open-data.s3.amazonaws.com/photos/345587252/original.jpeg,k-brazil,2024-10-26 05:45:45
original_4512294139_1.jpeg,Unknown,Unknown,0,"Calliphlox amethystina (Boddaert, 1783)",2476373,-19.916063,-40.642446,198.0,SOUTH_AMERICA,Espírito Santo,2002,11,,2002-11-30T00:00,False,Dr David Doolittle,iNaturalist,http://creativecommons.org/licenses/by-nc/4.0/,Dr David Doolittle,https://inaturalist-open-data.s3.amazonaws.com/photos/346166820/original.jpeg,k-brazil,2024-10-26 05:45:48
original_4516255259_1.jpg,3582403,Oxypetalum solanoides,0.573,"Calliphlox amethystina (Boddaert, 1783)",2476373,-23.057273,-46.641048,206.0,SOUTH_AMERICA,São Paulo,2024,1,,2024-01-16T09:09,False,manequinho,iNaturalist,http://creativecommons.org/licenses/by-nc/4.0/,manequinho,https://inaturalist-open-data.s3.amazonaws.com/photos/346684648/original.jpg,k-brazil,2024-10-26 05:45:50
original_4516844379_1.jpeg,2975476,Bowdichia virgilioides,97.202,"Calliphlox amethystina (Boddaert, 1783)",2476373,-14.146667,-47.828293,13224.0,SOUTH_AMERICA,Goiás,2023,7,,2023-07-30T17:18:45,False,Brian Williams,iNaturalist,http://creativecommons.org/licenses/by-nc/4.0/,Brian Williams,https://inaturalist-open-data.s3.amazonaws.com/photos/347261162/original.jpeg; https://inaturalist-open-data.s3.amazonaws.com/photos/347261173/original.jpeg; https://inaturalist-open-data.s3.amazonaws.com/photos/347261181/original.jpeg; https://inaturalist-open-data.s3.amazonaws.com/photos/347261192/original.jpeg; https://inaturalist-open-data.s3.amazonaws.com/photos/347261203/original.jpeg,k-brazil,2024-10-26 05:45:54
original_4516844379_2.jpeg,2975476,Bowdichia virgilioides,96.818,"Calliphlox amethystina (Boddaert, 1783)",2476373,-14.146667,-47.828293,13224.0,SOUTH_AMERICA,Goiás,2023,7,,2023-07-30T17:18:45,False,Brian Williams,iNaturalist,http://creativecommons.org/licenses/by-nc/4.0/,Brian Williams,https://inaturalist-open-data.s3.amazonaws.com/photos/347261162/original.jpeg; https://inaturalist-open-data.s3.amazonaws.com/photos/347261173/original.jpeg; https://inaturalist-open-data.s3.amazonaws.com/photos/347261181/original.jpeg; https://inaturalist-open-data.s3.amazonaws.com/photos/347261192/original.jpeg; https://inaturalist-open-data.s3.amazonaws.com/photos/347261203/original.jpeg,k-brazil,2024-10-26 05:45:57
original_4516844379_3.jpeg,2975476,Bowdichia virgilioides,89.19200000000001,"Calliphlox amethystina (Boddaert, 1783)",2476373,-14.146667,-47.828293,13224.0,SOUTH_AMERICA,Goiás,2023,7,,2023-07-30T17:18:45,False,Brian Williams,iNaturalist,http://creativecommons.org/licenses/by-nc/4.0/,Brian Williams,https://inaturalist-open-data.s3.amazonaws.com/photos/347261162/original.jpeg; https://inaturalist-open-data.s3.amazonaws.com/photos/347261173/original.jpeg; https://inaturalist-open-data.s3.amazonaws.com/photos/347261181/original.jpeg; https://inaturalist-open-data.s3.amazonaws.com/photos/347261192/original.jpeg; https://inaturalist-open-data.s3.amazonaws.com/photos/347261203/original.jpeg,k-brazil,2024-10-26 05:46:00
original_4516844379_4.jpeg,2975476,Bowdichia virgilioides,98.98599999999999,"Calliphlox amethystina (Boddaert, 1783)",2476373,-14.146667,-47.828293,13224.0,SOUTH_AMERICA,Goiás,2023,7,,2023-07-30T17:18:45,False,Brian Williams,iNaturalist,http://creativecommons.org/licenses/by-nc/4.0/,Brian Williams,https://inaturalist-open-data.s3.amazonaws.com/photos/347261162/original.jpeg; https://inaturalist-open-data.s3.amazonaws.com/photos/347261173/original.jpeg; https://inaturalist-open-data.s3.amazonaws.com/photos/347261181/original.jpeg; https://inaturalist-open-data.s3.amazonaws.com/photos/347261192/original.jpeg; https://inaturalist-open-data.s3.amazonaws.com/photos/347261203/original.jpeg,k-brazil,2024-10-26 05:46:02
original_4516844379_5.jpeg,2975476,Bowdichia virgilioides,22.114,"Calliphlox amethystina (Boddaert, 1783)",2476373,-14.146667,-47.828293,13224.0,SOUTH_AMERICA,Goiás,2023,7,,2023-07-30T17:18:45,False,Brian Williams,iNaturalist,http://creativecommons.org/licenses/by-nc/4.0/,Brian Williams,https://inaturalist-open-data.s3.amazonaws.com/photos/347261162/original.jpeg; https://inaturalist-open-data.s3.amazonaws.com/photos/347261173/original.jpeg; https://inaturalist-open-data.s3.amazonaws.com/photos/347261181/original.jpeg; https://inaturalist-open-data.s3.amazonaws.com/photos/347261192/original.jpeg; https://inaturalist-open-data.s3.amazonaws.com/photos/347261203/original.jpeg,k-brazil,2024-10-26 05:46:04
original_4516902377_1.jpeg,5303044,Thalia geniculata,2.978,"Calliphlox amethystina (Boddaert, 1783)",2476373,-23.230489,-45.126606,203.0,SOUTH_AMERICA,São Paulo,2024,1,,2024-01-27T09:45,False,Pedro Henrique Maloso Ramos,iNaturalist,http://creativecommons.org/licenses/by/4.0/,Pedro Henrique Maloso Ramos,https://inaturalist-open-data.s3.amazonaws.com/photos/348557817/original.jpeg,k-brazil,2024-10-26 05:46:06
original_4519183996_1.jpeg,2705621,Paspalum notatum,1.061,"Calliphlox amethystina (Boddaert, 1783)",2476373,-11.389345,-41.280858,534527.0,SOUTH_AMERICA,Bahia,2002,11,,2002-11-30T00:00,False,Dr David Doolittle,iNaturalist,http://creativecommons.org/licenses/by-nc/4.0/,Dr David Doolittle,https://inaturalist-open-data.s3.amazonaws.com/photos/349366099/original.jpeg,k-brazil,2024-10-26 05:46:08
original_4519218012_1.jpeg,3866649,Bellucia grossularioides,25.769,"Calliphlox amethystina (Boddaert, 1783)",2476373,-13.25316,-51.92528,2593816.0,SOUTH_AMERICA,Mato Grosso,2002,11,,2002-11-30T00:00,False,Dr David Doolittle,iNaturalist,http://creativecommons.org/licenses/by-nc/4.0/,Dr David Doolittle,https://inaturalist-open-data.s3.amazonaws.com/photos/349360632/original.jpeg,k-brazil,2024-10-26 05:46:10
original_4519269720_1.jpeg,Unknown,Unknown,0,"Calliphlox amethystina (Boddaert, 1783)",2476373,-11.389345,-41.280858,534527.0,SOUTH_AMERICA,Bahia,2002,11,,2002-11-30T00:00,False,Dr David Doolittle,iNaturalist,http://creativecommons.org/licenses/by-nc/4.0/,Dr David Doolittle,https://inaturalist-open-data.s3.amazonaws.com/photos/349713201/original.jpeg,k-brazil,2024-10-26 05:46:12
original_4522443694_1.jpg,3058007,Croton matourensis,3.4320000000000004,"Calliphlox amethystina (Boddaert, 1783)",2476373,1.19507,-70.22639,,SOUTH_AMERICA,Vaupés,2015,10,,2015-10-18T14:39,False,Tim Forrester,iNaturalist,http://creativecommons.org/licenses/by-nc/4.0/,Tim Forrester,https://inaturalist-open-data.s3.amazonaws.com/photos/263200704/original.jpg; https://inaturalist-open-data.s3.amazonaws.com/photos/263200881/original.jpg,k-western-south-america,2024-10-26 05:46:14
original_4522443694_2.jpg,3169679,Hancornia speciosa,9.58,"Calliphlox amethystina (Boddaert, 1783)",2476373,1.19507,-70.22639,,SOUTH_AMERICA,Vaupés,2015,10,,2015-10-18T14:39,False,Tim Forrester,iNaturalist,http://creativecommons.org/licenses/by-nc/4.0/,Tim Forrester,https://inaturalist-open-data.s3.amazonaws.com/photos/263200704/original.jpg; https://inaturalist-open-data.s3.amazonaws.com/photos/263200881/original.jpg,k-western-south-america,2024-10-26 05:46:16
original_4522478678_1.jpg,2895593,Genipa americana,9.08,"Calliphlox amethystina (Boddaert, 1783)",2476373,1.19912,-70.2411,,SOUTH_AMERICA,Vaupés,2015,10,,2015-10-14T14:32,False,Tim Forrester,iNaturalist,http://creativecommons.org/licenses/by-nc/4.0/,Tim Forrester,https://inaturalist-open-data.s3.amazonaws.com/photos/263198026/original.jpg,k-western-south-america,2024-10-26 05:46:18
original_4522548360_1.jpg,2925462,Stachytarpheta mutabilis,17.086000000000002,"Calliphlox amethystina (Boddaert, 1783)",2476373,-6.075297,-76.975761,215.0,SOUTH_AMERICA,San Martín,2019,7,,2019-07-16T10:08,False,Gerold Morrison,iNaturalist,http://creativecommons.org/licenses/by-nc/4.0/,Gerold Morrison,https://inaturalist-open-data.s3.amazonaws.com/photos/329572841/original.jpg,k-western-south-america,2024-10-26 05:46:21
original_4522756128_2.jpg,4060951,Varronia curassavica,92.55499999999999,"Calliphlox amethystina (Boddaert, 1783)",2476373,-19.274953,-40.004996,367.0,SOUTH_AMERICA,Espírito Santo,2024,1,,2024-01-05T09:14,False,Francisco V. Bezerra Neto,iNaturalist,http://creativecommons.org/licenses/by-nc/4.0/,Francisco V. Bezerra Neto,https://inaturalist-open-data.s3.amazonaws.com/photos/351114165/original.jpg; https://inaturalist-open-data.s3.amazonaws.com/photos/351114166/original.jpg; https://inaturalist-open-data.s3.amazonaws.com/photos/351114185/original.jpg,k-brazil,2024-10-26 05:46:25
original_4522756128_3.jpg,4060951,Varronia curassavica,98.288,"Calliphlox amethystina (Boddaert, 1783)",2476373,-19.274953,-40.004996,367.0,SOUTH_AMERICA,Espírito Santo,2024,1,,2024-01-05T09:14,False,Francisco V. Bezerra Neto,iNaturalist,http://creativecommons.org/licenses/by-nc/4.0/,Francisco V. Bezerra Neto,https://inaturalist-open-data.s3.amazonaws.com/photos/351114165/original.jpg; https://inaturalist-open-data.s3.amazonaws.com/photos/351114166/original.jpg; https://inaturalist-open-data.s3.amazonaws.com/photos/351114185/original.jpg,k-brazil,2024-10-26 05:46:27
original_4522760702_1.jpg,2705621,Paspalum notatum,6.909,"Calliphlox amethystina (Boddaert, 1783)",2476373,-19.274953,-40.004996,367.0,SOUTH_AMERICA,Espírito Santo,2024,1,,2024-01-05T09:00,False,Francisco V. Bezerra Neto,iNaturalist,http://creativecommons.org/licenses/by-nc/4.0/,Francisco V. Bezerra Neto,https://inaturalist-open-data.s3.amazonaws.com/photos/351114149/original.jpg; https://inaturalist-open-data.s3.amazonaws.com/photos/351114164/original.jpg,k-brazil,2024-10-26 05:46:29
original_4522792731_1.jpg,2925400,Avicennia germinans,0.9820000000000001,"Calliphlox amethystina (Boddaert, 1783)",2476373,-19.274953,-40.004996,367.0,SOUTH_AMERICA,Espírito Santo,2024,1,,2024-01-05T08:59,False,Francisco V. Bezerra Neto,iNaturalist,http://creativecommons.org/licenses/by-nc/4.0/,Francisco V. Bezerra Neto,https://inaturalist-open-data.s3.amazonaws.com/photos/351114132/original.jpg; https://inaturalist-open-data.s3.amazonaws.com/photos/351114143/original.jpg; https://inaturalist-open-data.s3.amazonaws.com/photos/351114150/original.jpg,k-brazil,2024-10-26 05:46:32
original_4522792731_2.jpg,4060951,Varronia curassavica,1.155,"Calliphlox amethystina (Boddaert, 1783)",2476373,-19.274953,-40.004996,367.0,SOUTH_AMERICA,Espírito Santo,2024,1,,2024-01-05T08:59,False,Francisco V. Bezerra Neto,iNaturalist,http://creativecommons.org/licenses/by-nc/4.0/,Francisco V. Bezerra Neto,https://inaturalist-open-data.s3.amazonaws.com/photos/351114132/original.jpg; https://inaturalist-open-data.s3.amazonaws.com/photos/351114143/original.jpg; https://inaturalist-open-data.s3.amazonaws.com/photos/351114150/original.jpg,k-brazil,2024-10-26 05:46:34
original_4522792731_3.jpg,5421144,Dodonaea viscosa,0.5890000000000001,"Calliphlox amethystina (Boddaert, 1783)",2476373,-19.274953,-40.004996,367.0,SOUTH_AMERICA,Espírito Santo,2024,1,,2024-01-05T08:59,False,Francisco V. Bezerra Neto,iNaturalist,http://creativecommons.org/licenses/by-nc/4.0/,Francisco V. Bezerra Neto,https://inaturalist-open-data.s3.amazonaws.com/photos/351114132/original.jpg; https://inaturalist-open-data.s3.amazonaws.com/photos/351114143/original.jpg; https://inaturalist-open-data.s3.amazonaws.com/photos/351114150/original.jpg,k-brazil,2024-10-26 05:46:36
original_4522819919_1.jpg,2925303,Lantana camara,89.724,"Calliphlox amethystina (Boddaert, 1783)",2476373,-19.274953,-40.004996,367.0,SOUTH_AMERICA,Espírito Santo,2024,1,,2024-01-05T10:48,False,Francisco V. Bezerra Neto,iNaturalist,http://creativecommons.org/licenses/by-nc/4.0/,Francisco V. Bezerra Neto,https://inaturalist-open-data.s3.amazonaws.com/photos/351114237/original.jpg,k-brazil,2024-10-26 05:46:38
original_4528346070_1.jpeg,5400111,Tilesia baccata,7.146,"Calliphlox amethystina (Boddaert, 1783)",2476373,-19.976408,-43.86489,,SOUTH_AMERICA,Minas Gerais,2024,2,,2024-02-26T08:30,False,agujaceratops,iNaturalist,http://creativecommons.org/licenses/by/4.0/,agujaceratops,https://inaturalist-open-data.s3.amazonaws.com/photos/353816692/original.jpeg; https://inaturalist-open-data.s3.amazonaws.com/photos/353816806/original.jpeg,k-brazil,2024-10-26 05:46:45
original_4528346070_2.jpeg,2925303,Lantana camara,12.445,"Calliphlox amethystina (Boddaert, 1783)",2476373,-19.976408,-43.86489,,SOUTH_AMERICA,Minas Gerais,2024,2,,2024-02-26T08:30,False,agujaceratops,iNaturalist,http://creativecommons.org/licenses/by/4.0/,agujaceratops,https://inaturalist-open-data.s3.amazonaws.com/photos/353816692/original.jpeg; https://inaturalist-open-data.s3.amazonaws.com/photos/353816806/original.jpeg,k-brazil,2024-10-26 05:46:47
original_4596857484_3.jpeg,4924659,Leonotis nepetifolia,0.959,"Calliphlox amethystina (Boddaert, 1783)",2476373,-21.737877,-41.299021,27.0,SOUTH_AMERICA,Rio de Janeiro,2023,11,,2023-11-04T11:06:17,False,Pablo Cauã da Silva Toledo,iNaturalist,http://creativecommons.org/licenses/by/4.0/,Pablo Cauã da Silva Toledo,https://inaturalist-open-data.s3.amazonaws.com/photos/332891462/original.jpeg; https://inaturalist-open-data.s3.amazonaws.com/photos/332891474/original.jpeg; https://inaturalist-open-data.s3.amazonaws.com/photos/332891489/original.jpeg; https://inaturalist-open-data.s3.amazonaws.com/photos/332891516/original.jpeg,k-brazil,2024-10-26 05:46:51
original_4596857484_4.jpeg,3110183,Gongylolepis martiana,11.691,"Calliphlox amethystina (Boddaert, 1783)",2476373,-21.737877,-41.299021,27.0,SOUTH_AMERICA,Rio de Janeiro,2023,11,,2023-11-04T11:06:17,False,Pablo Cauã da Silva Toledo,iNaturalist,http://creativecommons.org/licenses/by/4.0/,Pablo Cauã da Silva Toledo,https://inaturalist-open-data.s3.amazonaws.com/photos/332891462/original.jpeg; https://inaturalist-open-data.s3.amazonaws.com/photos/332891474/original.jpeg; https://inaturalist-open-data.s3.amazonaws.com/photos/332891489/original.jpeg; https://inaturalist-open-data.s3.amazonaws.com/photos/332891516/original.jpeg,k-brazil,2024-10-26 05:46:52
original_4597132119_1.jpg,7116158,Sphaeralcea bonariensis,0.383,"Calliphlox amethystina (Boddaert, 1783)",2476373,-16.829122,-42.97798,30780.0,SOUTH_AMERICA,Minas Gerais,2024,3,,2024-03-02T10:58,False,Ben P,iNaturalist,http://creativecommons.org/licenses/by/4.0/,Ben P,https://inaturalist-open-data.s3.amazonaws.com/photos/358387577/original.jpg; https://inaturalist-open-data.s3.amazonaws.com/photos/358387578/original.jpg; https://inaturalist-open-data.s3.amazonaws.com/photos/358387583/original.jpg; https://inaturalist-open-data.s3.amazonaws.com/photos/358387586/original.jpg; https://inaturalist-open-data.s3.amazonaws.com/photos/358387587/original.jpg,k-brazil,2024-10-26 05:46:55
original_4597132119_2.jpg,3678752,Ipomoea argentea,1.093,"Calliphlox amethystina (Boddaert, 1783)",2476373,-16.829122,-42.97798,30780.0,SOUTH_AMERICA,Minas Gerais,2024,3,,2024-03-02T10:58,False,Ben P,iNaturalist,http://creativecommons.org/licenses/by/4.0/,Ben P,https://inaturalist-open-data.s3.amazonaws.com/photos/358387577/original.jpg; https://inaturalist-open-data.s3.amazonaws.com/photos/358387578/original.jpg; https://inaturalist-open-data.s3.amazonaws.com/photos/358387583/original.jpg; https://inaturalist-open-data.s3.amazonaws.com/photos/358387586/original.jpg; https://inaturalist-open-data.s3.amazonaws.com/photos/358387587/original.jpg,k-brazil,2024-10-26 05:46:57
original_4597132119_3.jpg,7299914,Cestrum reflexum,0.729,"Calliphlox amethystina (Boddaert, 1783)",2476373,-16.829122,-42.97798,30780.0,SOUTH_AMERICA,Minas Gerais,2024,3,,2024-03-02T10:58,False,Ben P,iNaturalist,http://creativecommons.org/licenses/by/4.0/,Ben P,https://inaturalist-open-data.s3.amazonaws.com/photos/358387577/original.jpg; https://inaturalist-open-data.s3.amazonaws.com/photos/358387578/original.jpg; https://inaturalist-open-data.s3.amazonaws.com/photos/358387583/original.jpg; https://inaturalist-open-data.s3.amazonaws.com/photos/358387586/original.jpg; https://inaturalist-open-data.s3.amazonaws.com/photos/358387587/original.jpg,k-brazil,2024-10-26 05:46:59
original_4597132119_4.jpg,3678752,Ipomoea argentea,0.449,"Calliphlox amethystina (Boddaert, 1783)",2476373,-16.829122,-42.97798,30780.0,SOUTH_AMERICA,Minas Gerais,2024,3,,2024-03-02T10:58,False,Ben P,iNaturalist,http://creativecommons.org/licenses/by/4.0/,Ben P,https://inaturalist-open-data.s3.amazonaws.com/photos/358387577/original.jpg; https://inaturalist-open-data.s3.amazonaws.com/photos/358387578/original.jpg; https://inaturalist-open-data.s3.amazonaws.com/photos/358387583/original.jpg; https://inaturalist-open-data.s3.amazonaws.com/photos/358387586/original.jpg; https://inaturalist-open-data.s3.amazonaws.com/photos/358387587/original.jpg,k-brazil,2024-10-26 05:47:01
original_4597132119_5.jpg,5406665,Waltheria indica,1.7670000000000001,"Calliphlox amethystina (Boddaert, 1783)",2476373,-16.829122,-42.97798,30780.0,SOUTH_AMERICA,Minas Gerais,2024,3,,2024-03-02T10:58,False,Ben P,iNaturalist,http://creativecommons.org/licenses/by/4.0/,Ben P,https://inaturalist-open-data.s3.amazonaws.com/photos/358387577/original.jpg; https://inaturalist-open-data.s3.amazonaws.com/photos/358387578/original.jpg; https://inaturalist-open-data.s3.amazonaws.com/photos/358387583/original.jpg; https://inaturalist-open-data.s3.amazonaws.com/photos/358387586/original.jpg; https://inaturalist-open-data.s3.amazonaws.com/photos/358387587/original.jpg,k-brazil,2024-10-26 05:47:03
original_4600118757_1.jpeg,4092017,Handroanthus serratifolius,3.1530000000000005,"Calliphlox amethystina (Boddaert, 1783)",2476373,-24.027792,-49.461563,4795.0,SOUTH_AMERICA,São Paulo,2024,1,,2024-01-31T12:09,False,M. A. Lagares,iNaturalist,http://creativecommons.org/licenses/by-nc/4.0/,M. A. Lagares,https://inaturalist-open-data.s3.amazonaws.com/photos/360312842/original.jpeg; https://inaturalist-open-data.s3.amazonaws.com/photos/360312860/original.jpeg,k-brazil,2024-10-26 05:47:06
original_4600118757_2.jpeg,5349620,Erythrina fusca,1.7389999999999999,"Calliphlox amethystina (Boddaert, 1783)",2476373,-24.027792,-49.461563,4795.0,SOUTH_AMERICA,São Paulo,2024,1,,2024-01-31T12:09,False,M. A. Lagares,iNaturalist,http://creativecommons.org/licenses/by-nc/4.0/,M. A. Lagares,https://inaturalist-open-data.s3.amazonaws.com/photos/360312842/original.jpeg; https://inaturalist-open-data.s3.amazonaws.com/photos/360312860/original.jpeg,k-brazil,2024-10-26 05:47:08
original_4600161973_1.jpeg,2695588,Tillandsia recurvata,48.193000000000005,"Calliphlox amethystina (Boddaert, 1783)",2476373,-23.208622,-46.966381,2.0,SOUTH_AMERICA,São Paulo,2023,10,,2023-10-21T07:34,False,miguelmagro,iNaturalist,http://creativecommons.org/licenses/by-nc/4.0/,miguelmagro,https://inaturalist-open-data.s3.amazonaws.com/photos/359772174/original.jpeg,k-brazil,2024-10-26 05:47:10
original_4606692136_4.jpeg,5407096,Annona crassiflora,6.857,"Calliphlox amethystina (Boddaert, 1783)",2476373,-19.521147,-43.458437,,SOUTH_AMERICA,Minas Gerais,2024,3,,2024-03-20T10:07:38,False,camilee,iNaturalist,http://creativecommons.org/licenses/by-nc/4.0/,camilee,https://inaturalist-open-data.s3.amazonaws.com/photos/359979489/original.jpeg; https://inaturalist-open-data.s3.amazonaws.com/photos/359979508/original.jpeg; https://inaturalist-open-data.s3.amazonaws.com/photos/359979525/original.jpeg; https://inaturalist-open-data.s3.amazonaws.com/photos/359979544/original.jpeg; https://inaturalist-open-data.s3.amazonaws.com/photos/359979559/original.jpeg,k-brazil,2024-10-26 05:47:18
original_4606692136_5.jpeg,3882686,Salvia uliginosa,0.943,"Calliphlox amethystina (Boddaert, 1783)",2476373,-19.521147,-43.458437,,SOUTH_AMERICA,Minas Gerais,2024,3,,2024-03-20T10:07:38,False,camilee,iNaturalist,http://creativecommons.org/licenses/by-nc/4.0/,camilee,https://inaturalist-open-data.s3.amazonaws.com/photos/359979489/original.jpeg; https://inaturalist-open-data.s3.amazonaws.com/photos/359979508/original.jpeg; https://inaturalist-open-data.s3.amazonaws.com/photos/359979525/original.jpeg; https://inaturalist-open-data.s3.amazonaws.com/photos/359979544/original.jpeg; https://inaturalist-open-data.s3.amazonaws.com/photos/359979559/original.jpeg,k-brazil,2024-10-26 05:47:20
original_4607392612_1.jpg,8403992,Capsicum frutescens,74.119,"Calliphlox amethystina (Boddaert, 1783)",2476373,-23.235374,-46.970804,11.0,SOUTH_AMERICA,São Paulo,2024,3,,2024-03-30T11:46:48,False,sandiamant,iNaturalist,http://creativecommons.org/licenses/by-nc/4.0/,sandiamant,https://inaturalist-open-data.s3.amazonaws.com/photos/361655089/original.jpg; https://inaturalist-open-data.s3.amazonaws.com/photos/361655125/original.jpg; https://inaturalist-open-data.s3.amazonaws.com/photos/361655151/original.jpg,k-brazil,2024-10-26 05:47:21
original_4607392612_2.jpg,2932944,Capsicum annuum,11.268,"Calliphlox amethystina (Boddaert, 1783)",2476373,-23.235374,-46.970804,11.0,SOUTH_AMERICA,São Paulo,2024,3,,2024-03-30T11:46:48,False,sandiamant,iNaturalist,http://creativecommons.org/licenses/by-nc/4.0/,sandiamant,https://inaturalist-open-data.s3.amazonaws.com/photos/361655089/original.jpg; https://inaturalist-open-data.s3.amazonaws.com/photos/361655125/original.jpg; https://inaturalist-open-data.s3.amazonaws.com/photos/361655151/original.jpg,k-brazil,2024-10-26 05:47:23
original_4607392612_3.jpg,3107187,Senecio tamoides,27.869,"Calliphlox amethystina (Boddaert, 1783)",2476373,-23.235374,-46.970804,11.0,SOUTH_AMERICA,São Paulo,2024,3,,2024-03-30T11:46:48,False,sandiamant,iNaturalist,http://creativecommons.org/licenses/by-nc/4.0/,sandiamant,https://inaturalist-open-data.s3.amazonaws.com/photos/361655089/original.jpg; https://inaturalist-open-data.s3.amazonaws.com/photos/361655125/original.jpg; https://inaturalist-open-data.s3.amazonaws.com/photos/361655151/original.jpg,k-brazil,2024-10-26 05:47:24
original_4846997692_1.jpeg,5331164,Flacourtia jangomas,6.866999999999999,"Calliphlox amethystina (Boddaert, 1783)",2476373,4.878993,-52.359293,85.0,SOUTH_AMERICA,Cayenne,2016,3,,2016-03-27T07:04,False,Thomas Diemer,iNaturalist,http://creativecommons.org/licenses/by-nc/4.0/,Thomas Diemer,https://inaturalist-open-data.s3.amazonaws.com/photos/341818312/original.jpeg,k-northern-south-america,2024-10-26 05:47:26
original_4851928390_1.jpeg,5355133,Machaerium quinata,4.115,"Calliphlox amethystina (Boddaert, 1783)",2476373,-19.365376,-42.54898,1778.0,SOUTH_AMERICA,Minas Gerais,2024,4,,2024-04-17T09:02,False,Nil Rodrigues,iNaturalist,http://creativecommons.org/licenses/by-nc/4.0/,Nil Rodrigues,https://inaturalist-open-data.s3.amazonaws.com/photos/368348973/original.jpeg,k-brazil,2024-10-26 05:47:28
original_4852164542_1.jpg,3083180,Bertholletia excelsa,0.8089999999999999,"Calliphlox amethystina (Boddaert, 1783)",2476373,-19.910498,-40.519331,19.0,SOUTH_AMERICA,Espírito Santo,2024,1,,2024-01-20T11:11,False,Leonardo Merçon,iNaturalist,http://creativecommons.org/licenses/by-nc/4.0/,Leonardo Merçon,https://inaturalist-open-data.s3.amazonaws.com/photos/371235493/original.jpg; https://inaturalist-open-data.s3.amazonaws.com/photos/371235494/original.jpg; https://inaturalist-open-data.s3.amazonaws.com/photos/371235497/original.jpg,k-brazil,2024-10-26 05:47:30
original_4852164542_2.jpg,8688929,Ceiba speciosa,1.879,"Calliphlox amethystina (Boddaert, 1783)",2476373,-19.910498,-40.519331,19.0,SOUTH_AMERICA,Espírito Santo,2024,1,,2024-01-20T11:11,False,Leonardo Merçon,iNaturalist,http://creativecommons.org/licenses/by-nc/4.0/,Leonardo Merçon,https://inaturalist-open-data.s3.amazonaws.com/photos/371235493/original.jpg; https://inaturalist-open-data.s3.amazonaws.com/photos/371235494/original.jpg; https://inaturalist-open-data.s3.amazonaws.com/photos/371235497/original.jpg,k-brazil,2024-10-26 05:47:32
original_4855169944_1.jpg,3190533,Schinopsis balansae,1.011,"Calliphlox amethystina (Boddaert, 1783)",2476373,-14.91243,-45.971144,369.0,SOUTH_AMERICA,Bahia,2024,5,,2024-05-01T09:28:05,False,Pedro Igor Monteiro,iNaturalist,http://creativecommons.org/licenses/by-nc/4.0/,Pedro Igor Monteiro,https://inaturalist-open-data.s3.amazonaws.com/photos/375856258/original.jpg,k-brazil,2024-10-26 05:47:34
original_4867847678_1.jpg,5314198,Brassavola tuberculata,5.753,"Calliphlox amethystina (Boddaert, 1783)",2476373,-2.533575,-54.922814,116.0,SOUTH_AMERICA,Pará,2023,9,,2023-09-29T10:31,False,IPBio - Reserva Jutuarana,iNaturalist,http://creativecommons.org/licenses/by-nc/4.0/,IPBio - Reserva Jutuarana,https://inaturalist-open-data.s3.amazonaws.com/photos/384354991/original.jpg; https://inaturalist-open-data.s3.amazonaws.com/photos/384354997/original.jpg; https://inaturalist-open-data.s3.amazonaws.com/photos/384355008/original.jpg; https://inaturalist-open-data.s3.amazonaws.com/photos/384355016/original.jpeg; https://inaturalist-open-data.s3.amazonaws.com/photos/384355021/original.jpeg; https://inaturalist-open-data.s3.amazonaws.com/photos/384355055/original.jpeg,k-brazil,2024-10-26 05:47:38
original_4867847678_2.jpeg,4092242,Handroanthus impetiginosus,7.829999999999999,"Calliphlox amethystina (Boddaert, 1783)",2476373,-2.533575,-54.922814,116.0,SOUTH_AMERICA,Pará,2023,9,,2023-09-29T10:31,False,IPBio - Reserva Jutuarana,iNaturalist,http://creativecommons.org/licenses/by-nc/4.0/,IPBio - Reserva Jutuarana,https://inaturalist-open-data.s3.amazonaws.com/photos/384354991/original.jpg; https://inaturalist-open-data.s3.amazonaws.com/photos/384354997/original.jpg; https://inaturalist-open-data.s3.amazonaws.com/photos/384355008/original.jpg; https://inaturalist-open-data.s3.amazonaws.com/photos/384355016/original.jpeg; https://inaturalist-open-data.s3.amazonaws.com/photos/384355021/original.jpeg; https://inaturalist-open-data.s3.amazonaws.com/photos/384355055/original.jpeg,k-brazil,2024-10-26 05:47:40
original_4867847678_4.jpg,4092146,Handroanthus ochraceus,3.3689999999999998,"Calliphlox amethystina (Boddaert, 1783)",2476373,-2.533575,-54.922814,116.0,SOUTH_AMERICA,Pará,2023,9,,2023-09-29T10:31,False,IPBio - Reserva Jutuarana,iNaturalist,http://creativecommons.org/licenses/by-nc/4.0/,IPBio - Reserva Jutuarana,https://inaturalist-open-data.s3.amazonaws.com/photos/384354991/original.jpg; https://inaturalist-open-data.s3.amazonaws.com/photos/384354997/original.jpg; https://inaturalist-open-data.s3.amazonaws.com/photos/384355008/original.jpg; https://inaturalist-open-data.s3.amazonaws.com/photos/384355016/original.jpeg; https://inaturalist-open-data.s3.amazonaws.com/photos/384355021/original.jpeg; https://inaturalist-open-data.s3.amazonaws.com/photos/384355055/original.jpeg,k-brazil,2024-10-26 05:47:44
original_4867847678_5.jpeg,4092242,Handroanthus impetiginosus,18.043,"Calliphlox amethystina (Boddaert, 1783)",2476373,-2.533575,-54.922814,116.0,SOUTH_AMERICA,Pará,2023,9,,2023-09-29T10:31,False,IPBio - Reserva Jutuarana,iNaturalist,http://creativecommons.org/licenses/by-nc/4.0/,IPBio - Reserva Jutuarana,https://inaturalist-open-data.s3.amazonaws.com/photos/384354991/original.jpg; https://inaturalist-open-data.s3.amazonaws.com/photos/384354997/original.jpg; https://inaturalist-open-data.s3.amazonaws.com/photos/384355008/original.jpg; https://inaturalist-open-data.s3.amazonaws.com/photos/384355016/original.jpeg; https://inaturalist-open-data.s3.amazonaws.com/photos/384355021/original.jpeg; https://inaturalist-open-data.s3.amazonaws.com/photos/384355055/original.jpeg,k-brazil,2024-10-26 05:47:46
original_4872323526_1.jpeg,3866517,Bellucia pentamera,2.804,"Calliphlox amethystina (Boddaert, 1783)",2476373,-19.956284,-40.60644,229.0,SOUTH_AMERICA,Espírito Santo,2024,5,,2024-05-14T14:47,False,Nil Rodrigues,iNaturalist,http://creativecommons.org/licenses/by-nc/4.0/,Nil Rodrigues,https://inaturalist-open-data.s3.amazonaws.com/photos/386629608/original.jpeg,k-brazil,2024-10-26 05:47:49
original_4891635917_1.jpeg,2969431,Mimosa pigra,0.877,"Calliphlox amethystina (Boddaert, 1783)",2476373,-23.659638,-46.8568,253.0,SOUTH_AMERICA,São Paulo,2022,9,,2022-09-18T12:19:06,False,Felipe Andreucci,iNaturalist,http://creativecommons.org/licenses/by-nc/4.0/,Felipe Andreucci,https://inaturalist-open-data.s3.amazonaws.com/photos/391014255/original.jpeg,k-brazil,2024-10-26 05:47:51
original_4891772777_1.jpg,2925463,Stachytarpheta jamaicensis,57.865,"Calliphlox amethystina (Boddaert, 1783)",2476373,4.816111,-52.333056,2162.0,SOUTH_AMERICA,Cayenne,2020,7,,2020-07-14T23:49,False,christian marty,iNaturalist,http://creativecommons.org/licenses/by-nc/4.0/,christian marty,https://inaturalist-open-data.s3.amazonaws.com/photos/386748355/original.jpg,k-northern-south-america,2024-10-26 05:47:52
original_4903809005_1.jpeg,5379861,Sapium haematospermum,0.679,"Calliphlox amethystina (Boddaert, 1783)",2476373,-14.191999,-47.804371,354.0,SOUTH_AMERICA,Goiás,2024,6,,2024-06-16T08:24,False,M. A. Lagares,iNaturalist,http://creativecommons.org/licenses/by-nc/4.0/,M. A. Lagares,https://inaturalist-open-data.s3.amazonaws.com/photos/399440981/original.jpeg; https://inaturalist-open-data.s3.amazonaws.com/photos/399440987/original.jpeg; https://inaturalist-open-data.s3.amazonaws.com/photos/399440997/original.jpeg,k-brazil,2024-10-26 05:47:54
original_4903809005_2.jpeg,5418198,Eugenia myrcianthes,1.7420000000000002,"Calliphlox amethystina (Boddaert, 1783)",2476373,-14.191999,-47.804371,354.0,SOUTH_AMERICA,Goiás,2024,6,,2024-06-16T08:24,False,M. A. Lagares,iNaturalist,http://creativecommons.org/licenses/by-nc/4.0/,M. A. Lagares,https://inaturalist-open-data.s3.amazonaws.com/photos/399440981/original.jpeg; https://inaturalist-open-data.s3.amazonaws.com/photos/399440987/original.jpeg; https://inaturalist-open-data.s3.amazonaws.com/photos/399440997/original.jpeg,k-brazil,2024-10-26 05:47:57
original_4903809005_3.jpeg,5379861,Sapium haematospermum,2.2960000000000003,"Calliphlox amethystina (Boddaert, 1783)",2476373,-14.191999,-47.804371,354.0,SOUTH_AMERICA,Goiás,2024,6,,2024-06-16T08:24,False,M. A. Lagares,iNaturalist,http://creativecommons.org/licenses/by-nc/4.0/,M. A. Lagares,https://inaturalist-open-data.s3.amazonaws.com/photos/399440981/original.jpeg; https://inaturalist-open-data.s3.amazonaws.com/photos/399440987/original.jpeg; https://inaturalist-open-data.s3.amazonaws.com/photos/399440997/original.jpeg,k-brazil,2024-10-26 05:47:59
original_4903862824_1.jpeg,3990142,Cuphea melvilla,12.137,"Calliphlox amethystina (Boddaert, 1783)",2476373,-16.397266,-40.975895,203.0,SOUTH_AMERICA,Minas Gerais,2024,6,,2024-06-30T10:55:57,False,Bia Caitano,iNaturalist,http://creativecommons.org/licenses/by-nc/4.0/,Bia Caitano,https://inaturalist-open-data.s3.amazonaws.com/photos/401308916/original.jpeg; https://inaturalist-open-data.s3.amazonaws.com/photos/401308959/original.jpeg,k-brazil,2024-10-26 05:48:01
original_4903862824_2.jpeg,3990142,Cuphea melvilla,6.188,"Calliphlox amethystina (Boddaert, 1783)",2476373,-16.397266,-40.975895,203.0,SOUTH_AMERICA,Minas Gerais,2024,6,,2024-06-30T10:55:57,False,Bia Caitano,iNaturalist,http://creativecommons.org/licenses/by-nc/4.0/,Bia Caitano,https://inaturalist-open-data.s3.amazonaws.com/photos/401308916/original.jpeg; https://inaturalist-open-data.s3.amazonaws.com/photos/401308959/original.jpeg,k-brazil,2024-10-26 05:48:02
original_4904048891_1.jpeg,5406697,Ceiba pentandra,2.261,"Calliphlox amethystina (Boddaert, 1783)",2476373,-20.098756,-43.487617,2235.0,SOUTH_AMERICA,Minas Gerais,2011,4,,2011-04-18T14:26,False,Thomas Bitsch,iNaturalist,http://creativecommons.org/licenses/by-nc/4.0/,Thomas Bitsch,https://inaturalist-open-data.s3.amazonaws.com/photos/402033759/original.jpeg,k-brazil,2024-10-26 05:48:07
original_4908438328_1.jpg,Unknown,Unknown,0,"Calliphlox amethystina (Boddaert, 1783)",2476373,-20.582237,-41.764588,454.0,SOUTH_AMERICA,Espírito Santo,2018,1,,2018-01-01T17:47,False,Leonardo Merçon,iNaturalist,http://creativecommons.org/licenses/by-nc/4.0/,Leonardo Merçon,https://inaturalist-open-data.s3.amazonaws.com/photos/402999241/original.jpg,k-brazil,2024-10-26 05:48:12
original_4908479619_1.jpg,Unknown,Unknown,0,"Calliphlox amethystina (Boddaert, 1783)",2476373,-20.582237,-41.764588,454.0,SOUTH_AMERICA,Espírito Santo,2018,1,,2018-01-01T17:14,False,Leonardo Merçon,iNaturalist,http://creativecommons.org/licenses/by-nc/4.0/,Leonardo Merçon,https://inaturalist-open-data.s3.amazonaws.com/photos/402999235/original.jpg; https://inaturalist-open-data.s3.amazonaws.com/photos/402999237/original.jpg,k-brazil,2024-10-26 05:48:14
original_4908479619_2.jpg,Unknown,Unknown,0,"Calliphlox amethystina (Boddaert, 1783)",2476373,-20.582237,-41.764588,454.0,SOUTH_AMERICA,Espírito Santo,2018,1,,2018-01-01T17:14,False,Leonardo Merçon,iNaturalist,http://creativecommons.org/licenses/by-nc/4.0/,Leonardo Merçon,https://inaturalist-open-data.s3.amazonaws.com/photos/402999235/original.jpg; https://inaturalist-open-data.s3.amazonaws.com/photos/402999237/original.jpg,k-brazil,2024-10-26 05:48:15
original_4909187126_1.jpg,5342608,Pterodon emarginatus,6.8500000000000005,"Calliphlox amethystina (Boddaert, 1783)",2476373,-15.841607,-48.913388,198.0,SOUTH_AMERICA,Goiás,2024,7,,2024-07-11T08:40,False,jbio,iNaturalist,http://creativecommons.org/licenses/by-nc/4.0/,jbio,https://inaturalist-open-data.s3.amazonaws.com/photos/408329060/original.jpg,k-brazil,2024-10-26 05:48:18
original_4919730835_1.jpg,7649215,Cordia alliodora,1.413,"Calliphlox amethystina (Boddaert, 1783)",2476373,-20.346343,-46.37838,8.0,SOUTH_AMERICA,Minas Gerais,2024,7,,2024-07-23,False,Luciano Bernardes,iNaturalist,http://creativecommons.org/licenses/by-nc/4.0/,Luciano Bernardes,https://inaturalist-open-data.s3.amazonaws.com/photos/412309056/original.jpg,k-brazil,2024-10-26 05:48:20
