imageFileName,gbifIDPlant,speciesPlant,scorePlant,scientificNameBird,gbifIDBird,decimalLatitude,decimalLongitude,coordinateUncertaintyInMeters,continent,stateProvince,year,month,day,eventDate,dateFieldsValid,creator,publisher,license,rightsHolder,identifier,projectID,identificationDateTime
49073408343_b7a6b5ae04_b_2458348699_1.jpg,2895593,Genipa americana,5.634,"Chlorostilbon assimilis Lawrence, 1861",2476075,8.91916,-79.535095,250.0,NORTH_AMERICA,nan,2018,8,2,2018-08-02T00:00,True,Unknown,Unknown,Unknown,Unknown,https://live.staticflickr.com/65535/49073408343_b7a6b5ae04_b.jpg,k-central-america,2024-10-22 07:36:43
original_1572371078_1.jpeg,2925462,Stachytarpheta mutabilis,71.519,"Chlorostilbon assimilis Lawrence, 1861",2476075,9.831471,-83.562324,210.0,NORTH_AMERICA,Cartago,2017,6,27,2017-06-27T12:21,True,Chris Rohrer,iNaturalist,http://creativecommons.org/licenses/by-nc/4.0/,Chris Rohrer,https://inaturalist-open-data.s3.amazonaws.com/photos/8874792/original.jpeg,k-central-america,2024-10-22 07:36:46
original_1572399278_1.jpg,7297130,Stachytarpheta frantzii,52.376,"Chlorostilbon assimilis Lawrence, 1861",2476075,9.831471,-83.562324,210.0,NORTH_AMERICA,Cartago,2017,6,24,2017-06-24T09:50,True,Gordon Karre,iNaturalist,http://creativecommons.org/licenses/by-nc/4.0/,Gordon Karre,https://inaturalist-open-data.s3.amazonaws.com/photos/9027238/original.jpg,k-central-america,2024-10-22 07:36:48
original_1914306974_1.jpeg,2897658,Rogiera amoena,98.303,"Chlorostilbon assimilis Lawrence, 1861",2476075,8.61986,-80.102928,100.0,NORTH_AMERICA,Panamá Oeste,2018,1,21,2018-01-21T15:42,True,Mark Nofsinger,iNaturalist,http://creativecommons.org/licenses/by-nc/4.0/,Mark Nofsinger,https://inaturalist-open-data.s3.amazonaws.com/photos/14906322/original.jpeg; https://inaturalist-open-data.s3.amazonaws.com/photos/14906325/original.jpeg; https://inaturalist-open-data.s3.amazonaws.com/photos/14906328/original.jpeg; https://inaturalist-open-data.s3.amazonaws.com/photos/14906331/original.jpeg,k-central-america,2024-10-22 07:36:50
original_1914306974_2.jpeg,2897658,Rogiera amoena,98.857,"Chlorostilbon assimilis Lawrence, 1861",2476075,8.61986,-80.102928,100.0,NORTH_AMERICA,Panamá Oeste,2018,1,21,2018-01-21T15:42,True,Mark Nofsinger,iNaturalist,http://creativecommons.org/licenses/by-nc/4.0/,Mark Nofsinger,https://inaturalist-open-data.s3.amazonaws.com/photos/14906322/original.jpeg; https://inaturalist-open-data.s3.amazonaws.com/photos/14906325/original.jpeg; https://inaturalist-open-data.s3.amazonaws.com/photos/14906328/original.jpeg; https://inaturalist-open-data.s3.amazonaws.com/photos/14906331/original.jpeg,k-central-america,2024-10-22 07:36:52
original_1914306974_3.jpeg,2897658,Rogiera amoena,98.87599999999999,"Chlorostilbon assimilis Lawrence, 1861",2476075,8.61986,-80.102928,100.0,NORTH_AMERICA,Panamá Oeste,2018,1,21,2018-01-21T15:42,True,Mark Nofsinger,iNaturalist,http://creativecommons.org/licenses/by-nc/4.0/,Mark Nofsinger,https://inaturalist-open-data.s3.amazonaws.com/photos/14906322/original.jpeg; https://inaturalist-open-data.s3.amazonaws.com/photos/14906325/original.jpeg; https://inaturalist-open-data.s3.amazonaws.com/photos/14906328/original.jpeg; https://inaturalist-open-data.s3.amazonaws.com/photos/14906331/original.jpeg,k-central-america,2024-10-22 07:36:53
original_1914306974_4.jpeg,2897658,Rogiera amoena,99.266,"Chlorostilbon assimilis Lawrence, 1861",2476075,8.61986,-80.102928,100.0,NORTH_AMERICA,Panamá Oeste,2018,1,21,2018-01-21T15:42,True,Mark Nofsinger,iNaturalist,http://creativecommons.org/licenses/by-nc/4.0/,Mark Nofsinger,https://inaturalist-open-data.s3.amazonaws.com/photos/14906322/original.jpeg; https://inaturalist-open-data.s3.amazonaws.com/photos/14906325/original.jpeg; https://inaturalist-open-data.s3.amazonaws.com/photos/14906328/original.jpeg; https://inaturalist-open-data.s3.amazonaws.com/photos/14906331/original.jpeg,k-central-america,2024-10-22 07:36:56
original_1914307312_1.jpeg,3172492,Tecoma stans,20.746000000000002,"Chlorostilbon assimilis Lawrence, 1861",2476075,8.982379,-79.51987,38698.0,NORTH_AMERICA,Panamá,2018,3,26,2018-03-26T14:45,True,zarapito,iNaturalist,http://creativecommons.org/licenses/by-nc/4.0/,zarapito,https://inaturalist-open-data.s3.amazonaws.com/photos/15857412/original.jpeg,k-central-america,2024-10-22 07:36:58
original_1990595480_1.jpeg,2925655,Duranta erecta,83.88600000000001,"Chlorostilbon assimilis Lawrence, 1861",2476075,8.68115,-82.603989,66.0,NORTH_AMERICA,Chiriquí,2019,1,23,2019-01-23T18:14:35,True,rick-uhlen,iNaturalist,http://creativecommons.org/licenses/by-nc/4.0/,rick-uhlen,https://inaturalist-open-data.s3.amazonaws.com/photos/30678323/original.jpeg; https://inaturalist-open-data.s3.amazonaws.com/photos/30678327/original.jpeg; https://inaturalist-open-data.s3.amazonaws.com/photos/30678332/original.jpeg,k-central-america,2024-10-22 07:37:01
original_1990595480_2.jpeg,3033937,Cissampelos pareira,5.18,"Chlorostilbon assimilis Lawrence, 1861",2476075,8.68115,-82.603989,66.0,NORTH_AMERICA,Chiriquí,2019,1,23,2019-01-23T18:14:35,True,rick-uhlen,iNaturalist,http://creativecommons.org/licenses/by-nc/4.0/,rick-uhlen,https://inaturalist-open-data.s3.amazonaws.com/photos/30678323/original.jpeg; https://inaturalist-open-data.s3.amazonaws.com/photos/30678327/original.jpeg; https://inaturalist-open-data.s3.amazonaws.com/photos/30678332/original.jpeg,k-central-america,2024-10-22 07:37:04
original_1990595480_3.jpeg,2925655,Duranta erecta,65.616,"Chlorostilbon assimilis Lawrence, 1861",2476075,8.68115,-82.603989,66.0,NORTH_AMERICA,Chiriquí,2019,1,23,2019-01-23T18:14:35,True,rick-uhlen,iNaturalist,http://creativecommons.org/licenses/by-nc/4.0/,rick-uhlen,https://inaturalist-open-data.s3.amazonaws.com/photos/30678323/original.jpeg; https://inaturalist-open-data.s3.amazonaws.com/photos/30678327/original.jpeg; https://inaturalist-open-data.s3.amazonaws.com/photos/30678332/original.jpeg,k-central-america,2024-10-22 07:37:06
original_1990595813_1.jpeg,5361926,Ficus americana,6.307,"Chlorostilbon assimilis Lawrence, 1861",2476075,8.681076,-82.603957,33.0,NORTH_AMERICA,Chiriquí,2019,1,22,2019-01-22T10:28:58,True,rick-uhlen,iNaturalist,http://creativecommons.org/licenses/by-nc/4.0/,rick-uhlen,https://inaturalist-open-data.s3.amazonaws.com/photos/30680254/original.jpeg; https://inaturalist-open-data.s3.amazonaws.com/photos/30680258/original.jpeg; https://inaturalist-open-data.s3.amazonaws.com/photos/30680265/original.jpeg,k-central-america,2024-10-22 07:37:08
original_1990595813_2.jpeg,3182605,Syzygium australe,2.511,"Chlorostilbon assimilis Lawrence, 1861",2476075,8.681076,-82.603957,33.0,NORTH_AMERICA,Chiriquí,2019,1,22,2019-01-22T10:28:58,True,rick-uhlen,iNaturalist,http://creativecommons.org/licenses/by-nc/4.0/,rick-uhlen,https://inaturalist-open-data.s3.amazonaws.com/photos/30680254/original.jpeg; https://inaturalist-open-data.s3.amazonaws.com/photos/30680258/original.jpeg; https://inaturalist-open-data.s3.amazonaws.com/photos/30680265/original.jpeg,k-central-america,2024-10-22 07:37:10
original_2005279940_1.jpeg,2925655,Duranta erecta,82.395,"Chlorostilbon assimilis Lawrence, 1861",2476075,8.681138,-82.603919,33.0,NORTH_AMERICA,Chiriquí,2019,1,28,2019-01-28T17:46:37,True,rick-uhlen,iNaturalist,http://creativecommons.org/licenses/by-nc/4.0/,rick-uhlen,https://inaturalist-open-data.s3.amazonaws.com/photos/30974043/original.jpeg; https://inaturalist-open-data.s3.amazonaws.com/photos/30974053/original.jpeg,k-central-america,2024-10-22 07:37:13
original_2005279940_2.jpeg,2925655,Duranta erecta,43.803,"Chlorostilbon assimilis Lawrence, 1861",2476075,8.681138,-82.603919,33.0,NORTH_AMERICA,Chiriquí,2019,1,28,2019-01-28T17:46:37,True,rick-uhlen,iNaturalist,http://creativecommons.org/licenses/by-nc/4.0/,rick-uhlen,https://inaturalist-open-data.s3.amazonaws.com/photos/30974043/original.jpeg; https://inaturalist-open-data.s3.amazonaws.com/photos/30974053/original.jpeg,k-central-america,2024-10-22 07:37:16
original_2005279972_1.jpeg,3083512,Anredera vesicaria,6.583,"Chlorostilbon assimilis Lawrence, 1861",2476075,8.681289,-82.603957,33.0,NORTH_AMERICA,Chiriquí,2019,1,25,2019-01-25T10:50:18,True,rick-uhlen,iNaturalist,http://creativecommons.org/licenses/by-nc/4.0/,rick-uhlen,https://inaturalist-open-data.s3.amazonaws.com/photos/30975816/original.jpeg; https://inaturalist-open-data.s3.amazonaws.com/photos/30975824/original.jpeg,k-central-america,2024-10-22 07:37:18
original_2005279972_2.jpeg,7286888,Bursera grandifolia,2.292,"Chlorostilbon assimilis Lawrence, 1861",2476075,8.681289,-82.603957,33.0,NORTH_AMERICA,Chiriquí,2019,1,25,2019-01-25T10:50:18,True,rick-uhlen,iNaturalist,http://creativecommons.org/licenses/by-nc/4.0/,rick-uhlen,https://inaturalist-open-data.s3.amazonaws.com/photos/30975816/original.jpeg; https://inaturalist-open-data.s3.amazonaws.com/photos/30975824/original.jpeg,k-central-america,2024-10-22 07:37:20
original_2238883944_1.jpeg,2925303,Lantana camara,28.455000000000002,"Chlorostilbon assimilis Lawrence, 1861",2476075,8.933276,-79.5455,672.0,NORTH_AMERICA,Panamá,2019,4,27,2019-04-27T17:22,True,Rebecca Hill,iNaturalist,http://creativecommons.org/licenses/by-nc/4.0/,Rebecca Hill,https://inaturalist-open-data.s3.amazonaws.com/photos/36397899/original.jpeg,k-central-america,2024-10-22 07:37:23
original_2238981366_1.jpeg,2925332,Lantana canescens,43.620999999999995,"Chlorostilbon assimilis Lawrence, 1861",2476075,9.065223,-79.645298,180.0,NORTH_AMERICA,Panamá,2019,4,29,2019-04-29,True,RUTH PIERSON,iNaturalist,http://creativecommons.org/licenses/by-nc/4.0/,RUTH PIERSON,https://inaturalist-open-data.s3.amazonaws.com/photos/37254180/original.jpeg,k-central-america,2024-10-22 07:37:25
original_2242900701_1.jpeg,5417751,Eugenia foetida,5.739,"Chlorostilbon assimilis Lawrence, 1861",2476075,9.033835,-79.734567,61.0,NORTH_AMERICA,Panamá Oeste,2019,4,20,2019-04-20,True,jarauzg,iNaturalist,http://creativecommons.org/licenses/by-nc/4.0/,jarauzg,https://inaturalist-open-data.s3.amazonaws.com/photos/38335481/original.jpg; https://inaturalist-open-data.s3.amazonaws.com/photos/38338009/original.jpeg; https://inaturalist-open-data.s3.amazonaws.com/photos/38338039/original.jpeg,k-central-america,2024-10-22 07:37:28
original_2273216954_1.jpeg,2705621,Paspalum notatum,17.158,"Chlorostilbon assimilis Lawrence, 1861",2476075,8.601006,-82.422433,32.0,NORTH_AMERICA,Chiriquí,2019,6,15,2019-06-15,True,axca,iNaturalist,http://creativecommons.org/licenses/by-nc/4.0/,axca,https://inaturalist-open-data.s3.amazonaws.com/photos/42235348/original.jpeg,k-central-america,2024-10-22 07:37:35
original_2283062502_1.jpeg,9193953,Zinnia peruviana,83.06700000000001,"Chlorostilbon assimilis Lawrence, 1861",2476075,9.107118,-79.564704,22.0,NORTH_AMERICA,Panamá,2019,6,14,2019-06-14T13:39:25,True,Keren Quintero,iNaturalist,http://creativecommons.org/licenses/by-nc/4.0/,Keren Quintero,https://inaturalist-open-data.s3.amazonaws.com/photos/43374944/original.jpeg; https://inaturalist-open-data.s3.amazonaws.com/photos/43374951/original.jpeg,k-central-america,2024-10-22 07:37:37
original_2283062502_2.jpeg,9193953,Zinnia peruviana,83.98299999999999,"Chlorostilbon assimilis Lawrence, 1861",2476075,9.107118,-79.564704,22.0,NORTH_AMERICA,Panamá,2019,6,14,2019-06-14T13:39:25,True,Keren Quintero,iNaturalist,http://creativecommons.org/licenses/by-nc/4.0/,Keren Quintero,https://inaturalist-open-data.s3.amazonaws.com/photos/43374944/original.jpeg; https://inaturalist-open-data.s3.amazonaws.com/photos/43374951/original.jpeg,k-central-america,2024-10-22 07:37:39
original_2283063965_1.jpeg,9193953,Zinnia peruviana,28.286,"Chlorostilbon assimilis Lawrence, 1861",2476075,9.107107,-79.564709,20.0,NORTH_AMERICA,Panamá,2019,6,13,2019-06-13T13:07:22,True,Keren Quintero,iNaturalist,http://creativecommons.org/licenses/by-nc/4.0/,Keren Quintero,https://inaturalist-open-data.s3.amazonaws.com/photos/43374885/original.jpeg; https://inaturalist-open-data.s3.amazonaws.com/photos/43374892/original.jpeg,k-central-america,2024-10-22 07:37:42
original_2283063965_2.jpeg,9193953,Zinnia peruviana,81.585,"Chlorostilbon assimilis Lawrence, 1861",2476075,9.107107,-79.564709,20.0,NORTH_AMERICA,Panamá,2019,6,13,2019-06-13T13:07:22,True,Keren Quintero,iNaturalist,http://creativecommons.org/licenses/by-nc/4.0/,Keren Quintero,https://inaturalist-open-data.s3.amazonaws.com/photos/43374885/original.jpeg; https://inaturalist-open-data.s3.amazonaws.com/photos/43374892/original.jpeg,k-central-america,2024-10-22 07:37:44
original_2311306988_1.jpg,2925303,Lantana camara,96.904,"Chlorostilbon assimilis Lawrence, 1861",2476075,8.930918,-79.54446,,NORTH_AMERICA,Panamá,2019,6,6,2019-06-06T08:51,True,avocat,iNaturalist,http://creativecommons.org/licenses/by-nc/4.0/,avocat,https://inaturalist-open-data.s3.amazonaws.com/photos/45786302/original.jpg; https://inaturalist-open-data.s3.amazonaws.com/photos/45786343/original.jpg,k-central-america,2024-10-22 07:37:46
original_2311306988_2.jpg,2925303,Lantana camara,73.94500000000001,"Chlorostilbon assimilis Lawrence, 1861",2476075,8.930918,-79.54446,,NORTH_AMERICA,Panamá,2019,6,6,2019-06-06T08:51,True,avocat,iNaturalist,http://creativecommons.org/licenses/by-nc/4.0/,avocat,https://inaturalist-open-data.s3.amazonaws.com/photos/45786302/original.jpg; https://inaturalist-open-data.s3.amazonaws.com/photos/45786343/original.jpg,k-central-america,2024-10-22 07:37:47
original_2311307162_1.jpg,2925385,Lippia alba,13.377,"Chlorostilbon assimilis Lawrence, 1861",2476075,8.931028,-79.544463,,NORTH_AMERICA,Panamá,2019,6,6,2019-06-06T08:58,True,avocat,iNaturalist,http://creativecommons.org/licenses/by-nc/4.0/,avocat,https://inaturalist-open-data.s3.amazonaws.com/photos/45786504/original.jpg,k-central-america,2024-10-22 07:37:50
original_2350318840_1.jpg,2925303,Lantana camara,13.166,"Chlorostilbon assimilis Lawrence, 1861",2476075,8.931427,-79.544843,,NORTH_AMERICA,Panamá,2019,6,6,2019-06-06T08:39,True,avocat,iNaturalist,http://creativecommons.org/licenses/by-nc/4.0/,avocat,https://inaturalist-open-data.s3.amazonaws.com/photos/45786029/original.jpg,k-central-america,2024-10-22 07:37:52
original_2366116271_1.jpg,2702901,Leersia hexandra,1.206,"Chlorostilbon assimilis Lawrence, 1861",2476075,8.626352,-79.06076,,NORTH_AMERICA,Panamá,2019,4,10,2019-04-10T16:17,True,Luca Boscain,iNaturalist,http://creativecommons.org/licenses/by-nc/4.0/,Luca Boscain,https://inaturalist-open-data.s3.amazonaws.com/photos/48754716/original.jpg,k-central-america,2024-10-22 07:37:54
original_2366146900_1.jpg,2943053,Chloroleucon mangense,5.821,"Chlorostilbon assimilis Lawrence, 1861",2476075,9.121182,-79.693818,,NORTH_AMERICA,Colón,2019,4,12,2019-04-12T17:44,True,Luca Boscain,iNaturalist,http://creativecommons.org/licenses/by-nc/4.0/,Luca Boscain,https://inaturalist-open-data.s3.amazonaws.com/photos/48938513/original.jpg; https://inaturalist-open-data.s3.amazonaws.com/photos/48938520/original.jpg,k-central-america,2024-10-22 07:37:56
original_2366146900_2.jpg,2982188,Calliandra surinamensis,17.326,"Chlorostilbon assimilis Lawrence, 1861",2476075,9.121182,-79.693818,,NORTH_AMERICA,Colón,2019,4,12,2019-04-12T17:44,True,Luca Boscain,iNaturalist,http://creativecommons.org/licenses/by-nc/4.0/,Luca Boscain,https://inaturalist-open-data.s3.amazonaws.com/photos/48938513/original.jpg; https://inaturalist-open-data.s3.amazonaws.com/photos/48938520/original.jpg,k-central-america,2024-10-22 07:37:57
original_2397509814_1.jpg,3054262,Crateva tapia,2.992,"Chlorostilbon assimilis Lawrence, 1861",2476075,8.912527,-79.528742,,NORTH_AMERICA,Panamá,2019,4,13,2019-04-13T15:35,True,Luca Boscain,iNaturalist,http://creativecommons.org/licenses/by-nc/4.0/,Luca Boscain,https://inaturalist-open-data.s3.amazonaws.com/photos/48940683/original.jpg; https://inaturalist-open-data.s3.amazonaws.com/photos/48940803/original.jpg,k-central-america,2024-10-22 07:37:59
original_2465211870_1.jpg,2928366,Wigandia urens,2.4899999999999998,"Chlorostilbon assimilis Lawrence, 1861",2476075,8.607278,-80.132483,,NORTH_AMERICA,Coclé,2016,4,8,2016-04-08T09:47,True,Laura Gaudette,iNaturalist,http://creativecommons.org/licenses/by/4.0/,Laura Gaudette,https://inaturalist-open-data.s3.amazonaws.com/photos/56985529/original.jpg; https://inaturalist-open-data.s3.amazonaws.com/photos/56986377/original.jpeg,k-central-america,2024-10-22 07:38:05
original_2465211870_2.jpeg,7327057,Combretum farinosum,1.431,"Chlorostilbon assimilis Lawrence, 1861",2476075,8.607278,-80.132483,,NORTH_AMERICA,Coclé,2016,4,8,2016-04-08T09:47,True,Laura Gaudette,iNaturalist,http://creativecommons.org/licenses/by/4.0/,Laura Gaudette,https://inaturalist-open-data.s3.amazonaws.com/photos/56985529/original.jpg; https://inaturalist-open-data.s3.amazonaws.com/photos/56986377/original.jpeg,k-central-america,2024-10-22 07:38:07
original_2573804984_1.jpg,2925655,Duranta erecta,56.176,"Chlorostilbon assimilis Lawrence, 1861",2476075,8.845095,-82.760305,,NORTH_AMERICA,Chiriquí,2009,3,26,2009-03-26T16:26,True,Stephen John Davies,iNaturalist,http://creativecommons.org/licenses/by-nc/4.0/,Stephen John Davies,https://inaturalist-open-data.s3.amazonaws.com/photos/43338154/original.jpg,k-central-america,2024-10-22 07:38:10
original_2596380971_1.jpeg,5406696,Ceiba aesculifolia,1.566,"Chlorostilbon assimilis Lawrence, 1861",2476075,8.487952,-80.377172,,NORTH_AMERICA,Coclé,2020,3,21,2020-03-21T16:46,True,Vicente,iNaturalist,http://creativecommons.org/licenses/by-nc/4.0/,Vicente,https://inaturalist-open-data.s3.amazonaws.com/photos/64443894/original.jpeg; https://inaturalist-open-data.s3.amazonaws.com/photos/64444134/original.jpeg; https://inaturalist-open-data.s3.amazonaws.com/photos/64444302/original.jpeg,k-central-america,2024-10-22 07:38:13
original_2596380971_2.jpeg,4142909,Rhipidocladum racemiflorum,4.502,"Chlorostilbon assimilis Lawrence, 1861",2476075,8.487952,-80.377172,,NORTH_AMERICA,Coclé,2020,3,21,2020-03-21T16:46,True,Vicente,iNaturalist,http://creativecommons.org/licenses/by-nc/4.0/,Vicente,https://inaturalist-open-data.s3.amazonaws.com/photos/64443894/original.jpeg; https://inaturalist-open-data.s3.amazonaws.com/photos/64444134/original.jpeg; https://inaturalist-open-data.s3.amazonaws.com/photos/64444302/original.jpeg,k-central-america,2024-10-22 07:38:15
original_2596380971_3.jpeg,5289624,Chloris virgata,1.821,"Chlorostilbon assimilis Lawrence, 1861",2476075,8.487952,-80.377172,,NORTH_AMERICA,Coclé,2020,3,21,2020-03-21T16:46,True,Vicente,iNaturalist,http://creativecommons.org/licenses/by-nc/4.0/,Vicente,https://inaturalist-open-data.s3.amazonaws.com/photos/64443894/original.jpeg; https://inaturalist-open-data.s3.amazonaws.com/photos/64444134/original.jpeg; https://inaturalist-open-data.s3.amazonaws.com/photos/64444302/original.jpeg,k-central-america,2024-10-22 07:38:18
original_2597694452_1.jpg,3794448,Semialarium mexicanum,0.622,"Chlorostilbon assimilis Lawrence, 1861",2476075,8.932395,-79.54529,215.0,NORTH_AMERICA,Panamá,2020,2,24,2020-02-24T16:28,True,pointrond,iNaturalist,http://creativecommons.org/licenses/by-nc/4.0/,pointrond,https://inaturalist-open-data.s3.amazonaws.com/photos/65853968/original.jpg,k-central-america,2024-10-22 07:38:20
original_2603330982_1.jpeg,2984476,Cecropia peltata,3.0220000000000002,"Chlorostilbon assimilis Lawrence, 1861",2476075,9.831459,-83.563328,122.0,NORTH_AMERICA,Cartago,2016,2,17,2016-02-17T11:57,True,Ginny Moore,iNaturalist,http://creativecommons.org/licenses/by-nc/4.0/,Ginny Moore,https://inaturalist-open-data.s3.amazonaws.com/photos/66405302/original.jpeg,k-central-america,2024-10-22 07:38:22
original_2603338989_1.jpeg,2925463,Stachytarpheta jamaicensis,20.216,"Chlorostilbon assimilis Lawrence, 1861",2476075,9.831459,-83.563328,122.0,NORTH_AMERICA,Cartago,2016,2,17,2016-02-17T11:39,True,Ginny Moore,iNaturalist,http://creativecommons.org/licenses/by-nc/4.0/,Ginny Moore,https://inaturalist-open-data.s3.amazonaws.com/photos/66405114/original.jpeg,k-central-america,2024-10-22 07:38:24
original_2609197903_1.jpeg,5341276,Cordia boissieri,0.614,"Chlorostilbon assimilis Lawrence, 1861",2476075,8.516507,-80.365178,,NORTH_AMERICA,Coclé,2020,4,20,2020-04-20T07:11,True,Vicente,iNaturalist,http://creativecommons.org/licenses/by-nc/4.0/,Vicente,https://inaturalist-open-data.s3.amazonaws.com/photos/67962996/original.jpeg; https://inaturalist-open-data.s3.amazonaws.com/photos/67963024/original.jpeg; https://inaturalist-open-data.s3.amazonaws.com/photos/67963051/original.jpeg; https://inaturalist-open-data.s3.amazonaws.com/photos/67963074/original.jpeg; https://inaturalist-open-data.s3.amazonaws.com/photos/67963097/original.jpeg; https://inaturalist-open-data.s3.amazonaws.com/photos/67963130/original.jpeg; https://inaturalist-open-data.s3.amazonaws.com/photos/67963148/original.jpeg; https://inaturalist-open-data.s3.amazonaws.com/photos/67963163/original.jpeg,k-central-america,2024-10-22 07:38:26
original_2609197903_2.jpeg,3152195,Guazuma ulmifolia,0.42700000000000005,"Chlorostilbon assimilis Lawrence, 1861",2476075,8.516507,-80.365178,,NORTH_AMERICA,Coclé,2020,4,20,2020-04-20T07:11,True,Vicente,iNaturalist,http://creativecommons.org/licenses/by-nc/4.0/,Vicente,https://inaturalist-open-data.s3.amazonaws.com/photos/67962996/original.jpeg; https://inaturalist-open-data.s3.amazonaws.com/photos/67963024/original.jpeg; https://inaturalist-open-data.s3.amazonaws.com/photos/67963051/original.jpeg; https://inaturalist-open-data.s3.amazonaws.com/photos/67963074/original.jpeg; https://inaturalist-open-data.s3.amazonaws.com/photos/67963097/original.jpeg; https://inaturalist-open-data.s3.amazonaws.com/photos/67963130/original.jpeg; https://inaturalist-open-data.s3.amazonaws.com/photos/67963148/original.jpeg; https://inaturalist-open-data.s3.amazonaws.com/photos/67963163/original.jpeg,k-central-america,2024-10-22 07:38:29
original_2609197903_3.jpeg,3152661,Gossypium hirsutum,2.109,"Chlorostilbon assimilis Lawrence, 1861",2476075,8.516507,-80.365178,,NORTH_AMERICA,Coclé,2020,4,20,2020-04-20T07:11,True,Vicente,iNaturalist,http://creativecommons.org/licenses/by-nc/4.0/,Vicente,https://inaturalist-open-data.s3.amazonaws.com/photos/67962996/original.jpeg; https://inaturalist-open-data.s3.amazonaws.com/photos/67963024/original.jpeg; https://inaturalist-open-data.s3.amazonaws.com/photos/67963051/original.jpeg; https://inaturalist-open-data.s3.amazonaws.com/photos/67963074/original.jpeg; https://inaturalist-open-data.s3.amazonaws.com/photos/67963097/original.jpeg; https://inaturalist-open-data.s3.amazonaws.com/photos/67963130/original.jpeg; https://inaturalist-open-data.s3.amazonaws.com/photos/67963148/original.jpeg; https://inaturalist-open-data.s3.amazonaws.com/photos/67963163/original.jpeg,k-central-america,2024-10-22 07:38:31
original_2609197903_5.jpeg,2928774,Nicotiana tabacum,0.461,"Chlorostilbon assimilis Lawrence, 1861",2476075,8.516507,-80.365178,,NORTH_AMERICA,Coclé,2020,4,20,2020-04-20T07:11,True,Vicente,iNaturalist,http://creativecommons.org/licenses/by-nc/4.0/,Vicente,https://inaturalist-open-data.s3.amazonaws.com/photos/67962996/original.jpeg; https://inaturalist-open-data.s3.amazonaws.com/photos/67963024/original.jpeg; https://inaturalist-open-data.s3.amazonaws.com/photos/67963051/original.jpeg; https://inaturalist-open-data.s3.amazonaws.com/photos/67963074/original.jpeg; https://inaturalist-open-data.s3.amazonaws.com/photos/67963097/original.jpeg; https://inaturalist-open-data.s3.amazonaws.com/photos/67963130/original.jpeg; https://inaturalist-open-data.s3.amazonaws.com/photos/67963148/original.jpeg; https://inaturalist-open-data.s3.amazonaws.com/photos/67963163/original.jpeg,k-central-america,2024-10-22 07:38:38
original_2609197903_6.jpeg,2970712,Sesbania drummondii,1.73,"Chlorostilbon assimilis Lawrence, 1861",2476075,8.516507,-80.365178,,NORTH_AMERICA,Coclé,2020,4,20,2020-04-20T07:11,True,Vicente,iNaturalist,http://creativecommons.org/licenses/by-nc/4.0/,Vicente,https://inaturalist-open-data.s3.amazonaws.com/photos/67962996/original.jpeg; https://inaturalist-open-data.s3.amazonaws.com/photos/67963024/original.jpeg; https://inaturalist-open-data.s3.amazonaws.com/photos/67963051/original.jpeg; https://inaturalist-open-data.s3.amazonaws.com/photos/67963074/original.jpeg; https://inaturalist-open-data.s3.amazonaws.com/photos/67963097/original.jpeg; https://inaturalist-open-data.s3.amazonaws.com/photos/67963130/original.jpeg; https://inaturalist-open-data.s3.amazonaws.com/photos/67963148/original.jpeg; https://inaturalist-open-data.s3.amazonaws.com/photos/67963163/original.jpeg,k-central-america,2024-10-22 07:38:40
original_2609197903_7.jpeg,2970712,Sesbania drummondii,0.327,"Chlorostilbon assimilis Lawrence, 1861",2476075,8.516507,-80.365178,,NORTH_AMERICA,Coclé,2020,4,20,2020-04-20T07:11,True,Vicente,iNaturalist,http://creativecommons.org/licenses/by-nc/4.0/,Vicente,https://inaturalist-open-data.s3.amazonaws.com/photos/67962996/original.jpeg; https://inaturalist-open-data.s3.amazonaws.com/photos/67963024/original.jpeg; https://inaturalist-open-data.s3.amazonaws.com/photos/67963051/original.jpeg; https://inaturalist-open-data.s3.amazonaws.com/photos/67963074/original.jpeg; https://inaturalist-open-data.s3.amazonaws.com/photos/67963097/original.jpeg; https://inaturalist-open-data.s3.amazonaws.com/photos/67963130/original.jpeg; https://inaturalist-open-data.s3.amazonaws.com/photos/67963148/original.jpeg; https://inaturalist-open-data.s3.amazonaws.com/photos/67963163/original.jpeg,k-central-america,2024-10-22 07:38:42
original_2609197903_8.jpeg,3152661,Gossypium hirsutum,0.5700000000000001,"Chlorostilbon assimilis Lawrence, 1861",2476075,8.516507,-80.365178,,NORTH_AMERICA,Coclé,2020,4,20,2020-04-20T07:11,True,Vicente,iNaturalist,http://creativecommons.org/licenses/by-nc/4.0/,Vicente,https://inaturalist-open-data.s3.amazonaws.com/photos/67962996/original.jpeg; https://inaturalist-open-data.s3.amazonaws.com/photos/67963024/original.jpeg; https://inaturalist-open-data.s3.amazonaws.com/photos/67963051/original.jpeg; https://inaturalist-open-data.s3.amazonaws.com/photos/67963074/original.jpeg; https://inaturalist-open-data.s3.amazonaws.com/photos/67963097/original.jpeg; https://inaturalist-open-data.s3.amazonaws.com/photos/67963130/original.jpeg; https://inaturalist-open-data.s3.amazonaws.com/photos/67963148/original.jpeg; https://inaturalist-open-data.s3.amazonaws.com/photos/67963163/original.jpeg,k-central-america,2024-10-22 07:38:45
original_2609326758_1.jpeg,8082978,Gliricidia sepium,20.389,"Chlorostilbon assimilis Lawrence, 1861",2476075,8.402581,-82.43817,620.0,NORTH_AMERICA,Chiriquí,2020,4,15,2020-04-15T08:34,True,yasminch,iNaturalist,http://creativecommons.org/licenses/by-nc/4.0/,yasminch,https://inaturalist-open-data.s3.amazonaws.com/photos/67263384/original.jpeg,k-central-america,2024-10-22 07:38:47
original_2610952774_1.jpeg,2925303,Lantana camara,66.781,"Chlorostilbon assimilis Lawrence, 1861",2476075,8.603179,-80.112756,29.0,NORTH_AMERICA,Coclé,2020,4,26,2020-04-26T10:30,True,Mario Luis Urriola Hernández,iNaturalist,http://creativecommons.org/licenses/by-nc/4.0/,Mario Luis Urriola Hernández,https://inaturalist-open-data.s3.amazonaws.com/photos/69498353/original.jpeg; https://inaturalist-open-data.s3.amazonaws.com/photos/69498386/original.jpeg,k-central-america,2024-10-22 07:38:49
original_2610952774_2.jpeg,2925303,Lantana camara,72.997,"Chlorostilbon assimilis Lawrence, 1861",2476075,8.603179,-80.112756,29.0,NORTH_AMERICA,Coclé,2020,4,26,2020-04-26T10:30,True,Mario Luis Urriola Hernández,iNaturalist,http://creativecommons.org/licenses/by-nc/4.0/,Mario Luis Urriola Hernández,https://inaturalist-open-data.s3.amazonaws.com/photos/69498353/original.jpeg; https://inaturalist-open-data.s3.amazonaws.com/photos/69498386/original.jpeg,k-central-america,2024-10-22 07:38:50
original_2610992034_1.jpeg,3794448,Semialarium mexicanum,17.161,"Chlorostilbon assimilis Lawrence, 1861",2476075,8.402432,-82.437977,620.0,NORTH_AMERICA,Chiriquí,2020,4,25,2020-04-25T10:44,True,yasminch,iNaturalist,http://creativecommons.org/licenses/by-nc/4.0/,yasminch,https://inaturalist-open-data.s3.amazonaws.com/photos/69480902/original.jpeg,k-central-america,2024-10-22 07:38:53
original_2611021805_1.jpeg,3794448,Semialarium mexicanum,8.033999999999999,"Chlorostilbon assimilis Lawrence, 1861",2476075,7.982049,-82.029364,31.0,NORTH_AMERICA,Chiriquí,2020,4,28,2020-04-28T16:37,True,Ricardo Brenes,iNaturalist,http://creativecommons.org/licenses/by-nc/4.0/,Ricardo Brenes,https://inaturalist-open-data.s3.amazonaws.com/photos/70083522/original.jpeg,k-central-america,2024-10-22 07:38:55
original_2611146271_1.jpeg,2920395,Psychotria horizontalis,74.649,"Chlorostilbon assimilis Lawrence, 1861",2476075,7.982049,-82.029364,31.0,NORTH_AMERICA,Chiriquí,2020,4,29,2020-04-29T16:14,True,Ricardo Brenes,iNaturalist,http://creativecommons.org/licenses/by-nc/4.0/,Ricardo Brenes,https://inaturalist-open-data.s3.amazonaws.com/photos/70294375/original.jpeg; https://inaturalist-open-data.s3.amazonaws.com/photos/70296323/original.jpeg; https://inaturalist-open-data.s3.amazonaws.com/photos/70301490/original.jpeg,k-central-america,2024-10-22 07:39:00
original_2611146271_3.jpeg,2920395,Psychotria horizontalis,89.00099999999999,"Chlorostilbon assimilis Lawrence, 1861",2476075,7.982049,-82.029364,31.0,NORTH_AMERICA,Chiriquí,2020,4,29,2020-04-29T16:14,True,Ricardo Brenes,iNaturalist,http://creativecommons.org/licenses/by-nc/4.0/,Ricardo Brenes,https://inaturalist-open-data.s3.amazonaws.com/photos/70294375/original.jpeg; https://inaturalist-open-data.s3.amazonaws.com/photos/70296323/original.jpeg; https://inaturalist-open-data.s3.amazonaws.com/photos/70301490/original.jpeg,k-central-america,2024-10-22 07:39:03
original_2611330691_2.jpeg,2920395,Psychotria horizontalis,47.583,"Chlorostilbon assimilis Lawrence, 1861",2476075,7.982049,-82.029364,31.0,NORTH_AMERICA,Chiriquí,2020,4,26,2020-04-26T13:38,True,Ricardo Brenes,iNaturalist,http://creativecommons.org/licenses/by-nc/4.0/,Ricardo Brenes,https://inaturalist-open-data.s3.amazonaws.com/photos/69808086/original.jpeg; https://inaturalist-open-data.s3.amazonaws.com/photos/69961669/original.jpeg; https://inaturalist-open-data.s3.amazonaws.com/photos/69961735/original.jpeg; https://inaturalist-open-data.s3.amazonaws.com/photos/69961755/original.jpeg; https://inaturalist-open-data.s3.amazonaws.com/photos/69961773/original.jpeg; https://inaturalist-open-data.s3.amazonaws.com/photos/69961776/original.jpeg; https://inaturalist-open-data.s3.amazonaws.com/photos/69961777/original.jpeg,k-central-america,2024-10-22 07:39:05
original_2611330691_4.jpeg,2920395,Psychotria horizontalis,27.22,"Chlorostilbon assimilis Lawrence, 1861",2476075,7.982049,-82.029364,31.0,NORTH_AMERICA,Chiriquí,2020,4,26,2020-04-26T13:38,True,Ricardo Brenes,iNaturalist,http://creativecommons.org/licenses/by-nc/4.0/,Ricardo Brenes,https://inaturalist-open-data.s3.amazonaws.com/photos/69808086/original.jpeg; https://inaturalist-open-data.s3.amazonaws.com/photos/69961669/original.jpeg; https://inaturalist-open-data.s3.amazonaws.com/photos/69961735/original.jpeg; https://inaturalist-open-data.s3.amazonaws.com/photos/69961755/original.jpeg; https://inaturalist-open-data.s3.amazonaws.com/photos/69961773/original.jpeg; https://inaturalist-open-data.s3.amazonaws.com/photos/69961776/original.jpeg; https://inaturalist-open-data.s3.amazonaws.com/photos/69961777/original.jpeg,k-central-america,2024-10-22 07:39:07
original_2611330691_6.jpeg,2920385,Psychotria nervosa,35.089999999999996,"Chlorostilbon assimilis Lawrence, 1861",2476075,7.982049,-82.029364,31.0,NORTH_AMERICA,Chiriquí,2020,4,26,2020-04-26T13:38,True,Ricardo Brenes,iNaturalist,http://creativecommons.org/licenses/by-nc/4.0/,Ricardo Brenes,https://inaturalist-open-data.s3.amazonaws.com/photos/69808086/original.jpeg; https://inaturalist-open-data.s3.amazonaws.com/photos/69961669/original.jpeg; https://inaturalist-open-data.s3.amazonaws.com/photos/69961735/original.jpeg; https://inaturalist-open-data.s3.amazonaws.com/photos/69961755/original.jpeg; https://inaturalist-open-data.s3.amazonaws.com/photos/69961773/original.jpeg; https://inaturalist-open-data.s3.amazonaws.com/photos/69961776/original.jpeg; https://inaturalist-open-data.s3.amazonaws.com/photos/69961777/original.jpeg,k-central-america,2024-10-22 07:39:09
original_2611330691_7.jpeg,2920395,Psychotria horizontalis,43.802,"Chlorostilbon assimilis Lawrence, 1861",2476075,7.982049,-82.029364,31.0,NORTH_AMERICA,Chiriquí,2020,4,26,2020-04-26T13:38,True,Ricardo Brenes,iNaturalist,http://creativecommons.org/licenses/by-nc/4.0/,Ricardo Brenes,https://inaturalist-open-data.s3.amazonaws.com/photos/69808086/original.jpeg; https://inaturalist-open-data.s3.amazonaws.com/photos/69961669/original.jpeg; https://inaturalist-open-data.s3.amazonaws.com/photos/69961735/original.jpeg; https://inaturalist-open-data.s3.amazonaws.com/photos/69961755/original.jpeg; https://inaturalist-open-data.s3.amazonaws.com/photos/69961773/original.jpeg; https://inaturalist-open-data.s3.amazonaws.com/photos/69961776/original.jpeg; https://inaturalist-open-data.s3.amazonaws.com/photos/69961777/original.jpeg,k-central-america,2024-10-22 07:39:12
original_2626377764_1.jpeg,3795572,Vachellia cornigera,2.094,"Chlorostilbon assimilis Lawrence, 1861",2476075,8.762619,-82.400887,31.0,NORTH_AMERICA,Chiriquí,2020,4,22,2020-04-22,True,katiuska19,iNaturalist,http://creativecommons.org/licenses/by-nc/4.0/,katiuska19,https://inaturalist-open-data.s3.amazonaws.com/photos/72639874/original.jpeg,k-central-america,2024-10-22 07:39:14
original_2633974330_1.jpeg,3190638,Mangifera indica,93.427,"Chlorostilbon assimilis Lawrence, 1861",2476075,8.626774,-79.039711,15.0,NORTH_AMERICA,Panamá,2017,7,29,2017-07-29,True,Mike G. Rutherford,iNaturalist,http://creativecommons.org/licenses/by-nc/4.0/,Mike G. Rutherford,https://inaturalist-open-data.s3.amazonaws.com/photos/10142908/original.jpeg,k-central-america,2024-10-22 07:39:17
original_2641342229_1.jpeg,2925663,Cornutia pyramidata,90.40599999999999,"Chlorostilbon assimilis Lawrence, 1861",2476075,8.955301,-79.693514,244.0,NORTH_AMERICA,Panamá Oeste,2020,6,8,2020-06-08,True,rosado,iNaturalist,http://creativecommons.org/licenses/by-nc/4.0/,rosado,https://inaturalist-open-data.s3.amazonaws.com/photos/77665560/original.jpeg; https://inaturalist-open-data.s3.amazonaws.com/photos/77666148/original.jpeg; https://inaturalist-open-data.s3.amazonaws.com/photos/77666254/original.jpeg,k-central-america,2024-10-22 07:39:22
original_2641342229_2.jpeg,2925663,Cornutia pyramidata,79.092,"Chlorostilbon assimilis Lawrence, 1861",2476075,8.955301,-79.693514,244.0,NORTH_AMERICA,Panamá Oeste,2020,6,8,2020-06-08,True,rosado,iNaturalist,http://creativecommons.org/licenses/by-nc/4.0/,rosado,https://inaturalist-open-data.s3.amazonaws.com/photos/77665560/original.jpeg; https://inaturalist-open-data.s3.amazonaws.com/photos/77666148/original.jpeg; https://inaturalist-open-data.s3.amazonaws.com/photos/77666254/original.jpeg,k-central-america,2024-10-22 07:39:24
original_2641342229_3.jpeg,2925663,Cornutia pyramidata,96.26599999999999,"Chlorostilbon assimilis Lawrence, 1861",2476075,8.955301,-79.693514,244.0,NORTH_AMERICA,Panamá Oeste,2020,6,8,2020-06-08,True,rosado,iNaturalist,http://creativecommons.org/licenses/by-nc/4.0/,rosado,https://inaturalist-open-data.s3.amazonaws.com/photos/77665560/original.jpeg; https://inaturalist-open-data.s3.amazonaws.com/photos/77666148/original.jpeg; https://inaturalist-open-data.s3.amazonaws.com/photos/77666254/original.jpeg,k-central-america,2024-10-22 07:39:25
original_2641391442_1.jpg,9193953,Zinnia peruviana,36.443,"Chlorostilbon assimilis Lawrence, 1861",2476075,8.44841,-82.399617,977.0,NORTH_AMERICA,Chiriquí,2020,6,5,2020-06-05T08:26Z,True,Jorge Castillo,iNaturalist,http://creativecommons.org/licenses/by-nc/4.0/,Jorge Castillo,https://inaturalist-open-data.s3.amazonaws.com/photos/77792067/original.jpg,k-central-america,2024-10-22 07:39:27
original_2814233785_1.jpg,2734661,Chamaedorea elegans,1.346,"Chlorostilbon assimilis Lawrence, 1861",2476075,8.997887,-79.522637,17.0,NORTH_AMERICA,Panamá,2020,6,29,2020-06-29T14:35:10,True,gonzalodebg,iNaturalist,http://creativecommons.org/licenses/by-nc/4.0/,gonzalodebg,https://inaturalist-open-data.s3.amazonaws.com/photos/81649420/original.jpg,k-central-america,2024-10-22 07:39:29
original_2818732591_1.jpg,5406696,Ceiba aesculifolia,1.532,"Chlorostilbon assimilis Lawrence, 1861",2476075,8.994355,-79.525216,818.0,NORTH_AMERICA,Panamá,2020,7,9,2020-07-09T15:38,True,Andrés Matos,iNaturalist,http://creativecommons.org/licenses/by-nc/4.0/,Andrés Matos,https://inaturalist-open-data.s3.amazonaws.com/photos/83529887/original.jpg,k-central-america,2024-10-22 07:39:32
original_2826486545_1.jpg,3152092,Corchorus aestuans,5.477,"Chlorostilbon assimilis Lawrence, 1861",2476075,9.004082,-79.543216,5328.0,NORTH_AMERICA,Panamá,2018,7,1,2018-07-01T15:26,True,Seymore Gulls,iNaturalist,http://creativecommons.org/licenses/by-nc/4.0/,Seymore Gulls,https://inaturalist-open-data.s3.amazonaws.com/photos/87053476/original.jpg; https://inaturalist-open-data.s3.amazonaws.com/photos/87053493/original.jpg,k-central-america,2024-10-22 07:39:40
original_2826486545_2.jpg,2905493,Ixora coccinea,24.33,"Chlorostilbon assimilis Lawrence, 1861",2476075,9.004082,-79.543216,5328.0,NORTH_AMERICA,Panamá,2018,7,1,2018-07-01T15:26,True,Seymore Gulls,iNaturalist,http://creativecommons.org/licenses/by-nc/4.0/,Seymore Gulls,https://inaturalist-open-data.s3.amazonaws.com/photos/87053476/original.jpg; https://inaturalist-open-data.s3.amazonaws.com/photos/87053493/original.jpg,k-central-america,2024-10-22 07:39:42
original_2862354540_1.jpg,8082978,Gliricidia sepium,28.427999999999997,"Chlorostilbon assimilis Lawrence, 1861",2476075,8.621453,-80.138763,244.0,NORTH_AMERICA,Coclé,2015,12,12,2015-12-12T15:41,True,Geir Drange,iNaturalist,http://creativecommons.org/licenses/by-nc/4.0/,Geir Drange,https://inaturalist-open-data.s3.amazonaws.com/photos/92841867/original.jpg,k-central-america,2024-10-22 07:39:44
original_2862570555_1.jpeg,2738422,Nypa fruticans,6.447,"Chlorostilbon assimilis Lawrence, 1861",2476075,8.434531,-82.490304,2.0,NORTH_AMERICA,Chiriquí,2020,9,3,2020-09-03T14:34,True,Vicente,iNaturalist,http://creativecommons.org/licenses/by-nc/4.0/,Vicente,https://inaturalist-open-data.s3.amazonaws.com/photos/93361649/original.jpeg; https://inaturalist-open-data.s3.amazonaws.com/photos/93361672/original.jpeg,k-central-america,2024-10-22 07:39:47
original_2963774554_1.jpeg,5357665,Inga punctata,18.373,"Chlorostilbon assimilis Lawrence, 1861",2476075,8.649427,-82.588692,15.0,NORTH_AMERICA,Chiriquí,2020,10,17,2020-10-17T12:34,True,katiuska19,iNaturalist,http://creativecommons.org/licenses/by-nc/4.0/,katiuska19,https://inaturalist-open-data.s3.amazonaws.com/photos/101221982/original.jpeg,k-central-america,2024-10-22 07:39:52
original_2963868535_1.jpeg,3082392,Lecythis minor,3.9539999999999997,"Chlorostilbon assimilis Lawrence, 1861",2476075,8.931323,-79.706069,21.0,NORTH_AMERICA,Panamá Oeste,2020,10,18,2020-10-18T10:32:28,True,IndiMa,iNaturalist,http://creativecommons.org/licenses/by-nc/4.0/,IndiMa,https://inaturalist-open-data.s3.amazonaws.com/photos/100928241/original.jpeg,k-central-america,2024-10-22 07:39:55
original_2984481551_1.jpg,2976206,Entada polystachya,4.446,"Chlorostilbon assimilis Lawrence, 1861",2476075,8.994355,-79.525216,818.0,NORTH_AMERICA,Panamá,2020,11,2,2020-11-02T15:46,True,Andrés Matos,iNaturalist,http://creativecommons.org/licenses/by-nc/4.0/,Andrés Matos,https://inaturalist-open-data.s3.amazonaws.com/photos/103471232/original.jpg,k-central-america,2024-10-22 07:39:57
original_2992733974_1.jpg,2958715,Caesalpinia pulcherrima,78.218,"Chlorostilbon assimilis Lawrence, 1861",2476075,9.028831,-79.48106,65.0,NORTH_AMERICA,Panamá,2020,11,15,2020-11-15T11:15:50,True,joshua_hall,iNaturalist,http://creativecommons.org/licenses/by-nc/4.0/,joshua_hall,https://inaturalist-open-data.s3.amazonaws.com/photos/106176095/original.jpg; https://inaturalist-open-data.s3.amazonaws.com/photos/106176104/original.jpg; https://inaturalist-open-data.s3.amazonaws.com/photos/106176647/original.jpg,k-central-america,2024-10-22 07:40:00
original_2992733974_2.jpg,2958715,Caesalpinia pulcherrima,82.08,"Chlorostilbon assimilis Lawrence, 1861",2476075,9.028831,-79.48106,65.0,NORTH_AMERICA,Panamá,2020,11,15,2020-11-15T11:15:50,True,joshua_hall,iNaturalist,http://creativecommons.org/licenses/by-nc/4.0/,joshua_hall,https://inaturalist-open-data.s3.amazonaws.com/photos/106176095/original.jpg; https://inaturalist-open-data.s3.amazonaws.com/photos/106176104/original.jpg; https://inaturalist-open-data.s3.amazonaws.com/photos/106176647/original.jpg,k-central-america,2024-10-22 07:40:02
original_2992733974_3.jpg,2958715,Caesalpinia pulcherrima,55.415000000000006,"Chlorostilbon assimilis Lawrence, 1861",2476075,9.028831,-79.48106,65.0,NORTH_AMERICA,Panamá,2020,11,15,2020-11-15T11:15:50,True,joshua_hall,iNaturalist,http://creativecommons.org/licenses/by-nc/4.0/,joshua_hall,https://inaturalist-open-data.s3.amazonaws.com/photos/106176095/original.jpg; https://inaturalist-open-data.s3.amazonaws.com/photos/106176104/original.jpg; https://inaturalist-open-data.s3.amazonaws.com/photos/106176647/original.jpg,k-central-america,2024-10-22 07:40:04
original_3005109622_1.jpeg,4073498,Quararibea asterolepis,1.389,"Chlorostilbon assimilis Lawrence, 1861",2476075,8.560912,-80.444021,1616.0,NORTH_AMERICA,Coclé,2020,12,11,2020-12-11T17:44:17,True,crys1997,iNaturalist,http://creativecommons.org/licenses/by-nc/4.0/,crys1997,https://inaturalist-open-data.s3.amazonaws.com/photos/107105528/original.jpeg; https://inaturalist-open-data.s3.amazonaws.com/photos/107105540/original.jpeg; https://inaturalist-open-data.s3.amazonaws.com/photos/107105554/original.jpeg; https://inaturalist-open-data.s3.amazonaws.com/photos/107203646/original.jpeg; https://inaturalist-open-data.s3.amazonaws.com/photos/107203680/original.jpeg,k-central-america,2024-10-22 07:40:07
original_3005109622_2.jpeg,3054262,Crateva tapia,8.089,"Chlorostilbon assimilis Lawrence, 1861",2476075,8.560912,-80.444021,1616.0,NORTH_AMERICA,Coclé,2020,12,11,2020-12-11T17:44:17,True,crys1997,iNaturalist,http://creativecommons.org/licenses/by-nc/4.0/,crys1997,https://inaturalist-open-data.s3.amazonaws.com/photos/107105528/original.jpeg; https://inaturalist-open-data.s3.amazonaws.com/photos/107105540/original.jpeg; https://inaturalist-open-data.s3.amazonaws.com/photos/107105554/original.jpeg; https://inaturalist-open-data.s3.amazonaws.com/photos/107203646/original.jpeg; https://inaturalist-open-data.s3.amazonaws.com/photos/107203680/original.jpeg,k-central-america,2024-10-22 07:40:09
original_3005109622_3.jpeg,5341746,Operculina pinnatifida,2.098,"Chlorostilbon assimilis Lawrence, 1861",2476075,8.560912,-80.444021,1616.0,NORTH_AMERICA,Coclé,2020,12,11,2020-12-11T17:44:17,True,crys1997,iNaturalist,http://creativecommons.org/licenses/by-nc/4.0/,crys1997,https://inaturalist-open-data.s3.amazonaws.com/photos/107105528/original.jpeg; https://inaturalist-open-data.s3.amazonaws.com/photos/107105540/original.jpeg; https://inaturalist-open-data.s3.amazonaws.com/photos/107105554/original.jpeg; https://inaturalist-open-data.s3.amazonaws.com/photos/107203646/original.jpeg; https://inaturalist-open-data.s3.amazonaws.com/photos/107203680/original.jpeg,k-central-america,2024-10-22 07:40:11
original_3005109622_4.jpeg,3169625,Tabernaemontana divaricata,5.26,"Chlorostilbon assimilis Lawrence, 1861",2476075,8.560912,-80.444021,1616.0,NORTH_AMERICA,Coclé,2020,12,11,2020-12-11T17:44:17,True,crys1997,iNaturalist,http://creativecommons.org/licenses/by-nc/4.0/,crys1997,https://inaturalist-open-data.s3.amazonaws.com/photos/107105528/original.jpeg; https://inaturalist-open-data.s3.amazonaws.com/photos/107105540/original.jpeg; https://inaturalist-open-data.s3.amazonaws.com/photos/107105554/original.jpeg; https://inaturalist-open-data.s3.amazonaws.com/photos/107203646/original.jpeg; https://inaturalist-open-data.s3.amazonaws.com/photos/107203680/original.jpeg,k-central-america,2024-10-22 07:40:13
original_3005109622_5.jpeg,7647136,Citrus × limon,7.528,"Chlorostilbon assimilis Lawrence, 1861",2476075,8.560912,-80.444021,1616.0,NORTH_AMERICA,Coclé,2020,12,11,2020-12-11T17:44:17,True,crys1997,iNaturalist,http://creativecommons.org/licenses/by-nc/4.0/,crys1997,https://inaturalist-open-data.s3.amazonaws.com/photos/107105528/original.jpeg; https://inaturalist-open-data.s3.amazonaws.com/photos/107105540/original.jpeg; https://inaturalist-open-data.s3.amazonaws.com/photos/107105554/original.jpeg; https://inaturalist-open-data.s3.amazonaws.com/photos/107203646/original.jpeg; https://inaturalist-open-data.s3.amazonaws.com/photos/107203680/original.jpeg,k-central-america,2024-10-22 07:40:15
original_3032064042_1.jpeg,3152559,Hibiscus rosa-sinensis,41.985,"Chlorostilbon assimilis Lawrence, 1861",2476075,7.545648,-80.949497,4.0,NORTH_AMERICA,Veraguas,2021,1,17,2021-01-17T17:12,True,Rodrigo Baez,iNaturalist,http://creativecommons.org/licenses/by-nc/4.0/,Rodrigo Baez,https://inaturalist-open-data.s3.amazonaws.com/photos/110441907/original.jpeg,k-central-america,2024-10-22 07:40:17
original_3032080085_1.jpeg,9064581,Hibiscus schizopetalus,29.673,"Chlorostilbon assimilis Lawrence, 1861",2476075,7.545636,-80.949511,8.0,NORTH_AMERICA,Veraguas,2021,1,17,2021-01-17T17:12,True,Rodrigo Baez,iNaturalist,http://creativecommons.org/licenses/by-nc/4.0/,Rodrigo Baez,https://inaturalist-open-data.s3.amazonaws.com/photos/110439969/original.jpeg,k-central-america,2024-10-22 07:40:19
original_3032164564_1.jpeg,7297130,Stachytarpheta frantzii,71.002,"Chlorostilbon assimilis Lawrence, 1861",2476075,9.832104,-83.563891,217.0,NORTH_AMERICA,Cartago,2012,3,11,2012-03-11T15:53,True,Paul Prior,iNaturalist,http://creativecommons.org/licenses/by/4.0/,Paul Prior,https://inaturalist-open-data.s3.amazonaws.com/photos/110887841/original.jpeg,k-central-america,2024-10-22 07:40:21
original_3044649548_1.jpeg,2925655,Duranta erecta,85.842,"Chlorostilbon assimilis Lawrence, 1861",2476075,8.516553,-80.365218,8.0,NORTH_AMERICA,Coclé,2021,2,14,2021-02-14T16:46,True,Vicente,iNaturalist,http://creativecommons.org/licenses/by-nc/4.0/,Vicente,https://inaturalist-open-data.s3.amazonaws.com/photos/113246208/original.jpeg; https://inaturalist-open-data.s3.amazonaws.com/photos/113246371/original.jpeg; https://inaturalist-open-data.s3.amazonaws.com/photos/113246463/original.jpeg; https://inaturalist-open-data.s3.amazonaws.com/photos/113246607/original.jpeg,k-central-america,2024-10-22 07:40:25
original_3044649548_2.jpeg,2925655,Duranta erecta,57.227,"Chlorostilbon assimilis Lawrence, 1861",2476075,8.516553,-80.365218,8.0,NORTH_AMERICA,Coclé,2021,2,14,2021-02-14T16:46,True,Vicente,iNaturalist,http://creativecommons.org/licenses/by-nc/4.0/,Vicente,https://inaturalist-open-data.s3.amazonaws.com/photos/113246208/original.jpeg; https://inaturalist-open-data.s3.amazonaws.com/photos/113246371/original.jpeg; https://inaturalist-open-data.s3.amazonaws.com/photos/113246463/original.jpeg; https://inaturalist-open-data.s3.amazonaws.com/photos/113246607/original.jpeg,k-central-america,2024-10-22 07:40:27
original_3044649548_3.jpeg,2925655,Duranta erecta,90.533,"Chlorostilbon assimilis Lawrence, 1861",2476075,8.516553,-80.365218,8.0,NORTH_AMERICA,Coclé,2021,2,14,2021-02-14T16:46,True,Vicente,iNaturalist,http://creativecommons.org/licenses/by-nc/4.0/,Vicente,https://inaturalist-open-data.s3.amazonaws.com/photos/113246208/original.jpeg; https://inaturalist-open-data.s3.amazonaws.com/photos/113246371/original.jpeg; https://inaturalist-open-data.s3.amazonaws.com/photos/113246463/original.jpeg; https://inaturalist-open-data.s3.amazonaws.com/photos/113246607/original.jpeg,k-central-america,2024-10-22 07:40:29
original_3044649548_4.jpeg,2925655,Duranta erecta,73.795,"Chlorostilbon assimilis Lawrence, 1861",2476075,8.516553,-80.365218,8.0,NORTH_AMERICA,Coclé,2021,2,14,2021-02-14T16:46,True,Vicente,iNaturalist,http://creativecommons.org/licenses/by-nc/4.0/,Vicente,https://inaturalist-open-data.s3.amazonaws.com/photos/113246208/original.jpeg; https://inaturalist-open-data.s3.amazonaws.com/photos/113246371/original.jpeg; https://inaturalist-open-data.s3.amazonaws.com/photos/113246463/original.jpeg; https://inaturalist-open-data.s3.amazonaws.com/photos/113246607/original.jpeg,k-central-america,2024-10-22 07:40:31
original_3044880047_1.jpeg,2925303,Lantana camara,66.347,"Chlorostilbon assimilis Lawrence, 1861",2476075,8.932221,-79.544635,226.0,NORTH_AMERICA,Panamá,2019,6,6,2019-06-06,True,Jonathan Mills-Anderson,iNaturalist,http://creativecommons.org/licenses/by-nc/4.0/,Jonathan Mills-Anderson,https://inaturalist-open-data.s3.amazonaws.com/photos/113803766/original.jpeg; https://inaturalist-open-data.s3.amazonaws.com/photos/113803767/original.jpeg,k-central-america,2024-10-22 07:40:34
original_3044880047_2.jpeg,2925303,Lantana camara,60.597,"Chlorostilbon assimilis Lawrence, 1861",2476075,8.932221,-79.544635,226.0,NORTH_AMERICA,Panamá,2019,6,6,2019-06-06,True,Jonathan Mills-Anderson,iNaturalist,http://creativecommons.org/licenses/by-nc/4.0/,Jonathan Mills-Anderson,https://inaturalist-open-data.s3.amazonaws.com/photos/113803766/original.jpeg; https://inaturalist-open-data.s3.amazonaws.com/photos/113803767/original.jpeg,k-central-america,2024-10-22 07:40:36
original_3068087775_1.jpeg,3190628,Toxicodendron radicans,1.088,"Chlorostilbon assimilis Lawrence, 1861",2476075,7.548444,-80.935713,8.0,NORTH_AMERICA,Veraguas,2021,3,23,2021-03-23T17:36,True,Rodrigo Baez,iNaturalist,http://creativecommons.org/licenses/by-nc/4.0/,Rodrigo Baez,https://inaturalist-open-data.s3.amazonaws.com/photos/117310942/original.jpeg,k-central-america,2024-10-22 07:40:41
original_3070375413_1.jpg,2734676,Chamaedorea ernesti-augusti,6.593,"Chlorostilbon assimilis Lawrence, 1861",2476075,8.786253,-82.960335,272.0,NORTH_AMERICA,Puntarenas,2016,3,6,2016-03-06T21:35,True,Winfried Daunicht,iNaturalist,http://creativecommons.org/licenses/by-nc/4.0/,Winfried Daunicht,https://inaturalist-open-data.s3.amazonaws.com/photos/117586288/original.jpg,k-central-america,2024-10-22 07:40:43
original_3070493380_1.jpeg,3083111,Couratari guianensis,2.048,"Chlorostilbon assimilis Lawrence, 1861",2476075,8.345702,-82.515433,1719.0,NORTH_AMERICA,Chiriquí,2021,3,21,2021-03-21T17:45,True,Ricardo Brenes,iNaturalist,http://creativecommons.org/licenses/by-nc/4.0/,Ricardo Brenes,https://inaturalist-open-data.s3.amazonaws.com/photos/118129514/original.jpeg,k-central-america,2024-10-22 07:40:46
original_3079473222_1.jpeg,4092242,Handroanthus impetiginosus,17.412,"Chlorostilbon assimilis Lawrence, 1861",2476075,8.994355,-79.525216,818.0,NORTH_AMERICA,Panamá,2021,3,28,2021-03-28T15:37,True,Andrés Matos,iNaturalist,http://creativecommons.org/licenses/by-nc/4.0/,Andrés Matos,https://inaturalist-open-data.s3.amazonaws.com/photos/117914186/original.jpeg,k-central-america,2024-10-22 07:40:49
original_3079608972_1.jpeg,3795445,Vachellia macracantha,4.153,"Chlorostilbon assimilis Lawrence, 1861",2476075,8.994355,-79.525216,818.0,NORTH_AMERICA,Panamá,2021,3,28,2021-03-28T15:39,True,Andrés Matos,iNaturalist,http://creativecommons.org/licenses/by-nc/4.0/,Andrés Matos,https://inaturalist-open-data.s3.amazonaws.com/photos/119431382/original.jpeg,k-central-america,2024-10-22 07:40:51
original_3096989333_1.jpg,2925303,Lantana camara,88.23299999999999,"Chlorostilbon assimilis Lawrence, 1861",2476075,8.931498,-79.544795,,NORTH_AMERICA,Panamá,2019,2,26,2019-02-26T11:02:32,True,Aitor,iNaturalist,http://creativecommons.org/licenses/by/4.0/,Aitor,https://inaturalist-open-data.s3.amazonaws.com/photos/32058919/original.jpg,k-central-america,2024-10-22 07:40:56
original_3096999348_1.jpg,2874119,Xylosma flexuosa,8.866999999999999,"Chlorostilbon assimilis Lawrence, 1861",2476075,8.912752,-79.590475,123.0,NORTH_AMERICA,Panamá Oeste,2019,5,12,2019-05-12T22:21:42,True,Aitor,iNaturalist,http://creativecommons.org/licenses/by/4.0/,Aitor,https://inaturalist-open-data.s3.amazonaws.com/photos/38796155/original.jpg; https://inaturalist-open-data.s3.amazonaws.com/photos/38796168/original.jpg; https://inaturalist-open-data.s3.amazonaws.com/photos/38796172/original.jpg,k-central-america,2024-10-22 07:40:58
original_3097005361_1.jpg,2925303,Lantana camara,46.265,"Chlorostilbon assimilis Lawrence, 1861",2476075,8.93139,-79.544613,99.0,NORTH_AMERICA,Panamá,2019,10,12,2019-10-12T17:19:22,True,Aitor,iNaturalist,http://creativecommons.org/licenses/by/4.0/,Aitor,https://inaturalist-open-data.s3.amazonaws.com/photos/53929011/original.jpg; https://inaturalist-open-data.s3.amazonaws.com/photos/53929023/original.jpg,k-central-america,2024-10-22 07:41:04
original_3097005361_2.jpg,3150256,Pseudogynoxys chenopodioides,16.79,"Chlorostilbon assimilis Lawrence, 1861",2476075,8.93139,-79.544613,99.0,NORTH_AMERICA,Panamá,2019,10,12,2019-10-12T17:19:22,True,Aitor,iNaturalist,http://creativecommons.org/licenses/by/4.0/,Aitor,https://inaturalist-open-data.s3.amazonaws.com/photos/53929011/original.jpg; https://inaturalist-open-data.s3.amazonaws.com/photos/53929023/original.jpg,k-central-america,2024-10-22 07:41:06
original_3097029321_1.jpg,7317257,Mesechites trifidus,1.625,"Chlorostilbon assimilis Lawrence, 1861",2476075,8.900185,-79.586235,182.0,NORTH_AMERICA,Panamá Oeste,2018,10,25,2018-10-25T10:30:19,True,Aitor,iNaturalist,http://creativecommons.org/licenses/by/4.0/,Aitor,https://inaturalist-open-data.s3.amazonaws.com/photos/27230233/original.jpg,k-central-america,2024-10-22 07:41:09
original_3097042365_1.jpg,7264013,Aphelandra scabra,60.204,"Chlorostilbon assimilis Lawrence, 1861",2476075,8.898502,-79.589903,25.0,NORTH_AMERICA,Panamá Oeste,2020,2,8,2020-02-08T12:14:29,True,Aitor,iNaturalist,http://creativecommons.org/licenses/by/4.0/,Aitor,https://inaturalist-open-data.s3.amazonaws.com/photos/61078221/original.jpg,k-central-america,2024-10-22 07:41:12
original_3097057442_1.jpg,2962854,Pithecellobium unguis-cati,6.515,"Chlorostilbon assimilis Lawrence, 1861",2476075,8.920285,-79.53619,,NORTH_AMERICA,Panamá,2020,9,8,2020-09-08T10:12:31,True,Aitor,iNaturalist,http://creativecommons.org/licenses/by/4.0/,Aitor,https://inaturalist-open-data.s3.amazonaws.com/photos/94256646/original.jpg; https://inaturalist-open-data.s3.amazonaws.com/photos/94256664/original.jpg,k-central-america,2024-10-22 07:41:14
original_3097060361_1.jpg,2925303,Lantana camara,44.409,"Chlorostilbon assimilis Lawrence, 1861",2476075,8.931403,-79.54446,39.0,NORTH_AMERICA,Panamá,2019,10,12,2019-10-12T16:57:06,True,Aitor,iNaturalist,http://creativecommons.org/licenses/by/4.0/,Aitor,https://inaturalist-open-data.s3.amazonaws.com/photos/53928843/original.jpg; https://inaturalist-open-data.s3.amazonaws.com/photos/53928869/original.jpg,k-central-america,2024-10-22 07:41:18
original_3097060361_2.jpg,2925303,Lantana camara,35.668,"Chlorostilbon assimilis Lawrence, 1861",2476075,8.931403,-79.54446,39.0,NORTH_AMERICA,Panamá,2019,10,12,2019-10-12T16:57:06,True,Aitor,iNaturalist,http://creativecommons.org/licenses/by/4.0/,Aitor,https://inaturalist-open-data.s3.amazonaws.com/photos/53928843/original.jpg; https://inaturalist-open-data.s3.amazonaws.com/photos/53928869/original.jpg,k-central-america,2024-10-22 07:41:21
original_3097070319_1.jpg,2925303,Lantana camara,59.135000000000005,"Chlorostilbon assimilis Lawrence, 1861",2476075,8.904558,-79.59144,,NORTH_AMERICA,Panamá Oeste,2018,9,28,2018-09-28T08:57:35,True,Aitor,iNaturalist,http://creativecommons.org/licenses/by/4.0/,Aitor,https://inaturalist-open-data.s3.amazonaws.com/photos/25720797/original.jpg; https://inaturalist-open-data.s3.amazonaws.com/photos/25720800/original.jpg; https://inaturalist-open-data.s3.amazonaws.com/photos/25720804/original.jpg,k-central-america,2024-10-22 07:41:26
original_3097070319_2.jpg,2925303,Lantana camara,45.897,"Chlorostilbon assimilis Lawrence, 1861",2476075,8.904558,-79.59144,,NORTH_AMERICA,Panamá Oeste,2018,9,28,2018-09-28T08:57:35,True,Aitor,iNaturalist,http://creativecommons.org/licenses/by/4.0/,Aitor,https://inaturalist-open-data.s3.amazonaws.com/photos/25720797/original.jpg; https://inaturalist-open-data.s3.amazonaws.com/photos/25720800/original.jpg; https://inaturalist-open-data.s3.amazonaws.com/photos/25720804/original.jpg,k-central-america,2024-10-22 07:41:28
original_3097070319_3.jpg,2925303,Lantana camara,42.365,"Chlorostilbon assimilis Lawrence, 1861",2476075,8.904558,-79.59144,,NORTH_AMERICA,Panamá Oeste,2018,9,28,2018-09-28T08:57:35,True,Aitor,iNaturalist,http://creativecommons.org/licenses/by/4.0/,Aitor,https://inaturalist-open-data.s3.amazonaws.com/photos/25720797/original.jpg; https://inaturalist-open-data.s3.amazonaws.com/photos/25720800/original.jpg; https://inaturalist-open-data.s3.amazonaws.com/photos/25720804/original.jpg,k-central-america,2024-10-22 07:41:30
original_3097085332_1.jpg,3170223,Funastrum clausum,4.694,"Chlorostilbon assimilis Lawrence, 1861",2476075,8.931776,-79.544622,34.0,NORTH_AMERICA,Panamá,2019,4,28,2019-04-28T11:30,True,Aitor,iNaturalist,http://creativecommons.org/licenses/by/4.0/,Aitor,https://inaturalist-open-data.s3.amazonaws.com/photos/36786813/original.jpg; https://inaturalist-open-data.s3.amazonaws.com/photos/36786886/original.jpg; https://inaturalist-open-data.s3.amazonaws.com/photos/36786968/original.jpg,k-central-america,2024-10-22 07:41:35
original_3097085332_2.jpg,3170223,Funastrum clausum,5.389,"Chlorostilbon assimilis Lawrence, 1861",2476075,8.931776,-79.544622,34.0,NORTH_AMERICA,Panamá,2019,4,28,2019-04-28T11:30,True,Aitor,iNaturalist,http://creativecommons.org/licenses/by/4.0/,Aitor,https://inaturalist-open-data.s3.amazonaws.com/photos/36786813/original.jpg; https://inaturalist-open-data.s3.amazonaws.com/photos/36786886/original.jpg; https://inaturalist-open-data.s3.amazonaws.com/photos/36786968/original.jpg,k-central-america,2024-10-22 07:41:39
original_3097085332_3.jpg,5414601,Russelia equisetiformis,3.107,"Chlorostilbon assimilis Lawrence, 1861",2476075,8.931776,-79.544622,34.0,NORTH_AMERICA,Panamá,2019,4,28,2019-04-28T11:30,True,Aitor,iNaturalist,http://creativecommons.org/licenses/by/4.0/,Aitor,https://inaturalist-open-data.s3.amazonaws.com/photos/36786813/original.jpg; https://inaturalist-open-data.s3.amazonaws.com/photos/36786886/original.jpg; https://inaturalist-open-data.s3.amazonaws.com/photos/36786968/original.jpg,k-central-america,2024-10-22 07:41:41
original_3097143345_1.jpg,3138949,Melampodium divaricatum,4.952999999999999,"Chlorostilbon assimilis Lawrence, 1861",2476075,8.931895,-79.544666,65.0,NORTH_AMERICA,Panamá,2019,5,29,2019-05-29T11:03:57,True,Aitor,iNaturalist,http://creativecommons.org/licenses/by/4.0/,Aitor,https://inaturalist-open-data.s3.amazonaws.com/photos/40367595/original.jpg,k-central-america,2024-10-22 07:41:48
original_3097154321_1.jpg,2985082,Chrysobalanus icaco,14.716999999999999,"Chlorostilbon assimilis Lawrence, 1861",2476075,8.903748,-79.590168,,NORTH_AMERICA,Panamá Oeste,2018,12,6,2018-12-06T06:56:38,True,Aitor,iNaturalist,http://creativecommons.org/licenses/by/4.0/,Aitor,https://inaturalist-open-data.s3.amazonaws.com/photos/29050178/original.jpg,k-central-america,2024-10-22 07:41:51
original_3097159329_1.jpg,2925303,Lantana camara,49.101,"Chlorostilbon assimilis Lawrence, 1861",2476075,8.931842,-79.544612,40.0,NORTH_AMERICA,Panamá,2019,4,28,2019-04-28T11:28:14,True,Aitor,iNaturalist,http://creativecommons.org/licenses/by/4.0/,Aitor,https://inaturalist-open-data.s3.amazonaws.com/photos/36798890/original.jpg; https://inaturalist-open-data.s3.amazonaws.com/photos/36798929/original.jpg; https://inaturalist-open-data.s3.amazonaws.com/photos/36799018/original.jpg,k-central-america,2024-10-22 07:41:53
original_3097159329_2.jpg,2946519,Clitoria ternatea,46.768,"Chlorostilbon assimilis Lawrence, 1861",2476075,8.931842,-79.544612,40.0,NORTH_AMERICA,Panamá,2019,4,28,2019-04-28T11:28:14,True,Aitor,iNaturalist,http://creativecommons.org/licenses/by/4.0/,Aitor,https://inaturalist-open-data.s3.amazonaws.com/photos/36798890/original.jpg; https://inaturalist-open-data.s3.amazonaws.com/photos/36798929/original.jpg; https://inaturalist-open-data.s3.amazonaws.com/photos/36799018/original.jpg,k-central-america,2024-10-22 07:41:56
original_3097159329_3.jpg,6390957,Persicaria punctata,1.73,"Chlorostilbon assimilis Lawrence, 1861",2476075,8.931842,-79.544612,40.0,NORTH_AMERICA,Panamá,2019,4,28,2019-04-28T11:28:14,True,Aitor,iNaturalist,http://creativecommons.org/licenses/by/4.0/,Aitor,https://inaturalist-open-data.s3.amazonaws.com/photos/36798890/original.jpg; https://inaturalist-open-data.s3.amazonaws.com/photos/36798929/original.jpg; https://inaturalist-open-data.s3.amazonaws.com/photos/36799018/original.jpg,k-central-america,2024-10-22 07:41:57
original_3097161333_1.jpg,2925303,Lantana camara,86.667,"Chlorostilbon assimilis Lawrence, 1861",2476075,8.93207,-79.544754,48.0,NORTH_AMERICA,Panamá,2019,6,8,2019-06-08T10:48:43,True,Aitor,iNaturalist,http://creativecommons.org/licenses/by/4.0/,Aitor,https://inaturalist-open-data.s3.amazonaws.com/photos/41374525/original.jpg; https://inaturalist-open-data.s3.amazonaws.com/photos/41376149/original.jpg; https://inaturalist-open-data.s3.amazonaws.com/photos/41376165/original.jpg,k-central-america,2024-10-22 07:42:00
original_3097161333_2.jpg,2925332,Lantana canescens,18.782,"Chlorostilbon assimilis Lawrence, 1861",2476075,8.93207,-79.544754,48.0,NORTH_AMERICA,Panamá,2019,6,8,2019-06-08T10:48:43,True,Aitor,iNaturalist,http://creativecommons.org/licenses/by/4.0/,Aitor,https://inaturalist-open-data.s3.amazonaws.com/photos/41374525/original.jpg; https://inaturalist-open-data.s3.amazonaws.com/photos/41376149/original.jpg; https://inaturalist-open-data.s3.amazonaws.com/photos/41376165/original.jpg,k-central-america,2024-10-22 07:42:02
original_3097161333_3.jpg,2925332,Lantana canescens,28.518,"Chlorostilbon assimilis Lawrence, 1861",2476075,8.93207,-79.544754,48.0,NORTH_AMERICA,Panamá,2019,6,8,2019-06-08T10:48:43,True,Aitor,iNaturalist,http://creativecommons.org/licenses/by/4.0/,Aitor,https://inaturalist-open-data.s3.amazonaws.com/photos/41374525/original.jpg; https://inaturalist-open-data.s3.amazonaws.com/photos/41376149/original.jpg; https://inaturalist-open-data.s3.amazonaws.com/photos/41376165/original.jpg,k-central-america,2024-10-22 07:42:05
original_3097171457_1.jpeg,7297130,Stachytarpheta frantzii,35.495,"Chlorostilbon assimilis Lawrence, 1861",2476075,9.83393,-83.566802,8.0,NORTH_AMERICA,Cartago,2020,3,6,2020-03-06T15:48,True,Jenn Megyesi,iNaturalist,http://creativecommons.org/licenses/by-nc/4.0/,Jenn Megyesi,https://inaturalist-open-data.s3.amazonaws.com/photos/94126730/original.jpeg; https://inaturalist-open-data.s3.amazonaws.com/photos/94126824/original.jpeg,k-central-america,2024-10-22 07:42:07
original_3097171457_2.jpeg,7297130,Stachytarpheta frantzii,69.968,"Chlorostilbon assimilis Lawrence, 1861",2476075,9.83393,-83.566802,8.0,NORTH_AMERICA,Cartago,2020,3,6,2020-03-06T15:48,True,Jenn Megyesi,iNaturalist,http://creativecommons.org/licenses/by-nc/4.0/,Jenn Megyesi,https://inaturalist-open-data.s3.amazonaws.com/photos/94126730/original.jpeg; https://inaturalist-open-data.s3.amazonaws.com/photos/94126824/original.jpeg,k-central-america,2024-10-22 07:42:09
original_3097261331_1.jpg,3152195,Guazuma ulmifolia,53.147,"Chlorostilbon assimilis Lawrence, 1861",2476075,8.931694,-79.544711,143.0,NORTH_AMERICA,Panamá,2019,6,25,2019-06-25T10:30:24,True,Aitor,iNaturalist,http://creativecommons.org/licenses/by/4.0/,Aitor,https://inaturalist-open-data.s3.amazonaws.com/photos/43028606/original.jpg,k-central-america,2024-10-22 07:42:21
original_3097261371_1.jpeg,3191361,Byrsonima crassifolia,98.725,"Chlorostilbon assimilis Lawrence, 1861",2476075,8.950507,-79.647706,20.0,NORTH_AMERICA,Panamá Oeste,2020,4,29,2020-04-29T11:40:55,True,Hemellys Miranda,iNaturalist,http://creativecommons.org/licenses/by-nc/4.0/,Hemellys Miranda,https://inaturalist-open-data.s3.amazonaws.com/photos/70185972/original.jpeg; https://inaturalist-open-data.s3.amazonaws.com/photos/70186066/original.jpeg; https://inaturalist-open-data.s3.amazonaws.com/photos/70186139/original.jpeg; https://inaturalist-open-data.s3.amazonaws.com/photos/70186225/original.jpeg,k-central-america,2024-10-22 07:42:24
original_3097262321_1.jpg,2925303,Lantana camara,51.214999999999996,"Chlorostilbon assimilis Lawrence, 1861",2476075,8.904558,-79.59144,,NORTH_AMERICA,Panamá Oeste,2018,9,28,2018-09-28T08:57:27,True,Aitor,iNaturalist,http://creativecommons.org/licenses/by/4.0/,Aitor,https://inaturalist-open-data.s3.amazonaws.com/photos/25720737/original.jpg,k-central-america,2024-10-22 07:42:27
original_3097282397_1.jpg,2925663,Cornutia pyramidata,81.289,"Chlorostilbon assimilis Lawrence, 1861",2476075,8.906157,-79.587799,38.0,NORTH_AMERICA,Panamá Oeste,2020,6,5,2020-06-05T16:35:35,True,Aitor,iNaturalist,http://creativecommons.org/licenses/by/4.0/,Aitor,https://inaturalist-open-data.s3.amazonaws.com/photos/77130793/original.jpg; https://inaturalist-open-data.s3.amazonaws.com/photos/77130804/original.jpg,k-central-america,2024-10-22 07:42:30
original_3097282397_2.jpg,2925663,Cornutia pyramidata,70.375,"Chlorostilbon assimilis Lawrence, 1861",2476075,8.906157,-79.587799,38.0,NORTH_AMERICA,Panamá Oeste,2020,6,5,2020-06-05T16:35:35,True,Aitor,iNaturalist,http://creativecommons.org/licenses/by/4.0/,Aitor,https://inaturalist-open-data.s3.amazonaws.com/photos/77130793/original.jpg; https://inaturalist-open-data.s3.amazonaws.com/photos/77130804/original.jpg,k-central-america,2024-10-22 07:42:32
original_3097285343_2.jpg,2792457,Polystachya concreta,1.118,"Chlorostilbon assimilis Lawrence, 1861",2476075,8.931726,-79.544606,55.0,NORTH_AMERICA,Panamá,2019,6,8,2019-06-08T09:51:34,True,Aitor,iNaturalist,http://creativecommons.org/licenses/by/4.0/,Aitor,https://inaturalist-open-data.s3.amazonaws.com/photos/41368223/original.jpg; https://inaturalist-open-data.s3.amazonaws.com/photos/41368238/original.jpg; https://inaturalist-open-data.s3.amazonaws.com/photos/41368248/original.jpg,k-central-america,2024-10-22 07:42:37
original_3097289382_1.jpg,3152559,Hibiscus rosa-sinensis,58.270999999999994,"Chlorostilbon assimilis Lawrence, 1861",2476075,8.904381,-79.588451,43.0,NORTH_AMERICA,Panamá Oeste,2020,3,22,2020-03-22T17:34:17,True,Aitor,iNaturalist,http://creativecommons.org/licenses/by/4.0/,Aitor,https://inaturalist-open-data.s3.amazonaws.com/photos/64290145/original.jpg,k-central-america,2024-10-22 07:42:42
original_3097306321_1.jpg,2925303,Lantana camara,59.001999999999995,"Chlorostilbon assimilis Lawrence, 1861",2476075,8.93091,-79.544333,,NORTH_AMERICA,Panamá,2019,3,9,2019-03-09T17:11:45,True,Aitor,iNaturalist,http://creativecommons.org/licenses/by/4.0/,Aitor,https://inaturalist-open-data.s3.amazonaws.com/photos/32608227/original.jpg; https://inaturalist-open-data.s3.amazonaws.com/photos/32608229/original.jpg; https://inaturalist-open-data.s3.amazonaws.com/photos/32608233/original.jpg,k-central-america,2024-10-22 07:42:44
original_3097306321_2.jpg,2925303,Lantana camara,47.573,"Chlorostilbon assimilis Lawrence, 1861",2476075,8.93091,-79.544333,,NORTH_AMERICA,Panamá,2019,3,9,2019-03-09T17:11:45,True,Aitor,iNaturalist,http://creativecommons.org/licenses/by/4.0/,Aitor,https://inaturalist-open-data.s3.amazonaws.com/photos/32608227/original.jpg; https://inaturalist-open-data.s3.amazonaws.com/photos/32608229/original.jpg; https://inaturalist-open-data.s3.amazonaws.com/photos/32608233/original.jpg,k-central-america,2024-10-22 07:42:46
original_3097306321_3.jpg,2925303,Lantana camara,32.074000000000005,"Chlorostilbon assimilis Lawrence, 1861",2476075,8.93091,-79.544333,,NORTH_AMERICA,Panamá,2019,3,9,2019-03-09T17:11:45,True,Aitor,iNaturalist,http://creativecommons.org/licenses/by/4.0/,Aitor,https://inaturalist-open-data.s3.amazonaws.com/photos/32608227/original.jpg; https://inaturalist-open-data.s3.amazonaws.com/photos/32608229/original.jpg; https://inaturalist-open-data.s3.amazonaws.com/photos/32608233/original.jpg,k-central-america,2024-10-22 07:42:48
original_3108998127_1.jpg,7297130,Stachytarpheta frantzii,81.43599999999999,"Chlorostilbon assimilis Lawrence, 1861",2476075,9.012866,-79.50823,122.0,NORTH_AMERICA,Panamá,2021,4,25,2021-04-25T13:57,True,Samuel Valdes,iNaturalist,http://creativecommons.org/licenses/by-nc-nd/4.0/,Samuel Valdes,https://inaturalist-open-data.s3.amazonaws.com/photos/123344069/original.jpg,k-central-america,2024-10-22 07:42:50
original_3112743502_1.jpg,5421368,Anacardium occidentale,32.967999999999996,"Chlorostilbon assimilis Lawrence, 1861",2476075,8.537981,-80.782127,418778.0,NORTH_AMERICA,Coclé,2021,5,2,2021-05-02T10:36Z,True,minelischavarria,iNaturalist,http://creativecommons.org/licenses/by-nc/4.0/,minelischavarria,https://inaturalist-open-data.s3.amazonaws.com/photos/125270754/original.jpg,k-central-america,2024-10-22 07:42:53
original_3112873497_1.jpg,5421368,Anacardium occidentale,32.912,"Chlorostilbon assimilis Lawrence, 1861",2476075,8.537981,-80.782127,418778.0,NORTH_AMERICA,Coclé,2021,5,2,2021-05-02T10:36Z,True,minelischavarria,iNaturalist,http://creativecommons.org/licenses/by-nc/4.0/,minelischavarria,https://inaturalist-open-data.s3.amazonaws.com/photos/125269430/original.jpg,k-central-america,2024-10-22 07:42:56
original_3112899528_1.jpg,5421368,Anacardium occidentale,38.368,"Chlorostilbon assimilis Lawrence, 1861",2476075,8.537981,-80.782127,418778.0,NORTH_AMERICA,Coclé,2021,5,2,2021-05-02T10:37Z,True,minelischavarria,iNaturalist,http://creativecommons.org/licenses/by-nc/4.0/,minelischavarria,https://inaturalist-open-data.s3.amazonaws.com/photos/125271445/original.jpg,k-central-america,2024-10-22 07:42:58
original_3112918537_1.jpg,5421368,Anacardium occidentale,22.105,"Chlorostilbon assimilis Lawrence, 1861",2476075,8.537981,-80.782127,418778.0,NORTH_AMERICA,Coclé,2021,5,2,2021-05-02T10:36Z,True,minelischavarria,iNaturalist,http://creativecommons.org/licenses/by-nc/4.0/,minelischavarria,https://inaturalist-open-data.s3.amazonaws.com/photos/125298558/original.jpg,k-central-america,2024-10-22 07:43:00
original_3314445100_1.jpg,2925303,Lantana camara,45.883,"Chlorostilbon assimilis Lawrence, 1861",2476075,8.62333,-79.068456,35.0,NORTH_AMERICA,Panamá,2021,6,20,2021-06-20T13:15:57,True,Aitor,iNaturalist,http://creativecommons.org/licenses/by/4.0/,Aitor,https://inaturalist-open-data.s3.amazonaws.com/photos/137872243/original.jpg,k-central-america,2024-10-22 07:43:03
original_3327729747_1.jpeg,2930137,Solanum lycopersicum,5.316,"Chlorostilbon assimilis Lawrence, 1861",2476075,8.55052,-82.640899,15.0,NORTH_AMERICA,Chiriquí,2021,7,8,2021-07-08T23:59,True,axca,iNaturalist,http://creativecommons.org/licenses/by-nc/4.0/,axca,https://inaturalist-open-data.s3.amazonaws.com/photos/142251163/original.jpeg,k-central-america,2024-10-22 07:43:06
original_3337853884_1.jpg,5415976,Melaleuca leucadendra,11.892,"Chlorostilbon assimilis Lawrence, 1861",2476075,9.070686,-79.402301,192.0,NORTH_AMERICA,Panamá,2021,7,9,2021-07-09T13:30,True,Gordon Karre,iNaturalist,http://creativecommons.org/licenses/by-nc/4.0/,Gordon Karre,https://inaturalist-open-data.s3.amazonaws.com/photos/148590736/original.jpg,k-central-america,2024-10-22 07:43:09
original_3355083539_1.jpg,2925303,Lantana camara,41.346,"Chlorostilbon assimilis Lawrence, 1861",2476075,8.813389,-82.960434,107.0,NORTH_AMERICA,Puntarenas,2021,6,18,2021-06-18T07:00Z,True,Randall Jiménez,iNaturalist,http://creativecommons.org/licenses/by-nc/4.0/,Randall Jiménez,https://inaturalist-open-data.s3.amazonaws.com/photos/139406734/original.jpg,k-central-america,2024-10-22 07:43:14
original_3355545455_1.jpg,2874119,Xylosma flexuosa,9.83,"Chlorostilbon assimilis Lawrence, 1861",2476075,8.994355,-79.525216,818.0,NORTH_AMERICA,Panamá,2021,1,12,2021-01-12T16:37,True,Andrés Matos,iNaturalist,http://creativecommons.org/licenses/by-nc/4.0/,Andrés Matos,https://inaturalist-open-data.s3.amazonaws.com/photos/110261007/original.jpg,k-central-america,2024-10-22 07:43:17
original_3384675332_1.jpeg,5407273,Annona muricata,13.602,"Chlorostilbon assimilis Lawrence, 1861",2476075,8.832597,-82.970462,84.0,NORTH_AMERICA,Puntarenas,2021,5,5,2021-05-05,True,Jeffry Torres,iNaturalist,http://creativecommons.org/licenses/by-nc/4.0/,Jeffry Torres,https://inaturalist-open-data.s3.amazonaws.com/photos/156562209/original.jpeg,k-central-america,2024-10-22 07:43:19
original_3384803076_1.jpeg,3172492,Tecoma stans,87.725,"Chlorostilbon assimilis Lawrence, 1861",2476075,8.950226,-79.53085,244.0,NORTH_AMERICA,Panamá,2021,9,23,2021-09-23T17:10,True,Kai Squires,iNaturalist,http://creativecommons.org/licenses/by/4.0/,Kai Squires,https://inaturalist-open-data.s3.amazonaws.com/photos/159272411/original.jpeg,k-central-america,2024-10-22 07:43:21
original_3398829481_1.jpg,2925303,Lantana camara,89.84400000000001,"Chlorostilbon assimilis Lawrence, 1861",2476075,8.932947,-79.545986,8.0,NORTH_AMERICA,Panamá,2021,10,19,2021-10-19T08:16,True,Anthony Batista,iNaturalist,http://creativecommons.org/licenses/by/4.0/,Anthony Batista,https://inaturalist-open-data.s3.amazonaws.com/photos/164426155/original.jpg,k-central-america,2024-10-22 07:43:23
original_3398839330_1.jpg,5355075,Machaerium lunatum,4.473,"Chlorostilbon assimilis Lawrence, 1861",2476075,8.994355,-79.525216,818.0,NORTH_AMERICA,Panamá,2021,10,15,2021-10-15T15:35,True,Andrés Matos,iNaturalist,http://creativecommons.org/licenses/by-nc/4.0/,Andrés Matos,https://inaturalist-open-data.s3.amazonaws.com/photos/164123183/original.jpg,k-central-america,2024-10-22 07:43:25
original_3399293469_1.jpg,2925462,Stachytarpheta mutabilis,77.01599999999999,"Chlorostilbon assimilis Lawrence, 1861",2476075,8.933576,-79.545683,15.0,NORTH_AMERICA,Panamá,2021,10,19,2021-10-19T09:31,True,Anthony Batista,iNaturalist,http://creativecommons.org/licenses/by/4.0/,Anthony Batista,https://inaturalist-open-data.s3.amazonaws.com/photos/164426370/original.jpg; https://inaturalist-open-data.s3.amazonaws.com/photos/164426379/original.jpg; https://inaturalist-open-data.s3.amazonaws.com/photos/164426391/original.jpg; https://inaturalist-open-data.s3.amazonaws.com/photos/164426408/original.jpg; https://inaturalist-open-data.s3.amazonaws.com/photos/164426423/original.jpg,k-central-america,2024-10-22 07:43:27
original_3399293469_2.jpg,2925462,Stachytarpheta mutabilis,41.079,"Chlorostilbon assimilis Lawrence, 1861",2476075,8.933576,-79.545683,15.0,NORTH_AMERICA,Panamá,2021,10,19,2021-10-19T09:31,True,Anthony Batista,iNaturalist,http://creativecommons.org/licenses/by/4.0/,Anthony Batista,https://inaturalist-open-data.s3.amazonaws.com/photos/164426370/original.jpg; https://inaturalist-open-data.s3.amazonaws.com/photos/164426379/original.jpg; https://inaturalist-open-data.s3.amazonaws.com/photos/164426391/original.jpg; https://inaturalist-open-data.s3.amazonaws.com/photos/164426408/original.jpg; https://inaturalist-open-data.s3.amazonaws.com/photos/164426423/original.jpg,k-central-america,2024-10-22 07:43:29
original_3399293469_3.jpg,2925462,Stachytarpheta mutabilis,85.681,"Chlorostilbon assimilis Lawrence, 1861",2476075,8.933576,-79.545683,15.0,NORTH_AMERICA,Panamá,2021,10,19,2021-10-19T09:31,True,Anthony Batista,iNaturalist,http://creativecommons.org/licenses/by/4.0/,Anthony Batista,https://inaturalist-open-data.s3.amazonaws.com/photos/164426370/original.jpg; https://inaturalist-open-data.s3.amazonaws.com/photos/164426379/original.jpg; https://inaturalist-open-data.s3.amazonaws.com/photos/164426391/original.jpg; https://inaturalist-open-data.s3.amazonaws.com/photos/164426408/original.jpg; https://inaturalist-open-data.s3.amazonaws.com/photos/164426423/original.jpg,k-central-america,2024-10-22 07:43:31
original_3399293469_4.jpg,2925462,Stachytarpheta mutabilis,42.598,"Chlorostilbon assimilis Lawrence, 1861",2476075,8.933576,-79.545683,15.0,NORTH_AMERICA,Panamá,2021,10,19,2021-10-19T09:31,True,Anthony Batista,iNaturalist,http://creativecommons.org/licenses/by/4.0/,Anthony Batista,https://inaturalist-open-data.s3.amazonaws.com/photos/164426370/original.jpg; https://inaturalist-open-data.s3.amazonaws.com/photos/164426379/original.jpg; https://inaturalist-open-data.s3.amazonaws.com/photos/164426391/original.jpg; https://inaturalist-open-data.s3.amazonaws.com/photos/164426408/original.jpg; https://inaturalist-open-data.s3.amazonaws.com/photos/164426423/original.jpg,k-central-america,2024-10-22 07:43:33
original_3399293469_5.jpg,2925462,Stachytarpheta mutabilis,53.721,"Chlorostilbon assimilis Lawrence, 1861",2476075,8.933576,-79.545683,15.0,NORTH_AMERICA,Panamá,2021,10,19,2021-10-19T09:31,True,Anthony Batista,iNaturalist,http://creativecommons.org/licenses/by/4.0/,Anthony Batista,https://inaturalist-open-data.s3.amazonaws.com/photos/164426370/original.jpg; https://inaturalist-open-data.s3.amazonaws.com/photos/164426379/original.jpg; https://inaturalist-open-data.s3.amazonaws.com/photos/164426391/original.jpg; https://inaturalist-open-data.s3.amazonaws.com/photos/164426408/original.jpg; https://inaturalist-open-data.s3.amazonaws.com/photos/164426423/original.jpg,k-central-america,2024-10-22 07:43:35
original_3408114123_1.jpeg,7831077,Roupala montana,16.087,"Chlorostilbon assimilis Lawrence, 1861",2476075,8.609784,-80.131693,2579.0,NORTH_AMERICA,Coclé,2021,11,2,2021-11-02T13:10,True,Kai Squires,iNaturalist,http://creativecommons.org/licenses/by/4.0/,Kai Squires,https://inaturalist-open-data.s3.amazonaws.com/photos/167013172/original.jpeg; https://inaturalist-open-data.s3.amazonaws.com/photos/167013227/original.jpeg,k-central-america,2024-10-22 07:43:37
original_3408114123_2.jpeg,3882539,Hyptis brachiata,10.591000000000001,"Chlorostilbon assimilis Lawrence, 1861",2476075,8.609784,-80.131693,2579.0,NORTH_AMERICA,Coclé,2021,11,2,2021-11-02T13:10,True,Kai Squires,iNaturalist,http://creativecommons.org/licenses/by/4.0/,Kai Squires,https://inaturalist-open-data.s3.amazonaws.com/photos/167013172/original.jpeg; https://inaturalist-open-data.s3.amazonaws.com/photos/167013227/original.jpeg,k-central-america,2024-10-22 07:43:40
original_3415977276_1.jpeg,4092242,Handroanthus impetiginosus,1.443,"Chlorostilbon assimilis Lawrence, 1861",2476075,8.609784,-80.131693,2579.0,NORTH_AMERICA,Coclé,2021,11,14,2021-11-14T13:50,True,Kai Squires,iNaturalist,http://creativecommons.org/licenses/by/4.0/,Kai Squires,https://inaturalist-open-data.s3.amazonaws.com/photos/168898242/original.jpeg,k-central-america,2024-10-22 07:43:42
original_3415995871_1.jpeg,2705275,Cymbopogon citratus,4.185,"Chlorostilbon assimilis Lawrence, 1861",2476075,9.077666,-79.510565,16.0,NORTH_AMERICA,Panamá,2021,11,13,2021-11-13T12:40:49Z,True,erick_robles,iNaturalist,http://creativecommons.org/licenses/by-nc/4.0/,erick_robles,https://inaturalist-open-data.s3.amazonaws.com/photos/169246583/original.jpeg; https://inaturalist-open-data.s3.amazonaws.com/photos/169246591/original.jpeg,k-central-america,2024-10-22 07:43:44
original_3415995871_2.jpeg,2704111,Bothriochloa laguroides,0.907,"Chlorostilbon assimilis Lawrence, 1861",2476075,9.077666,-79.510565,16.0,NORTH_AMERICA,Panamá,2021,11,13,2021-11-13T12:40:49Z,True,erick_robles,iNaturalist,http://creativecommons.org/licenses/by-nc/4.0/,erick_robles,https://inaturalist-open-data.s3.amazonaws.com/photos/169246583/original.jpeg; https://inaturalist-open-data.s3.amazonaws.com/photos/169246591/original.jpeg,k-central-america,2024-10-22 07:43:46
original_3416017366_1.jpg,3033970,Licaria triandra,2.5860000000000003,"Chlorostilbon assimilis Lawrence, 1861",2476075,8.980081,-79.507171,48.0,NORTH_AMERICA,Panamá,2021,11,24,2021-11-24T08:22:55,True,Aitor,iNaturalist,http://creativecommons.org/licenses/by/4.0/,Aitor,https://inaturalist-open-data.s3.amazonaws.com/photos/170092620/original.jpg,k-central-america,2024-10-22 07:43:48
original_3455315371_1.jpeg,3621389,Tabernaemontana undulata,3.483,"Chlorostilbon assimilis Lawrence, 1861",2476075,8.623602,-79.043257,2.0,NORTH_AMERICA,Panamá,2017,7,29,2017-07-29,True,Mike G. Rutherford,iNaturalist,http://creativecommons.org/licenses/by-nc/4.0/,Mike G. Rutherford,https://inaturalist-open-data.s3.amazonaws.com/photos/10143149/original.jpeg,k-central-america,2024-10-22 07:43:54
original_3455438683_1.jpeg,3191361,Byrsonima crassifolia,2.9530000000000003,"Chlorostilbon assimilis Lawrence, 1861",2476075,8.520991,-82.431263,635.0,NORTH_AMERICA,Chiriquí,2021,11,26,2021-11-26T17:50Z,True,wensf,iNaturalist,http://creativecommons.org/licenses/by-nc/4.0/,wensf,https://inaturalist-open-data.s3.amazonaws.com/photos/170399466/original.jpeg,k-central-america,2024-10-22 07:43:56
original_3455690011_1.jpeg,2925303,Lantana camara,55.742000000000004,"Chlorostilbon assimilis Lawrence, 1861",2476075,8.931831,-79.54482,15.0,NORTH_AMERICA,Panamá,2021,10,3,2021-10-03T15:38,True,Emily Hjalmarson,iNaturalist,http://creativecommons.org/licenses/by-nc/4.0/,Emily Hjalmarson,https://inaturalist-open-data.s3.amazonaws.com/photos/171625684/original.jpeg,k-central-america,2024-10-22 07:43:58
original_3456370352_1.jpeg,3055740,Dalechampia tiliifolia,7.127999999999999,"Chlorostilbon assimilis Lawrence, 1861",2476075,7.416739,-80.301329,344.0,NORTH_AMERICA,Los Santos,2021,10,6,2021-10-06T10:30,True,Kai Squires,iNaturalist,http://creativecommons.org/licenses/by/4.0/,Kai Squires,https://inaturalist-open-data.s3.amazonaws.com/photos/161928693/original.jpeg,k-central-america,2024-10-22 07:44:03
original_3456380397_1.jpg,2925462,Stachytarpheta mutabilis,38.985,"Chlorostilbon assimilis Lawrence, 1861",2476075,8.932218,-79.544792,45.0,NORTH_AMERICA,Panamá,2021,12,12,2021-12-12T08:54,True,Anthony Batista,iNaturalist,http://creativecommons.org/licenses/by/4.0/,Anthony Batista,https://inaturalist-open-data.s3.amazonaws.com/photos/172178288/original.jpg,k-central-america,2024-10-22 07:44:06
original_3456383530_1.jpg,7297130,Stachytarpheta frantzii,54.178000000000004,"Chlorostilbon assimilis Lawrence, 1861",2476075,9.832104,-83.563891,474.0,NORTH_AMERICA,Cartago,2021,11,6,2021-11-06T07:12Z,True,David Garrigues,iNaturalist,http://creativecommons.org/licenses/by-nc/4.0/,David Garrigues,https://inaturalist-open-data.s3.amazonaws.com/photos/171316157/original.jpg; https://inaturalist-open-data.s3.amazonaws.com/photos/171316166/original.jpg; https://inaturalist-open-data.s3.amazonaws.com/photos/171316211/original.jpg,k-central-america,2024-10-22 07:44:08
original_3456383530_2.jpg,2925462,Stachytarpheta mutabilis,65.045,"Chlorostilbon assimilis Lawrence, 1861",2476075,9.832104,-83.563891,474.0,NORTH_AMERICA,Cartago,2021,11,6,2021-11-06T07:12Z,True,David Garrigues,iNaturalist,http://creativecommons.org/licenses/by-nc/4.0/,David Garrigues,https://inaturalist-open-data.s3.amazonaws.com/photos/171316157/original.jpg; https://inaturalist-open-data.s3.amazonaws.com/photos/171316166/original.jpg; https://inaturalist-open-data.s3.amazonaws.com/photos/171316211/original.jpg,k-central-america,2024-10-22 07:44:10
original_3456383530_3.jpg,2925462,Stachytarpheta mutabilis,66.987,"Chlorostilbon assimilis Lawrence, 1861",2476075,9.832104,-83.563891,474.0,NORTH_AMERICA,Cartago,2021,11,6,2021-11-06T07:12Z,True,David Garrigues,iNaturalist,http://creativecommons.org/licenses/by-nc/4.0/,David Garrigues,https://inaturalist-open-data.s3.amazonaws.com/photos/171316157/original.jpg; https://inaturalist-open-data.s3.amazonaws.com/photos/171316166/original.jpg; https://inaturalist-open-data.s3.amazonaws.com/photos/171316211/original.jpg,k-central-america,2024-10-22 07:44:12
original_3457131263_1.jpeg,5288518,Pitcairnia heterophylla,20.926000000000002,"Chlorostilbon assimilis Lawrence, 1861",2476075,8.620703,-80.589149,15.0,NORTH_AMERICA,Coclé,2021,12,17,2021-12-17T01:36Z,True,Francisco J. Castillo C.,iNaturalist,http://creativecommons.org/licenses/by-nc/4.0/,Francisco J. Castillo C.,https://inaturalist-open-data.s3.amazonaws.com/photos/174482559/original.jpeg,k-central-america,2024-10-22 07:44:17
original_3457180115_1.jpeg,2895593,Genipa americana,3.6790000000000003,"Chlorostilbon assimilis Lawrence, 1861",2476075,8.912278,-79.528553,299.0,NORTH_AMERICA,Panamá,2018,8,2,2018-08-02T14:57,True,Mario Finkel,iNaturalist,http://creativecommons.org/licenses/by-nc/4.0/,Mario Finkel,https://inaturalist-open-data.s3.amazonaws.com/photos/175373233/original.jpeg; https://inaturalist-open-data.s3.amazonaws.com/photos/175373241/original.jpeg,k-central-america,2024-10-22 07:44:19
original_3466308032_1.jpeg,5662394,Cordia dodecandra,2.5860000000000003,"Chlorostilbon assimilis Lawrence, 1861",2476075,8.957319,-79.534288,1520.0,NORTH_AMERICA,Panamá,2022,1,21,2022-01-21T14:06,True,Kai Squires,iNaturalist,http://creativecommons.org/licenses/by/4.0/,Kai Squires,https://inaturalist-open-data.s3.amazonaws.com/photos/176721517/original.jpeg,k-central-america,2024-10-22 07:44:24
original_3499581539_1.jpg,3795445,Vachellia macracantha,3.2750000000000004,"Chlorostilbon assimilis Lawrence, 1861",2476075,9.04106,-79.529313,4.0,NORTH_AMERICA,Panamá,2022,2,10,2022-02-10T17:37,True,Anthony Batista,iNaturalist,http://creativecommons.org/licenses/by/4.0/,Anthony Batista,https://inaturalist-open-data.s3.amazonaws.com/photos/178998471/original.jpg,k-central-america,2024-10-22 07:44:27
original_3705756469_1.jpeg,2925655,Duranta erecta,74.74199999999999,"Chlorostilbon assimilis Lawrence, 1861",2476075,8.777232,-82.448194,3166.0,NORTH_AMERICA,Chiriquí,2018,8,18,2018-08-18T12:05,True,Mario Finkel,iNaturalist,http://creativecommons.org/licenses/by-nc/4.0/,Mario Finkel,https://inaturalist-open-data.s3.amazonaws.com/photos/179832097/original.jpeg; https://inaturalist-open-data.s3.amazonaws.com/photos/179832115/original.jpeg,k-central-america,2024-10-22 07:44:29
original_3705756469_2.jpeg,2925655,Duranta erecta,28.38,"Chlorostilbon assimilis Lawrence, 1861",2476075,8.777232,-82.448194,3166.0,NORTH_AMERICA,Chiriquí,2018,8,18,2018-08-18T12:05,True,Mario Finkel,iNaturalist,http://creativecommons.org/licenses/by-nc/4.0/,Mario Finkel,https://inaturalist-open-data.s3.amazonaws.com/photos/179832097/original.jpeg; https://inaturalist-open-data.s3.amazonaws.com/photos/179832115/original.jpeg,k-central-america,2024-10-22 07:44:31
original_3743115549_1.jpeg,5406696,Ceiba aesculifolia,42.603,"Chlorostilbon assimilis Lawrence, 1861",2476075,8.993608,-79.546295,444.0,NORTH_AMERICA,Panamá,2022,3,11,2022-03-11T09:16:18,True,Jay,iNaturalist,http://creativecommons.org/licenses/by-nc/4.0/,Jay,https://inaturalist-open-data.s3.amazonaws.com/photos/182514551/original.jpeg,k-central-america,2024-10-22 07:44:34
original_3747016989_1.jpg,2754517,Dioscorea mexicana,3.3520000000000003,"Chlorostilbon assimilis Lawrence, 1861",2476075,8.996512,-79.522483,14.0,NORTH_AMERICA,Panamá,2022,3,21,2022-03-21T13:52:23,True,balkiscecilia,iNaturalist,http://creativecommons.org/licenses/by-nc/4.0/,balkiscecilia,https://inaturalist-open-data.s3.amazonaws.com/photos/183935263/original.jpg,k-central-america,2024-10-22 07:44:36
original_3759108175_1.jpg,3189950,Paullinia pinnata,7.720000000000001,"Chlorostilbon assimilis Lawrence, 1861",2476075,8.370605,-80.113115,113.0,NORTH_AMERICA,Coclé,2022,3,26,2022-03-26T09:57,True,Anthony Batista,iNaturalist,http://creativecommons.org/licenses/by/4.0/,Anthony Batista,https://inaturalist-open-data.s3.amazonaws.com/photos/184990120/original.jpg,k-central-america,2024-10-22 07:44:48
original_3759411451_1.jpg,7298785,Jacaranda caucana,0.2,"Chlorostilbon assimilis Lawrence, 1861",2476075,8.538434,-79.886003,4.0,NORTH_AMERICA,Panamá Oeste,2022,4,9,2022-04-09T11:17,True,SkippingShoe,iNaturalist,http://creativecommons.org/licenses/by-nc/4.0/,SkippingShoe,https://inaturalist-open-data.s3.amazonaws.com/photos/187155961/original.jpg,k-central-america,2024-10-22 07:44:53
original_3759535294_1.jpg,2981879,Calliandra tergemina,1.229,"Chlorostilbon assimilis Lawrence, 1861",2476075,8.538434,-79.885985,4.0,NORTH_AMERICA,Panamá Oeste,2022,4,9,2022-04-09T11:58,True,SkippingShoe,iNaturalist,http://creativecommons.org/licenses/by-nc/4.0/,SkippingShoe,https://inaturalist-open-data.s3.amazonaws.com/photos/187156015/original.jpg,k-central-america,2024-10-22 07:44:55
original_3759611985_1.jpeg,2930137,Solanum lycopersicum,2.176,"Chlorostilbon assimilis Lawrence, 1861",2476075,8.974803,-79.511428,182.0,NORTH_AMERICA,Panamá,2022,4,4,2022-04-04T17:16,True,Manuel A. Pérez R.,iNaturalist,http://creativecommons.org/licenses/by-nc/4.0/,Manuel A. Pérez R.,https://inaturalist-open-data.s3.amazonaws.com/photos/186397807/original.jpeg; https://inaturalist-open-data.s3.amazonaws.com/photos/186397825/original.jpeg; https://inaturalist-open-data.s3.amazonaws.com/photos/186397828/original.jpeg; https://inaturalist-open-data.s3.amazonaws.com/photos/186397840/original.jpeg,k-central-america,2024-10-22 07:44:57
original_3759611985_2.jpeg,2895593,Genipa americana,5.1819999999999995,"Chlorostilbon assimilis Lawrence, 1861",2476075,8.974803,-79.511428,182.0,NORTH_AMERICA,Panamá,2022,4,4,2022-04-04T17:16,True,Manuel A. Pérez R.,iNaturalist,http://creativecommons.org/licenses/by-nc/4.0/,Manuel A. Pérez R.,https://inaturalist-open-data.s3.amazonaws.com/photos/186397807/original.jpeg; https://inaturalist-open-data.s3.amazonaws.com/photos/186397825/original.jpeg; https://inaturalist-open-data.s3.amazonaws.com/photos/186397828/original.jpeg; https://inaturalist-open-data.s3.amazonaws.com/photos/186397840/original.jpeg,k-central-america,2024-10-22 07:44:59
original_3759611985_3.jpeg,5361869,Ulmus parvifolia,3.329,"Chlorostilbon assimilis Lawrence, 1861",2476075,8.974803,-79.511428,182.0,NORTH_AMERICA,Panamá,2022,4,4,2022-04-04T17:16,True,Manuel A. Pérez R.,iNaturalist,http://creativecommons.org/licenses/by-nc/4.0/,Manuel A. Pérez R.,https://inaturalist-open-data.s3.amazonaws.com/photos/186397807/original.jpeg; https://inaturalist-open-data.s3.amazonaws.com/photos/186397825/original.jpeg; https://inaturalist-open-data.s3.amazonaws.com/photos/186397828/original.jpeg; https://inaturalist-open-data.s3.amazonaws.com/photos/186397840/original.jpeg,k-central-america,2024-10-22 07:45:01
original_3759611985_4.jpeg,5341746,Operculina pinnatifida,0.712,"Chlorostilbon assimilis Lawrence, 1861",2476075,8.974803,-79.511428,182.0,NORTH_AMERICA,Panamá,2022,4,4,2022-04-04T17:16,True,Manuel A. Pérez R.,iNaturalist,http://creativecommons.org/licenses/by-nc/4.0/,Manuel A. Pérez R.,https://inaturalist-open-data.s3.amazonaws.com/photos/186397807/original.jpeg; https://inaturalist-open-data.s3.amazonaws.com/photos/186397825/original.jpeg; https://inaturalist-open-data.s3.amazonaws.com/photos/186397828/original.jpeg; https://inaturalist-open-data.s3.amazonaws.com/photos/186397840/original.jpeg,k-central-america,2024-10-22 07:45:04
original_3760070705_1.jpg,4093859,Fernandoa adenophylla,0.326,"Chlorostilbon assimilis Lawrence, 1861",2476075,8.538283,-79.885758,15.0,NORTH_AMERICA,Panamá Oeste,2022,4,10,2022-04-10T13:24,True,SkippingShoe,iNaturalist,http://creativecommons.org/licenses/by-nc/4.0/,SkippingShoe,https://inaturalist-open-data.s3.amazonaws.com/photos/187589998/original.jpg,k-central-america,2024-10-22 07:45:06
original_3760116651_1.jpg,Unknown,Unknown,0,"Chlorostilbon assimilis Lawrence, 1861",2476075,8.538283,-79.885747,15.0,NORTH_AMERICA,Panamá Oeste,2022,4,10,2022-04-10T13:23,True,SkippingShoe,iNaturalist,http://creativecommons.org/licenses/by-nc/4.0/,SkippingShoe,https://inaturalist-open-data.s3.amazonaws.com/photos/187589989/original.jpg,k-central-america,2024-10-22 07:45:08
original_3760131702_1.jpg,2700135,Werauhia vittata,0.404,"Chlorostilbon assimilis Lawrence, 1861",2476075,8.801654,-82.424947,10308.0,NORTH_AMERICA,Chiriquí,2022,4,12,2022-04-12T17:05:48,True,chrishorton,iNaturalist,http://creativecommons.org/licenses/by-nc/4.0/,chrishorton,https://inaturalist-open-data.s3.amazonaws.com/photos/187778295/original.jpg,k-central-america,2024-10-22 07:45:09
original_3760148655_1.jpg,7264854,Paullinia alata,3.229,"Chlorostilbon assimilis Lawrence, 1861",2476075,8.538315,-79.885758,15.0,NORTH_AMERICA,Panamá Oeste,2022,4,10,2022-04-10T13:24,True,SkippingShoe,iNaturalist,http://creativecommons.org/licenses/by-nc/4.0/,SkippingShoe,https://inaturalist-open-data.s3.amazonaws.com/photos/187590006/original.jpg,k-central-america,2024-10-22 07:45:11
original_3773668738_2.jpeg,2925663,Cornutia pyramidata,96.04,"Chlorostilbon assimilis Lawrence, 1861",2476075,8.621288,-80.139709,237.0,NORTH_AMERICA,Coclé,2022,4,13,2022-04-13T15:26,True,johnharshman,iNaturalist,http://creativecommons.org/licenses/by-nc/4.0/,johnharshman,https://inaturalist-open-data.s3.amazonaws.com/photos/194889172/original.jpeg; https://inaturalist-open-data.s3.amazonaws.com/photos/194889216/original.jpeg,k-central-america,2024-10-22 07:45:14
original_3858259888_1.jpg,7297130,Stachytarpheta frantzii,81.38,"Chlorostilbon assimilis Lawrence, 1861",2476075,9.832104,-83.563891,217.0,NORTH_AMERICA,Cartago,2021,11,28,2021-11-28T06:00,True,Justyn Stahl,iNaturalist,http://creativecommons.org/licenses/by-nc/4.0/,Justyn Stahl,https://inaturalist-open-data.s3.amazonaws.com/photos/178265577/original.jpg,k-central-america,2024-10-22 07:45:16
original_3858347109_1.jpg,7297130,Stachytarpheta frantzii,39.823,"Chlorostilbon assimilis Lawrence, 1861",2476075,9.452415,-83.610846,,NORTH_AMERICA,San José,2022,2,26,2022-02-26T16:28,True,Carlos Sanchez,iNaturalist,http://creativecommons.org/licenses/by-nc/4.0/,Carlos Sanchez,https://inaturalist-open-data.s3.amazonaws.com/photos/202697897/original.jpg,k-central-america,2024-10-22 07:45:19
original_3858354229_1.jpg,2925303,Lantana camara,19.822,"Chlorostilbon assimilis Lawrence, 1861",2476075,8.931045,-79.544272,4.0,NORTH_AMERICA,Panamá,2022,6,3,2022-06-03T13:32:33,True,David Tan,iNaturalist,http://creativecommons.org/licenses/by-nc/4.0/,David Tan,https://inaturalist-open-data.s3.amazonaws.com/photos/203019323/original.jpg; https://inaturalist-open-data.s3.amazonaws.com/photos/203019348/original.jpg; https://inaturalist-open-data.s3.amazonaws.com/photos/203019391/original.jpg,k-central-america,2024-10-22 07:45:21
original_3858486434_4.jpeg,2925536,Petrea volubilis,91.123,"Chlorostilbon assimilis Lawrence, 1861",2476075,8.766098,-82.94571,20.0,NORTH_AMERICA,Puntarenas,2021,12,20,2021-12-20T13:25:49,True,Andres Paniagua Montoya,iNaturalist,http://creativecommons.org/licenses/by-nc/4.0/,Andres Paniagua Montoya,https://inaturalist-open-data.s3.amazonaws.com/photos/201326171/original.jpeg; https://inaturalist-open-data.s3.amazonaws.com/photos/201326231/original.jpeg; https://inaturalist-open-data.s3.amazonaws.com/photos/201327919/original.jpeg; https://inaturalist-open-data.s3.amazonaws.com/photos/201327958/original.jpeg; https://inaturalist-open-data.s3.amazonaws.com/photos/201328008/original.jpeg,k-central-america,2024-10-22 07:45:30
original_3873120337_1.jpg,9193953,Zinnia peruviana,85.119,"Chlorostilbon assimilis Lawrence, 1861",2476075,9.059308,-79.4728,15.0,NORTH_AMERICA,Panamá,2022,7,23,2022-07-23T10:23:31,True,Luis Carlos Rodríguez Méndez,iNaturalist,http://creativecommons.org/licenses/by-nc/4.0/,Luis Carlos Rodríguez Méndez,https://inaturalist-open-data.s3.amazonaws.com/photos/216515058/original.jpg,k-central-america,2024-10-22 07:45:35
original_3873424387_1.jpeg,2957303,Senna reticulata,19.470000000000002,"Chlorostilbon assimilis Lawrence, 1861",2476075,8.93094,-79.544369,2.0,NORTH_AMERICA,Panamá,2022,7,10,2022-07-10T12:34,True,Rosabel Miro,iNaturalist,http://creativecommons.org/licenses/by-nc/4.0/,Rosabel Miro,https://inaturalist-open-data.s3.amazonaws.com/photos/216402448/original.jpeg,k-central-america,2024-10-22 07:45:37
original_3925165893_1.jpg,2925303,Lantana camara,49.498,"Chlorostilbon assimilis Lawrence, 1861",2476075,8.7765,-82.432149,31.0,NORTH_AMERICA,Chiriquí,2022,10,3,2022-10-03T13:11,True,Ana Isabel Gómez A,iNaturalist,http://creativecommons.org/licenses/by-nc/4.0/,Ana Isabel Gómez A,https://inaturalist-open-data.s3.amazonaws.com/photos/235254668/original.jpg,k-central-america,2024-10-22 07:45:45
original_3947134536_1.jpeg,5414601,Russelia equisetiformis,80.059,"Chlorostilbon assimilis Lawrence, 1861",2476075,8.794572,-79.554369,,NORTH_AMERICA,Panamá Oeste,2022,10,15,2022-10-15T17:00:05,True,wbmonroe,iNaturalist,http://creativecommons.org/licenses/by-nc/4.0/,wbmonroe,https://inaturalist-open-data.s3.amazonaws.com/photos/237515996/original.jpeg; https://inaturalist-open-data.s3.amazonaws.com/photos/237516011/original.jpeg,k-central-america,2024-10-22 07:45:47
original_3961198545_1.jpeg,2925303,Lantana camara,38.61,"Chlorostilbon assimilis Lawrence, 1861",2476075,8.84791,-79.82381,50.0,NORTH_AMERICA,Panamá Oeste,2022,10,23,2022-10-23T08:21,True,Dario Taraborelli,iNaturalist,http://creativecommons.org/publicdomain/zero/1.0/,Dario Taraborelli,https://inaturalist-open-data.s3.amazonaws.com/photos/240954417/original.jpeg; https://inaturalist-open-data.s3.amazonaws.com/photos/240954428/original.jpeg; https://inaturalist-open-data.s3.amazonaws.com/photos/240954441/original.jpeg; https://inaturalist-open-data.s3.amazonaws.com/photos/240954459/original.jpeg; https://inaturalist-open-data.s3.amazonaws.com/photos/240954477/original.jpeg,k-central-america,2024-10-22 07:45:49
original_3961198545_2.jpeg,2925303,Lantana camara,17.131,"Chlorostilbon assimilis Lawrence, 1861",2476075,8.84791,-79.82381,50.0,NORTH_AMERICA,Panamá Oeste,2022,10,23,2022-10-23T08:21,True,Dario Taraborelli,iNaturalist,http://creativecommons.org/publicdomain/zero/1.0/,Dario Taraborelli,https://inaturalist-open-data.s3.amazonaws.com/photos/240954417/original.jpeg; https://inaturalist-open-data.s3.amazonaws.com/photos/240954428/original.jpeg; https://inaturalist-open-data.s3.amazonaws.com/photos/240954441/original.jpeg; https://inaturalist-open-data.s3.amazonaws.com/photos/240954459/original.jpeg; https://inaturalist-open-data.s3.amazonaws.com/photos/240954477/original.jpeg,k-central-america,2024-10-22 07:45:52
original_3961198545_3.jpeg,2925303,Lantana camara,55.031,"Chlorostilbon assimilis Lawrence, 1861",2476075,8.84791,-79.82381,50.0,NORTH_AMERICA,Panamá Oeste,2022,10,23,2022-10-23T08:21,True,Dario Taraborelli,iNaturalist,http://creativecommons.org/publicdomain/zero/1.0/,Dario Taraborelli,https://inaturalist-open-data.s3.amazonaws.com/photos/240954417/original.jpeg; https://inaturalist-open-data.s3.amazonaws.com/photos/240954428/original.jpeg; https://inaturalist-open-data.s3.amazonaws.com/photos/240954441/original.jpeg; https://inaturalist-open-data.s3.amazonaws.com/photos/240954459/original.jpeg; https://inaturalist-open-data.s3.amazonaws.com/photos/240954477/original.jpeg,k-central-america,2024-10-22 07:45:54
original_3961198545_4.jpeg,2925303,Lantana camara,40.046,"Chlorostilbon assimilis Lawrence, 1861",2476075,8.84791,-79.82381,50.0,NORTH_AMERICA,Panamá Oeste,2022,10,23,2022-10-23T08:21,True,Dario Taraborelli,iNaturalist,http://creativecommons.org/publicdomain/zero/1.0/,Dario Taraborelli,https://inaturalist-open-data.s3.amazonaws.com/photos/240954417/original.jpeg; https://inaturalist-open-data.s3.amazonaws.com/photos/240954428/original.jpeg; https://inaturalist-open-data.s3.amazonaws.com/photos/240954441/original.jpeg; https://inaturalist-open-data.s3.amazonaws.com/photos/240954459/original.jpeg; https://inaturalist-open-data.s3.amazonaws.com/photos/240954477/original.jpeg,k-central-america,2024-10-22 07:45:56
original_3961198545_5.jpeg,2925303,Lantana camara,22.762999999999998,"Chlorostilbon assimilis Lawrence, 1861",2476075,8.84791,-79.82381,50.0,NORTH_AMERICA,Panamá Oeste,2022,10,23,2022-10-23T08:21,True,Dario Taraborelli,iNaturalist,http://creativecommons.org/publicdomain/zero/1.0/,Dario Taraborelli,https://inaturalist-open-data.s3.amazonaws.com/photos/240954417/original.jpeg; https://inaturalist-open-data.s3.amazonaws.com/photos/240954428/original.jpeg; https://inaturalist-open-data.s3.amazonaws.com/photos/240954441/original.jpeg; https://inaturalist-open-data.s3.amazonaws.com/photos/240954459/original.jpeg; https://inaturalist-open-data.s3.amazonaws.com/photos/240954477/original.jpeg,k-central-america,2024-10-22 07:45:59
original_3966748372_1.jpeg,2925303,Lantana camara,42.806,"Chlorostilbon assimilis Lawrence, 1861",2476075,8.600909,-82.422643,8.0,NORTH_AMERICA,Chiriquí,2021,5,18,2021-05-18T03:18,True,axca,iNaturalist,http://creativecommons.org/licenses/by-nc/4.0/,axca,https://inaturalist-open-data.s3.amazonaws.com/photos/129956926/original.jpeg,k-central-america,2024-10-22 07:46:01
original_4009671143_1.jpg,5406755,Sida cordifolia,5.283,"Chlorostilbon assimilis Lawrence, 1861",2476075,8.646363,-82.437272,14158.0,NORTH_AMERICA,Chiriquí,2022,12,18,2022-12-18T03:48,True,Terry,iNaturalist,http://creativecommons.org/licenses/by-nc/4.0/,Terry,https://inaturalist-open-data.s3.amazonaws.com/photos/249151305/original.jpg,k-central-america,2024-10-22 07:46:03
original_4009754182_1.jpeg,2925499,Verbena menthifolia,4.239,"Chlorostilbon assimilis Lawrence, 1861",2476075,8.8892,-82.826898,539.0,NORTH_AMERICA,Puntarenas,2022,12,25,2022-12-25T09:33:54,True,Jeffry Torres,iNaturalist,http://creativecommons.org/licenses/by-nc/4.0/,Jeffry Torres,https://inaturalist-open-data.s3.amazonaws.com/photos/249252852/original.jpeg,k-central-america,2024-10-22 07:46:07
original_4011839503_1.jpeg,2975768,Tamarindus indica,82.87,"Chlorostilbon assimilis Lawrence, 1861",2476075,8.344187,-80.154351,422.0,NORTH_AMERICA,Coclé,2021,6,4,2021-06-04T07:00,True,Hunter Groce,iNaturalist,http://creativecommons.org/licenses/by-nc/4.0/,Hunter Groce,https://inaturalist-open-data.s3.amazonaws.com/photos/213630120/original.jpeg; https://inaturalist-open-data.s3.amazonaws.com/photos/213630145/original.jpeg; https://inaturalist-open-data.s3.amazonaws.com/photos/213630171/original.jpeg; https://inaturalist-open-data.s3.amazonaws.com/photos/213630210/original.jpeg; https://inaturalist-open-data.s3.amazonaws.com/photos/213630236/original.jpeg,k-central-america,2024-10-22 07:46:09
original_4011839503_2.jpeg,2975768,Tamarindus indica,64.826,"Chlorostilbon assimilis Lawrence, 1861",2476075,8.344187,-80.154351,422.0,NORTH_AMERICA,Coclé,2021,6,4,2021-06-04T07:00,True,Hunter Groce,iNaturalist,http://creativecommons.org/licenses/by-nc/4.0/,Hunter Groce,https://inaturalist-open-data.s3.amazonaws.com/photos/213630120/original.jpeg; https://inaturalist-open-data.s3.amazonaws.com/photos/213630145/original.jpeg; https://inaturalist-open-data.s3.amazonaws.com/photos/213630171/original.jpeg; https://inaturalist-open-data.s3.amazonaws.com/photos/213630210/original.jpeg; https://inaturalist-open-data.s3.amazonaws.com/photos/213630236/original.jpeg,k-central-america,2024-10-22 07:46:11
original_4011839503_3.jpeg,2975768,Tamarindus indica,82.828,"Chlorostilbon assimilis Lawrence, 1861",2476075,8.344187,-80.154351,422.0,NORTH_AMERICA,Coclé,2021,6,4,2021-06-04T07:00,True,Hunter Groce,iNaturalist,http://creativecommons.org/licenses/by-nc/4.0/,Hunter Groce,https://inaturalist-open-data.s3.amazonaws.com/photos/213630120/original.jpeg; https://inaturalist-open-data.s3.amazonaws.com/photos/213630145/original.jpeg; https://inaturalist-open-data.s3.amazonaws.com/photos/213630171/original.jpeg; https://inaturalist-open-data.s3.amazonaws.com/photos/213630210/original.jpeg; https://inaturalist-open-data.s3.amazonaws.com/photos/213630236/original.jpeg,k-central-america,2024-10-22 07:46:13
original_4011839503_4.jpeg,2975768,Tamarindus indica,77.24600000000001,"Chlorostilbon assimilis Lawrence, 1861",2476075,8.344187,-80.154351,422.0,NORTH_AMERICA,Coclé,2021,6,4,2021-06-04T07:00,True,Hunter Groce,iNaturalist,http://creativecommons.org/licenses/by-nc/4.0/,Hunter Groce,https://inaturalist-open-data.s3.amazonaws.com/photos/213630120/original.jpeg; https://inaturalist-open-data.s3.amazonaws.com/photos/213630145/original.jpeg; https://inaturalist-open-data.s3.amazonaws.com/photos/213630171/original.jpeg; https://inaturalist-open-data.s3.amazonaws.com/photos/213630210/original.jpeg; https://inaturalist-open-data.s3.amazonaws.com/photos/213630236/original.jpeg,k-central-america,2024-10-22 07:46:14
original_4011839503_5.jpeg,2975768,Tamarindus indica,79.109,"Chlorostilbon assimilis Lawrence, 1861",2476075,8.344187,-80.154351,422.0,NORTH_AMERICA,Coclé,2021,6,4,2021-06-04T07:00,True,Hunter Groce,iNaturalist,http://creativecommons.org/licenses/by-nc/4.0/,Hunter Groce,https://inaturalist-open-data.s3.amazonaws.com/photos/213630120/original.jpeg; https://inaturalist-open-data.s3.amazonaws.com/photos/213630145/original.jpeg; https://inaturalist-open-data.s3.amazonaws.com/photos/213630171/original.jpeg; https://inaturalist-open-data.s3.amazonaws.com/photos/213630210/original.jpeg; https://inaturalist-open-data.s3.amazonaws.com/photos/213630236/original.jpeg,k-central-america,2024-10-22 07:46:15
original_4011909432_1.jpeg,2975768,Tamarindus indica,21.075,"Chlorostilbon assimilis Lawrence, 1861",2476075,8.345959,-80.151755,189.0,NORTH_AMERICA,Coclé,2021,6,4,2021-06-04T06:52Z,True,Hunter Groce,iNaturalist,http://creativecommons.org/licenses/by-nc/4.0/,Hunter Groce,https://inaturalist-open-data.s3.amazonaws.com/photos/186980146/original.jpeg; https://inaturalist-open-data.s3.amazonaws.com/photos/186980159/original.jpeg; https://inaturalist-open-data.s3.amazonaws.com/photos/186980165/original.jpeg; https://inaturalist-open-data.s3.amazonaws.com/photos/186980189/original.jpeg; https://inaturalist-open-data.s3.amazonaws.com/photos/186980209/original.jpeg,k-central-america,2024-10-22 07:46:18
original_4011909432_2.jpeg,2975768,Tamarindus indica,21.437,"Chlorostilbon assimilis Lawrence, 1861",2476075,8.345959,-80.151755,189.0,NORTH_AMERICA,Coclé,2021,6,4,2021-06-04T06:52Z,True,Hunter Groce,iNaturalist,http://creativecommons.org/licenses/by-nc/4.0/,Hunter Groce,https://inaturalist-open-data.s3.amazonaws.com/photos/186980146/original.jpeg; https://inaturalist-open-data.s3.amazonaws.com/photos/186980159/original.jpeg; https://inaturalist-open-data.s3.amazonaws.com/photos/186980165/original.jpeg; https://inaturalist-open-data.s3.amazonaws.com/photos/186980189/original.jpeg; https://inaturalist-open-data.s3.amazonaws.com/photos/186980209/original.jpeg,k-central-america,2024-10-22 07:46:20
original_4011909432_3.jpeg,2975768,Tamarindus indica,10.71,"Chlorostilbon assimilis Lawrence, 1861",2476075,8.345959,-80.151755,189.0,NORTH_AMERICA,Coclé,2021,6,4,2021-06-04T06:52Z,True,Hunter Groce,iNaturalist,http://creativecommons.org/licenses/by-nc/4.0/,Hunter Groce,https://inaturalist-open-data.s3.amazonaws.com/photos/186980146/original.jpeg; https://inaturalist-open-data.s3.amazonaws.com/photos/186980159/original.jpeg; https://inaturalist-open-data.s3.amazonaws.com/photos/186980165/original.jpeg; https://inaturalist-open-data.s3.amazonaws.com/photos/186980189/original.jpeg; https://inaturalist-open-data.s3.amazonaws.com/photos/186980209/original.jpeg,k-central-america,2024-10-22 07:46:22
original_4011909432_4.jpeg,2975768,Tamarindus indica,49.292,"Chlorostilbon assimilis Lawrence, 1861",2476075,8.345959,-80.151755,189.0,NORTH_AMERICA,Coclé,2021,6,4,2021-06-04T06:52Z,True,Hunter Groce,iNaturalist,http://creativecommons.org/licenses/by-nc/4.0/,Hunter Groce,https://inaturalist-open-data.s3.amazonaws.com/photos/186980146/original.jpeg; https://inaturalist-open-data.s3.amazonaws.com/photos/186980159/original.jpeg; https://inaturalist-open-data.s3.amazonaws.com/photos/186980165/original.jpeg; https://inaturalist-open-data.s3.amazonaws.com/photos/186980189/original.jpeg; https://inaturalist-open-data.s3.amazonaws.com/photos/186980209/original.jpeg,k-central-america,2024-10-22 07:46:24
original_4011909432_5.jpeg,2975768,Tamarindus indica,26.648,"Chlorostilbon assimilis Lawrence, 1861",2476075,8.345959,-80.151755,189.0,NORTH_AMERICA,Coclé,2021,6,4,2021-06-04T06:52Z,True,Hunter Groce,iNaturalist,http://creativecommons.org/licenses/by-nc/4.0/,Hunter Groce,https://inaturalist-open-data.s3.amazonaws.com/photos/186980146/original.jpeg; https://inaturalist-open-data.s3.amazonaws.com/photos/186980159/original.jpeg; https://inaturalist-open-data.s3.amazonaws.com/photos/186980165/original.jpeg; https://inaturalist-open-data.s3.amazonaws.com/photos/186980189/original.jpeg; https://inaturalist-open-data.s3.amazonaws.com/photos/186980209/original.jpeg,k-central-america,2024-10-22 07:46:27
original_4022312886_1.jpg,7297130,Stachytarpheta frantzii,97.083,"Chlorostilbon assimilis Lawrence, 1861",2476075,9.832104,-83.563891,217.0,NORTH_AMERICA,Cartago,2021,8,10,2021-08-10T15:03,True,brewmaster,iNaturalist,http://creativecommons.org/licenses/by-nc/4.0/,brewmaster,https://inaturalist-open-data.s3.amazonaws.com/photos/252719681/original.jpg; https://inaturalist-open-data.s3.amazonaws.com/photos/252719700/original.jpg; https://inaturalist-open-data.s3.amazonaws.com/photos/252719713/original.jpg,k-central-america,2024-10-22 07:46:29
original_4022312886_3.jpg,7297130,Stachytarpheta frantzii,84.951,"Chlorostilbon assimilis Lawrence, 1861",2476075,9.832104,-83.563891,217.0,NORTH_AMERICA,Cartago,2021,8,10,2021-08-10T15:03,True,brewmaster,iNaturalist,http://creativecommons.org/licenses/by-nc/4.0/,brewmaster,https://inaturalist-open-data.s3.amazonaws.com/photos/252719681/original.jpg; https://inaturalist-open-data.s3.amazonaws.com/photos/252719700/original.jpg; https://inaturalist-open-data.s3.amazonaws.com/photos/252719713/original.jpg,k-central-america,2024-10-22 07:46:33
original_4054801257_1.jpg,2984335,Urera caracasana,5.992,"Chlorostilbon assimilis Lawrence, 1861",2476075,8.622204,-80.061045,1050.0,NORTH_AMERICA,Panamá Oeste,2023,2,20,2023-02-20,True,Melissa McMasters,iNaturalist,http://creativecommons.org/licenses/by/4.0/,Melissa McMasters,https://inaturalist-open-data.s3.amazonaws.com/photos/259450538/original.jpg,k-central-america,2024-10-22 07:46:36
original_4054806955_1.jpeg,2925663,Cornutia pyramidata,86.248,"Chlorostilbon assimilis Lawrence, 1861",2476075,8.627611,-80.1175,,NORTH_AMERICA,Coclé,2023,2,20,2023-02-20T17:11,True,nature_with_krista,iNaturalist,http://creativecommons.org/licenses/by-nc/4.0/,nature_with_krista,https://inaturalist-open-data.s3.amazonaws.com/photos/258959315/original.jpeg,k-central-america,2024-10-22 07:46:37
original_4062684523_1.jpeg,7587087,Cajanus cajan,6.679,"Chlorostilbon assimilis Lawrence, 1861",2476075,8.406658,-82.417907,32.0,NORTH_AMERICA,Chiriquí,2022,11,25,2022-11-25T12:33:20,True,ZASIETH RODRÍGUEZ,iNaturalist,http://creativecommons.org/licenses/by-nc/4.0/,ZASIETH RODRÍGUEZ,https://inaturalist-open-data.s3.amazonaws.com/photos/244957310/original.jpeg; https://inaturalist-open-data.s3.amazonaws.com/photos/244957320/original.jpeg,k-central-america,2024-10-22 07:46:40
original_4062684523_2.jpeg,7587087,Cajanus cajan,35.865,"Chlorostilbon assimilis Lawrence, 1861",2476075,8.406658,-82.417907,32.0,NORTH_AMERICA,Chiriquí,2022,11,25,2022-11-25T12:33:20,True,ZASIETH RODRÍGUEZ,iNaturalist,http://creativecommons.org/licenses/by-nc/4.0/,ZASIETH RODRÍGUEZ,https://inaturalist-open-data.s3.amazonaws.com/photos/244957310/original.jpeg; https://inaturalist-open-data.s3.amazonaws.com/photos/244957320/original.jpeg,k-central-america,2024-10-22 07:46:42
original_4067288682_1.jpg,7297130,Stachytarpheta frantzii,79.254,"Chlorostilbon assimilis Lawrence, 1861",2476075,10.200242,-83.754073,171169.0,NORTH_AMERICA,Limón,2022,9,22,2022-09-22T08:14:34,True,jalo2,iNaturalist,http://creativecommons.org/licenses/by-nc/4.0/,jalo2,https://inaturalist-open-data.s3.amazonaws.com/photos/242386955/original.jpg,k-central-america,2024-10-22 07:46:44
original_4075672047_1.jpg,5421368,Anacardium occidentale,37.122,"Chlorostilbon assimilis Lawrence, 1861",2476075,8.369947,-80.129608,161.0,NORTH_AMERICA,Coclé,2023,3,13,2023-03-13T13:00,True,Edith St-Martin,iNaturalist,http://creativecommons.org/licenses/by-nc/4.0/,Edith St-Martin,https://inaturalist-open-data.s3.amazonaws.com/photos/262270573/original.jpg; https://inaturalist-open-data.s3.amazonaws.com/photos/262270601/original.jpg; https://inaturalist-open-data.s3.amazonaws.com/photos/262270621/original.jpg,k-central-america,2024-10-22 07:46:47
original_4075672047_2.jpg,5421368,Anacardium occidentale,71.76599999999999,"Chlorostilbon assimilis Lawrence, 1861",2476075,8.369947,-80.129608,161.0,NORTH_AMERICA,Coclé,2023,3,13,2023-03-13T13:00,True,Edith St-Martin,iNaturalist,http://creativecommons.org/licenses/by-nc/4.0/,Edith St-Martin,https://inaturalist-open-data.s3.amazonaws.com/photos/262270573/original.jpg; https://inaturalist-open-data.s3.amazonaws.com/photos/262270601/original.jpg; https://inaturalist-open-data.s3.amazonaws.com/photos/262270621/original.jpg,k-central-america,2024-10-22 07:46:50
original_4075672047_3.jpg,5421368,Anacardium occidentale,1.18,"Chlorostilbon assimilis Lawrence, 1861",2476075,8.369947,-80.129608,161.0,NORTH_AMERICA,Coclé,2023,3,13,2023-03-13T13:00,True,Edith St-Martin,iNaturalist,http://creativecommons.org/licenses/by-nc/4.0/,Edith St-Martin,https://inaturalist-open-data.s3.amazonaws.com/photos/262270573/original.jpg; https://inaturalist-open-data.s3.amazonaws.com/photos/262270601/original.jpg; https://inaturalist-open-data.s3.amazonaws.com/photos/262270621/original.jpg,k-central-america,2024-10-22 07:46:52
original_4075963475_1.jpg,2925663,Cornutia pyramidata,98.961,"Chlorostilbon assimilis Lawrence, 1861",2476075,8.633878,-80.115603,,NORTH_AMERICA,Coclé,2023,3,14,2023-03-14T08:53,True,Andrew Newmark,iNaturalist,http://creativecommons.org/licenses/by-nc/4.0/,Andrew Newmark,https://inaturalist-open-data.s3.amazonaws.com/photos/262909589/original.jpg,k-central-america,2024-10-22 07:46:56
original_4076250086_1.jpg,5421368,Anacardium occidentale,1.18,"Chlorostilbon assimilis Lawrence, 1861",2476075,8.369689,-80.129584,109.0,NORTH_AMERICA,Coclé,2023,3,14,2023-03-14T10:28,True,Edith St-Martin,iNaturalist,http://creativecommons.org/licenses/by-nc/4.0/,Edith St-Martin,https://inaturalist-open-data.s3.amazonaws.com/photos/262223304/original.jpg; https://inaturalist-open-data.s3.amazonaws.com/photos/262223331/original.jpg; https://inaturalist-open-data.s3.amazonaws.com/photos/262223349/original.jpg,k-central-america,2024-10-22 07:46:58
original_4076250086_2.jpg,5421368,Anacardium occidentale,37.122,"Chlorostilbon assimilis Lawrence, 1861",2476075,8.369689,-80.129584,109.0,NORTH_AMERICA,Coclé,2023,3,14,2023-03-14T10:28,True,Edith St-Martin,iNaturalist,http://creativecommons.org/licenses/by-nc/4.0/,Edith St-Martin,https://inaturalist-open-data.s3.amazonaws.com/photos/262223304/original.jpg; https://inaturalist-open-data.s3.amazonaws.com/photos/262223331/original.jpg; https://inaturalist-open-data.s3.amazonaws.com/photos/262223349/original.jpg,k-central-america,2024-10-22 07:47:00
original_4076250086_3.jpg,5421368,Anacardium occidentale,7.989,"Chlorostilbon assimilis Lawrence, 1861",2476075,8.369689,-80.129584,109.0,NORTH_AMERICA,Coclé,2023,3,14,2023-03-14T10:28,True,Edith St-Martin,iNaturalist,http://creativecommons.org/licenses/by-nc/4.0/,Edith St-Martin,https://inaturalist-open-data.s3.amazonaws.com/photos/262223304/original.jpg; https://inaturalist-open-data.s3.amazonaws.com/photos/262223331/original.jpg; https://inaturalist-open-data.s3.amazonaws.com/photos/262223349/original.jpg,k-central-america,2024-10-22 07:47:03
original_4080525401_1.jpeg,7297130,Stachytarpheta frantzii,28.945999999999998,"Chlorostilbon assimilis Lawrence, 1861",2476075,9.832104,-83.563891,217.0,NORTH_AMERICA,Cartago,2021,12,28,2021-12-28T09:13,True,Christine Jacobs,iNaturalist,http://creativecommons.org/licenses/by-nc/4.0/,Christine Jacobs,https://inaturalist-open-data.s3.amazonaws.com/photos/175563040/original.jpeg,k-central-america,2024-10-22 07:47:06
original_4080640367_1.jpeg,2760766,Heliconia hirsuta,2.157,"Chlorostilbon assimilis Lawrence, 1861",2476075,8.537657,-83.302436,113.0,NORTH_AMERICA,Puntarenas,2021,7,18,2021-07-18T01:16,True,Jan Ebr & Ivana Ebrová,iNaturalist,http://creativecommons.org/licenses/by/4.0/,Jan Ebr & Ivana Ebrová,https://inaturalist-open-data.s3.amazonaws.com/photos/164192213/original.jpeg,k-central-america,2024-10-22 07:47:08
original_4096611348_1.jpeg,2976206,Entada polystachya,7.242,"Chlorostilbon assimilis Lawrence, 1861",2476075,8.003479,-81.275138,19.0,NORTH_AMERICA,Veraguas,2023,4,21,2023-04-21T10:07:07,True,Francis Pérez,iNaturalist,http://creativecommons.org/licenses/by/4.0/,Francis Pérez,https://inaturalist-open-data.s3.amazonaws.com/photos/270023574/original.jpeg,k-central-america,2024-10-22 07:47:11
original_4097016637_1.jpeg,2925385,Lippia alba,70.178,"Chlorostilbon assimilis Lawrence, 1861",2476075,8.932253,-79.545608,7.0,NORTH_AMERICA,Panamá,2023,4,23,2023-04-23T16:40,True,Juan Manuel de Roux,iNaturalist,http://creativecommons.org/licenses/by-nc/4.0/,Juan Manuel de Roux,https://inaturalist-open-data.s3.amazonaws.com/photos/270481443/original.jpeg; https://inaturalist-open-data.s3.amazonaws.com/photos/270481764/original.jpeg; https://inaturalist-open-data.s3.amazonaws.com/photos/270481765/original.jpeg; https://inaturalist-open-data.s3.amazonaws.com/photos/270481766/original.jpeg,k-central-america,2024-10-22 07:47:16
original_4097016637_2.jpeg,2925393,Citharexylum caudatum,41.125,"Chlorostilbon assimilis Lawrence, 1861",2476075,8.932253,-79.545608,7.0,NORTH_AMERICA,Panamá,2023,4,23,2023-04-23T16:40,True,Juan Manuel de Roux,iNaturalist,http://creativecommons.org/licenses/by-nc/4.0/,Juan Manuel de Roux,https://inaturalist-open-data.s3.amazonaws.com/photos/270481443/original.jpeg; https://inaturalist-open-data.s3.amazonaws.com/photos/270481764/original.jpeg; https://inaturalist-open-data.s3.amazonaws.com/photos/270481765/original.jpeg; https://inaturalist-open-data.s3.amazonaws.com/photos/270481766/original.jpeg,k-central-america,2024-10-22 07:47:18
original_4097016637_3.jpeg,2762989,Musa ornata,3.528,"Chlorostilbon assimilis Lawrence, 1861",2476075,8.932253,-79.545608,7.0,NORTH_AMERICA,Panamá,2023,4,23,2023-04-23T16:40,True,Juan Manuel de Roux,iNaturalist,http://creativecommons.org/licenses/by-nc/4.0/,Juan Manuel de Roux,https://inaturalist-open-data.s3.amazonaws.com/photos/270481443/original.jpeg; https://inaturalist-open-data.s3.amazonaws.com/photos/270481764/original.jpeg; https://inaturalist-open-data.s3.amazonaws.com/photos/270481765/original.jpeg; https://inaturalist-open-data.s3.amazonaws.com/photos/270481766/original.jpeg,k-central-america,2024-10-22 07:47:20
original_4097016637_4.jpeg,2925385,Lippia alba,65.57,"Chlorostilbon assimilis Lawrence, 1861",2476075,8.932253,-79.545608,7.0,NORTH_AMERICA,Panamá,2023,4,23,2023-04-23T16:40,True,Juan Manuel de Roux,iNaturalist,http://creativecommons.org/licenses/by-nc/4.0/,Juan Manuel de Roux,https://inaturalist-open-data.s3.amazonaws.com/photos/270481443/original.jpeg; https://inaturalist-open-data.s3.amazonaws.com/photos/270481764/original.jpeg; https://inaturalist-open-data.s3.amazonaws.com/photos/270481765/original.jpeg; https://inaturalist-open-data.s3.amazonaws.com/photos/270481766/original.jpeg,k-central-america,2024-10-22 07:47:22
original_4103490386_2.jpg,5414601,Russelia equisetiformis,4.736,"Chlorostilbon assimilis Lawrence, 1861",2476075,8.931507,-79.544729,42.0,NORTH_AMERICA,Panamá,2023,5,1,2023-05-01T09:16:43,True,Aitor,iNaturalist,http://creativecommons.org/licenses/by/4.0/,Aitor,https://inaturalist-open-data.s3.amazonaws.com/photos/274445820/original.jpg; https://inaturalist-open-data.s3.amazonaws.com/photos/274445915/original.jpg; https://inaturalist-open-data.s3.amazonaws.com/photos/274446033/original.jpg; https://inaturalist-open-data.s3.amazonaws.com/photos/274446154/original.jpg,k-central-america,2024-10-22 07:47:26
original_4103490386_3.jpg,2702503,Melinis minutiflora,0.996,"Chlorostilbon assimilis Lawrence, 1861",2476075,8.931507,-79.544729,42.0,NORTH_AMERICA,Panamá,2023,5,1,2023-05-01T09:16:43,True,Aitor,iNaturalist,http://creativecommons.org/licenses/by/4.0/,Aitor,https://inaturalist-open-data.s3.amazonaws.com/photos/274445820/original.jpg; https://inaturalist-open-data.s3.amazonaws.com/photos/274445915/original.jpg; https://inaturalist-open-data.s3.amazonaws.com/photos/274446033/original.jpg; https://inaturalist-open-data.s3.amazonaws.com/photos/274446154/original.jpg,k-central-america,2024-10-22 07:47:29
original_4103490386_4.jpg,5421144,Dodonaea viscosa,1.685,"Chlorostilbon assimilis Lawrence, 1861",2476075,8.931507,-79.544729,42.0,NORTH_AMERICA,Panamá,2023,5,1,2023-05-01T09:16:43,True,Aitor,iNaturalist,http://creativecommons.org/licenses/by/4.0/,Aitor,https://inaturalist-open-data.s3.amazonaws.com/photos/274445820/original.jpg; https://inaturalist-open-data.s3.amazonaws.com/photos/274445915/original.jpg; https://inaturalist-open-data.s3.amazonaws.com/photos/274446033/original.jpg; https://inaturalist-open-data.s3.amazonaws.com/photos/274446154/original.jpg,k-central-america,2024-10-22 07:47:31
original_4126674216_1.jpeg,5372914,Salix humboldtiana,16.951,"Chlorostilbon assimilis Lawrence, 1861",2476075,8.598884,-80.097015,205.0,NORTH_AMERICA,Panamá Oeste,2023,3,14,2023-03-14T09:28,True,jmass,iNaturalist,http://creativecommons.org/licenses/by-nc/4.0/,jmass,https://inaturalist-open-data.s3.amazonaws.com/photos/260706268/original.jpeg; https://inaturalist-open-data.s3.amazonaws.com/photos/260706274/original.jpeg,k-central-america,2024-10-22 07:47:39
original_4126674216_2.jpeg,5414601,Russelia equisetiformis,89.622,"Chlorostilbon assimilis Lawrence, 1861",2476075,8.598884,-80.097015,205.0,NORTH_AMERICA,Panamá Oeste,2023,3,14,2023-03-14T09:28,True,jmass,iNaturalist,http://creativecommons.org/licenses/by-nc/4.0/,jmass,https://inaturalist-open-data.s3.amazonaws.com/photos/260706268/original.jpeg; https://inaturalist-open-data.s3.amazonaws.com/photos/260706274/original.jpeg,k-central-america,2024-10-22 07:47:41
original_4126857277_1.jpg,5414601,Russelia equisetiformis,66.721,"Chlorostilbon assimilis Lawrence, 1861",2476075,8.931278,-79.54432,,NORTH_AMERICA,Panamá,2023,5,26,2023-05-26T10:16:48,True,Aitor,iNaturalist,http://creativecommons.org/licenses/by/4.0/,Aitor,https://inaturalist-open-data.s3.amazonaws.com/photos/283528903/original.jpg; https://inaturalist-open-data.s3.amazonaws.com/photos/283528929/original.jpg,k-central-america,2024-10-22 07:47:43
original_4126857277_2.jpg,5414601,Russelia equisetiformis,52.856,"Chlorostilbon assimilis Lawrence, 1861",2476075,8.931278,-79.54432,,NORTH_AMERICA,Panamá,2023,5,26,2023-05-26T10:16:48,True,Aitor,iNaturalist,http://creativecommons.org/licenses/by/4.0/,Aitor,https://inaturalist-open-data.s3.amazonaws.com/photos/283528903/original.jpg; https://inaturalist-open-data.s3.amazonaws.com/photos/283528929/original.jpg,k-central-america,2024-10-22 07:47:46
original_4126932669_1.jpeg,3789904,Gleichenella pectinata,2.373,"Chlorostilbon assimilis Lawrence, 1861",2476075,8.664446,-82.588513,227.0,NORTH_AMERICA,Chiriquí,2020,2,14,2020-02-14T08:47:50,True,emskakoon,iNaturalist,http://creativecommons.org/licenses/by-nc/4.0/,emskakoon,https://inaturalist-open-data.s3.amazonaws.com/photos/266192282/original.jpeg,k-central-america,2024-10-22 07:47:49
original_4127324791_2.jpg,4094627,Bignonia magnifica,1.2850000000000001,"Chlorostilbon assimilis Lawrence, 1861",2476075,8.931437,-79.544753,,NORTH_AMERICA,Panamá,2023,5,26,2023-05-26T10:53:36,True,Aitor,iNaturalist,http://creativecommons.org/licenses/by/4.0/,Aitor,https://inaturalist-open-data.s3.amazonaws.com/photos/283528572/original.jpg; https://inaturalist-open-data.s3.amazonaws.com/photos/283528606/original.jpg; https://inaturalist-open-data.s3.amazonaws.com/photos/283528651/original.jpg,k-central-america,2024-10-22 07:47:54
original_4138535740_1.jpeg,3681615,Ipomoea cholulensis,7.202,"Chlorostilbon assimilis Lawrence, 1861",2476075,8.863896,-82.967655,,NORTH_AMERICA,Puntarenas,2020,12,2,2020-12-02T14:32:38,True,Jeffry Torres,iNaturalist,http://creativecommons.org/licenses/by-nc/4.0/,Jeffry Torres,https://inaturalist-open-data.s3.amazonaws.com/photos/291228373/original.jpeg,k-central-america,2024-10-22 07:48:01
original_4145545514_1.jpg,5579703,Prionostemma aspera,0.703,"Chlorostilbon assimilis Lawrence, 1861",2476075,8.931547,-79.544774,45.0,NORTH_AMERICA,Panamá,2023,6,29,2023-06-29T16:06:05,True,Aitor,iNaturalist,http://creativecommons.org/licenses/by/4.0/,Aitor,https://inaturalist-open-data.s3.amazonaws.com/photos/295155584/original.jpg; https://inaturalist-open-data.s3.amazonaws.com/photos/295155613/original.jpg; https://inaturalist-open-data.s3.amazonaws.com/photos/295155641/original.jpg,k-central-america,2024-10-22 07:48:03
original_4145545514_2.jpg,5414601,Russelia equisetiformis,1.8370000000000002,"Chlorostilbon assimilis Lawrence, 1861",2476075,8.931547,-79.544774,45.0,NORTH_AMERICA,Panamá,2023,6,29,2023-06-29T16:06:05,True,Aitor,iNaturalist,http://creativecommons.org/licenses/by/4.0/,Aitor,https://inaturalist-open-data.s3.amazonaws.com/photos/295155584/original.jpg; https://inaturalist-open-data.s3.amazonaws.com/photos/295155613/original.jpg; https://inaturalist-open-data.s3.amazonaws.com/photos/295155641/original.jpg,k-central-america,2024-10-22 07:48:06
original_4145545514_3.jpg,5414601,Russelia equisetiformis,12.9,"Chlorostilbon assimilis Lawrence, 1861",2476075,8.931547,-79.544774,45.0,NORTH_AMERICA,Panamá,2023,6,29,2023-06-29T16:06:05,True,Aitor,iNaturalist,http://creativecommons.org/licenses/by/4.0/,Aitor,https://inaturalist-open-data.s3.amazonaws.com/photos/295155584/original.jpg; https://inaturalist-open-data.s3.amazonaws.com/photos/295155613/original.jpg; https://inaturalist-open-data.s3.amazonaws.com/photos/295155641/original.jpg,k-central-america,2024-10-22 07:48:08
original_4162095076_1.jpg,7981652,Rhabdadenia biflora,25.380999999999997,"Chlorostilbon assimilis Lawrence, 1861",2476075,8.622893,-79.06882,42.0,NORTH_AMERICA,Panamá,2023,7,12,2023-07-12T16:22:01,True,Aitor,iNaturalist,http://creativecommons.org/licenses/by/4.0/,Aitor,https://inaturalist-open-data.s3.amazonaws.com/photos/299668694/original.jpg; https://inaturalist-open-data.s3.amazonaws.com/photos/299668711/original.jpg,k-central-america,2024-10-22 07:48:12
original_4162095076_2.jpg,7981652,Rhabdadenia biflora,2.379,"Chlorostilbon assimilis Lawrence, 1861",2476075,8.622893,-79.06882,42.0,NORTH_AMERICA,Panamá,2023,7,12,2023-07-12T16:22:01,True,Aitor,iNaturalist,http://creativecommons.org/licenses/by/4.0/,Aitor,https://inaturalist-open-data.s3.amazonaws.com/photos/299668694/original.jpg; https://inaturalist-open-data.s3.amazonaws.com/photos/299668711/original.jpg,k-central-america,2024-10-22 07:48:14
original_4162273848_1.jpg,7933875,Tanaecium pyramidatum,1.175,"Chlorostilbon assimilis Lawrence, 1861",2476075,8.633786,-79.065956,28.0,NORTH_AMERICA,Panamá,2023,7,13,2023-07-13T11:30:31,True,Aitor,iNaturalist,http://creativecommons.org/licenses/by/4.0/,Aitor,https://inaturalist-open-data.s3.amazonaws.com/photos/299944290/original.jpg,k-central-america,2024-10-22 07:48:16
original_4171559755_1.jpeg,7297130,Stachytarpheta frantzii,82.871,"Chlorostilbon assimilis Lawrence, 1861",2476075,9.918932,-84.193935,187.0,NORTH_AMERICA,San José,2023,6,24,2023-06-24T14:36,True,Cynthia Tercero,iNaturalist,http://creativecommons.org/licenses/by-nc-nd/4.0/,Cynthia Tercero,https://inaturalist-open-data.s3.amazonaws.com/photos/301322281/original.jpeg,k-central-america,2024-10-22 07:48:20
original_4177044198_2.jpg,7297130,Stachytarpheta frantzii,87.148,"Chlorostilbon assimilis Lawrence, 1861",2476075,10.048533,-84.120484,177.0,NORTH_AMERICA,Heredia,2023,6,24,2023-06-24T14:37,True,Jose Abelardo Sánchez,iNaturalist,http://creativecommons.org/licenses/by-nc/4.0/,Jose Abelardo Sánchez,https://inaturalist-open-data.s3.amazonaws.com/photos/308637361/original.jpg; https://inaturalist-open-data.s3.amazonaws.com/photos/308637366/original.jpg,k-central-america,2024-10-22 07:48:22
original_4177472982_1.jpeg,2943053,Chloroleucon mangense,1.638,"Chlorostilbon assimilis Lawrence, 1861",2476075,8.997366,-79.507661,210.0,NORTH_AMERICA,Panamá,2023,5,28,2023-05-28T14:04,True,joseortizpereira,iNaturalist,http://creativecommons.org/licenses/by-nc/4.0/,joseortizpereira,https://inaturalist-open-data.s3.amazonaws.com/photos/310538497/original.jpeg,k-central-america,2024-10-22 07:48:25
original_4177508885_1.jpeg,5406696,Ceiba aesculifolia,2.352,"Chlorostilbon assimilis Lawrence, 1861",2476075,8.997366,-79.507661,210.0,NORTH_AMERICA,Panamá,2023,5,28,2023-05-28T14:04,True,joseortizpereira,iNaturalist,http://creativecommons.org/licenses/by-nc/4.0/,joseortizpereira,https://inaturalist-open-data.s3.amazonaws.com/photos/310538646/original.jpeg,k-central-america,2024-10-22 07:48:27
original_4414317669_1.jpg,3174691,Myrcia splendens,35.927,"Chlorostilbon assimilis Lawrence, 1861",2476075,7.565646,-81.720268,4175.0,NORTH_AMERICA,Veraguas,2023,8,5,2023-08-05T12:46:13,True,heidyshapiro,iNaturalist,http://creativecommons.org/licenses/by-nc/4.0/,heidyshapiro,https://inaturalist-open-data.s3.amazonaws.com/photos/320862009/original.jpg; https://inaturalist-open-data.s3.amazonaws.com/photos/320864452/original.jpg,k-central-america,2024-10-22 07:48:30
original_4414317669_2.jpg,3174691,Myrcia splendens,53.48500000000001,"Chlorostilbon assimilis Lawrence, 1861",2476075,7.565646,-81.720268,4175.0,NORTH_AMERICA,Veraguas,2023,8,5,2023-08-05T12:46:13,True,heidyshapiro,iNaturalist,http://creativecommons.org/licenses/by-nc/4.0/,heidyshapiro,https://inaturalist-open-data.s3.amazonaws.com/photos/320862009/original.jpg; https://inaturalist-open-data.s3.amazonaws.com/photos/320864452/original.jpg,k-central-america,2024-10-22 07:48:32
original_4420882538_1.jpeg,3866517,Bellucia pentamera,2.436,"Chlorostilbon assimilis Lawrence, 1861",2476075,8.668157,-80.592582,210.0,NORTH_AMERICA,Coclé,2023,9,14,2023-09-14T15:49,True,Francisco J. Castillo C.,iNaturalist,http://creativecommons.org/licenses/by-nc/4.0/,Francisco J. Castillo C.,https://inaturalist-open-data.s3.amazonaws.com/photos/319771698/original.jpeg,k-central-america,2024-10-22 07:48:35
original_4424243074_1.jpg,3056578,Acalypha phleoides,0.746,"Chlorostilbon assimilis Lawrence, 1861",2476075,8.663517,-82.214805,5.0,NORTH_AMERICA,Chiriquí,2023,10,6,2023-10-06T12:39:02,True,Roger A. Morales-Flores,iNaturalist,http://creativecommons.org/licenses/by/4.0/,Roger A. Morales-Flores,https://inaturalist-open-data.s3.amazonaws.com/photos/326165637/original.jpg; https://inaturalist-open-data.s3.amazonaws.com/photos/326165668/original.jpg; https://inaturalist-open-data.s3.amazonaws.com/photos/326165728/original.jpg,k-central-america,2024-10-22 07:48:38
original_4424243074_2.jpg,3866649,Bellucia grossularioides,2.4899999999999998,"Chlorostilbon assimilis Lawrence, 1861",2476075,8.663517,-82.214805,5.0,NORTH_AMERICA,Chiriquí,2023,10,6,2023-10-06T12:39:02,True,Roger A. Morales-Flores,iNaturalist,http://creativecommons.org/licenses/by/4.0/,Roger A. Morales-Flores,https://inaturalist-open-data.s3.amazonaws.com/photos/326165637/original.jpg; https://inaturalist-open-data.s3.amazonaws.com/photos/326165668/original.jpg; https://inaturalist-open-data.s3.amazonaws.com/photos/326165728/original.jpg,k-central-america,2024-10-22 07:48:40
original_4424243074_3.jpg,3866649,Bellucia grossularioides,2.532,"Chlorostilbon assimilis Lawrence, 1861",2476075,8.663517,-82.214805,5.0,NORTH_AMERICA,Chiriquí,2023,10,6,2023-10-06T12:39:02,True,Roger A. Morales-Flores,iNaturalist,http://creativecommons.org/licenses/by/4.0/,Roger A. Morales-Flores,https://inaturalist-open-data.s3.amazonaws.com/photos/326165637/original.jpg; https://inaturalist-open-data.s3.amazonaws.com/photos/326165668/original.jpg; https://inaturalist-open-data.s3.amazonaws.com/photos/326165728/original.jpg,k-central-america,2024-10-22 07:48:42
original_4442478621_1.jpg,5406696,Ceiba aesculifolia,4.166,"Chlorostilbon assimilis Lawrence, 1861",2476075,8.93169,-79.54501,159.0,NORTH_AMERICA,Panamá,2022,2,18,2022-02-18T12:15,True,cjmatheson,iNaturalist,http://creativecommons.org/licenses/by-nc/4.0/,cjmatheson,https://inaturalist-open-data.s3.amazonaws.com/photos/335500613/original.jpg,k-central-america,2024-10-22 07:48:49
original_4442502674_1.jpg,7297130,Stachytarpheta frantzii,74.227,"Chlorostilbon assimilis Lawrence, 1861",2476075,8.606755,-80.141261,1953.0,NORTH_AMERICA,Coclé,2022,3,2,2022-03-02T13:22,True,cjmatheson,iNaturalist,http://creativecommons.org/licenses/by-nc/4.0/,cjmatheson,https://inaturalist-open-data.s3.amazonaws.com/photos/335501005/original.jpg,k-central-america,2024-10-22 07:48:51
original_4442506434_1.jpg,7297130,Stachytarpheta frantzii,91.73599999999999,"Chlorostilbon assimilis Lawrence, 1861",2476075,8.606755,-80.141261,1953.0,NORTH_AMERICA,Coclé,2022,3,5,2022-03-05T11:15,True,cjmatheson,iNaturalist,http://creativecommons.org/licenses/by-nc/4.0/,cjmatheson,https://inaturalist-open-data.s3.amazonaws.com/photos/335501070/original.jpg,k-central-america,2024-10-22 07:48:53
original_4454053253_1.jpg,3172589,Amphilophium paniculatum,36.276,"Chlorostilbon assimilis Lawrence, 1861",2476075,8.598837,-80.145186,3.0,NORTH_AMERICA,Coclé,2023,3,31,2023-03-31T16:08:38,True,Irene,iNaturalist,http://creativecommons.org/publicdomain/zero/1.0/,Irene,https://inaturalist-open-data.s3.amazonaws.com/photos/337226648/original.jpg; https://inaturalist-open-data.s3.amazonaws.com/photos/337226661/original.jpg; https://inaturalist-open-data.s3.amazonaws.com/photos/337226676/original.jpg; https://inaturalist-open-data.s3.amazonaws.com/photos/337226696/original.jpg,k-central-america,2024-10-22 07:48:57
original_4454053253_3.jpg,3172589,Amphilophium paniculatum,8.379,"Chlorostilbon assimilis Lawrence, 1861",2476075,8.598837,-80.145186,3.0,NORTH_AMERICA,Coclé,2023,3,31,2023-03-31T16:08:38,True,Irene,iNaturalist,http://creativecommons.org/publicdomain/zero/1.0/,Irene,https://inaturalist-open-data.s3.amazonaws.com/photos/337226648/original.jpg; https://inaturalist-open-data.s3.amazonaws.com/photos/337226661/original.jpg; https://inaturalist-open-data.s3.amazonaws.com/photos/337226676/original.jpg; https://inaturalist-open-data.s3.amazonaws.com/photos/337226696/original.jpg,k-central-america,2024-10-22 07:49:01
original_4454053253_4.jpg,3172589,Amphilophium paniculatum,5.132,"Chlorostilbon assimilis Lawrence, 1861",2476075,8.598837,-80.145186,3.0,NORTH_AMERICA,Coclé,2023,3,31,2023-03-31T16:08:38,True,Irene,iNaturalist,http://creativecommons.org/publicdomain/zero/1.0/,Irene,https://inaturalist-open-data.s3.amazonaws.com/photos/337226648/original.jpg; https://inaturalist-open-data.s3.amazonaws.com/photos/337226661/original.jpg; https://inaturalist-open-data.s3.amazonaws.com/photos/337226676/original.jpg; https://inaturalist-open-data.s3.amazonaws.com/photos/337226696/original.jpg,k-central-america,2024-10-22 07:49:04
original_4465381822_1.jpeg,2792457,Polystachya concreta,19.728,"Chlorostilbon assimilis Lawrence, 1861",2476075,8.784377,-82.958844,31.0,NORTH_AMERICA,Puntarenas,2023,3,25,2023-03-25T10:06,True,angel_castillo_birdingtours,iNaturalist,http://creativecommons.org/licenses/by-nc/4.0/,angel_castillo_birdingtours,https://inaturalist-open-data.s3.amazonaws.com/photos/268163925/original.jpeg; https://inaturalist-open-data.s3.amazonaws.com/photos/268163982/original.jpeg,k-central-america,2024-10-22 07:49:06
original_4465468037_1.jpg,2925303,Lantana camara,39.739000000000004,"Chlorostilbon assimilis Lawrence, 1861",2476075,8.932981,-79.545307,,NORTH_AMERICA,Panamá,2022,10,9,2022-10-09T16:16,True,Adam Jackson,iNaturalist,http://creativecommons.org/publicdomain/zero/1.0/,Adam Jackson,https://inaturalist-open-data.s3.amazonaws.com/photos/339613578/original.jpg,k-central-america,2024-10-22 07:49:11
original_4500655934_1.jpeg,7297130,Stachytarpheta frantzii,79.756,"Chlorostilbon assimilis Lawrence, 1861",2476075,8.838937,-82.992514,26.0,NORTH_AMERICA,Puntarenas,2022,12,18,2022-12-18T14:30:31,True,Jeffry Torres,iNaturalist,http://creativecommons.org/licenses/by-nc/4.0/,Jeffry Torres,https://inaturalist-open-data.s3.amazonaws.com/photos/248305615/original.jpeg,k-central-america,2024-10-22 07:49:13
original_4510172014_1.jpeg,2902066,Hamelia patens,74.016,"Chlorostilbon assimilis Lawrence, 1861",2476075,8.93147,-79.544838,698.0,NORTH_AMERICA,Panamá,2024,1,7,2024-01-07T09:37,True,Carla Calamari,iNaturalist,http://creativecommons.org/licenses/by-nc/4.0/,Carla Calamari,https://inaturalist-open-data.s3.amazonaws.com/photos/345118621/original.jpeg; https://inaturalist-open-data.s3.amazonaws.com/photos/345118641/original.jpeg; https://inaturalist-open-data.s3.amazonaws.com/photos/345118642/original.jpeg,k-central-america,2024-10-22 07:49:15
original_4510172014_2.jpeg,2902066,Hamelia patens,4.2090000000000005,"Chlorostilbon assimilis Lawrence, 1861",2476075,8.93147,-79.544838,698.0,NORTH_AMERICA,Panamá,2024,1,7,2024-01-07T09:37,True,Carla Calamari,iNaturalist,http://creativecommons.org/licenses/by-nc/4.0/,Carla Calamari,https://inaturalist-open-data.s3.amazonaws.com/photos/345118621/original.jpeg; https://inaturalist-open-data.s3.amazonaws.com/photos/345118641/original.jpeg; https://inaturalist-open-data.s3.amazonaws.com/photos/345118642/original.jpeg,k-central-america,2024-10-22 07:49:17
original_4510172014_3.jpeg,2902066,Hamelia patens,76.018,"Chlorostilbon assimilis Lawrence, 1861",2476075,8.93147,-79.544838,698.0,NORTH_AMERICA,Panamá,2024,1,7,2024-01-07T09:37,True,Carla Calamari,iNaturalist,http://creativecommons.org/licenses/by-nc/4.0/,Carla Calamari,https://inaturalist-open-data.s3.amazonaws.com/photos/345118621/original.jpeg; https://inaturalist-open-data.s3.amazonaws.com/photos/345118641/original.jpeg; https://inaturalist-open-data.s3.amazonaws.com/photos/345118642/original.jpeg,k-central-america,2024-10-22 07:49:19
original_4510197981_1.jpeg,2902066,Hamelia patens,73.63199999999999,"Chlorostilbon assimilis Lawrence, 1861",2476075,8.931498,-79.544847,443.0,NORTH_AMERICA,Panamá,2024,1,7,2024-01-07T09:37,True,Carla Calamari,iNaturalist,http://creativecommons.org/licenses/by-nc/4.0/,Carla Calamari,https://inaturalist-open-data.s3.amazonaws.com/photos/345118673/original.jpeg; https://inaturalist-open-data.s3.amazonaws.com/photos/345118674/original.jpeg,k-central-america,2024-10-22 07:49:22
original_4510197981_2.jpeg,2902066,Hamelia patens,79.998,"Chlorostilbon assimilis Lawrence, 1861",2476075,8.931498,-79.544847,443.0,NORTH_AMERICA,Panamá,2024,1,7,2024-01-07T09:37,True,Carla Calamari,iNaturalist,http://creativecommons.org/licenses/by-nc/4.0/,Carla Calamari,https://inaturalist-open-data.s3.amazonaws.com/photos/345118673/original.jpeg; https://inaturalist-open-data.s3.amazonaws.com/photos/345118674/original.jpeg,k-central-america,2024-10-22 07:49:24
original_4516438914_1.jpg,7297130,Stachytarpheta frantzii,87.39099999999999,"Chlorostilbon assimilis Lawrence, 1861",2476075,8.803506,-82.95604,4.0,NORTH_AMERICA,Puntarenas,2019,8,28,2019-08-28T12:42,True,Randall Jiménez,iNaturalist,http://creativecommons.org/licenses/by-nc/4.0/,Randall Jiménez,https://inaturalist-open-data.s3.amazonaws.com/photos/347126242/original.jpg,k-central-america,2024-10-22 07:49:30
original_4516455950_1.jpg,7297130,Stachytarpheta frantzii,69.85,"Chlorostilbon assimilis Lawrence, 1861",2476075,8.8034,-82.956099,4.0,NORTH_AMERICA,Puntarenas,2019,9,2,2019-09-02T12:16,True,Randall Jiménez,iNaturalist,http://creativecommons.org/licenses/by-nc/4.0/,Randall Jiménez,https://inaturalist-open-data.s3.amazonaws.com/photos/347126264/original.jpg,k-central-america,2024-10-22 07:49:33
original_4516535479_1.jpg,5372391,Vitis tiliifolia,1.875,"Chlorostilbon assimilis Lawrence, 1861",2476075,8.803455,-82.956152,4.0,NORTH_AMERICA,Puntarenas,2020,8,30,2020-08-30T16:43,True,Randall Jiménez,iNaturalist,http://creativecommons.org/licenses/by-nc/4.0/,Randall Jiménez,https://inaturalist-open-data.s3.amazonaws.com/photos/347125472/original.jpg,k-central-america,2024-10-22 07:49:36
original_4516564960_1.jpg,7297130,Stachytarpheta frantzii,81.134,"Chlorostilbon assimilis Lawrence, 1861",2476075,8.803598,-82.956002,4.0,NORTH_AMERICA,Puntarenas,2019,9,2,2019-09-02T12:19,True,Randall Jiménez,iNaturalist,http://creativecommons.org/licenses/by-nc/4.0/,Randall Jiménez,https://inaturalist-open-data.s3.amazonaws.com/photos/347126259/original.jpg,k-central-america,2024-10-22 07:49:38
original_4516811011_1.jpg,5415081,Crescentia cujete,1.413,"Chlorostilbon assimilis Lawrence, 1861",2476075,8.803577,-82.956107,4.0,NORTH_AMERICA,Puntarenas,2019,8,28,2019-08-28T12:41,True,Randall Jiménez,iNaturalist,http://creativecommons.org/licenses/by-nc/4.0/,Randall Jiménez,https://inaturalist-open-data.s3.amazonaws.com/photos/347126240/original.jpg,k-central-america,2024-10-22 07:49:40
original_4516814683_1.jpg,3874097,Rhizophora racemosa,8.552999999999999,"Chlorostilbon assimilis Lawrence, 1861",2476075,8.803567,-82.956364,4.0,NORTH_AMERICA,Puntarenas,2019,9,2,2019-09-02T12:49,True,Randall Jiménez,iNaturalist,http://creativecommons.org/licenses/by-nc/4.0/,Randall Jiménez,https://inaturalist-open-data.s3.amazonaws.com/photos/347126530/original.jpg,k-central-america,2024-10-22 07:49:44
original_4522640076_1.jpg,3740764,Russelia sarmentosa,7.411,"Chlorostilbon assimilis Lawrence, 1861",2476075,8.932658,-79.545722,,NORTH_AMERICA,Panamá,2024,2,8,2024-02-08T10:57,True,Aitor,iNaturalist,http://creativecommons.org/licenses/by/4.0/,Aitor,https://inaturalist-open-data.s3.amazonaws.com/photos/350353498/original.jpg,k-central-america,2024-10-22 07:49:46
original_4525074511_1.jpg,7297130,Stachytarpheta frantzii,37.938,"Chlorostilbon assimilis Lawrence, 1861",2476075,9.84058,-83.56418,1776.0,NORTH_AMERICA,Cartago,2024,1,29,2024-01-29T11:47,True,Jim Gain,iNaturalist,http://creativecommons.org/licenses/by-nc/4.0/,Jim Gain,https://inaturalist-open-data.s3.amazonaws.com/photos/351452624/original.jpg,k-central-america,2024-10-22 07:49:49
original_4525130825_1.jpeg,2925462,Stachytarpheta mutabilis,21.927,"Chlorostilbon assimilis Lawrence, 1861",2476075,9.832104,-83.563891,50.0,NORTH_AMERICA,Cartago,2024,2,14,2024-02-14T11:08,True,mkkennedy,iNaturalist,http://creativecommons.org/licenses/by-nc/4.0/,mkkennedy,https://inaturalist-open-data.s3.amazonaws.com/photos/351681307/original.jpeg; https://inaturalist-open-data.s3.amazonaws.com/photos/351681312/original.jpeg; https://inaturalist-open-data.s3.amazonaws.com/photos/351681315/original.jpeg,k-central-america,2024-10-22 07:49:51
original_4525130825_2.jpeg,2925462,Stachytarpheta mutabilis,16.044,"Chlorostilbon assimilis Lawrence, 1861",2476075,9.832104,-83.563891,50.0,NORTH_AMERICA,Cartago,2024,2,14,2024-02-14T11:08,True,mkkennedy,iNaturalist,http://creativecommons.org/licenses/by-nc/4.0/,mkkennedy,https://inaturalist-open-data.s3.amazonaws.com/photos/351681307/original.jpeg; https://inaturalist-open-data.s3.amazonaws.com/photos/351681312/original.jpeg; https://inaturalist-open-data.s3.amazonaws.com/photos/351681315/original.jpeg,k-central-america,2024-10-22 07:49:54
original_4525130825_3.jpeg,2925462,Stachytarpheta mutabilis,45.698,"Chlorostilbon assimilis Lawrence, 1861",2476075,9.832104,-83.563891,50.0,NORTH_AMERICA,Cartago,2024,2,14,2024-02-14T11:08,True,mkkennedy,iNaturalist,http://creativecommons.org/licenses/by-nc/4.0/,mkkennedy,https://inaturalist-open-data.s3.amazonaws.com/photos/351681307/original.jpeg; https://inaturalist-open-data.s3.amazonaws.com/photos/351681312/original.jpeg; https://inaturalist-open-data.s3.amazonaws.com/photos/351681315/original.jpeg,k-central-america,2024-10-22 07:49:56
original_4525155649_1.jpg,7297130,Stachytarpheta frantzii,45.28,"Chlorostilbon assimilis Lawrence, 1861",2476075,9.84058,-83.56418,1776.0,NORTH_AMERICA,Cartago,2024,1,29,2024-01-29T11:47,True,Jim Gain,iNaturalist,http://creativecommons.org/licenses/by-nc/4.0/,Jim Gain,https://inaturalist-open-data.s3.amazonaws.com/photos/351452634/original.jpg,k-central-america,2024-10-22 07:49:58
original_4525241593_1.jpeg,2925462,Stachytarpheta mutabilis,13.905000000000001,"Chlorostilbon assimilis Lawrence, 1861",2476075,9.832104,-83.563891,50.0,NORTH_AMERICA,Cartago,2024,2,17,2024-02-17T10:17,True,mkkennedy,iNaturalist,http://creativecommons.org/licenses/by-nc/4.0/,mkkennedy,https://inaturalist-open-data.s3.amazonaws.com/photos/352016207/original.jpeg; https://inaturalist-open-data.s3.amazonaws.com/photos/352016268/original.jpeg; https://inaturalist-open-data.s3.amazonaws.com/photos/352016295/original.jpeg; https://inaturalist-open-data.s3.amazonaws.com/photos/352016326/original.jpeg; https://inaturalist-open-data.s3.amazonaws.com/photos/352016390/original.jpeg; https://inaturalist-open-data.s3.amazonaws.com/photos/352016474/original.jpeg; https://inaturalist-open-data.s3.amazonaws.com/photos/352016619/original.jpeg,k-central-america,2024-10-22 07:50:00
original_4525241593_2.jpeg,2925462,Stachytarpheta mutabilis,9.684,"Chlorostilbon assimilis Lawrence, 1861",2476075,9.832104,-83.563891,50.0,NORTH_AMERICA,Cartago,2024,2,17,2024-02-17T10:17,True,mkkennedy,iNaturalist,http://creativecommons.org/licenses/by-nc/4.0/,mkkennedy,https://inaturalist-open-data.s3.amazonaws.com/photos/352016207/original.jpeg; https://inaturalist-open-data.s3.amazonaws.com/photos/352016268/original.jpeg; https://inaturalist-open-data.s3.amazonaws.com/photos/352016295/original.jpeg; https://inaturalist-open-data.s3.amazonaws.com/photos/352016326/original.jpeg; https://inaturalist-open-data.s3.amazonaws.com/photos/352016390/original.jpeg; https://inaturalist-open-data.s3.amazonaws.com/photos/352016474/original.jpeg; https://inaturalist-open-data.s3.amazonaws.com/photos/352016619/original.jpeg,k-central-america,2024-10-22 07:50:03
original_4525241593_3.jpeg,2925462,Stachytarpheta mutabilis,11.74,"Chlorostilbon assimilis Lawrence, 1861",2476075,9.832104,-83.563891,50.0,NORTH_AMERICA,Cartago,2024,2,17,2024-02-17T10:17,True,mkkennedy,iNaturalist,http://creativecommons.org/licenses/by-nc/4.0/,mkkennedy,https://inaturalist-open-data.s3.amazonaws.com/photos/352016207/original.jpeg; https://inaturalist-open-data.s3.amazonaws.com/photos/352016268/original.jpeg; https://inaturalist-open-data.s3.amazonaws.com/photos/352016295/original.jpeg; https://inaturalist-open-data.s3.amazonaws.com/photos/352016326/original.jpeg; https://inaturalist-open-data.s3.amazonaws.com/photos/352016390/original.jpeg; https://inaturalist-open-data.s3.amazonaws.com/photos/352016474/original.jpeg; https://inaturalist-open-data.s3.amazonaws.com/photos/352016619/original.jpeg,k-central-america,2024-10-22 07:50:05
original_4525241593_4.jpeg,2925462,Stachytarpheta mutabilis,31.519000000000002,"Chlorostilbon assimilis Lawrence, 1861",2476075,9.832104,-83.563891,50.0,NORTH_AMERICA,Cartago,2024,2,17,2024-02-17T10:17,True,mkkennedy,iNaturalist,http://creativecommons.org/licenses/by-nc/4.0/,mkkennedy,https://inaturalist-open-data.s3.amazonaws.com/photos/352016207/original.jpeg; https://inaturalist-open-data.s3.amazonaws.com/photos/352016268/original.jpeg; https://inaturalist-open-data.s3.amazonaws.com/photos/352016295/original.jpeg; https://inaturalist-open-data.s3.amazonaws.com/photos/352016326/original.jpeg; https://inaturalist-open-data.s3.amazonaws.com/photos/352016390/original.jpeg; https://inaturalist-open-data.s3.amazonaws.com/photos/352016474/original.jpeg; https://inaturalist-open-data.s3.amazonaws.com/photos/352016619/original.jpeg,k-central-america,2024-10-22 07:50:07
original_4525241593_5.jpeg,2925462,Stachytarpheta mutabilis,27.154,"Chlorostilbon assimilis Lawrence, 1861",2476075,9.832104,-83.563891,50.0,NORTH_AMERICA,Cartago,2024,2,17,2024-02-17T10:17,True,mkkennedy,iNaturalist,http://creativecommons.org/licenses/by-nc/4.0/,mkkennedy,https://inaturalist-open-data.s3.amazonaws.com/photos/352016207/original.jpeg; https://inaturalist-open-data.s3.amazonaws.com/photos/352016268/original.jpeg; https://inaturalist-open-data.s3.amazonaws.com/photos/352016295/original.jpeg; https://inaturalist-open-data.s3.amazonaws.com/photos/352016326/original.jpeg; https://inaturalist-open-data.s3.amazonaws.com/photos/352016390/original.jpeg; https://inaturalist-open-data.s3.amazonaws.com/photos/352016474/original.jpeg; https://inaturalist-open-data.s3.amazonaws.com/photos/352016619/original.jpeg,k-central-america,2024-10-22 07:50:09
original_4525241593_6.jpeg,7297130,Stachytarpheta frantzii,13.968,"Chlorostilbon assimilis Lawrence, 1861",2476075,9.832104,-83.563891,50.0,NORTH_AMERICA,Cartago,2024,2,17,2024-02-17T10:17,True,mkkennedy,iNaturalist,http://creativecommons.org/licenses/by-nc/4.0/,mkkennedy,https://inaturalist-open-data.s3.amazonaws.com/photos/352016207/original.jpeg; https://inaturalist-open-data.s3.amazonaws.com/photos/352016268/original.jpeg; https://inaturalist-open-data.s3.amazonaws.com/photos/352016295/original.jpeg; https://inaturalist-open-data.s3.amazonaws.com/photos/352016326/original.jpeg; https://inaturalist-open-data.s3.amazonaws.com/photos/352016390/original.jpeg; https://inaturalist-open-data.s3.amazonaws.com/photos/352016474/original.jpeg; https://inaturalist-open-data.s3.amazonaws.com/photos/352016619/original.jpeg,k-central-america,2024-10-22 07:50:11
original_4525241593_7.jpeg,2925462,Stachytarpheta mutabilis,11.029,"Chlorostilbon assimilis Lawrence, 1861",2476075,9.832104,-83.563891,50.0,NORTH_AMERICA,Cartago,2024,2,17,2024-02-17T10:17,True,mkkennedy,iNaturalist,http://creativecommons.org/licenses/by-nc/4.0/,mkkennedy,https://inaturalist-open-data.s3.amazonaws.com/photos/352016207/original.jpeg; https://inaturalist-open-data.s3.amazonaws.com/photos/352016268/original.jpeg; https://inaturalist-open-data.s3.amazonaws.com/photos/352016295/original.jpeg; https://inaturalist-open-data.s3.amazonaws.com/photos/352016326/original.jpeg; https://inaturalist-open-data.s3.amazonaws.com/photos/352016390/original.jpeg; https://inaturalist-open-data.s3.amazonaws.com/photos/352016474/original.jpeg; https://inaturalist-open-data.s3.amazonaws.com/photos/352016619/original.jpeg,k-central-america,2024-10-22 07:50:14
original_4528259791_1.jpg,7288259,Buddleja cordata,1.645,"Chlorostilbon assimilis Lawrence, 1861",2476075,8.803482,-82.956327,4.0,NORTH_AMERICA,Puntarenas,2024,2,17,2024-02-17T15:15,True,Randall Jiménez,iNaturalist,http://creativecommons.org/licenses/by-nc/4.0/,Randall Jiménez,https://inaturalist-open-data.s3.amazonaws.com/photos/352970912/original.jpg,k-central-america,2024-10-22 07:50:16
original_4535712406_1.jpg,2925303,Lantana camara,6.053,"Chlorostilbon assimilis Lawrence, 1861",2476075,8.931547,-79.544868,,NORTH_AMERICA,Panamá,2024,2,23,2024-02-23T13:56,True,Tony Iwane,iNaturalist,http://creativecommons.org/licenses/by-nc/4.0/,Tony Iwane,https://inaturalist-open-data.s3.amazonaws.com/photos/354798533/original.jpg; https://inaturalist-open-data.s3.amazonaws.com/photos/354798552/original.jpg,k-central-america,2024-10-22 07:50:19
original_4535712406_2.jpg,5414601,Russelia equisetiformis,79.868,"Chlorostilbon assimilis Lawrence, 1861",2476075,8.931547,-79.544868,,NORTH_AMERICA,Panamá,2024,2,23,2024-02-23T13:56,True,Tony Iwane,iNaturalist,http://creativecommons.org/licenses/by-nc/4.0/,Tony Iwane,https://inaturalist-open-data.s3.amazonaws.com/photos/354798533/original.jpg; https://inaturalist-open-data.s3.amazonaws.com/photos/354798552/original.jpg,k-central-america,2024-10-22 07:50:21
original_4597133677_1.jpeg,5341746,Operculina pinnatifida,2.718,"Chlorostilbon assimilis Lawrence, 1861",2476075,9.1276,-79.696187,66.0,NORTH_AMERICA,Colón,2016,4,5,2016-04-05T18:40,True,Jon Pleizier,iNaturalist,http://creativecommons.org/licenses/by-nc/4.0/,Jon Pleizier,https://inaturalist-open-data.s3.amazonaws.com/photos/358723461/original.jpeg,k-central-america,2024-10-22 07:50:27
original_4600154979_1.jpeg,2792457,Polystachya concreta,7.513,"Chlorostilbon assimilis Lawrence, 1861",2476075,8.785542,-82.95997,129.0,NORTH_AMERICA,Puntarenas,2023,3,25,2023-03-25T11:07,True,Hans Holbrook,iNaturalist,http://creativecommons.org/licenses/by-nc/4.0/,Hans Holbrook,https://inaturalist-open-data.s3.amazonaws.com/photos/359747999/original.jpeg,k-central-america,2024-10-22 07:50:31
original_4606604836_1.jpg,7297130,Stachytarpheta frantzii,71.03,"Chlorostilbon assimilis Lawrence, 1861",2476075,10.28115,-84.791147,,NORTH_AMERICA,Puntarenas,2024,3,7,2024-03-07T09:36,True,brewmaster,iNaturalist,http://creativecommons.org/licenses/by-nc/4.0/,brewmaster,https://inaturalist-open-data.s3.amazonaws.com/photos/360163037/original.jpg; https://inaturalist-open-data.s3.amazonaws.com/photos/360163057/original.jpg,k-central-america,2024-10-22 07:50:34
original_4606604836_2.jpg,7297130,Stachytarpheta frantzii,78.686,"Chlorostilbon assimilis Lawrence, 1861",2476075,10.28115,-84.791147,,NORTH_AMERICA,Puntarenas,2024,3,7,2024-03-07T09:36,True,brewmaster,iNaturalist,http://creativecommons.org/licenses/by-nc/4.0/,brewmaster,https://inaturalist-open-data.s3.amazonaws.com/photos/360163037/original.jpg; https://inaturalist-open-data.s3.amazonaws.com/photos/360163057/original.jpg,k-central-america,2024-10-22 07:50:36
original_4607372690_1.jpg,7297130,Stachytarpheta frantzii,57.362,"Chlorostilbon assimilis Lawrence, 1861",2476075,9.805269,-83.555697,240.0,NORTH_AMERICA,Cartago,2023,10,18,2023-10-18T11:27,True,Michal Slaný,iNaturalist,http://creativecommons.org/licenses/by-nc/4.0/,Michal Slaný,https://inaturalist-open-data.s3.amazonaws.com/photos/347532730/original.jpg,k-central-america,2024-10-22 07:50:40
original_4867720928_1.jpg,2925303,Lantana camara,29.002,"Chlorostilbon assimilis Lawrence, 1861",2476075,7.4415,-80.079737,2.0,NORTH_AMERICA,Los Santos,2024,5,12,2024-05-12T11:23,True,Karl Kaufmann,iNaturalist,http://creativecommons.org/licenses/by-nc/4.0/,Karl Kaufmann,https://inaturalist-open-data.s3.amazonaws.com/photos/382335295/original.jpg,k-central-america,2024-10-22 07:50:46
original_4867775488_1.jpeg,3073512,Cnidoscolus aconitifolius,4.277,"Chlorostilbon assimilis Lawrence, 1861",2476075,9.447268,-83.619249,2.0,NORTH_AMERICA,San José,2024,3,3,2024-03-03T11:17,True,stevedunbar,iNaturalist,http://creativecommons.org/licenses/by-nc/4.0/,stevedunbar,https://inaturalist-open-data.s3.amazonaws.com/photos/384095870/original.jpeg,k-central-america,2024-10-22 07:50:48
original_4867803705_1.jpeg,7297353,Lippia origanoides,8.942,"Chlorostilbon assimilis Lawrence, 1861",2476075,8.810003,-82.396158,,NORTH_AMERICA,Chiriquí,2024,5,6,2024-05-06T08:41,True,ChrisMcV,iNaturalist,http://creativecommons.org/publicdomain/zero/1.0/,ChrisMcV,https://inaturalist-open-data.s3.amazonaws.com/photos/382257689/original.jpeg,k-central-america,2024-10-22 07:50:51
original_4867857121_1.jpeg,3170241,Asclepias curassavica,39.04,"Chlorostilbon assimilis Lawrence, 1861",2476075,9.018805,-79.518797,,NORTH_AMERICA,Panamá,2024,5,15,2024-05-15T17:58:54,True,Samuel Valdes,iNaturalist,http://creativecommons.org/licenses/by-nc-nd/4.0/,Samuel Valdes,https://inaturalist-open-data.s3.amazonaws.com/photos/382279433/original.jpeg; https://inaturalist-open-data.s3.amazonaws.com/photos/382368656/original.jpeg,k-central-america,2024-10-22 07:50:54
original_4868142536_1.jpeg,5341821,Streptosolen jamesonii,90.091,"Chlorostilbon assimilis Lawrence, 1861",2476075,8.809922,-82.396153,,NORTH_AMERICA,Chiriquí,2024,5,6,2024-05-06T08:39,True,ChrisMcV,iNaturalist,http://creativecommons.org/publicdomain/zero/1.0/,ChrisMcV,https://inaturalist-open-data.s3.amazonaws.com/photos/382257690/original.jpeg,k-central-america,2024-10-22 07:50:56
original_4875055798_1.jpeg,2695344,Tillandsia flexuosa,2.428,"Chlorostilbon assimilis Lawrence, 1861",2476075,8.426275,-82.462413,663.0,NORTH_AMERICA,Chiriquí,2021,1,7,2021-01-07T16:12,True,Ricardo Brenes,iNaturalist,http://creativecommons.org/licenses/by-nc/4.0/,Ricardo Brenes,https://inaturalist-open-data.s3.amazonaws.com/photos/379911666/original.jpeg; https://inaturalist-open-data.s3.amazonaws.com/photos/379912347/original.jpeg; https://inaturalist-open-data.s3.amazonaws.com/photos/379912364/original.jpeg; https://inaturalist-open-data.s3.amazonaws.com/photos/379912366/original.jpeg; https://inaturalist-open-data.s3.amazonaws.com/photos/379912371/original.jpeg,k-central-america,2024-10-22 07:50:59
original_4875055798_2.jpeg,5341746,Operculina pinnatifida,5.72,"Chlorostilbon assimilis Lawrence, 1861",2476075,8.426275,-82.462413,663.0,NORTH_AMERICA,Chiriquí,2021,1,7,2021-01-07T16:12,True,Ricardo Brenes,iNaturalist,http://creativecommons.org/licenses/by-nc/4.0/,Ricardo Brenes,https://inaturalist-open-data.s3.amazonaws.com/photos/379911666/original.jpeg; https://inaturalist-open-data.s3.amazonaws.com/photos/379912347/original.jpeg; https://inaturalist-open-data.s3.amazonaws.com/photos/379912364/original.jpeg; https://inaturalist-open-data.s3.amazonaws.com/photos/379912366/original.jpeg; https://inaturalist-open-data.s3.amazonaws.com/photos/379912371/original.jpeg,k-central-america,2024-10-22 07:51:01
original_4875055798_3.jpeg,2695344,Tillandsia flexuosa,1.161,"Chlorostilbon assimilis Lawrence, 1861",2476075,8.426275,-82.462413,663.0,NORTH_AMERICA,Chiriquí,2021,1,7,2021-01-07T16:12,True,Ricardo Brenes,iNaturalist,http://creativecommons.org/licenses/by-nc/4.0/,Ricardo Brenes,https://inaturalist-open-data.s3.amazonaws.com/photos/379911666/original.jpeg; https://inaturalist-open-data.s3.amazonaws.com/photos/379912347/original.jpeg; https://inaturalist-open-data.s3.amazonaws.com/photos/379912364/original.jpeg; https://inaturalist-open-data.s3.amazonaws.com/photos/379912366/original.jpeg; https://inaturalist-open-data.s3.amazonaws.com/photos/379912371/original.jpeg,k-central-america,2024-10-22 07:51:03
original_4875055798_4.jpeg,2874119,Xylosma flexuosa,1.437,"Chlorostilbon assimilis Lawrence, 1861",2476075,8.426275,-82.462413,663.0,NORTH_AMERICA,Chiriquí,2021,1,7,2021-01-07T16:12,True,Ricardo Brenes,iNaturalist,http://creativecommons.org/licenses/by-nc/4.0/,Ricardo Brenes,https://inaturalist-open-data.s3.amazonaws.com/photos/379911666/original.jpeg; https://inaturalist-open-data.s3.amazonaws.com/photos/379912347/original.jpeg; https://inaturalist-open-data.s3.amazonaws.com/photos/379912364/original.jpeg; https://inaturalist-open-data.s3.amazonaws.com/photos/379912366/original.jpeg; https://inaturalist-open-data.s3.amazonaws.com/photos/379912371/original.jpeg,k-central-america,2024-10-22 07:51:05
original_4875055798_5.jpeg,2695344,Tillandsia flexuosa,4.067,"Chlorostilbon assimilis Lawrence, 1861",2476075,8.426275,-82.462413,663.0,NORTH_AMERICA,Chiriquí,2021,1,7,2021-01-07T16:12,True,Ricardo Brenes,iNaturalist,http://creativecommons.org/licenses/by-nc/4.0/,Ricardo Brenes,https://inaturalist-open-data.s3.amazonaws.com/photos/379911666/original.jpeg; https://inaturalist-open-data.s3.amazonaws.com/photos/379912347/original.jpeg; https://inaturalist-open-data.s3.amazonaws.com/photos/379912364/original.jpeg; https://inaturalist-open-data.s3.amazonaws.com/photos/379912366/original.jpeg; https://inaturalist-open-data.s3.amazonaws.com/photos/379912371/original.jpeg,k-central-america,2024-10-22 07:51:07
original_4875413797_1.jpg,6441622,Kalanchoe crenata,6.433999999999999,"Chlorostilbon assimilis Lawrence, 1861",2476075,10.311627,-84.823553,15.0,NORTH_AMERICA,Puntarenas,2024,4,30,2024-04-30T14:28,True,Ryan Shaw,iNaturalist,http://creativecommons.org/licenses/by-nc/4.0/,Ryan Shaw,https://inaturalist-open-data.s3.amazonaws.com/photos/375462157/original.jpg; https://inaturalist-open-data.s3.amazonaws.com/photos/375462162/original.jpg,k-central-america,2024-10-22 07:51:12
original_4875413797_2.jpg,6441622,Kalanchoe crenata,4.093,"Chlorostilbon assimilis Lawrence, 1861",2476075,10.311627,-84.823553,15.0,NORTH_AMERICA,Puntarenas,2024,4,30,2024-04-30T14:28,True,Ryan Shaw,iNaturalist,http://creativecommons.org/licenses/by-nc/4.0/,Ryan Shaw,https://inaturalist-open-data.s3.amazonaws.com/photos/375462157/original.jpg; https://inaturalist-open-data.s3.amazonaws.com/photos/375462162/original.jpg,k-central-america,2024-10-22 07:51:14
original_4891727945_1.jpeg,2925462,Stachytarpheta mutabilis,24.685000000000002,"Chlorostilbon assimilis Lawrence, 1861",2476075,8.521651,-82.423858,210.0,NORTH_AMERICA,Chiriquí,2024,6,8,2024-06-08T09:39,True,katiuska19,iNaturalist,http://creativecommons.org/licenses/by-nc/4.0/,katiuska19,https://inaturalist-open-data.s3.amazonaws.com/photos/391992818/original.jpeg,k-central-america,2024-10-22 07:51:17
original_4901553953_1.jpeg,5414601,Russelia equisetiformis,46.967,"Chlorostilbon assimilis Lawrence, 1861",2476075,8.746188,-82.435256,4.0,NORTH_AMERICA,Chiriquí,2024,6,15,2024-06-15T10:28,True,katiuska19,iNaturalist,http://creativecommons.org/licenses/by-nc/4.0/,katiuska19,https://inaturalist-open-data.s3.amazonaws.com/photos/395524540/original.jpeg,k-central-america,2024-10-22 07:51:20
original_4908835362_1.jpeg,7297130,Stachytarpheta frantzii,58.909,"Chlorostilbon assimilis Lawrence, 1861",2476075,8.522497,-82.424936,4.0,NORTH_AMERICA,Chiriquí,2024,7,7,2024-07-07T08:53,True,katiuska19,iNaturalist,http://creativecommons.org/licenses/by-nc/4.0/,katiuska19,https://inaturalist-open-data.s3.amazonaws.com/photos/404137748/original.jpeg,k-central-america,2024-10-22 07:51:25
original_4909007074_1.jpeg,2925303,Lantana camara,8.224,"Chlorostilbon assimilis Lawrence, 1861",2476075,9.825736,-83.829473,31.0,NORTH_AMERICA,Cartago,2024,1,3,2024-01-03T17:31,True,Dalton Spencer,iNaturalist,http://creativecommons.org/licenses/by-nc/4.0/,Dalton Spencer,https://inaturalist-open-data.s3.amazonaws.com/photos/345383678/original.jpeg; https://inaturalist-open-data.s3.amazonaws.com/photos/345383679/original.jpeg,k-central-america,2024-10-22 07:51:28
original_4909007074_2.jpeg,2925303,Lantana camara,19.89,"Chlorostilbon assimilis Lawrence, 1861",2476075,9.825736,-83.829473,31.0,NORTH_AMERICA,Cartago,2024,1,3,2024-01-03T17:31,True,Dalton Spencer,iNaturalist,http://creativecommons.org/licenses/by-nc/4.0/,Dalton Spencer,https://inaturalist-open-data.s3.amazonaws.com/photos/345383678/original.jpeg; https://inaturalist-open-data.s3.amazonaws.com/photos/345383679/original.jpeg,k-central-america,2024-10-22 07:51:30
original_4910731469_1.jpeg,5341746,Operculina pinnatifida,6.5,"Chlorostilbon assimilis Lawrence, 1861",2476075,8.973838,-79.517554,207.0,NORTH_AMERICA,Panamá,2024,7,14,2024-07-14T07:15:33,True,Bany Alvarenga,iNaturalist,http://creativecommons.org/licenses/by-nc/4.0/,Bany Alvarenga,https://inaturalist-open-data.s3.amazonaws.com/photos/408711619/original.jpeg,k-central-america,2024-10-22 07:51:32
original_4919614779_1.jpeg,2925303,Lantana camara,83.389,"Chlorostilbon assimilis Lawrence, 1861",2476075,8.876567,-79.745946,19.0,NORTH_AMERICA,Panamá Oeste,2024,7,29,2024-07-29T07:17:35,True,Manuel Murillo Alcedo,iNaturalist,http://creativecommons.org/licenses/by-nc/4.0/,Manuel Murillo Alcedo,https://inaturalist-open-data.s3.amazonaws.com/photos/413083358/original.jpeg,k-central-america,2024-10-22 07:51:35
original_4921594826_1.jpeg,7297130,Stachytarpheta frantzii,69.28,"Chlorostilbon assimilis Lawrence, 1861",2476075,8.803525,-82.95614,35.0,NORTH_AMERICA,Puntarenas,2024,7,29,2024-07-29T08:15:23,True,Randall Jiménez,iNaturalist,http://creativecommons.org/licenses/by-nc/4.0/,Randall Jiménez,https://inaturalist-open-data.s3.amazonaws.com/photos/414082128/original.jpeg,k-central-america,2024-10-22 07:51:37
