imageFileName,gbifIDPlant,speciesPlant,scorePlant,scientificNameBird,gbifIDBird,decimalLatitude,decimalLongitude,coordinateUncertaintyInMeters,continent,stateProvince,year,month,day,eventDate,dateFieldsValid,creator,publisher,license,rightsHolder,identifier,projectID,identificationDateTime
25555583184_0e1ae6a7cc_b_1339028973_3.jpg,2792457,Polystachya concreta,2.239,"Mellisuga helenae (Lembeye, 1850)",5228500,22.325823,-81.185059,250.0,NORTH_AMERICA,nan,2016,3,9,2016-03-09T00:00,True,Unknown,Unknown,Unknown,Unknown,http://live.staticflickr.com/1470/26093995891_5c8d2e169f_b.jpg; http://live.staticflickr.com/1501/25555583184_0e1ae6a7cc_b.jpg; http://live.staticflickr.com/1560/26093993881_4da61a4410_b.jpg; http://live.staticflickr.com/1600/25555584764_87c53489e3_b.jpg; http://live.staticflickr.com/1630/26160350755_e2e6712027_b.jpg; http://live.staticflickr.com/1694/25555585464_1253a273b3_b.jpg; http://live.staticflickr.com/1698/25887461780_898775f732_b.jpg,k-caribbean,2024-10-24 02:09:31
25555584764_87c53489e3_b_1339028973_2.jpg,5361886,Morus rubra,1.653,"Mellisuga helenae (Lembeye, 1850)",5228500,22.325823,-81.185059,250.0,NORTH_AMERICA,nan,2016,3,9,2016-03-09T00:00,True,Unknown,Unknown,Unknown,Unknown,http://live.staticflickr.com/1470/26093995891_5c8d2e169f_b.jpg; http://live.staticflickr.com/1501/25555583184_0e1ae6a7cc_b.jpg; http://live.staticflickr.com/1560/26093993881_4da61a4410_b.jpg; http://live.staticflickr.com/1600/25555584764_87c53489e3_b.jpg; http://live.staticflickr.com/1630/26160350755_e2e6712027_b.jpg; http://live.staticflickr.com/1694/25555585464_1253a273b3_b.jpg; http://live.staticflickr.com/1698/25887461780_898775f732_b.jpg,k-caribbean,2024-10-24 02:09:33
25555585464_1253a273b3_b_1339028973_4.jpg,5341289,Cordia sebestena,9.523,"Mellisuga helenae (Lembeye, 1850)",5228500,22.325823,-81.185059,250.0,NORTH_AMERICA,nan,2016,3,9,2016-03-09T00:00,True,Unknown,Unknown,Unknown,Unknown,http://live.staticflickr.com/1470/26093995891_5c8d2e169f_b.jpg; http://live.staticflickr.com/1501/25555583184_0e1ae6a7cc_b.jpg; http://live.staticflickr.com/1560/26093993881_4da61a4410_b.jpg; http://live.staticflickr.com/1600/25555584764_87c53489e3_b.jpg; http://live.staticflickr.com/1630/26160350755_e2e6712027_b.jpg; http://live.staticflickr.com/1694/25555585464_1253a273b3_b.jpg; http://live.staticflickr.com/1698/25887461780_898775f732_b.jpg,k-caribbean,2024-10-24 02:09:35
25887461780_898775f732_b_1339028973_6.jpg,2792457,Polystachya concreta,1.7870000000000001,"Mellisuga helenae (Lembeye, 1850)",5228500,22.325823,-81.185059,250.0,NORTH_AMERICA,nan,2016,3,9,2016-03-09T00:00,True,Unknown,Unknown,Unknown,Unknown,http://live.staticflickr.com/1470/26093995891_5c8d2e169f_b.jpg; http://live.staticflickr.com/1501/25555583184_0e1ae6a7cc_b.jpg; http://live.staticflickr.com/1560/26093993881_4da61a4410_b.jpg; http://live.staticflickr.com/1600/25555584764_87c53489e3_b.jpg; http://live.staticflickr.com/1630/26160350755_e2e6712027_b.jpg; http://live.staticflickr.com/1694/25555585464_1253a273b3_b.jpg; http://live.staticflickr.com/1698/25887461780_898775f732_b.jpg,k-caribbean,2024-10-24 02:09:36
26093993881_4da61a4410_b_1339028973_5.jpg,2792457,Polystachya concreta,2.246,"Mellisuga helenae (Lembeye, 1850)",5228500,22.325823,-81.185059,250.0,NORTH_AMERICA,nan,2016,3,9,2016-03-09T00:00,True,Unknown,Unknown,Unknown,Unknown,http://live.staticflickr.com/1470/26093995891_5c8d2e169f_b.jpg; http://live.staticflickr.com/1501/25555583184_0e1ae6a7cc_b.jpg; http://live.staticflickr.com/1560/26093993881_4da61a4410_b.jpg; http://live.staticflickr.com/1600/25555584764_87c53489e3_b.jpg; http://live.staticflickr.com/1630/26160350755_e2e6712027_b.jpg; http://live.staticflickr.com/1694/25555585464_1253a273b3_b.jpg; http://live.staticflickr.com/1698/25887461780_898775f732_b.jpg,k-caribbean,2024-10-24 02:09:38
26093995891_5c8d2e169f_b_1339028973_7.jpg,5349581,Erythrina variegata,1.322,"Mellisuga helenae (Lembeye, 1850)",5228500,22.325823,-81.185059,250.0,NORTH_AMERICA,nan,2016,3,9,2016-03-09T00:00,True,Unknown,Unknown,Unknown,Unknown,http://live.staticflickr.com/1470/26093995891_5c8d2e169f_b.jpg; http://live.staticflickr.com/1501/25555583184_0e1ae6a7cc_b.jpg; http://live.staticflickr.com/1560/26093993881_4da61a4410_b.jpg; http://live.staticflickr.com/1600/25555584764_87c53489e3_b.jpg; http://live.staticflickr.com/1630/26160350755_e2e6712027_b.jpg; http://live.staticflickr.com/1694/25555585464_1253a273b3_b.jpg; http://live.staticflickr.com/1698/25887461780_898775f732_b.jpg,k-caribbean,2024-10-24 02:09:39
26160350755_e2e6712027_b_1339028973_1.jpg,5373004,Salix caroliniana,4.691,"Mellisuga helenae (Lembeye, 1850)",5228500,22.325823,-81.185059,250.0,NORTH_AMERICA,nan,2016,3,9,2016-03-09T00:00,True,Unknown,Unknown,Unknown,Unknown,http://live.staticflickr.com/1470/26093995891_5c8d2e169f_b.jpg; http://live.staticflickr.com/1501/25555583184_0e1ae6a7cc_b.jpg; http://live.staticflickr.com/1560/26093993881_4da61a4410_b.jpg; http://live.staticflickr.com/1600/25555584764_87c53489e3_b.jpg; http://live.staticflickr.com/1630/26160350755_e2e6712027_b.jpg; http://live.staticflickr.com/1694/25555585464_1253a273b3_b.jpg; http://live.staticflickr.com/1698/25887461780_898775f732_b.jpg,k-caribbean,2024-10-24 02:09:41
27711524134_6b5148bb5e_b_1338979999_2.jpg,3190450,Bursera simaruba,2.911,"Mellisuga helenae (Lembeye, 1850)",5228500,22.291895,-81.15358,250.0,NORTH_AMERICA,nan,2016,3,11,2016-03-11T00:00,True,Unknown,Unknown,Unknown,Unknown,http://live.staticflickr.com/7563/27711524134_6b5148bb5e_b.jpg; http://live.staticflickr.com/8724/28045788420_eb416206c6_b.jpg,k-caribbean,2024-10-24 02:09:43
28045788420_eb416206c6_b_1338979999_1.jpg,7313502,Passiflora quadriglandulosa,2.213,"Mellisuga helenae (Lembeye, 1850)",5228500,22.291895,-81.15358,250.0,NORTH_AMERICA,nan,2016,3,11,2016-03-11T00:00,True,Unknown,Unknown,Unknown,Unknown,http://live.staticflickr.com/7563/27711524134_6b5148bb5e_b.jpg; http://live.staticflickr.com/8724/28045788420_eb416206c6_b.jpg,k-caribbean,2024-10-24 02:09:44
28224411971_6eebc25cca_b_1339113486_1.jpg,2928624,Ipomoea hederifolia,21.793000000000003,"Mellisuga helenae (Lembeye, 1850)",5228500,22.280996,-81.199265,250.0,NORTH_AMERICA,nan,2016,3,9,2016-03-09T00:00,True,Unknown,Unknown,Unknown,Unknown,http://live.staticflickr.com/7675/28224411971_6eebc25cca_b.jpg,k-caribbean,2024-10-24 02:09:46
29167124868_9f10ab1279_b_1883829336_5.jpg,2902066,Hamelia patens,73.012,"Mellisuga helenae (Lembeye, 1850)",5228500,22.280996,-81.199265,250.0,NORTH_AMERICA,nan,2018,3,17,2018-03-17T00:00,True,Unknown,Unknown,Unknown,Unknown,https://live.staticflickr.com/1787/42989546582_aeae0936e6_b.jpg; https://live.staticflickr.com/1789/42989547702_778140e126_b.jpg; https://live.staticflickr.com/1803/42136906165_f5ab1a58a9_b.jpg; https://live.staticflickr.com/839/42136902385_59f4d54813_b.jpg; https://live.staticflickr.com/915/29167124868_9f10ab1279_b.jpg,k-caribbean,2024-10-24 02:09:48
29167214628_137020522d_b_1883829804_1.jpg,7321555,Tapirira guianensis,1.097,"Mellisuga helenae (Lembeye, 1850)",5228500,22.280996,-81.199265,250.0,NORTH_AMERICA,nan,2018,3,18,2018-03-18T00:00,True,Unknown,Unknown,Unknown,Unknown,https://live.staticflickr.com/926/29167214628_137020522d_b.jpg,k-caribbean,2024-10-24 02:09:49
30629610854_293e22f351_b_1580164538_2.jpg,2975768,Tamarindus indica,2.573,"Mellisuga helenae (Lembeye, 1850)",5228500,22.325823,-81.185059,250.0,NORTH_AMERICA,nan,2016,11,18,2016-11-18T00:00,True,Unknown,Unknown,Unknown,Unknown,http://live.staticflickr.com/5342/31433695316_00eb7890c4_b.jpg; http://live.staticflickr.com/5468/31099754980_f9629b0b80_b.jpg; http://live.staticflickr.com/5512/31099757820_41eb11483a_b.jpg; http://live.staticflickr.com/5546/31470986445_53091869fb_b.jpg; http://live.staticflickr.com/5591/30629610854_293e22f351_b.jpg; http://live.staticflickr.com/645/32657519182_0a5591d916_b.jpg,k-caribbean,2024-10-24 02:09:51
31099754980_f9629b0b80_b_1580164538_1.jpg,3183840,Syzygium cumini,3.3169999999999997,"Mellisuga helenae (Lembeye, 1850)",5228500,22.325823,-81.185059,250.0,NORTH_AMERICA,nan,2016,11,18,2016-11-18T00:00,True,Unknown,Unknown,Unknown,Unknown,http://live.staticflickr.com/5342/31433695316_00eb7890c4_b.jpg; http://live.staticflickr.com/5468/31099754980_f9629b0b80_b.jpg; http://live.staticflickr.com/5512/31099757820_41eb11483a_b.jpg; http://live.staticflickr.com/5546/31470986445_53091869fb_b.jpg; http://live.staticflickr.com/5591/30629610854_293e22f351_b.jpg; http://live.staticflickr.com/645/32657519182_0a5591d916_b.jpg,k-caribbean,2024-10-24 02:09:52
31470986445_53091869fb_b_1580164538_5.jpg,2902066,Hamelia patens,78.294,"Mellisuga helenae (Lembeye, 1850)",5228500,22.325823,-81.185059,250.0,NORTH_AMERICA,nan,2016,11,18,2016-11-18T00:00,True,Unknown,Unknown,Unknown,Unknown,http://live.staticflickr.com/5342/31433695316_00eb7890c4_b.jpg; http://live.staticflickr.com/5468/31099754980_f9629b0b80_b.jpg; http://live.staticflickr.com/5512/31099757820_41eb11483a_b.jpg; http://live.staticflickr.com/5546/31470986445_53091869fb_b.jpg; http://live.staticflickr.com/5591/30629610854_293e22f351_b.jpg; http://live.staticflickr.com/645/32657519182_0a5591d916_b.jpg,k-caribbean,2024-10-24 02:09:57
32657519182_0a5591d916_b_1580164538_6.jpg,6109699,Phoenix dactylifera,6.245,"Mellisuga helenae (Lembeye, 1850)",5228500,22.325823,-81.185059,250.0,NORTH_AMERICA,nan,2016,11,18,2016-11-18T00:00,True,Unknown,Unknown,Unknown,Unknown,http://live.staticflickr.com/5342/31433695316_00eb7890c4_b.jpg; http://live.staticflickr.com/5468/31099754980_f9629b0b80_b.jpg; http://live.staticflickr.com/5512/31099757820_41eb11483a_b.jpg; http://live.staticflickr.com/5546/31470986445_53091869fb_b.jpg; http://live.staticflickr.com/5591/30629610854_293e22f351_b.jpg; http://live.staticflickr.com/645/32657519182_0a5591d916_b.jpg,k-caribbean,2024-10-24 02:09:59
42136902385_59f4d54813_b_1883829336_3.jpg,2902066,Hamelia patens,87.642,"Mellisuga helenae (Lembeye, 1850)",5228500,22.280996,-81.199265,250.0,NORTH_AMERICA,nan,2018,3,17,2018-03-17T00:00,True,Unknown,Unknown,Unknown,Unknown,https://live.staticflickr.com/1787/42989546582_aeae0936e6_b.jpg; https://live.staticflickr.com/1789/42989547702_778140e126_b.jpg; https://live.staticflickr.com/1803/42136906165_f5ab1a58a9_b.jpg; https://live.staticflickr.com/839/42136902385_59f4d54813_b.jpg; https://live.staticflickr.com/915/29167124868_9f10ab1279_b.jpg,k-caribbean,2024-10-24 02:10:01
42136906165_f5ab1a58a9_b_1883829336_4.jpg,2902066,Hamelia patens,60.592,"Mellisuga helenae (Lembeye, 1850)",5228500,22.280996,-81.199265,250.0,NORTH_AMERICA,nan,2018,3,17,2018-03-17T00:00,True,Unknown,Unknown,Unknown,Unknown,https://live.staticflickr.com/1787/42989546582_aeae0936e6_b.jpg; https://live.staticflickr.com/1789/42989547702_778140e126_b.jpg; https://live.staticflickr.com/1803/42136906165_f5ab1a58a9_b.jpg; https://live.staticflickr.com/839/42136902385_59f4d54813_b.jpg; https://live.staticflickr.com/915/29167124868_9f10ab1279_b.jpg,k-caribbean,2024-10-24 02:10:02
42989546582_aeae0936e6_b_1883829336_1.jpg,2902066,Hamelia patens,46.877,"Mellisuga helenae (Lembeye, 1850)",5228500,22.280996,-81.199265,250.0,NORTH_AMERICA,nan,2018,3,17,2018-03-17T00:00,True,Unknown,Unknown,Unknown,Unknown,https://live.staticflickr.com/1787/42989546582_aeae0936e6_b.jpg; https://live.staticflickr.com/1789/42989547702_778140e126_b.jpg; https://live.staticflickr.com/1803/42136906165_f5ab1a58a9_b.jpg; https://live.staticflickr.com/839/42136902385_59f4d54813_b.jpg; https://live.staticflickr.com/915/29167124868_9f10ab1279_b.jpg,k-caribbean,2024-10-24 02:10:04
4503130499_a2dd80402c_b_922285524_1.jpg,2792457,Polystachya concreta,0.713,"Mellisuga helenae (Lembeye, 1850)",5228500,22.110611,-81.281578,250.0,NORTH_AMERICA,nan,2004,12,31,2004-12-31T00:00,True,Unknown,Unknown,Unknown,Unknown,http://live.staticflickr.com/2694/4503130499_a2dd80402c_b.jpg,k-caribbean,2024-10-24 02:10:07
51914364202_6d7dd603c5_b_4175817252_3.jpg,2925349,Clerodendrum indicum,1.102,"Mellisuga helenae (Lembeye, 1850)",5228500,22.325823,-81.185059,250.0,NORTH_AMERICA,nan,2022,2,21,2022-02-21T00:00,True,Unknown,Unknown,Unknown,Unknown,https://live.staticflickr.com/65535/51914364202_6d7dd603c5_b.jpg; https://live.staticflickr.com/65535/51915334031_6149836034_b.jpg; https://live.staticflickr.com/65535/51915429248_e137f32440_b.jpg; https://live.staticflickr.com/65535/51915948175_d28394fd1e_b.jpg; https://live.staticflickr.com/65535/51915948665_dbaeae3bdc_b.jpg,k-caribbean,2024-10-24 02:10:12
51915334031_6149836034_b_4175817252_1.jpg,3172559,Bignonia aequinoctialis,2.8129999999999997,"Mellisuga helenae (Lembeye, 1850)",5228500,22.325823,-81.185059,250.0,NORTH_AMERICA,nan,2022,2,21,2022-02-21T00:00,True,Unknown,Unknown,Unknown,Unknown,https://live.staticflickr.com/65535/51914364202_6d7dd603c5_b.jpg; https://live.staticflickr.com/65535/51915334031_6149836034_b.jpg; https://live.staticflickr.com/65535/51915429248_e137f32440_b.jpg; https://live.staticflickr.com/65535/51915948175_d28394fd1e_b.jpg; https://live.staticflickr.com/65535/51915948665_dbaeae3bdc_b.jpg,k-caribbean,2024-10-24 02:10:14
51915429248_e137f32440_b_4175817252_5.jpg,3172559,Bignonia aequinoctialis,1.73,"Mellisuga helenae (Lembeye, 1850)",5228500,22.325823,-81.185059,250.0,NORTH_AMERICA,nan,2022,2,21,2022-02-21T00:00,True,Unknown,Unknown,Unknown,Unknown,https://live.staticflickr.com/65535/51914364202_6d7dd603c5_b.jpg; https://live.staticflickr.com/65535/51915334031_6149836034_b.jpg; https://live.staticflickr.com/65535/51915429248_e137f32440_b.jpg; https://live.staticflickr.com/65535/51915948175_d28394fd1e_b.jpg; https://live.staticflickr.com/65535/51915948665_dbaeae3bdc_b.jpg,k-caribbean,2024-10-24 02:10:16
51915948175_d28394fd1e_b_4175817252_2.jpg,2902066,Hamelia patens,96.08,"Mellisuga helenae (Lembeye, 1850)",5228500,22.325823,-81.185059,250.0,NORTH_AMERICA,nan,2022,2,21,2022-02-21T00:00,True,Unknown,Unknown,Unknown,Unknown,https://live.staticflickr.com/65535/51914364202_6d7dd603c5_b.jpg; https://live.staticflickr.com/65535/51915334031_6149836034_b.jpg; https://live.staticflickr.com/65535/51915429248_e137f32440_b.jpg; https://live.staticflickr.com/65535/51915948175_d28394fd1e_b.jpg; https://live.staticflickr.com/65535/51915948665_dbaeae3bdc_b.jpg,k-caribbean,2024-10-24 02:10:17
original_1249284288_1.JPG,3033592,Clematis dioica,6.688,"Mellisuga helenae (Lembeye, 1850)",5228500,22.445311,-81.390238,31505.0,NORTH_AMERICA,Matanzas,2016,1,11,2016-01-11,True,Bob Dodge,iNaturalist,http://creativecommons.org/licenses/by/4.0/,Bob Dodge,https://inaturalist-open-data.s3.amazonaws.com/photos/2965318/original.JPG; https://inaturalist-open-data.s3.amazonaws.com/photos/2965319/original.JPG,k-caribbean,2024-10-24 02:10:33
original_1249284288_2.JPG,3189950,Paullinia pinnata,2.374,"Mellisuga helenae (Lembeye, 1850)",5228500,22.445311,-81.390238,31505.0,NORTH_AMERICA,Matanzas,2016,1,11,2016-01-11,True,Bob Dodge,iNaturalist,http://creativecommons.org/licenses/by/4.0/,Bob Dodge,https://inaturalist-open-data.s3.amazonaws.com/photos/2965318/original.JPG; https://inaturalist-open-data.s3.amazonaws.com/photos/2965319/original.JPG,k-caribbean,2024-10-24 02:10:35
original_1269581750_1.JPG,5406696,Ceiba aesculifolia,9.191,"Mellisuga helenae (Lembeye, 1850)",5228500,22.013463,-80.906036,30318.0,NORTH_AMERICA,Matanzas,2016,4,14,2016-04-14,True,Michael Gochfeld,iNaturalist,http://creativecommons.org/licenses/by-nc/4.0/,Michael Gochfeld,https://inaturalist-open-data.s3.amazonaws.com/photos/3801833/original.JPG; https://inaturalist-open-data.s3.amazonaws.com/photos/3814055/original.JPG,k-caribbean,2024-10-24 02:10:37
original_1269581750_2.JPG,5406697,Ceiba pentandra,2.833,"Mellisuga helenae (Lembeye, 1850)",5228500,22.013463,-80.906036,30318.0,NORTH_AMERICA,Matanzas,2016,4,14,2016-04-14,True,Michael Gochfeld,iNaturalist,http://creativecommons.org/licenses/by-nc/4.0/,Michael Gochfeld,https://inaturalist-open-data.s3.amazonaws.com/photos/3801833/original.JPG; https://inaturalist-open-data.s3.amazonaws.com/photos/3814055/original.JPG,k-caribbean,2024-10-24 02:10:39
original_1272073776_2.jpg,3054181,Moringa oleifera,89.664,"Mellisuga helenae (Lembeye, 1850)",5228500,22.110561,-80.858571,30318.0,NORTH_AMERICA,Matanzas,2015,4,11,2015-04-11T11:22:37,True,Allan Hopkins,iNaturalist,http://creativecommons.org/licenses/by-nc-nd/4.0/,Allan Hopkins,https://inaturalist-open-data.s3.amazonaws.com/photos/1736617/original.jpg; https://inaturalist-open-data.s3.amazonaws.com/photos/2961723/original.jpg,k-caribbean,2024-10-24 02:10:43
original_1305126303_1.jpg,2951571,Mucuna sloanei,6.4159999999999995,"Mellisuga helenae (Lembeye, 1850)",5228500,22.499492,-81.385142,500840.0,NORTH_AMERICA,Matanzas,2013,3,20,2013-03-20T03:18:35,True,lenoreatwood,iNaturalist,http://creativecommons.org/licenses/by-nc/4.0/,lenoreatwood,https://inaturalist-open-data.s3.amazonaws.com/photos/4448871/original.jpg,k-caribbean,2024-10-24 02:10:45
original_1453443200_1.jpeg,2902066,Hamelia patens,99.124,"Mellisuga helenae (Lembeye, 1850)",5228500,22.209978,-81.227323,30298.0,NORTH_AMERICA,Matanzas,2016,12,3,2016-12-03T11:14,True,Carmelo López Abad,iNaturalist,http://creativecommons.org/licenses/by-nc/4.0/,Carmelo López Abad,https://inaturalist-open-data.s3.amazonaws.com/photos/6334651/original.jpeg,k-caribbean,2024-10-24 02:10:47
original_1703151597_1.jpg,5406696,Ceiba aesculifolia,2.96,"Mellisuga helenae (Lembeye, 1850)",5228500,22.106087,-80.923785,30318.0,NORTH_AMERICA,Matanzas,2017,2,18,2017-02-18T10:15,True,ColinDJones,iNaturalist,http://creativecommons.org/licenses/by-nc/4.0/,ColinDJones,https://inaturalist-open-data.s3.amazonaws.com/photos/11770998/original.jpg,k-caribbean,2024-10-24 02:10:51
original_1703161374_2.jpg,2694689,Tillandsia utriculata,4.059,"Mellisuga helenae (Lembeye, 1850)",5228500,22.143941,-80.82529,30318.0,NORTH_AMERICA,Matanzas,2016,2,13,2016-02-13T23:19,True,ColinDJones,iNaturalist,http://creativecommons.org/licenses/by-nc/4.0/,ColinDJones,https://inaturalist-open-data.s3.amazonaws.com/photos/11815355/original.jpg; https://inaturalist-open-data.s3.amazonaws.com/photos/11815357/original.jpg,k-caribbean,2024-10-24 02:10:55
original_1703175279_1.jpg,5406696,Ceiba aesculifolia,19.418,"Mellisuga helenae (Lembeye, 1850)",5228500,22.119761,-80.802764,30318.0,NORTH_AMERICA,Matanzas,2017,2,14,2017-02-14T11:35,True,Paul Tavares,iNaturalist,http://creativecommons.org/licenses/by-nc/4.0/,Paul Tavares,https://inaturalist-open-data.s3.amazonaws.com/photos/11883092/original.jpg,k-caribbean,2024-10-24 02:11:00
original_1703175305_1.jpg,2902066,Hamelia patens,3.232,"Mellisuga helenae (Lembeye, 1850)",5228500,22.22358,-81.114353,30298.0,NORTH_AMERICA,Matanzas,2017,2,15,2017-02-15T14:17,True,Paul Tavares,iNaturalist,http://creativecommons.org/licenses/by-nc/4.0/,Paul Tavares,https://inaturalist-open-data.s3.amazonaws.com/photos/11883100/original.jpg,k-caribbean,2024-10-24 02:11:06
original_1802760414_1.jpeg,2981994,Calliandra purpurea,28.032,"Mellisuga helenae (Lembeye, 1850)",5228500,19.843905,-75.020583,30527.0,nan,Guantánamo,2018,1,1,2018-01-01T11:13:37,True,Kristin A. Bakkegard,iNaturalist,http://creativecommons.org/licenses/by-nc/4.0/,Kristin A. Bakkegard,https://inaturalist-open-data.s3.amazonaws.com/photos/12666329/original.jpeg; https://inaturalist-open-data.s3.amazonaws.com/photos/12666365/original.jpg,k-caribbean,2024-10-24 02:11:08
original_1802760414_2.jpg,2695344,Tillandsia flexuosa,4.474,"Mellisuga helenae (Lembeye, 1850)",5228500,19.843905,-75.020583,30527.0,nan,Guantánamo,2018,1,1,2018-01-01T11:13:37,True,Kristin A. Bakkegard,iNaturalist,http://creativecommons.org/licenses/by-nc/4.0/,Kristin A. Bakkegard,https://inaturalist-open-data.s3.amazonaws.com/photos/12666329/original.jpeg; https://inaturalist-open-data.s3.amazonaws.com/photos/12666365/original.jpg,k-caribbean,2024-10-24 02:11:10
original_1802770001_1.jpeg,4092017,Handroanthus serratifolius,7.574,"Mellisuga helenae (Lembeye, 1850)",5228500,19.884559,-75.087383,30527.0,NORTH_AMERICA,Guantánamo,2018,1,3,2018-01-03T15:38:09,True,Kristin A. Bakkegard,iNaturalist,http://creativecommons.org/licenses/by-nc/4.0/,Kristin A. Bakkegard,https://inaturalist-open-data.s3.amazonaws.com/photos/12708289/original.jpeg,k-caribbean,2024-10-24 02:11:12
original_1802792366_1.jpeg,5420912,Lawsonia inermis,2.252,"Mellisuga helenae (Lembeye, 1850)",5228500,19.905628,-75.045741,30527.0,NORTH_AMERICA,Guantánamo,2018,1,8,2018-01-08T13:40:42,True,Kristin A. Bakkegard,iNaturalist,http://creativecommons.org/licenses/by-nc/4.0/,Kristin A. Bakkegard,https://inaturalist-open-data.s3.amazonaws.com/photos/12795558/original.jpeg,k-caribbean,2024-10-24 02:11:16
original_1838059697_1.jpg,5415081,Crescentia cujete,2.835,"Mellisuga helenae (Lembeye, 1850)",5228500,22.386629,-81.110542,30298.0,NORTH_AMERICA,Matanzas,2018,3,31,2018-03-31T13:43:33,True,Kevin Schafer,iNaturalist,http://creativecommons.org/licenses/by-nc-nd/4.0/,Kevin Schafer,https://inaturalist-open-data.s3.amazonaws.com/photos/15143752/original.jpg,k-caribbean,2024-10-24 02:11:18
original_1880580146_1.jpeg,2902066,Hamelia patens,96.37,"Mellisuga helenae (Lembeye, 1850)",5228500,22.252234,-81.064506,30298.0,NORTH_AMERICA,Matanzas,2017,3,9,2017-03-09T08:46:16,True,Mark Conboy,iNaturalist,http://creativecommons.org/licenses/by-nc/4.0/,Mark Conboy,https://inaturalist-open-data.s3.amazonaws.com/photos/20389869/original.jpeg,k-caribbean,2024-10-24 02:11:21
original_1901081064_1.jpeg,2902066,Hamelia patens,94.612,"Mellisuga helenae (Lembeye, 1850)",5228500,22.327612,-81.374123,30298.0,NORTH_AMERICA,Matanzas,2017,1,29,2017-01-29T19:43,True,olgur,iNaturalist,http://creativecommons.org/licenses/by-nc/4.0/,olgur,https://inaturalist-open-data.s3.amazonaws.com/photos/24398916/original.jpeg,k-caribbean,2024-10-24 02:11:23
original_2397631780_1.jpeg,2902066,Hamelia patens,94.406,"Mellisuga helenae (Lembeye, 1850)",5228500,22.368425,-81.297722,30298.0,NORTH_AMERICA,Matanzas,2016,4,15,2016-04-15T07:40,True,Jim Thompson,iNaturalist,http://creativecommons.org/licenses/by-nc/4.0/,Jim Thompson,https://inaturalist-open-data.s3.amazonaws.com/photos/49793444/original.jpeg,k-caribbean,2024-10-24 02:11:33
original_2429204268_1.jpg,3172499,Jacaranda mimosifolia,7.914000000000001,"Mellisuga helenae (Lembeye, 1850)",5228500,22.360883,-81.078307,30298.0,NORTH_AMERICA,Matanzas,2019,5,9,2019-05-09T09:52:46,True,Tim Weed,iNaturalist,http://creativecommons.org/licenses/by-nc/4.0/,Tim Weed,https://inaturalist-open-data.s3.amazonaws.com/photos/38498471/original.jpg; https://inaturalist-open-data.s3.amazonaws.com/photos/38498475/original.jpg; https://inaturalist-open-data.s3.amazonaws.com/photos/38498485/original.jpg,k-caribbean,2024-10-24 02:11:38
original_2429204268_2.jpg,2961150,Enterolobium cyclocarpum,66.689,"Mellisuga helenae (Lembeye, 1850)",5228500,22.360883,-81.078307,30298.0,NORTH_AMERICA,Matanzas,2019,5,9,2019-05-09T09:52:46,True,Tim Weed,iNaturalist,http://creativecommons.org/licenses/by-nc/4.0/,Tim Weed,https://inaturalist-open-data.s3.amazonaws.com/photos/38498471/original.jpg; https://inaturalist-open-data.s3.amazonaws.com/photos/38498475/original.jpg; https://inaturalist-open-data.s3.amazonaws.com/photos/38498485/original.jpg,k-caribbean,2024-10-24 02:11:40
original_2429588185_1.jpg,5421056,Clusia minor,5.524,"Mellisuga helenae (Lembeye, 1850)",5228500,22.306235,-81.173678,30298.0,NORTH_AMERICA,Matanzas,2012,4,26,2012-04-26T10:21,True,sandradennis,iNaturalist,http://creativecommons.org/licenses/by-nc/4.0/,sandradennis,https://inaturalist-open-data.s3.amazonaws.com/photos/54070346/original.jpg,k-caribbean,2024-10-24 02:11:41
original_2447982130_1.jpeg,3033970,Licaria triandra,1.5939999999999999,"Mellisuga helenae (Lembeye, 1850)",5228500,22.311111,-81.187752,30298.0,NORTH_AMERICA,Matanzas,2012,4,26,2012-04-26T10:10,True,Mark Dennis,iNaturalist,http://creativecommons.org/licenses/by-nc/4.0/,Mark Dennis,https://inaturalist-open-data.s3.amazonaws.com/photos/55259709/original.jpeg,k-caribbean,2024-10-24 02:11:43
original_2557773970_1.jpeg,2902066,Hamelia patens,96.649,"Mellisuga helenae (Lembeye, 1850)",5228500,22.311897,-81.1359,30298.0,NORTH_AMERICA,Matanzas,2020,1,11,2020-01-11T11:46,True,Tim Weed,iNaturalist,http://creativecommons.org/licenses/by-nc/4.0/,Tim Weed,https://inaturalist-open-data.s3.amazonaws.com/photos/59510979/original.jpeg; https://inaturalist-open-data.s3.amazonaws.com/photos/59510998/original.jpeg; https://inaturalist-open-data.s3.amazonaws.com/photos/59511014/original.jpeg; https://inaturalist-open-data.s3.amazonaws.com/photos/59511019/original.jpeg; https://inaturalist-open-data.s3.amazonaws.com/photos/59511134/original.jpeg,k-caribbean,2024-10-24 02:11:46
original_2557773970_2.jpeg,2902066,Hamelia patens,97.481,"Mellisuga helenae (Lembeye, 1850)",5228500,22.311897,-81.1359,30298.0,NORTH_AMERICA,Matanzas,2020,1,11,2020-01-11T11:46,True,Tim Weed,iNaturalist,http://creativecommons.org/licenses/by-nc/4.0/,Tim Weed,https://inaturalist-open-data.s3.amazonaws.com/photos/59510979/original.jpeg; https://inaturalist-open-data.s3.amazonaws.com/photos/59510998/original.jpeg; https://inaturalist-open-data.s3.amazonaws.com/photos/59511014/original.jpeg; https://inaturalist-open-data.s3.amazonaws.com/photos/59511019/original.jpeg; https://inaturalist-open-data.s3.amazonaws.com/photos/59511134/original.jpeg,k-caribbean,2024-10-24 02:11:48
original_2557773970_3.jpeg,2902066,Hamelia patens,96.649,"Mellisuga helenae (Lembeye, 1850)",5228500,22.311897,-81.1359,30298.0,NORTH_AMERICA,Matanzas,2020,1,11,2020-01-11T11:46,True,Tim Weed,iNaturalist,http://creativecommons.org/licenses/by-nc/4.0/,Tim Weed,https://inaturalist-open-data.s3.amazonaws.com/photos/59510979/original.jpeg; https://inaturalist-open-data.s3.amazonaws.com/photos/59510998/original.jpeg; https://inaturalist-open-data.s3.amazonaws.com/photos/59511014/original.jpeg; https://inaturalist-open-data.s3.amazonaws.com/photos/59511019/original.jpeg; https://inaturalist-open-data.s3.amazonaws.com/photos/59511134/original.jpeg,k-caribbean,2024-10-24 02:11:50
original_2557773970_4.jpeg,7981652,Rhabdadenia biflora,6.773,"Mellisuga helenae (Lembeye, 1850)",5228500,22.311897,-81.1359,30298.0,NORTH_AMERICA,Matanzas,2020,1,11,2020-01-11T11:46,True,Tim Weed,iNaturalist,http://creativecommons.org/licenses/by-nc/4.0/,Tim Weed,https://inaturalist-open-data.s3.amazonaws.com/photos/59510979/original.jpeg; https://inaturalist-open-data.s3.amazonaws.com/photos/59510998/original.jpeg; https://inaturalist-open-data.s3.amazonaws.com/photos/59511014/original.jpeg; https://inaturalist-open-data.s3.amazonaws.com/photos/59511019/original.jpeg; https://inaturalist-open-data.s3.amazonaws.com/photos/59511134/original.jpeg,k-caribbean,2024-10-24 02:11:51
original_2609151867_1.jpg,2902066,Hamelia patens,32.868,"Mellisuga helenae (Lembeye, 1850)",5228500,22.087073,-80.905192,30318.0,NORTH_AMERICA,Matanzas,2018,4,7,2018-04-07T13:34,True,Tom and Patsy Inglet,iNaturalist,http://creativecommons.org/licenses/by-nc/4.0/,Tom and Patsy Inglet,https://inaturalist-open-data.s3.amazonaws.com/photos/67635301/original.jpg,k-caribbean,2024-10-24 02:12:01
original_2634449468_1.jpeg,2925457,Stachytarpheta urticifolia,64.44800000000001,"Mellisuga helenae (Lembeye, 1850)",5228500,22.241806,-81.200074,30298.0,NORTH_AMERICA,Matanzas,2016,2,25,2016-02-25T11:33,True,ALAN SANKEY,iNaturalist,http://creativecommons.org/licenses/by-nc/4.0/,ALAN SANKEY,https://inaturalist-open-data.s3.amazonaws.com/photos/75911670/original.jpeg,k-caribbean,2024-10-24 02:12:05
original_2641317109_1.jpeg,2874119,Xylosma flexuosa,4.390000000000001,"Mellisuga helenae (Lembeye, 1850)",5228500,21.943108,-84.465118,30338.0,NORTH_AMERICA,Pinar del Río,2014,1,12,2014-01-12T14:38,True,docprt,iNaturalist,http://creativecommons.org/licenses/by-nc/4.0/,docprt,https://inaturalist-open-data.s3.amazonaws.com/photos/77508922/original.jpeg; https://inaturalist-open-data.s3.amazonaws.com/photos/77508930/original.jpeg; https://inaturalist-open-data.s3.amazonaws.com/photos/77508948/original.jpeg,k-caribbean,2024-10-24 02:12:07
original_2641317109_3.jpeg,2792457,Polystachya concreta,2.689,"Mellisuga helenae (Lembeye, 1850)",5228500,21.943108,-84.465118,30338.0,NORTH_AMERICA,Pinar del Río,2014,1,12,2014-01-12T14:38,True,docprt,iNaturalist,http://creativecommons.org/licenses/by-nc/4.0/,docprt,https://inaturalist-open-data.s3.amazonaws.com/photos/77508922/original.jpeg; https://inaturalist-open-data.s3.amazonaws.com/photos/77508930/original.jpeg; https://inaturalist-open-data.s3.amazonaws.com/photos/77508948/original.jpeg,k-caribbean,2024-10-24 02:12:11
original_2641377523_1.jpeg,7330039,Mesua ferrea,4.422000000000001,"Mellisuga helenae (Lembeye, 1850)",5228500,21.858709,-84.311108,30338.0,NORTH_AMERICA,Pinar del Río,2014,1,13,2014-01-13T12:43,True,docprt,iNaturalist,http://creativecommons.org/licenses/by-nc/4.0/,docprt,https://inaturalist-open-data.s3.amazonaws.com/photos/77976371/original.jpeg; https://inaturalist-open-data.s3.amazonaws.com/photos/77976378/original.jpeg,k-caribbean,2024-10-24 02:12:13
original_2641377523_2.jpeg,5414399,Strychnos nux-vomica,1.353,"Mellisuga helenae (Lembeye, 1850)",5228500,21.858709,-84.311108,30338.0,NORTH_AMERICA,Pinar del Río,2014,1,13,2014-01-13T12:43,True,docprt,iNaturalist,http://creativecommons.org/licenses/by-nc/4.0/,docprt,https://inaturalist-open-data.s3.amazonaws.com/photos/77976371/original.jpeg; https://inaturalist-open-data.s3.amazonaws.com/photos/77976378/original.jpeg,k-caribbean,2024-10-24 02:12:15
original_2641380439_1.jpeg,5406696,Ceiba aesculifolia,18.014,"Mellisuga helenae (Lembeye, 1850)",5228500,21.88841,-84.310505,30338.0,NORTH_AMERICA,Pinar del Río,2014,1,13,2014-01-13T12:33,True,docprt,iNaturalist,http://creativecommons.org/licenses/by-nc/4.0/,docprt,https://inaturalist-open-data.s3.amazonaws.com/photos/77876220/original.jpeg; https://inaturalist-open-data.s3.amazonaws.com/photos/77876228/original.jpeg,k-caribbean,2024-10-24 02:12:18
original_2641380439_2.jpeg,5406696,Ceiba aesculifolia,8.312999999999999,"Mellisuga helenae (Lembeye, 1850)",5228500,21.88841,-84.310505,30338.0,NORTH_AMERICA,Pinar del Río,2014,1,13,2014-01-13T12:33,True,docprt,iNaturalist,http://creativecommons.org/licenses/by-nc/4.0/,docprt,https://inaturalist-open-data.s3.amazonaws.com/photos/77876220/original.jpeg; https://inaturalist-open-data.s3.amazonaws.com/photos/77876228/original.jpeg,k-caribbean,2024-10-24 02:12:20
original_2641435466_1.jpeg,2945453,Schizolobium parahyba,13.248999999999999,"Mellisuga helenae (Lembeye, 1850)",5228500,21.908646,-84.533211,30338.0,NORTH_AMERICA,Pinar del Río,2014,1,13,2014-01-13T12:23,True,docprt,iNaturalist,http://creativecommons.org/licenses/by-nc/4.0/,docprt,https://inaturalist-open-data.s3.amazonaws.com/photos/77876211/original.jpeg; https://inaturalist-open-data.s3.amazonaws.com/photos/77876216/original.jpeg,k-caribbean,2024-10-24 02:12:22
original_2641435466_2.jpeg,2945453,Schizolobium parahyba,5.27,"Mellisuga helenae (Lembeye, 1850)",5228500,21.908646,-84.533211,30338.0,NORTH_AMERICA,Pinar del Río,2014,1,13,2014-01-13T12:23,True,docprt,iNaturalist,http://creativecommons.org/licenses/by-nc/4.0/,docprt,https://inaturalist-open-data.s3.amazonaws.com/photos/77876211/original.jpeg; https://inaturalist-open-data.s3.amazonaws.com/photos/77876216/original.jpeg,k-caribbean,2024-10-24 02:12:24
original_2641447565_1.jpeg,2874119,Xylosma flexuosa,5.9990000000000006,"Mellisuga helenae (Lembeye, 1850)",5228500,21.814059,-84.380887,30338.0,NORTH_AMERICA,Pinar del Río,2014,1,13,2014-01-13T12:46,True,docprt,iNaturalist,http://creativecommons.org/licenses/by-nc/4.0/,docprt,https://inaturalist-open-data.s3.amazonaws.com/photos/77976394/original.jpeg; https://inaturalist-open-data.s3.amazonaws.com/photos/77976411/original.jpg,k-caribbean,2024-10-24 02:12:26
original_2641447565_2.jpg,2962854,Pithecellobium unguis-cati,5.676,"Mellisuga helenae (Lembeye, 1850)",5228500,21.814059,-84.380887,30338.0,NORTH_AMERICA,Pinar del Río,2014,1,13,2014-01-13T12:46,True,docprt,iNaturalist,http://creativecommons.org/licenses/by-nc/4.0/,docprt,https://inaturalist-open-data.s3.amazonaws.com/photos/77976394/original.jpeg; https://inaturalist-open-data.s3.amazonaws.com/photos/77976411/original.jpg,k-caribbean,2024-10-24 02:12:30
original_2641458477_1.jpg,5416259,Eugenia axillaris,17.936,"Mellisuga helenae (Lembeye, 1850)",5228500,21.867006,-84.351516,30338.0,NORTH_AMERICA,Pinar del Río,2014,1,13,2014-01-13T12:34,True,docprt,iNaturalist,http://creativecommons.org/licenses/by-nc/4.0/,docprt,https://inaturalist-open-data.s3.amazonaws.com/photos/77876251/original.jpg; https://inaturalist-open-data.s3.amazonaws.com/photos/77876268/original.jpg; https://inaturalist-open-data.s3.amazonaws.com/photos/77876274/original.jpg; https://inaturalist-open-data.s3.amazonaws.com/photos/77876285/original.jpg,k-caribbean,2024-10-24 02:12:32
original_2641458477_2.jpg,5416259,Eugenia axillaris,2.3800000000000003,"Mellisuga helenae (Lembeye, 1850)",5228500,21.867006,-84.351516,30338.0,NORTH_AMERICA,Pinar del Río,2014,1,13,2014-01-13T12:34,True,docprt,iNaturalist,http://creativecommons.org/licenses/by-nc/4.0/,docprt,https://inaturalist-open-data.s3.amazonaws.com/photos/77876251/original.jpg; https://inaturalist-open-data.s3.amazonaws.com/photos/77876268/original.jpg; https://inaturalist-open-data.s3.amazonaws.com/photos/77876274/original.jpg; https://inaturalist-open-data.s3.amazonaws.com/photos/77876285/original.jpg,k-caribbean,2024-10-24 02:12:34
original_2641458477_3.jpg,5416259,Eugenia axillaris,3.8649999999999998,"Mellisuga helenae (Lembeye, 1850)",5228500,21.867006,-84.351516,30338.0,NORTH_AMERICA,Pinar del Río,2014,1,13,2014-01-13T12:34,True,docprt,iNaturalist,http://creativecommons.org/licenses/by-nc/4.0/,docprt,https://inaturalist-open-data.s3.amazonaws.com/photos/77876251/original.jpg; https://inaturalist-open-data.s3.amazonaws.com/photos/77876268/original.jpg; https://inaturalist-open-data.s3.amazonaws.com/photos/77876274/original.jpg; https://inaturalist-open-data.s3.amazonaws.com/photos/77876285/original.jpg,k-caribbean,2024-10-24 02:12:36
original_2641458477_4.jpg,9390953,Schoepfia schreberi,7.024,"Mellisuga helenae (Lembeye, 1850)",5228500,21.867006,-84.351516,30338.0,NORTH_AMERICA,Pinar del Río,2014,1,13,2014-01-13T12:34,True,docprt,iNaturalist,http://creativecommons.org/licenses/by-nc/4.0/,docprt,https://inaturalist-open-data.s3.amazonaws.com/photos/77876251/original.jpg; https://inaturalist-open-data.s3.amazonaws.com/photos/77876268/original.jpg; https://inaturalist-open-data.s3.amazonaws.com/photos/77876274/original.jpg; https://inaturalist-open-data.s3.amazonaws.com/photos/77876285/original.jpg,k-caribbean,2024-10-24 02:12:38
original_2802997875_1.jpeg,2976206,Entada polystachya,30.291,"Mellisuga helenae (Lembeye, 1850)",5228500,21.259456,-76.516919,30396.0,NORTH_AMERICA,Las Tunas,2014,1,16,2014-01-16T09:24,True,docprt,iNaturalist,http://creativecommons.org/licenses/by-nc/4.0/,docprt,https://inaturalist-open-data.s3.amazonaws.com/photos/79197179/original.jpg; https://inaturalist-open-data.s3.amazonaws.com/photos/79197196/original.jpeg; https://inaturalist-open-data.s3.amazonaws.com/photos/79197200/original.jpeg; https://inaturalist-open-data.s3.amazonaws.com/photos/79197207/original.jpeg; https://inaturalist-open-data.s3.amazonaws.com/photos/79197253/original.jpg,k-caribbean,2024-10-24 02:12:40
original_2802997875_4.jpg,5414399,Strychnos nux-vomica,4.262,"Mellisuga helenae (Lembeye, 1850)",5228500,21.259456,-76.516919,30396.0,NORTH_AMERICA,Las Tunas,2014,1,16,2014-01-16T09:24,True,docprt,iNaturalist,http://creativecommons.org/licenses/by-nc/4.0/,docprt,https://inaturalist-open-data.s3.amazonaws.com/photos/79197179/original.jpg; https://inaturalist-open-data.s3.amazonaws.com/photos/79197196/original.jpeg; https://inaturalist-open-data.s3.amazonaws.com/photos/79197200/original.jpeg; https://inaturalist-open-data.s3.amazonaws.com/photos/79197207/original.jpeg; https://inaturalist-open-data.s3.amazonaws.com/photos/79197253/original.jpg,k-caribbean,2024-10-24 02:12:46
original_2814186890_1.jpeg,5348711,Abrus precatorius,3.887,"Mellisuga helenae (Lembeye, 1850)",5228500,21.904726,-84.567613,30338.0,NORTH_AMERICA,Pinar del Río,2010,1,24,2010-01-24T10:58,True,Craig Peter,iNaturalist,http://creativecommons.org/licenses/by-nc/4.0/,Craig Peter,https://inaturalist-open-data.s3.amazonaws.com/photos/82887263/original.jpeg,k-caribbean,2024-10-24 02:12:50
original_2814291743_1.jpg,2951571,Mucuna sloanei,14.447,"Mellisuga helenae (Lembeye, 1850)",5228500,21.999447,-79.447706,153129.0,NORTH_AMERICA,Sancti Spíritus,2013,3,20,2013-03-20T03:14:05,True,lenoreatwood,iNaturalist,http://creativecommons.org/licenses/by-nc/4.0/,lenoreatwood,https://inaturalist-open-data.s3.amazonaws.com/photos/81896100/original.jpg; https://inaturalist-open-data.s3.amazonaws.com/photos/81896328/original.jpg,k-caribbean,2024-10-24 02:12:52
original_2814291743_2.jpg,2951571,Mucuna sloanei,4.511,"Mellisuga helenae (Lembeye, 1850)",5228500,21.999447,-79.447706,153129.0,NORTH_AMERICA,Sancti Spíritus,2013,3,20,2013-03-20T03:14:05,True,lenoreatwood,iNaturalist,http://creativecommons.org/licenses/by-nc/4.0/,lenoreatwood,https://inaturalist-open-data.s3.amazonaws.com/photos/81896100/original.jpg; https://inaturalist-open-data.s3.amazonaws.com/photos/81896328/original.jpg,k-caribbean,2024-10-24 02:12:54
original_2856521915_1.jpg,2902066,Hamelia patens,86.797,"Mellisuga helenae (Lembeye, 1850)",5228500,22.330545,-81.328838,30298.0,NORTH_AMERICA,Matanzas,2019,6,25,2019-06-25T19:13,True,novvictan,iNaturalist,http://creativecommons.org/licenses/by/4.0/,novvictan,https://inaturalist-open-data.s3.amazonaws.com/photos/91434300/original.jpg,k-caribbean,2024-10-24 02:13:02
original_2864715430_1.jpg,2902066,Hamelia patens,93.451,"Mellisuga helenae (Lembeye, 1850)",5228500,22.337112,-81.290572,30355.0,NORTH_AMERICA,Matanzas,2019,1,26,2019-01-26T03:43,True,Herb Wilson,iNaturalist,http://creativecommons.org/licenses/by-nc/4.0/,Herb Wilson,https://inaturalist-open-data.s3.amazonaws.com/photos/94968194/original.jpg; https://inaturalist-open-data.s3.amazonaws.com/photos/94968199/original.jpg,k-caribbean,2024-10-24 02:13:04
original_2864715430_2.jpg,2902066,Hamelia patens,98.198,"Mellisuga helenae (Lembeye, 1850)",5228500,22.337112,-81.290572,30355.0,NORTH_AMERICA,Matanzas,2019,1,26,2019-01-26T03:43,True,Herb Wilson,iNaturalist,http://creativecommons.org/licenses/by-nc/4.0/,Herb Wilson,https://inaturalist-open-data.s3.amazonaws.com/photos/94968194/original.jpg; https://inaturalist-open-data.s3.amazonaws.com/photos/94968199/original.jpg,k-caribbean,2024-10-24 02:13:06
original_2873935879_1.jpeg,5420380,Psidium guajava,15.455,"Mellisuga helenae (Lembeye, 1850)",5228500,22.90827,-81.454934,30237.0,NORTH_AMERICA,Matanzas,2017,2,11,2017-02-11T08:09,True,desertnaturalist,iNaturalist,http://creativecommons.org/licenses/by/4.0/,desertnaturalist,https://inaturalist-open-data.s3.amazonaws.com/photos/98313936/original.jpeg,k-caribbean,2024-10-24 02:13:09
original_2984376075_1.jpeg,2902066,Hamelia patens,69.716,"Mellisuga helenae (Lembeye, 1850)",5228500,22.341085,-81.006777,30298.0,NORTH_AMERICA,Matanzas,2018,3,6,2018-03-06T01:50,True,Christoph Moning,iNaturalist,http://creativecommons.org/licenses/by/4.0/,Christoph Moning,https://inaturalist-open-data.s3.amazonaws.com/photos/104130052/original.jpeg; https://inaturalist-open-data.s3.amazonaws.com/photos/104130090/original.jpeg; https://inaturalist-open-data.s3.amazonaws.com/photos/104130107/original.jpeg; https://inaturalist-open-data.s3.amazonaws.com/photos/104130124/original.jpeg; https://inaturalist-open-data.s3.amazonaws.com/photos/104130132/original.jpeg; https://inaturalist-open-data.s3.amazonaws.com/photos/104130148/original.jpeg; https://inaturalist-open-data.s3.amazonaws.com/photos/104130168/original.jpeg; https://inaturalist-open-data.s3.amazonaws.com/photos/104130474/original.jpeg; https://inaturalist-open-data.s3.amazonaws.com/photos/104130513/original.jpeg; https://inaturalist-open-data.s3.amazonaws.com/photos/104130533/original.jpeg; https://inaturalist-open-data.s3.amazonaws.com/photos/104130703/original.jpeg; https://inaturalist-open-data.s3.amazonaws.com/photos/104130730/original.jpeg; https://inaturalist-open-data.s3.amazonaws.com/photos/104130754/original.jpeg; https://inaturalist-open-data.s3.amazonaws.com/photos/104130763/original.jpeg,k-caribbean,2024-10-24 02:13:11
original_2984376075_10.jpeg,2902066,Hamelia patens,79.101,"Mellisuga helenae (Lembeye, 1850)",5228500,22.341085,-81.006777,30298.0,NORTH_AMERICA,Matanzas,2018,3,6,2018-03-06T01:50,True,Christoph Moning,iNaturalist,http://creativecommons.org/licenses/by/4.0/,Christoph Moning,https://inaturalist-open-data.s3.amazonaws.com/photos/104130052/original.jpeg; https://inaturalist-open-data.s3.amazonaws.com/photos/104130090/original.jpeg; https://inaturalist-open-data.s3.amazonaws.com/photos/104130107/original.jpeg; https://inaturalist-open-data.s3.amazonaws.com/photos/104130124/original.jpeg; https://inaturalist-open-data.s3.amazonaws.com/photos/104130132/original.jpeg; https://inaturalist-open-data.s3.amazonaws.com/photos/104130148/original.jpeg; https://inaturalist-open-data.s3.amazonaws.com/photos/104130168/original.jpeg; https://inaturalist-open-data.s3.amazonaws.com/photos/104130474/original.jpeg; https://inaturalist-open-data.s3.amazonaws.com/photos/104130513/original.jpeg; https://inaturalist-open-data.s3.amazonaws.com/photos/104130533/original.jpeg; https://inaturalist-open-data.s3.amazonaws.com/photos/104130703/original.jpeg; https://inaturalist-open-data.s3.amazonaws.com/photos/104130730/original.jpeg; https://inaturalist-open-data.s3.amazonaws.com/photos/104130754/original.jpeg; https://inaturalist-open-data.s3.amazonaws.com/photos/104130763/original.jpeg,k-caribbean,2024-10-24 02:13:13
original_2984376075_12.jpeg,2902066,Hamelia patens,5.086,"Mellisuga helenae (Lembeye, 1850)",5228500,22.341085,-81.006777,30298.0,NORTH_AMERICA,Matanzas,2018,3,6,2018-03-06T01:50,True,Christoph Moning,iNaturalist,http://creativecommons.org/licenses/by/4.0/,Christoph Moning,https://inaturalist-open-data.s3.amazonaws.com/photos/104130052/original.jpeg; https://inaturalist-open-data.s3.amazonaws.com/photos/104130090/original.jpeg; https://inaturalist-open-data.s3.amazonaws.com/photos/104130107/original.jpeg; https://inaturalist-open-data.s3.amazonaws.com/photos/104130124/original.jpeg; https://inaturalist-open-data.s3.amazonaws.com/photos/104130132/original.jpeg; https://inaturalist-open-data.s3.amazonaws.com/photos/104130148/original.jpeg; https://inaturalist-open-data.s3.amazonaws.com/photos/104130168/original.jpeg; https://inaturalist-open-data.s3.amazonaws.com/photos/104130474/original.jpeg; https://inaturalist-open-data.s3.amazonaws.com/photos/104130513/original.jpeg; https://inaturalist-open-data.s3.amazonaws.com/photos/104130533/original.jpeg; https://inaturalist-open-data.s3.amazonaws.com/photos/104130703/original.jpeg; https://inaturalist-open-data.s3.amazonaws.com/photos/104130730/original.jpeg; https://inaturalist-open-data.s3.amazonaws.com/photos/104130754/original.jpeg; https://inaturalist-open-data.s3.amazonaws.com/photos/104130763/original.jpeg,k-caribbean,2024-10-24 02:13:16
original_2984376075_13.jpeg,2902066,Hamelia patens,70.762,"Mellisuga helenae (Lembeye, 1850)",5228500,22.341085,-81.006777,30298.0,NORTH_AMERICA,Matanzas,2018,3,6,2018-03-06T01:50,True,Christoph Moning,iNaturalist,http://creativecommons.org/licenses/by/4.0/,Christoph Moning,https://inaturalist-open-data.s3.amazonaws.com/photos/104130052/original.jpeg; https://inaturalist-open-data.s3.amazonaws.com/photos/104130090/original.jpeg; https://inaturalist-open-data.s3.amazonaws.com/photos/104130107/original.jpeg; https://inaturalist-open-data.s3.amazonaws.com/photos/104130124/original.jpeg; https://inaturalist-open-data.s3.amazonaws.com/photos/104130132/original.jpeg; https://inaturalist-open-data.s3.amazonaws.com/photos/104130148/original.jpeg; https://inaturalist-open-data.s3.amazonaws.com/photos/104130168/original.jpeg; https://inaturalist-open-data.s3.amazonaws.com/photos/104130474/original.jpeg; https://inaturalist-open-data.s3.amazonaws.com/photos/104130513/original.jpeg; https://inaturalist-open-data.s3.amazonaws.com/photos/104130533/original.jpeg; https://inaturalist-open-data.s3.amazonaws.com/photos/104130703/original.jpeg; https://inaturalist-open-data.s3.amazonaws.com/photos/104130730/original.jpeg; https://inaturalist-open-data.s3.amazonaws.com/photos/104130754/original.jpeg; https://inaturalist-open-data.s3.amazonaws.com/photos/104130763/original.jpeg,k-caribbean,2024-10-24 02:13:18
original_2984376075_14.jpeg,2907406,Chiococca alba,1.6219999999999999,"Mellisuga helenae (Lembeye, 1850)",5228500,22.341085,-81.006777,30298.0,NORTH_AMERICA,Matanzas,2018,3,6,2018-03-06T01:50,True,Christoph Moning,iNaturalist,http://creativecommons.org/licenses/by/4.0/,Christoph Moning,https://inaturalist-open-data.s3.amazonaws.com/photos/104130052/original.jpeg; https://inaturalist-open-data.s3.amazonaws.com/photos/104130090/original.jpeg; https://inaturalist-open-data.s3.amazonaws.com/photos/104130107/original.jpeg; https://inaturalist-open-data.s3.amazonaws.com/photos/104130124/original.jpeg; https://inaturalist-open-data.s3.amazonaws.com/photos/104130132/original.jpeg; https://inaturalist-open-data.s3.amazonaws.com/photos/104130148/original.jpeg; https://inaturalist-open-data.s3.amazonaws.com/photos/104130168/original.jpeg; https://inaturalist-open-data.s3.amazonaws.com/photos/104130474/original.jpeg; https://inaturalist-open-data.s3.amazonaws.com/photos/104130513/original.jpeg; https://inaturalist-open-data.s3.amazonaws.com/photos/104130533/original.jpeg; https://inaturalist-open-data.s3.amazonaws.com/photos/104130703/original.jpeg; https://inaturalist-open-data.s3.amazonaws.com/photos/104130730/original.jpeg; https://inaturalist-open-data.s3.amazonaws.com/photos/104130754/original.jpeg; https://inaturalist-open-data.s3.amazonaws.com/photos/104130763/original.jpeg,k-caribbean,2024-10-24 02:13:20
original_2984376075_2.jpeg,2902066,Hamelia patens,78.577,"Mellisuga helenae (Lembeye, 1850)",5228500,22.341085,-81.006777,30298.0,NORTH_AMERICA,Matanzas,2018,3,6,2018-03-06T01:50,True,Christoph Moning,iNaturalist,http://creativecommons.org/licenses/by/4.0/,Christoph Moning,https://inaturalist-open-data.s3.amazonaws.com/photos/104130052/original.jpeg; https://inaturalist-open-data.s3.amazonaws.com/photos/104130090/original.jpeg; https://inaturalist-open-data.s3.amazonaws.com/photos/104130107/original.jpeg; https://inaturalist-open-data.s3.amazonaws.com/photos/104130124/original.jpeg; https://inaturalist-open-data.s3.amazonaws.com/photos/104130132/original.jpeg; https://inaturalist-open-data.s3.amazonaws.com/photos/104130148/original.jpeg; https://inaturalist-open-data.s3.amazonaws.com/photos/104130168/original.jpeg; https://inaturalist-open-data.s3.amazonaws.com/photos/104130474/original.jpeg; https://inaturalist-open-data.s3.amazonaws.com/photos/104130513/original.jpeg; https://inaturalist-open-data.s3.amazonaws.com/photos/104130533/original.jpeg; https://inaturalist-open-data.s3.amazonaws.com/photos/104130703/original.jpeg; https://inaturalist-open-data.s3.amazonaws.com/photos/104130730/original.jpeg; https://inaturalist-open-data.s3.amazonaws.com/photos/104130754/original.jpeg; https://inaturalist-open-data.s3.amazonaws.com/photos/104130763/original.jpeg,k-caribbean,2024-10-24 02:13:22
original_2984376075_4.jpeg,2902066,Hamelia patens,82.243,"Mellisuga helenae (Lembeye, 1850)",5228500,22.341085,-81.006777,30298.0,NORTH_AMERICA,Matanzas,2018,3,6,2018-03-06T01:50,True,Christoph Moning,iNaturalist,http://creativecommons.org/licenses/by/4.0/,Christoph Moning,https://inaturalist-open-data.s3.amazonaws.com/photos/104130052/original.jpeg; https://inaturalist-open-data.s3.amazonaws.com/photos/104130090/original.jpeg; https://inaturalist-open-data.s3.amazonaws.com/photos/104130107/original.jpeg; https://inaturalist-open-data.s3.amazonaws.com/photos/104130124/original.jpeg; https://inaturalist-open-data.s3.amazonaws.com/photos/104130132/original.jpeg; https://inaturalist-open-data.s3.amazonaws.com/photos/104130148/original.jpeg; https://inaturalist-open-data.s3.amazonaws.com/photos/104130168/original.jpeg; https://inaturalist-open-data.s3.amazonaws.com/photos/104130474/original.jpeg; https://inaturalist-open-data.s3.amazonaws.com/photos/104130513/original.jpeg; https://inaturalist-open-data.s3.amazonaws.com/photos/104130533/original.jpeg; https://inaturalist-open-data.s3.amazonaws.com/photos/104130703/original.jpeg; https://inaturalist-open-data.s3.amazonaws.com/photos/104130730/original.jpeg; https://inaturalist-open-data.s3.amazonaws.com/photos/104130754/original.jpeg; https://inaturalist-open-data.s3.amazonaws.com/photos/104130763/original.jpeg,k-caribbean,2024-10-24 02:13:27
original_2984376075_7.jpeg,2902066,Hamelia patens,31.018,"Mellisuga helenae (Lembeye, 1850)",5228500,22.341085,-81.006777,30298.0,NORTH_AMERICA,Matanzas,2018,3,6,2018-03-06T01:50,True,Christoph Moning,iNaturalist,http://creativecommons.org/licenses/by/4.0/,Christoph Moning,https://inaturalist-open-data.s3.amazonaws.com/photos/104130052/original.jpeg; https://inaturalist-open-data.s3.amazonaws.com/photos/104130090/original.jpeg; https://inaturalist-open-data.s3.amazonaws.com/photos/104130107/original.jpeg; https://inaturalist-open-data.s3.amazonaws.com/photos/104130124/original.jpeg; https://inaturalist-open-data.s3.amazonaws.com/photos/104130132/original.jpeg; https://inaturalist-open-data.s3.amazonaws.com/photos/104130148/original.jpeg; https://inaturalist-open-data.s3.amazonaws.com/photos/104130168/original.jpeg; https://inaturalist-open-data.s3.amazonaws.com/photos/104130474/original.jpeg; https://inaturalist-open-data.s3.amazonaws.com/photos/104130513/original.jpeg; https://inaturalist-open-data.s3.amazonaws.com/photos/104130533/original.jpeg; https://inaturalist-open-data.s3.amazonaws.com/photos/104130703/original.jpeg; https://inaturalist-open-data.s3.amazonaws.com/photos/104130730/original.jpeg; https://inaturalist-open-data.s3.amazonaws.com/photos/104130754/original.jpeg; https://inaturalist-open-data.s3.amazonaws.com/photos/104130763/original.jpeg,k-caribbean,2024-10-24 02:13:33
original_2984376075_8.jpeg,2902066,Hamelia patens,70.218,"Mellisuga helenae (Lembeye, 1850)",5228500,22.341085,-81.006777,30298.0,NORTH_AMERICA,Matanzas,2018,3,6,2018-03-06T01:50,True,Christoph Moning,iNaturalist,http://creativecommons.org/licenses/by/4.0/,Christoph Moning,https://inaturalist-open-data.s3.amazonaws.com/photos/104130052/original.jpeg; https://inaturalist-open-data.s3.amazonaws.com/photos/104130090/original.jpeg; https://inaturalist-open-data.s3.amazonaws.com/photos/104130107/original.jpeg; https://inaturalist-open-data.s3.amazonaws.com/photos/104130124/original.jpeg; https://inaturalist-open-data.s3.amazonaws.com/photos/104130132/original.jpeg; https://inaturalist-open-data.s3.amazonaws.com/photos/104130148/original.jpeg; https://inaturalist-open-data.s3.amazonaws.com/photos/104130168/original.jpeg; https://inaturalist-open-data.s3.amazonaws.com/photos/104130474/original.jpeg; https://inaturalist-open-data.s3.amazonaws.com/photos/104130513/original.jpeg; https://inaturalist-open-data.s3.amazonaws.com/photos/104130533/original.jpeg; https://inaturalist-open-data.s3.amazonaws.com/photos/104130703/original.jpeg; https://inaturalist-open-data.s3.amazonaws.com/photos/104130730/original.jpeg; https://inaturalist-open-data.s3.amazonaws.com/photos/104130754/original.jpeg; https://inaturalist-open-data.s3.amazonaws.com/photos/104130763/original.jpeg,k-caribbean,2024-10-24 02:13:35
original_2984376075_9.jpeg,2902066,Hamelia patens,95.53399999999999,"Mellisuga helenae (Lembeye, 1850)",5228500,22.341085,-81.006777,30298.0,NORTH_AMERICA,Matanzas,2018,3,6,2018-03-06T01:50,True,Christoph Moning,iNaturalist,http://creativecommons.org/licenses/by/4.0/,Christoph Moning,https://inaturalist-open-data.s3.amazonaws.com/photos/104130052/original.jpeg; https://inaturalist-open-data.s3.amazonaws.com/photos/104130090/original.jpeg; https://inaturalist-open-data.s3.amazonaws.com/photos/104130107/original.jpeg; https://inaturalist-open-data.s3.amazonaws.com/photos/104130124/original.jpeg; https://inaturalist-open-data.s3.amazonaws.com/photos/104130132/original.jpeg; https://inaturalist-open-data.s3.amazonaws.com/photos/104130148/original.jpeg; https://inaturalist-open-data.s3.amazonaws.com/photos/104130168/original.jpeg; https://inaturalist-open-data.s3.amazonaws.com/photos/104130474/original.jpeg; https://inaturalist-open-data.s3.amazonaws.com/photos/104130513/original.jpeg; https://inaturalist-open-data.s3.amazonaws.com/photos/104130533/original.jpeg; https://inaturalist-open-data.s3.amazonaws.com/photos/104130703/original.jpeg; https://inaturalist-open-data.s3.amazonaws.com/photos/104130730/original.jpeg; https://inaturalist-open-data.s3.amazonaws.com/photos/104130754/original.jpeg; https://inaturalist-open-data.s3.amazonaws.com/photos/104130763/original.jpeg,k-caribbean,2024-10-24 02:13:37
original_2984431007_1.jpeg,2902066,Hamelia patens,93.69800000000001,"Mellisuga helenae (Lembeye, 1850)",5228500,22.291219,-81.0467,30298.0,NORTH_AMERICA,Matanzas,2018,3,6,2018-03-06T01:55,True,Christoph Moning,iNaturalist,http://creativecommons.org/licenses/by/4.0/,Christoph Moning,https://inaturalist-open-data.s3.amazonaws.com/photos/104130071/original.jpeg; https://inaturalist-open-data.s3.amazonaws.com/photos/104130182/original.jpeg; https://inaturalist-open-data.s3.amazonaws.com/photos/104130359/original.jpeg; https://inaturalist-open-data.s3.amazonaws.com/photos/104130413/original.jpeg; https://inaturalist-open-data.s3.amazonaws.com/photos/104130486/original.jpeg; https://inaturalist-open-data.s3.amazonaws.com/photos/104130502/original.jpeg; https://inaturalist-open-data.s3.amazonaws.com/photos/104130690/original.jpeg,k-caribbean,2024-10-24 02:13:39
original_2984431007_2.jpeg,7981652,Rhabdadenia biflora,2.573,"Mellisuga helenae (Lembeye, 1850)",5228500,22.291219,-81.0467,30298.0,NORTH_AMERICA,Matanzas,2018,3,6,2018-03-06T01:55,True,Christoph Moning,iNaturalist,http://creativecommons.org/licenses/by/4.0/,Christoph Moning,https://inaturalist-open-data.s3.amazonaws.com/photos/104130071/original.jpeg; https://inaturalist-open-data.s3.amazonaws.com/photos/104130182/original.jpeg; https://inaturalist-open-data.s3.amazonaws.com/photos/104130359/original.jpeg; https://inaturalist-open-data.s3.amazonaws.com/photos/104130413/original.jpeg; https://inaturalist-open-data.s3.amazonaws.com/photos/104130486/original.jpeg; https://inaturalist-open-data.s3.amazonaws.com/photos/104130502/original.jpeg; https://inaturalist-open-data.s3.amazonaws.com/photos/104130690/original.jpeg,k-caribbean,2024-10-24 02:13:41
original_2984431007_3.jpeg,2902066,Hamelia patens,95.697,"Mellisuga helenae (Lembeye, 1850)",5228500,22.291219,-81.0467,30298.0,NORTH_AMERICA,Matanzas,2018,3,6,2018-03-06T01:55,True,Christoph Moning,iNaturalist,http://creativecommons.org/licenses/by/4.0/,Christoph Moning,https://inaturalist-open-data.s3.amazonaws.com/photos/104130071/original.jpeg; https://inaturalist-open-data.s3.amazonaws.com/photos/104130182/original.jpeg; https://inaturalist-open-data.s3.amazonaws.com/photos/104130359/original.jpeg; https://inaturalist-open-data.s3.amazonaws.com/photos/104130413/original.jpeg; https://inaturalist-open-data.s3.amazonaws.com/photos/104130486/original.jpeg; https://inaturalist-open-data.s3.amazonaws.com/photos/104130502/original.jpeg; https://inaturalist-open-data.s3.amazonaws.com/photos/104130690/original.jpeg,k-caribbean,2024-10-24 02:13:43
original_2984431007_4.jpeg,2902066,Hamelia patens,82.819,"Mellisuga helenae (Lembeye, 1850)",5228500,22.291219,-81.0467,30298.0,NORTH_AMERICA,Matanzas,2018,3,6,2018-03-06T01:55,True,Christoph Moning,iNaturalist,http://creativecommons.org/licenses/by/4.0/,Christoph Moning,https://inaturalist-open-data.s3.amazonaws.com/photos/104130071/original.jpeg; https://inaturalist-open-data.s3.amazonaws.com/photos/104130182/original.jpeg; https://inaturalist-open-data.s3.amazonaws.com/photos/104130359/original.jpeg; https://inaturalist-open-data.s3.amazonaws.com/photos/104130413/original.jpeg; https://inaturalist-open-data.s3.amazonaws.com/photos/104130486/original.jpeg; https://inaturalist-open-data.s3.amazonaws.com/photos/104130502/original.jpeg; https://inaturalist-open-data.s3.amazonaws.com/photos/104130690/original.jpeg,k-caribbean,2024-10-24 02:13:45
original_2984431007_5.jpeg,2902066,Hamelia patens,5.088,"Mellisuga helenae (Lembeye, 1850)",5228500,22.291219,-81.0467,30298.0,NORTH_AMERICA,Matanzas,2018,3,6,2018-03-06T01:55,True,Christoph Moning,iNaturalist,http://creativecommons.org/licenses/by/4.0/,Christoph Moning,https://inaturalist-open-data.s3.amazonaws.com/photos/104130071/original.jpeg; https://inaturalist-open-data.s3.amazonaws.com/photos/104130182/original.jpeg; https://inaturalist-open-data.s3.amazonaws.com/photos/104130359/original.jpeg; https://inaturalist-open-data.s3.amazonaws.com/photos/104130413/original.jpeg; https://inaturalist-open-data.s3.amazonaws.com/photos/104130486/original.jpeg; https://inaturalist-open-data.s3.amazonaws.com/photos/104130502/original.jpeg; https://inaturalist-open-data.s3.amazonaws.com/photos/104130690/original.jpeg,k-caribbean,2024-10-24 02:13:47
original_2984442059_1.jpeg,5418017,Eugenia oerstediana,5.209,"Mellisuga helenae (Lembeye, 1850)",5228500,22.20226,-81.095862,30298.0,NORTH_AMERICA,Matanzas,2018,3,6,2018-03-06T04:27,True,Christoph Moning,iNaturalist,http://creativecommons.org/licenses/by/4.0/,Christoph Moning,https://inaturalist-open-data.s3.amazonaws.com/photos/104130623/original.jpeg; https://inaturalist-open-data.s3.amazonaws.com/photos/104130639/original.jpeg,k-caribbean,2024-10-24 02:13:53
original_2984442059_2.jpeg,3039162,Cissus erosa,6.158,"Mellisuga helenae (Lembeye, 1850)",5228500,22.20226,-81.095862,30298.0,NORTH_AMERICA,Matanzas,2018,3,6,2018-03-06T04:27,True,Christoph Moning,iNaturalist,http://creativecommons.org/licenses/by/4.0/,Christoph Moning,https://inaturalist-open-data.s3.amazonaws.com/photos/104130623/original.jpeg; https://inaturalist-open-data.s3.amazonaws.com/photos/104130639/original.jpeg,k-caribbean,2024-10-24 02:13:56
original_2984540018_1.jpeg,4094627,Bignonia magnifica,1.203,"Mellisuga helenae (Lembeye, 1850)",5228500,22.203388,-81.014112,30298.0,NORTH_AMERICA,Matanzas,2018,3,5,2018-03-05T03:15,True,Christoph Moning,iNaturalist,http://creativecommons.org/licenses/by/4.0/,Christoph Moning,https://inaturalist-open-data.s3.amazonaws.com/photos/104128467/original.jpeg; https://inaturalist-open-data.s3.amazonaws.com/photos/104128482/original.jpeg; https://inaturalist-open-data.s3.amazonaws.com/photos/104128534/original.jpeg,k-caribbean,2024-10-24 02:13:58
original_2984540018_2.jpeg,2871376,Spirodela punctata,3.458,"Mellisuga helenae (Lembeye, 1850)",5228500,22.203388,-81.014112,30298.0,NORTH_AMERICA,Matanzas,2018,3,5,2018-03-05T03:15,True,Christoph Moning,iNaturalist,http://creativecommons.org/licenses/by/4.0/,Christoph Moning,https://inaturalist-open-data.s3.amazonaws.com/photos/104128467/original.jpeg; https://inaturalist-open-data.s3.amazonaws.com/photos/104128482/original.jpeg; https://inaturalist-open-data.s3.amazonaws.com/photos/104128534/original.jpeg,k-caribbean,2024-10-24 02:14:00
original_2984540018_3.jpeg,3587589,Passiflora auriculata,5.3580000000000005,"Mellisuga helenae (Lembeye, 1850)",5228500,22.203388,-81.014112,30298.0,NORTH_AMERICA,Matanzas,2018,3,5,2018-03-05T03:15,True,Christoph Moning,iNaturalist,http://creativecommons.org/licenses/by/4.0/,Christoph Moning,https://inaturalist-open-data.s3.amazonaws.com/photos/104128467/original.jpeg; https://inaturalist-open-data.s3.amazonaws.com/photos/104128482/original.jpeg; https://inaturalist-open-data.s3.amazonaws.com/photos/104128534/original.jpeg,k-caribbean,2024-10-24 02:14:02
original_2984560001_2.jpeg,2902066,Hamelia patens,2.943,"Mellisuga helenae (Lembeye, 1850)",5228500,22.34608,-81.063335,30298.0,NORTH_AMERICA,Matanzas,2018,3,5,2018-03-05T04:27,True,Christoph Moning,iNaturalist,http://creativecommons.org/licenses/by/4.0/,Christoph Moning,https://inaturalist-open-data.s3.amazonaws.com/photos/104128591/original.jpeg; https://inaturalist-open-data.s3.amazonaws.com/photos/104128603/original.jpeg,k-caribbean,2024-10-24 02:14:06
original_2984569014_1.jpeg,3740764,Russelia sarmentosa,1.923,"Mellisuga helenae (Lembeye, 1850)",5228500,22.330829,-81.155461,30298.0,NORTH_AMERICA,Matanzas,2018,3,5,2018-03-05T03:22,True,Christoph Moning,iNaturalist,http://creativecommons.org/licenses/by/4.0/,Christoph Moning,https://inaturalist-open-data.s3.amazonaws.com/photos/104128512/original.jpeg,k-caribbean,2024-10-24 02:14:08
original_3013877929_2.jpeg,2902066,Hamelia patens,73.294,"Mellisuga helenae (Lembeye, 1850)",5228500,22.346399,-81.092501,30298.0,NORTH_AMERICA,Matanzas,2018,3,5,2018-03-05T15:27,True,Julia Moning,iNaturalist,http://creativecommons.org/licenses/by/4.0/,Julia Moning,https://inaturalist-open-data.s3.amazonaws.com/photos/108510137/original.jpeg; https://inaturalist-open-data.s3.amazonaws.com/photos/108510165/original.jpeg,k-caribbean,2024-10-24 02:14:12
original_3031702220_1.jpeg,2884788,Pouteria caimito,18.92,"Mellisuga helenae (Lembeye, 1850)",5228500,22.295017,-81.245798,30298.0,NORTH_AMERICA,Matanzas,2016,2,28,2016-02-28T12:56,True,AJ Johnson,iNaturalist,http://creativecommons.org/licenses/by-nc/4.0/,AJ Johnson,https://inaturalist-open-data.s3.amazonaws.com/photos/110521688/original.jpeg; https://inaturalist-open-data.s3.amazonaws.com/photos/110521710/original.jpeg; https://inaturalist-open-data.s3.amazonaws.com/photos/110521717/original.jpeg,k-caribbean,2024-10-24 02:14:15
original_3031702220_2.jpeg,2902066,Hamelia patens,19.056,"Mellisuga helenae (Lembeye, 1850)",5228500,22.295017,-81.245798,30298.0,NORTH_AMERICA,Matanzas,2016,2,28,2016-02-28T12:56,True,AJ Johnson,iNaturalist,http://creativecommons.org/licenses/by-nc/4.0/,AJ Johnson,https://inaturalist-open-data.s3.amazonaws.com/photos/110521688/original.jpeg; https://inaturalist-open-data.s3.amazonaws.com/photos/110521710/original.jpeg; https://inaturalist-open-data.s3.amazonaws.com/photos/110521717/original.jpeg,k-caribbean,2024-10-24 02:14:17
original_3031743295_1.jpeg,3172589,Amphilophium paniculatum,4.287,"Mellisuga helenae (Lembeye, 1850)",5228500,22.312168,-81.282224,30298.0,NORTH_AMERICA,Matanzas,2016,2,28,2016-02-28T13:10,True,AJ Johnson,iNaturalist,http://creativecommons.org/licenses/by-nc/4.0/,AJ Johnson,https://inaturalist-open-data.s3.amazonaws.com/photos/110521754/original.jpeg; https://inaturalist-open-data.s3.amazonaws.com/photos/110521757/original.jpeg,k-caribbean,2024-10-24 02:14:27
original_3031743295_2.jpeg,3698513,Combretum fruticosum,1.131,"Mellisuga helenae (Lembeye, 1850)",5228500,22.312168,-81.282224,30298.0,NORTH_AMERICA,Matanzas,2016,2,28,2016-02-28T13:10,True,AJ Johnson,iNaturalist,http://creativecommons.org/licenses/by-nc/4.0/,AJ Johnson,https://inaturalist-open-data.s3.amazonaws.com/photos/110521754/original.jpeg; https://inaturalist-open-data.s3.amazonaws.com/photos/110521757/original.jpeg,k-caribbean,2024-10-24 02:14:29
original_3031787207_1.jpeg,3086333,Piper amalago,1.7399999999999998,"Mellisuga helenae (Lembeye, 1850)",5228500,22.386157,-81.260259,30298.0,NORTH_AMERICA,Matanzas,2016,2,28,2016-02-28T12:55,True,AJ Johnson,iNaturalist,http://creativecommons.org/licenses/by-nc/4.0/,AJ Johnson,https://inaturalist-open-data.s3.amazonaws.com/photos/110521694/original.jpeg; https://inaturalist-open-data.s3.amazonaws.com/photos/110521699/original.jpeg; https://inaturalist-open-data.s3.amazonaws.com/photos/110521705/original.jpeg,k-caribbean,2024-10-24 02:14:31
original_3031787207_2.jpeg,5288347,Pitcairnia spicata,2.396,"Mellisuga helenae (Lembeye, 1850)",5228500,22.386157,-81.260259,30298.0,NORTH_AMERICA,Matanzas,2016,2,28,2016-02-28T12:55,True,AJ Johnson,iNaturalist,http://creativecommons.org/licenses/by-nc/4.0/,AJ Johnson,https://inaturalist-open-data.s3.amazonaws.com/photos/110521694/original.jpeg; https://inaturalist-open-data.s3.amazonaws.com/photos/110521699/original.jpeg; https://inaturalist-open-data.s3.amazonaws.com/photos/110521705/original.jpeg,k-caribbean,2024-10-24 02:14:34
original_3031787207_3.jpeg,3172339,Fraxinus caroliniana,1.59,"Mellisuga helenae (Lembeye, 1850)",5228500,22.386157,-81.260259,30298.0,NORTH_AMERICA,Matanzas,2016,2,28,2016-02-28T12:55,True,AJ Johnson,iNaturalist,http://creativecommons.org/licenses/by-nc/4.0/,AJ Johnson,https://inaturalist-open-data.s3.amazonaws.com/photos/110521694/original.jpeg; https://inaturalist-open-data.s3.amazonaws.com/photos/110521699/original.jpeg; https://inaturalist-open-data.s3.amazonaws.com/photos/110521705/original.jpeg,k-caribbean,2024-10-24 02:14:36
original_3044582293_1.jpeg,3054181,Moringa oleifera,97.099,"Mellisuga helenae (Lembeye, 1850)",5228500,22.241469,-81.004242,30298.0,NORTH_AMERICA,Matanzas,2013,9,18,2013-09-18T11:16,True,Guillermo MuñozLacy,iNaturalist,http://creativecommons.org/licenses/by-nc-nd/4.0/,Guillermo MuñozLacy,https://inaturalist-open-data.s3.amazonaws.com/photos/113115047/original.jpeg; https://inaturalist-open-data.s3.amazonaws.com/photos/113115050/original.jpeg; https://inaturalist-open-data.s3.amazonaws.com/photos/113115057/original.jpeg; https://inaturalist-open-data.s3.amazonaws.com/photos/113115072/original.jpeg; https://inaturalist-open-data.s3.amazonaws.com/photos/113115075/original.jpeg,k-caribbean,2024-10-24 02:14:39
original_3044582293_2.jpeg,3190511,Cedrela odorata,3.8240000000000003,"Mellisuga helenae (Lembeye, 1850)",5228500,22.241469,-81.004242,30298.0,NORTH_AMERICA,Matanzas,2013,9,18,2013-09-18T11:16,True,Guillermo MuñozLacy,iNaturalist,http://creativecommons.org/licenses/by-nc-nd/4.0/,Guillermo MuñozLacy,https://inaturalist-open-data.s3.amazonaws.com/photos/113115047/original.jpeg; https://inaturalist-open-data.s3.amazonaws.com/photos/113115050/original.jpeg; https://inaturalist-open-data.s3.amazonaws.com/photos/113115057/original.jpeg; https://inaturalist-open-data.s3.amazonaws.com/photos/113115072/original.jpeg; https://inaturalist-open-data.s3.amazonaws.com/photos/113115075/original.jpeg,k-caribbean,2024-10-24 02:14:40
original_3044582293_3.jpeg,3054181,Moringa oleifera,98.44000000000001,"Mellisuga helenae (Lembeye, 1850)",5228500,22.241469,-81.004242,30298.0,NORTH_AMERICA,Matanzas,2013,9,18,2013-09-18T11:16,True,Guillermo MuñozLacy,iNaturalist,http://creativecommons.org/licenses/by-nc-nd/4.0/,Guillermo MuñozLacy,https://inaturalist-open-data.s3.amazonaws.com/photos/113115047/original.jpeg; https://inaturalist-open-data.s3.amazonaws.com/photos/113115050/original.jpeg; https://inaturalist-open-data.s3.amazonaws.com/photos/113115057/original.jpeg; https://inaturalist-open-data.s3.amazonaws.com/photos/113115072/original.jpeg; https://inaturalist-open-data.s3.amazonaws.com/photos/113115075/original.jpeg,k-caribbean,2024-10-24 02:14:42
original_3044582293_4.jpeg,3054181,Moringa oleifera,97.488,"Mellisuga helenae (Lembeye, 1850)",5228500,22.241469,-81.004242,30298.0,NORTH_AMERICA,Matanzas,2013,9,18,2013-09-18T11:16,True,Guillermo MuñozLacy,iNaturalist,http://creativecommons.org/licenses/by-nc-nd/4.0/,Guillermo MuñozLacy,https://inaturalist-open-data.s3.amazonaws.com/photos/113115047/original.jpeg; https://inaturalist-open-data.s3.amazonaws.com/photos/113115050/original.jpeg; https://inaturalist-open-data.s3.amazonaws.com/photos/113115057/original.jpeg; https://inaturalist-open-data.s3.amazonaws.com/photos/113115072/original.jpeg; https://inaturalist-open-data.s3.amazonaws.com/photos/113115075/original.jpeg,k-caribbean,2024-10-24 02:14:44
original_3044582293_5.jpeg,3170473,Cryptostegia grandiflora,2.902,"Mellisuga helenae (Lembeye, 1850)",5228500,22.241469,-81.004242,30298.0,NORTH_AMERICA,Matanzas,2013,9,18,2013-09-18T11:16,True,Guillermo MuñozLacy,iNaturalist,http://creativecommons.org/licenses/by-nc-nd/4.0/,Guillermo MuñozLacy,https://inaturalist-open-data.s3.amazonaws.com/photos/113115047/original.jpeg; https://inaturalist-open-data.s3.amazonaws.com/photos/113115050/original.jpeg; https://inaturalist-open-data.s3.amazonaws.com/photos/113115057/original.jpeg; https://inaturalist-open-data.s3.amazonaws.com/photos/113115072/original.jpeg; https://inaturalist-open-data.s3.amazonaws.com/photos/113115075/original.jpeg,k-caribbean,2024-10-24 02:14:47
original_3067712444_1.jpeg,2902066,Hamelia patens,84.693,"Mellisuga helenae (Lembeye, 1850)",5228500,22.279863,-81.274795,30298.0,NORTH_AMERICA,Matanzas,2021,2,27,2021-02-27T12:20,True,David Díaz,iNaturalist,http://creativecommons.org/licenses/by-nc/4.0/,David Díaz,https://inaturalist-open-data.s3.amazonaws.com/photos/116599032/original.jpeg,k-caribbean,2024-10-24 02:14:49
original_3113524871_1.jpg,2902066,Hamelia patens,12.389999999999999,"Mellisuga helenae (Lembeye, 1850)",5228500,22.342472,-81.047757,30298.0,NORTH_AMERICA,Matanzas,2017,8,15,2017-08-15T23:55Z,True,liamdb,iNaturalist,http://creativecommons.org/licenses/by-nc/4.0/,liamdb,https://inaturalist-open-data.s3.amazonaws.com/photos/128674021/original.jpg,k-caribbean,2024-10-24 02:14:55
original_3301918884_1.jpeg,5406696,Ceiba aesculifolia,3.073,"Mellisuga helenae (Lembeye, 1850)",5228500,22.306873,-81.126442,30298.0,NORTH_AMERICA,Matanzas,2018,4,13,2018-04-13T18:34,True,amantedarmanin,iNaturalist,http://creativecommons.org/licenses/by-nc/4.0/,amantedarmanin,https://inaturalist-open-data.s3.amazonaws.com/photos/134274970/original.jpeg; https://inaturalist-open-data.s3.amazonaws.com/photos/134275183/original.jpeg; https://inaturalist-open-data.s3.amazonaws.com/photos/134275356/original.jpeg; https://inaturalist-open-data.s3.amazonaws.com/photos/134275368/original.jpeg; https://inaturalist-open-data.s3.amazonaws.com/photos/134275391/original.jpeg; https://inaturalist-open-data.s3.amazonaws.com/photos/134275432/original.jpeg; https://inaturalist-open-data.s3.amazonaws.com/photos/134275461/original.jpeg; https://inaturalist-open-data.s3.amazonaws.com/photos/134275490/original.jpeg; https://inaturalist-open-data.s3.amazonaws.com/photos/134275534/original.jpeg; https://inaturalist-open-data.s3.amazonaws.com/photos/134275554/original.jpeg; https://inaturalist-open-data.s3.amazonaws.com/photos/134275639/original.jpeg; https://inaturalist-open-data.s3.amazonaws.com/photos/134275666/original.jpeg,k-caribbean,2024-10-24 02:14:58
original_3301918884_10.jpeg,2962854,Pithecellobium unguis-cati,6.805999999999999,"Mellisuga helenae (Lembeye, 1850)",5228500,22.306873,-81.126442,30298.0,NORTH_AMERICA,Matanzas,2018,4,13,2018-04-13T18:34,True,amantedarmanin,iNaturalist,http://creativecommons.org/licenses/by-nc/4.0/,amantedarmanin,https://inaturalist-open-data.s3.amazonaws.com/photos/134274970/original.jpeg; https://inaturalist-open-data.s3.amazonaws.com/photos/134275183/original.jpeg; https://inaturalist-open-data.s3.amazonaws.com/photos/134275356/original.jpeg; https://inaturalist-open-data.s3.amazonaws.com/photos/134275368/original.jpeg; https://inaturalist-open-data.s3.amazonaws.com/photos/134275391/original.jpeg; https://inaturalist-open-data.s3.amazonaws.com/photos/134275432/original.jpeg; https://inaturalist-open-data.s3.amazonaws.com/photos/134275461/original.jpeg; https://inaturalist-open-data.s3.amazonaws.com/photos/134275490/original.jpeg; https://inaturalist-open-data.s3.amazonaws.com/photos/134275534/original.jpeg; https://inaturalist-open-data.s3.amazonaws.com/photos/134275554/original.jpeg; https://inaturalist-open-data.s3.amazonaws.com/photos/134275639/original.jpeg; https://inaturalist-open-data.s3.amazonaws.com/photos/134275666/original.jpeg,k-caribbean,2024-10-24 02:15:00
original_3301918884_11.jpeg,7297353,Lippia origanoides,2.537,"Mellisuga helenae (Lembeye, 1850)",5228500,22.306873,-81.126442,30298.0,NORTH_AMERICA,Matanzas,2018,4,13,2018-04-13T18:34,True,amantedarmanin,iNaturalist,http://creativecommons.org/licenses/by-nc/4.0/,amantedarmanin,https://inaturalist-open-data.s3.amazonaws.com/photos/134274970/original.jpeg; https://inaturalist-open-data.s3.amazonaws.com/photos/134275183/original.jpeg; https://inaturalist-open-data.s3.amazonaws.com/photos/134275356/original.jpeg; https://inaturalist-open-data.s3.amazonaws.com/photos/134275368/original.jpeg; https://inaturalist-open-data.s3.amazonaws.com/photos/134275391/original.jpeg; https://inaturalist-open-data.s3.amazonaws.com/photos/134275432/original.jpeg; https://inaturalist-open-data.s3.amazonaws.com/photos/134275461/original.jpeg; https://inaturalist-open-data.s3.amazonaws.com/photos/134275490/original.jpeg; https://inaturalist-open-data.s3.amazonaws.com/photos/134275534/original.jpeg; https://inaturalist-open-data.s3.amazonaws.com/photos/134275554/original.jpeg; https://inaturalist-open-data.s3.amazonaws.com/photos/134275639/original.jpeg; https://inaturalist-open-data.s3.amazonaws.com/photos/134275666/original.jpeg,k-caribbean,2024-10-24 02:15:02
original_3301918884_12.jpeg,5706141,Luehea divaricata,2.355,"Mellisuga helenae (Lembeye, 1850)",5228500,22.306873,-81.126442,30298.0,NORTH_AMERICA,Matanzas,2018,4,13,2018-04-13T18:34,True,amantedarmanin,iNaturalist,http://creativecommons.org/licenses/by-nc/4.0/,amantedarmanin,https://inaturalist-open-data.s3.amazonaws.com/photos/134274970/original.jpeg; https://inaturalist-open-data.s3.amazonaws.com/photos/134275183/original.jpeg; https://inaturalist-open-data.s3.amazonaws.com/photos/134275356/original.jpeg; https://inaturalist-open-data.s3.amazonaws.com/photos/134275368/original.jpeg; https://inaturalist-open-data.s3.amazonaws.com/photos/134275391/original.jpeg; https://inaturalist-open-data.s3.amazonaws.com/photos/134275432/original.jpeg; https://inaturalist-open-data.s3.amazonaws.com/photos/134275461/original.jpeg; https://inaturalist-open-data.s3.amazonaws.com/photos/134275490/original.jpeg; https://inaturalist-open-data.s3.amazonaws.com/photos/134275534/original.jpeg; https://inaturalist-open-data.s3.amazonaws.com/photos/134275554/original.jpeg; https://inaturalist-open-data.s3.amazonaws.com/photos/134275639/original.jpeg; https://inaturalist-open-data.s3.amazonaws.com/photos/134275666/original.jpeg,k-caribbean,2024-10-24 02:15:04
original_3301918884_2.jpeg,3170397,Cynanchum racemosum,2.481,"Mellisuga helenae (Lembeye, 1850)",5228500,22.306873,-81.126442,30298.0,NORTH_AMERICA,Matanzas,2018,4,13,2018-04-13T18:34,True,amantedarmanin,iNaturalist,http://creativecommons.org/licenses/by-nc/4.0/,amantedarmanin,https://inaturalist-open-data.s3.amazonaws.com/photos/134274970/original.jpeg; https://inaturalist-open-data.s3.amazonaws.com/photos/134275183/original.jpeg; https://inaturalist-open-data.s3.amazonaws.com/photos/134275356/original.jpeg; https://inaturalist-open-data.s3.amazonaws.com/photos/134275368/original.jpeg; https://inaturalist-open-data.s3.amazonaws.com/photos/134275391/original.jpeg; https://inaturalist-open-data.s3.amazonaws.com/photos/134275432/original.jpeg; https://inaturalist-open-data.s3.amazonaws.com/photos/134275461/original.jpeg; https://inaturalist-open-data.s3.amazonaws.com/photos/134275490/original.jpeg; https://inaturalist-open-data.s3.amazonaws.com/photos/134275534/original.jpeg; https://inaturalist-open-data.s3.amazonaws.com/photos/134275554/original.jpeg; https://inaturalist-open-data.s3.amazonaws.com/photos/134275639/original.jpeg; https://inaturalist-open-data.s3.amazonaws.com/photos/134275666/original.jpeg,k-caribbean,2024-10-24 02:15:07
original_3301918884_4.jpeg,3172339,Fraxinus caroliniana,3.855,"Mellisuga helenae (Lembeye, 1850)",5228500,22.306873,-81.126442,30298.0,NORTH_AMERICA,Matanzas,2018,4,13,2018-04-13T18:34,True,amantedarmanin,iNaturalist,http://creativecommons.org/licenses/by-nc/4.0/,amantedarmanin,https://inaturalist-open-data.s3.amazonaws.com/photos/134274970/original.jpeg; https://inaturalist-open-data.s3.amazonaws.com/photos/134275183/original.jpeg; https://inaturalist-open-data.s3.amazonaws.com/photos/134275356/original.jpeg; https://inaturalist-open-data.s3.amazonaws.com/photos/134275368/original.jpeg; https://inaturalist-open-data.s3.amazonaws.com/photos/134275391/original.jpeg; https://inaturalist-open-data.s3.amazonaws.com/photos/134275432/original.jpeg; https://inaturalist-open-data.s3.amazonaws.com/photos/134275461/original.jpeg; https://inaturalist-open-data.s3.amazonaws.com/photos/134275490/original.jpeg; https://inaturalist-open-data.s3.amazonaws.com/photos/134275534/original.jpeg; https://inaturalist-open-data.s3.amazonaws.com/photos/134275554/original.jpeg; https://inaturalist-open-data.s3.amazonaws.com/photos/134275639/original.jpeg; https://inaturalist-open-data.s3.amazonaws.com/photos/134275666/original.jpeg,k-caribbean,2024-10-24 02:15:11
original_3301918884_6.jpeg,2925665,Holmskioldia sanguinea,2.935,"Mellisuga helenae (Lembeye, 1850)",5228500,22.306873,-81.126442,30298.0,NORTH_AMERICA,Matanzas,2018,4,13,2018-04-13T18:34,True,amantedarmanin,iNaturalist,http://creativecommons.org/licenses/by-nc/4.0/,amantedarmanin,https://inaturalist-open-data.s3.amazonaws.com/photos/134274970/original.jpeg; https://inaturalist-open-data.s3.amazonaws.com/photos/134275183/original.jpeg; https://inaturalist-open-data.s3.amazonaws.com/photos/134275356/original.jpeg; https://inaturalist-open-data.s3.amazonaws.com/photos/134275368/original.jpeg; https://inaturalist-open-data.s3.amazonaws.com/photos/134275391/original.jpeg; https://inaturalist-open-data.s3.amazonaws.com/photos/134275432/original.jpeg; https://inaturalist-open-data.s3.amazonaws.com/photos/134275461/original.jpeg; https://inaturalist-open-data.s3.amazonaws.com/photos/134275490/original.jpeg; https://inaturalist-open-data.s3.amazonaws.com/photos/134275534/original.jpeg; https://inaturalist-open-data.s3.amazonaws.com/photos/134275554/original.jpeg; https://inaturalist-open-data.s3.amazonaws.com/photos/134275639/original.jpeg; https://inaturalist-open-data.s3.amazonaws.com/photos/134275666/original.jpeg,k-caribbean,2024-10-24 02:15:19
original_3301918884_7.jpeg,5341261,Cordia collococca,10.864,"Mellisuga helenae (Lembeye, 1850)",5228500,22.306873,-81.126442,30298.0,NORTH_AMERICA,Matanzas,2018,4,13,2018-04-13T18:34,True,amantedarmanin,iNaturalist,http://creativecommons.org/licenses/by-nc/4.0/,amantedarmanin,https://inaturalist-open-data.s3.amazonaws.com/photos/134274970/original.jpeg; https://inaturalist-open-data.s3.amazonaws.com/photos/134275183/original.jpeg; https://inaturalist-open-data.s3.amazonaws.com/photos/134275356/original.jpeg; https://inaturalist-open-data.s3.amazonaws.com/photos/134275368/original.jpeg; https://inaturalist-open-data.s3.amazonaws.com/photos/134275391/original.jpeg; https://inaturalist-open-data.s3.amazonaws.com/photos/134275432/original.jpeg; https://inaturalist-open-data.s3.amazonaws.com/photos/134275461/original.jpeg; https://inaturalist-open-data.s3.amazonaws.com/photos/134275490/original.jpeg; https://inaturalist-open-data.s3.amazonaws.com/photos/134275534/original.jpeg; https://inaturalist-open-data.s3.amazonaws.com/photos/134275554/original.jpeg; https://inaturalist-open-data.s3.amazonaws.com/photos/134275639/original.jpeg; https://inaturalist-open-data.s3.amazonaws.com/photos/134275666/original.jpeg,k-caribbean,2024-10-24 02:15:21
original_3301918884_8.jpeg,2902066,Hamelia patens,42.626,"Mellisuga helenae (Lembeye, 1850)",5228500,22.306873,-81.126442,30298.0,NORTH_AMERICA,Matanzas,2018,4,13,2018-04-13T18:34,True,amantedarmanin,iNaturalist,http://creativecommons.org/licenses/by-nc/4.0/,amantedarmanin,https://inaturalist-open-data.s3.amazonaws.com/photos/134274970/original.jpeg; https://inaturalist-open-data.s3.amazonaws.com/photos/134275183/original.jpeg; https://inaturalist-open-data.s3.amazonaws.com/photos/134275356/original.jpeg; https://inaturalist-open-data.s3.amazonaws.com/photos/134275368/original.jpeg; https://inaturalist-open-data.s3.amazonaws.com/photos/134275391/original.jpeg; https://inaturalist-open-data.s3.amazonaws.com/photos/134275432/original.jpeg; https://inaturalist-open-data.s3.amazonaws.com/photos/134275461/original.jpeg; https://inaturalist-open-data.s3.amazonaws.com/photos/134275490/original.jpeg; https://inaturalist-open-data.s3.amazonaws.com/photos/134275534/original.jpeg; https://inaturalist-open-data.s3.amazonaws.com/photos/134275554/original.jpeg; https://inaturalist-open-data.s3.amazonaws.com/photos/134275639/original.jpeg; https://inaturalist-open-data.s3.amazonaws.com/photos/134275666/original.jpeg,k-caribbean,2024-10-24 02:15:24
original_3301918884_9.jpeg,2907406,Chiococca alba,4.497,"Mellisuga helenae (Lembeye, 1850)",5228500,22.306873,-81.126442,30298.0,NORTH_AMERICA,Matanzas,2018,4,13,2018-04-13T18:34,True,amantedarmanin,iNaturalist,http://creativecommons.org/licenses/by-nc/4.0/,amantedarmanin,https://inaturalist-open-data.s3.amazonaws.com/photos/134274970/original.jpeg; https://inaturalist-open-data.s3.amazonaws.com/photos/134275183/original.jpeg; https://inaturalist-open-data.s3.amazonaws.com/photos/134275356/original.jpeg; https://inaturalist-open-data.s3.amazonaws.com/photos/134275368/original.jpeg; https://inaturalist-open-data.s3.amazonaws.com/photos/134275391/original.jpeg; https://inaturalist-open-data.s3.amazonaws.com/photos/134275432/original.jpeg; https://inaturalist-open-data.s3.amazonaws.com/photos/134275461/original.jpeg; https://inaturalist-open-data.s3.amazonaws.com/photos/134275490/original.jpeg; https://inaturalist-open-data.s3.amazonaws.com/photos/134275534/original.jpeg; https://inaturalist-open-data.s3.amazonaws.com/photos/134275554/original.jpeg; https://inaturalist-open-data.s3.amazonaws.com/photos/134275639/original.jpeg; https://inaturalist-open-data.s3.amazonaws.com/photos/134275666/original.jpeg,k-caribbean,2024-10-24 02:15:26
original_3343993259_1.jpg,3054181,Moringa oleifera,24.715,"Mellisuga helenae (Lembeye, 1850)",5228500,21.368801,-79.809703,500000.0,nan,nan,2011,3,7,2011-03-07T10:41,True,Bill Fintel,iNaturalist,http://creativecommons.org/licenses/by-nc/4.0/,Bill Fintel,https://inaturalist-open-data.s3.amazonaws.com/photos/152803257/original.jpg; https://inaturalist-open-data.s3.amazonaws.com/photos/152804993/original.jpg,k-caribbean,2024-10-24 02:15:28
original_3343993259_2.jpg,3054181,Moringa oleifera,48.477,"Mellisuga helenae (Lembeye, 1850)",5228500,21.368801,-79.809703,500000.0,nan,nan,2011,3,7,2011-03-07T10:41,True,Bill Fintel,iNaturalist,http://creativecommons.org/licenses/by-nc/4.0/,Bill Fintel,https://inaturalist-open-data.s3.amazonaws.com/photos/152803257/original.jpg; https://inaturalist-open-data.s3.amazonaws.com/photos/152804993/original.jpg,k-caribbean,2024-10-24 02:15:29
original_3355038828_1.jpg,5349581,Erythrina variegata,20.337,"Mellisuga helenae (Lembeye, 1850)",5228500,22.265876,-81.094519,30298.0,NORTH_AMERICA,Matanzas,2015,8,23,2015-08-23T14:50,True,Christian Nunes,iNaturalist,http://creativecommons.org/licenses/by-nc/4.0/,Christian Nunes,https://inaturalist-open-data.s3.amazonaws.com/photos/153412128/original.jpg; https://inaturalist-open-data.s3.amazonaws.com/photos/153412137/original.jpg,k-caribbean,2024-10-24 02:15:31
original_3355038828_2.jpg,5406696,Ceiba aesculifolia,1.798,"Mellisuga helenae (Lembeye, 1850)",5228500,22.265876,-81.094519,30298.0,NORTH_AMERICA,Matanzas,2015,8,23,2015-08-23T14:50,True,Christian Nunes,iNaturalist,http://creativecommons.org/licenses/by-nc/4.0/,Christian Nunes,https://inaturalist-open-data.s3.amazonaws.com/photos/153412128/original.jpg; https://inaturalist-open-data.s3.amazonaws.com/photos/153412137/original.jpg,k-caribbean,2024-10-24 02:15:34
original_3355118862_1.jpg,2902066,Hamelia patens,59.104,"Mellisuga helenae (Lembeye, 1850)",5228500,22.399599,-81.156159,30298.0,NORTH_AMERICA,Matanzas,2015,8,23,2015-08-23T14:49,True,Christian Nunes,iNaturalist,http://creativecommons.org/licenses/by-nc/4.0/,Christian Nunes,https://inaturalist-open-data.s3.amazonaws.com/photos/153412124/original.jpg,k-caribbean,2024-10-24 02:15:36
original_3384488629_1.jpg,7649215,Cordia alliodora,2.0650000000000004,"Mellisuga helenae (Lembeye, 1850)",5228500,21.983736,-84.551787,30338.0,NORTH_AMERICA,Pinar del Río,2017,1,14,2017-01-14T09:19,True,Sean Werle,iNaturalist,http://creativecommons.org/licenses/by-nc/4.0/,Sean Werle,https://inaturalist-open-data.s3.amazonaws.com/photos/162155367/original.jpg; https://inaturalist-open-data.s3.amazonaws.com/photos/162155376/original.jpg,k-caribbean,2024-10-24 02:15:40
original_3384488629_2.jpg,5341264,Cordia gerascanthus,33.364,"Mellisuga helenae (Lembeye, 1850)",5228500,21.983736,-84.551787,30338.0,NORTH_AMERICA,Pinar del Río,2017,1,14,2017-01-14T09:19,True,Sean Werle,iNaturalist,http://creativecommons.org/licenses/by-nc/4.0/,Sean Werle,https://inaturalist-open-data.s3.amazonaws.com/photos/162155367/original.jpg; https://inaturalist-open-data.s3.amazonaws.com/photos/162155376/original.jpg,k-caribbean,2024-10-24 02:15:42
original_3391297955_1.jpg,2902066,Hamelia patens,91.238,"Mellisuga helenae (Lembeye, 1850)",5228500,22.398938,-81.224389,30298.0,NORTH_AMERICA,Matanzas,2017,1,17,2017-01-17T09:13,True,Sean Werle,iNaturalist,http://creativecommons.org/licenses/by-nc/4.0/,Sean Werle,https://inaturalist-open-data.s3.amazonaws.com/photos/162743818/original.jpg,k-caribbean,2024-10-24 02:15:44
original_3391394934_3.jpg,7298634,Jacaranda obtusifolia,7.563000000000001,"Mellisuga helenae (Lembeye, 1850)",5228500,22.366757,-81.248729,30298.0,NORTH_AMERICA,Matanzas,2017,1,17,2017-01-17T09:05,True,Sean Werle,iNaturalist,http://creativecommons.org/licenses/by-nc/4.0/,Sean Werle,https://inaturalist-open-data.s3.amazonaws.com/photos/162743382/original.jpg; https://inaturalist-open-data.s3.amazonaws.com/photos/162743418/original.jpg; https://inaturalist-open-data.s3.amazonaws.com/photos/162743449/original.jpg,k-caribbean,2024-10-24 02:15:55
original_3391415891_1.jpg,2902066,Hamelia patens,30.526999999999997,"Mellisuga helenae (Lembeye, 1850)",5228500,22.347835,-81.329173,30298.0,NORTH_AMERICA,Matanzas,2017,1,17,2017-01-17T09:05,True,Sean Werle,iNaturalist,http://creativecommons.org/licenses/by-nc/4.0/,Sean Werle,https://inaturalist-open-data.s3.amazonaws.com/photos/162743552/original.jpg,k-caribbean,2024-10-24 02:15:58
original_3391516801_2.jpg,3073017,Jatropha integerrima,1.474,"Mellisuga helenae (Lembeye, 1850)",5228500,22.225786,-81.388103,30298.0,NORTH_AMERICA,Matanzas,2017,1,17,2017-01-17T08:50,True,Sean Werle,iNaturalist,http://creativecommons.org/licenses/by-nc/4.0/,Sean Werle,https://inaturalist-open-data.s3.amazonaws.com/photos/162510359/original.jpg; https://inaturalist-open-data.s3.amazonaws.com/photos/162510394/original.jpg,k-caribbean,2024-10-24 02:16:05
original_3391564871_1.jpg,3183840,Syzygium cumini,3.4869999999999997,"Mellisuga helenae (Lembeye, 1850)",5228500,22.284626,-81.362838,30298.0,NORTH_AMERICA,Matanzas,2017,1,17,2017-01-17T09:33,True,Sean Werle,iNaturalist,http://creativecommons.org/licenses/by-nc/4.0/,Sean Werle,https://inaturalist-open-data.s3.amazonaws.com/photos/162744656/original.jpg,k-caribbean,2024-10-24 02:16:15
original_3391636820_1.jpg,2884788,Pouteria caimito,2.173,"Mellisuga helenae (Lembeye, 1850)",5228500,22.321071,-81.220963,30298.0,NORTH_AMERICA,Matanzas,2017,1,17,2017-01-17T08:55,True,Sean Werle,iNaturalist,http://creativecommons.org/licenses/by-nc/4.0/,Sean Werle,https://inaturalist-open-data.s3.amazonaws.com/photos/162510451/original.jpg; https://inaturalist-open-data.s3.amazonaws.com/photos/162510478/original.jpg,k-caribbean,2024-10-24 02:16:17
original_3391636820_2.jpg,2884788,Pouteria caimito,8.745,"Mellisuga helenae (Lembeye, 1850)",5228500,22.321071,-81.220963,30298.0,NORTH_AMERICA,Matanzas,2017,1,17,2017-01-17T08:55,True,Sean Werle,iNaturalist,http://creativecommons.org/licenses/by-nc/4.0/,Sean Werle,https://inaturalist-open-data.s3.amazonaws.com/photos/162510451/original.jpg; https://inaturalist-open-data.s3.amazonaws.com/photos/162510478/original.jpg,k-caribbean,2024-10-24 02:16:19
original_3391698874_1.jpg,3170473,Cryptostegia grandiflora,2.328,"Mellisuga helenae (Lembeye, 1850)",5228500,22.252724,-81.309227,30298.0,NORTH_AMERICA,Matanzas,2017,1,17,2017-01-17,True,Sean Werle,iNaturalist,http://creativecommons.org/licenses/by-nc/4.0/,Sean Werle,https://inaturalist-open-data.s3.amazonaws.com/photos/162756896/original.jpg; https://inaturalist-open-data.s3.amazonaws.com/photos/162756923/original.jpg,k-caribbean,2024-10-24 02:16:21
original_3407965828_1.jpeg,2932944,Capsicum annuum,1.39,"Mellisuga helenae (Lembeye, 1850)",5228500,22.377409,-81.192612,30298.0,NORTH_AMERICA,Matanzas,2017,3,13,2017-03-13T20:19,True,Arturo Ruiz Villanueva,iNaturalist,http://creativecommons.org/licenses/by-nc/4.0/,Arturo Ruiz Villanueva,https://inaturalist-open-data.s3.amazonaws.com/photos/166544900/original.jpeg,k-caribbean,2024-10-24 02:16:25
original_3416243952_1.jpg,2733735,Roystonea altissima,1.6760000000000002,"Mellisuga helenae (Lembeye, 1850)",5228500,22.116715,-80.974262,30318.0,NORTH_AMERICA,Matanzas,2016,2,16,2016-02-16T08:20,True,Sherry Kirkvold,iNaturalist,http://creativecommons.org/licenses/by-nc/4.0/,Sherry Kirkvold,https://inaturalist-open-data.s3.amazonaws.com/photos/168191975/original.jpg; https://inaturalist-open-data.s3.amazonaws.com/photos/168191979/original.jpg,k-caribbean,2024-10-24 02:16:29
original_3455653131_1.jpg,2925463,Stachytarpheta jamaicensis,49.437999999999995,"Mellisuga helenae (Lembeye, 1850)",5228500,21.989066,-84.599704,30338.0,NORTH_AMERICA,Pinar del Río,2015,1,21,2015-01-21T10:02,True,bja2800dk,iNaturalist,http://creativecommons.org/licenses/by-nc/4.0/,bja2800dk,https://inaturalist-open-data.s3.amazonaws.com/photos/173611700/original.jpg,k-caribbean,2024-10-24 02:16:33
original_3705798541_1.jpeg,2874119,Xylosma flexuosa,9.22,"Mellisuga helenae (Lembeye, 1850)",5228500,22.367457,-80.81759,30298.0,NORTH_AMERICA,Matanzas,2014,2,27,2014-02-27T10:12,True,Barry Cottam,iNaturalist,http://creativecommons.org/licenses/by/4.0/,Barry Cottam,https://inaturalist-open-data.s3.amazonaws.com/photos/180668348/original.jpeg,k-caribbean,2024-10-24 02:16:44
original_3743003035_2.jpg,2902066,Hamelia patens,33.558,"Mellisuga helenae (Lembeye, 1850)",5228500,22.26615,-81.157265,30298.0,NORTH_AMERICA,Matanzas,2019,2,12,2019-02-12T16:43:37,True,bobhighcock,iNaturalist,http://creativecommons.org/licenses/by-nc/4.0/,bobhighcock,https://inaturalist-open-data.s3.amazonaws.com/photos/183064104/original.jpg; https://inaturalist-open-data.s3.amazonaws.com/photos/183064116/original.jpg; https://inaturalist-open-data.s3.amazonaws.com/photos/183064128/original.jpg,k-caribbean,2024-10-24 02:16:49
original_3743003035_3.jpg,2902066,Hamelia patens,37.269000000000005,"Mellisuga helenae (Lembeye, 1850)",5228500,22.26615,-81.157265,30298.0,NORTH_AMERICA,Matanzas,2019,2,12,2019-02-12T16:43:37,True,bobhighcock,iNaturalist,http://creativecommons.org/licenses/by-nc/4.0/,bobhighcock,https://inaturalist-open-data.s3.amazonaws.com/photos/183064104/original.jpg; https://inaturalist-open-data.s3.amazonaws.com/photos/183064116/original.jpg; https://inaturalist-open-data.s3.amazonaws.com/photos/183064128/original.jpg,k-caribbean,2024-10-24 02:16:52
original_3743326746_1.jpg,2961150,Enterolobium cyclocarpum,8.289,"Mellisuga helenae (Lembeye, 1850)",5228500,22.164194,-80.962448,30318.0,NORTH_AMERICA,Matanzas,2019,2,11,2019-02-11T09:01:40,True,bobhighcock,iNaturalist,http://creativecommons.org/licenses/by-nc/4.0/,bobhighcock,https://inaturalist-open-data.s3.amazonaws.com/photos/182653534/original.jpg; https://inaturalist-open-data.s3.amazonaws.com/photos/182653542/original.jpg,k-caribbean,2024-10-24 02:16:54
original_3743326746_2.jpg,2874119,Xylosma flexuosa,3.585,"Mellisuga helenae (Lembeye, 1850)",5228500,22.164194,-80.962448,30318.0,NORTH_AMERICA,Matanzas,2019,2,11,2019-02-11T09:01:40,True,bobhighcock,iNaturalist,http://creativecommons.org/licenses/by-nc/4.0/,bobhighcock,https://inaturalist-open-data.s3.amazonaws.com/photos/182653534/original.jpg; https://inaturalist-open-data.s3.amazonaws.com/photos/182653542/original.jpg,k-caribbean,2024-10-24 02:16:56
original_3873015819_1.jpg,3183840,Syzygium cumini,2.479,"Mellisuga helenae (Lembeye, 1850)",5228500,22.367247,-81.38064,30298.0,NORTH_AMERICA,Matanzas,2022,6,15,2022-06-15T06:29,True,Greg Holland,iNaturalist,http://creativecommons.org/licenses/by-nd/4.0/,Greg Holland,https://inaturalist-open-data.s3.amazonaws.com/photos/211571226/original.jpg,k-caribbean,2024-10-24 02:17:09
original_3873611801_2.jpg,2902066,Hamelia patens,69.315,"Mellisuga helenae (Lembeye, 1850)",5228500,22.273491,-81.295113,30298.0,NORTH_AMERICA,Matanzas,2022,6,14,2022-06-14T05:47,True,Greg Holland,iNaturalist,http://creativecommons.org/licenses/by-nd/4.0/,Greg Holland,https://inaturalist-open-data.s3.amazonaws.com/photos/211565129/original.jpg; https://inaturalist-open-data.s3.amazonaws.com/photos/211565498/original.jpg,k-caribbean,2024-10-24 02:17:14
original_3873698819_1.jpg,5372392,Vitis vinifera,1.664,"Mellisuga helenae (Lembeye, 1850)",5228500,22.287481,-81.371951,30298.0,NORTH_AMERICA,Matanzas,2022,6,15,2022-06-15T06:17,True,Greg Holland,iNaturalist,http://creativecommons.org/licenses/by-nd/4.0/,Greg Holland,https://inaturalist-open-data.s3.amazonaws.com/photos/211571074/original.jpg,k-caribbean,2024-10-24 02:17:17
original_3902740149_2.jpeg,3152052,Apeiba tibourbou,2.634,"Mellisuga helenae (Lembeye, 1850)",5228500,22.307755,-81.540892,90892.0,NORTH_AMERICA,Matanzas,2017,11,21,2017-11-21T12:31,True,David M. Gascoigne,iNaturalist,http://creativecommons.org/licenses/by-nc/4.0/,David M. Gascoigne,https://inaturalist-open-data.s3.amazonaws.com/photos/224504424/original.jpeg; https://inaturalist-open-data.s3.amazonaws.com/photos/224504523/original.jpeg; https://inaturalist-open-data.s3.amazonaws.com/photos/224504565/original.jpeg,k-caribbean,2024-10-24 02:17:24
original_3902740149_3.jpeg,2902066,Hamelia patens,79.01899999999999,"Mellisuga helenae (Lembeye, 1850)",5228500,22.307755,-81.540892,90892.0,NORTH_AMERICA,Matanzas,2017,11,21,2017-11-21T12:31,True,David M. Gascoigne,iNaturalist,http://creativecommons.org/licenses/by-nc/4.0/,David M. Gascoigne,https://inaturalist-open-data.s3.amazonaws.com/photos/224504424/original.jpeg; https://inaturalist-open-data.s3.amazonaws.com/photos/224504523/original.jpeg; https://inaturalist-open-data.s3.amazonaws.com/photos/224504565/original.jpeg,k-caribbean,2024-10-24 02:17:26
original_3903207153_1.jpeg,2902066,Hamelia patens,96.942,"Mellisuga helenae (Lembeye, 1850)",5228500,22.209045,-81.204111,30298.0,NORTH_AMERICA,Matanzas,2022,8,11,2022-08-11T01:24,True,Sonia Molino,iNaturalist,http://creativecommons.org/licenses/by-nc/4.0/,Sonia Molino,https://inaturalist-open-data.s3.amazonaws.com/photos/228388244/original.jpeg; https://inaturalist-open-data.s3.amazonaws.com/photos/228388350/original.jpeg; https://inaturalist-open-data.s3.amazonaws.com/photos/228388404/original.jpeg; https://inaturalist-open-data.s3.amazonaws.com/photos/228388422/original.jpeg; https://inaturalist-open-data.s3.amazonaws.com/photos/228388467/original.jpeg,k-caribbean,2024-10-24 02:17:31
original_3903207153_2.jpeg,2902066,Hamelia patens,98.371,"Mellisuga helenae (Lembeye, 1850)",5228500,22.209045,-81.204111,30298.0,NORTH_AMERICA,Matanzas,2022,8,11,2022-08-11T01:24,True,Sonia Molino,iNaturalist,http://creativecommons.org/licenses/by-nc/4.0/,Sonia Molino,https://inaturalist-open-data.s3.amazonaws.com/photos/228388244/original.jpeg; https://inaturalist-open-data.s3.amazonaws.com/photos/228388350/original.jpeg; https://inaturalist-open-data.s3.amazonaws.com/photos/228388404/original.jpeg; https://inaturalist-open-data.s3.amazonaws.com/photos/228388422/original.jpeg; https://inaturalist-open-data.s3.amazonaws.com/photos/228388467/original.jpeg,k-caribbean,2024-10-24 02:17:35
original_3903207153_5.jpeg,2902066,Hamelia patens,83.826,"Mellisuga helenae (Lembeye, 1850)",5228500,22.209045,-81.204111,30298.0,NORTH_AMERICA,Matanzas,2022,8,11,2022-08-11T01:24,True,Sonia Molino,iNaturalist,http://creativecommons.org/licenses/by-nc/4.0/,Sonia Molino,https://inaturalist-open-data.s3.amazonaws.com/photos/228388244/original.jpeg; https://inaturalist-open-data.s3.amazonaws.com/photos/228388350/original.jpeg; https://inaturalist-open-data.s3.amazonaws.com/photos/228388404/original.jpeg; https://inaturalist-open-data.s3.amazonaws.com/photos/228388422/original.jpeg; https://inaturalist-open-data.s3.amazonaws.com/photos/228388467/original.jpeg,k-caribbean,2024-10-24 02:17:39
original_3903451070_1.jpeg,2902066,Hamelia patens,15.848,"Mellisuga helenae (Lembeye, 1850)",5228500,22.232083,-81.277485,30298.0,NORTH_AMERICA,Matanzas,2022,8,9,2022-08-09T23:04,True,Sonia Molino,iNaturalist,http://creativecommons.org/licenses/by-nc/4.0/,Sonia Molino,https://inaturalist-open-data.s3.amazonaws.com/photos/228384961/original.jpeg,k-caribbean,2024-10-24 02:17:41
original_3915616807_1.jpeg,2902066,Hamelia patens,31.558000000000003,"Mellisuga helenae (Lembeye, 1850)",5228500,22.289786,-81.210543,30298.0,NORTH_AMERICA,Matanzas,2022,4,27,2022-04-27T14:39,True,James Bailey,iNaturalist,http://creativecommons.org/licenses/by-nc/4.0/,James Bailey,https://inaturalist-open-data.s3.amazonaws.com/photos/232888504/original.jpeg,k-caribbean,2024-10-24 02:17:43
original_3947061576_1.jpeg,2926102,Bourreria succulenta,4.195,"Mellisuga helenae (Lembeye, 1850)",5228500,22.2052,-81.203835,30298.0,NORTH_AMERICA,Matanzas,2022,4,27,2022-04-27T15:02:53,True,James Bailey,iNaturalist,http://creativecommons.org/licenses/by-nc/4.0/,James Bailey,https://inaturalist-open-data.s3.amazonaws.com/photos/232891310/original.jpeg; https://inaturalist-open-data.s3.amazonaws.com/photos/232891331/original.jpeg; https://inaturalist-open-data.s3.amazonaws.com/photos/232891380/original.jpeg; https://inaturalist-open-data.s3.amazonaws.com/photos/232891387/original.jpeg,k-caribbean,2024-10-24 02:17:46
original_3947061576_2.jpeg,7720664,Simarouba amara,2.305,"Mellisuga helenae (Lembeye, 1850)",5228500,22.2052,-81.203835,30298.0,NORTH_AMERICA,Matanzas,2022,4,27,2022-04-27T15:02:53,True,James Bailey,iNaturalist,http://creativecommons.org/licenses/by-nc/4.0/,James Bailey,https://inaturalist-open-data.s3.amazonaws.com/photos/232891310/original.jpeg; https://inaturalist-open-data.s3.amazonaws.com/photos/232891331/original.jpeg; https://inaturalist-open-data.s3.amazonaws.com/photos/232891380/original.jpeg; https://inaturalist-open-data.s3.amazonaws.com/photos/232891387/original.jpeg,k-caribbean,2024-10-24 02:17:47
original_3947061576_3.jpeg,7720664,Simarouba amara,2.8000000000000003,"Mellisuga helenae (Lembeye, 1850)",5228500,22.2052,-81.203835,30298.0,NORTH_AMERICA,Matanzas,2022,4,27,2022-04-27T15:02:53,True,James Bailey,iNaturalist,http://creativecommons.org/licenses/by-nc/4.0/,James Bailey,https://inaturalist-open-data.s3.amazonaws.com/photos/232891310/original.jpeg; https://inaturalist-open-data.s3.amazonaws.com/photos/232891331/original.jpeg; https://inaturalist-open-data.s3.amazonaws.com/photos/232891380/original.jpeg; https://inaturalist-open-data.s3.amazonaws.com/photos/232891387/original.jpeg,k-caribbean,2024-10-24 02:17:49
original_3947061576_4.jpeg,2926102,Bourreria succulenta,3.764,"Mellisuga helenae (Lembeye, 1850)",5228500,22.2052,-81.203835,30298.0,NORTH_AMERICA,Matanzas,2022,4,27,2022-04-27T15:02:53,True,James Bailey,iNaturalist,http://creativecommons.org/licenses/by-nc/4.0/,James Bailey,https://inaturalist-open-data.s3.amazonaws.com/photos/232891310/original.jpeg; https://inaturalist-open-data.s3.amazonaws.com/photos/232891331/original.jpeg; https://inaturalist-open-data.s3.amazonaws.com/photos/232891380/original.jpeg; https://inaturalist-open-data.s3.amazonaws.com/photos/232891387/original.jpeg,k-caribbean,2024-10-24 02:17:51
original_3947206587_1.jpg,5384075,Opuntia stricta,2.803,"Mellisuga helenae (Lembeye, 1850)",5228500,19.80155,-75.62791,30527.0,nan,Santiago de Cuba,2022,10,13,2022-10-13T12:37:12,True,Alexis Felipe,iNaturalist,http://creativecommons.org/licenses/by-nc/4.0/,Alexis Felipe,https://inaturalist-open-data.s3.amazonaws.com/photos/237496160/original.jpg; https://inaturalist-open-data.s3.amazonaws.com/photos/237496235/original.jpg; https://inaturalist-open-data.s3.amazonaws.com/photos/237496269/original.jpg; https://inaturalist-open-data.s3.amazonaws.com/photos/237496309/original.jpg,k-caribbean,2024-10-24 02:17:53
original_3947206587_2.jpg,5384075,Opuntia stricta,7.446,"Mellisuga helenae (Lembeye, 1850)",5228500,19.80155,-75.62791,30527.0,nan,Santiago de Cuba,2022,10,13,2022-10-13T12:37:12,True,Alexis Felipe,iNaturalist,http://creativecommons.org/licenses/by-nc/4.0/,Alexis Felipe,https://inaturalist-open-data.s3.amazonaws.com/photos/237496160/original.jpg; https://inaturalist-open-data.s3.amazonaws.com/photos/237496235/original.jpg; https://inaturalist-open-data.s3.amazonaws.com/photos/237496269/original.jpg; https://inaturalist-open-data.s3.amazonaws.com/photos/237496309/original.jpg,k-caribbean,2024-10-24 02:17:55
original_3947206587_3.jpg,5384064,Opuntia ficus-indica,9.983,"Mellisuga helenae (Lembeye, 1850)",5228500,19.80155,-75.62791,30527.0,nan,Santiago de Cuba,2022,10,13,2022-10-13T12:37:12,True,Alexis Felipe,iNaturalist,http://creativecommons.org/licenses/by-nc/4.0/,Alexis Felipe,https://inaturalist-open-data.s3.amazonaws.com/photos/237496160/original.jpg; https://inaturalist-open-data.s3.amazonaws.com/photos/237496235/original.jpg; https://inaturalist-open-data.s3.amazonaws.com/photos/237496269/original.jpg; https://inaturalist-open-data.s3.amazonaws.com/photos/237496309/original.jpg,k-caribbean,2024-10-24 02:17:57
original_3947206587_4.jpg,5384075,Opuntia stricta,22.309,"Mellisuga helenae (Lembeye, 1850)",5228500,19.80155,-75.62791,30527.0,nan,Santiago de Cuba,2022,10,13,2022-10-13T12:37:12,True,Alexis Felipe,iNaturalist,http://creativecommons.org/licenses/by-nc/4.0/,Alexis Felipe,https://inaturalist-open-data.s3.amazonaws.com/photos/237496160/original.jpg; https://inaturalist-open-data.s3.amazonaws.com/photos/237496235/original.jpg; https://inaturalist-open-data.s3.amazonaws.com/photos/237496269/original.jpg; https://inaturalist-open-data.s3.amazonaws.com/photos/237496309/original.jpg,k-caribbean,2024-10-24 02:17:59
original_3961284462_1.jpeg,3152195,Guazuma ulmifolia,11.973,"Mellisuga helenae (Lembeye, 1850)",5228500,21.809016,-84.945157,30338.0,NORTH_AMERICA,Pinar del Río,2022,10,15,2022-10-15T15:18,True,Dayron Breto,iNaturalist,http://creativecommons.org/licenses/by-nc/4.0/,Dayron Breto,https://inaturalist-open-data.s3.amazonaws.com/photos/240851644/original.jpeg; https://inaturalist-open-data.s3.amazonaws.com/photos/240851679/original.jpeg,k-mexico,2024-10-24 02:18:01
original_3961284462_2.jpeg,3152052,Apeiba tibourbou,5.883,"Mellisuga helenae (Lembeye, 1850)",5228500,21.809016,-84.945157,30338.0,NORTH_AMERICA,Pinar del Río,2022,10,15,2022-10-15T15:18,True,Dayron Breto,iNaturalist,http://creativecommons.org/licenses/by-nc/4.0/,Dayron Breto,https://inaturalist-open-data.s3.amazonaws.com/photos/240851644/original.jpeg; https://inaturalist-open-data.s3.amazonaws.com/photos/240851679/original.jpeg,k-mexico,2024-10-24 02:18:03
original_3966683754_1.jpeg,2902066,Hamelia patens,93.12899999999999,"Mellisuga helenae (Lembeye, 1850)",5228500,22.752854,-83.439496,110008.0,NORTH_AMERICA,Pinar del Río,2017,1,19,2017-01-19T12:58,True,mdrunner,iNaturalist,http://creativecommons.org/licenses/by-nc/4.0/,mdrunner,https://inaturalist-open-data.s3.amazonaws.com/photos/242525891/original.jpeg,k-caribbean,2024-10-24 02:18:05
original_3994225927_1.jpeg,7275879,Souroubea guianensis,1.417,"Mellisuga helenae (Lembeye, 1850)",5228500,22.261932,-81.113013,30298.0,NORTH_AMERICA,Matanzas,2022,12,7,2022-12-07T12:56,True,Tim Weed,iNaturalist,http://creativecommons.org/licenses/by-nc/4.0/,Tim Weed,https://inaturalist-open-data.s3.amazonaws.com/photos/247106928/original.jpeg; https://inaturalist-open-data.s3.amazonaws.com/photos/247106940/original.jpeg; https://inaturalist-open-data.s3.amazonaws.com/photos/247106952/original.jpeg; https://inaturalist-open-data.s3.amazonaws.com/photos/247106980/original.jpeg; https://inaturalist-open-data.s3.amazonaws.com/photos/247106990/original.jpeg,k-caribbean,2024-10-24 02:18:11
original_3994225927_2.jpeg,7342747,Ryania speciosa,4.356,"Mellisuga helenae (Lembeye, 1850)",5228500,22.261932,-81.113013,30298.0,NORTH_AMERICA,Matanzas,2022,12,7,2022-12-07T12:56,True,Tim Weed,iNaturalist,http://creativecommons.org/licenses/by-nc/4.0/,Tim Weed,https://inaturalist-open-data.s3.amazonaws.com/photos/247106928/original.jpeg; https://inaturalist-open-data.s3.amazonaws.com/photos/247106940/original.jpeg; https://inaturalist-open-data.s3.amazonaws.com/photos/247106952/original.jpeg; https://inaturalist-open-data.s3.amazonaws.com/photos/247106980/original.jpeg; https://inaturalist-open-data.s3.amazonaws.com/photos/247106990/original.jpeg,k-caribbean,2024-10-24 02:18:13
original_3994225927_3.jpeg,2902066,Hamelia patens,85.80600000000001,"Mellisuga helenae (Lembeye, 1850)",5228500,22.261932,-81.113013,30298.0,NORTH_AMERICA,Matanzas,2022,12,7,2022-12-07T12:56,True,Tim Weed,iNaturalist,http://creativecommons.org/licenses/by-nc/4.0/,Tim Weed,https://inaturalist-open-data.s3.amazonaws.com/photos/247106928/original.jpeg; https://inaturalist-open-data.s3.amazonaws.com/photos/247106940/original.jpeg; https://inaturalist-open-data.s3.amazonaws.com/photos/247106952/original.jpeg; https://inaturalist-open-data.s3.amazonaws.com/photos/247106980/original.jpeg; https://inaturalist-open-data.s3.amazonaws.com/photos/247106990/original.jpeg,k-caribbean,2024-10-24 02:18:15
original_4022095486_1.jpg,2902066,Hamelia patens,62.94800000000001,"Mellisuga helenae (Lembeye, 1850)",5228500,22.235608,-81.387273,30298.0,NORTH_AMERICA,Matanzas,2023,1,9,2023-01-09T11:26:52,True,Irene,iNaturalist,http://creativecommons.org/publicdomain/zero/1.0/,Irene,https://inaturalist-open-data.s3.amazonaws.com/photos/253331112/original.jpg; https://inaturalist-open-data.s3.amazonaws.com/photos/253331119/original.jpg; https://inaturalist-open-data.s3.amazonaws.com/photos/253331134/original.jpg,k-caribbean,2024-10-24 02:18:28
original_4022095486_2.jpg,3092271,Melanthera nivea,0.652,"Mellisuga helenae (Lembeye, 1850)",5228500,22.235608,-81.387273,30298.0,NORTH_AMERICA,Matanzas,2023,1,9,2023-01-09T11:26:52,True,Irene,iNaturalist,http://creativecommons.org/publicdomain/zero/1.0/,Irene,https://inaturalist-open-data.s3.amazonaws.com/photos/253331112/original.jpg; https://inaturalist-open-data.s3.amazonaws.com/photos/253331119/original.jpg; https://inaturalist-open-data.s3.amazonaws.com/photos/253331134/original.jpg,k-caribbean,2024-10-24 02:18:30
original_4022095486_3.jpg,3054262,Crateva tapia,3.4750000000000005,"Mellisuga helenae (Lembeye, 1850)",5228500,22.235608,-81.387273,30298.0,NORTH_AMERICA,Matanzas,2023,1,9,2023-01-09T11:26:52,True,Irene,iNaturalist,http://creativecommons.org/publicdomain/zero/1.0/,Irene,https://inaturalist-open-data.s3.amazonaws.com/photos/253331112/original.jpg; https://inaturalist-open-data.s3.amazonaws.com/photos/253331119/original.jpg; https://inaturalist-open-data.s3.amazonaws.com/photos/253331134/original.jpg,k-caribbean,2024-10-24 02:18:33
original_4022193944_4.jpeg,5314418,Dendrophylax lindenii,3.6450000000000005,"Mellisuga helenae (Lembeye, 1850)",5228500,22.329318,-81.224325,30298.0,NORTH_AMERICA,Matanzas,2022,12,25,2022-12-25T13:52,True,Gerardo Marrón,iNaturalist,http://creativecommons.org/licenses/by-nc/4.0/,Gerardo Marrón,https://inaturalist-open-data.s3.amazonaws.com/photos/252583148/original.jpeg; https://inaturalist-open-data.s3.amazonaws.com/photos/252583155/original.jpeg; https://inaturalist-open-data.s3.amazonaws.com/photos/252583159/original.jpeg; https://inaturalist-open-data.s3.amazonaws.com/photos/252583165/original.jpeg; https://inaturalist-open-data.s3.amazonaws.com/photos/252583172/original.jpeg; https://inaturalist-open-data.s3.amazonaws.com/photos/252583181/original.jpeg; https://inaturalist-open-data.s3.amazonaws.com/photos/252583188/original.jpeg,k-caribbean,2024-10-24 02:18:40
original_4022193944_5.jpeg,3687051,Cnestidium rufescens,1.68,"Mellisuga helenae (Lembeye, 1850)",5228500,22.329318,-81.224325,30298.0,NORTH_AMERICA,Matanzas,2022,12,25,2022-12-25T13:52,True,Gerardo Marrón,iNaturalist,http://creativecommons.org/licenses/by-nc/4.0/,Gerardo Marrón,https://inaturalist-open-data.s3.amazonaws.com/photos/252583148/original.jpeg; https://inaturalist-open-data.s3.amazonaws.com/photos/252583155/original.jpeg; https://inaturalist-open-data.s3.amazonaws.com/photos/252583159/original.jpeg; https://inaturalist-open-data.s3.amazonaws.com/photos/252583165/original.jpeg; https://inaturalist-open-data.s3.amazonaws.com/photos/252583172/original.jpeg; https://inaturalist-open-data.s3.amazonaws.com/photos/252583181/original.jpeg; https://inaturalist-open-data.s3.amazonaws.com/photos/252583188/original.jpeg,k-caribbean,2024-10-24 02:18:42
original_4054821839_2.jpg,3155130,Desmos chinensis,3.6310000000000002,"Mellisuga helenae (Lembeye, 1850)",5228500,22.277713,-81.093595,30298.0,NORTH_AMERICA,Matanzas,2023,1,7,2023-01-07T15:24:02,True,Irene,iNaturalist,http://creativecommons.org/publicdomain/zero/1.0/,Irene,https://inaturalist-open-data.s3.amazonaws.com/photos/258810323/original.jpg; https://inaturalist-open-data.s3.amazonaws.com/photos/258810336/original.jpg; https://inaturalist-open-data.s3.amazonaws.com/photos/258810351/original.jpg; https://inaturalist-open-data.s3.amazonaws.com/photos/258810368/original.jpg,k-caribbean,2024-10-24 02:18:54
original_4054959866_1.jpg,2943053,Chloroleucon mangense,3.5610000000000004,"Mellisuga helenae (Lembeye, 1850)",5228500,22.31343,-81.071753,30298.0,NORTH_AMERICA,Matanzas,2023,1,7,2023-01-07T15:33:05,True,Irene,iNaturalist,http://creativecommons.org/publicdomain/zero/1.0/,Irene,https://inaturalist-open-data.s3.amazonaws.com/photos/258880593/original.jpg; https://inaturalist-open-data.s3.amazonaws.com/photos/258880602/original.jpg,k-caribbean,2024-10-24 02:19:02
original_4067629186_2.jpeg,3170397,Cynanchum racemosum,1.541,"Mellisuga helenae (Lembeye, 1850)",5228500,22.205843,-81.354888,30298.0,NORTH_AMERICA,Matanzas,2023,2,13,2023-02-13T15:58,True,David M. Gascoigne,iNaturalist,http://creativecommons.org/licenses/by-nc/4.0/,David M. Gascoigne,https://inaturalist-open-data.s3.amazonaws.com/photos/261391981/original.jpeg; https://inaturalist-open-data.s3.amazonaws.com/photos/261392092/original.jpeg,k-caribbean,2024-10-24 02:19:21
original_4067652189_1.jpeg,3169012,Hippocratea volubilis,5.707,"Mellisuga helenae (Lembeye, 1850)",5228500,22.204499,-81.270971,30298.0,NORTH_AMERICA,Matanzas,2023,2,13,2023-02-13T16:02,True,David M. Gascoigne,iNaturalist,http://creativecommons.org/licenses/by-nc/4.0/,David M. Gascoigne,https://inaturalist-open-data.s3.amazonaws.com/photos/261392139/original.jpeg,k-caribbean,2024-10-24 02:19:34
original_4075900040_1.jpeg,4092146,Handroanthus ochraceus,1.4000000000000001,"Mellisuga helenae (Lembeye, 1850)",5228500,22.250191,-81.365781,30298.0,NORTH_AMERICA,Matanzas,2023,2,14,2023-02-14T16:18,True,David M. Gascoigne,iNaturalist,http://creativecommons.org/licenses/by-nc/4.0/,David M. Gascoigne,https://inaturalist-open-data.s3.amazonaws.com/photos/263679028/original.jpeg,k-caribbean,2024-10-24 02:19:44
original_4076247880_1.jpg,5339488,Randia aculeata,7.567,"Mellisuga helenae (Lembeye, 1850)",5228500,22.318195,-81.175239,30298.0,NORTH_AMERICA,Matanzas,2014,3,25,2014-03-25T11:59:22,True,szimpla,iNaturalist,http://creativecommons.org/licenses/by-nc/4.0/,szimpla,https://inaturalist-open-data.s3.amazonaws.com/photos/249073659/original.jpg,k-caribbean,2024-10-24 02:19:46
original_4076299104_1.jpeg,5406739,Sida cordata,2.753,"Mellisuga helenae (Lembeye, 1850)",5228500,22.215163,-81.364181,30298.0,NORTH_AMERICA,Matanzas,2023,2,14,2023-02-14T16:57,True,David M. Gascoigne,iNaturalist,http://creativecommons.org/licenses/by-nc/4.0/,David M. Gascoigne,https://inaturalist-open-data.s3.amazonaws.com/photos/263679835/original.jpeg,k-caribbean,2024-10-24 02:19:50
original_4080962552_1.jpeg,5406696,Ceiba aesculifolia,15.432000000000002,"Mellisuga helenae (Lembeye, 1850)",5228500,22.526423,-78.577129,32308.0,NORTH_AMERICA,Ciego de Ávila,2023,3,23,2023-03-23T14:10:25,True,Paul Prappas,iNaturalist,http://creativecommons.org/licenses/by-nc/4.0/,Paul Prappas,https://inaturalist-open-data.s3.amazonaws.com/photos/264207962/original.jpeg; https://inaturalist-open-data.s3.amazonaws.com/photos/264207963/original.jpeg; https://inaturalist-open-data.s3.amazonaws.com/photos/264207965/original.jpeg,k-caribbean,2024-10-24 02:19:52
original_4080962552_2.jpeg,5406696,Ceiba aesculifolia,9.053,"Mellisuga helenae (Lembeye, 1850)",5228500,22.526423,-78.577129,32308.0,NORTH_AMERICA,Ciego de Ávila,2023,3,23,2023-03-23T14:10:25,True,Paul Prappas,iNaturalist,http://creativecommons.org/licenses/by-nc/4.0/,Paul Prappas,https://inaturalist-open-data.s3.amazonaws.com/photos/264207962/original.jpeg; https://inaturalist-open-data.s3.amazonaws.com/photos/264207963/original.jpeg; https://inaturalist-open-data.s3.amazonaws.com/photos/264207965/original.jpeg,k-caribbean,2024-10-24 02:19:54
original_4080962552_3.jpeg,5406696,Ceiba aesculifolia,8.444,"Mellisuga helenae (Lembeye, 1850)",5228500,22.526423,-78.577129,32308.0,NORTH_AMERICA,Ciego de Ávila,2023,3,23,2023-03-23T14:10:25,True,Paul Prappas,iNaturalist,http://creativecommons.org/licenses/by-nc/4.0/,Paul Prappas,https://inaturalist-open-data.s3.amazonaws.com/photos/264207962/original.jpeg; https://inaturalist-open-data.s3.amazonaws.com/photos/264207963/original.jpeg; https://inaturalist-open-data.s3.amazonaws.com/photos/264207965/original.jpeg,k-caribbean,2024-10-24 02:19:56
original_4121079822_1.jpg,3173104,Justicia spicigera,12.608,"Mellisuga helenae (Lembeye, 1850)",5228500,22.249966,-81.119844,30298.0,NORTH_AMERICA,Matanzas,2023,4,6,2023-04-06T16:59,True,blkvulture,iNaturalist,http://creativecommons.org/licenses/by-nc/4.0/,blkvulture,https://inaturalist-open-data.s3.amazonaws.com/photos/280525350/original.jpg,k-caribbean,2024-10-24 02:20:00
original_4121291641_3.jpg,3189950,Paullinia pinnata,4.846,"Mellisuga helenae (Lembeye, 1850)",5228500,22.285627,-81.17606,30298.0,NORTH_AMERICA,Matanzas,2023,4,6,2023-04-06T16:09,True,blkvulture,iNaturalist,http://creativecommons.org/licenses/by-nc/4.0/,blkvulture,https://inaturalist-open-data.s3.amazonaws.com/photos/280836626/original.jpg; https://inaturalist-open-data.s3.amazonaws.com/photos/280836654/original.jpg; https://inaturalist-open-data.s3.amazonaws.com/photos/280836672/original.jpg; https://inaturalist-open-data.s3.amazonaws.com/photos/280836688/original.jpg,k-caribbean,2024-10-24 02:20:07
original_4121360041_1.jpg,2738422,Nypa fruticans,1.783,"Mellisuga helenae (Lembeye, 1850)",5228500,22.382289,-81.178006,30298.0,NORTH_AMERICA,Matanzas,2023,4,6,2023-04-06T16:24,True,blkvulture,iNaturalist,http://creativecommons.org/licenses/by-nc/4.0/,blkvulture,https://inaturalist-open-data.s3.amazonaws.com/photos/280524800/original.jpg,k-caribbean,2024-10-24 02:20:16
original_4134012734_1.jpg,2874176,Passiflora coccinea,1.131,"Mellisuga helenae (Lembeye, 1850)",5228500,22.366403,-81.30243,30298.0,NORTH_AMERICA,Matanzas,2023,4,8,2023-04-08T17:19,True,blkvulture,iNaturalist,http://creativecommons.org/licenses/by-nc/4.0/,blkvulture,https://inaturalist-open-data.s3.amazonaws.com/photos/288763186/original.jpg,k-caribbean,2024-10-24 02:20:20
original_4134119564_1.jpg,5361923,Ficus aurea,2.773,"Mellisuga helenae (Lembeye, 1850)",5228500,22.307472,-81.305453,30298.0,NORTH_AMERICA,Matanzas,2023,4,8,2023-04-08T17:18,True,blkvulture,iNaturalist,http://creativecommons.org/licenses/by-nc/4.0/,blkvulture,https://inaturalist-open-data.s3.amazonaws.com/photos/288763169/original.jpg,k-caribbean,2024-10-24 02:20:23
original_4137687890_2.jpg,3189908,Guaiacum sanctum,10.624,"Mellisuga helenae (Lembeye, 1850)",5228500,22.369636,-81.257308,30298.0,NORTH_AMERICA,Matanzas,2023,4,8,2023-04-08T18:24,True,blkvulture,iNaturalist,http://creativecommons.org/licenses/by-nc/4.0/,blkvulture,https://inaturalist-open-data.s3.amazonaws.com/photos/291274250/original.jpg; https://inaturalist-open-data.s3.amazonaws.com/photos/291274318/original.jpg,k-caribbean,2024-10-24 02:20:27
original_4137855586_1.jpg,2902066,Hamelia patens,47.126000000000005,"Mellisuga helenae (Lembeye, 1850)",5228500,22.395924,-81.213381,30298.0,NORTH_AMERICA,Matanzas,2023,4,8,2023-04-08T17:27,True,blkvulture,iNaturalist,http://creativecommons.org/licenses/by-nc/4.0/,blkvulture,https://inaturalist-open-data.s3.amazonaws.com/photos/290060255/original.jpg; https://inaturalist-open-data.s3.amazonaws.com/photos/290060278/original.jpg,k-caribbean,2024-10-24 02:20:29
original_4137855586_2.jpg,2902066,Hamelia patens,59.634,"Mellisuga helenae (Lembeye, 1850)",5228500,22.395924,-81.213381,30298.0,NORTH_AMERICA,Matanzas,2023,4,8,2023-04-08T17:27,True,blkvulture,iNaturalist,http://creativecommons.org/licenses/by-nc/4.0/,blkvulture,https://inaturalist-open-data.s3.amazonaws.com/photos/290060255/original.jpg; https://inaturalist-open-data.s3.amazonaws.com/photos/290060278/original.jpg,k-caribbean,2024-10-24 02:20:31
original_4137911161_1.jpg,2894630,Guettarda elliptica,9.001000000000001,"Mellisuga helenae (Lembeye, 1850)",5228500,22.20793,-81.369464,30298.0,NORTH_AMERICA,Matanzas,2023,4,8,2023-04-08T17:47,True,blkvulture,iNaturalist,http://creativecommons.org/licenses/by-nc/4.0/,blkvulture,https://inaturalist-open-data.s3.amazonaws.com/photos/291134210/original.jpg; https://inaturalist-open-data.s3.amazonaws.com/photos/291134234/original.jpg; https://inaturalist-open-data.s3.amazonaws.com/photos/291134268/original.jpg,k-caribbean,2024-10-24 02:20:33
original_4137911161_2.jpg,2894630,Guettarda elliptica,4.2139999999999995,"Mellisuga helenae (Lembeye, 1850)",5228500,22.20793,-81.369464,30298.0,NORTH_AMERICA,Matanzas,2023,4,8,2023-04-08T17:47,True,blkvulture,iNaturalist,http://creativecommons.org/licenses/by-nc/4.0/,blkvulture,https://inaturalist-open-data.s3.amazonaws.com/photos/291134210/original.jpg; https://inaturalist-open-data.s3.amazonaws.com/photos/291134234/original.jpg; https://inaturalist-open-data.s3.amazonaws.com/photos/291134268/original.jpg,k-caribbean,2024-10-24 02:20:35
original_4137911161_3.jpg,2894630,Guettarda elliptica,3.859,"Mellisuga helenae (Lembeye, 1850)",5228500,22.20793,-81.369464,30298.0,NORTH_AMERICA,Matanzas,2023,4,8,2023-04-08T17:47,True,blkvulture,iNaturalist,http://creativecommons.org/licenses/by-nc/4.0/,blkvulture,https://inaturalist-open-data.s3.amazonaws.com/photos/291134210/original.jpg; https://inaturalist-open-data.s3.amazonaws.com/photos/291134234/original.jpg; https://inaturalist-open-data.s3.amazonaws.com/photos/291134268/original.jpg,k-caribbean,2024-10-24 02:20:37
original_4138550299_1.jpg,2902066,Hamelia patens,1.548,"Mellisuga helenae (Lembeye, 1850)",5228500,22.266582,-81.384084,30298.0,NORTH_AMERICA,Matanzas,2023,4,8,2023-04-08T17:34,True,blkvulture,iNaturalist,http://creativecommons.org/licenses/by-nc/4.0/,blkvulture,https://inaturalist-open-data.s3.amazonaws.com/photos/290453126/original.jpg; https://inaturalist-open-data.s3.amazonaws.com/photos/290453144/original.jpg,k-caribbean,2024-10-24 02:20:41
original_4138550299_2.jpg,2925349,Clerodendrum indicum,1.989,"Mellisuga helenae (Lembeye, 1850)",5228500,22.266582,-81.384084,30298.0,NORTH_AMERICA,Matanzas,2023,4,8,2023-04-08T17:34,True,blkvulture,iNaturalist,http://creativecommons.org/licenses/by-nc/4.0/,blkvulture,https://inaturalist-open-data.s3.amazonaws.com/photos/290453126/original.jpg; https://inaturalist-open-data.s3.amazonaws.com/photos/290453144/original.jpg,k-caribbean,2024-10-24 02:20:43
original_4165459475_3.jpg,2930137,Solanum lycopersicum,0.975,"Mellisuga helenae (Lembeye, 1850)",5228500,22.306682,-81.135626,30298.0,NORTH_AMERICA,Matanzas,2023,4,6,2023-04-06T15:59,True,blkvulture,iNaturalist,http://creativecommons.org/licenses/by-nc/4.0/,blkvulture,https://inaturalist-open-data.s3.amazonaws.com/photos/280525194/original.jpg; https://inaturalist-open-data.s3.amazonaws.com/photos/280525225/original.jpg; https://inaturalist-open-data.s3.amazonaws.com/photos/280525280/original.jpg; https://inaturalist-open-data.s3.amazonaws.com/photos/280525299/original.jpg,k-caribbean,2024-10-24 02:20:52
original_4165656995_1.jpg,3054181,Moringa oleifera,94.877,"Mellisuga helenae (Lembeye, 1850)",5228500,22.123619,-80.852315,30318.0,NORTH_AMERICA,Matanzas,2018,1,28,2018-01-28T10:55,True,Jay Pruett,iNaturalist,http://creativecommons.org/licenses/by-nc/4.0/,Jay Pruett,https://inaturalist-open-data.s3.amazonaws.com/photos/303721198/original.jpg,k-caribbean,2024-10-24 02:20:56
original_4165697360_1.jpg,3054181,Moringa oleifera,96.018,"Mellisuga helenae (Lembeye, 1850)",5228500,22.078727,-80.8778,30318.0,NORTH_AMERICA,Matanzas,2018,1,28,2018-01-28T10:55,True,Jay Pruett,iNaturalist,http://creativecommons.org/licenses/by-nc/4.0/,Jay Pruett,https://inaturalist-open-data.s3.amazonaws.com/photos/303732530/original.jpg; https://inaturalist-open-data.s3.amazonaws.com/photos/303732934/original.jpg,k-caribbean,2024-10-24 02:20:58
original_4165697360_2.jpg,3054181,Moringa oleifera,97.55,"Mellisuga helenae (Lembeye, 1850)",5228500,22.078727,-80.8778,30318.0,NORTH_AMERICA,Matanzas,2018,1,28,2018-01-28T10:55,True,Jay Pruett,iNaturalist,http://creativecommons.org/licenses/by-nc/4.0/,Jay Pruett,https://inaturalist-open-data.s3.amazonaws.com/photos/303732530/original.jpg; https://inaturalist-open-data.s3.amazonaws.com/photos/303732934/original.jpg,k-caribbean,2024-10-24 02:21:00
original_4165826143_1.jpg,2920891,Psychotria carthagenensis,14.421000000000001,"Mellisuga helenae (Lembeye, 1850)",5228500,22.072985,-80.85988,30318.0,NORTH_AMERICA,Matanzas,2018,1,29,2018-01-29T15:49,True,Jay Pruett,iNaturalist,http://creativecommons.org/licenses/by-nc/4.0/,Jay Pruett,https://inaturalist-open-data.s3.amazonaws.com/photos/303960148/original.jpg,k-caribbean,2024-10-24 02:21:06
original_4165931915_1.jpg,2902066,Hamelia patens,41.92,"Mellisuga helenae (Lembeye, 1850)",5228500,22.169123,-80.837019,30318.0,NORTH_AMERICA,Matanzas,2018,1,29,2018-01-29,True,Jay Pruett,iNaturalist,http://creativecommons.org/licenses/by-nc/4.0/,Jay Pruett,https://inaturalist-open-data.s3.amazonaws.com/photos/303962819/original.jpg; https://inaturalist-open-data.s3.amazonaws.com/photos/303963290/original.jpg,k-caribbean,2024-10-24 02:21:08
original_4165931915_2.jpg,3191361,Byrsonima crassifolia,5.318,"Mellisuga helenae (Lembeye, 1850)",5228500,22.169123,-80.837019,30318.0,NORTH_AMERICA,Matanzas,2018,1,29,2018-01-29,True,Jay Pruett,iNaturalist,http://creativecommons.org/licenses/by-nc/4.0/,Jay Pruett,https://inaturalist-open-data.s3.amazonaws.com/photos/303962819/original.jpg; https://inaturalist-open-data.s3.amazonaws.com/photos/303963290/original.jpg,k-caribbean,2024-10-24 02:21:10
original_4165938340_1.jpg,2902066,Hamelia patens,17.674,"Mellisuga helenae (Lembeye, 1850)",5228500,22.05984,-80.867193,30318.0,NORTH_AMERICA,Matanzas,2018,1,29,2018-01-29T16:12,True,Jay Pruett,iNaturalist,http://creativecommons.org/licenses/by-nc/4.0/,Jay Pruett,https://inaturalist-open-data.s3.amazonaws.com/photos/303961287/original.jpg,k-caribbean,2024-10-24 02:21:12
original_4421130764_2.jpeg,2976206,Entada polystachya,5.229,"Mellisuga helenae (Lembeye, 1850)",5228500,21.935448,-84.984605,30338.0,nan,Pinar del Río,2022,10,16,2022-10-16T10:36,True,Dayron Breto,iNaturalist,http://creativecommons.org/licenses/by-nc/4.0/,Dayron Breto,https://inaturalist-open-data.s3.amazonaws.com/photos/325068396/original.jpeg; https://inaturalist-open-data.s3.amazonaws.com/photos/325068840/original.jpeg; https://inaturalist-open-data.s3.amazonaws.com/photos/325068975/original.jpeg,k-mexico,2024-10-24 02:21:16
original_4424109505_1.jpeg,2951571,Mucuna sloanei,8.896999999999998,"Mellisuga helenae (Lembeye, 1850)",5228500,21.835087,-84.884932,30338.0,NORTH_AMERICA,Pinar del Río,2022,10,18,2022-10-18T14:35,True,Dayron Breto,iNaturalist,http://creativecommons.org/licenses/by-nc/4.0/,Dayron Breto,https://inaturalist-open-data.s3.amazonaws.com/photos/241435802/original.jpeg; https://inaturalist-open-data.s3.amazonaws.com/photos/241436144/original.jpeg; https://inaturalist-open-data.s3.amazonaws.com/photos/241436151/original.jpeg; https://inaturalist-open-data.s3.amazonaws.com/photos/241436174/original.jpeg,k-mexico,2024-10-24 02:21:21
original_4424109505_2.jpeg,5406696,Ceiba aesculifolia,49.129,"Mellisuga helenae (Lembeye, 1850)",5228500,21.835087,-84.884932,30338.0,NORTH_AMERICA,Pinar del Río,2022,10,18,2022-10-18T14:35,True,Dayron Breto,iNaturalist,http://creativecommons.org/licenses/by-nc/4.0/,Dayron Breto,https://inaturalist-open-data.s3.amazonaws.com/photos/241435802/original.jpeg; https://inaturalist-open-data.s3.amazonaws.com/photos/241436144/original.jpeg; https://inaturalist-open-data.s3.amazonaws.com/photos/241436151/original.jpeg; https://inaturalist-open-data.s3.amazonaws.com/photos/241436174/original.jpeg,k-mexico,2024-10-24 02:21:22
original_4424109505_3.jpeg,7661174,Calopogonium caeruleum,66.849,"Mellisuga helenae (Lembeye, 1850)",5228500,21.835087,-84.884932,30338.0,NORTH_AMERICA,Pinar del Río,2022,10,18,2022-10-18T14:35,True,Dayron Breto,iNaturalist,http://creativecommons.org/licenses/by-nc/4.0/,Dayron Breto,https://inaturalist-open-data.s3.amazonaws.com/photos/241435802/original.jpeg; https://inaturalist-open-data.s3.amazonaws.com/photos/241436144/original.jpeg; https://inaturalist-open-data.s3.amazonaws.com/photos/241436151/original.jpeg; https://inaturalist-open-data.s3.amazonaws.com/photos/241436174/original.jpeg,k-mexico,2024-10-24 02:21:24
original_4424109505_4.jpeg,7661174,Calopogonium caeruleum,93.496,"Mellisuga helenae (Lembeye, 1850)",5228500,21.835087,-84.884932,30338.0,NORTH_AMERICA,Pinar del Río,2022,10,18,2022-10-18T14:35,True,Dayron Breto,iNaturalist,http://creativecommons.org/licenses/by-nc/4.0/,Dayron Breto,https://inaturalist-open-data.s3.amazonaws.com/photos/241435802/original.jpeg; https://inaturalist-open-data.s3.amazonaws.com/photos/241436144/original.jpeg; https://inaturalist-open-data.s3.amazonaws.com/photos/241436151/original.jpeg; https://inaturalist-open-data.s3.amazonaws.com/photos/241436174/original.jpeg,k-mexico,2024-10-24 02:21:26
original_4424429201_1.jpeg,2968593,Dalbergia ecastaphyllum,23.787,"Mellisuga helenae (Lembeye, 1850)",5228500,21.961278,-84.94257,30338.0,NORTH_AMERICA,Pinar del Río,2022,10,25,2022-10-25T12:38,True,Dayron Breto,iNaturalist,http://creativecommons.org/licenses/by-nc/4.0/,Dayron Breto,https://inaturalist-open-data.s3.amazonaws.com/photos/325379624/original.jpeg,k-mexico,2024-10-24 02:21:28
original_4430779047_2.jpg,2902066,Hamelia patens,11.407,"Mellisuga helenae (Lembeye, 1850)",5228500,22.375884,-81.186871,30298.0,NORTH_AMERICA,Matanzas,2017,4,11,2017-04-11T16:20,True,Marco Crivellari,iNaturalist,http://creativecommons.org/licenses/by-nc/4.0/,Marco Crivellari,https://inaturalist-open-data.s3.amazonaws.com/photos/330000205/original.jpg; https://inaturalist-open-data.s3.amazonaws.com/photos/330000332/original.jpg; https://inaturalist-open-data.s3.amazonaws.com/photos/330000336/original.jpg; https://inaturalist-open-data.s3.amazonaws.com/photos/330000338/original.jpg,k-caribbean,2024-10-24 02:21:34
original_4430779047_4.jpg,7327320,Guapira opposita,1.643,"Mellisuga helenae (Lembeye, 1850)",5228500,22.375884,-81.186871,30298.0,NORTH_AMERICA,Matanzas,2017,4,11,2017-04-11T16:20,True,Marco Crivellari,iNaturalist,http://creativecommons.org/licenses/by-nc/4.0/,Marco Crivellari,https://inaturalist-open-data.s3.amazonaws.com/photos/330000205/original.jpg; https://inaturalist-open-data.s3.amazonaws.com/photos/330000332/original.jpg; https://inaturalist-open-data.s3.amazonaws.com/photos/330000336/original.jpg; https://inaturalist-open-data.s3.amazonaws.com/photos/330000338/original.jpg,k-caribbean,2024-10-24 02:21:39
original_4436112098_2.jpeg,3155130,Desmos chinensis,4.031,"Mellisuga helenae (Lembeye, 1850)",5228500,22.246511,-81.191132,30298.0,NORTH_AMERICA,Matanzas,2023,10,18,2023-10-18T15:52,True,probreviceps,iNaturalist,http://creativecommons.org/licenses/by-nc/4.0/,probreviceps,https://inaturalist-open-data.s3.amazonaws.com/photos/331255990/original.jpeg; https://inaturalist-open-data.s3.amazonaws.com/photos/331256005/original.jpeg; https://inaturalist-open-data.s3.amazonaws.com/photos/331256008/original.jpeg,k-caribbean,2024-10-24 02:21:44
original_4436430374_1.jpeg,5592178,Kohleria tubiflora,1.383,"Mellisuga helenae (Lembeye, 1850)",5228500,22.368237,-81.028749,30298.0,NORTH_AMERICA,Matanzas,2023,10,18,2023-10-18T15:55,True,probreviceps,iNaturalist,http://creativecommons.org/licenses/by-nc/4.0/,probreviceps,https://inaturalist-open-data.s3.amazonaws.com/photos/331257651/original.jpeg,k-caribbean,2024-10-24 02:21:49
original_4453934103_1.jpg,2704740,Zoysia matrella,3.069,"Mellisuga helenae (Lembeye, 1850)",5228500,22.27196,-81.234916,30298.0,NORTH_AMERICA,Matanzas,2023,11,5,2023-11-05T12:34,True,rthunen,iNaturalist,http://creativecommons.org/licenses/by-nc/4.0/,rthunen,https://inaturalist-open-data.s3.amazonaws.com/photos/336602460/original.jpg,k-caribbean,2024-10-24 02:22:02
original_4458323738_2.jpeg,7327320,Guapira opposita,7.736999999999999,"Mellisuga helenae (Lembeye, 1850)",5228500,22.368084,-81.168136,30298.0,NORTH_AMERICA,Matanzas,2023,1,14,2023-01-14T11:49,True,Tim Weed,iNaturalist,http://creativecommons.org/licenses/by-nc/4.0/,Tim Weed,https://inaturalist-open-data.s3.amazonaws.com/photos/252300383/original.jpeg; https://inaturalist-open-data.s3.amazonaws.com/photos/252300401/original.jpeg,k-caribbean,2024-10-24 02:22:09
original_4506257886_1.jpg,2684610,Juniperus bermudiana,0.649,"Mellisuga helenae (Lembeye, 1850)",5228500,21.840602,-84.453635,30338.0,NORTH_AMERICA,Pinar del Río,2014,3,17,2014-03-17T05:34,True,nkdawe,iNaturalist,http://creativecommons.org/licenses/by-nc/4.0/,nkdawe,https://inaturalist-open-data.s3.amazonaws.com/photos/341977116/original.jpg,k-caribbean,2024-10-24 02:22:11
original_4506314159_2.jpeg,3190638,Mangifera indica,4.856,"Mellisuga helenae (Lembeye, 1850)",5228500,21.493378,-77.733529,451063.0,NORTH_AMERICA,Camagüey,2022,2,15,2022-02-15,True,CindieTD,iNaturalist,http://creativecommons.org/licenses/by-nc/4.0/,CindieTD,https://inaturalist-open-data.s3.amazonaws.com/photos/342185342/original.jpeg; https://inaturalist-open-data.s3.amazonaws.com/photos/342185348/original.jpeg,k-caribbean,2024-10-24 02:22:15
original_4506349445_1.jpg,2902066,Hamelia patens,93.432,"Mellisuga helenae (Lembeye, 1850)",5228500,22.357706,-81.451211,30298.0,NORTH_AMERICA,Matanzas,2014,3,21,2014-03-21T11:05,True,nkdawe,iNaturalist,http://creativecommons.org/licenses/by-nc/4.0/,nkdawe,https://inaturalist-open-data.s3.amazonaws.com/photos/342306762/original.jpg; https://inaturalist-open-data.s3.amazonaws.com/photos/342306765/original.jpg,k-caribbean,2024-10-24 02:22:17
original_4506349445_2.jpg,2902066,Hamelia patens,97.501,"Mellisuga helenae (Lembeye, 1850)",5228500,22.357706,-81.451211,30298.0,NORTH_AMERICA,Matanzas,2014,3,21,2014-03-21T11:05,True,nkdawe,iNaturalist,http://creativecommons.org/licenses/by-nc/4.0/,nkdawe,https://inaturalist-open-data.s3.amazonaws.com/photos/342306762/original.jpg; https://inaturalist-open-data.s3.amazonaws.com/photos/342306765/original.jpg,k-caribbean,2024-10-24 02:22:21
original_4512072841_1.jpg,5339488,Randia aculeata,3.231,"Mellisuga helenae (Lembeye, 1850)",5228500,22.384418,-81.487119,90892.0,NORTH_AMERICA,Matanzas,2010,5,20,2010-05-20T15:06,True,Royle Safaris,iNaturalist,http://creativecommons.org/licenses/by-nc/4.0/,Royle Safaris,https://inaturalist-open-data.s3.amazonaws.com/photos/238951676/original.jpg,k-caribbean,2024-10-24 02:22:43
original_4512140560_1.jpeg,5415082,Crescentia portoricensis,0.40800000000000003,"Mellisuga helenae (Lembeye, 1850)",5228500,20.502979,-74.679767,30472.0,NORTH_AMERICA,Guantánamo,2018,4,25,2018-04-25T18:39,True,amantedarmanin,iNaturalist,http://creativecommons.org/licenses/by-nc/4.0/,amantedarmanin,https://inaturalist-open-data.s3.amazonaws.com/photos/144891118/original.jpeg; https://inaturalist-open-data.s3.amazonaws.com/photos/144891172/original.jpeg,k-caribbean,2024-10-24 02:22:49
original_4512140560_2.jpeg,2907406,Chiococca alba,0.748,"Mellisuga helenae (Lembeye, 1850)",5228500,20.502979,-74.679767,30472.0,NORTH_AMERICA,Guantánamo,2018,4,25,2018-04-25T18:39,True,amantedarmanin,iNaturalist,http://creativecommons.org/licenses/by-nc/4.0/,amantedarmanin,https://inaturalist-open-data.s3.amazonaws.com/photos/144891118/original.jpeg; https://inaturalist-open-data.s3.amazonaws.com/photos/144891172/original.jpeg,k-caribbean,2024-10-24 02:22:52
original_4512154712_1.jpeg,2902066,Hamelia patens,50.46000000000001,"Mellisuga helenae (Lembeye, 1850)",5228500,22.307966,-81.230722,30298.0,NORTH_AMERICA,Matanzas,2022,8,9,2022-08-09T23:54,True,Sonia Molino,iNaturalist,http://creativecommons.org/licenses/by-nc/4.0/,Sonia Molino,https://inaturalist-open-data.s3.amazonaws.com/photos/228385168/original.jpeg; https://inaturalist-open-data.s3.amazonaws.com/photos/228385182/original.jpeg; https://inaturalist-open-data.s3.amazonaws.com/photos/228385202/original.jpeg,k-caribbean,2024-10-24 02:22:54
original_4512154712_3.jpeg,2902066,Hamelia patens,93.303,"Mellisuga helenae (Lembeye, 1850)",5228500,22.307966,-81.230722,30298.0,NORTH_AMERICA,Matanzas,2022,8,9,2022-08-09T23:54,True,Sonia Molino,iNaturalist,http://creativecommons.org/licenses/by-nc/4.0/,Sonia Molino,https://inaturalist-open-data.s3.amazonaws.com/photos/228385168/original.jpeg; https://inaturalist-open-data.s3.amazonaws.com/photos/228385182/original.jpeg; https://inaturalist-open-data.s3.amazonaws.com/photos/228385202/original.jpeg,k-caribbean,2024-10-24 02:22:56
original_4525088012_1.jpeg,2902066,Hamelia patens,4.5089999999999995,"Mellisuga helenae (Lembeye, 1850)",5228500,22.240929,-81.333003,30298.0,NORTH_AMERICA,Matanzas,2024,1,27,2024-01-27T17:34,True,mark_hughes,iNaturalist,http://creativecommons.org/licenses/by-nc/4.0/,mark_hughes,https://inaturalist-open-data.s3.amazonaws.com/photos/351517289/original.jpeg; https://inaturalist-open-data.s3.amazonaws.com/photos/351517453/original.jpeg; https://inaturalist-open-data.s3.amazonaws.com/photos/351517454/original.jpeg,k-caribbean,2024-10-24 02:23:02
original_4525088012_3.jpeg,5415081,Crescentia cujete,1.677,"Mellisuga helenae (Lembeye, 1850)",5228500,22.240929,-81.333003,30298.0,NORTH_AMERICA,Matanzas,2024,1,27,2024-01-27T17:34,True,mark_hughes,iNaturalist,http://creativecommons.org/licenses/by-nc/4.0/,mark_hughes,https://inaturalist-open-data.s3.amazonaws.com/photos/351517289/original.jpeg; https://inaturalist-open-data.s3.amazonaws.com/photos/351517453/original.jpeg; https://inaturalist-open-data.s3.amazonaws.com/photos/351517454/original.jpeg,k-caribbean,2024-10-24 02:23:04
original_4525110023_1.jpeg,5415081,Crescentia cujete,4.531000000000001,"Mellisuga helenae (Lembeye, 1850)",5228500,22.245598,-81.309211,30298.0,NORTH_AMERICA,Matanzas,2024,1,29,2024-01-29T16:39,True,mark_hughes,iNaturalist,http://creativecommons.org/licenses/by-nc/4.0/,mark_hughes,https://inaturalist-open-data.s3.amazonaws.com/photos/351497205/original.jpeg; https://inaturalist-open-data.s3.amazonaws.com/photos/351497338/original.jpeg,k-caribbean,2024-10-24 02:23:06
original_4525110023_2.jpeg,2792457,Polystachya concreta,3.601,"Mellisuga helenae (Lembeye, 1850)",5228500,22.245598,-81.309211,30298.0,NORTH_AMERICA,Matanzas,2024,1,29,2024-01-29T16:39,True,mark_hughes,iNaturalist,http://creativecommons.org/licenses/by-nc/4.0/,mark_hughes,https://inaturalist-open-data.s3.amazonaws.com/photos/351497205/original.jpeg; https://inaturalist-open-data.s3.amazonaws.com/photos/351497338/original.jpeg,k-caribbean,2024-10-24 02:23:08
original_4535657554_3.jpg,3039423,Ziziphus jujuba,11.542,"Mellisuga helenae (Lembeye, 1850)",5228500,22.253148,-81.319805,30298.0,NORTH_AMERICA,Matanzas,2024,2,7,2024-02-07T15:36,True,tomfeild,iNaturalist,http://creativecommons.org/licenses/by-nc/4.0/,tomfeild,https://inaturalist-open-data.s3.amazonaws.com/photos/354287439/original.jpg; https://inaturalist-open-data.s3.amazonaws.com/photos/354287440/original.jpg; https://inaturalist-open-data.s3.amazonaws.com/photos/354287441/original.jpg; https://inaturalist-open-data.s3.amazonaws.com/photos/354287447/original.jpg; https://inaturalist-open-data.s3.amazonaws.com/photos/354287448/original.jpg; https://inaturalist-open-data.s3.amazonaws.com/photos/354287449/original.jpg; https://inaturalist-open-data.s3.amazonaws.com/photos/354287456/original.jpg; https://inaturalist-open-data.s3.amazonaws.com/photos/354287458/original.jpg,k-caribbean,2024-10-24 02:23:14
original_4535657554_4.jpg,2902066,Hamelia patens,68.05799999999999,"Mellisuga helenae (Lembeye, 1850)",5228500,22.253148,-81.319805,30298.0,NORTH_AMERICA,Matanzas,2024,2,7,2024-02-07T15:36,True,tomfeild,iNaturalist,http://creativecommons.org/licenses/by-nc/4.0/,tomfeild,https://inaturalist-open-data.s3.amazonaws.com/photos/354287439/original.jpg; https://inaturalist-open-data.s3.amazonaws.com/photos/354287440/original.jpg; https://inaturalist-open-data.s3.amazonaws.com/photos/354287441/original.jpg; https://inaturalist-open-data.s3.amazonaws.com/photos/354287447/original.jpg; https://inaturalist-open-data.s3.amazonaws.com/photos/354287448/original.jpg; https://inaturalist-open-data.s3.amazonaws.com/photos/354287449/original.jpg; https://inaturalist-open-data.s3.amazonaws.com/photos/354287456/original.jpg; https://inaturalist-open-data.s3.amazonaws.com/photos/354287458/original.jpg,k-caribbean,2024-10-24 02:23:17
original_4535657554_5.jpg,2902066,Hamelia patens,82.94200000000001,"Mellisuga helenae (Lembeye, 1850)",5228500,22.253148,-81.319805,30298.0,NORTH_AMERICA,Matanzas,2024,2,7,2024-02-07T15:36,True,tomfeild,iNaturalist,http://creativecommons.org/licenses/by-nc/4.0/,tomfeild,https://inaturalist-open-data.s3.amazonaws.com/photos/354287439/original.jpg; https://inaturalist-open-data.s3.amazonaws.com/photos/354287440/original.jpg; https://inaturalist-open-data.s3.amazonaws.com/photos/354287441/original.jpg; https://inaturalist-open-data.s3.amazonaws.com/photos/354287447/original.jpg; https://inaturalist-open-data.s3.amazonaws.com/photos/354287448/original.jpg; https://inaturalist-open-data.s3.amazonaws.com/photos/354287449/original.jpg; https://inaturalist-open-data.s3.amazonaws.com/photos/354287456/original.jpg; https://inaturalist-open-data.s3.amazonaws.com/photos/354287458/original.jpg,k-caribbean,2024-10-24 02:23:18
original_4535657554_6.jpg,3039423,Ziziphus jujuba,9.773,"Mellisuga helenae (Lembeye, 1850)",5228500,22.253148,-81.319805,30298.0,NORTH_AMERICA,Matanzas,2024,2,7,2024-02-07T15:36,True,tomfeild,iNaturalist,http://creativecommons.org/licenses/by-nc/4.0/,tomfeild,https://inaturalist-open-data.s3.amazonaws.com/photos/354287439/original.jpg; https://inaturalist-open-data.s3.amazonaws.com/photos/354287440/original.jpg; https://inaturalist-open-data.s3.amazonaws.com/photos/354287441/original.jpg; https://inaturalist-open-data.s3.amazonaws.com/photos/354287447/original.jpg; https://inaturalist-open-data.s3.amazonaws.com/photos/354287448/original.jpg; https://inaturalist-open-data.s3.amazonaws.com/photos/354287449/original.jpg; https://inaturalist-open-data.s3.amazonaws.com/photos/354287456/original.jpg; https://inaturalist-open-data.s3.amazonaws.com/photos/354287458/original.jpg,k-caribbean,2024-10-24 02:23:21
original_4535657554_7.jpg,2928774,Nicotiana tabacum,14.731,"Mellisuga helenae (Lembeye, 1850)",5228500,22.253148,-81.319805,30298.0,NORTH_AMERICA,Matanzas,2024,2,7,2024-02-07T15:36,True,tomfeild,iNaturalist,http://creativecommons.org/licenses/by-nc/4.0/,tomfeild,https://inaturalist-open-data.s3.amazonaws.com/photos/354287439/original.jpg; https://inaturalist-open-data.s3.amazonaws.com/photos/354287440/original.jpg; https://inaturalist-open-data.s3.amazonaws.com/photos/354287441/original.jpg; https://inaturalist-open-data.s3.amazonaws.com/photos/354287447/original.jpg; https://inaturalist-open-data.s3.amazonaws.com/photos/354287448/original.jpg; https://inaturalist-open-data.s3.amazonaws.com/photos/354287449/original.jpg; https://inaturalist-open-data.s3.amazonaws.com/photos/354287456/original.jpg; https://inaturalist-open-data.s3.amazonaws.com/photos/354287458/original.jpg,k-caribbean,2024-10-24 02:23:23
original_4535657554_8.jpg,3039423,Ziziphus jujuba,5.4399999999999995,"Mellisuga helenae (Lembeye, 1850)",5228500,22.253148,-81.319805,30298.0,NORTH_AMERICA,Matanzas,2024,2,7,2024-02-07T15:36,True,tomfeild,iNaturalist,http://creativecommons.org/licenses/by-nc/4.0/,tomfeild,https://inaturalist-open-data.s3.amazonaws.com/photos/354287439/original.jpg; https://inaturalist-open-data.s3.amazonaws.com/photos/354287440/original.jpg; https://inaturalist-open-data.s3.amazonaws.com/photos/354287441/original.jpg; https://inaturalist-open-data.s3.amazonaws.com/photos/354287447/original.jpg; https://inaturalist-open-data.s3.amazonaws.com/photos/354287448/original.jpg; https://inaturalist-open-data.s3.amazonaws.com/photos/354287449/original.jpg; https://inaturalist-open-data.s3.amazonaws.com/photos/354287456/original.jpg; https://inaturalist-open-data.s3.amazonaws.com/photos/354287458/original.jpg,k-caribbean,2024-10-24 02:23:25
original_4597195758_1.jpeg,2932944,Capsicum annuum,1.419,"Mellisuga helenae (Lembeye, 1850)",5228500,22.378182,-81.305435,30298.0,NORTH_AMERICA,Matanzas,2024,3,7,2024-03-07T11:27:34,True,Bob Reed,iNaturalist,http://creativecommons.org/licenses/by-nc/4.0/,Bob Reed,https://inaturalist-open-data.s3.amazonaws.com/photos/358803143/original.jpeg,k-caribbean,2024-10-24 02:23:27
original_4597560108_1.jpeg,2976206,Entada polystachya,4.317,"Mellisuga helenae (Lembeye, 1850)",5228500,22.334551,-81.051367,30298.0,NORTH_AMERICA,Matanzas,2024,3,13,2024-03-13T00:13,True,Tim Weed,iNaturalist,http://creativecommons.org/licenses/by-nc/4.0/,Tim Weed,https://inaturalist-open-data.s3.amazonaws.com/photos/358382898/original.jpeg; https://inaturalist-open-data.s3.amazonaws.com/photos/358382938/original.jpeg,k-caribbean,2024-10-24 02:23:30
original_4597560108_2.jpeg,7981652,Rhabdadenia biflora,13.328999999999999,"Mellisuga helenae (Lembeye, 1850)",5228500,22.334551,-81.051367,30298.0,NORTH_AMERICA,Matanzas,2024,3,13,2024-03-13T00:13,True,Tim Weed,iNaturalist,http://creativecommons.org/licenses/by-nc/4.0/,Tim Weed,https://inaturalist-open-data.s3.amazonaws.com/photos/358382898/original.jpeg; https://inaturalist-open-data.s3.amazonaws.com/photos/358382938/original.jpeg,k-caribbean,2024-10-24 02:23:32
original_4606637443_1.jpeg,3169012,Hippocratea volubilis,3.842,"Mellisuga helenae (Lembeye, 1850)",5228500,22.33576,-81.383909,30298.0,NORTH_AMERICA,Matanzas,2024,3,7,2024-03-07T10:31,True,Bob Reed,iNaturalist,http://creativecommons.org/licenses/by-nc/4.0/,Bob Reed,https://inaturalist-open-data.s3.amazonaws.com/photos/360688532/original.jpeg,k-caribbean,2024-10-24 02:23:37
original_4607154088_1.jpeg,2792457,Polystachya concreta,6.053999999999999,"Mellisuga helenae (Lembeye, 1850)",5228500,22.030166,-80.915921,30318.0,NORTH_AMERICA,Matanzas,2010,11,2,2010-11-02T05:12,True,Joe Sebastiani,iNaturalist,http://creativecommons.org/licenses/by-nc/4.0/,Joe Sebastiani,https://inaturalist-open-data.s3.amazonaws.com/photos/363630631/original.jpeg,k-caribbean,2024-10-24 02:23:47
original_4607190317_1.jpeg,3176325,Eucalyptus deglupta,2.466,"Mellisuga helenae (Lembeye, 1850)",5228500,22.394285,-81.211723,30298.0,NORTH_AMERICA,Matanzas,2024,3,7,2024-03-07T11:27,True,Bob Reed,iNaturalist,http://creativecommons.org/licenses/by-nc/4.0/,Bob Reed,https://inaturalist-open-data.s3.amazonaws.com/photos/360690849/original.jpeg; https://inaturalist-open-data.s3.amazonaws.com/photos/360690850/original.jpeg,k-caribbean,2024-10-24 02:23:50
original_4607190317_2.jpeg,5290129,Tragus berteronianus,1.194,"Mellisuga helenae (Lembeye, 1850)",5228500,22.394285,-81.211723,30298.0,NORTH_AMERICA,Matanzas,2024,3,7,2024-03-07T11:27,True,Bob Reed,iNaturalist,http://creativecommons.org/licenses/by-nc/4.0/,Bob Reed,https://inaturalist-open-data.s3.amazonaws.com/photos/360690849/original.jpeg; https://inaturalist-open-data.s3.amazonaws.com/photos/360690850/original.jpeg,k-caribbean,2024-10-24 02:23:54
original_4852154529_6.jpg,2907406,Chiococca alba,2.06,"Mellisuga helenae (Lembeye, 1850)",5228500,22.50277,-81.587313,69861.0,NORTH_AMERICA,Matanzas,2024,3,26,2024-03-26T17:21:21,True,Cheryl Rosenfeld,iNaturalist,http://creativecommons.org/licenses/by-nc/4.0/,Cheryl Rosenfeld,https://inaturalist-open-data.s3.amazonaws.com/photos/369532782/original.jpg; https://inaturalist-open-data.s3.amazonaws.com/photos/369532809/original.jpg; https://inaturalist-open-data.s3.amazonaws.com/photos/369532828/original.jpg; https://inaturalist-open-data.s3.amazonaws.com/photos/369532845/original.jpg; https://inaturalist-open-data.s3.amazonaws.com/photos/369532870/original.jpg; https://inaturalist-open-data.s3.amazonaws.com/photos/369532898/original.jpg; https://inaturalist-open-data.s3.amazonaws.com/photos/369532926/original.jpg; https://inaturalist-open-data.s3.amazonaws.com/photos/369532955/original.jpg; https://inaturalist-open-data.s3.amazonaws.com/photos/369532983/original.jpg; https://inaturalist-open-data.s3.amazonaws.com/photos/369533010/original.jpg; https://inaturalist-open-data.s3.amazonaws.com/photos/369533032/original.jpg; https://inaturalist-open-data.s3.amazonaws.com/photos/369533050/original.jpg; https://inaturalist-open-data.s3.amazonaws.com/photos/369533067/original.jpg; https://inaturalist-open-data.s3.amazonaws.com/photos/369533082/original.jpg; https://inaturalist-open-data.s3.amazonaws.com/photos/369533103/original.jpg; https://inaturalist-open-data.s3.amazonaws.com/photos/369533131/original.jpg,k-caribbean,2024-10-24 02:24:24
original_4852154529_7.jpg,5416259,Eugenia axillaris,7.846,"Mellisuga helenae (Lembeye, 1850)",5228500,22.50277,-81.587313,69861.0,NORTH_AMERICA,Matanzas,2024,3,26,2024-03-26T17:21:21,True,Cheryl Rosenfeld,iNaturalist,http://creativecommons.org/licenses/by-nc/4.0/,Cheryl Rosenfeld,https://inaturalist-open-data.s3.amazonaws.com/photos/369532782/original.jpg; https://inaturalist-open-data.s3.amazonaws.com/photos/369532809/original.jpg; https://inaturalist-open-data.s3.amazonaws.com/photos/369532828/original.jpg; https://inaturalist-open-data.s3.amazonaws.com/photos/369532845/original.jpg; https://inaturalist-open-data.s3.amazonaws.com/photos/369532870/original.jpg; https://inaturalist-open-data.s3.amazonaws.com/photos/369532898/original.jpg; https://inaturalist-open-data.s3.amazonaws.com/photos/369532926/original.jpg; https://inaturalist-open-data.s3.amazonaws.com/photos/369532955/original.jpg; https://inaturalist-open-data.s3.amazonaws.com/photos/369532983/original.jpg; https://inaturalist-open-data.s3.amazonaws.com/photos/369533010/original.jpg; https://inaturalist-open-data.s3.amazonaws.com/photos/369533032/original.jpg; https://inaturalist-open-data.s3.amazonaws.com/photos/369533050/original.jpg; https://inaturalist-open-data.s3.amazonaws.com/photos/369533067/original.jpg; https://inaturalist-open-data.s3.amazonaws.com/photos/369533082/original.jpg; https://inaturalist-open-data.s3.amazonaws.com/photos/369533103/original.jpg; https://inaturalist-open-data.s3.amazonaws.com/photos/369533131/original.jpg,k-caribbean,2024-10-24 02:24:27
original_4852949302_1.jpeg,5421445,Securidaca diversifolia,67.482,"Mellisuga helenae (Lembeye, 1850)",5228500,21.90156,-84.721557,30338.0,NORTH_AMERICA,Pinar del Río,2013,2,9,2013-02-09,True,Joe Sebastiani,iNaturalist,http://creativecommons.org/licenses/by-nc/4.0/,Joe Sebastiani,https://inaturalist-open-data.s3.amazonaws.com/photos/367788164/original.jpeg; https://inaturalist-open-data.s3.amazonaws.com/photos/367788171/original.jpeg; https://inaturalist-open-data.s3.amazonaws.com/photos/367788175/original.jpeg,k-caribbean,2024-10-24 02:24:34
original_4852949302_2.jpeg,2945453,Schizolobium parahyba,1.7319999999999998,"Mellisuga helenae (Lembeye, 1850)",5228500,21.90156,-84.721557,30338.0,NORTH_AMERICA,Pinar del Río,2013,2,9,2013-02-09,True,Joe Sebastiani,iNaturalist,http://creativecommons.org/licenses/by-nc/4.0/,Joe Sebastiani,https://inaturalist-open-data.s3.amazonaws.com/photos/367788164/original.jpeg; https://inaturalist-open-data.s3.amazonaws.com/photos/367788171/original.jpeg; https://inaturalist-open-data.s3.amazonaws.com/photos/367788175/original.jpeg,k-caribbean,2024-10-24 02:24:35
original_4852949302_3.jpeg,5406696,Ceiba aesculifolia,7.976999999999999,"Mellisuga helenae (Lembeye, 1850)",5228500,21.90156,-84.721557,30338.0,NORTH_AMERICA,Pinar del Río,2013,2,9,2013-02-09,True,Joe Sebastiani,iNaturalist,http://creativecommons.org/licenses/by-nc/4.0/,Joe Sebastiani,https://inaturalist-open-data.s3.amazonaws.com/photos/367788164/original.jpeg; https://inaturalist-open-data.s3.amazonaws.com/photos/367788171/original.jpeg; https://inaturalist-open-data.s3.amazonaws.com/photos/367788175/original.jpeg,k-caribbean,2024-10-24 02:24:37
original_4868134195_3.jpg,5415341,Odontonema cuspidatum,70.146,"Mellisuga helenae (Lembeye, 1850)",5228500,22.489371,-81.431898,69861.0,NORTH_AMERICA,Matanzas,2024,3,29,2024-03-29T16:50:48,True,Cheryl Rosenfeld,iNaturalist,http://creativecommons.org/licenses/by-nc/4.0/,Cheryl Rosenfeld,https://inaturalist-open-data.s3.amazonaws.com/photos/383848783/original.jpg; https://inaturalist-open-data.s3.amazonaws.com/photos/383848804/original.jpg; https://inaturalist-open-data.s3.amazonaws.com/photos/383848820/original.jpg; https://inaturalist-open-data.s3.amazonaws.com/photos/383848845/original.jpg; https://inaturalist-open-data.s3.amazonaws.com/photos/383848859/original.jpg; https://inaturalist-open-data.s3.amazonaws.com/photos/383848870/original.jpg; https://inaturalist-open-data.s3.amazonaws.com/photos/383848887/original.jpg; https://inaturalist-open-data.s3.amazonaws.com/photos/383848901/original.jpg; https://inaturalist-open-data.s3.amazonaws.com/photos/383848914/original.jpg; https://inaturalist-open-data.s3.amazonaws.com/photos/383848933/original.jpg; https://inaturalist-open-data.s3.amazonaws.com/photos/383848961/original.jpg; https://inaturalist-open-data.s3.amazonaws.com/photos/383848980/original.jpg; https://inaturalist-open-data.s3.amazonaws.com/photos/383849001/original.jpg; https://inaturalist-open-data.s3.amazonaws.com/photos/383849015/original.jpg; https://inaturalist-open-data.s3.amazonaws.com/photos/383849034/original.jpg; https://inaturalist-open-data.s3.amazonaws.com/photos/383849058/original.jpg; https://inaturalist-open-data.s3.amazonaws.com/photos/383849084/original.jpg,k-caribbean,2024-10-24 02:25:03
original_4901400867_1.jpg,2902066,Hamelia patens,91.217,"Mellisuga helenae (Lembeye, 1850)",5228500,22.387553,-81.205747,30298.0,NORTH_AMERICA,Matanzas,2024,6,2,2024-06-02T11:24,True,goblekitepe,iNaturalist,http://creativecommons.org/licenses/by-nc/4.0/,goblekitepe,https://inaturalist-open-data.s3.amazonaws.com/photos/395325349/original.jpg,k-caribbean,2024-10-24 02:25:19
original_4908508457_1.jpeg,2895593,Genipa americana,1.629,"Mellisuga helenae (Lembeye, 1850)",5228500,22.550768,-81.139868,30278.0,NORTH_AMERICA,Matanzas,2015,2,13,2015-02-13T08:51,True,Tom Heijnen,iNaturalist,http://creativecommons.org/licenses/by-nc/4.0/,Tom Heijnen,https://inaturalist-open-data.s3.amazonaws.com/photos/407067315/original.jpeg; https://inaturalist-open-data.s3.amazonaws.com/photos/407067328/original.jpeg; https://inaturalist-open-data.s3.amazonaws.com/photos/407067353/original.jpeg,k-caribbean,2024-10-24 02:25:24
original_4908508457_2.jpeg,2902066,Hamelia patens,14.785,"Mellisuga helenae (Lembeye, 1850)",5228500,22.550768,-81.139868,30278.0,NORTH_AMERICA,Matanzas,2015,2,13,2015-02-13T08:51,True,Tom Heijnen,iNaturalist,http://creativecommons.org/licenses/by-nc/4.0/,Tom Heijnen,https://inaturalist-open-data.s3.amazonaws.com/photos/407067315/original.jpeg; https://inaturalist-open-data.s3.amazonaws.com/photos/407067328/original.jpeg; https://inaturalist-open-data.s3.amazonaws.com/photos/407067353/original.jpeg,k-caribbean,2024-10-24 02:25:26
original_4908508457_3.jpeg,2902066,Hamelia patens,91.078,"Mellisuga helenae (Lembeye, 1850)",5228500,22.550768,-81.139868,30278.0,NORTH_AMERICA,Matanzas,2015,2,13,2015-02-13T08:51,True,Tom Heijnen,iNaturalist,http://creativecommons.org/licenses/by-nc/4.0/,Tom Heijnen,https://inaturalist-open-data.s3.amazonaws.com/photos/407067315/original.jpeg; https://inaturalist-open-data.s3.amazonaws.com/photos/407067328/original.jpeg; https://inaturalist-open-data.s3.amazonaws.com/photos/407067353/original.jpeg,k-caribbean,2024-10-24 02:25:28
original_4909301703_1.jpeg,5331164,Flacourtia jangomas,1.115,"Mellisuga helenae (Lembeye, 1850)",5228500,22.562863,-81.145368,30278.0,NORTH_AMERICA,Matanzas,2015,2,13,2015-02-13T08:41,True,Tom Heijnen,iNaturalist,http://creativecommons.org/licenses/by-nc/4.0/,Tom Heijnen,https://inaturalist-open-data.s3.amazonaws.com/photos/407067001/original.jpg; https://inaturalist-open-data.s3.amazonaws.com/photos/407067054/original.jpeg; https://inaturalist-open-data.s3.amazonaws.com/photos/407067200/original.jpeg,k-caribbean,2024-10-24 02:25:33
original_4909301703_2.jpg,2902066,Hamelia patens,68.452,"Mellisuga helenae (Lembeye, 1850)",5228500,22.562863,-81.145368,30278.0,NORTH_AMERICA,Matanzas,2015,2,13,2015-02-13T08:41,True,Tom Heijnen,iNaturalist,http://creativecommons.org/licenses/by-nc/4.0/,Tom Heijnen,https://inaturalist-open-data.s3.amazonaws.com/photos/407067001/original.jpg; https://inaturalist-open-data.s3.amazonaws.com/photos/407067054/original.jpeg; https://inaturalist-open-data.s3.amazonaws.com/photos/407067200/original.jpeg,k-caribbean,2024-10-24 02:25:35
original_4909301703_3.jpeg,2902066,Hamelia patens,89.838,"Mellisuga helenae (Lembeye, 1850)",5228500,22.562863,-81.145368,30278.0,NORTH_AMERICA,Matanzas,2015,2,13,2015-02-13T08:41,True,Tom Heijnen,iNaturalist,http://creativecommons.org/licenses/by-nc/4.0/,Tom Heijnen,https://inaturalist-open-data.s3.amazonaws.com/photos/407067001/original.jpg; https://inaturalist-open-data.s3.amazonaws.com/photos/407067054/original.jpeg; https://inaturalist-open-data.s3.amazonaws.com/photos/407067200/original.jpeg,k-caribbean,2024-10-24 02:25:38
original_4921606679_1.jpeg,3172603,Mansoa alliacea,6.059,"Mellisuga helenae (Lembeye, 1850)",5228500,22.226086,-81.311328,30298.0,NORTH_AMERICA,Matanzas,2024,7,24,2024-07-24T11:41,True,Nikolas Robinson,iNaturalist,http://creativecommons.org/licenses/by-nc/4.0/,Nikolas Robinson,https://inaturalist-open-data.s3.amazonaws.com/photos/416300760/original.jpeg; https://inaturalist-open-data.s3.amazonaws.com/photos/416300834/original.jpeg,k-caribbean,2024-10-24 02:25:40
original_4921677464_1.jpeg,2874119,Xylosma flexuosa,4.032,"Mellisuga helenae (Lembeye, 1850)",5228500,22.293271,-81.325254,30298.0,NORTH_AMERICA,Matanzas,2024,7,22,2024-07-22T13:46,True,Nikolas Robinson,iNaturalist,http://creativecommons.org/licenses/by-nc/4.0/,Nikolas Robinson,https://inaturalist-open-data.s3.amazonaws.com/photos/416250646/original.jpeg; https://inaturalist-open-data.s3.amazonaws.com/photos/416250665/original.jpeg; https://inaturalist-open-data.s3.amazonaws.com/photos/416250756/original.jpeg; https://inaturalist-open-data.s3.amazonaws.com/photos/416251167/original.jpeg; https://inaturalist-open-data.s3.amazonaws.com/photos/416260129/original.jpg; https://inaturalist-open-data.s3.amazonaws.com/photos/416261332/original.jpeg; https://inaturalist-open-data.s3.amazonaws.com/photos/416262687/original.jpeg,k-caribbean,2024-10-24 02:25:44
original_4921677464_2.jpg,2902066,Hamelia patens,98.178,"Mellisuga helenae (Lembeye, 1850)",5228500,22.293271,-81.325254,30298.0,NORTH_AMERICA,Matanzas,2024,7,22,2024-07-22T13:46,True,Nikolas Robinson,iNaturalist,http://creativecommons.org/licenses/by-nc/4.0/,Nikolas Robinson,https://inaturalist-open-data.s3.amazonaws.com/photos/416250646/original.jpeg; https://inaturalist-open-data.s3.amazonaws.com/photos/416250665/original.jpeg; https://inaturalist-open-data.s3.amazonaws.com/photos/416250756/original.jpeg; https://inaturalist-open-data.s3.amazonaws.com/photos/416251167/original.jpeg; https://inaturalist-open-data.s3.amazonaws.com/photos/416260129/original.jpg; https://inaturalist-open-data.s3.amazonaws.com/photos/416261332/original.jpeg; https://inaturalist-open-data.s3.amazonaws.com/photos/416262687/original.jpeg,k-caribbean,2024-10-24 02:25:46
original_4921677464_7.jpeg,2902066,Hamelia patens,92.109,"Mellisuga helenae (Lembeye, 1850)",5228500,22.293271,-81.325254,30298.0,NORTH_AMERICA,Matanzas,2024,7,22,2024-07-22T13:46,True,Nikolas Robinson,iNaturalist,http://creativecommons.org/licenses/by-nc/4.0/,Nikolas Robinson,https://inaturalist-open-data.s3.amazonaws.com/photos/416250646/original.jpeg; https://inaturalist-open-data.s3.amazonaws.com/photos/416250665/original.jpeg; https://inaturalist-open-data.s3.amazonaws.com/photos/416250756/original.jpeg; https://inaturalist-open-data.s3.amazonaws.com/photos/416251167/original.jpeg; https://inaturalist-open-data.s3.amazonaws.com/photos/416260129/original.jpg; https://inaturalist-open-data.s3.amazonaws.com/photos/416261332/original.jpeg; https://inaturalist-open-data.s3.amazonaws.com/photos/416262687/original.jpeg,k-caribbean,2024-10-24 02:25:56
