imageFileName,gbifIDPlant,speciesPlant,scorePlant,scientificNameBird,gbifIDBird,decimalLatitude,decimalLongitude,coordinateUncertaintyInMeters,continent,stateProvince,year,month,day,eventDate,dateFieldsValid,creator,publisher,license,rightsHolder,identifier,projectID,identificationDateTime
27983586609_27f6dcab2b_b_2329627431_1.jpg,5321877,Ionopsis utricularioides,13.443,"Pterophanes cyanopterus (Fraser, 1840)",2476159,4.968722,-75.378204,250.0,SOUTH_AMERICA,nan,,,,2017-08-27T00:00,False,Unknown,Unknown,Unknown,Unknown,http://live.staticflickr.com/4748/27983586609_27f6dcab2b_b.jpg,k-western-south-america,2024-10-28 12:35:29
28600972744_c95e67a6b2_b_2329624567_2.jpg,4095247,Valeriana microphylla,1.167,"Pterophanes cyanopterus (Fraser, 1840)",2476159,4.895138,-75.331749,250.0,SOUTH_AMERICA,nan,,,,2016-07-31T00:00,False,Unknown,Unknown,Unknown,Unknown,http://live.staticflickr.com/8222/28602795043_675ca24c11_b.jpg; http://live.staticflickr.com/8289/28600972744_c95e67a6b2_b.jpg,k-western-south-america,2024-10-28 12:35:32
28602795043_675ca24c11_b_2329624567_1.jpg,5556447,Clusia grandiflora,0.954,"Pterophanes cyanopterus (Fraser, 1840)",2476159,4.895138,-75.331749,250.0,SOUTH_AMERICA,nan,,,,2016-07-31T00:00,False,Unknown,Unknown,Unknown,Unknown,http://live.staticflickr.com/8222/28602795043_675ca24c11_b.jpg; http://live.staticflickr.com/8289/28600972744_c95e67a6b2_b.jpg,k-western-south-america,2024-10-28 12:35:34
49024959876_52912444f3_b_2449388578_1.jpg,3176197,Eucalyptus camaldulensis,29.633,"Pterophanes cyanopterus (Fraser, 1840)",2476159,-16.313267,-67.907944,25.0,SOUTH_AMERICA,nan,,,,2019-10-14T00:00,False,Unknown,Unknown,Unknown,Unknown,https://live.staticflickr.com/65535/49024959876_52912444f3_b.jpg,k-western-south-america,2024-10-28 12:35:36
51759111694_b5655a02a2_b_3447339076_1.jpg,3124739,Vernonanthura patens,22.307,"Pterophanes cyanopterus (Fraser, 1840)",2476159,4.606992,-74.05703,250.0,SOUTH_AMERICA,nan,,,,2021-12-03T00:00,False,Unknown,Unknown,Unknown,Unknown,https://live.staticflickr.com/65535/51759111694_b5655a02a2_b.jpg; https://live.staticflickr.com/65535/51759325595_c4d5f4f785_b.jpg,k-western-south-america,2024-10-28 12:35:37
51759325595_c4d5f4f785_b_3447339076_2.jpg,4175860,Endlicheria paniculata,1.2959999999999998,"Pterophanes cyanopterus (Fraser, 1840)",2476159,4.606992,-74.05703,250.0,SOUTH_AMERICA,nan,,,,2021-12-03T00:00,False,Unknown,Unknown,Unknown,Unknown,https://live.staticflickr.com/65535/51759111694_b5655a02a2_b.jpg; https://live.staticflickr.com/65535/51759325595_c4d5f4f785_b.jpg,k-western-south-america,2024-10-28 12:35:39
original_1572359679_1.jpg,3740764,Russelia sarmentosa,4.2299999999999995,"Pterophanes cyanopterus (Fraser, 1840)",2476159,4.970135,-75.378047,266.0,SOUTH_AMERICA,Caldas,,,,2016-10-28T16:07:45,False,Nate Swick,iNaturalist,http://creativecommons.org/licenses/by-nc/4.0/,Nate Swick,https://inaturalist-open-data.s3.amazonaws.com/photos/8821143/original.jpg,k-western-south-america,2024-10-28 12:35:59
original_1703150163_1.jpeg,5591185,Drymonia coccinea,5.811999999999999,"Pterophanes cyanopterus (Fraser, 1840)",2476159,4.972552,-75.383904,2000.0,SOUTH_AMERICA,Caldas,,,,2014-08-17T14:05,False,mkosiewski,iNaturalist,http://creativecommons.org/licenses/by-nc/4.0/,mkosiewski,https://inaturalist-open-data.s3.amazonaws.com/photos/11765013/original.jpeg,k-western-south-america,2024-10-28 12:36:03
original_1831167806_1.jpeg,7309398,Vitex megapotamica,1.831,"Pterophanes cyanopterus (Fraser, 1840)",2476159,-6.775752,-77.896285,592.0,SOUTH_AMERICA,Amazonas,,,,2016-02-12T15:22,False,lauriekoepke,iNaturalist,http://creativecommons.org/licenses/by-nc/4.0/,lauriekoepke,https://inaturalist-open-data.s3.amazonaws.com/photos/13425245/original.jpeg,k-western-south-america,2024-10-28 12:36:06
original_1837792301_1.jpg,2932944,Capsicum annuum,4.721,"Pterophanes cyanopterus (Fraser, 1840)",2476159,-0.127279,-78.59046,4.0,SOUTH_AMERICA,Pichincha,,,,2017-03-04T08:46,False,Julien Renoult,iNaturalist,http://creativecommons.org/licenses/by/4.0/,Julien Renoult,https://inaturalist-open-data.s3.amazonaws.com/photos/8898918/original.jpg,k-western-south-america,2024-10-28 12:36:11
original_1891344386_1.jpg,2943558,Pentaclethra macroloba,3.6540000000000004,"Pterophanes cyanopterus (Fraser, 1840)",2476159,-0.111739,-78.584856,212.0,SOUTH_AMERICA,Pichincha,,,,2018-05-05T08:30,False,sandy-espinozaf,iNaturalist,http://creativecommons.org/licenses/by-nc/4.0/,sandy-espinozaf,https://inaturalist-open-data.s3.amazonaws.com/photos/23208597/original.jpg,k-western-south-america,2024-10-28 12:36:24
original_1920827963_1.jpeg,7313343,Passiflora glandulosa,0.996,"Pterophanes cyanopterus (Fraser, 1840)",2476159,4.664553,-73.964154,15.0,SOUTH_AMERICA,Cundinamarca,,,,2018-09-28,False,Nicolas Olejnik,iNaturalist,http://creativecommons.org/licenses/by-nc/4.0/,Nicolas Olejnik,https://inaturalist-open-data.s3.amazonaws.com/photos/26338471/original.jpeg,k-western-south-america,2024-10-28 12:36:27
original_1950034850_1.jpg,2703041,Arundo donax,5.562,"Pterophanes cyanopterus (Fraser, 1840)",2476159,-4.625771,-79.312754,38184.0,SOUTH_AMERICA,Zamora Chinchipe,,,,2017-02-27T17:41,False,Matt Clark,iNaturalist,http://creativecommons.org/licenses/by-nc/4.0/,Matt Clark,https://inaturalist-open-data.s3.amazonaws.com/photos/7349182/original.jpg,k-western-south-america,2024-10-28 12:36:37
original_1990519796_1.jpeg,2894630,Guettarda elliptica,2.477,"Pterophanes cyanopterus (Fraser, 1840)",2476159,2.366461,-76.402099,1026.0,SOUTH_AMERICA,Cauca,,,,2015-04-01T15:40,False,Jeff Harding,iNaturalist,http://creativecommons.org/licenses/by-nc/4.0/,Jeff Harding,https://inaturalist-open-data.s3.amazonaws.com/photos/30338550/original.jpeg,k-western-south-america,2024-10-28 12:36:46
original_1990618541_1.jpg,2943558,Pentaclethra macroloba,22.505,"Pterophanes cyanopterus (Fraser, 1840)",2476159,-0.111381,-78.585382,107.0,SOUTH_AMERICA,Pichincha,,,,2019-01-29,False,sandy-espinozaf,iNaturalist,http://creativecommons.org/licenses/by/4.0/,sandy-espinozaf,https://inaturalist-open-data.s3.amazonaws.com/photos/30791456/original.jpg,k-western-south-america,2024-10-28 12:36:51
original_2012990807_1.jpg,5370573,Polylepis sericea,1.572,"Pterophanes cyanopterus (Fraser, 1840)",2476159,-0.111468,-78.585098,31451.0,SOUTH_AMERICA,Pichincha,,,,2019-01-29T11:27,False,Carrie Seltzer,iNaturalist,http://creativecommons.org/licenses/by-nc/4.0/,Carrie Seltzer,https://inaturalist-open-data.s3.amazonaws.com/photos/32313615/original.jpg; https://inaturalist-open-data.s3.amazonaws.com/photos/32313623/original.jpg,k-western-south-america,2024-10-28 12:36:53
original_2012990807_2.jpg,4117345,Sporobolus pyramidalis,1.3259999999999998,"Pterophanes cyanopterus (Fraser, 1840)",2476159,-0.111468,-78.585098,31451.0,SOUTH_AMERICA,Pichincha,,,,2019-01-29T11:27,False,Carrie Seltzer,iNaturalist,http://creativecommons.org/licenses/by-nc/4.0/,Carrie Seltzer,https://inaturalist-open-data.s3.amazonaws.com/photos/32313615/original.jpg; https://inaturalist-open-data.s3.amazonaws.com/photos/32313623/original.jpg,k-western-south-america,2024-10-28 12:36:56
original_2013020309_1.jpeg,3874097,Rhizophora racemosa,1.711,"Pterophanes cyanopterus (Fraser, 1840)",2476159,-0.127572,-78.590631,,SOUTH_AMERICA,Pichincha,,,,2019-02-16T11:36,False,Eric Carpenter,iNaturalist,http://creativecommons.org/licenses/by-nc/4.0/,Eric Carpenter,https://inaturalist-open-data.s3.amazonaws.com/photos/32478092/original.jpeg,k-western-south-america,2024-10-28 12:36:58
original_2013020386_1.jpeg,8368994,Passiflora mixta,1.158,"Pterophanes cyanopterus (Fraser, 1840)",2476159,-0.111703,-78.585203,,SOUTH_AMERICA,Pichincha,,,,2019-02-16T08:54,False,Eric Carpenter,iNaturalist,http://creativecommons.org/licenses/by-nc/4.0/,Eric Carpenter,https://inaturalist-open-data.s3.amazonaws.com/photos/32478147/original.jpeg,k-western-south-america,2024-10-28 12:37:01
original_2234799898_1.jpg,2943558,Pentaclethra macroloba,3.7600000000000002,"Pterophanes cyanopterus (Fraser, 1840)",2476159,-0.152853,-78.572402,181798.0,SOUTH_AMERICA,Pichincha,,,,2019-03-04T13:43:54,False,nikitacoppisetti,iNaturalist,http://creativecommons.org/licenses/by-nc/4.0/,nikitacoppisetti,https://inaturalist-open-data.s3.amazonaws.com/photos/33541211/original.jpg,k-western-south-america,2024-10-28 12:37:06
original_2235537420_2.jpg,5285090,Pinus patula,1.0710000000000002,"Pterophanes cyanopterus (Fraser, 1840)",2476159,-0.016039,-78.680877,27.0,SOUTH_AMERICA,Pichincha,,,,2019-03-20T09:22,False,Debara,iNaturalist,http://creativecommons.org/licenses/by-nc/4.0/,Debara,https://inaturalist-open-data.s3.amazonaws.com/photos/33972416/original.jpg; https://inaturalist-open-data.s3.amazonaws.com/photos/33972581/original.jpg,k-western-south-america,2024-10-28 12:37:10
original_2237470156_1.jpg,2932547,Solanum paniculatum,1.4949999999999999,"Pterophanes cyanopterus (Fraser, 1840)",2476159,-0.127349,-78.590566,50.0,SOUTH_AMERICA,Pichincha,,,,2012-01-03T11:42,False,Chris Harrison,iNaturalist,http://creativecommons.org/licenses/by-nc/4.0/,Chris Harrison,https://inaturalist-open-data.s3.amazonaws.com/photos/35375650/original.jpg; https://inaturalist-open-data.s3.amazonaws.com/photos/35375773/original.jpg,k-western-south-america,2024-10-28 12:37:12
original_2237470156_2.jpg,2760906,Heliconia longa,13.164000000000001,"Pterophanes cyanopterus (Fraser, 1840)",2476159,-0.127349,-78.590566,50.0,SOUTH_AMERICA,Pichincha,,,,2012-01-03T11:42,False,Chris Harrison,iNaturalist,http://creativecommons.org/licenses/by-nc/4.0/,Chris Harrison,https://inaturalist-open-data.s3.amazonaws.com/photos/35375650/original.jpg; https://inaturalist-open-data.s3.amazonaws.com/photos/35375773/original.jpg,k-western-south-america,2024-10-28 12:37:14
original_2273285121_2.jpg,4094627,Bignonia magnifica,4.8629999999999995,"Pterophanes cyanopterus (Fraser, 1840)",2476159,4.714618,-73.944459,2958.0,SOUTH_AMERICA,Cundinamarca,,,,2019-06-22T12:27:37,False,poutini,iNaturalist,http://creativecommons.org/licenses/by-nc/4.0/,poutini,https://inaturalist-open-data.s3.amazonaws.com/photos/42969635/original.jpg; https://inaturalist-open-data.s3.amazonaws.com/photos/42969757/original.jpg,k-western-south-america,2024-10-28 12:37:21
original_2311337748_1.jpeg,5319715,Epidendrum rigidum,1.022,"Pterophanes cyanopterus (Fraser, 1840)",2476159,4.970432,-75.37819,208.0,SOUTH_AMERICA,Caldas,,,,2019-06-30,False,dancingbirder,iNaturalist,http://creativecommons.org/licenses/by-nc/4.0/,dancingbirder,https://inaturalist-open-data.s3.amazonaws.com/photos/46271166/original.jpeg,k-western-south-america,2024-10-28 12:37:24
original_2397520255_1.jpg,3168841,Siphocampylus giganteus,8.61,"Pterophanes cyanopterus (Fraser, 1840)",2476159,-0.467958,-78.43164,273.0,SOUTH_AMERICA,Pichincha,,,,2018-08-25T18:40,False,sandy-espinozaf,iNaturalist,http://creativecommons.org/licenses/by/4.0/,sandy-espinozaf,https://inaturalist-open-data.s3.amazonaws.com/photos/49067642/original.jpg,k-western-south-america,2024-10-28 12:37:27
original_2397565412_1.jpg,3105054,Espeletia pycnophylla,1.131,"Pterophanes cyanopterus (Fraser, 1840)",2476159,-1.124642,-78.355103,5.0,SOUTH_AMERICA,Tungurahua,,,,2019-08-25T12:55:41,False,rflores,iNaturalist,http://creativecommons.org/licenses/by-nc/4.0/,rflores,https://inaturalist-open-data.s3.amazonaws.com/photos/49345097/original.jpg; https://inaturalist-open-data.s3.amazonaws.com/photos/49345113/original.jpg; https://inaturalist-open-data.s3.amazonaws.com/photos/49345126/original.jpg,k-western-south-america,2024-10-28 12:37:29
original_2397565412_2.jpg,3105054,Espeletia pycnophylla,2.641,"Pterophanes cyanopterus (Fraser, 1840)",2476159,-1.124642,-78.355103,5.0,SOUTH_AMERICA,Tungurahua,,,,2019-08-25T12:55:41,False,rflores,iNaturalist,http://creativecommons.org/licenses/by-nc/4.0/,rflores,https://inaturalist-open-data.s3.amazonaws.com/photos/49345097/original.jpg; https://inaturalist-open-data.s3.amazonaws.com/photos/49345113/original.jpg; https://inaturalist-open-data.s3.amazonaws.com/photos/49345126/original.jpg,k-western-south-america,2024-10-28 12:37:30
original_2397565412_3.jpg,2696295,Puya glomerifera,0.6479999999999999,"Pterophanes cyanopterus (Fraser, 1840)",2476159,-1.124642,-78.355103,5.0,SOUTH_AMERICA,Tungurahua,,,,2019-08-25T12:55:41,False,rflores,iNaturalist,http://creativecommons.org/licenses/by-nc/4.0/,rflores,https://inaturalist-open-data.s3.amazonaws.com/photos/49345097/original.jpg; https://inaturalist-open-data.s3.amazonaws.com/photos/49345113/original.jpg; https://inaturalist-open-data.s3.amazonaws.com/photos/49345126/original.jpg,k-western-south-america,2024-10-28 12:37:32
original_2451589921_1.jpeg,7721174,Vallea stipularis,1.013,"Pterophanes cyanopterus (Fraser, 1840)",2476159,-2.473841,-78.915145,31.0,SOUTH_AMERICA,Cañar,,,,2019-08-24,False,juancastillo72,iNaturalist,http://creativecommons.org/licenses/by-nc/4.0/,juancastillo72,https://inaturalist-open-data.s3.amazonaws.com/photos/49503547/original.jpeg,k-western-south-america,2024-10-28 12:37:48
original_2460018427_1.jpeg,2979000,Acacia melanoxylon,4.414,"Pterophanes cyanopterus (Fraser, 1840)",2476159,4.664389,-73.964395,209.0,SOUTH_AMERICA,Cundinamarca,,,,2019-11-17T09:03,False,Nurys Esperanza Silva Cantillo,iNaturalist,http://creativecommons.org/licenses/by-nc-nd/4.0/,Nurys Esperanza Silva Cantillo,https://inaturalist-open-data.s3.amazonaws.com/photos/56511774/original.jpeg; https://inaturalist-open-data.s3.amazonaws.com/photos/56512088/original.jpeg,k-western-south-america,2024-10-28 12:37:53
original_2460018427_2.jpeg,2979000,Acacia melanoxylon,40.294999999999995,"Pterophanes cyanopterus (Fraser, 1840)",2476159,4.664389,-73.964395,209.0,SOUTH_AMERICA,Cundinamarca,,,,2019-11-17T09:03,False,Nurys Esperanza Silva Cantillo,iNaturalist,http://creativecommons.org/licenses/by-nc-nd/4.0/,Nurys Esperanza Silva Cantillo,https://inaturalist-open-data.s3.amazonaws.com/photos/56511774/original.jpeg; https://inaturalist-open-data.s3.amazonaws.com/photos/56512088/original.jpeg,k-western-south-america,2024-10-28 12:37:55
original_2540789813_1.jpg,3176197,Eucalyptus camaldulensis,43.969,"Pterophanes cyanopterus (Fraser, 1840)",2476159,-16.176777,-67.724817,1455.0,SOUTH_AMERICA,La Paz,,,,2019-10-14T19:03,False,josefwirth,iNaturalist,http://creativecommons.org/licenses/by-nc/4.0/,josefwirth,https://inaturalist-open-data.s3.amazonaws.com/photos/58285590/original.jpg,k-western-south-america,2024-10-28 12:37:57
original_2557749824_1.jpg,3905260,Salvia corrugata,30.607,"Pterophanes cyanopterus (Fraser, 1840)",2476159,-1.405534,-79.019123,516.0,SOUTH_AMERICA,Bolivar,,,,2011-02-21,False,Holger Beck,iNaturalist,http://creativecommons.org/licenses/by-nc/4.0/,Holger Beck,https://inaturalist-open-data.s3.amazonaws.com/photos/59400555/original.jpg,k-western-south-america,2024-10-28 12:37:59
original_2563606339_1.jpeg,3129163,Baccharis prunifolia,4.961,"Pterophanes cyanopterus (Fraser, 1840)",2476159,4.970483,-75.378177,13.0,SOUTH_AMERICA,Caldas,,,,2015-02-26T11:45,False,Jeff Harding,iNaturalist,http://creativecommons.org/licenses/by-nc/4.0/,Jeff Harding,https://inaturalist-open-data.s3.amazonaws.com/photos/60317776/original.jpeg,k-western-south-america,2024-10-28 12:38:01
original_2573915201_1.jpg,5321877,Ionopsis utricularioides,9.107,"Pterophanes cyanopterus (Fraser, 1840)",2476159,-0.089588,-78.603914,16964.0,SOUTH_AMERICA,Pichincha,,,,2019-02-22T00:04,False,Seth Ames,iNaturalist,http://creativecommons.org/licenses/by-nc/4.0/,Seth Ames,https://inaturalist-open-data.s3.amazonaws.com/photos/60949796/original.jpg,k-western-south-america,2024-10-28 12:38:06
original_2573925269_1.jpg,5938225,Fuchsia boliviana,71.94500000000001,"Pterophanes cyanopterus (Fraser, 1840)",2476159,4.664139,-73.964528,30.0,SOUTH_AMERICA,Cundinamarca,,,,2020-01-21T15:56,False,Paul Tavares,iNaturalist,http://creativecommons.org/licenses/by-nc/4.0/,Paul Tavares,https://inaturalist-open-data.s3.amazonaws.com/photos/60982989/original.jpg,k-western-south-america,2024-10-28 12:38:09
original_2573982272_1.jpg,4925530,Tillandsia balbisiana,18.192,"Pterophanes cyanopterus (Fraser, 1840)",2476159,4.664139,-73.964528,30.0,SOUTH_AMERICA,Cundinamarca,,,,2020-01-21T15:36,False,Paul Tavares,iNaturalist,http://creativecommons.org/licenses/by-nc/4.0/,Paul Tavares,https://inaturalist-open-data.s3.amazonaws.com/photos/60982980/original.jpg,k-western-south-america,2024-10-28 12:38:11
original_2574080635_1.jpg,5556447,Clusia grandiflora,1.694,"Pterophanes cyanopterus (Fraser, 1840)",2476159,4.664328,-73.964408,,SOUTH_AMERICA,Cundinamarca,,,,2020-01-13T16:09,False,Laura Gaudette,iNaturalist,http://creativecommons.org/licenses/by/4.0/,Laura Gaudette,https://inaturalist-open-data.s3.amazonaws.com/photos/61156638/original.jpg,k-western-south-america,2024-10-28 12:38:14
original_2574145132_1.jpeg,7971787,Vaccinium floribundum,3.839,"Pterophanes cyanopterus (Fraser, 1840)",2476159,4.5425,-74.070833,2162.0,SOUTH_AMERICA,Cundinamarca,,,,2020-01-28T08:20,False,Carlos Reyes-Munévar,iNaturalist,http://creativecommons.org/licenses/by-nc-nd/4.0/,Carlos Reyes-Munévar,https://inaturalist-open-data.s3.amazonaws.com/photos/60867042/original.jpeg,k-western-south-america,2024-10-28 12:38:17
original_2574187572_1.jpg,2888601,Viburnum lantanoides,2.231,"Pterophanes cyanopterus (Fraser, 1840)",2476159,-0.111739,-78.584856,360.0,SOUTH_AMERICA,Pichincha,,,,2017-10-07T00:00,False,Ivan Phillipsen,iNaturalist,http://creativecommons.org/licenses/by-nc/4.0/,Ivan Phillipsen,https://inaturalist-open-data.s3.amazonaws.com/photos/61730215/original.jpg,k-western-south-america,2024-10-28 12:38:19
original_2574244128_2.jpeg,5289624,Chloris virgata,0.5579999999999999,"Pterophanes cyanopterus (Fraser, 1840)",2476159,-0.111757,-78.585165,231.0,SOUTH_AMERICA,Pichincha,,,,2019-04-24,False,subhashc,iNaturalist,http://creativecommons.org/licenses/by-nc/4.0/,subhashc,https://inaturalist-open-data.s3.amazonaws.com/photos/60859692/original.jpeg; https://inaturalist-open-data.s3.amazonaws.com/photos/60859697/original.jpeg; https://inaturalist-open-data.s3.amazonaws.com/photos/60859701/original.jpeg; https://inaturalist-open-data.s3.amazonaws.com/photos/60859709/original.jpeg,k-western-south-america,2024-10-28 12:38:22
original_2574244128_3.jpeg,2695906,Tillandsia lajensis,1.727,"Pterophanes cyanopterus (Fraser, 1840)",2476159,-0.111757,-78.585165,231.0,SOUTH_AMERICA,Pichincha,,,,2019-04-24,False,subhashc,iNaturalist,http://creativecommons.org/licenses/by-nc/4.0/,subhashc,https://inaturalist-open-data.s3.amazonaws.com/photos/60859692/original.jpeg; https://inaturalist-open-data.s3.amazonaws.com/photos/60859697/original.jpeg; https://inaturalist-open-data.s3.amazonaws.com/photos/60859701/original.jpeg; https://inaturalist-open-data.s3.amazonaws.com/photos/60859709/original.jpeg,k-western-south-america,2024-10-28 12:38:25
original_2574246147_1.jpeg,7981652,Rhabdadenia biflora,4.614,"Pterophanes cyanopterus (Fraser, 1840)",2476159,-0.111757,-78.585165,231.0,SOUTH_AMERICA,Pichincha,,,,2019-04-24,False,subhashc,iNaturalist,http://creativecommons.org/licenses/by-nc/4.0/,subhashc,https://inaturalist-open-data.s3.amazonaws.com/photos/60859723/original.jpeg; https://inaturalist-open-data.s3.amazonaws.com/photos/60859727/original.jpeg; https://inaturalist-open-data.s3.amazonaws.com/photos/60859748/original.jpeg,k-western-south-america,2024-10-28 12:38:28
original_2574246147_3.jpeg,5289423,Typha latifolia,0.721,"Pterophanes cyanopterus (Fraser, 1840)",2476159,-0.111757,-78.585165,231.0,SOUTH_AMERICA,Pichincha,,,,2019-04-24,False,subhashc,iNaturalist,http://creativecommons.org/licenses/by-nc/4.0/,subhashc,https://inaturalist-open-data.s3.amazonaws.com/photos/60859723/original.jpeg; https://inaturalist-open-data.s3.amazonaws.com/photos/60859727/original.jpeg; https://inaturalist-open-data.s3.amazonaws.com/photos/60859748/original.jpeg,k-western-south-america,2024-10-28 12:38:32
original_2576434837_1.jpg,3152820,Platanus occidentalis,1.7069999999999999,"Pterophanes cyanopterus (Fraser, 1840)",2476159,4.970556,-75.3775,30.0,SOUTH_AMERICA,Caldas,,,,2020-01-23T13:51,False,Paul Tavares,iNaturalist,http://creativecommons.org/licenses/by-nc/4.0/,Paul Tavares,https://inaturalist-open-data.s3.amazonaws.com/photos/62596024/original.jpg,k-western-south-america,2024-10-28 12:38:39
original_2596378549_1.jpg,7294305,Cantua buxifolia,1.492,"Pterophanes cyanopterus (Fraser, 1840)",2476159,-0.111757,-78.585165,231.0,SOUTH_AMERICA,Pichincha,,,,2010-10-02T11:10,False,M.L. Watson,iNaturalist,http://creativecommons.org/licenses/by-nc-nd/4.0/,M.L. Watson,https://inaturalist-open-data.s3.amazonaws.com/photos/64854684/original.jpg,k-western-south-america,2024-10-28 12:38:42
original_2603291919_1.jpg,10776760,Chaetogastra grossa,44.767,"Pterophanes cyanopterus (Fraser, 1840)",2476159,5.023766,-75.367121,310.0,SOUTH_AMERICA,Caldas,,,,2020-03-05T15:47,False,Peter Hollinger,iNaturalist,http://creativecommons.org/licenses/by-nc/4.0/,Peter Hollinger,https://inaturalist-open-data.s3.amazonaws.com/photos/66349306/original.jpg; https://inaturalist-open-data.s3.amazonaws.com/photos/66355413/original.jpg; https://inaturalist-open-data.s3.amazonaws.com/photos/66355414/original.jpg,k-western-south-america,2024-10-28 12:38:50
original_2603291919_2.jpg,10776760,Chaetogastra grossa,35.83,"Pterophanes cyanopterus (Fraser, 1840)",2476159,5.023766,-75.367121,310.0,SOUTH_AMERICA,Caldas,,,,2020-03-05T15:47,False,Peter Hollinger,iNaturalist,http://creativecommons.org/licenses/by-nc/4.0/,Peter Hollinger,https://inaturalist-open-data.s3.amazonaws.com/photos/66349306/original.jpg; https://inaturalist-open-data.s3.amazonaws.com/photos/66355413/original.jpg; https://inaturalist-open-data.s3.amazonaws.com/photos/66355414/original.jpg,k-western-south-america,2024-10-28 12:38:51
original_2603291919_3.jpg,10776760,Chaetogastra grossa,57.461,"Pterophanes cyanopterus (Fraser, 1840)",2476159,5.023766,-75.367121,310.0,SOUTH_AMERICA,Caldas,,,,2020-03-05T15:47,False,Peter Hollinger,iNaturalist,http://creativecommons.org/licenses/by-nc/4.0/,Peter Hollinger,https://inaturalist-open-data.s3.amazonaws.com/photos/66349306/original.jpg; https://inaturalist-open-data.s3.amazonaws.com/photos/66355413/original.jpg; https://inaturalist-open-data.s3.amazonaws.com/photos/66355414/original.jpg,k-western-south-america,2024-10-28 12:38:53
original_2609326948_1.jpeg,2929617,Solanum chrysotrichum,10.057,"Pterophanes cyanopterus (Fraser, 1840)",2476159,-0.11,-78.58,1000.0,SOUTH_AMERICA,Pichincha,,,,2007-08-12T23:16,False,Pete Woodall,iNaturalist,http://creativecommons.org/licenses/by-nc/4.0/,Pete Woodall,https://inaturalist-open-data.s3.amazonaws.com/photos/67273296/original.jpeg; https://inaturalist-open-data.s3.amazonaws.com/photos/67273301/original.jpeg,k-western-south-america,2024-10-28 12:38:59
original_2620026735_1.jpg,3189950,Paullinia pinnata,14.722,"Pterophanes cyanopterus (Fraser, 1840)",2476159,-0.111739,-78.584856,217.0,SOUTH_AMERICA,Pichincha,,,,2018-03-22T09:07,False,Andrés León-Reyes,iNaturalist,http://creativecommons.org/licenses/by-nc/4.0/,Andrés León-Reyes,https://inaturalist-open-data.s3.amazonaws.com/photos/71238627/original.jpg; https://inaturalist-open-data.s3.amazonaws.com/photos/71238702/original.jpg; https://inaturalist-open-data.s3.amazonaws.com/photos/71238716/original.jpg,k-western-south-america,2024-10-28 12:39:03
original_2620026735_2.jpg,5321877,Ionopsis utricularioides,2.479,"Pterophanes cyanopterus (Fraser, 1840)",2476159,-0.111739,-78.584856,217.0,SOUTH_AMERICA,Pichincha,,,,2018-03-22T09:07,False,Andrés León-Reyes,iNaturalist,http://creativecommons.org/licenses/by-nc/4.0/,Andrés León-Reyes,https://inaturalist-open-data.s3.amazonaws.com/photos/71238627/original.jpg; https://inaturalist-open-data.s3.amazonaws.com/photos/71238702/original.jpg; https://inaturalist-open-data.s3.amazonaws.com/photos/71238716/original.jpg,k-western-south-america,2024-10-28 12:39:05
original_2620026735_3.jpg,8368994,Passiflora mixta,2.956,"Pterophanes cyanopterus (Fraser, 1840)",2476159,-0.111739,-78.584856,217.0,SOUTH_AMERICA,Pichincha,,,,2018-03-22T09:07,False,Andrés León-Reyes,iNaturalist,http://creativecommons.org/licenses/by-nc/4.0/,Andrés León-Reyes,https://inaturalist-open-data.s3.amazonaws.com/photos/71238627/original.jpg; https://inaturalist-open-data.s3.amazonaws.com/photos/71238702/original.jpg; https://inaturalist-open-data.s3.amazonaws.com/photos/71238716/original.jpg,k-western-south-america,2024-10-28 12:39:08
original_2626629565_1.jpeg,2695906,Tillandsia lajensis,1.907,"Pterophanes cyanopterus (Fraser, 1840)",2476159,-0.111455,-78.584642,217.0,SOUTH_AMERICA,Pichincha,,,,2010-01-31T02:34,False,Andrés León-Reyes,iNaturalist,http://creativecommons.org/licenses/by-nc/4.0/,Andrés León-Reyes,https://inaturalist-open-data.s3.amazonaws.com/photos/73624894/original.jpeg; https://inaturalist-open-data.s3.amazonaws.com/photos/73624982/original.jpeg,k-western-south-america,2024-10-28 12:39:25
original_2634002099_1.jpeg,2873423,Anthurium scandens,4.027,"Pterophanes cyanopterus (Fraser, 1840)",2476159,-0.111739,-78.584856,217.0,SOUTH_AMERICA,Pichincha,,,,2016-03-22T12:44,False,Holger Beck,iNaturalist,http://creativecommons.org/licenses/by-nc/4.0/,Holger Beck,https://inaturalist-open-data.s3.amazonaws.com/photos/74545314/original.jpeg,k-western-south-america,2024-10-28 12:39:30
original_2856823351_1.jpg,2792457,Polystachya concreta,10.707,"Pterophanes cyanopterus (Fraser, 1840)",2476159,4.664146,-73.964507,,SOUTH_AMERICA,Cundinamarca,,,,2019-03-17T11:45,False,Giovanni Bermúdez Bohórquez,iNaturalist,http://creativecommons.org/licenses/by/4.0/,Giovanni Bermúdez Bohórquez,https://inaturalist-open-data.s3.amazonaws.com/photos/92030135/original.jpg,k-western-south-america,2024-10-28 12:39:33
original_2868291273_1.jpg,5420322,Luma chequen,7.768999999999999,"Pterophanes cyanopterus (Fraser, 1840)",2476159,-0.111763,-78.585133,2.0,SOUTH_AMERICA,Pichincha,,,,2020-09-20T08:38,False,David Torres,iNaturalist,http://creativecommons.org/licenses/by-nc/4.0/,David Torres,https://inaturalist-open-data.s3.amazonaws.com/photos/96350572/original.jpg; https://inaturalist-open-data.s3.amazonaws.com/photos/96350589/original.jpg,k-western-south-america,2024-10-28 12:39:35
original_2868291273_2.jpg,5420322,Luma chequen,6.297999999999999,"Pterophanes cyanopterus (Fraser, 1840)",2476159,-0.111763,-78.585133,2.0,SOUTH_AMERICA,Pichincha,,,,2020-09-20T08:38,False,David Torres,iNaturalist,http://creativecommons.org/licenses/by-nc/4.0/,David Torres,https://inaturalist-open-data.s3.amazonaws.com/photos/96350572/original.jpg; https://inaturalist-open-data.s3.amazonaws.com/photos/96350589/original.jpg,k-western-south-america,2024-10-28 12:39:37
original_2868320564_1.jpg,8368994,Passiflora mixta,20.244,"Pterophanes cyanopterus (Fraser, 1840)",2476159,-0.127378,-78.590425,2.0,SOUTH_AMERICA,Pichincha,,,,2020-09-20T12:10,False,David Torres,iNaturalist,http://creativecommons.org/licenses/by-nc/4.0/,David Torres,https://inaturalist-open-data.s3.amazonaws.com/photos/96566057/original.jpg; https://inaturalist-open-data.s3.amazonaws.com/photos/96566156/original.jpg; https://inaturalist-open-data.s3.amazonaws.com/photos/96566249/original.jpg; https://inaturalist-open-data.s3.amazonaws.com/photos/96566263/original.jpg; https://inaturalist-open-data.s3.amazonaws.com/photos/96566302/original.jpg,k-western-south-america,2024-10-28 12:39:40
original_2868320564_2.jpg,8368994,Passiflora mixta,41.046,"Pterophanes cyanopterus (Fraser, 1840)",2476159,-0.127378,-78.590425,2.0,SOUTH_AMERICA,Pichincha,,,,2020-09-20T12:10,False,David Torres,iNaturalist,http://creativecommons.org/licenses/by-nc/4.0/,David Torres,https://inaturalist-open-data.s3.amazonaws.com/photos/96566057/original.jpg; https://inaturalist-open-data.s3.amazonaws.com/photos/96566156/original.jpg; https://inaturalist-open-data.s3.amazonaws.com/photos/96566249/original.jpg; https://inaturalist-open-data.s3.amazonaws.com/photos/96566263/original.jpg; https://inaturalist-open-data.s3.amazonaws.com/photos/96566302/original.jpg,k-western-south-america,2024-10-28 12:39:42
original_2868320564_4.jpg,2705781,Hymenachne amplexicaulis,1.252,"Pterophanes cyanopterus (Fraser, 1840)",2476159,-0.127378,-78.590425,2.0,SOUTH_AMERICA,Pichincha,,,,2020-09-20T12:10,False,David Torres,iNaturalist,http://creativecommons.org/licenses/by-nc/4.0/,David Torres,https://inaturalist-open-data.s3.amazonaws.com/photos/96566057/original.jpg; https://inaturalist-open-data.s3.amazonaws.com/photos/96566156/original.jpg; https://inaturalist-open-data.s3.amazonaws.com/photos/96566249/original.jpg; https://inaturalist-open-data.s3.amazonaws.com/photos/96566263/original.jpg; https://inaturalist-open-data.s3.amazonaws.com/photos/96566302/original.jpg,k-western-south-america,2024-10-28 12:39:46
original_2868320564_5.jpg,2929617,Solanum chrysotrichum,16.945,"Pterophanes cyanopterus (Fraser, 1840)",2476159,-0.127378,-78.590425,2.0,SOUTH_AMERICA,Pichincha,,,,2020-09-20T12:10,False,David Torres,iNaturalist,http://creativecommons.org/licenses/by-nc/4.0/,David Torres,https://inaturalist-open-data.s3.amazonaws.com/photos/96566057/original.jpg; https://inaturalist-open-data.s3.amazonaws.com/photos/96566156/original.jpg; https://inaturalist-open-data.s3.amazonaws.com/photos/96566249/original.jpg; https://inaturalist-open-data.s3.amazonaws.com/photos/96566263/original.jpg; https://inaturalist-open-data.s3.amazonaws.com/photos/96566302/original.jpg,k-western-south-america,2024-10-28 12:39:49
original_2873969676_1.jpeg,7721174,Vallea stipularis,1.127,"Pterophanes cyanopterus (Fraser, 1840)",2476159,-0.111757,-78.585165,231.0,SOUTH_AMERICA,Pichincha,,,,2018-11-05T13:32,False,Richard Stineman,iNaturalist,http://creativecommons.org/licenses/by-nc/4.0/,Richard Stineman,https://inaturalist-open-data.s3.amazonaws.com/photos/97076172/original.jpeg,k-western-south-america,2024-10-28 12:39:52
original_2963877698_1.jpg,2927098,Ocimum campechianum,2.427,"Pterophanes cyanopterus (Fraser, 1840)",2476159,-0.459218,-78.323207,212.0,SOUTH_AMERICA,Pichincha,,,,2018-10-05,False,henryd2054,iNaturalist,http://creativecommons.org/licenses/by-nc/4.0/,henryd2054,https://inaturalist-open-data.s3.amazonaws.com/photos/101723583/original.jpg,k-western-south-america,2024-10-28 12:39:59
original_2980846116_1.jpeg,2943558,Pentaclethra macroloba,1.545,"Pterophanes cyanopterus (Fraser, 1840)",2476159,-0.111757,-78.585165,231.0,SOUTH_AMERICA,Pichincha,,,,2019-03-17T10:06,False,Tristan Jobin,iNaturalist,http://creativecommons.org/licenses/by/4.0/,Tristan Jobin,https://inaturalist-open-data.s3.amazonaws.com/photos/103067366/original.jpeg,k-western-south-america,2024-10-28 12:40:02
original_2980891321_1.jpeg,2959260,Coursetia brachyrhachis,5.852,"Pterophanes cyanopterus (Fraser, 1840)",2476159,-0.111757,-78.585165,231.0,SOUTH_AMERICA,Pichincha,,,,2020-11-02T14:58:09,False,Nelson Apolo,iNaturalist,http://creativecommons.org/licenses/by-nc/4.0/,Nelson Apolo,https://inaturalist-open-data.s3.amazonaws.com/photos/103392197/original.jpeg,k-western-south-america,2024-10-28 12:40:04
original_2984401324_1.jpeg,5331183,Viola lanceolata,0.8410000000000001,"Pterophanes cyanopterus (Fraser, 1840)",2476159,-0.4565,-78.32339,300.0,SOUTH_AMERICA,Pichincha,,,,2018-09-29T07:52,False,Anneke Jonker,iNaturalist,http://creativecommons.org/licenses/by-nc/4.0/,Anneke Jonker,https://inaturalist-open-data.s3.amazonaws.com/photos/34946989/original.jpeg; https://inaturalist-open-data.s3.amazonaws.com/photos/34947008/original.jpeg,k-western-south-america,2024-10-28 12:40:07
original_2984540333_2.jpeg,3145318,Smallanthus pyramidalis,3.104,"Pterophanes cyanopterus (Fraser, 1840)",2476159,0.700346,-77.977914,31.0,SOUTH_AMERICA,Carchi,,,,2013-07-06,False,David Torres,iNaturalist,http://creativecommons.org/licenses/by-nc/4.0/,David Torres,https://inaturalist-open-data.s3.amazonaws.com/photos/48378359/original.jpeg; https://inaturalist-open-data.s3.amazonaws.com/photos/48378371/original.jpeg; https://inaturalist-open-data.s3.amazonaws.com/photos/48378382/original.jpeg,k-western-south-america,2024-10-28 12:40:17
original_2988595458_1.jpeg,2705733,Oplismenus compositus,14.899000000000001,"Pterophanes cyanopterus (Fraser, 1840)",2476159,-0.69427,-77.730466,51.0,SOUTH_AMERICA,Napo,,,,2020-01-01T16:36,False,Howard Friedman,iNaturalist,http://creativecommons.org/licenses/by-nc/4.0/,Howard Friedman,https://inaturalist-open-data.s3.amazonaws.com/photos/72198807/original.jpeg; https://inaturalist-open-data.s3.amazonaws.com/photos/72198851/original.jpeg,k-western-south-america,2024-10-28 12:40:21
original_2988595458_2.jpeg,2694745,Tillandsia complanata,2.415,"Pterophanes cyanopterus (Fraser, 1840)",2476159,-0.69427,-77.730466,51.0,SOUTH_AMERICA,Napo,,,,2020-01-01T16:36,False,Howard Friedman,iNaturalist,http://creativecommons.org/licenses/by-nc/4.0/,Howard Friedman,https://inaturalist-open-data.s3.amazonaws.com/photos/72198807/original.jpeg; https://inaturalist-open-data.s3.amazonaws.com/photos/72198851/original.jpeg,k-western-south-america,2024-10-28 12:40:24
original_2992696989_1.jpg,7721174,Vallea stipularis,0.46499999999999997,"Pterophanes cyanopterus (Fraser, 1840)",2476159,-0.111757,-78.585165,494.0,SOUTH_AMERICA,Pichincha,,,,2015-04-14,False,Andy Frank,iNaturalist,http://creativecommons.org/licenses/by-nc/4.0/,Andy Frank,https://inaturalist-open-data.s3.amazonaws.com/photos/106272187/original.jpg,k-western-south-america,2024-10-28 12:40:34
original_2992884327_1.jpeg,7328194,Cavendishia complectens,8.649999999999999,"Pterophanes cyanopterus (Fraser, 1840)",2476159,-0.111739,-78.584856,212.0,SOUTH_AMERICA,Pichincha,,,,2009-12-20T11:18,False,David M. Gascoigne,iNaturalist,http://creativecommons.org/licenses/by-nc/4.0/,David M. Gascoigne,https://inaturalist-open-data.s3.amazonaws.com/photos/22017591/original.jpeg,k-western-south-america,2024-10-28 12:40:37
original_3005146867_1.jpeg,9372542,Miconia rubra,1.226,"Pterophanes cyanopterus (Fraser, 1840)",2476159,4.970464,-75.378114,8.0,SOUTH_AMERICA,Caldas,,,,2017-03-02T19:34,False,Attila Steiner,iNaturalist,http://creativecommons.org/licenses/by-nc/4.0/,Attila Steiner,https://inaturalist-open-data.s3.amazonaws.com/photos/107284294/original.jpeg,k-western-south-america,2024-10-28 12:40:41
original_3008389655_1.jpeg,6379095,Epiphyllum hookeri,6.554,"Pterophanes cyanopterus (Fraser, 1840)",2476159,-0.112483,-78.585059,1294.0,SOUTH_AMERICA,Pichincha,,,,2013-10-19T11:05,False,David Scott,iNaturalist,http://creativecommons.org/licenses/by-nc/4.0/,David Scott,https://inaturalist-open-data.s3.amazonaws.com/photos/107703101/original.jpeg,k-western-south-america,2024-10-28 12:40:44
original_3018151980_1.jpg,7649215,Cordia alliodora,1.8499999999999999,"Pterophanes cyanopterus (Fraser, 1840)",2476159,0.017597,-78.684084,3906.0,SOUTH_AMERICA,Pichincha,,,,2016-11-07T17:25,False,Jens Bokelaar,iNaturalist,http://creativecommons.org/licenses/by-nc-nd/4.0/,Jens Bokelaar,https://inaturalist-open-data.s3.amazonaws.com/photos/109207319/original.jpg,k-western-south-america,2024-10-28 12:40:47
original_3031758219_1.jpeg,2925462,Stachytarpheta mutabilis,2.179,"Pterophanes cyanopterus (Fraser, 1840)",2476159,-13.199927,-71.607783,4.0,SOUTH_AMERICA,Cusco,,,,2011-09-19T11:41,False,docprt,iNaturalist,http://creativecommons.org/licenses/by-nc/4.0/,docprt,https://inaturalist-open-data.s3.amazonaws.com/photos/110516038/original.jpeg,k-western-south-america,2024-10-28 12:40:49
original_3067664298_1.jpg,7269222,Zanthoxylum rhoifolium,3.7560000000000002,"Pterophanes cyanopterus (Fraser, 1840)",2476159,-0.111604,-78.585004,,SOUTH_AMERICA,Pichincha,,,,2020-02-23T09:16,False,John Eppler,iNaturalist,http://creativecommons.org/licenses/by-nc/4.0/,John Eppler,https://inaturalist-open-data.s3.amazonaws.com/photos/101409342/original.jpg,k-western-south-america,2024-10-28 12:40:52
original_3067729364_1.jpg,2790864,Telipogon berthae,7.526,"Pterophanes cyanopterus (Fraser, 1840)",2476159,-0.117241,-78.586267,481.0,SOUTH_AMERICA,Pichincha,,,,2016-08-23T12:14Z,False,jmole,iNaturalist,http://creativecommons.org/licenses/by-nc/4.0/,jmole,https://inaturalist-open-data.s3.amazonaws.com/photos/112094720/original.jpg; https://inaturalist-open-data.s3.amazonaws.com/photos/112094758/original.jpg; https://inaturalist-open-data.s3.amazonaws.com/photos/112094761/original.jpg; https://inaturalist-open-data.s3.amazonaws.com/photos/112094765/original.jpg; https://inaturalist-open-data.s3.amazonaws.com/photos/112094767/original.jpg; https://inaturalist-open-data.s3.amazonaws.com/photos/112094770/original.jpg,k-western-south-america,2024-10-28 12:40:54
original_3067729364_3.jpg,2790864,Telipogon berthae,6.814000000000001,"Pterophanes cyanopterus (Fraser, 1840)",2476159,-0.117241,-78.586267,481.0,SOUTH_AMERICA,Pichincha,,,,2016-08-23T12:14Z,False,jmole,iNaturalist,http://creativecommons.org/licenses/by-nc/4.0/,jmole,https://inaturalist-open-data.s3.amazonaws.com/photos/112094720/original.jpg; https://inaturalist-open-data.s3.amazonaws.com/photos/112094758/original.jpg; https://inaturalist-open-data.s3.amazonaws.com/photos/112094761/original.jpg; https://inaturalist-open-data.s3.amazonaws.com/photos/112094765/original.jpg; https://inaturalist-open-data.s3.amazonaws.com/photos/112094767/original.jpg; https://inaturalist-open-data.s3.amazonaws.com/photos/112094770/original.jpg,k-western-south-america,2024-10-28 12:40:56
original_3067729364_4.jpg,2790864,Telipogon berthae,8.868,"Pterophanes cyanopterus (Fraser, 1840)",2476159,-0.117241,-78.586267,481.0,SOUTH_AMERICA,Pichincha,,,,2016-08-23T12:14Z,False,jmole,iNaturalist,http://creativecommons.org/licenses/by-nc/4.0/,jmole,https://inaturalist-open-data.s3.amazonaws.com/photos/112094720/original.jpg; https://inaturalist-open-data.s3.amazonaws.com/photos/112094758/original.jpg; https://inaturalist-open-data.s3.amazonaws.com/photos/112094761/original.jpg; https://inaturalist-open-data.s3.amazonaws.com/photos/112094765/original.jpg; https://inaturalist-open-data.s3.amazonaws.com/photos/112094767/original.jpg; https://inaturalist-open-data.s3.amazonaws.com/photos/112094770/original.jpg,k-western-south-america,2024-10-28 12:40:57
original_3067729364_6.jpg,2790864,Telipogon berthae,21.174,"Pterophanes cyanopterus (Fraser, 1840)",2476159,-0.117241,-78.586267,481.0,SOUTH_AMERICA,Pichincha,,,,2016-08-23T12:14Z,False,jmole,iNaturalist,http://creativecommons.org/licenses/by-nc/4.0/,jmole,https://inaturalist-open-data.s3.amazonaws.com/photos/112094720/original.jpg; https://inaturalist-open-data.s3.amazonaws.com/photos/112094758/original.jpg; https://inaturalist-open-data.s3.amazonaws.com/photos/112094761/original.jpg; https://inaturalist-open-data.s3.amazonaws.com/photos/112094765/original.jpg; https://inaturalist-open-data.s3.amazonaws.com/photos/112094767/original.jpg; https://inaturalist-open-data.s3.amazonaws.com/photos/112094770/original.jpg,k-western-south-america,2024-10-28 12:41:00
original_3079764798_1.jpeg,5321877,Ionopsis utricularioides,48.765,"Pterophanes cyanopterus (Fraser, 1840)",2476159,-0.111739,-78.584856,217.0,SOUTH_AMERICA,Pichincha,,,,2021-03-30T13:50:55,False,Nelson Apolo,iNaturalist,http://creativecommons.org/licenses/by-nc/4.0/,Nelson Apolo,https://inaturalist-open-data.s3.amazonaws.com/photos/119231262/original.jpeg,k-western-south-america,2024-10-28 12:41:02
original_3090560580_1.jpg,3176197,Eucalyptus camaldulensis,4.61,"Pterophanes cyanopterus (Fraser, 1840)",2476159,-16.314167,-67.907953,153.0,SOUTH_AMERICA,La Paz,,,,2019-10-14T18:05,False,alexwirth,iNaturalist,http://creativecommons.org/licenses/by-nc/4.0/,alexwirth,https://inaturalist-open-data.s3.amazonaws.com/photos/55707325/original.jpg,k-western-south-america,2024-10-28 12:41:05
original_3090837996_1.jpeg,2925462,Stachytarpheta mutabilis,4.376,"Pterophanes cyanopterus (Fraser, 1840)",2476159,4.970432,-75.37819,208.0,SOUTH_AMERICA,Caldas,,,,2016-09-24T10:05,False,Nicolas Botero Serna,iNaturalist,http://creativecommons.org/licenses/by-nc/4.0/,Nicolas Botero Serna,https://inaturalist-open-data.s3.amazonaws.com/photos/119818105/original.jpeg; https://inaturalist-open-data.s3.amazonaws.com/photos/119818440/original.jpeg,k-western-south-america,2024-10-28 12:41:07
original_3090837996_2.jpeg,3866649,Bellucia grossularioides,1.106,"Pterophanes cyanopterus (Fraser, 1840)",2476159,4.970432,-75.37819,208.0,SOUTH_AMERICA,Caldas,,,,2016-09-24T10:05,False,Nicolas Botero Serna,iNaturalist,http://creativecommons.org/licenses/by-nc/4.0/,Nicolas Botero Serna,https://inaturalist-open-data.s3.amazonaws.com/photos/119818105/original.jpeg; https://inaturalist-open-data.s3.amazonaws.com/photos/119818440/original.jpeg,k-western-south-america,2024-10-28 12:41:10
original_3109075593_1.jpg,3144101,Mutisia hamata,0.462,"Pterophanes cyanopterus (Fraser, 1840)",2476159,4.664157,-73.964582,31.0,SOUTH_AMERICA,Cundinamarca,,,,2018-12-25T10:05,False,Nick Moore,iNaturalist,http://creativecommons.org/licenses/by-nc/4.0/,Nick Moore,https://inaturalist-open-data.s3.amazonaws.com/photos/122573730/original.jpg,k-western-south-america,2024-10-28 12:41:12
original_3113270116_1.jpeg,5938223,Fuchsia paniculata,0.914,"Pterophanes cyanopterus (Fraser, 1840)",2476159,4.682318,-73.925945,31398.0,SOUTH_AMERICA,Cundinamarca,,,,2021-02-03T11:38,False,novvictan,iNaturalist,http://creativecommons.org/licenses/by/4.0/,novvictan,https://inaturalist-open-data.s3.amazonaws.com/photos/127730637/original.jpeg,k-western-south-america,2024-10-28 12:41:15
original_3325875475_2.jpeg,3082440,Lecythis pisonis,5.273,"Pterophanes cyanopterus (Fraser, 1840)",2476159,-2.842184,-79.160485,269.0,SOUTH_AMERICA,Azuay,,,,2019-07-09T00:00,False,David Rankin,iNaturalist,http://creativecommons.org/licenses/by-nc/4.0/,David Rankin,https://inaturalist-open-data.s3.amazonaws.com/photos/141775765/original.jpeg; https://inaturalist-open-data.s3.amazonaws.com/photos/141775791/original.jpeg; https://inaturalist-open-data.s3.amazonaws.com/photos/141775826/original.jpeg; https://inaturalist-open-data.s3.amazonaws.com/photos/141775858/original.jpeg; https://inaturalist-open-data.s3.amazonaws.com/photos/141775893/original.jpeg; https://inaturalist-open-data.s3.amazonaws.com/photos/141775926/original.jpeg,k-western-south-america,2024-10-28 12:41:22
original_3325875475_3.jpeg,2874119,Xylosma flexuosa,6.492000000000001,"Pterophanes cyanopterus (Fraser, 1840)",2476159,-2.842184,-79.160485,269.0,SOUTH_AMERICA,Azuay,,,,2019-07-09T00:00,False,David Rankin,iNaturalist,http://creativecommons.org/licenses/by-nc/4.0/,David Rankin,https://inaturalist-open-data.s3.amazonaws.com/photos/141775765/original.jpeg; https://inaturalist-open-data.s3.amazonaws.com/photos/141775791/original.jpeg; https://inaturalist-open-data.s3.amazonaws.com/photos/141775826/original.jpeg; https://inaturalist-open-data.s3.amazonaws.com/photos/141775858/original.jpeg; https://inaturalist-open-data.s3.amazonaws.com/photos/141775893/original.jpeg; https://inaturalist-open-data.s3.amazonaws.com/photos/141775926/original.jpeg,k-western-south-america,2024-10-28 12:41:24
original_3325875475_4.jpeg,7721174,Vallea stipularis,0.869,"Pterophanes cyanopterus (Fraser, 1840)",2476159,-2.842184,-79.160485,269.0,SOUTH_AMERICA,Azuay,,,,2019-07-09T00:00,False,David Rankin,iNaturalist,http://creativecommons.org/licenses/by-nc/4.0/,David Rankin,https://inaturalist-open-data.s3.amazonaws.com/photos/141775765/original.jpeg; https://inaturalist-open-data.s3.amazonaws.com/photos/141775791/original.jpeg; https://inaturalist-open-data.s3.amazonaws.com/photos/141775826/original.jpeg; https://inaturalist-open-data.s3.amazonaws.com/photos/141775858/original.jpeg; https://inaturalist-open-data.s3.amazonaws.com/photos/141775893/original.jpeg; https://inaturalist-open-data.s3.amazonaws.com/photos/141775926/original.jpeg,k-western-south-america,2024-10-28 12:41:26
original_3325875475_5.jpeg,3033970,Licaria triandra,7.88,"Pterophanes cyanopterus (Fraser, 1840)",2476159,-2.842184,-79.160485,269.0,SOUTH_AMERICA,Azuay,,,,2019-07-09T00:00,False,David Rankin,iNaturalist,http://creativecommons.org/licenses/by-nc/4.0/,David Rankin,https://inaturalist-open-data.s3.amazonaws.com/photos/141775765/original.jpeg; https://inaturalist-open-data.s3.amazonaws.com/photos/141775791/original.jpeg; https://inaturalist-open-data.s3.amazonaws.com/photos/141775826/original.jpeg; https://inaturalist-open-data.s3.amazonaws.com/photos/141775858/original.jpeg; https://inaturalist-open-data.s3.amazonaws.com/photos/141775893/original.jpeg; https://inaturalist-open-data.s3.amazonaws.com/photos/141775926/original.jpeg,k-western-south-america,2024-10-28 12:41:28
original_3325875475_6.jpeg,7298763,Jacaranda copaia,13.661000000000001,"Pterophanes cyanopterus (Fraser, 1840)",2476159,-2.842184,-79.160485,269.0,SOUTH_AMERICA,Azuay,,,,2019-07-09T00:00,False,David Rankin,iNaturalist,http://creativecommons.org/licenses/by-nc/4.0/,David Rankin,https://inaturalist-open-data.s3.amazonaws.com/photos/141775765/original.jpeg; https://inaturalist-open-data.s3.amazonaws.com/photos/141775791/original.jpeg; https://inaturalist-open-data.s3.amazonaws.com/photos/141775826/original.jpeg; https://inaturalist-open-data.s3.amazonaws.com/photos/141775858/original.jpeg; https://inaturalist-open-data.s3.amazonaws.com/photos/141775893/original.jpeg; https://inaturalist-open-data.s3.amazonaws.com/photos/141775926/original.jpeg,k-western-south-america,2024-10-28 12:41:31
original_3335197345_1.jpeg,2979000,Acacia melanoxylon,5.112,"Pterophanes cyanopterus (Fraser, 1840)",2476159,4.664239,-73.964386,,SOUTH_AMERICA,Cundinamarca,,,,2019-11-26T15:52Z,False,inlandbirder,iNaturalist,http://creativecommons.org/licenses/by-nc/4.0/,inlandbirder,https://inaturalist-open-data.s3.amazonaws.com/photos/148353369/original.jpeg,k-western-south-america,2024-10-28 12:41:39
original_3337860942_1.jpeg,3188577,Miconia mirabilis,8.225,"Pterophanes cyanopterus (Fraser, 1840)",2476159,4.970597,-75.377612,,SOUTH_AMERICA,Caldas,,,,2021-08-11T10:03,False,Edwin Múnera Chavarría,iNaturalist,http://creativecommons.org/licenses/by-nc/4.0/,Edwin Múnera Chavarría,https://inaturalist-open-data.s3.amazonaws.com/photos/151804109/original.jpeg,k-western-south-america,2024-10-28 12:41:41
original_3343889851_1.jpg,2714233,Cyperus imbricatus,2.162,"Pterophanes cyanopterus (Fraser, 1840)",2476159,4.970314,-75.377983,88.0,SOUTH_AMERICA,Caldas,,,,2021-08-09T14:44,False,Nick Moore,iNaturalist,http://creativecommons.org/licenses/by-nc/4.0/,Nick Moore,https://inaturalist-open-data.s3.amazonaws.com/photos/152055121/original.jpg,k-western-south-america,2024-10-28 12:41:46
original_3384186117_1.jpg,2985994,Hydrangea macrophylla,6.582000000000001,"Pterophanes cyanopterus (Fraser, 1840)",2476159,5.137432,-75.512707,9611.0,SOUTH_AMERICA,Caldas,,,,2017-08-19T14:20:28,False,jonathancoley,iNaturalist,http://creativecommons.org/licenses/by-nc/4.0/,jonathancoley,https://inaturalist-open-data.s3.amazonaws.com/photos/157641804/original.jpg,k-western-south-america,2024-10-28 12:41:49
original_3391516280_2.jpeg,2756519,Apteria aphylla,2.5180000000000002,"Pterophanes cyanopterus (Fraser, 1840)",2476159,-0.127375,-78.590467,,SOUTH_AMERICA,Pichincha,,,,2021-09-10T12:31,False,Christoph Moning,iNaturalist,http://creativecommons.org/licenses/by/4.0/,Christoph Moning,https://inaturalist-open-data.s3.amazonaws.com/photos/163431237/original.jpeg; https://inaturalist-open-data.s3.amazonaws.com/photos/163431253/original.jpeg,k-western-south-america,2024-10-28 12:41:53
original_3391665892_1.jpg,2928772,Nicotiana tomentosa,7.689,"Pterophanes cyanopterus (Fraser, 1840)",2476159,-13.260863,-72.244967,591.0,SOUTH_AMERICA,Cusco,,,,2014-10-22T10:26,False,ken_simonite,iNaturalist,http://creativecommons.org/licenses/by-nc/4.0/,ken_simonite,https://inaturalist-open-data.s3.amazonaws.com/photos/162697231/original.jpg,k-western-south-america,2024-10-28 12:41:57
original_3398792267_1.jpeg,7684115,Bejaria resinosa,0.931,"Pterophanes cyanopterus (Fraser, 1840)",2476159,4.971116,-75.381967,970.0,SOUTH_AMERICA,Caldas,,,,2021-10-07T19:47,False,Jonathan M,iNaturalist,http://creativecommons.org/licenses/by-nc/4.0/,Jonathan M,https://inaturalist-open-data.s3.amazonaws.com/photos/165866430/original.jpeg; https://inaturalist-open-data.s3.amazonaws.com/photos/165866454/original.jpeg; https://inaturalist-open-data.s3.amazonaws.com/photos/165866460/original.jpeg,k-western-south-america,2024-10-28 12:41:59
original_3398792267_2.jpeg,7684115,Bejaria resinosa,0.679,"Pterophanes cyanopterus (Fraser, 1840)",2476159,4.971116,-75.381967,970.0,SOUTH_AMERICA,Caldas,,,,2021-10-07T19:47,False,Jonathan M,iNaturalist,http://creativecommons.org/licenses/by-nc/4.0/,Jonathan M,https://inaturalist-open-data.s3.amazonaws.com/photos/165866430/original.jpeg; https://inaturalist-open-data.s3.amazonaws.com/photos/165866454/original.jpeg; https://inaturalist-open-data.s3.amazonaws.com/photos/165866460/original.jpeg,k-western-south-america,2024-10-28 12:42:03
original_3398792267_3.jpeg,7684115,Bejaria resinosa,1.385,"Pterophanes cyanopterus (Fraser, 1840)",2476159,4.971116,-75.381967,970.0,SOUTH_AMERICA,Caldas,,,,2021-10-07T19:47,False,Jonathan M,iNaturalist,http://creativecommons.org/licenses/by-nc/4.0/,Jonathan M,https://inaturalist-open-data.s3.amazonaws.com/photos/165866430/original.jpeg; https://inaturalist-open-data.s3.amazonaws.com/photos/165866454/original.jpeg; https://inaturalist-open-data.s3.amazonaws.com/photos/165866460/original.jpeg,k-western-south-america,2024-10-28 12:42:05
original_3399220580_1.jpeg,4170327,Macleania rupestris,4.74,"Pterophanes cyanopterus (Fraser, 1840)",2476159,-0.323065,-78.146905,,SOUTH_AMERICA,Napo,,,,2021-08-24T11:09,False,Christoph Moning,iNaturalist,http://creativecommons.org/licenses/by/4.0/,Christoph Moning,https://inaturalist-open-data.s3.amazonaws.com/photos/164570839/original.jpeg; https://inaturalist-open-data.s3.amazonaws.com/photos/164570858/original.jpeg; https://inaturalist-open-data.s3.amazonaws.com/photos/164570875/original.jpeg,k-western-south-america,2024-10-28 12:42:08
original_3399220580_2.jpeg,4170327,Macleania rupestris,2.778,"Pterophanes cyanopterus (Fraser, 1840)",2476159,-0.323065,-78.146905,,SOUTH_AMERICA,Napo,,,,2021-08-24T11:09,False,Christoph Moning,iNaturalist,http://creativecommons.org/licenses/by/4.0/,Christoph Moning,https://inaturalist-open-data.s3.amazonaws.com/photos/164570839/original.jpeg; https://inaturalist-open-data.s3.amazonaws.com/photos/164570858/original.jpeg; https://inaturalist-open-data.s3.amazonaws.com/photos/164570875/original.jpeg,k-western-south-america,2024-10-28 12:42:10
original_3399220580_3.jpeg,4170327,Macleania rupestris,4.505,"Pterophanes cyanopterus (Fraser, 1840)",2476159,-0.323065,-78.146905,,SOUTH_AMERICA,Napo,,,,2021-08-24T11:09,False,Christoph Moning,iNaturalist,http://creativecommons.org/licenses/by/4.0/,Christoph Moning,https://inaturalist-open-data.s3.amazonaws.com/photos/164570839/original.jpeg; https://inaturalist-open-data.s3.amazonaws.com/photos/164570858/original.jpeg; https://inaturalist-open-data.s3.amazonaws.com/photos/164570875/original.jpeg,k-western-south-america,2024-10-28 12:42:12
original_3415593198_1.jpg,5412613,Centropogon cornutus,4.154,"Pterophanes cyanopterus (Fraser, 1840)",2476159,1.098677,-77.655127,1524.0,SOUTH_AMERICA,Nariño,,,,2021-11-06T09:14,False,David Monroy R,iNaturalist,http://creativecommons.org/licenses/by-nc/4.0/,David Monroy R,https://inaturalist-open-data.s3.amazonaws.com/photos/168468781/original.jpg,k-western-south-america,2024-10-28 12:42:17
original_3415841213_1.jpg,7297353,Lippia origanoides,0.8240000000000001,"Pterophanes cyanopterus (Fraser, 1840)",2476159,4.966627,-75.36347,2240.0,SOUTH_AMERICA,Caldas,,,,2021-10-07T19:36,False,Jonathan M,iNaturalist,http://creativecommons.org/licenses/by-nc/4.0/,Jonathan M,https://inaturalist-open-data.s3.amazonaws.com/photos/168075026/original.jpg,k-western-south-america,2024-10-28 12:42:20
original_3416237720_1.jpg,3082334,Grias cauliflora,7.579,"Pterophanes cyanopterus (Fraser, 1840)",2476159,4.789418,-73.778016,3476.0,SOUTH_AMERICA,Cundinamarca,,,,2021-10-02T14:41,False,Jonathan M,iNaturalist,http://creativecommons.org/licenses/by-nc/4.0/,Jonathan M,https://inaturalist-open-data.s3.amazonaws.com/photos/169093003/original.jpg; https://inaturalist-open-data.s3.amazonaws.com/photos/169093006/original.jpg,k-western-south-america,2024-10-28 12:42:22
original_3416237720_2.jpg,7269222,Zanthoxylum rhoifolium,2.416,"Pterophanes cyanopterus (Fraser, 1840)",2476159,4.789418,-73.778016,3476.0,SOUTH_AMERICA,Cundinamarca,,,,2021-10-02T14:41,False,Jonathan M,iNaturalist,http://creativecommons.org/licenses/by-nc/4.0/,Jonathan M,https://inaturalist-open-data.s3.amazonaws.com/photos/169093003/original.jpg; https://inaturalist-open-data.s3.amazonaws.com/photos/169093006/original.jpg,k-western-south-america,2024-10-28 12:42:25
original_3457222040_1.jpeg,5938224,Fuchsia magellanica,65.042,"Pterophanes cyanopterus (Fraser, 1840)",2476159,-0.04438,-78.314194,2135.0,SOUTH_AMERICA,Pichincha,,,,2022-01-13T14:46:39,False,ryansikorski,iNaturalist,http://creativecommons.org/licenses/by-nc/4.0/,ryansikorski,https://inaturalist-open-data.s3.amazonaws.com/photos/175883900/original.jpeg,k-western-south-america,2024-10-28 12:42:30
original_3698099792_1.jpeg,5321877,Ionopsis utricularioides,1.9429999999999998,"Pterophanes cyanopterus (Fraser, 1840)",2476159,-0.111739,-78.584856,217.0,SOUTH_AMERICA,Pichincha,,,,2021-09-03T17:32:16Z,False,Nelson Apolo,iNaturalist,http://creativecommons.org/licenses/by-nc/4.0/,Nelson Apolo,https://inaturalist-open-data.s3.amazonaws.com/photos/180307470/original.jpeg,k-western-south-america,2024-10-28 12:42:35
original_3712447484_1.jpg,2695906,Tillandsia lajensis,11.55,"Pterophanes cyanopterus (Fraser, 1840)",2476159,4.664238,-73.96442,2.0,SOUTH_AMERICA,Cundinamarca,,,,2019-03-20T03:33Z,False,scaup,iNaturalist,http://creativecommons.org/licenses/by/4.0/,scaup,https://inaturalist-open-data.s3.amazonaws.com/photos/181480224/original.jpg,k-western-south-america,2024-10-28 12:42:38
original_3743270424_1.jpg,2925462,Stachytarpheta mutabilis,6.9239999999999995,"Pterophanes cyanopterus (Fraser, 1840)",2476159,-0.11629,-78.588882,15.0,SOUTH_AMERICA,Pichincha,,,,2022-02-13T08:05,False,Nancy Overholtz,iNaturalist,http://creativecommons.org/licenses/by-sa/4.0/,Nancy Overholtz,https://inaturalist-open-data.s3.amazonaws.com/photos/183296678/original.jpg,k-western-south-america,2024-10-28 12:42:42
original_3759095543_1.jpeg,3173338,Buddleja davidii,4.49,"Pterophanes cyanopterus (Fraser, 1840)",2476159,4.71569,-73.976092,31398.0,SOUTH_AMERICA,Cundinamarca,,,,2021-02-03T10:43,False,novvictan,iNaturalist,http://creativecommons.org/licenses/by/4.0/,novvictan,https://inaturalist-open-data.s3.amazonaws.com/photos/127730186/original.jpeg,k-western-south-america,2024-10-28 12:42:49
original_3759140811_1.jpeg,3866980,Miconia elata,0.387,"Pterophanes cyanopterus (Fraser, 1840)",2476159,4.970145,-75.377831,31.0,SOUTH_AMERICA,Caldas,,,,2018-11-03T12:35,False,Sebastian K. Herzog,iNaturalist,http://creativecommons.org/licenses/by-nc/4.0/,Sebastian K. Herzog,https://inaturalist-open-data.s3.amazonaws.com/photos/177490422/original.jpeg,k-western-south-america,2024-10-28 12:42:52
original_3759506176_3.jpg,7721174,Vallea stipularis,1.989,"Pterophanes cyanopterus (Fraser, 1840)",2476159,-0.111059,-78.585479,8.0,SOUTH_AMERICA,Pichincha,,,,2022-03-27T08:08,False,David Torres,iNaturalist,http://creativecommons.org/licenses/by-nc/4.0/,David Torres,https://inaturalist-open-data.s3.amazonaws.com/photos/184995532/original.jpg; https://inaturalist-open-data.s3.amazonaws.com/photos/184995548/original.jpg; https://inaturalist-open-data.s3.amazonaws.com/photos/184995693/original.jpg; https://inaturalist-open-data.s3.amazonaws.com/photos/184995705/original.jpg,k-western-south-america,2024-10-28 12:42:59
original_3759506176_4.jpg,7827774,Drimys granadensis,1.2550000000000001,"Pterophanes cyanopterus (Fraser, 1840)",2476159,-0.111059,-78.585479,8.0,SOUTH_AMERICA,Pichincha,,,,2022-03-27T08:08,False,David Torres,iNaturalist,http://creativecommons.org/licenses/by-nc/4.0/,David Torres,https://inaturalist-open-data.s3.amazonaws.com/photos/184995532/original.jpg; https://inaturalist-open-data.s3.amazonaws.com/photos/184995548/original.jpg; https://inaturalist-open-data.s3.amazonaws.com/photos/184995693/original.jpg; https://inaturalist-open-data.s3.amazonaws.com/photos/184995705/original.jpg,k-western-south-america,2024-10-28 12:43:01
original_3760174330_10.jpg,3723590,Gunnera magellanica,25.672,"Pterophanes cyanopterus (Fraser, 1840)",2476159,-0.12731,-78.590484,8.0,SOUTH_AMERICA,Pichincha,,,,2022-03-27T10:50,False,David Torres,iNaturalist,http://creativecommons.org/licenses/by-nc/4.0/,David Torres,https://inaturalist-open-data.s3.amazonaws.com/photos/185312696/original.jpg; https://inaturalist-open-data.s3.amazonaws.com/photos/185313028/original.jpg; https://inaturalist-open-data.s3.amazonaws.com/photos/185313037/original.jpg; https://inaturalist-open-data.s3.amazonaws.com/photos/185313041/original.jpg; https://inaturalist-open-data.s3.amazonaws.com/photos/185313049/original.jpg; https://inaturalist-open-data.s3.amazonaws.com/photos/185313052/original.jpg; https://inaturalist-open-data.s3.amazonaws.com/photos/185313059/original.jpg; https://inaturalist-open-data.s3.amazonaws.com/photos/185313063/original.jpg; https://inaturalist-open-data.s3.amazonaws.com/photos/185313067/original.jpg; https://inaturalist-open-data.s3.amazonaws.com/photos/185313073/original.jpg; https://inaturalist-open-data.s3.amazonaws.com/photos/185313090/original.jpg; https://inaturalist-open-data.s3.amazonaws.com/photos/185313097/original.jpg; https://inaturalist-open-data.s3.amazonaws.com/photos/185313104/original.jpg,k-western-south-america,2024-10-28 12:43:11
original_3760174330_8.jpg,8368994,Passiflora mixta,3.001,"Pterophanes cyanopterus (Fraser, 1840)",2476159,-0.12731,-78.590484,8.0,SOUTH_AMERICA,Pichincha,,,,2022-03-27T10:50,False,David Torres,iNaturalist,http://creativecommons.org/licenses/by-nc/4.0/,David Torres,https://inaturalist-open-data.s3.amazonaws.com/photos/185312696/original.jpg; https://inaturalist-open-data.s3.amazonaws.com/photos/185313028/original.jpg; https://inaturalist-open-data.s3.amazonaws.com/photos/185313037/original.jpg; https://inaturalist-open-data.s3.amazonaws.com/photos/185313041/original.jpg; https://inaturalist-open-data.s3.amazonaws.com/photos/185313049/original.jpg; https://inaturalist-open-data.s3.amazonaws.com/photos/185313052/original.jpg; https://inaturalist-open-data.s3.amazonaws.com/photos/185313059/original.jpg; https://inaturalist-open-data.s3.amazonaws.com/photos/185313063/original.jpg; https://inaturalist-open-data.s3.amazonaws.com/photos/185313067/original.jpg; https://inaturalist-open-data.s3.amazonaws.com/photos/185313073/original.jpg; https://inaturalist-open-data.s3.amazonaws.com/photos/185313090/original.jpg; https://inaturalist-open-data.s3.amazonaws.com/photos/185313097/original.jpg; https://inaturalist-open-data.s3.amazonaws.com/photos/185313104/original.jpg,k-western-south-america,2024-10-28 12:43:34
original_3772472788_1.jpeg,6369819,Sambucus canadensis,1.216,"Pterophanes cyanopterus (Fraser, 1840)",2476159,-0.468055,-78.432625,8.0,SOUTH_AMERICA,Pichincha,,,,2022-04-29T15:11:19,False,sandy-espinozaf,iNaturalist,http://creativecommons.org/licenses/by/4.0/,sandy-espinozaf,https://inaturalist-open-data.s3.amazonaws.com/photos/193281284/original.jpeg,k-western-south-america,2024-10-28 12:43:39
original_3859033069_1.jpg,2928286,Hydrolea spinosa,2.707,"Pterophanes cyanopterus (Fraser, 1840)",2476159,4.778817,-73.769464,4.0,SOUTH_AMERICA,Cundinamarca,,,,2022-04-17T11:54,False,Omar Javier López Gómez,iNaturalist,http://creativecommons.org/licenses/by-nc/4.0/,Omar Javier López Gómez,https://inaturalist-open-data.s3.amazonaws.com/photos/195767552/original.jpg,k-western-south-america,2024-10-28 12:43:46
original_3859384748_1.jpeg,9193953,Zinnia peruviana,1.526,"Pterophanes cyanopterus (Fraser, 1840)",2476159,4.664266,-73.964272,100.0,SOUTH_AMERICA,Cundinamarca,,,,2021-12-24T05:41,False,Loren Cassin Sackett,iNaturalist,http://creativecommons.org/licenses/by/4.0/,Loren Cassin Sackett,https://inaturalist-open-data.s3.amazonaws.com/photos/201625292/original.jpeg; https://inaturalist-open-data.s3.amazonaws.com/photos/201625331/original.jpeg,k-western-south-america,2024-10-28 12:43:48
original_3859384748_2.jpeg,2694745,Tillandsia complanata,7.184,"Pterophanes cyanopterus (Fraser, 1840)",2476159,4.664266,-73.964272,100.0,SOUTH_AMERICA,Cundinamarca,,,,2021-12-24T05:41,False,Loren Cassin Sackett,iNaturalist,http://creativecommons.org/licenses/by/4.0/,Loren Cassin Sackett,https://inaturalist-open-data.s3.amazonaws.com/photos/201625292/original.jpeg; https://inaturalist-open-data.s3.amazonaws.com/photos/201625331/original.jpeg,k-western-south-america,2024-10-28 12:43:50
original_3873284995_1.jpeg,8368994,Passiflora mixta,7.321999999999999,"Pterophanes cyanopterus (Fraser, 1840)",2476159,-0.111752,-78.584697,,SOUTH_AMERICA,Pichincha,,,,2021-12-27T13:33,False,emskakoon,iNaturalist,http://creativecommons.org/licenses/by-nc/4.0/,emskakoon,https://inaturalist-open-data.s3.amazonaws.com/photos/213548532/original.jpeg,k-western-south-america,2024-10-28 12:44:04
original_3903073390_1.jpeg,7328194,Cavendishia complectens,8.423,"Pterophanes cyanopterus (Fraser, 1840)",2476159,-0.101874,-78.504737,212.0,SOUTH_AMERICA,Pichincha,,,,2009-12-20T11:18,False,David M. Gascoigne,iNaturalist,http://creativecommons.org/licenses/by-nc/4.0/,David M. Gascoigne,https://inaturalist-open-data.s3.amazonaws.com/photos/226927600/original.jpeg,k-western-south-america,2024-10-28 12:44:08
original_3903175657_1.jpg,2928772,Nicotiana tomentosa,6.886,"Pterophanes cyanopterus (Fraser, 1840)",2476159,-17.226241,-65.904914,,SOUTH_AMERICA,Cochabamba,,,,2022-06-29T17:27,False,avocat,iNaturalist,http://creativecommons.org/licenses/by-nc/4.0/,avocat,https://inaturalist-open-data.s3.amazonaws.com/photos/227041903/original.jpg; https://inaturalist-open-data.s3.amazonaws.com/photos/227041911/original.jpg,k-western-south-america,2024-10-28 12:44:12
original_3903175657_2.jpg,3083111,Couratari guianensis,2.788,"Pterophanes cyanopterus (Fraser, 1840)",2476159,-17.226241,-65.904914,,SOUTH_AMERICA,Cochabamba,,,,2022-06-29T17:27,False,avocat,iNaturalist,http://creativecommons.org/licenses/by-nc/4.0/,avocat,https://inaturalist-open-data.s3.amazonaws.com/photos/227041903/original.jpg; https://inaturalist-open-data.s3.amazonaws.com/photos/227041911/original.jpg,k-western-south-america,2024-10-28 12:44:14
original_3903583120_1.jpg,2975476,Bowdichia virgilioides,0.616,"Pterophanes cyanopterus (Fraser, 1840)",2476159,-0.111158,-78.585365,8.0,SOUTH_AMERICA,Pichincha,,,,2018-03-24T11:46,False,johnmeikle,iNaturalist,http://creativecommons.org/licenses/by-nc/4.0/,johnmeikle,https://inaturalist-open-data.s3.amazonaws.com/photos/229797876/original.jpg,k-western-south-america,2024-10-28 12:44:16
original_3915452413_1.jpeg,2695906,Tillandsia lajensis,3.116,"Pterophanes cyanopterus (Fraser, 1840)",2476159,-2.807729,-78.629619,852.0,SOUTH_AMERICA,Azuay,,,,2022-07-30T09:01,False,gnormand,iNaturalist,http://creativecommons.org/licenses/by-nc/4.0/,gnormand,https://inaturalist-open-data.s3.amazonaws.com/photos/219123025/original.jpeg,k-western-south-america,2024-10-28 12:44:20
original_3925039934_1.jpg,5321970,Oncidium ornithorhynchum,1.5730000000000002,"Pterophanes cyanopterus (Fraser, 1840)",2476159,0.033731,-78.776309,6698.0,SOUTH_AMERICA,Pichincha,,,,2016-01-01T10:38:34,False,Chris Folsom,iNaturalist,http://creativecommons.org/licenses/by-nc/4.0/,Chris Folsom,https://inaturalist-open-data.s3.amazonaws.com/photos/235243013/original.jpg,k-western-south-america,2024-10-28 12:44:23
original_3947426117_1.jpeg,2695906,Tillandsia lajensis,3.752,"Pterophanes cyanopterus (Fraser, 1840)",2476159,4.970561,-75.377316,15.0,SOUTH_AMERICA,Caldas,,,,2022-08-25T09:35,False,Christoph Moning,iNaturalist,http://creativecommons.org/licenses/by/4.0/,Christoph Moning,https://inaturalist-open-data.s3.amazonaws.com/photos/236777082/original.jpeg; https://inaturalist-open-data.s3.amazonaws.com/photos/236777114/original.jpeg,k-western-south-america,2024-10-28 12:44:25
original_3947426117_2.jpeg,5421003,Ludwigia longifolia,1.407,"Pterophanes cyanopterus (Fraser, 1840)",2476159,4.970561,-75.377316,15.0,SOUTH_AMERICA,Caldas,,,,2022-08-25T09:35,False,Christoph Moning,iNaturalist,http://creativecommons.org/licenses/by/4.0/,Christoph Moning,https://inaturalist-open-data.s3.amazonaws.com/photos/236777082/original.jpeg; https://inaturalist-open-data.s3.amazonaws.com/photos/236777114/original.jpeg,k-western-south-america,2024-10-28 12:44:28
original_3947572265_2.jpg,4170327,Macleania rupestris,53.024,"Pterophanes cyanopterus (Fraser, 1840)",2476159,5.011337,-74.19731,420.0,SOUTH_AMERICA,Cundinamarca,,,,2022-10-09T12:21,False,ajott,iNaturalist,http://creativecommons.org/licenses/by/4.0/,ajott,https://inaturalist-open-data.s3.amazonaws.com/photos/236997458/original.jpg; https://inaturalist-open-data.s3.amazonaws.com/photos/236997465/original.jpg,k-western-south-america,2024-10-28 12:44:32
original_3986104382_1.jpg,2874711,Begonia foliosa,3.895,"Pterophanes cyanopterus (Fraser, 1840)",2476159,-0.111739,-78.584856,217.0,SOUTH_AMERICA,Pichincha,,,,2022-11-02T10:45,False,Herb Wilson,iNaturalist,http://creativecommons.org/licenses/by-nc/4.0/,Herb Wilson,https://inaturalist-open-data.s3.amazonaws.com/photos/245583465/original.jpg; https://inaturalist-open-data.s3.amazonaws.com/photos/245583473/original.jpg; https://inaturalist-open-data.s3.amazonaws.com/photos/245583481/original.jpg,k-western-south-america,2024-10-28 12:44:37
original_3986104382_2.jpg,2874711,Begonia foliosa,3.798,"Pterophanes cyanopterus (Fraser, 1840)",2476159,-0.111739,-78.584856,217.0,SOUTH_AMERICA,Pichincha,,,,2022-11-02T10:45,False,Herb Wilson,iNaturalist,http://creativecommons.org/licenses/by-nc/4.0/,Herb Wilson,https://inaturalist-open-data.s3.amazonaws.com/photos/245583465/original.jpg; https://inaturalist-open-data.s3.amazonaws.com/photos/245583473/original.jpg; https://inaturalist-open-data.s3.amazonaws.com/photos/245583481/original.jpg,k-western-south-america,2024-10-28 12:44:39
original_3986104382_3.jpg,3032537,Weinmannia pinnata,8.738,"Pterophanes cyanopterus (Fraser, 1840)",2476159,-0.111739,-78.584856,217.0,SOUTH_AMERICA,Pichincha,,,,2022-11-02T10:45,False,Herb Wilson,iNaturalist,http://creativecommons.org/licenses/by-nc/4.0/,Herb Wilson,https://inaturalist-open-data.s3.amazonaws.com/photos/245583465/original.jpg; https://inaturalist-open-data.s3.amazonaws.com/photos/245583473/original.jpg; https://inaturalist-open-data.s3.amazonaws.com/photos/245583481/original.jpg,k-western-south-america,2024-10-28 12:44:41
original_3994303210_1.jpeg,3084844,Carpobrotus chilensis,0.258,"Pterophanes cyanopterus (Fraser, 1840)",2476159,4.970613,-75.377525,,SOUTH_AMERICA,Caldas,,,,2022-12-07T13:11:46,False,moodydrpopper,iNaturalist,http://creativecommons.org/licenses/by-nc/4.0/,moodydrpopper,https://inaturalist-open-data.s3.amazonaws.com/photos/248147885/original.jpeg,k-western-south-america,2024-10-28 12:44:48
original_4006527617_1.jpg,5321877,Ionopsis utricularioides,3.063,"Pterophanes cyanopterus (Fraser, 1840)",2476159,4.970583,-75.377508,,SOUTH_AMERICA,Caldas,,,,2020-01-23T11:49,False,Alan Wells,iNaturalist,http://creativecommons.org/licenses/by-nc/4.0/,Alan Wells,https://inaturalist-open-data.s3.amazonaws.com/photos/246964554/original.jpg,k-western-south-america,2024-10-28 12:44:50
original_4006749920_1.jpg,3175434,Myrrhinium atropurpureum,0.38899999999999996,"Pterophanes cyanopterus (Fraser, 1840)",2476159,4.664295,-73.964387,,SOUTH_AMERICA,Cundinamarca,,,,2020-01-17T11:41,False,Alan Wells,iNaturalist,http://creativecommons.org/licenses/by-nc/4.0/,Alan Wells,https://inaturalist-open-data.s3.amazonaws.com/photos/247972039/original.jpg; https://inaturalist-open-data.s3.amazonaws.com/photos/247972042/original.jpg; https://inaturalist-open-data.s3.amazonaws.com/photos/247972045/original.jpg,k-western-south-america,2024-10-28 12:44:55
original_4009895019_1.jpeg,7150619,Gomphocarpus fruticosus,0.924,"Pterophanes cyanopterus (Fraser, 1840)",2476159,4.970667,-75.378126,51.0,SOUTH_AMERICA,Caldas,,,,2022-12-24T08:13,False,Dario Taraborelli,iNaturalist,http://creativecommons.org/publicdomain/zero/1.0/,Dario Taraborelli,https://inaturalist-open-data.s3.amazonaws.com/photos/248981311/original.jpeg; https://inaturalist-open-data.s3.amazonaws.com/photos/248981319/original.jpeg,k-western-south-america,2024-10-28 12:45:05
original_4009895019_2.jpeg,7150619,Gomphocarpus fruticosus,1.121,"Pterophanes cyanopterus (Fraser, 1840)",2476159,4.970667,-75.378126,51.0,SOUTH_AMERICA,Caldas,,,,2022-12-24T08:13,False,Dario Taraborelli,iNaturalist,http://creativecommons.org/publicdomain/zero/1.0/,Dario Taraborelli,https://inaturalist-open-data.s3.amazonaws.com/photos/248981311/original.jpeg; https://inaturalist-open-data.s3.amazonaws.com/photos/248981319/original.jpeg,k-western-south-america,2024-10-28 12:45:07
original_4015255998_1.jpg,5938224,Fuchsia magellanica,6.648999999999999,"Pterophanes cyanopterus (Fraser, 1840)",2476159,-0.493071,-78.233849,1953.0,SOUTH_AMERICA,Napo,,,,2022-12-16T13:18,False,Andrés León-Reyes,iNaturalist,http://creativecommons.org/licenses/by-nc/4.0/,Andrés León-Reyes,https://inaturalist-open-data.s3.amazonaws.com/photos/250741694/original.jpg,k-western-south-america,2024-10-28 12:45:16
original_4022313648_1.jpg,2756950,Costus woodsonii,1.027,"Pterophanes cyanopterus (Fraser, 1840)",2476159,4.993126,-75.35112,31394.0,SOUTH_AMERICA,Caldas,,,,2022-12-17T15:28,False,Moses Michelsohn,iNaturalist,http://creativecommons.org/licenses/by-nc/4.0/,Moses Michelsohn,https://inaturalist-open-data.s3.amazonaws.com/photos/253156446/original.jpg,k-western-south-america,2024-10-28 12:45:19
original_4022376755_1.jpeg,5320021,Epidendrum nocturnum,4.857,"Pterophanes cyanopterus (Fraser, 1840)",2476159,4.83044,-73.790504,122.0,SOUTH_AMERICA,Cundinamarca,,,,2023-01-21T12:21,False,MAURICIO GIRALDO RIOS,iNaturalist,http://creativecommons.org/licenses/by-nc/4.0/,MAURICIO GIRALDO RIOS,https://inaturalist-open-data.s3.amazonaws.com/photos/253255259/original.jpeg,k-western-south-america,2024-10-28 12:45:21
original_4028865810_1.jpeg,3862350,Brachyotum ledifolium,7.649,"Pterophanes cyanopterus (Fraser, 1840)",2476159,5.024678,-75.369542,191.0,SOUTH_AMERICA,Caldas,,,,2023-01-18,False,Isac Walker Cardona,iNaturalist,http://creativecommons.org/licenses/by-nc/4.0/,Isac Walker Cardona,https://inaturalist-open-data.s3.amazonaws.com/photos/254321056/original.jpeg,k-western-south-america,2024-10-28 12:45:27
original_4034610201_1.jpeg,2694745,Tillandsia complanata,1.083,"Pterophanes cyanopterus (Fraser, 1840)",2476159,4.970047,-75.378013,500.0,SOUTH_AMERICA,Caldas,,,,2023-01-30T14:31,False,Guy Babineau,iNaturalist,http://creativecommons.org/licenses/by/4.0/,Guy Babineau,https://inaturalist-open-data.s3.amazonaws.com/photos/255796854/original.jpeg,k-western-south-america,2024-10-28 12:45:32
original_4039375825_1.jpg,7684115,Bejaria resinosa,91.86800000000001,"Pterophanes cyanopterus (Fraser, 1840)",2476159,4.587488,-74.05329,,SOUTH_AMERICA,Cundinamarca,,,,2023-01-01T12:22,False,johnmeikle,iNaturalist,http://creativecommons.org/licenses/by-nc/4.0/,johnmeikle,https://inaturalist-open-data.s3.amazonaws.com/photos/256285289/original.jpg; https://inaturalist-open-data.s3.amazonaws.com/photos/256285290/original.jpg,k-western-south-america,2024-10-28 12:45:34
original_4039375825_2.jpg,7684115,Bejaria resinosa,92.571,"Pterophanes cyanopterus (Fraser, 1840)",2476159,4.587488,-74.05329,,SOUTH_AMERICA,Cundinamarca,,,,2023-01-01T12:22,False,johnmeikle,iNaturalist,http://creativecommons.org/licenses/by-nc/4.0/,johnmeikle,https://inaturalist-open-data.s3.amazonaws.com/photos/256285289/original.jpg; https://inaturalist-open-data.s3.amazonaws.com/photos/256285290/original.jpg,k-western-south-america,2024-10-28 12:45:37
original_4054729532_1.jpeg,3107187,Senecio tamoides,3.6790000000000003,"Pterophanes cyanopterus (Fraser, 1840)",2476159,-1.667786,-78.455594,13400.0,SOUTH_AMERICA,Chimborazo,,,,2023-02-11T09:24,False,gnormand,iNaturalist,http://creativecommons.org/licenses/by-nc/4.0/,gnormand,https://inaturalist-open-data.s3.amazonaws.com/photos/256054828/original.jpeg,k-western-south-america,2024-10-28 12:45:39
original_4067398486_1.jpeg,7269222,Zanthoxylum rhoifolium,1.8519999999999999,"Pterophanes cyanopterus (Fraser, 1840)",2476159,-0.111739,-78.584856,217.0,SOUTH_AMERICA,Pichincha,,,,2023-03-18T16:05,False,Elliot Hull,iNaturalist,http://creativecommons.org/licenses/by-nc/4.0/,Elliot Hull,https://inaturalist-open-data.s3.amazonaws.com/photos/261830687/original.jpeg; https://inaturalist-open-data.s3.amazonaws.com/photos/261830693/original.jpeg,k-western-south-america,2024-10-28 12:45:44
original_4076305964_1.jpeg,8376201,Escallonia myrtilloides,5.863,"Pterophanes cyanopterus (Fraser, 1840)",2476159,4.105096,-74.248895,244.0,SOUTH_AMERICA,Cundinamarca,,,,2023-03-26T09:37,False,MAURICIO GIRALDO RIOS,iNaturalist,http://creativecommons.org/licenses/by-nc/4.0/,MAURICIO GIRALDO RIOS,https://inaturalist-open-data.s3.amazonaws.com/photos/263547956/original.jpeg,k-western-south-america,2024-10-28 12:45:48
original_4076373884_1.jpeg,8376201,Escallonia myrtilloides,5.863,"Pterophanes cyanopterus (Fraser, 1840)",2476159,4.369304,-74.188577,61.0,SOUTH_AMERICA,Cundinamarca,,,,2023-03-26T09:37,False,MAURICIO GIRALDO RIOS,iNaturalist,http://creativecommons.org/licenses/by-nc/4.0/,MAURICIO GIRALDO RIOS,https://inaturalist-open-data.s3.amazonaws.com/photos/263547210/original.jpeg,k-western-south-america,2024-10-28 12:45:50
original_4080486929_1.jpeg,5938224,Fuchsia magellanica,65.022,"Pterophanes cyanopterus (Fraser, 1840)",2476159,-0.459143,-78.323078,,SOUTH_AMERICA,Pichincha,,,,2023-03-17T16:16,False,William Hull,iNaturalist,http://creativecommons.org/licenses/by-nc/4.0/,William Hull,https://inaturalist-open-data.s3.amazonaws.com/photos/265584886/original.jpeg,k-western-south-america,2024-10-28 12:45:52
original_4080581570_1.jpg,5580093,Crossopetalum uragoga,1.3679999999999999,"Pterophanes cyanopterus (Fraser, 1840)",2476159,-0.436132,-78.346019,8.0,SOUTH_AMERICA,Pichincha,,,,2019-08-03T07:37,False,Frode Jacobsen,iNaturalist,http://creativecommons.org/licenses/by-nc/4.0/,Frode Jacobsen,https://inaturalist-open-data.s3.amazonaws.com/photos/263960359/original.jpg,k-western-south-america,2024-10-28 12:45:54
original_4091618493_1.jpeg,5321877,Ionopsis utricularioides,5.854,"Pterophanes cyanopterus (Fraser, 1840)",2476159,-0.12732,-78.59056,,SOUTH_AMERICA,Pichincha,,,,2023-03-18T12:21,False,William Hull,iNaturalist,http://creativecommons.org/licenses/by-nc/4.0/,William Hull,https://inaturalist-open-data.s3.amazonaws.com/photos/268342913/original.jpeg; https://inaturalist-open-data.s3.amazonaws.com/photos/268342928/original.jpeg,k-western-south-america,2024-10-28 12:45:59
original_4091618493_2.jpeg,2884788,Pouteria caimito,5.475,"Pterophanes cyanopterus (Fraser, 1840)",2476159,-0.12732,-78.59056,,SOUTH_AMERICA,Pichincha,,,,2023-03-18T12:21,False,William Hull,iNaturalist,http://creativecommons.org/licenses/by-nc/4.0/,William Hull,https://inaturalist-open-data.s3.amazonaws.com/photos/268342913/original.jpeg; https://inaturalist-open-data.s3.amazonaws.com/photos/268342928/original.jpeg,k-western-south-america,2024-10-28 12:46:01
original_4091795468_3.jpeg,5320021,Epidendrum nocturnum,1.217,"Pterophanes cyanopterus (Fraser, 1840)",2476159,-0.111742,-78.58524,,SOUTH_AMERICA,Pichincha,,,,2023-03-18T08:48,False,William Hull,iNaturalist,http://creativecommons.org/licenses/by-nc/4.0/,William Hull,https://inaturalist-open-data.s3.amazonaws.com/photos/268342822/original.jpeg; https://inaturalist-open-data.s3.amazonaws.com/photos/268342835/original.jpeg; https://inaturalist-open-data.s3.amazonaws.com/photos/268342853/original.jpeg; https://inaturalist-open-data.s3.amazonaws.com/photos/268342862/original.jpeg; https://inaturalist-open-data.s3.amazonaws.com/photos/268342879/original.jpeg,k-western-south-america,2024-10-28 12:46:08
original_4091795468_4.jpeg,5319715,Epidendrum rigidum,2.935,"Pterophanes cyanopterus (Fraser, 1840)",2476159,-0.111742,-78.58524,,SOUTH_AMERICA,Pichincha,,,,2023-03-18T08:48,False,William Hull,iNaturalist,http://creativecommons.org/licenses/by-nc/4.0/,William Hull,https://inaturalist-open-data.s3.amazonaws.com/photos/268342822/original.jpeg; https://inaturalist-open-data.s3.amazonaws.com/photos/268342835/original.jpeg; https://inaturalist-open-data.s3.amazonaws.com/photos/268342853/original.jpeg; https://inaturalist-open-data.s3.amazonaws.com/photos/268342862/original.jpeg; https://inaturalist-open-data.s3.amazonaws.com/photos/268342879/original.jpeg,k-western-south-america,2024-10-28 12:46:10
original_4091795468_5.jpeg,5370560,Polylepis tomentella,4.741,"Pterophanes cyanopterus (Fraser, 1840)",2476159,-0.111742,-78.58524,,SOUTH_AMERICA,Pichincha,,,,2023-03-18T08:48,False,William Hull,iNaturalist,http://creativecommons.org/licenses/by-nc/4.0/,William Hull,https://inaturalist-open-data.s3.amazonaws.com/photos/268342822/original.jpeg; https://inaturalist-open-data.s3.amazonaws.com/photos/268342835/original.jpeg; https://inaturalist-open-data.s3.amazonaws.com/photos/268342853/original.jpeg; https://inaturalist-open-data.s3.amazonaws.com/photos/268342862/original.jpeg; https://inaturalist-open-data.s3.amazonaws.com/photos/268342879/original.jpeg,k-western-south-america,2024-10-28 12:46:12
original_4091907457_1.jpeg,3866517,Bellucia pentamera,1.746,"Pterophanes cyanopterus (Fraser, 1840)",2476159,-0.127397,-78.590553,,SOUTH_AMERICA,Pichincha,,,,2023-03-18T11:52,False,William Hull,iNaturalist,http://creativecommons.org/licenses/by-nc/4.0/,William Hull,https://inaturalist-open-data.s3.amazonaws.com/photos/268342941/original.jpeg,k-western-south-america,2024-10-28 12:46:14
original_4091950712_2.jpeg,5370573,Polylepis sericea,6.093,"Pterophanes cyanopterus (Fraser, 1840)",2476159,-0.111595,-78.585124,44.0,SOUTH_AMERICA,Pichincha,,,,2023-04-09T10:58,False,Pamela Enríquez,iNaturalist,http://creativecommons.org/licenses/by-nc/4.0/,Pamela Enríquez,https://inaturalist-open-data.s3.amazonaws.com/photos/267092384/original.jpeg; https://inaturalist-open-data.s3.amazonaws.com/photos/267092583/original.jpeg,k-western-south-america,2024-10-28 12:46:22
original_4102680404_1.jpg,2650905,Oleandra articulata,2.54,"Pterophanes cyanopterus (Fraser, 1840)",2476159,-0.343581,-78.150832,8.0,SOUTH_AMERICA,Napo,,,,2022-02-12T06:14,False,Nancy Overholtz,iNaturalist,http://creativecommons.org/licenses/by-sa/4.0/,Nancy Overholtz,https://inaturalist-open-data.s3.amazonaws.com/photos/182788037/original.jpg; https://inaturalist-open-data.s3.amazonaws.com/photos/182788048/original.jpg,k-western-south-america,2024-10-28 12:46:26
original_4102680404_2.jpg,2945579,Centrolobium paraense,1.3559999999999999,"Pterophanes cyanopterus (Fraser, 1840)",2476159,-0.343581,-78.150832,8.0,SOUTH_AMERICA,Napo,,,,2022-02-12T06:14,False,Nancy Overholtz,iNaturalist,http://creativecommons.org/licenses/by-sa/4.0/,Nancy Overholtz,https://inaturalist-open-data.s3.amazonaws.com/photos/182788037/original.jpg; https://inaturalist-open-data.s3.amazonaws.com/photos/182788048/original.jpg,k-western-south-america,2024-10-28 12:46:27
original_4111739865_1.jpg,8368994,Passiflora mixta,8.997,"Pterophanes cyanopterus (Fraser, 1840)",2476159,-0.45906,-78.32329,8.0,SOUTH_AMERICA,Pichincha,,,,2023-05-01T12:19,False,David Torres,iNaturalist,http://creativecommons.org/licenses/by-nc/4.0/,David Torres,https://inaturalist-open-data.s3.amazonaws.com/photos/275332905/original.jpg; https://inaturalist-open-data.s3.amazonaws.com/photos/275332921/original.jpg; https://inaturalist-open-data.s3.amazonaws.com/photos/275332937/original.jpg; https://inaturalist-open-data.s3.amazonaws.com/photos/275332950/original.jpg; https://inaturalist-open-data.s3.amazonaws.com/photos/275332965/original.jpg; https://inaturalist-open-data.s3.amazonaws.com/photos/275332982/original.jpg; https://inaturalist-open-data.s3.amazonaws.com/photos/275332999/original.jpg; https://inaturalist-open-data.s3.amazonaws.com/photos/275333023/original.jpg; https://inaturalist-open-data.s3.amazonaws.com/photos/275333038/original.jpg; https://inaturalist-open-data.s3.amazonaws.com/photos/275333074/original.jpg; https://inaturalist-open-data.s3.amazonaws.com/photos/275333081/original.jpg; https://inaturalist-open-data.s3.amazonaws.com/photos/275333458/original.jpg; https://inaturalist-open-data.s3.amazonaws.com/photos/275333474/original.jpg; https://inaturalist-open-data.s3.amazonaws.com/photos/275333482/original.jpg,k-western-south-america,2024-10-28 12:46:30
original_4111739865_10.jpg,4093319,Delostoma integrifolium,13.861,"Pterophanes cyanopterus (Fraser, 1840)",2476159,-0.45906,-78.32329,8.0,SOUTH_AMERICA,Pichincha,,,,2023-05-01T12:19,False,David Torres,iNaturalist,http://creativecommons.org/licenses/by-nc/4.0/,David Torres,https://inaturalist-open-data.s3.amazonaws.com/photos/275332905/original.jpg; https://inaturalist-open-data.s3.amazonaws.com/photos/275332921/original.jpg; https://inaturalist-open-data.s3.amazonaws.com/photos/275332937/original.jpg; https://inaturalist-open-data.s3.amazonaws.com/photos/275332950/original.jpg; https://inaturalist-open-data.s3.amazonaws.com/photos/275332965/original.jpg; https://inaturalist-open-data.s3.amazonaws.com/photos/275332982/original.jpg; https://inaturalist-open-data.s3.amazonaws.com/photos/275332999/original.jpg; https://inaturalist-open-data.s3.amazonaws.com/photos/275333023/original.jpg; https://inaturalist-open-data.s3.amazonaws.com/photos/275333038/original.jpg; https://inaturalist-open-data.s3.amazonaws.com/photos/275333074/original.jpg; https://inaturalist-open-data.s3.amazonaws.com/photos/275333081/original.jpg; https://inaturalist-open-data.s3.amazonaws.com/photos/275333458/original.jpg; https://inaturalist-open-data.s3.amazonaws.com/photos/275333474/original.jpg; https://inaturalist-open-data.s3.amazonaws.com/photos/275333482/original.jpg,k-western-south-america,2024-10-28 12:46:33
original_4111739865_12.jpg,4093319,Delostoma integrifolium,9.49,"Pterophanes cyanopterus (Fraser, 1840)",2476159,-0.45906,-78.32329,8.0,SOUTH_AMERICA,Pichincha,,,,2023-05-01T12:19,False,David Torres,iNaturalist,http://creativecommons.org/licenses/by-nc/4.0/,David Torres,https://inaturalist-open-data.s3.amazonaws.com/photos/275332905/original.jpg; https://inaturalist-open-data.s3.amazonaws.com/photos/275332921/original.jpg; https://inaturalist-open-data.s3.amazonaws.com/photos/275332937/original.jpg; https://inaturalist-open-data.s3.amazonaws.com/photos/275332950/original.jpg; https://inaturalist-open-data.s3.amazonaws.com/photos/275332965/original.jpg; https://inaturalist-open-data.s3.amazonaws.com/photos/275332982/original.jpg; https://inaturalist-open-data.s3.amazonaws.com/photos/275332999/original.jpg; https://inaturalist-open-data.s3.amazonaws.com/photos/275333023/original.jpg; https://inaturalist-open-data.s3.amazonaws.com/photos/275333038/original.jpg; https://inaturalist-open-data.s3.amazonaws.com/photos/275333074/original.jpg; https://inaturalist-open-data.s3.amazonaws.com/photos/275333081/original.jpg; https://inaturalist-open-data.s3.amazonaws.com/photos/275333458/original.jpg; https://inaturalist-open-data.s3.amazonaws.com/photos/275333474/original.jpg; https://inaturalist-open-data.s3.amazonaws.com/photos/275333482/original.jpg,k-western-south-america,2024-10-28 12:46:37
original_4111739865_13.jpg,2928286,Hydrolea spinosa,0.828,"Pterophanes cyanopterus (Fraser, 1840)",2476159,-0.45906,-78.32329,8.0,SOUTH_AMERICA,Pichincha,,,,2023-05-01T12:19,False,David Torres,iNaturalist,http://creativecommons.org/licenses/by-nc/4.0/,David Torres,https://inaturalist-open-data.s3.amazonaws.com/photos/275332905/original.jpg; https://inaturalist-open-data.s3.amazonaws.com/photos/275332921/original.jpg; https://inaturalist-open-data.s3.amazonaws.com/photos/275332937/original.jpg; https://inaturalist-open-data.s3.amazonaws.com/photos/275332950/original.jpg; https://inaturalist-open-data.s3.amazonaws.com/photos/275332965/original.jpg; https://inaturalist-open-data.s3.amazonaws.com/photos/275332982/original.jpg; https://inaturalist-open-data.s3.amazonaws.com/photos/275332999/original.jpg; https://inaturalist-open-data.s3.amazonaws.com/photos/275333023/original.jpg; https://inaturalist-open-data.s3.amazonaws.com/photos/275333038/original.jpg; https://inaturalist-open-data.s3.amazonaws.com/photos/275333074/original.jpg; https://inaturalist-open-data.s3.amazonaws.com/photos/275333081/original.jpg; https://inaturalist-open-data.s3.amazonaws.com/photos/275333458/original.jpg; https://inaturalist-open-data.s3.amazonaws.com/photos/275333474/original.jpg; https://inaturalist-open-data.s3.amazonaws.com/photos/275333482/original.jpg,k-western-south-america,2024-10-28 12:46:39
original_4111739865_6.jpg,3900835,Salvia haenkei,7.852,"Pterophanes cyanopterus (Fraser, 1840)",2476159,-0.45906,-78.32329,8.0,SOUTH_AMERICA,Pichincha,,,,2023-05-01T12:19,False,David Torres,iNaturalist,http://creativecommons.org/licenses/by-nc/4.0/,David Torres,https://inaturalist-open-data.s3.amazonaws.com/photos/275332905/original.jpg; https://inaturalist-open-data.s3.amazonaws.com/photos/275332921/original.jpg; https://inaturalist-open-data.s3.amazonaws.com/photos/275332937/original.jpg; https://inaturalist-open-data.s3.amazonaws.com/photos/275332950/original.jpg; https://inaturalist-open-data.s3.amazonaws.com/photos/275332965/original.jpg; https://inaturalist-open-data.s3.amazonaws.com/photos/275332982/original.jpg; https://inaturalist-open-data.s3.amazonaws.com/photos/275332999/original.jpg; https://inaturalist-open-data.s3.amazonaws.com/photos/275333023/original.jpg; https://inaturalist-open-data.s3.amazonaws.com/photos/275333038/original.jpg; https://inaturalist-open-data.s3.amazonaws.com/photos/275333074/original.jpg; https://inaturalist-open-data.s3.amazonaws.com/photos/275333081/original.jpg; https://inaturalist-open-data.s3.amazonaws.com/photos/275333458/original.jpg; https://inaturalist-open-data.s3.amazonaws.com/photos/275333474/original.jpg; https://inaturalist-open-data.s3.amazonaws.com/photos/275333482/original.jpg,k-western-south-america,2024-10-28 12:46:53
original_4111748858_10.jpg,3740764,Russelia sarmentosa,1.0699999999999998,"Pterophanes cyanopterus (Fraser, 1840)",2476159,-0.45906,-78.32329,8.0,SOUTH_AMERICA,Pichincha,,,,2023-05-01T12:05,False,David Torres,iNaturalist,http://creativecommons.org/licenses/by-nc/4.0/,David Torres,https://inaturalist-open-data.s3.amazonaws.com/photos/275332286/original.jpg; https://inaturalist-open-data.s3.amazonaws.com/photos/275332298/original.jpg; https://inaturalist-open-data.s3.amazonaws.com/photos/275332320/original.jpg; https://inaturalist-open-data.s3.amazonaws.com/photos/275332334/original.jpg; https://inaturalist-open-data.s3.amazonaws.com/photos/275332350/original.jpg; https://inaturalist-open-data.s3.amazonaws.com/photos/275332370/original.jpg; https://inaturalist-open-data.s3.amazonaws.com/photos/275332387/original.jpg; https://inaturalist-open-data.s3.amazonaws.com/photos/275332411/original.jpg; https://inaturalist-open-data.s3.amazonaws.com/photos/275332428/original.jpg; https://inaturalist-open-data.s3.amazonaws.com/photos/275332446/original.jpg; https://inaturalist-open-data.s3.amazonaws.com/photos/275332462/original.jpg; https://inaturalist-open-data.s3.amazonaws.com/photos/275332477/original.jpg; https://inaturalist-open-data.s3.amazonaws.com/photos/275332498/original.jpg; https://inaturalist-open-data.s3.amazonaws.com/photos/275332662/original.jpg; https://inaturalist-open-data.s3.amazonaws.com/photos/275332694/original.jpg; https://inaturalist-open-data.s3.amazonaws.com/photos/275332795/original.jpg; https://inaturalist-open-data.s3.amazonaws.com/photos/275332816/original.jpg; https://inaturalist-open-data.s3.amazonaws.com/photos/275332831/original.jpg,k-western-south-america,2024-10-28 12:47:04
original_4111748858_13.jpg,3063705,Hippomane mancinella,0.314,"Pterophanes cyanopterus (Fraser, 1840)",2476159,-0.45906,-78.32329,8.0,SOUTH_AMERICA,Pichincha,,,,2023-05-01T12:05,False,David Torres,iNaturalist,http://creativecommons.org/licenses/by-nc/4.0/,David Torres,https://inaturalist-open-data.s3.amazonaws.com/photos/275332286/original.jpg; https://inaturalist-open-data.s3.amazonaws.com/photos/275332298/original.jpg; https://inaturalist-open-data.s3.amazonaws.com/photos/275332320/original.jpg; https://inaturalist-open-data.s3.amazonaws.com/photos/275332334/original.jpg; https://inaturalist-open-data.s3.amazonaws.com/photos/275332350/original.jpg; https://inaturalist-open-data.s3.amazonaws.com/photos/275332370/original.jpg; https://inaturalist-open-data.s3.amazonaws.com/photos/275332387/original.jpg; https://inaturalist-open-data.s3.amazonaws.com/photos/275332411/original.jpg; https://inaturalist-open-data.s3.amazonaws.com/photos/275332428/original.jpg; https://inaturalist-open-data.s3.amazonaws.com/photos/275332446/original.jpg; https://inaturalist-open-data.s3.amazonaws.com/photos/275332462/original.jpg; https://inaturalist-open-data.s3.amazonaws.com/photos/275332477/original.jpg; https://inaturalist-open-data.s3.amazonaws.com/photos/275332498/original.jpg; https://inaturalist-open-data.s3.amazonaws.com/photos/275332662/original.jpg; https://inaturalist-open-data.s3.amazonaws.com/photos/275332694/original.jpg; https://inaturalist-open-data.s3.amazonaws.com/photos/275332795/original.jpg; https://inaturalist-open-data.s3.amazonaws.com/photos/275332816/original.jpg; https://inaturalist-open-data.s3.amazonaws.com/photos/275332831/original.jpg,k-western-south-america,2024-10-28 12:47:11
original_4111748858_17.jpg,2932944,Capsicum annuum,1.488,"Pterophanes cyanopterus (Fraser, 1840)",2476159,-0.45906,-78.32329,8.0,SOUTH_AMERICA,Pichincha,,,,2023-05-01T12:05,False,David Torres,iNaturalist,http://creativecommons.org/licenses/by-nc/4.0/,David Torres,https://inaturalist-open-data.s3.amazonaws.com/photos/275332286/original.jpg; https://inaturalist-open-data.s3.amazonaws.com/photos/275332298/original.jpg; https://inaturalist-open-data.s3.amazonaws.com/photos/275332320/original.jpg; https://inaturalist-open-data.s3.amazonaws.com/photos/275332334/original.jpg; https://inaturalist-open-data.s3.amazonaws.com/photos/275332350/original.jpg; https://inaturalist-open-data.s3.amazonaws.com/photos/275332370/original.jpg; https://inaturalist-open-data.s3.amazonaws.com/photos/275332387/original.jpg; https://inaturalist-open-data.s3.amazonaws.com/photos/275332411/original.jpg; https://inaturalist-open-data.s3.amazonaws.com/photos/275332428/original.jpg; https://inaturalist-open-data.s3.amazonaws.com/photos/275332446/original.jpg; https://inaturalist-open-data.s3.amazonaws.com/photos/275332462/original.jpg; https://inaturalist-open-data.s3.amazonaws.com/photos/275332477/original.jpg; https://inaturalist-open-data.s3.amazonaws.com/photos/275332498/original.jpg; https://inaturalist-open-data.s3.amazonaws.com/photos/275332662/original.jpg; https://inaturalist-open-data.s3.amazonaws.com/photos/275332694/original.jpg; https://inaturalist-open-data.s3.amazonaws.com/photos/275332795/original.jpg; https://inaturalist-open-data.s3.amazonaws.com/photos/275332816/original.jpg; https://inaturalist-open-data.s3.amazonaws.com/photos/275332831/original.jpg,k-western-south-america,2024-10-28 12:47:19
original_4111748858_6.jpg,7304064,Curatella americana,1.6209999999999998,"Pterophanes cyanopterus (Fraser, 1840)",2476159,-0.45906,-78.32329,8.0,SOUTH_AMERICA,Pichincha,,,,2023-05-01T12:05,False,David Torres,iNaturalist,http://creativecommons.org/licenses/by-nc/4.0/,David Torres,https://inaturalist-open-data.s3.amazonaws.com/photos/275332286/original.jpg; https://inaturalist-open-data.s3.amazonaws.com/photos/275332298/original.jpg; https://inaturalist-open-data.s3.amazonaws.com/photos/275332320/original.jpg; https://inaturalist-open-data.s3.amazonaws.com/photos/275332334/original.jpg; https://inaturalist-open-data.s3.amazonaws.com/photos/275332350/original.jpg; https://inaturalist-open-data.s3.amazonaws.com/photos/275332370/original.jpg; https://inaturalist-open-data.s3.amazonaws.com/photos/275332387/original.jpg; https://inaturalist-open-data.s3.amazonaws.com/photos/275332411/original.jpg; https://inaturalist-open-data.s3.amazonaws.com/photos/275332428/original.jpg; https://inaturalist-open-data.s3.amazonaws.com/photos/275332446/original.jpg; https://inaturalist-open-data.s3.amazonaws.com/photos/275332462/original.jpg; https://inaturalist-open-data.s3.amazonaws.com/photos/275332477/original.jpg; https://inaturalist-open-data.s3.amazonaws.com/photos/275332498/original.jpg; https://inaturalist-open-data.s3.amazonaws.com/photos/275332662/original.jpg; https://inaturalist-open-data.s3.amazonaws.com/photos/275332694/original.jpg; https://inaturalist-open-data.s3.amazonaws.com/photos/275332795/original.jpg; https://inaturalist-open-data.s3.amazonaws.com/photos/275332816/original.jpg; https://inaturalist-open-data.s3.amazonaws.com/photos/275332831/original.jpg,k-western-south-america,2024-10-28 12:47:32
original_4111748858_7.jpg,7304064,Curatella americana,1.737,"Pterophanes cyanopterus (Fraser, 1840)",2476159,-0.45906,-78.32329,8.0,SOUTH_AMERICA,Pichincha,,,,2023-05-01T12:05,False,David Torres,iNaturalist,http://creativecommons.org/licenses/by-nc/4.0/,David Torres,https://inaturalist-open-data.s3.amazonaws.com/photos/275332286/original.jpg; https://inaturalist-open-data.s3.amazonaws.com/photos/275332298/original.jpg; https://inaturalist-open-data.s3.amazonaws.com/photos/275332320/original.jpg; https://inaturalist-open-data.s3.amazonaws.com/photos/275332334/original.jpg; https://inaturalist-open-data.s3.amazonaws.com/photos/275332350/original.jpg; https://inaturalist-open-data.s3.amazonaws.com/photos/275332370/original.jpg; https://inaturalist-open-data.s3.amazonaws.com/photos/275332387/original.jpg; https://inaturalist-open-data.s3.amazonaws.com/photos/275332411/original.jpg; https://inaturalist-open-data.s3.amazonaws.com/photos/275332428/original.jpg; https://inaturalist-open-data.s3.amazonaws.com/photos/275332446/original.jpg; https://inaturalist-open-data.s3.amazonaws.com/photos/275332462/original.jpg; https://inaturalist-open-data.s3.amazonaws.com/photos/275332477/original.jpg; https://inaturalist-open-data.s3.amazonaws.com/photos/275332498/original.jpg; https://inaturalist-open-data.s3.amazonaws.com/photos/275332662/original.jpg; https://inaturalist-open-data.s3.amazonaws.com/photos/275332694/original.jpg; https://inaturalist-open-data.s3.amazonaws.com/photos/275332795/original.jpg; https://inaturalist-open-data.s3.amazonaws.com/photos/275332816/original.jpg; https://inaturalist-open-data.s3.amazonaws.com/photos/275332831/original.jpg,k-western-south-america,2024-10-28 12:47:34
original_4111748858_8.jpg,5285090,Pinus patula,1.6660000000000001,"Pterophanes cyanopterus (Fraser, 1840)",2476159,-0.45906,-78.32329,8.0,SOUTH_AMERICA,Pichincha,,,,2023-05-01T12:05,False,David Torres,iNaturalist,http://creativecommons.org/licenses/by-nc/4.0/,David Torres,https://inaturalist-open-data.s3.amazonaws.com/photos/275332286/original.jpg; https://inaturalist-open-data.s3.amazonaws.com/photos/275332298/original.jpg; https://inaturalist-open-data.s3.amazonaws.com/photos/275332320/original.jpg; https://inaturalist-open-data.s3.amazonaws.com/photos/275332334/original.jpg; https://inaturalist-open-data.s3.amazonaws.com/photos/275332350/original.jpg; https://inaturalist-open-data.s3.amazonaws.com/photos/275332370/original.jpg; https://inaturalist-open-data.s3.amazonaws.com/photos/275332387/original.jpg; https://inaturalist-open-data.s3.amazonaws.com/photos/275332411/original.jpg; https://inaturalist-open-data.s3.amazonaws.com/photos/275332428/original.jpg; https://inaturalist-open-data.s3.amazonaws.com/photos/275332446/original.jpg; https://inaturalist-open-data.s3.amazonaws.com/photos/275332462/original.jpg; https://inaturalist-open-data.s3.amazonaws.com/photos/275332477/original.jpg; https://inaturalist-open-data.s3.amazonaws.com/photos/275332498/original.jpg; https://inaturalist-open-data.s3.amazonaws.com/photos/275332662/original.jpg; https://inaturalist-open-data.s3.amazonaws.com/photos/275332694/original.jpg; https://inaturalist-open-data.s3.amazonaws.com/photos/275332795/original.jpg; https://inaturalist-open-data.s3.amazonaws.com/photos/275332816/original.jpg; https://inaturalist-open-data.s3.amazonaws.com/photos/275332831/original.jpg,k-western-south-america,2024-10-28 12:47:37
original_4111748858_9.jpg,5590493,Drymonia serrulata,0.8240000000000001,"Pterophanes cyanopterus (Fraser, 1840)",2476159,-0.45906,-78.32329,8.0,SOUTH_AMERICA,Pichincha,,,,2023-05-01T12:05,False,David Torres,iNaturalist,http://creativecommons.org/licenses/by-nc/4.0/,David Torres,https://inaturalist-open-data.s3.amazonaws.com/photos/275332286/original.jpg; https://inaturalist-open-data.s3.amazonaws.com/photos/275332298/original.jpg; https://inaturalist-open-data.s3.amazonaws.com/photos/275332320/original.jpg; https://inaturalist-open-data.s3.amazonaws.com/photos/275332334/original.jpg; https://inaturalist-open-data.s3.amazonaws.com/photos/275332350/original.jpg; https://inaturalist-open-data.s3.amazonaws.com/photos/275332370/original.jpg; https://inaturalist-open-data.s3.amazonaws.com/photos/275332387/original.jpg; https://inaturalist-open-data.s3.amazonaws.com/photos/275332411/original.jpg; https://inaturalist-open-data.s3.amazonaws.com/photos/275332428/original.jpg; https://inaturalist-open-data.s3.amazonaws.com/photos/275332446/original.jpg; https://inaturalist-open-data.s3.amazonaws.com/photos/275332462/original.jpg; https://inaturalist-open-data.s3.amazonaws.com/photos/275332477/original.jpg; https://inaturalist-open-data.s3.amazonaws.com/photos/275332498/original.jpg; https://inaturalist-open-data.s3.amazonaws.com/photos/275332662/original.jpg; https://inaturalist-open-data.s3.amazonaws.com/photos/275332694/original.jpg; https://inaturalist-open-data.s3.amazonaws.com/photos/275332795/original.jpg; https://inaturalist-open-data.s3.amazonaws.com/photos/275332816/original.jpg; https://inaturalist-open-data.s3.amazonaws.com/photos/275332831/original.jpg,k-western-south-america,2024-10-28 12:47:39
original_4126725540_1.jpg,3862350,Brachyotum ledifolium,7.417,"Pterophanes cyanopterus (Fraser, 1840)",2476159,-13.32562,-72.6061,1.0,SOUTH_AMERICA,Cusco,,,,2014-09-25,False,Tony Rebelo,iNaturalist,http://creativecommons.org/licenses/by-sa/4.0/,Tony Rebelo,https://inaturalist-open-data.s3.amazonaws.com/photos/31081658/original.jpg; https://inaturalist-open-data.s3.amazonaws.com/photos/31081659/original.jpg; https://inaturalist-open-data.s3.amazonaws.com/photos/31081660/original.jpg; https://inaturalist-open-data.s3.amazonaws.com/photos/31081661/original.jpg; https://inaturalist-open-data.s3.amazonaws.com/photos/31081662/original.jpg; https://inaturalist-open-data.s3.amazonaws.com/photos/31081663/original.jpg,k-western-south-america,2024-10-28 12:47:51
original_4126725540_2.jpg,10863132,Pleroma urvilleanum,5.758,"Pterophanes cyanopterus (Fraser, 1840)",2476159,-13.32562,-72.6061,1.0,SOUTH_AMERICA,Cusco,,,,2014-09-25,False,Tony Rebelo,iNaturalist,http://creativecommons.org/licenses/by-sa/4.0/,Tony Rebelo,https://inaturalist-open-data.s3.amazonaws.com/photos/31081658/original.jpg; https://inaturalist-open-data.s3.amazonaws.com/photos/31081659/original.jpg; https://inaturalist-open-data.s3.amazonaws.com/photos/31081660/original.jpg; https://inaturalist-open-data.s3.amazonaws.com/photos/31081661/original.jpg; https://inaturalist-open-data.s3.amazonaws.com/photos/31081662/original.jpg; https://inaturalist-open-data.s3.amazonaws.com/photos/31081663/original.jpg,k-western-south-america,2024-10-28 12:47:53
original_4126725540_3.jpg,2695906,Tillandsia lajensis,1.851,"Pterophanes cyanopterus (Fraser, 1840)",2476159,-13.32562,-72.6061,1.0,SOUTH_AMERICA,Cusco,,,,2014-09-25,False,Tony Rebelo,iNaturalist,http://creativecommons.org/licenses/by-sa/4.0/,Tony Rebelo,https://inaturalist-open-data.s3.amazonaws.com/photos/31081658/original.jpg; https://inaturalist-open-data.s3.amazonaws.com/photos/31081659/original.jpg; https://inaturalist-open-data.s3.amazonaws.com/photos/31081660/original.jpg; https://inaturalist-open-data.s3.amazonaws.com/photos/31081661/original.jpg; https://inaturalist-open-data.s3.amazonaws.com/photos/31081662/original.jpg; https://inaturalist-open-data.s3.amazonaws.com/photos/31081663/original.jpg,k-western-south-america,2024-10-28 12:47:55
original_4126725540_5.jpg,3842053,Gentianella hirculus,3.8629999999999995,"Pterophanes cyanopterus (Fraser, 1840)",2476159,-13.32562,-72.6061,1.0,SOUTH_AMERICA,Cusco,,,,2014-09-25,False,Tony Rebelo,iNaturalist,http://creativecommons.org/licenses/by-sa/4.0/,Tony Rebelo,https://inaturalist-open-data.s3.amazonaws.com/photos/31081658/original.jpg; https://inaturalist-open-data.s3.amazonaws.com/photos/31081659/original.jpg; https://inaturalist-open-data.s3.amazonaws.com/photos/31081660/original.jpg; https://inaturalist-open-data.s3.amazonaws.com/photos/31081661/original.jpg; https://inaturalist-open-data.s3.amazonaws.com/photos/31081662/original.jpg; https://inaturalist-open-data.s3.amazonaws.com/photos/31081663/original.jpg,k-western-south-america,2024-10-28 12:47:59
original_4126725540_6.jpg,2695906,Tillandsia lajensis,1.303,"Pterophanes cyanopterus (Fraser, 1840)",2476159,-13.32562,-72.6061,1.0,SOUTH_AMERICA,Cusco,,,,2014-09-25,False,Tony Rebelo,iNaturalist,http://creativecommons.org/licenses/by-sa/4.0/,Tony Rebelo,https://inaturalist-open-data.s3.amazonaws.com/photos/31081658/original.jpg; https://inaturalist-open-data.s3.amazonaws.com/photos/31081659/original.jpg; https://inaturalist-open-data.s3.amazonaws.com/photos/31081660/original.jpg; https://inaturalist-open-data.s3.amazonaws.com/photos/31081661/original.jpg; https://inaturalist-open-data.s3.amazonaws.com/photos/31081662/original.jpg; https://inaturalist-open-data.s3.amazonaws.com/photos/31081663/original.jpg,k-western-south-america,2024-10-28 12:48:01
original_4133670522_1.jpeg,5370573,Polylepis sericea,39.437,"Pterophanes cyanopterus (Fraser, 1840)",2476159,-0.111673,-78.585048,,SOUTH_AMERICA,Pichincha,,,,2023-03-01T08:42,False,Bob McDougall,iNaturalist,http://creativecommons.org/licenses/by-nc/4.0/,Bob McDougall,https://inaturalist-open-data.s3.amazonaws.com/photos/261308795/original.jpeg,k-western-south-america,2024-10-28 12:48:03
original_4133848383_1.jpeg,4003911,Tristerix longibracteatus,11.056000000000001,"Pterophanes cyanopterus (Fraser, 1840)",2476159,-0.40672,-78.166396,,SOUTH_AMERICA,Napo,,,,2022-09-02T10:44,False,Luis Yupa,iNaturalist,http://creativecommons.org/licenses/by-nc/4.0/,Luis Yupa,https://inaturalist-open-data.s3.amazonaws.com/photos/227772906/original.jpeg; https://inaturalist-open-data.s3.amazonaws.com/photos/227772941/original.jpeg,k-western-south-america,2024-10-28 12:48:06
original_4133848383_2.jpeg,4003911,Tristerix longibracteatus,5.992,"Pterophanes cyanopterus (Fraser, 1840)",2476159,-0.40672,-78.166396,,SOUTH_AMERICA,Napo,,,,2022-09-02T10:44,False,Luis Yupa,iNaturalist,http://creativecommons.org/licenses/by-nc/4.0/,Luis Yupa,https://inaturalist-open-data.s3.amazonaws.com/photos/227772906/original.jpeg; https://inaturalist-open-data.s3.amazonaws.com/photos/227772941/original.jpeg,k-western-south-america,2024-10-28 12:48:08
original_4134035342_1.jpg,2969531,Mimosa tenuiflora,2.9579999999999997,"Pterophanes cyanopterus (Fraser, 1840)",2476159,-0.160543,-78.585525,244.0,SOUTH_AMERICA,Pichincha,,,,2018-01-07T09:45,False,OlegRozhko,iNaturalist,http://creativecommons.org/licenses/by-nc-nd/4.0/,OlegRozhko,https://inaturalist-open-data.s3.amazonaws.com/photos/288004373/original.jpg,k-western-south-america,2024-10-28 12:48:12
original_4134071680_1.jpg,7306887,Salvia tortuosa,0.788,"Pterophanes cyanopterus (Fraser, 1840)",2476159,-0.459075,-78.323279,8.0,SOUTH_AMERICA,Pichincha,,,,2023-06-04T13:37,False,David Torres,iNaturalist,http://creativecommons.org/licenses/by-nc/4.0/,David Torres,https://inaturalist-open-data.s3.amazonaws.com/photos/288292266/original.jpg; https://inaturalist-open-data.s3.amazonaws.com/photos/288292285/original.jpg; https://inaturalist-open-data.s3.amazonaws.com/photos/288292299/original.jpg; https://inaturalist-open-data.s3.amazonaws.com/photos/288292313/original.jpg; https://inaturalist-open-data.s3.amazonaws.com/photos/288292402/original.jpg; https://inaturalist-open-data.s3.amazonaws.com/photos/288292421/original.jpg; https://inaturalist-open-data.s3.amazonaws.com/photos/288292441/original.jpg; https://inaturalist-open-data.s3.amazonaws.com/photos/288292454/original.jpg; https://inaturalist-open-data.s3.amazonaws.com/photos/288292472/original.jpg; https://inaturalist-open-data.s3.amazonaws.com/photos/288292489/original.jpg,k-western-south-america,2024-10-28 12:48:15
original_4134071680_4.jpg,7306887,Salvia tortuosa,1.355,"Pterophanes cyanopterus (Fraser, 1840)",2476159,-0.459075,-78.323279,8.0,SOUTH_AMERICA,Pichincha,,,,2023-06-04T13:37,False,David Torres,iNaturalist,http://creativecommons.org/licenses/by-nc/4.0/,David Torres,https://inaturalist-open-data.s3.amazonaws.com/photos/288292266/original.jpg; https://inaturalist-open-data.s3.amazonaws.com/photos/288292285/original.jpg; https://inaturalist-open-data.s3.amazonaws.com/photos/288292299/original.jpg; https://inaturalist-open-data.s3.amazonaws.com/photos/288292313/original.jpg; https://inaturalist-open-data.s3.amazonaws.com/photos/288292402/original.jpg; https://inaturalist-open-data.s3.amazonaws.com/photos/288292421/original.jpg; https://inaturalist-open-data.s3.amazonaws.com/photos/288292441/original.jpg; https://inaturalist-open-data.s3.amazonaws.com/photos/288292454/original.jpg; https://inaturalist-open-data.s3.amazonaws.com/photos/288292472/original.jpg; https://inaturalist-open-data.s3.amazonaws.com/photos/288292489/original.jpg,k-western-south-america,2024-10-28 12:48:23
original_4134071680_5.jpg,3900835,Salvia haenkei,1.394,"Pterophanes cyanopterus (Fraser, 1840)",2476159,-0.459075,-78.323279,8.0,SOUTH_AMERICA,Pichincha,,,,2023-06-04T13:37,False,David Torres,iNaturalist,http://creativecommons.org/licenses/by-nc/4.0/,David Torres,https://inaturalist-open-data.s3.amazonaws.com/photos/288292266/original.jpg; https://inaturalist-open-data.s3.amazonaws.com/photos/288292285/original.jpg; https://inaturalist-open-data.s3.amazonaws.com/photos/288292299/original.jpg; https://inaturalist-open-data.s3.amazonaws.com/photos/288292313/original.jpg; https://inaturalist-open-data.s3.amazonaws.com/photos/288292402/original.jpg; https://inaturalist-open-data.s3.amazonaws.com/photos/288292421/original.jpg; https://inaturalist-open-data.s3.amazonaws.com/photos/288292441/original.jpg; https://inaturalist-open-data.s3.amazonaws.com/photos/288292454/original.jpg; https://inaturalist-open-data.s3.amazonaws.com/photos/288292472/original.jpg; https://inaturalist-open-data.s3.amazonaws.com/photos/288292489/original.jpg,k-western-south-america,2024-10-28 12:48:25
original_4134071680_6.jpg,7306887,Salvia tortuosa,7.063,"Pterophanes cyanopterus (Fraser, 1840)",2476159,-0.459075,-78.323279,8.0,SOUTH_AMERICA,Pichincha,,,,2023-06-04T13:37,False,David Torres,iNaturalist,http://creativecommons.org/licenses/by-nc/4.0/,David Torres,https://inaturalist-open-data.s3.amazonaws.com/photos/288292266/original.jpg; https://inaturalist-open-data.s3.amazonaws.com/photos/288292285/original.jpg; https://inaturalist-open-data.s3.amazonaws.com/photos/288292299/original.jpg; https://inaturalist-open-data.s3.amazonaws.com/photos/288292313/original.jpg; https://inaturalist-open-data.s3.amazonaws.com/photos/288292402/original.jpg; https://inaturalist-open-data.s3.amazonaws.com/photos/288292421/original.jpg; https://inaturalist-open-data.s3.amazonaws.com/photos/288292441/original.jpg; https://inaturalist-open-data.s3.amazonaws.com/photos/288292454/original.jpg; https://inaturalist-open-data.s3.amazonaws.com/photos/288292472/original.jpg; https://inaturalist-open-data.s3.amazonaws.com/photos/288292489/original.jpg,k-western-south-america,2024-10-28 12:48:27
original_4134071680_8.jpg,7306887,Salvia tortuosa,0.48,"Pterophanes cyanopterus (Fraser, 1840)",2476159,-0.459075,-78.323279,8.0,SOUTH_AMERICA,Pichincha,,,,2023-06-04T13:37,False,David Torres,iNaturalist,http://creativecommons.org/licenses/by-nc/4.0/,David Torres,https://inaturalist-open-data.s3.amazonaws.com/photos/288292266/original.jpg; https://inaturalist-open-data.s3.amazonaws.com/photos/288292285/original.jpg; https://inaturalist-open-data.s3.amazonaws.com/photos/288292299/original.jpg; https://inaturalist-open-data.s3.amazonaws.com/photos/288292313/original.jpg; https://inaturalist-open-data.s3.amazonaws.com/photos/288292402/original.jpg; https://inaturalist-open-data.s3.amazonaws.com/photos/288292421/original.jpg; https://inaturalist-open-data.s3.amazonaws.com/photos/288292441/original.jpg; https://inaturalist-open-data.s3.amazonaws.com/photos/288292454/original.jpg; https://inaturalist-open-data.s3.amazonaws.com/photos/288292472/original.jpg; https://inaturalist-open-data.s3.amazonaws.com/photos/288292489/original.jpg,k-western-south-america,2024-10-28 12:48:31
original_4137712709_1.jpg,5938224,Fuchsia magellanica,13.828999999999999,"Pterophanes cyanopterus (Fraser, 1840)",2476159,-0.378556,-78.074235,41.0,SOUTH_AMERICA,Napo,,,,2023-02-02T14:54:22,False,Debara,iNaturalist,http://creativecommons.org/licenses/by-nc/4.0/,Debara,https://inaturalist-open-data.s3.amazonaws.com/photos/257898811/original.jpg,k-western-south-america,2024-10-28 12:48:36
original_4137728888_1.jpeg,3900835,Salvia haenkei,12.901000000000002,"Pterophanes cyanopterus (Fraser, 1840)",2476159,-0.459115,-78.323281,4.0,SOUTH_AMERICA,Pichincha,,,,2023-06-10T17:00,False,John G. Phillips,iNaturalist,http://creativecommons.org/licenses/by-nc/4.0/,John G. Phillips,https://inaturalist-open-data.s3.amazonaws.com/photos/289750619/original.jpeg; https://inaturalist-open-data.s3.amazonaws.com/photos/289750630/original.jpeg; https://inaturalist-open-data.s3.amazonaws.com/photos/289750652/original.jpeg; https://inaturalist-open-data.s3.amazonaws.com/photos/289750665/original.jpeg,k-western-south-america,2024-10-28 12:48:39
original_4137728888_2.jpeg,3900835,Salvia haenkei,14.576,"Pterophanes cyanopterus (Fraser, 1840)",2476159,-0.459115,-78.323281,4.0,SOUTH_AMERICA,Pichincha,,,,2023-06-10T17:00,False,John G. Phillips,iNaturalist,http://creativecommons.org/licenses/by-nc/4.0/,John G. Phillips,https://inaturalist-open-data.s3.amazonaws.com/photos/289750619/original.jpeg; https://inaturalist-open-data.s3.amazonaws.com/photos/289750630/original.jpeg; https://inaturalist-open-data.s3.amazonaws.com/photos/289750652/original.jpeg; https://inaturalist-open-data.s3.amazonaws.com/photos/289750665/original.jpeg,k-western-south-america,2024-10-28 12:48:42
original_4137728888_4.jpeg,5412613,Centropogon cornutus,1.641,"Pterophanes cyanopterus (Fraser, 1840)",2476159,-0.459115,-78.323281,4.0,SOUTH_AMERICA,Pichincha,,,,2023-06-10T17:00,False,John G. Phillips,iNaturalist,http://creativecommons.org/licenses/by-nc/4.0/,John G. Phillips,https://inaturalist-open-data.s3.amazonaws.com/photos/289750619/original.jpeg; https://inaturalist-open-data.s3.amazonaws.com/photos/289750630/original.jpeg; https://inaturalist-open-data.s3.amazonaws.com/photos/289750652/original.jpeg; https://inaturalist-open-data.s3.amazonaws.com/photos/289750665/original.jpeg,k-western-south-america,2024-10-28 12:48:47
original_4138180828_1.jpeg,5331416,Mentzelia aspera,4.856,"Pterophanes cyanopterus (Fraser, 1840)",2476159,-0.459283,-78.323382,15.0,SOUTH_AMERICA,Pichincha,,,,2023-06-11T13:58,False,John G. Phillips,iNaturalist,http://creativecommons.org/licenses/by-nc/4.0/,John G. Phillips,https://inaturalist-open-data.s3.amazonaws.com/photos/289751733/original.jpeg; https://inaturalist-open-data.s3.amazonaws.com/photos/289751747/original.jpeg; https://inaturalist-open-data.s3.amazonaws.com/photos/289751771/original.jpeg; https://inaturalist-open-data.s3.amazonaws.com/photos/289751790/original.jpeg,k-western-south-america,2024-10-28 12:48:54
original_4138180828_2.jpeg,3900835,Salvia haenkei,9.354999999999999,"Pterophanes cyanopterus (Fraser, 1840)",2476159,-0.459283,-78.323382,15.0,SOUTH_AMERICA,Pichincha,,,,2023-06-11T13:58,False,John G. Phillips,iNaturalist,http://creativecommons.org/licenses/by-nc/4.0/,John G. Phillips,https://inaturalist-open-data.s3.amazonaws.com/photos/289751733/original.jpeg; https://inaturalist-open-data.s3.amazonaws.com/photos/289751747/original.jpeg; https://inaturalist-open-data.s3.amazonaws.com/photos/289751771/original.jpeg; https://inaturalist-open-data.s3.amazonaws.com/photos/289751790/original.jpeg,k-western-south-america,2024-10-28 12:48:56
original_4138180828_3.jpeg,3900835,Salvia haenkei,1.818,"Pterophanes cyanopterus (Fraser, 1840)",2476159,-0.459283,-78.323382,15.0,SOUTH_AMERICA,Pichincha,,,,2023-06-11T13:58,False,John G. Phillips,iNaturalist,http://creativecommons.org/licenses/by-nc/4.0/,John G. Phillips,https://inaturalist-open-data.s3.amazonaws.com/photos/289751733/original.jpeg; https://inaturalist-open-data.s3.amazonaws.com/photos/289751747/original.jpeg; https://inaturalist-open-data.s3.amazonaws.com/photos/289751771/original.jpeg; https://inaturalist-open-data.s3.amazonaws.com/photos/289751790/original.jpeg,k-western-south-america,2024-10-28 12:48:58
original_4138307620_1.jpeg,3900835,Salvia haenkei,3.984,"Pterophanes cyanopterus (Fraser, 1840)",2476159,-0.459115,-78.323281,4.0,SOUTH_AMERICA,Pichincha,,,,2023-06-10T17:21,False,John G. Phillips,iNaturalist,http://creativecommons.org/licenses/by-nc/4.0/,John G. Phillips,https://inaturalist-open-data.s3.amazonaws.com/photos/289750735/original.jpeg; https://inaturalist-open-data.s3.amazonaws.com/photos/289750748/original.jpeg; https://inaturalist-open-data.s3.amazonaws.com/photos/289750769/original.jpeg; https://inaturalist-open-data.s3.amazonaws.com/photos/289750789/original.jpeg; https://inaturalist-open-data.s3.amazonaws.com/photos/289750802/original.jpeg; https://inaturalist-open-data.s3.amazonaws.com/photos/289750821/original.jpeg; https://inaturalist-open-data.s3.amazonaws.com/photos/289750831/original.jpeg; https://inaturalist-open-data.s3.amazonaws.com/photos/289750843/original.jpeg; https://inaturalist-open-data.s3.amazonaws.com/photos/289750863/original.jpeg; https://inaturalist-open-data.s3.amazonaws.com/photos/289750881/original.jpeg; https://inaturalist-open-data.s3.amazonaws.com/photos/289750899/original.jpeg,k-western-south-america,2024-10-28 12:49:03
original_4138307620_10.jpeg,3900835,Salvia haenkei,40.96,"Pterophanes cyanopterus (Fraser, 1840)",2476159,-0.459115,-78.323281,4.0,SOUTH_AMERICA,Pichincha,,,,2023-06-10T17:21,False,John G. Phillips,iNaturalist,http://creativecommons.org/licenses/by-nc/4.0/,John G. Phillips,https://inaturalist-open-data.s3.amazonaws.com/photos/289750735/original.jpeg; https://inaturalist-open-data.s3.amazonaws.com/photos/289750748/original.jpeg; https://inaturalist-open-data.s3.amazonaws.com/photos/289750769/original.jpeg; https://inaturalist-open-data.s3.amazonaws.com/photos/289750789/original.jpeg; https://inaturalist-open-data.s3.amazonaws.com/photos/289750802/original.jpeg; https://inaturalist-open-data.s3.amazonaws.com/photos/289750821/original.jpeg; https://inaturalist-open-data.s3.amazonaws.com/photos/289750831/original.jpeg; https://inaturalist-open-data.s3.amazonaws.com/photos/289750843/original.jpeg; https://inaturalist-open-data.s3.amazonaws.com/photos/289750863/original.jpeg; https://inaturalist-open-data.s3.amazonaws.com/photos/289750881/original.jpeg; https://inaturalist-open-data.s3.amazonaws.com/photos/289750899/original.jpeg,k-western-south-america,2024-10-28 12:49:05
original_4138307620_11.jpeg,3900835,Salvia haenkei,6.363,"Pterophanes cyanopterus (Fraser, 1840)",2476159,-0.459115,-78.323281,4.0,SOUTH_AMERICA,Pichincha,,,,2023-06-10T17:21,False,John G. Phillips,iNaturalist,http://creativecommons.org/licenses/by-nc/4.0/,John G. Phillips,https://inaturalist-open-data.s3.amazonaws.com/photos/289750735/original.jpeg; https://inaturalist-open-data.s3.amazonaws.com/photos/289750748/original.jpeg; https://inaturalist-open-data.s3.amazonaws.com/photos/289750769/original.jpeg; https://inaturalist-open-data.s3.amazonaws.com/photos/289750789/original.jpeg; https://inaturalist-open-data.s3.amazonaws.com/photos/289750802/original.jpeg; https://inaturalist-open-data.s3.amazonaws.com/photos/289750821/original.jpeg; https://inaturalist-open-data.s3.amazonaws.com/photos/289750831/original.jpeg; https://inaturalist-open-data.s3.amazonaws.com/photos/289750843/original.jpeg; https://inaturalist-open-data.s3.amazonaws.com/photos/289750863/original.jpeg; https://inaturalist-open-data.s3.amazonaws.com/photos/289750881/original.jpeg; https://inaturalist-open-data.s3.amazonaws.com/photos/289750899/original.jpeg,k-western-south-america,2024-10-28 12:49:07
original_4138307620_2.jpeg,3900835,Salvia haenkei,31.819999999999997,"Pterophanes cyanopterus (Fraser, 1840)",2476159,-0.459115,-78.323281,4.0,SOUTH_AMERICA,Pichincha,,,,2023-06-10T17:21,False,John G. Phillips,iNaturalist,http://creativecommons.org/licenses/by-nc/4.0/,John G. Phillips,https://inaturalist-open-data.s3.amazonaws.com/photos/289750735/original.jpeg; https://inaturalist-open-data.s3.amazonaws.com/photos/289750748/original.jpeg; https://inaturalist-open-data.s3.amazonaws.com/photos/289750769/original.jpeg; https://inaturalist-open-data.s3.amazonaws.com/photos/289750789/original.jpeg; https://inaturalist-open-data.s3.amazonaws.com/photos/289750802/original.jpeg; https://inaturalist-open-data.s3.amazonaws.com/photos/289750821/original.jpeg; https://inaturalist-open-data.s3.amazonaws.com/photos/289750831/original.jpeg; https://inaturalist-open-data.s3.amazonaws.com/photos/289750843/original.jpeg; https://inaturalist-open-data.s3.amazonaws.com/photos/289750863/original.jpeg; https://inaturalist-open-data.s3.amazonaws.com/photos/289750881/original.jpeg; https://inaturalist-open-data.s3.amazonaws.com/photos/289750899/original.jpeg,k-western-south-america,2024-10-28 12:49:10
original_4138307620_3.jpeg,3900835,Salvia haenkei,0.623,"Pterophanes cyanopterus (Fraser, 1840)",2476159,-0.459115,-78.323281,4.0,SOUTH_AMERICA,Pichincha,,,,2023-06-10T17:21,False,John G. Phillips,iNaturalist,http://creativecommons.org/licenses/by-nc/4.0/,John G. Phillips,https://inaturalist-open-data.s3.amazonaws.com/photos/289750735/original.jpeg; https://inaturalist-open-data.s3.amazonaws.com/photos/289750748/original.jpeg; https://inaturalist-open-data.s3.amazonaws.com/photos/289750769/original.jpeg; https://inaturalist-open-data.s3.amazonaws.com/photos/289750789/original.jpeg; https://inaturalist-open-data.s3.amazonaws.com/photos/289750802/original.jpeg; https://inaturalist-open-data.s3.amazonaws.com/photos/289750821/original.jpeg; https://inaturalist-open-data.s3.amazonaws.com/photos/289750831/original.jpeg; https://inaturalist-open-data.s3.amazonaws.com/photos/289750843/original.jpeg; https://inaturalist-open-data.s3.amazonaws.com/photos/289750863/original.jpeg; https://inaturalist-open-data.s3.amazonaws.com/photos/289750881/original.jpeg; https://inaturalist-open-data.s3.amazonaws.com/photos/289750899/original.jpeg,k-western-south-america,2024-10-28 12:49:12
original_4138307620_4.jpeg,3900835,Salvia haenkei,48.842,"Pterophanes cyanopterus (Fraser, 1840)",2476159,-0.459115,-78.323281,4.0,SOUTH_AMERICA,Pichincha,,,,2023-06-10T17:21,False,John G. Phillips,iNaturalist,http://creativecommons.org/licenses/by-nc/4.0/,John G. Phillips,https://inaturalist-open-data.s3.amazonaws.com/photos/289750735/original.jpeg; https://inaturalist-open-data.s3.amazonaws.com/photos/289750748/original.jpeg; https://inaturalist-open-data.s3.amazonaws.com/photos/289750769/original.jpeg; https://inaturalist-open-data.s3.amazonaws.com/photos/289750789/original.jpeg; https://inaturalist-open-data.s3.amazonaws.com/photos/289750802/original.jpeg; https://inaturalist-open-data.s3.amazonaws.com/photos/289750821/original.jpeg; https://inaturalist-open-data.s3.amazonaws.com/photos/289750831/original.jpeg; https://inaturalist-open-data.s3.amazonaws.com/photos/289750843/original.jpeg; https://inaturalist-open-data.s3.amazonaws.com/photos/289750863/original.jpeg; https://inaturalist-open-data.s3.amazonaws.com/photos/289750881/original.jpeg; https://inaturalist-open-data.s3.amazonaws.com/photos/289750899/original.jpeg,k-western-south-america,2024-10-28 12:49:14
original_4138307620_6.jpeg,3888808,Lepechinia floribunda,1.952,"Pterophanes cyanopterus (Fraser, 1840)",2476159,-0.459115,-78.323281,4.0,SOUTH_AMERICA,Pichincha,,,,2023-06-10T17:21,False,John G. Phillips,iNaturalist,http://creativecommons.org/licenses/by-nc/4.0/,John G. Phillips,https://inaturalist-open-data.s3.amazonaws.com/photos/289750735/original.jpeg; https://inaturalist-open-data.s3.amazonaws.com/photos/289750748/original.jpeg; https://inaturalist-open-data.s3.amazonaws.com/photos/289750769/original.jpeg; https://inaturalist-open-data.s3.amazonaws.com/photos/289750789/original.jpeg; https://inaturalist-open-data.s3.amazonaws.com/photos/289750802/original.jpeg; https://inaturalist-open-data.s3.amazonaws.com/photos/289750821/original.jpeg; https://inaturalist-open-data.s3.amazonaws.com/photos/289750831/original.jpeg; https://inaturalist-open-data.s3.amazonaws.com/photos/289750843/original.jpeg; https://inaturalist-open-data.s3.amazonaws.com/photos/289750863/original.jpeg; https://inaturalist-open-data.s3.amazonaws.com/photos/289750881/original.jpeg; https://inaturalist-open-data.s3.amazonaws.com/photos/289750899/original.jpeg,k-western-south-america,2024-10-28 12:49:19
original_4138307620_7.jpeg,8368994,Passiflora mixta,6.063000000000001,"Pterophanes cyanopterus (Fraser, 1840)",2476159,-0.459115,-78.323281,4.0,SOUTH_AMERICA,Pichincha,,,,2023-06-10T17:21,False,John G. Phillips,iNaturalist,http://creativecommons.org/licenses/by-nc/4.0/,John G. Phillips,https://inaturalist-open-data.s3.amazonaws.com/photos/289750735/original.jpeg; https://inaturalist-open-data.s3.amazonaws.com/photos/289750748/original.jpeg; https://inaturalist-open-data.s3.amazonaws.com/photos/289750769/original.jpeg; https://inaturalist-open-data.s3.amazonaws.com/photos/289750789/original.jpeg; https://inaturalist-open-data.s3.amazonaws.com/photos/289750802/original.jpeg; https://inaturalist-open-data.s3.amazonaws.com/photos/289750821/original.jpeg; https://inaturalist-open-data.s3.amazonaws.com/photos/289750831/original.jpeg; https://inaturalist-open-data.s3.amazonaws.com/photos/289750843/original.jpeg; https://inaturalist-open-data.s3.amazonaws.com/photos/289750863/original.jpeg; https://inaturalist-open-data.s3.amazonaws.com/photos/289750881/original.jpeg; https://inaturalist-open-data.s3.amazonaws.com/photos/289750899/original.jpeg,k-western-south-america,2024-10-28 12:49:21
original_4138307620_8.jpeg,3900835,Salvia haenkei,5.4399999999999995,"Pterophanes cyanopterus (Fraser, 1840)",2476159,-0.459115,-78.323281,4.0,SOUTH_AMERICA,Pichincha,,,,2023-06-10T17:21,False,John G. Phillips,iNaturalist,http://creativecommons.org/licenses/by-nc/4.0/,John G. Phillips,https://inaturalist-open-data.s3.amazonaws.com/photos/289750735/original.jpeg; https://inaturalist-open-data.s3.amazonaws.com/photos/289750748/original.jpeg; https://inaturalist-open-data.s3.amazonaws.com/photos/289750769/original.jpeg; https://inaturalist-open-data.s3.amazonaws.com/photos/289750789/original.jpeg; https://inaturalist-open-data.s3.amazonaws.com/photos/289750802/original.jpeg; https://inaturalist-open-data.s3.amazonaws.com/photos/289750821/original.jpeg; https://inaturalist-open-data.s3.amazonaws.com/photos/289750831/original.jpeg; https://inaturalist-open-data.s3.amazonaws.com/photos/289750843/original.jpeg; https://inaturalist-open-data.s3.amazonaws.com/photos/289750863/original.jpeg; https://inaturalist-open-data.s3.amazonaws.com/photos/289750881/original.jpeg; https://inaturalist-open-data.s3.amazonaws.com/photos/289750899/original.jpeg,k-western-south-america,2024-10-28 12:49:24
original_4138307620_9.jpeg,3900835,Salvia haenkei,1.9,"Pterophanes cyanopterus (Fraser, 1840)",2476159,-0.459115,-78.323281,4.0,SOUTH_AMERICA,Pichincha,,,,2023-06-10T17:21,False,John G. Phillips,iNaturalist,http://creativecommons.org/licenses/by-nc/4.0/,John G. Phillips,https://inaturalist-open-data.s3.amazonaws.com/photos/289750735/original.jpeg; https://inaturalist-open-data.s3.amazonaws.com/photos/289750748/original.jpeg; https://inaturalist-open-data.s3.amazonaws.com/photos/289750769/original.jpeg; https://inaturalist-open-data.s3.amazonaws.com/photos/289750789/original.jpeg; https://inaturalist-open-data.s3.amazonaws.com/photos/289750802/original.jpeg; https://inaturalist-open-data.s3.amazonaws.com/photos/289750821/original.jpeg; https://inaturalist-open-data.s3.amazonaws.com/photos/289750831/original.jpeg; https://inaturalist-open-data.s3.amazonaws.com/photos/289750843/original.jpeg; https://inaturalist-open-data.s3.amazonaws.com/photos/289750863/original.jpeg; https://inaturalist-open-data.s3.amazonaws.com/photos/289750881/original.jpeg; https://inaturalist-open-data.s3.amazonaws.com/photos/289750899/original.jpeg,k-western-south-america,2024-10-28 12:49:26
original_4145281495_1.jpeg,8162439,Callianthe striata,24.823999999999998,"Pterophanes cyanopterus (Fraser, 1840)",2476159,-13.308314,-72.122913,4616.0,SOUTH_AMERICA,Cusco,,,,2022-10-28T22:04,False,Ruth Gutiérrez Oliveros,iNaturalist,http://creativecommons.org/publicdomain/zero/1.0/,Ruth Gutiérrez Oliveros,https://inaturalist-open-data.s3.amazonaws.com/photos/240197510/original.jpeg,k-western-south-america,2024-10-28 12:49:28
original_4145736803_1.jpg,9060332,Ipomoea heptaphylla,1.582,"Pterophanes cyanopterus (Fraser, 1840)",2476159,-0.111552,-78.585177,43.0,SOUTH_AMERICA,Pichincha,,,,2023-06-20T11:36,False,Sean Salazar,iNaturalist,http://creativecommons.org/licenses/by-nc/4.0/,Sean Salazar,https://inaturalist-open-data.s3.amazonaws.com/photos/296516194/original.jpg,k-western-south-america,2024-10-28 12:49:31
original_4145739146_1.jpg,2762989,Musa ornata,1.952,"Pterophanes cyanopterus (Fraser, 1840)",2476159,-0.111518,-78.585197,31.0,SOUTH_AMERICA,Pichincha,,,,2023-06-20T15:47,False,Sean Salazar,iNaturalist,http://creativecommons.org/licenses/by-nc/4.0/,Sean Salazar,https://inaturalist-open-data.s3.amazonaws.com/photos/296518586/original.jpg; https://inaturalist-open-data.s3.amazonaws.com/photos/296518609/original.jpg,k-western-south-america,2024-10-28 12:49:34
original_4153649748_1.jpg,4060951,Varronia curassavica,7.2379999999999995,"Pterophanes cyanopterus (Fraser, 1840)",2476159,-0.459399,-78.323181,195.0,SOUTH_AMERICA,Pichincha,,,,2023-06-12T14:27,False,Sean Salazar,iNaturalist,http://creativecommons.org/licenses/by-nc/4.0/,Sean Salazar,https://inaturalist-open-data.s3.amazonaws.com/photos/294919504/original.jpg; https://inaturalist-open-data.s3.amazonaws.com/photos/294919542/original.jpg,k-western-south-america,2024-10-28 12:49:38
original_4153649748_2.jpg,3900835,Salvia haenkei,71.242,"Pterophanes cyanopterus (Fraser, 1840)",2476159,-0.459399,-78.323181,195.0,SOUTH_AMERICA,Pichincha,,,,2023-06-12T14:27,False,Sean Salazar,iNaturalist,http://creativecommons.org/licenses/by-nc/4.0/,Sean Salazar,https://inaturalist-open-data.s3.amazonaws.com/photos/294919504/original.jpg; https://inaturalist-open-data.s3.amazonaws.com/photos/294919542/original.jpg,k-western-south-america,2024-10-28 12:49:41
original_4161977489_1.jpeg,2695906,Tillandsia lajensis,0.42500000000000004,"Pterophanes cyanopterus (Fraser, 1840)",2476159,-0.111673,-78.585048,,SOUTH_AMERICA,Pichincha,,,,2023-03-01T08:38,False,Bob McDougall,iNaturalist,http://creativecommons.org/licenses/by-nc/4.0/,Bob McDougall,https://inaturalist-open-data.s3.amazonaws.com/photos/261308783/original.jpeg,k-western-south-america,2024-10-28 12:49:43
original_4171990798_1.jpg,7661971,Bambusa vulgaris,1.3860000000000001,"Pterophanes cyanopterus (Fraser, 1840)",2476159,-0.111478,-78.585062,,SOUTH_AMERICA,Pichincha,,,,2023-05-04T12:31,False,Attila Oláh,iNaturalist,http://creativecommons.org/licenses/by/4.0/,Attila Oláh,https://inaturalist-open-data.s3.amazonaws.com/photos/306833723/original.jpg; https://inaturalist-open-data.s3.amazonaws.com/photos/306833756/original.jpg,k-western-south-america,2024-10-28 12:50:05
original_4171990798_2.jpg,3621389,Tabernaemontana undulata,2.2190000000000003,"Pterophanes cyanopterus (Fraser, 1840)",2476159,-0.111478,-78.585062,,SOUTH_AMERICA,Pichincha,,,,2023-05-04T12:31,False,Attila Oláh,iNaturalist,http://creativecommons.org/licenses/by/4.0/,Attila Oláh,https://inaturalist-open-data.s3.amazonaws.com/photos/306833723/original.jpg; https://inaturalist-open-data.s3.amazonaws.com/photos/306833756/original.jpg,k-western-south-america,2024-10-28 12:50:07
original_4172147290_1.jpg,7309398,Vitex megapotamica,2.936,"Pterophanes cyanopterus (Fraser, 1840)",2476159,4.664389,-73.964395,215.0,SOUTH_AMERICA,Cundinamarca,,,,2019-01-13T14:28,False,sunny1az,iNaturalist,http://creativecommons.org/licenses/by-nc/4.0/,sunny1az,https://inaturalist-open-data.s3.amazonaws.com/photos/306671523/original.jpg,k-western-south-america,2024-10-28 12:50:10
original_4177038450_2.jpeg,5412457,Centropogon solanifolius,3.723,"Pterophanes cyanopterus (Fraser, 1840)",2476159,-0.127222,-78.590556,,SOUTH_AMERICA,Pichincha,,,,2022-03-27T10:54:09,False,Diego Torres Sierra,iNaturalist,http://creativecommons.org/licenses/by-nc/4.0/,Diego Torres Sierra,https://inaturalist-open-data.s3.amazonaws.com/photos/184978492/original.jpeg; https://inaturalist-open-data.s3.amazonaws.com/photos/184978544/original.jpeg; https://inaturalist-open-data.s3.amazonaws.com/photos/184978556/original.jpeg; https://inaturalist-open-data.s3.amazonaws.com/photos/184978575/original.jpeg,k-western-south-america,2024-10-28 12:50:15
original_4177038450_3.jpeg,5938223,Fuchsia paniculata,25.585,"Pterophanes cyanopterus (Fraser, 1840)",2476159,-0.127222,-78.590556,,SOUTH_AMERICA,Pichincha,,,,2022-03-27T10:54:09,False,Diego Torres Sierra,iNaturalist,http://creativecommons.org/licenses/by-nc/4.0/,Diego Torres Sierra,https://inaturalist-open-data.s3.amazonaws.com/photos/184978492/original.jpeg; https://inaturalist-open-data.s3.amazonaws.com/photos/184978544/original.jpeg; https://inaturalist-open-data.s3.amazonaws.com/photos/184978556/original.jpeg; https://inaturalist-open-data.s3.amazonaws.com/photos/184978575/original.jpeg,k-western-south-america,2024-10-28 12:50:18
original_4407067872_2.jpg,4196780,Nephrolepis brownii,18.298000000000002,"Pterophanes cyanopterus (Fraser, 1840)",2476159,4.97047,-75.377608,4.0,SOUTH_AMERICA,Caldas,,,,2023-08-19T06:30:50,False,far,iNaturalist,http://creativecommons.org/licenses/by-nc/4.0/,far,https://inaturalist-open-data.s3.amazonaws.com/photos/312189966/original.jpg; https://inaturalist-open-data.s3.amazonaws.com/photos/312190190/original.jpg; https://inaturalist-open-data.s3.amazonaws.com/photos/312190908/original.jpg; https://inaturalist-open-data.s3.amazonaws.com/photos/312190949/original.jpg,k-western-south-america,2024-10-28 12:50:33
original_4414072069_1.jpeg,2650829,Cyrtomium falcatum,2.5229999999999997,"Pterophanes cyanopterus (Fraser, 1840)",2476159,4.970432,-75.37819,209.0,SOUTH_AMERICA,Caldas,,,,2023-09-16T13:18:44,False,pinets,iNaturalist,http://creativecommons.org/licenses/by-nc/4.0/,pinets,https://inaturalist-open-data.s3.amazonaws.com/photos/320687745/original.jpeg; https://inaturalist-open-data.s3.amazonaws.com/photos/320687775/original.jpeg,k-western-south-america,2024-10-28 12:50:41
original_4414072069_2.jpeg,2650637,Asplenium monanthes,2.558,"Pterophanes cyanopterus (Fraser, 1840)",2476159,4.970432,-75.37819,209.0,SOUTH_AMERICA,Caldas,,,,2023-09-16T13:18:44,False,pinets,iNaturalist,http://creativecommons.org/licenses/by-nc/4.0/,pinets,https://inaturalist-open-data.s3.amazonaws.com/photos/320687745/original.jpeg; https://inaturalist-open-data.s3.amazonaws.com/photos/320687775/original.jpeg,k-western-south-america,2024-10-28 12:50:44
original_4420716454_1.jpg,3587076,Passiflora miniata,1.168,"Pterophanes cyanopterus (Fraser, 1840)",2476159,-0.127286,-78.590575,4.0,SOUTH_AMERICA,Pichincha,,,,2022-11-07T14:10:57,False,Anthony,iNaturalist,http://creativecommons.org/licenses/by-nc/4.0/,Anthony,https://inaturalist-open-data.s3.amazonaws.com/photos/244469139/original.jpg; https://inaturalist-open-data.s3.amazonaws.com/photos/244469151/original.jpg; https://inaturalist-open-data.s3.amazonaws.com/photos/244469163/original.jpg; https://inaturalist-open-data.s3.amazonaws.com/photos/244469174/original.jpg,k-western-south-america,2024-10-28 12:50:49
original_4420716454_2.jpg,5588997,Columnea purpurata,1.9300000000000002,"Pterophanes cyanopterus (Fraser, 1840)",2476159,-0.127286,-78.590575,4.0,SOUTH_AMERICA,Pichincha,,,,2022-11-07T14:10:57,False,Anthony,iNaturalist,http://creativecommons.org/licenses/by-nc/4.0/,Anthony,https://inaturalist-open-data.s3.amazonaws.com/photos/244469139/original.jpg; https://inaturalist-open-data.s3.amazonaws.com/photos/244469151/original.jpg; https://inaturalist-open-data.s3.amazonaws.com/photos/244469163/original.jpg; https://inaturalist-open-data.s3.amazonaws.com/photos/244469174/original.jpg,k-western-south-america,2024-10-28 12:50:51
original_4420716454_3.jpg,2984476,Cecropia peltata,2.831,"Pterophanes cyanopterus (Fraser, 1840)",2476159,-0.127286,-78.590575,4.0,SOUTH_AMERICA,Pichincha,,,,2022-11-07T14:10:57,False,Anthony,iNaturalist,http://creativecommons.org/licenses/by-nc/4.0/,Anthony,https://inaturalist-open-data.s3.amazonaws.com/photos/244469139/original.jpg; https://inaturalist-open-data.s3.amazonaws.com/photos/244469151/original.jpg; https://inaturalist-open-data.s3.amazonaws.com/photos/244469163/original.jpg; https://inaturalist-open-data.s3.amazonaws.com/photos/244469174/original.jpg,k-western-south-america,2024-10-28 12:50:54
original_4420716454_4.jpg,2928366,Wigandia urens,3.474,"Pterophanes cyanopterus (Fraser, 1840)",2476159,-0.127286,-78.590575,4.0,SOUTH_AMERICA,Pichincha,,,,2022-11-07T14:10:57,False,Anthony,iNaturalist,http://creativecommons.org/licenses/by-nc/4.0/,Anthony,https://inaturalist-open-data.s3.amazonaws.com/photos/244469139/original.jpg; https://inaturalist-open-data.s3.amazonaws.com/photos/244469151/original.jpg; https://inaturalist-open-data.s3.amazonaws.com/photos/244469163/original.jpg; https://inaturalist-open-data.s3.amazonaws.com/photos/244469174/original.jpg,k-western-south-america,2024-10-28 12:50:56
original_4424151510_1.jpeg,7684115,Bejaria resinosa,0.571,"Pterophanes cyanopterus (Fraser, 1840)",2476159,-2.807131,-78.630818,211.0,SOUTH_AMERICA,Azuay,,,,2022-07-30T08:01,False,María Gabriela Palacio,iNaturalist,http://creativecommons.org/licenses/by-nc/4.0/,María Gabriela Palacio,https://inaturalist-open-data.s3.amazonaws.com/photos/302017140/original.jpeg,k-western-south-america,2024-10-28 12:50:59
original_4436088912_1.jpg,5287939,Bromelia balansae,4.67,"Pterophanes cyanopterus (Fraser, 1840)",2476159,4.664249,-73.964427,15.0,SOUTH_AMERICA,Cundinamarca,,,,2017-01-26T14:52,False,David Jeffrey Ringer,iNaturalist,http://creativecommons.org/licenses/by-nc/4.0/,David Jeffrey Ringer,https://inaturalist-open-data.s3.amazonaws.com/photos/311995365/original.jpg; https://inaturalist-open-data.s3.amazonaws.com/photos/311995372/original.jpg; https://inaturalist-open-data.s3.amazonaws.com/photos/311995450/original.jpg,k-western-south-america,2024-10-28 12:51:12
original_4436088912_2.jpg,5320021,Epidendrum nocturnum,1.6709999999999998,"Pterophanes cyanopterus (Fraser, 1840)",2476159,4.664249,-73.964427,15.0,SOUTH_AMERICA,Cundinamarca,,,,2017-01-26T14:52,False,David Jeffrey Ringer,iNaturalist,http://creativecommons.org/licenses/by-nc/4.0/,David Jeffrey Ringer,https://inaturalist-open-data.s3.amazonaws.com/photos/311995365/original.jpg; https://inaturalist-open-data.s3.amazonaws.com/photos/311995372/original.jpg; https://inaturalist-open-data.s3.amazonaws.com/photos/311995450/original.jpg,k-western-south-america,2024-10-28 12:51:15
original_4436088912_3.jpg,2697927,Aechmea bracteata,2.4170000000000003,"Pterophanes cyanopterus (Fraser, 1840)",2476159,4.664249,-73.964427,15.0,SOUTH_AMERICA,Cundinamarca,,,,2017-01-26T14:52,False,David Jeffrey Ringer,iNaturalist,http://creativecommons.org/licenses/by-nc/4.0/,David Jeffrey Ringer,https://inaturalist-open-data.s3.amazonaws.com/photos/311995365/original.jpg; https://inaturalist-open-data.s3.amazonaws.com/photos/311995372/original.jpg; https://inaturalist-open-data.s3.amazonaws.com/photos/311995450/original.jpg,k-western-south-america,2024-10-28 12:51:17
original_4438706766_1.jpeg,3032537,Weinmannia pinnata,9.074,"Pterophanes cyanopterus (Fraser, 1840)",2476159,-0.111739,-78.584856,217.0,SOUTH_AMERICA,Pichincha,,,,2023-10-14T13:09,False,Kurt R. Schwarz,iNaturalist,http://creativecommons.org/licenses/by-nc-nd/4.0/,Kurt R. Schwarz,https://inaturalist-open-data.s3.amazonaws.com/photos/332349534/original.jpeg; https://inaturalist-open-data.s3.amazonaws.com/photos/332349548/original.jpeg,k-western-south-america,2024-10-28 12:51:20
original_4438706766_2.jpeg,3032537,Weinmannia pinnata,13.069,"Pterophanes cyanopterus (Fraser, 1840)",2476159,-0.111739,-78.584856,217.0,SOUTH_AMERICA,Pichincha,,,,2023-10-14T13:09,False,Kurt R. Schwarz,iNaturalist,http://creativecommons.org/licenses/by-nc-nd/4.0/,Kurt R. Schwarz,https://inaturalist-open-data.s3.amazonaws.com/photos/332349534/original.jpeg; https://inaturalist-open-data.s3.amazonaws.com/photos/332349548/original.jpeg,k-western-south-america,2024-10-28 12:51:22
original_4442658256_1.jpeg,2876131,Alnus acuminata,5.829,"Pterophanes cyanopterus (Fraser, 1840)",2476159,-0.551611,-78.156443,212.0,SOUTH_AMERICA,Napo,,,,2023-10-30T08:09,False,dicnar,iNaturalist,http://creativecommons.org/licenses/by-nc/4.0/,dicnar,https://inaturalist-open-data.s3.amazonaws.com/photos/336004797/original.jpeg,k-western-south-america,2024-10-28 12:51:31
original_4465746940_1.jpeg,7684115,Bejaria resinosa,8.114,"Pterophanes cyanopterus (Fraser, 1840)",2476159,-13.227551,-72.502598,15.0,SOUTH_AMERICA,Cusco,,,,2023-10-27T14:18,False,Tim,iNaturalist,http://creativecommons.org/licenses/by/4.0/,Tim,https://inaturalist-open-data.s3.amazonaws.com/photos/340288087/original.jpeg,k-western-south-america,2024-10-28 12:51:41
original_4507955714_2.jpg,2876131,Alnus acuminata,4.281,"Pterophanes cyanopterus (Fraser, 1840)",2476159,-0.459058,-78.323306,15.0,SOUTH_AMERICA,Pichincha,,,,2023-12-14T07:32,False,Jing-Yi Lu,iNaturalist,http://creativecommons.org/licenses/by-nc/4.0/,Jing-Yi Lu,https://inaturalist-open-data.s3.amazonaws.com/photos/343619126/original.jpg; https://inaturalist-open-data.s3.amazonaws.com/photos/343619143/original.jpg; https://inaturalist-open-data.s3.amazonaws.com/photos/343619229/original.jpg; https://inaturalist-open-data.s3.amazonaws.com/photos/343619240/original.jpg; https://inaturalist-open-data.s3.amazonaws.com/photos/343619302/original.jpg; https://inaturalist-open-data.s3.amazonaws.com/photos/343619310/original.jpg; https://inaturalist-open-data.s3.amazonaws.com/photos/343619328/original.jpg; https://inaturalist-open-data.s3.amazonaws.com/photos/343619330/original.jpg,k-western-south-america,2024-10-28 12:51:46
original_4507955714_4.jpg,3039424,Ziziphus mauritiana,1.311,"Pterophanes cyanopterus (Fraser, 1840)",2476159,-0.459058,-78.323306,15.0,SOUTH_AMERICA,Pichincha,,,,2023-12-14T07:32,False,Jing-Yi Lu,iNaturalist,http://creativecommons.org/licenses/by-nc/4.0/,Jing-Yi Lu,https://inaturalist-open-data.s3.amazonaws.com/photos/343619126/original.jpg; https://inaturalist-open-data.s3.amazonaws.com/photos/343619143/original.jpg; https://inaturalist-open-data.s3.amazonaws.com/photos/343619229/original.jpg; https://inaturalist-open-data.s3.amazonaws.com/photos/343619240/original.jpg; https://inaturalist-open-data.s3.amazonaws.com/photos/343619302/original.jpg; https://inaturalist-open-data.s3.amazonaws.com/photos/343619310/original.jpg; https://inaturalist-open-data.s3.amazonaws.com/photos/343619328/original.jpg; https://inaturalist-open-data.s3.amazonaws.com/photos/343619330/original.jpg,k-western-south-america,2024-10-28 12:51:51
original_4507955714_7.jpg,3039424,Ziziphus mauritiana,2.436,"Pterophanes cyanopterus (Fraser, 1840)",2476159,-0.459058,-78.323306,15.0,SOUTH_AMERICA,Pichincha,,,,2023-12-14T07:32,False,Jing-Yi Lu,iNaturalist,http://creativecommons.org/licenses/by-nc/4.0/,Jing-Yi Lu,https://inaturalist-open-data.s3.amazonaws.com/photos/343619126/original.jpg; https://inaturalist-open-data.s3.amazonaws.com/photos/343619143/original.jpg; https://inaturalist-open-data.s3.amazonaws.com/photos/343619229/original.jpg; https://inaturalist-open-data.s3.amazonaws.com/photos/343619240/original.jpg; https://inaturalist-open-data.s3.amazonaws.com/photos/343619302/original.jpg; https://inaturalist-open-data.s3.amazonaws.com/photos/343619310/original.jpg; https://inaturalist-open-data.s3.amazonaws.com/photos/343619328/original.jpg; https://inaturalist-open-data.s3.amazonaws.com/photos/343619330/original.jpg,k-western-south-america,2024-10-28 12:51:57
original_4510131686_1.jpg,5414995,Digitalis purpurea,1.266,"Pterophanes cyanopterus (Fraser, 1840)",2476159,4.719198,-73.969075,2127.0,SOUTH_AMERICA,Cundinamarca,,,,2019-02-22T22:10,False,John Guerin,iNaturalist,http://creativecommons.org/licenses/by-nc/4.0/,John Guerin,https://inaturalist-open-data.s3.amazonaws.com/photos/344211493/original.jpg,k-western-south-america,2024-10-28 12:52:02
original_4512290557_1.jpg,7721174,Vallea stipularis,5.808,"Pterophanes cyanopterus (Fraser, 1840)",2476159,-0.111739,-78.584856,217.0,SOUTH_AMERICA,Pichincha,,,,2023-12-15T13:12,False,Don Marsille,iNaturalist,http://creativecommons.org/licenses/by-nc/4.0/,Don Marsille,https://inaturalist-open-data.s3.amazonaws.com/photos/345830655/original.jpg,k-western-south-america,2024-10-28 12:52:10
original_4516153852_1.jpeg,3188687,Cuphea strigulosa,1.006,"Pterophanes cyanopterus (Fraser, 1840)",2476159,4.664132,-73.964492,51.0,SOUTH_AMERICA,Cundinamarca,,,,2024-01-04T12:46,False,Dario Taraborelli,iNaturalist,http://creativecommons.org/publicdomain/zero/1.0/,Dario Taraborelli,https://inaturalist-open-data.s3.amazonaws.com/photos/347441785/original.jpeg,k-western-south-america,2024-10-28 12:52:18
original_4516168210_1.jpg,2928760,Nicotiana paniculata,0.5890000000000001,"Pterophanes cyanopterus (Fraser, 1840)",2476159,4.972994,-75.380342,1318.0,SOUTH_AMERICA,Caldas,,,,2023-10-28T13:54:22,False,gabovinasco1,iNaturalist,http://creativecommons.org/licenses/by-nc/4.0/,gabovinasco1,https://inaturalist-open-data.s3.amazonaws.com/photos/333779376/original.jpg; https://inaturalist-open-data.s3.amazonaws.com/photos/333779393/original.jpg; https://inaturalist-open-data.s3.amazonaws.com/photos/333779407/original.jpg; https://inaturalist-open-data.s3.amazonaws.com/photos/333779426/original.jpg,k-western-south-america,2024-10-28 12:52:21
original_4516168210_2.jpg,5321877,Ionopsis utricularioides,0.979,"Pterophanes cyanopterus (Fraser, 1840)",2476159,4.972994,-75.380342,1318.0,SOUTH_AMERICA,Caldas,,,,2023-10-28T13:54:22,False,gabovinasco1,iNaturalist,http://creativecommons.org/licenses/by-nc/4.0/,gabovinasco1,https://inaturalist-open-data.s3.amazonaws.com/photos/333779376/original.jpg; https://inaturalist-open-data.s3.amazonaws.com/photos/333779393/original.jpg; https://inaturalist-open-data.s3.amazonaws.com/photos/333779407/original.jpg; https://inaturalist-open-data.s3.amazonaws.com/photos/333779426/original.jpg,k-western-south-america,2024-10-28 12:52:24
original_4516168210_4.jpg,2928760,Nicotiana paniculata,0.668,"Pterophanes cyanopterus (Fraser, 1840)",2476159,4.972994,-75.380342,1318.0,SOUTH_AMERICA,Caldas,,,,2023-10-28T13:54:22,False,gabovinasco1,iNaturalist,http://creativecommons.org/licenses/by-nc/4.0/,gabovinasco1,https://inaturalist-open-data.s3.amazonaws.com/photos/333779376/original.jpg; https://inaturalist-open-data.s3.amazonaws.com/photos/333779393/original.jpg; https://inaturalist-open-data.s3.amazonaws.com/photos/333779407/original.jpg; https://inaturalist-open-data.s3.amazonaws.com/photos/333779426/original.jpg,k-western-south-america,2024-10-28 12:52:29
original_4516303109_1.jpeg,5333448,Cyrilla racemiflora,1.361,"Pterophanes cyanopterus (Fraser, 1840)",2476159,4.664132,-73.964492,51.0,SOUTH_AMERICA,Cundinamarca,,,,2024-01-04T12:40,False,Dario Taraborelli,iNaturalist,http://creativecommons.org/publicdomain/zero/1.0/,Dario Taraborelli,https://inaturalist-open-data.s3.amazonaws.com/photos/347441466/original.jpeg,k-western-south-america,2024-10-28 12:52:31
original_4516433968_1.jpg,2754160,Bomarea hirsuta,2.093,"Pterophanes cyanopterus (Fraser, 1840)",2476159,4.975494,-75.390943,2149.0,SOUTH_AMERICA,Caldas,,,,2023-09-14T15:10:49,False,Cheryl Rosenfeld,iNaturalist,http://creativecommons.org/licenses/by-nc/4.0/,Cheryl Rosenfeld,https://inaturalist-open-data.s3.amazonaws.com/photos/324286143/original.jpg; https://inaturalist-open-data.s3.amazonaws.com/photos/324286240/original.jpg; https://inaturalist-open-data.s3.amazonaws.com/photos/324286447/original.jpg; https://inaturalist-open-data.s3.amazonaws.com/photos/324286502/original.jpg; https://inaturalist-open-data.s3.amazonaws.com/photos/324286702/original.jpg; https://inaturalist-open-data.s3.amazonaws.com/photos/324286796/original.jpg; https://inaturalist-open-data.s3.amazonaws.com/photos/324286864/original.jpg; https://inaturalist-open-data.s3.amazonaws.com/photos/324286948/original.jpg; https://inaturalist-open-data.s3.amazonaws.com/photos/324287046/original.jpg; https://inaturalist-open-data.s3.amazonaws.com/photos/324287140/original.jpg; https://inaturalist-open-data.s3.amazonaws.com/photos/324287246/original.jpg; https://inaturalist-open-data.s3.amazonaws.com/photos/324287319/original.jpg,k-western-south-america,2024-10-28 12:52:51
original_4516433968_10.jpg,2754160,Bomarea hirsuta,5.697,"Pterophanes cyanopterus (Fraser, 1840)",2476159,4.975494,-75.390943,2149.0,SOUTH_AMERICA,Caldas,,,,2023-09-14T15:10:49,False,Cheryl Rosenfeld,iNaturalist,http://creativecommons.org/licenses/by-nc/4.0/,Cheryl Rosenfeld,https://inaturalist-open-data.s3.amazonaws.com/photos/324286143/original.jpg; https://inaturalist-open-data.s3.amazonaws.com/photos/324286240/original.jpg; https://inaturalist-open-data.s3.amazonaws.com/photos/324286447/original.jpg; https://inaturalist-open-data.s3.amazonaws.com/photos/324286502/original.jpg; https://inaturalist-open-data.s3.amazonaws.com/photos/324286702/original.jpg; https://inaturalist-open-data.s3.amazonaws.com/photos/324286796/original.jpg; https://inaturalist-open-data.s3.amazonaws.com/photos/324286864/original.jpg; https://inaturalist-open-data.s3.amazonaws.com/photos/324286948/original.jpg; https://inaturalist-open-data.s3.amazonaws.com/photos/324287046/original.jpg; https://inaturalist-open-data.s3.amazonaws.com/photos/324287140/original.jpg; https://inaturalist-open-data.s3.amazonaws.com/photos/324287246/original.jpg; https://inaturalist-open-data.s3.amazonaws.com/photos/324287319/original.jpg,k-western-south-america,2024-10-28 12:52:54
original_4516433968_11.jpg,2754160,Bomarea hirsuta,4.042,"Pterophanes cyanopterus (Fraser, 1840)",2476159,4.975494,-75.390943,2149.0,SOUTH_AMERICA,Caldas,,,,2023-09-14T15:10:49,False,Cheryl Rosenfeld,iNaturalist,http://creativecommons.org/licenses/by-nc/4.0/,Cheryl Rosenfeld,https://inaturalist-open-data.s3.amazonaws.com/photos/324286143/original.jpg; https://inaturalist-open-data.s3.amazonaws.com/photos/324286240/original.jpg; https://inaturalist-open-data.s3.amazonaws.com/photos/324286447/original.jpg; https://inaturalist-open-data.s3.amazonaws.com/photos/324286502/original.jpg; https://inaturalist-open-data.s3.amazonaws.com/photos/324286702/original.jpg; https://inaturalist-open-data.s3.amazonaws.com/photos/324286796/original.jpg; https://inaturalist-open-data.s3.amazonaws.com/photos/324286864/original.jpg; https://inaturalist-open-data.s3.amazonaws.com/photos/324286948/original.jpg; https://inaturalist-open-data.s3.amazonaws.com/photos/324287046/original.jpg; https://inaturalist-open-data.s3.amazonaws.com/photos/324287140/original.jpg; https://inaturalist-open-data.s3.amazonaws.com/photos/324287246/original.jpg; https://inaturalist-open-data.s3.amazonaws.com/photos/324287319/original.jpg,k-western-south-america,2024-10-28 12:52:57
original_4516433968_12.jpg,2754160,Bomarea hirsuta,5.226,"Pterophanes cyanopterus (Fraser, 1840)",2476159,4.975494,-75.390943,2149.0,SOUTH_AMERICA,Caldas,,,,2023-09-14T15:10:49,False,Cheryl Rosenfeld,iNaturalist,http://creativecommons.org/licenses/by-nc/4.0/,Cheryl Rosenfeld,https://inaturalist-open-data.s3.amazonaws.com/photos/324286143/original.jpg; https://inaturalist-open-data.s3.amazonaws.com/photos/324286240/original.jpg; https://inaturalist-open-data.s3.amazonaws.com/photos/324286447/original.jpg; https://inaturalist-open-data.s3.amazonaws.com/photos/324286502/original.jpg; https://inaturalist-open-data.s3.amazonaws.com/photos/324286702/original.jpg; https://inaturalist-open-data.s3.amazonaws.com/photos/324286796/original.jpg; https://inaturalist-open-data.s3.amazonaws.com/photos/324286864/original.jpg; https://inaturalist-open-data.s3.amazonaws.com/photos/324286948/original.jpg; https://inaturalist-open-data.s3.amazonaws.com/photos/324287046/original.jpg; https://inaturalist-open-data.s3.amazonaws.com/photos/324287140/original.jpg; https://inaturalist-open-data.s3.amazonaws.com/photos/324287246/original.jpg; https://inaturalist-open-data.s3.amazonaws.com/photos/324287319/original.jpg,k-western-south-america,2024-10-28 12:52:59
original_4516433968_2.jpg,2754160,Bomarea hirsuta,4.679,"Pterophanes cyanopterus (Fraser, 1840)",2476159,4.975494,-75.390943,2149.0,SOUTH_AMERICA,Caldas,,,,2023-09-14T15:10:49,False,Cheryl Rosenfeld,iNaturalist,http://creativecommons.org/licenses/by-nc/4.0/,Cheryl Rosenfeld,https://inaturalist-open-data.s3.amazonaws.com/photos/324286143/original.jpg; https://inaturalist-open-data.s3.amazonaws.com/photos/324286240/original.jpg; https://inaturalist-open-data.s3.amazonaws.com/photos/324286447/original.jpg; https://inaturalist-open-data.s3.amazonaws.com/photos/324286502/original.jpg; https://inaturalist-open-data.s3.amazonaws.com/photos/324286702/original.jpg; https://inaturalist-open-data.s3.amazonaws.com/photos/324286796/original.jpg; https://inaturalist-open-data.s3.amazonaws.com/photos/324286864/original.jpg; https://inaturalist-open-data.s3.amazonaws.com/photos/324286948/original.jpg; https://inaturalist-open-data.s3.amazonaws.com/photos/324287046/original.jpg; https://inaturalist-open-data.s3.amazonaws.com/photos/324287140/original.jpg; https://inaturalist-open-data.s3.amazonaws.com/photos/324287246/original.jpg; https://inaturalist-open-data.s3.amazonaws.com/photos/324287319/original.jpg,k-western-south-america,2024-10-28 12:53:01
original_4516433968_3.jpg,2754160,Bomarea hirsuta,2.9770000000000003,"Pterophanes cyanopterus (Fraser, 1840)",2476159,4.975494,-75.390943,2149.0,SOUTH_AMERICA,Caldas,,,,2023-09-14T15:10:49,False,Cheryl Rosenfeld,iNaturalist,http://creativecommons.org/licenses/by-nc/4.0/,Cheryl Rosenfeld,https://inaturalist-open-data.s3.amazonaws.com/photos/324286143/original.jpg; https://inaturalist-open-data.s3.amazonaws.com/photos/324286240/original.jpg; https://inaturalist-open-data.s3.amazonaws.com/photos/324286447/original.jpg; https://inaturalist-open-data.s3.amazonaws.com/photos/324286502/original.jpg; https://inaturalist-open-data.s3.amazonaws.com/photos/324286702/original.jpg; https://inaturalist-open-data.s3.amazonaws.com/photos/324286796/original.jpg; https://inaturalist-open-data.s3.amazonaws.com/photos/324286864/original.jpg; https://inaturalist-open-data.s3.amazonaws.com/photos/324286948/original.jpg; https://inaturalist-open-data.s3.amazonaws.com/photos/324287046/original.jpg; https://inaturalist-open-data.s3.amazonaws.com/photos/324287140/original.jpg; https://inaturalist-open-data.s3.amazonaws.com/photos/324287246/original.jpg; https://inaturalist-open-data.s3.amazonaws.com/photos/324287319/original.jpg,k-western-south-america,2024-10-28 12:53:04
original_4516433968_4.jpg,2754160,Bomarea hirsuta,5.138,"Pterophanes cyanopterus (Fraser, 1840)",2476159,4.975494,-75.390943,2149.0,SOUTH_AMERICA,Caldas,,,,2023-09-14T15:10:49,False,Cheryl Rosenfeld,iNaturalist,http://creativecommons.org/licenses/by-nc/4.0/,Cheryl Rosenfeld,https://inaturalist-open-data.s3.amazonaws.com/photos/324286143/original.jpg; https://inaturalist-open-data.s3.amazonaws.com/photos/324286240/original.jpg; https://inaturalist-open-data.s3.amazonaws.com/photos/324286447/original.jpg; https://inaturalist-open-data.s3.amazonaws.com/photos/324286502/original.jpg; https://inaturalist-open-data.s3.amazonaws.com/photos/324286702/original.jpg; https://inaturalist-open-data.s3.amazonaws.com/photos/324286796/original.jpg; https://inaturalist-open-data.s3.amazonaws.com/photos/324286864/original.jpg; https://inaturalist-open-data.s3.amazonaws.com/photos/324286948/original.jpg; https://inaturalist-open-data.s3.amazonaws.com/photos/324287046/original.jpg; https://inaturalist-open-data.s3.amazonaws.com/photos/324287140/original.jpg; https://inaturalist-open-data.s3.amazonaws.com/photos/324287246/original.jpg; https://inaturalist-open-data.s3.amazonaws.com/photos/324287319/original.jpg,k-western-south-america,2024-10-28 12:53:07
original_4516433968_5.jpg,2754160,Bomarea hirsuta,4.042,"Pterophanes cyanopterus (Fraser, 1840)",2476159,4.975494,-75.390943,2149.0,SOUTH_AMERICA,Caldas,,,,2023-09-14T15:10:49,False,Cheryl Rosenfeld,iNaturalist,http://creativecommons.org/licenses/by-nc/4.0/,Cheryl Rosenfeld,https://inaturalist-open-data.s3.amazonaws.com/photos/324286143/original.jpg; https://inaturalist-open-data.s3.amazonaws.com/photos/324286240/original.jpg; https://inaturalist-open-data.s3.amazonaws.com/photos/324286447/original.jpg; https://inaturalist-open-data.s3.amazonaws.com/photos/324286502/original.jpg; https://inaturalist-open-data.s3.amazonaws.com/photos/324286702/original.jpg; https://inaturalist-open-data.s3.amazonaws.com/photos/324286796/original.jpg; https://inaturalist-open-data.s3.amazonaws.com/photos/324286864/original.jpg; https://inaturalist-open-data.s3.amazonaws.com/photos/324286948/original.jpg; https://inaturalist-open-data.s3.amazonaws.com/photos/324287046/original.jpg; https://inaturalist-open-data.s3.amazonaws.com/photos/324287140/original.jpg; https://inaturalist-open-data.s3.amazonaws.com/photos/324287246/original.jpg; https://inaturalist-open-data.s3.amazonaws.com/photos/324287319/original.jpg,k-western-south-america,2024-10-28 12:53:09
original_4516433968_6.jpg,2754160,Bomarea hirsuta,2.9770000000000003,"Pterophanes cyanopterus (Fraser, 1840)",2476159,4.975494,-75.390943,2149.0,SOUTH_AMERICA,Caldas,,,,2023-09-14T15:10:49,False,Cheryl Rosenfeld,iNaturalist,http://creativecommons.org/licenses/by-nc/4.0/,Cheryl Rosenfeld,https://inaturalist-open-data.s3.amazonaws.com/photos/324286143/original.jpg; https://inaturalist-open-data.s3.amazonaws.com/photos/324286240/original.jpg; https://inaturalist-open-data.s3.amazonaws.com/photos/324286447/original.jpg; https://inaturalist-open-data.s3.amazonaws.com/photos/324286502/original.jpg; https://inaturalist-open-data.s3.amazonaws.com/photos/324286702/original.jpg; https://inaturalist-open-data.s3.amazonaws.com/photos/324286796/original.jpg; https://inaturalist-open-data.s3.amazonaws.com/photos/324286864/original.jpg; https://inaturalist-open-data.s3.amazonaws.com/photos/324286948/original.jpg; https://inaturalist-open-data.s3.amazonaws.com/photos/324287046/original.jpg; https://inaturalist-open-data.s3.amazonaws.com/photos/324287140/original.jpg; https://inaturalist-open-data.s3.amazonaws.com/photos/324287246/original.jpg; https://inaturalist-open-data.s3.amazonaws.com/photos/324287319/original.jpg,k-western-south-america,2024-10-28 12:53:10
original_4516433968_7.jpg,2754160,Bomarea hirsuta,5.138,"Pterophanes cyanopterus (Fraser, 1840)",2476159,4.975494,-75.390943,2149.0,SOUTH_AMERICA,Caldas,,,,2023-09-14T15:10:49,False,Cheryl Rosenfeld,iNaturalist,http://creativecommons.org/licenses/by-nc/4.0/,Cheryl Rosenfeld,https://inaturalist-open-data.s3.amazonaws.com/photos/324286143/original.jpg; https://inaturalist-open-data.s3.amazonaws.com/photos/324286240/original.jpg; https://inaturalist-open-data.s3.amazonaws.com/photos/324286447/original.jpg; https://inaturalist-open-data.s3.amazonaws.com/photos/324286502/original.jpg; https://inaturalist-open-data.s3.amazonaws.com/photos/324286702/original.jpg; https://inaturalist-open-data.s3.amazonaws.com/photos/324286796/original.jpg; https://inaturalist-open-data.s3.amazonaws.com/photos/324286864/original.jpg; https://inaturalist-open-data.s3.amazonaws.com/photos/324286948/original.jpg; https://inaturalist-open-data.s3.amazonaws.com/photos/324287046/original.jpg; https://inaturalist-open-data.s3.amazonaws.com/photos/324287140/original.jpg; https://inaturalist-open-data.s3.amazonaws.com/photos/324287246/original.jpg; https://inaturalist-open-data.s3.amazonaws.com/photos/324287319/original.jpg,k-western-south-america,2024-10-28 12:53:12
original_4516433968_8.jpg,2754160,Bomarea hirsuta,5.226,"Pterophanes cyanopterus (Fraser, 1840)",2476159,4.975494,-75.390943,2149.0,SOUTH_AMERICA,Caldas,,,,2023-09-14T15:10:49,False,Cheryl Rosenfeld,iNaturalist,http://creativecommons.org/licenses/by-nc/4.0/,Cheryl Rosenfeld,https://inaturalist-open-data.s3.amazonaws.com/photos/324286143/original.jpg; https://inaturalist-open-data.s3.amazonaws.com/photos/324286240/original.jpg; https://inaturalist-open-data.s3.amazonaws.com/photos/324286447/original.jpg; https://inaturalist-open-data.s3.amazonaws.com/photos/324286502/original.jpg; https://inaturalist-open-data.s3.amazonaws.com/photos/324286702/original.jpg; https://inaturalist-open-data.s3.amazonaws.com/photos/324286796/original.jpg; https://inaturalist-open-data.s3.amazonaws.com/photos/324286864/original.jpg; https://inaturalist-open-data.s3.amazonaws.com/photos/324286948/original.jpg; https://inaturalist-open-data.s3.amazonaws.com/photos/324287046/original.jpg; https://inaturalist-open-data.s3.amazonaws.com/photos/324287140/original.jpg; https://inaturalist-open-data.s3.amazonaws.com/photos/324287246/original.jpg; https://inaturalist-open-data.s3.amazonaws.com/photos/324287319/original.jpg,k-western-south-america,2024-10-28 12:53:14
original_4516433968_9.jpg,2754160,Bomarea hirsuta,5.218,"Pterophanes cyanopterus (Fraser, 1840)",2476159,4.975494,-75.390943,2149.0,SOUTH_AMERICA,Caldas,,,,2023-09-14T15:10:49,False,Cheryl Rosenfeld,iNaturalist,http://creativecommons.org/licenses/by-nc/4.0/,Cheryl Rosenfeld,https://inaturalist-open-data.s3.amazonaws.com/photos/324286143/original.jpg; https://inaturalist-open-data.s3.amazonaws.com/photos/324286240/original.jpg; https://inaturalist-open-data.s3.amazonaws.com/photos/324286447/original.jpg; https://inaturalist-open-data.s3.amazonaws.com/photos/324286502/original.jpg; https://inaturalist-open-data.s3.amazonaws.com/photos/324286702/original.jpg; https://inaturalist-open-data.s3.amazonaws.com/photos/324286796/original.jpg; https://inaturalist-open-data.s3.amazonaws.com/photos/324286864/original.jpg; https://inaturalist-open-data.s3.amazonaws.com/photos/324286948/original.jpg; https://inaturalist-open-data.s3.amazonaws.com/photos/324287046/original.jpg; https://inaturalist-open-data.s3.amazonaws.com/photos/324287140/original.jpg; https://inaturalist-open-data.s3.amazonaws.com/photos/324287246/original.jpg; https://inaturalist-open-data.s3.amazonaws.com/photos/324287319/original.jpg,k-western-south-america,2024-10-28 12:53:17
original_4516652407_1.jpg,2706322,Hemarthria altissima,1.304,"Pterophanes cyanopterus (Fraser, 1840)",2476159,5.024678,-75.369542,191.0,SOUTH_AMERICA,Caldas,,,,2022-10-13T15:28,False,Steve Bentsen,iNaturalist,http://creativecommons.org/licenses/by-nc/4.0/,Steve Bentsen,https://inaturalist-open-data.s3.amazonaws.com/photos/339893054/original.jpg,k-western-south-america,2024-10-28 12:53:19
original_4522625441_1.jpg,7309398,Vitex megapotamica,4.661,"Pterophanes cyanopterus (Fraser, 1840)",2476159,-0.111739,-78.584856,217.0,SOUTH_AMERICA,Pichincha,,,,2023-12-15T13:12,False,Don Marsille,iNaturalist,http://creativecommons.org/licenses/by-nc/4.0/,Don Marsille,https://inaturalist-open-data.s3.amazonaws.com/photos/345830622/original.jpg,k-western-south-america,2024-10-28 12:53:25
original_4524955203_1.jpeg,7610513,Boehmeria caudata,2.54,"Pterophanes cyanopterus (Fraser, 1840)",2476159,4.971052,-75.377911,356.0,SOUTH_AMERICA,Caldas,,,,2015-08-12T22:47,False,Brian Ahern,iNaturalist,http://creativecommons.org/licenses/by-nc/4.0/,Brian Ahern,https://inaturalist-open-data.s3.amazonaws.com/photos/346298560/original.jpeg,k-western-south-america,2024-10-28 12:53:28
original_4525004331_1.jpeg,9193953,Zinnia peruviana,3.167,"Pterophanes cyanopterus (Fraser, 1840)",2476159,4.971052,-75.377911,356.0,SOUTH_AMERICA,Caldas,,,,2015-08-13T17:14,False,Brian Ahern,iNaturalist,http://creativecommons.org/licenses/by-nc/4.0/,Brian Ahern,https://inaturalist-open-data.s3.amazonaws.com/photos/346298473/original.jpeg; https://inaturalist-open-data.s3.amazonaws.com/photos/346298479/original.jpeg,k-western-south-america,2024-10-28 12:53:30
original_4525004331_2.jpeg,9193953,Zinnia peruviana,6.747,"Pterophanes cyanopterus (Fraser, 1840)",2476159,4.971052,-75.377911,356.0,SOUTH_AMERICA,Caldas,,,,2015-08-13T17:14,False,Brian Ahern,iNaturalist,http://creativecommons.org/licenses/by-nc/4.0/,Brian Ahern,https://inaturalist-open-data.s3.amazonaws.com/photos/346298473/original.jpeg; https://inaturalist-open-data.s3.amazonaws.com/photos/346298479/original.jpeg,k-western-south-america,2024-10-28 12:53:32
original_4525212472_1.jpg,3795445,Vachellia macracantha,2.558,"Pterophanes cyanopterus (Fraser, 1840)",2476159,-0.459043,-78.323206,4.0,SOUTH_AMERICA,Pichincha,,,,2023-11-14T15:27,False,guylafond,iNaturalist,http://creativecommons.org/licenses/by-nc/4.0/,guylafond,https://inaturalist-open-data.s3.amazonaws.com/photos/351800776/original.jpg; https://inaturalist-open-data.s3.amazonaws.com/photos/351801202/original.jpg; https://inaturalist-open-data.s3.amazonaws.com/photos/351801203/original.jpg,k-western-south-america,2024-10-28 12:53:37
original_4527943286_2.jpeg,2756950,Costus woodsonii,1.644,"Pterophanes cyanopterus (Fraser, 1840)",2476159,4.664452,-73.963608,15.0,SOUTH_AMERICA,Cundinamarca,,,,2024-01-17T14:25,False,Eric Carpenter,iNaturalist,http://creativecommons.org/licenses/by-nc/4.0/,Eric Carpenter,https://inaturalist-open-data.s3.amazonaws.com/photos/351834823/original.jpeg; https://inaturalist-open-data.s3.amazonaws.com/photos/351834850/original.jpeg; https://inaturalist-open-data.s3.amazonaws.com/photos/351834853/original.jpeg,k-western-south-america,2024-10-28 12:53:52
original_4527943286_3.jpeg,7275879,Souroubea guianensis,4.185,"Pterophanes cyanopterus (Fraser, 1840)",2476159,4.664452,-73.963608,15.0,SOUTH_AMERICA,Cundinamarca,,,,2024-01-17T14:25,False,Eric Carpenter,iNaturalist,http://creativecommons.org/licenses/by-nc/4.0/,Eric Carpenter,https://inaturalist-open-data.s3.amazonaws.com/photos/351834823/original.jpeg; https://inaturalist-open-data.s3.amazonaws.com/photos/351834850/original.jpeg; https://inaturalist-open-data.s3.amazonaws.com/photos/351834853/original.jpeg,k-western-south-america,2024-10-28 12:53:54
original_4527993947_1.jpg,7264147,Dicliptera squarrosa,4.664,"Pterophanes cyanopterus (Fraser, 1840)",2476159,4.728646,-73.896278,15.0,SOUTH_AMERICA,Cundinamarca,,,,2024-02-11T08:41,False,Omar Javier López Gómez,iNaturalist,http://creativecommons.org/licenses/by-nc/4.0/,Omar Javier López Gómez,https://inaturalist-open-data.s3.amazonaws.com/photos/353049592/original.jpg,k-western-south-america,2024-10-28 12:53:57
original_4596856638_4.jpeg,8376201,Escallonia myrtilloides,13.068,"Pterophanes cyanopterus (Fraser, 1840)",2476159,-0.32538,-78.147959,64.0,SOUTH_AMERICA,Napo,,,,2024-01-29T09:51,False,Rob Foster,iNaturalist,http://creativecommons.org/licenses/by/4.0/,Rob Foster,https://inaturalist-open-data.s3.amazonaws.com/photos/351948820/original.jpeg; https://inaturalist-open-data.s3.amazonaws.com/photos/351948834/original.jpeg; https://inaturalist-open-data.s3.amazonaws.com/photos/351948840/original.jpeg; https://inaturalist-open-data.s3.amazonaws.com/photos/351948842/original.jpeg,k-western-south-america,2024-10-28 12:54:04
original_4597545381_1.jpeg,7306887,Salvia tortuosa,16.182,"Pterophanes cyanopterus (Fraser, 1840)",2476159,-0.459062,-78.323247,,SOUTH_AMERICA,Pichincha,,,,2024-02-17T15:29,False,craigjhowe,iNaturalist,http://creativecommons.org/licenses/by-nc/4.0/,craigjhowe,https://inaturalist-open-data.s3.amazonaws.com/photos/357817512/original.jpeg; https://inaturalist-open-data.s3.amazonaws.com/photos/357817518/original.jpeg,k-western-south-america,2024-10-28 12:54:08
original_4597545381_2.jpeg,3900835,Salvia haenkei,8.773,"Pterophanes cyanopterus (Fraser, 1840)",2476159,-0.459062,-78.323247,,SOUTH_AMERICA,Pichincha,,,,2024-02-17T15:29,False,craigjhowe,iNaturalist,http://creativecommons.org/licenses/by-nc/4.0/,craigjhowe,https://inaturalist-open-data.s3.amazonaws.com/photos/357817512/original.jpeg; https://inaturalist-open-data.s3.amazonaws.com/photos/357817518/original.jpeg,k-western-south-america,2024-10-28 12:54:10
original_4599761218_1.jpg,5938224,Fuchsia magellanica,41.179,"Pterophanes cyanopterus (Fraser, 1840)",2476159,-0.459002,-78.323133,13.0,SOUTH_AMERICA,Pichincha,,,,2020-01-23T14:03,False,Jon Pleizier,iNaturalist,http://creativecommons.org/licenses/by-nc/4.0/,Jon Pleizier,https://inaturalist-open-data.s3.amazonaws.com/photos/359276444/original.jpg; https://inaturalist-open-data.s3.amazonaws.com/photos/359276621/original.jpg,k-western-south-america,2024-10-28 12:54:12
original_4599761218_2.jpg,5386577,Wedelia acapulcensis,3.179,"Pterophanes cyanopterus (Fraser, 1840)",2476159,-0.459002,-78.323133,13.0,SOUTH_AMERICA,Pichincha,,,,2020-01-23T14:03,False,Jon Pleizier,iNaturalist,http://creativecommons.org/licenses/by-nc/4.0/,Jon Pleizier,https://inaturalist-open-data.s3.amazonaws.com/photos/359276444/original.jpg; https://inaturalist-open-data.s3.amazonaws.com/photos/359276621/original.jpg,k-western-south-america,2024-10-28 12:54:14
original_4607033239_3.jpg,3173104,Justicia spicigera,5.766,"Pterophanes cyanopterus (Fraser, 1840)",2476159,4.788184,-73.777422,,SOUTH_AMERICA,Cundinamarca,,,,2024-03-17T14:29,False,Ryan F. Mandelbaum,iNaturalist,http://creativecommons.org/licenses/by/4.0/,Ryan F. Mandelbaum,https://inaturalist-open-data.s3.amazonaws.com/photos/361097521/original.jpg; https://inaturalist-open-data.s3.amazonaws.com/photos/361097528/original.jpg; https://inaturalist-open-data.s3.amazonaws.com/photos/361097537/original.jpg; https://inaturalist-open-data.s3.amazonaws.com/photos/361097538/original.jpg,k-western-south-america,2024-10-28 12:54:21
original_4607033239_4.jpg,3173104,Justicia spicigera,5.822,"Pterophanes cyanopterus (Fraser, 1840)",2476159,4.788184,-73.777422,,SOUTH_AMERICA,Cundinamarca,,,,2024-03-17T14:29,False,Ryan F. Mandelbaum,iNaturalist,http://creativecommons.org/licenses/by/4.0/,Ryan F. Mandelbaum,https://inaturalist-open-data.s3.amazonaws.com/photos/361097521/original.jpg; https://inaturalist-open-data.s3.amazonaws.com/photos/361097528/original.jpg; https://inaturalist-open-data.s3.amazonaws.com/photos/361097537/original.jpg; https://inaturalist-open-data.s3.amazonaws.com/photos/361097538/original.jpg,k-western-south-america,2024-10-28 12:54:23
original_4846783599_1.jpeg,2876131,Alnus acuminata,63.882000000000005,"Pterophanes cyanopterus (Fraser, 1840)",2476159,-0.459298,-78.322345,167.0,SOUTH_AMERICA,Pichincha,,,,2023-01-28T15:35,False,Megan Hanson,iNaturalist,http://creativecommons.org/licenses/by-nc/4.0/,Megan Hanson,https://inaturalist-open-data.s3.amazonaws.com/photos/334043354/original.jpeg,k-western-south-america,2024-10-28 12:54:28
original_4852276001_1.jpeg,5305162,Kniphofia × praecox,0.922,"Pterophanes cyanopterus (Fraser, 1840)",2476159,-16.331595,-67.959301,286.0,SOUTH_AMERICA,La Paz,,,,2024-04-28T11:36:43,False,Claudio Laura Daza,iNaturalist,http://creativecommons.org/licenses/by/4.0/,Claudio Laura Daza,https://inaturalist-open-data.s3.amazonaws.com/photos/374287746/original.jpeg,k-western-south-america,2024-10-28 12:54:31
original_4854844231_1.jpeg,5370573,Polylepis sericea,2.858,"Pterophanes cyanopterus (Fraser, 1840)",2476159,-0.111462,-78.585055,4.0,SOUTH_AMERICA,Pichincha,,,,2024-04-29T10:33,False,Francisco Prieto Albuja,iNaturalist,http://creativecommons.org/licenses/by-nc/4.0/,Francisco Prieto Albuja,https://inaturalist-open-data.s3.amazonaws.com/photos/374847014/original.jpeg; https://inaturalist-open-data.s3.amazonaws.com/photos/374847015/original.jpeg; https://inaturalist-open-data.s3.amazonaws.com/photos/374847180/original.jpeg,k-western-south-america,2024-10-28 12:54:33
original_4854844231_2.jpeg,5370613,Polylepis racemosa,2.8899999999999997,"Pterophanes cyanopterus (Fraser, 1840)",2476159,-0.111462,-78.585055,4.0,SOUTH_AMERICA,Pichincha,,,,2024-04-29T10:33,False,Francisco Prieto Albuja,iNaturalist,http://creativecommons.org/licenses/by-nc/4.0/,Francisco Prieto Albuja,https://inaturalist-open-data.s3.amazonaws.com/photos/374847014/original.jpeg; https://inaturalist-open-data.s3.amazonaws.com/photos/374847015/original.jpeg; https://inaturalist-open-data.s3.amazonaws.com/photos/374847180/original.jpeg,k-western-south-america,2024-10-28 12:54:35
original_4854844231_3.jpeg,5370613,Polylepis racemosa,5.484,"Pterophanes cyanopterus (Fraser, 1840)",2476159,-0.111462,-78.585055,4.0,SOUTH_AMERICA,Pichincha,,,,2024-04-29T10:33,False,Francisco Prieto Albuja,iNaturalist,http://creativecommons.org/licenses/by-nc/4.0/,Francisco Prieto Albuja,https://inaturalist-open-data.s3.amazonaws.com/photos/374847014/original.jpeg; https://inaturalist-open-data.s3.amazonaws.com/photos/374847015/original.jpeg; https://inaturalist-open-data.s3.amazonaws.com/photos/374847180/original.jpeg,k-western-south-america,2024-10-28 12:54:37
original_4855418097_1.jpeg,3033970,Licaria triandra,0.378,"Pterophanes cyanopterus (Fraser, 1840)",2476159,0.294491,-78.217885,62500.0,SOUTH_AMERICA,Imbabura,,,,2024-03-09T17:22,False,roumazeilles,iNaturalist,http://creativecommons.org/licenses/by-nc/4.0/,roumazeilles,https://inaturalist-open-data.s3.amazonaws.com/photos/357563745/original.jpeg,k-western-south-america,2024-10-28 12:54:40
original_4875130116_1.jpeg,2696354,Puya herzogii,4.096,"Pterophanes cyanopterus (Fraser, 1840)",2476159,-0.32538,-78.147959,210.0,SOUTH_AMERICA,Napo,,,,2024-05-31T11:12:38,False,Jay,iNaturalist,http://creativecommons.org/licenses/by-nc/4.0/,Jay,https://inaturalist-open-data.s3.amazonaws.com/photos/389205703/original.jpeg,k-western-south-america,2024-10-28 12:54:45
original_4891890219_1.jpg,5309117,Stelis argentata,16.848,"Pterophanes cyanopterus (Fraser, 1840)",2476159,4.789617,-73.77693,4.0,SOUTH_AMERICA,Cundinamarca,,,,2024-04-20T15:32:11,False,Nicolás Baresch Uribe,iNaturalist,http://creativecommons.org/licenses/by/4.0/,Nicolás Baresch Uribe,https://inaturalist-open-data.s3.amazonaws.com/photos/368692577/original.jpg; https://inaturalist-open-data.s3.amazonaws.com/photos/368692737/original.jpg,k-western-south-america,2024-10-28 12:54:48
original_4891890219_2.jpg,5309117,Stelis argentata,25.361,"Pterophanes cyanopterus (Fraser, 1840)",2476159,4.789617,-73.77693,4.0,SOUTH_AMERICA,Cundinamarca,,,,2024-04-20T15:32:11,False,Nicolás Baresch Uribe,iNaturalist,http://creativecommons.org/licenses/by/4.0/,Nicolás Baresch Uribe,https://inaturalist-open-data.s3.amazonaws.com/photos/368692577/original.jpg; https://inaturalist-open-data.s3.amazonaws.com/photos/368692737/original.jpg,k-western-south-america,2024-10-28 12:54:51
original_4901009489_1.jpeg,5938224,Fuchsia magellanica,55.273,"Pterophanes cyanopterus (Fraser, 1840)",2476159,-0.459343,-78.323226,207.0,SOUTH_AMERICA,Pichincha,,,,2023-03-01T13:42,False,vivienneo,iNaturalist,http://creativecommons.org/licenses/by-nc/4.0/,vivienneo,https://inaturalist-open-data.s3.amazonaws.com/photos/263408313/original.jpeg,k-western-south-america,2024-10-28 12:54:53
original_4910857692_1.jpg,4142909,Rhipidocladum racemiflorum,2.313,"Pterophanes cyanopterus (Fraser, 1840)",2476159,4.664344,-73.964364,,SOUTH_AMERICA,Cundinamarca,,,,2024-07-08T15:41,False,brewmaster,iNaturalist,http://creativecommons.org/licenses/by-nc/4.0/,brewmaster,https://inaturalist-open-data.s3.amazonaws.com/photos/408588262/original.jpg; https://inaturalist-open-data.s3.amazonaws.com/photos/408588264/original.jpg,k-western-south-america,2024-10-28 12:55:02
original_899938155_1.jpg,2696198,Puya clava-herculis,7.892,"Pterophanes cyanopterus (Fraser, 1840)",2476159,4.821681,-74.019743,,SOUTH_AMERICA,Cundinamarca,,,,2001-02-17,False,Alejandro Rico-Guevara,iNaturalist,http://creativecommons.org/licenses/by-nc/4.0/,Alejandro Rico-Guevara,https://inaturalist-open-data.s3.amazonaws.com/photos/208642/original.jpg,k-western-south-america,2024-10-28 12:55:08
sp6344649084183327504.att_1309910255_11.jpg,3060306,Croton schiedeanus,1.3419999999999999,"Pterophanes cyanopterus (Fraser, 1840)",2476159,-14.49,-69.28,,SOUTH_AMERICA,Puno,,,,2009-10-15,False,Unknown,Unknown,Unknown,University of Kansas Biodiversity Institute,http://biimages.biodiversity.ku.edu/static/Ornithology/originals/sp61626733926816885660.att.jpg; http://biimages.biodiversity.ku.edu/static/Ornithology/originals/sp61715954448373204069.att.jpg; http://biimages.biodiversity.ku.edu/static/Ornithology/originals/sp62129182613907506142.att.jpg; http://biimages.biodiversity.ku.edu/static/Ornithology/originals/sp62557253002261384035.att.jpg; http://biimages.biodiversity.ku.edu/static/Ornithology/originals/sp63348674516168654578.att.jpg; http://biimages.biodiversity.ku.edu/static/Ornithology/originals/sp63436007437984881181.att.jpg; http://biimages.biodiversity.ku.edu/static/Ornithology/originals/sp6344649084183327504.att.jpg; http://biimages.biodiversity.ku.edu/static/Ornithology/originals/sp64002865555547411022.att.jpg; http://biimages.biodiversity.ku.edu/static/Ornithology/originals/sp6417083203929123428.att.jpg; http://biimages.biodiversity.ku.edu/static/Ornithology/originals/sp64573086594088073268.att.jpg; http://biimages.biodiversity.ku.edu/static/Ornithology/originals/sp64628531420491622540.att.jpg; http://biimages.biodiversity.ku.edu/static/Ornithology/originals/sp65406218128962886979.att.jpg; http://biimages.biodiversity.ku.edu/static/Ornithology/originals/sp66899346449470384842.att.jpg; http://biimages.biodiversity.ku.edu/static/Ornithology/originals/sp68415890312509517036.att.jpg,k-western-south-america,2024-10-28 12:56:04
sp6344649084183327504.att_1309910282_11.jpg,3060306,Croton schiedeanus,1.3419999999999999,"Pterophanes cyanopterus (Fraser, 1840)",2476159,-14.49,-69.28,,SOUTH_AMERICA,Puno,,,,2009-10-15,False,Unknown,Unknown,Unknown,University of Kansas Biodiversity Institute,http://biimages.biodiversity.ku.edu/static/Ornithology/originals/sp61626733926816885660.att.jpg; http://biimages.biodiversity.ku.edu/static/Ornithology/originals/sp61715954448373204069.att.jpg; http://biimages.biodiversity.ku.edu/static/Ornithology/originals/sp62129182613907506142.att.jpg; http://biimages.biodiversity.ku.edu/static/Ornithology/originals/sp62557253002261384035.att.jpg; http://biimages.biodiversity.ku.edu/static/Ornithology/originals/sp63348674516168654578.att.jpg; http://biimages.biodiversity.ku.edu/static/Ornithology/originals/sp63436007437984881181.att.jpg; http://biimages.biodiversity.ku.edu/static/Ornithology/originals/sp6344649084183327504.att.jpg; http://biimages.biodiversity.ku.edu/static/Ornithology/originals/sp64002865555547411022.att.jpg; http://biimages.biodiversity.ku.edu/static/Ornithology/originals/sp6417083203929123428.att.jpg; http://biimages.biodiversity.ku.edu/static/Ornithology/originals/sp64573086594088073268.att.jpg; http://biimages.biodiversity.ku.edu/static/Ornithology/originals/sp64628531420491622540.att.jpg; http://biimages.biodiversity.ku.edu/static/Ornithology/originals/sp65406218128962886979.att.jpg; http://biimages.biodiversity.ku.edu/static/Ornithology/originals/sp66899346449470384842.att.jpg; http://biimages.biodiversity.ku.edu/static/Ornithology/originals/sp68415890312509517036.att.jpg,k-western-south-america,2024-10-28 12:56:07
sp6344649084183327504.att_1309910292_11.jpg,3060306,Croton schiedeanus,1.3419999999999999,"Pterophanes cyanopterus (Fraser, 1840)",2476159,-14.49,-69.28,,SOUTH_AMERICA,Puno,,,,2009-10-15,False,Unknown,Unknown,Unknown,University of Kansas Biodiversity Institute,http://biimages.biodiversity.ku.edu/static/Ornithology/originals/sp61626733926816885660.att.jpg; http://biimages.biodiversity.ku.edu/static/Ornithology/originals/sp61715954448373204069.att.jpg; http://biimages.biodiversity.ku.edu/static/Ornithology/originals/sp62129182613907506142.att.jpg; http://biimages.biodiversity.ku.edu/static/Ornithology/originals/sp62557253002261384035.att.jpg; http://biimages.biodiversity.ku.edu/static/Ornithology/originals/sp63348674516168654578.att.jpg; http://biimages.biodiversity.ku.edu/static/Ornithology/originals/sp63436007437984881181.att.jpg; http://biimages.biodiversity.ku.edu/static/Ornithology/originals/sp6344649084183327504.att.jpg; http://biimages.biodiversity.ku.edu/static/Ornithology/originals/sp64002865555547411022.att.jpg; http://biimages.biodiversity.ku.edu/static/Ornithology/originals/sp6417083203929123428.att.jpg; http://biimages.biodiversity.ku.edu/static/Ornithology/originals/sp64573086594088073268.att.jpg; http://biimages.biodiversity.ku.edu/static/Ornithology/originals/sp64628531420491622540.att.jpg; http://biimages.biodiversity.ku.edu/static/Ornithology/originals/sp65406218128962886979.att.jpg; http://biimages.biodiversity.ku.edu/static/Ornithology/originals/sp66899346449470384842.att.jpg; http://biimages.biodiversity.ku.edu/static/Ornithology/originals/sp68415890312509517036.att.jpg,k-western-south-america,2024-10-28 12:56:10
sp6344649084183327504.att_686324759_11.jpg,3060306,Croton schiedeanus,1.3419999999999999,"Pterophanes cyanopterus (Fraser, 1840)",2476159,-14.49,-69.28,,SOUTH_AMERICA,Puno,,,,2009-10-19,False,Unknown,Unknown,Unknown,University of Kansas Biodiversity Institute,http://biimages.biodiversity.ku.edu/static/Ornithology/originals/sp61626733926816885660.att.jpg; http://biimages.biodiversity.ku.edu/static/Ornithology/originals/sp61715954448373204069.att.jpg; http://biimages.biodiversity.ku.edu/static/Ornithology/originals/sp62129182613907506142.att.jpg; http://biimages.biodiversity.ku.edu/static/Ornithology/originals/sp62557253002261384035.att.jpg; http://biimages.biodiversity.ku.edu/static/Ornithology/originals/sp63348674516168654578.att.jpg; http://biimages.biodiversity.ku.edu/static/Ornithology/originals/sp63436007437984881181.att.jpg; http://biimages.biodiversity.ku.edu/static/Ornithology/originals/sp6344649084183327504.att.jpg; http://biimages.biodiversity.ku.edu/static/Ornithology/originals/sp64002865555547411022.att.jpg; http://biimages.biodiversity.ku.edu/static/Ornithology/originals/sp6417083203929123428.att.jpg; http://biimages.biodiversity.ku.edu/static/Ornithology/originals/sp64573086594088073268.att.jpg; http://biimages.biodiversity.ku.edu/static/Ornithology/originals/sp64628531420491622540.att.jpg; http://biimages.biodiversity.ku.edu/static/Ornithology/originals/sp65406218128962886979.att.jpg; http://biimages.biodiversity.ku.edu/static/Ornithology/originals/sp66899346449470384842.att.jpg; http://biimages.biodiversity.ku.edu/static/Ornithology/originals/sp68415890312509517036.att.jpg,k-western-south-america,2024-10-28 12:56:13
sp6344649084183327504.att_686324760_11.jpg,3060306,Croton schiedeanus,1.3419999999999999,"Pterophanes cyanopterus (Fraser, 1840)",2476159,-14.49,-69.28,,SOUTH_AMERICA,Puno,,,,2009-10-17,False,Unknown,Unknown,Unknown,University of Kansas Biodiversity Institute,http://biimages.biodiversity.ku.edu/static/Ornithology/originals/sp61626733926816885660.att.jpg; http://biimages.biodiversity.ku.edu/static/Ornithology/originals/sp61715954448373204069.att.jpg; http://biimages.biodiversity.ku.edu/static/Ornithology/originals/sp62129182613907506142.att.jpg; http://biimages.biodiversity.ku.edu/static/Ornithology/originals/sp62557253002261384035.att.jpg; http://biimages.biodiversity.ku.edu/static/Ornithology/originals/sp63348674516168654578.att.jpg; http://biimages.biodiversity.ku.edu/static/Ornithology/originals/sp63436007437984881181.att.jpg; http://biimages.biodiversity.ku.edu/static/Ornithology/originals/sp6344649084183327504.att.jpg; http://biimages.biodiversity.ku.edu/static/Ornithology/originals/sp64002865555547411022.att.jpg; http://biimages.biodiversity.ku.edu/static/Ornithology/originals/sp6417083203929123428.att.jpg; http://biimages.biodiversity.ku.edu/static/Ornithology/originals/sp64573086594088073268.att.jpg; http://biimages.biodiversity.ku.edu/static/Ornithology/originals/sp64628531420491622540.att.jpg; http://biimages.biodiversity.ku.edu/static/Ornithology/originals/sp65406218128962886979.att.jpg; http://biimages.biodiversity.ku.edu/static/Ornithology/originals/sp66899346449470384842.att.jpg; http://biimages.biodiversity.ku.edu/static/Ornithology/originals/sp68415890312509517036.att.jpg,k-western-south-america,2024-10-28 12:56:16
sp6344649084183327504.att_686324761_11.jpg,3060306,Croton schiedeanus,1.3419999999999999,"Pterophanes cyanopterus (Fraser, 1840)",2476159,-14.49,-69.28,,SOUTH_AMERICA,Puno,,,,2009-10-19,False,Unknown,Unknown,Unknown,University of Kansas Biodiversity Institute,http://biimages.biodiversity.ku.edu/static/Ornithology/originals/sp61626733926816885660.att.jpg; http://biimages.biodiversity.ku.edu/static/Ornithology/originals/sp61715954448373204069.att.jpg; http://biimages.biodiversity.ku.edu/static/Ornithology/originals/sp62129182613907506142.att.jpg; http://biimages.biodiversity.ku.edu/static/Ornithology/originals/sp62557253002261384035.att.jpg; http://biimages.biodiversity.ku.edu/static/Ornithology/originals/sp63348674516168654578.att.jpg; http://biimages.biodiversity.ku.edu/static/Ornithology/originals/sp63436007437984881181.att.jpg; http://biimages.biodiversity.ku.edu/static/Ornithology/originals/sp6344649084183327504.att.jpg; http://biimages.biodiversity.ku.edu/static/Ornithology/originals/sp64002865555547411022.att.jpg; http://biimages.biodiversity.ku.edu/static/Ornithology/originals/sp6417083203929123428.att.jpg; http://biimages.biodiversity.ku.edu/static/Ornithology/originals/sp64573086594088073268.att.jpg; http://biimages.biodiversity.ku.edu/static/Ornithology/originals/sp64628531420491622540.att.jpg; http://biimages.biodiversity.ku.edu/static/Ornithology/originals/sp65406218128962886979.att.jpg; http://biimages.biodiversity.ku.edu/static/Ornithology/originals/sp66899346449470384842.att.jpg; http://biimages.biodiversity.ku.edu/static/Ornithology/originals/sp68415890312509517036.att.jpg,k-western-south-america,2024-10-28 12:56:19
sp66540584023203009043.att_1309909835_7.JPG,3129190,Baccharis pentlandii,1.243,"Pterophanes cyanopterus (Fraser, 1840)",2476159,-11.488,-74.892,,SOUTH_AMERICA,Junin,,,,2008-09-24,False,Unknown,Unknown,Unknown,University of Kansas Biodiversity Institute,http://biimages.biodiversity.ku.edu/static/Ornithology/originals/sp61465840055057438447.att.JPG; http://biimages.biodiversity.ku.edu/static/Ornithology/originals/sp62059476339395366901.att.JPG; http://biimages.biodiversity.ku.edu/static/Ornithology/originals/sp63334170037227216876.att.JPG; http://biimages.biodiversity.ku.edu/static/Ornithology/originals/sp63829385032152434953.att.JPG; http://biimages.biodiversity.ku.edu/static/Ornithology/originals/sp64356487517386646178.att.JPG; http://biimages.biodiversity.ku.edu/static/Ornithology/originals/sp64676046303489089093.att.JPG; http://biimages.biodiversity.ku.edu/static/Ornithology/originals/sp64988049069603707729.att.JPG; http://biimages.biodiversity.ku.edu/static/Ornithology/originals/sp65139798431200072410.att.JPG; http://biimages.biodiversity.ku.edu/static/Ornithology/originals/sp65883967113483394703.att.JPG; http://biimages.biodiversity.ku.edu/static/Ornithology/originals/sp66540584023203009043.att.JPG; http://biimages.biodiversity.ku.edu/static/Ornithology/originals/sp67234075870073438108.att.JPG; http://biimages.biodiversity.ku.edu/static/Ornithology/originals/sp67866984183896401930.att.JPG; http://biimages.biodiversity.ku.edu/static/Ornithology/originals/sp68311872706785342714.att.JPG; http://biimages.biodiversity.ku.edu/static/Ornithology/originals/sp68390697493583268299.att.JPG; http://biimages.biodiversity.ku.edu/static/Ornithology/originals/sp68616866396359821608.att.JPG,k-western-south-america,2024-10-28 12:57:36
sp66540584023203009043.att_1309909906_7.JPG,3129190,Baccharis pentlandii,1.243,"Pterophanes cyanopterus (Fraser, 1840)",2476159,-11.531,-74.943,,SOUTH_AMERICA,Junin,,,,2008-09-27,False,Unknown,Unknown,Unknown,University of Kansas Biodiversity Institute,http://biimages.biodiversity.ku.edu/static/Ornithology/originals/sp61465840055057438447.att.JPG; http://biimages.biodiversity.ku.edu/static/Ornithology/originals/sp62059476339395366901.att.JPG; http://biimages.biodiversity.ku.edu/static/Ornithology/originals/sp63334170037227216876.att.JPG; http://biimages.biodiversity.ku.edu/static/Ornithology/originals/sp63829385032152434953.att.JPG; http://biimages.biodiversity.ku.edu/static/Ornithology/originals/sp64356487517386646178.att.JPG; http://biimages.biodiversity.ku.edu/static/Ornithology/originals/sp64676046303489089093.att.JPG; http://biimages.biodiversity.ku.edu/static/Ornithology/originals/sp64988049069603707729.att.JPG; http://biimages.biodiversity.ku.edu/static/Ornithology/originals/sp65139798431200072410.att.JPG; http://biimages.biodiversity.ku.edu/static/Ornithology/originals/sp65883967113483394703.att.JPG; http://biimages.biodiversity.ku.edu/static/Ornithology/originals/sp66540584023203009043.att.JPG; http://biimages.biodiversity.ku.edu/static/Ornithology/originals/sp67234075870073438108.att.JPG; http://biimages.biodiversity.ku.edu/static/Ornithology/originals/sp67866984183896401930.att.JPG; http://biimages.biodiversity.ku.edu/static/Ornithology/originals/sp68311872706785342714.att.JPG; http://biimages.biodiversity.ku.edu/static/Ornithology/originals/sp68390697493583268299.att.JPG; http://biimages.biodiversity.ku.edu/static/Ornithology/originals/sp68616866396359821608.att.JPG,k-western-south-america,2024-10-28 12:57:38
sp66540584023203009043.att_686323092_7.JPG,3129190,Baccharis pentlandii,1.243,"Pterophanes cyanopterus (Fraser, 1840)",2476159,-11.531,-74.943,,SOUTH_AMERICA,Junin,,,,2008-09-25,False,Unknown,Unknown,Unknown,University of Kansas Biodiversity Institute,http://biimages.biodiversity.ku.edu/static/Ornithology/originals/sp61465840055057438447.att.JPG; http://biimages.biodiversity.ku.edu/static/Ornithology/originals/sp62059476339395366901.att.JPG; http://biimages.biodiversity.ku.edu/static/Ornithology/originals/sp63334170037227216876.att.JPG; http://biimages.biodiversity.ku.edu/static/Ornithology/originals/sp63829385032152434953.att.JPG; http://biimages.biodiversity.ku.edu/static/Ornithology/originals/sp64356487517386646178.att.JPG; http://biimages.biodiversity.ku.edu/static/Ornithology/originals/sp64676046303489089093.att.JPG; http://biimages.biodiversity.ku.edu/static/Ornithology/originals/sp64988049069603707729.att.JPG; http://biimages.biodiversity.ku.edu/static/Ornithology/originals/sp65139798431200072410.att.JPG; http://biimages.biodiversity.ku.edu/static/Ornithology/originals/sp65883967113483394703.att.JPG; http://biimages.biodiversity.ku.edu/static/Ornithology/originals/sp66540584023203009043.att.JPG; http://biimages.biodiversity.ku.edu/static/Ornithology/originals/sp67234075870073438108.att.JPG; http://biimages.biodiversity.ku.edu/static/Ornithology/originals/sp67866984183896401930.att.JPG; http://biimages.biodiversity.ku.edu/static/Ornithology/originals/sp68311872706785342714.att.JPG; http://biimages.biodiversity.ku.edu/static/Ornithology/originals/sp68390697493583268299.att.JPG; http://biimages.biodiversity.ku.edu/static/Ornithology/originals/sp68616866396359821608.att.JPG,k-western-south-america,2024-10-28 12:57:40
sp66540584023203009043.att_686323094_7.JPG,3129190,Baccharis pentlandii,1.243,"Pterophanes cyanopterus (Fraser, 1840)",2476159,-11.488,-74.892,,SOUTH_AMERICA,Junin,,,,2008-10-01,False,Unknown,Unknown,Unknown,University of Kansas Biodiversity Institute,http://biimages.biodiversity.ku.edu/static/Ornithology/originals/sp61465840055057438447.att.JPG; http://biimages.biodiversity.ku.edu/static/Ornithology/originals/sp62059476339395366901.att.JPG; http://biimages.biodiversity.ku.edu/static/Ornithology/originals/sp63334170037227216876.att.JPG; http://biimages.biodiversity.ku.edu/static/Ornithology/originals/sp63829385032152434953.att.JPG; http://biimages.biodiversity.ku.edu/static/Ornithology/originals/sp64356487517386646178.att.JPG; http://biimages.biodiversity.ku.edu/static/Ornithology/originals/sp64676046303489089093.att.JPG; http://biimages.biodiversity.ku.edu/static/Ornithology/originals/sp64988049069603707729.att.JPG; http://biimages.biodiversity.ku.edu/static/Ornithology/originals/sp65139798431200072410.att.JPG; http://biimages.biodiversity.ku.edu/static/Ornithology/originals/sp65883967113483394703.att.JPG; http://biimages.biodiversity.ku.edu/static/Ornithology/originals/sp66540584023203009043.att.JPG; http://biimages.biodiversity.ku.edu/static/Ornithology/originals/sp67234075870073438108.att.JPG; http://biimages.biodiversity.ku.edu/static/Ornithology/originals/sp67866984183896401930.att.JPG; http://biimages.biodiversity.ku.edu/static/Ornithology/originals/sp68311872706785342714.att.JPG; http://biimages.biodiversity.ku.edu/static/Ornithology/originals/sp68390697493583268299.att.JPG; http://biimages.biodiversity.ku.edu/static/Ornithology/originals/sp68616866396359821608.att.JPG,k-western-south-america,2024-10-28 12:57:42
sp67234075870073438108.att_1309909835_15.JPG,3129190,Baccharis pentlandii,1.243,"Pterophanes cyanopterus (Fraser, 1840)",2476159,-11.488,-74.892,,SOUTH_AMERICA,Junin,,,,2008-09-24,False,Unknown,Unknown,Unknown,University of Kansas Biodiversity Institute,http://biimages.biodiversity.ku.edu/static/Ornithology/originals/sp61465840055057438447.att.JPG; http://biimages.biodiversity.ku.edu/static/Ornithology/originals/sp62059476339395366901.att.JPG; http://biimages.biodiversity.ku.edu/static/Ornithology/originals/sp63334170037227216876.att.JPG; http://biimages.biodiversity.ku.edu/static/Ornithology/originals/sp63829385032152434953.att.JPG; http://biimages.biodiversity.ku.edu/static/Ornithology/originals/sp64356487517386646178.att.JPG; http://biimages.biodiversity.ku.edu/static/Ornithology/originals/sp64676046303489089093.att.JPG; http://biimages.biodiversity.ku.edu/static/Ornithology/originals/sp64988049069603707729.att.JPG; http://biimages.biodiversity.ku.edu/static/Ornithology/originals/sp65139798431200072410.att.JPG; http://biimages.biodiversity.ku.edu/static/Ornithology/originals/sp65883967113483394703.att.JPG; http://biimages.biodiversity.ku.edu/static/Ornithology/originals/sp66540584023203009043.att.JPG; http://biimages.biodiversity.ku.edu/static/Ornithology/originals/sp67234075870073438108.att.JPG; http://biimages.biodiversity.ku.edu/static/Ornithology/originals/sp67866984183896401930.att.JPG; http://biimages.biodiversity.ku.edu/static/Ornithology/originals/sp68311872706785342714.att.JPG; http://biimages.biodiversity.ku.edu/static/Ornithology/originals/sp68390697493583268299.att.JPG; http://biimages.biodiversity.ku.edu/static/Ornithology/originals/sp68616866396359821608.att.JPG,k-western-south-america,2024-10-28 12:57:49
sp67234075870073438108.att_1309909906_15.JPG,3129190,Baccharis pentlandii,1.243,"Pterophanes cyanopterus (Fraser, 1840)",2476159,-11.531,-74.943,,SOUTH_AMERICA,Junin,,,,2008-09-27,False,Unknown,Unknown,Unknown,University of Kansas Biodiversity Institute,http://biimages.biodiversity.ku.edu/static/Ornithology/originals/sp61465840055057438447.att.JPG; http://biimages.biodiversity.ku.edu/static/Ornithology/originals/sp62059476339395366901.att.JPG; http://biimages.biodiversity.ku.edu/static/Ornithology/originals/sp63334170037227216876.att.JPG; http://biimages.biodiversity.ku.edu/static/Ornithology/originals/sp63829385032152434953.att.JPG; http://biimages.biodiversity.ku.edu/static/Ornithology/originals/sp64356487517386646178.att.JPG; http://biimages.biodiversity.ku.edu/static/Ornithology/originals/sp64676046303489089093.att.JPG; http://biimages.biodiversity.ku.edu/static/Ornithology/originals/sp64988049069603707729.att.JPG; http://biimages.biodiversity.ku.edu/static/Ornithology/originals/sp65139798431200072410.att.JPG; http://biimages.biodiversity.ku.edu/static/Ornithology/originals/sp65883967113483394703.att.JPG; http://biimages.biodiversity.ku.edu/static/Ornithology/originals/sp66540584023203009043.att.JPG; http://biimages.biodiversity.ku.edu/static/Ornithology/originals/sp67234075870073438108.att.JPG; http://biimages.biodiversity.ku.edu/static/Ornithology/originals/sp67866984183896401930.att.JPG; http://biimages.biodiversity.ku.edu/static/Ornithology/originals/sp68311872706785342714.att.JPG; http://biimages.biodiversity.ku.edu/static/Ornithology/originals/sp68390697493583268299.att.JPG; http://biimages.biodiversity.ku.edu/static/Ornithology/originals/sp68616866396359821608.att.JPG,k-western-south-america,2024-10-28 12:57:51
sp67234075870073438108.att_686323092_15.JPG,3129190,Baccharis pentlandii,1.243,"Pterophanes cyanopterus (Fraser, 1840)",2476159,-11.531,-74.943,,SOUTH_AMERICA,Junin,,,,2008-09-25,False,Unknown,Unknown,Unknown,University of Kansas Biodiversity Institute,http://biimages.biodiversity.ku.edu/static/Ornithology/originals/sp61465840055057438447.att.JPG; http://biimages.biodiversity.ku.edu/static/Ornithology/originals/sp62059476339395366901.att.JPG; http://biimages.biodiversity.ku.edu/static/Ornithology/originals/sp63334170037227216876.att.JPG; http://biimages.biodiversity.ku.edu/static/Ornithology/originals/sp63829385032152434953.att.JPG; http://biimages.biodiversity.ku.edu/static/Ornithology/originals/sp64356487517386646178.att.JPG; http://biimages.biodiversity.ku.edu/static/Ornithology/originals/sp64676046303489089093.att.JPG; http://biimages.biodiversity.ku.edu/static/Ornithology/originals/sp64988049069603707729.att.JPG; http://biimages.biodiversity.ku.edu/static/Ornithology/originals/sp65139798431200072410.att.JPG; http://biimages.biodiversity.ku.edu/static/Ornithology/originals/sp65883967113483394703.att.JPG; http://biimages.biodiversity.ku.edu/static/Ornithology/originals/sp66540584023203009043.att.JPG; http://biimages.biodiversity.ku.edu/static/Ornithology/originals/sp67234075870073438108.att.JPG; http://biimages.biodiversity.ku.edu/static/Ornithology/originals/sp67866984183896401930.att.JPG; http://biimages.biodiversity.ku.edu/static/Ornithology/originals/sp68311872706785342714.att.JPG; http://biimages.biodiversity.ku.edu/static/Ornithology/originals/sp68390697493583268299.att.JPG; http://biimages.biodiversity.ku.edu/static/Ornithology/originals/sp68616866396359821608.att.JPG,k-western-south-america,2024-10-28 12:57:53
sp67234075870073438108.att_686323094_15.JPG,3129190,Baccharis pentlandii,1.243,"Pterophanes cyanopterus (Fraser, 1840)",2476159,-11.488,-74.892,,SOUTH_AMERICA,Junin,,,,2008-10-01,False,Unknown,Unknown,Unknown,University of Kansas Biodiversity Institute,http://biimages.biodiversity.ku.edu/static/Ornithology/originals/sp61465840055057438447.att.JPG; http://biimages.biodiversity.ku.edu/static/Ornithology/originals/sp62059476339395366901.att.JPG; http://biimages.biodiversity.ku.edu/static/Ornithology/originals/sp63334170037227216876.att.JPG; http://biimages.biodiversity.ku.edu/static/Ornithology/originals/sp63829385032152434953.att.JPG; http://biimages.biodiversity.ku.edu/static/Ornithology/originals/sp64356487517386646178.att.JPG; http://biimages.biodiversity.ku.edu/static/Ornithology/originals/sp64676046303489089093.att.JPG; http://biimages.biodiversity.ku.edu/static/Ornithology/originals/sp64988049069603707729.att.JPG; http://biimages.biodiversity.ku.edu/static/Ornithology/originals/sp65139798431200072410.att.JPG; http://biimages.biodiversity.ku.edu/static/Ornithology/originals/sp65883967113483394703.att.JPG; http://biimages.biodiversity.ku.edu/static/Ornithology/originals/sp66540584023203009043.att.JPG; http://biimages.biodiversity.ku.edu/static/Ornithology/originals/sp67234075870073438108.att.JPG; http://biimages.biodiversity.ku.edu/static/Ornithology/originals/sp67866984183896401930.att.JPG; http://biimages.biodiversity.ku.edu/static/Ornithology/originals/sp68311872706785342714.att.JPG; http://biimages.biodiversity.ku.edu/static/Ornithology/originals/sp68390697493583268299.att.JPG; http://biimages.biodiversity.ku.edu/static/Ornithology/originals/sp68616866396359821608.att.JPG,k-western-south-america,2024-10-28 12:57:55
