imageFileName,gbifIDPlant,speciesPlant,scorePlant,scientificNameBird,gbifIDBird,decimalLatitude,decimalLongitude,coordinateUncertaintyInMeters,continent,stateProvince,year,month,day,eventDate,dateFieldsValid,creator,publisher,license,rightsHolder,identifier,projectID,identificationDateTime
original_1836598532_1.jpeg,2876167,Alnus jorullensis,8.638,"Lampornis sybillae (Salvin & Godman, 1892)",2476755,12.998202,-85.908451,244.0,NORTH_AMERICA,Matagalpa,2016,9,18,2016-09-18T08:34,True,nickbol,iNaturalist,http://creativecommons.org/licenses/by-nc/4.0/,nickbol,https://inaturalist-open-data.s3.amazonaws.com/photos/13993958/original.jpeg; https://inaturalist-open-data.s3.amazonaws.com/photos/13993987/original.jpeg; https://inaturalist-open-data.s3.amazonaws.com/photos/13993993/original.jpeg; https://inaturalist-open-data.s3.amazonaws.com/photos/13994015/original.jpeg; https://inaturalist-open-data.s3.amazonaws.com/photos/13994026/original.jpeg; https://inaturalist-open-data.s3.amazonaws.com/photos/13994034/original.jpeg,k-central-america,2024-10-28 15:37:36
original_1836598532_1.jpeg,2876167,Alnus jorullensis,8.638,"Lampornis sybillae (Salvin & Godman, 1892)",2476755,12.998202,-85.908451,244.0,NORTH_AMERICA,Matagalpa,2016,9,18,2016-09-18T08:34,True,nickbol,iNaturalist,http://creativecommons.org/licenses/by-nc/4.0/,nickbol,https://inaturalist-open-data.s3.amazonaws.com/photos/13993958/original.jpeg; https://inaturalist-open-data.s3.amazonaws.com/photos/13993987/original.jpeg; https://inaturalist-open-data.s3.amazonaws.com/photos/13993993/original.jpeg; https://inaturalist-open-data.s3.amazonaws.com/photos/13994015/original.jpeg; https://inaturalist-open-data.s3.amazonaws.com/photos/13994026/original.jpeg; https://inaturalist-open-data.s3.amazonaws.com/photos/13994034/original.jpeg,k-central-america,2024-10-28 15:37:37
original_1836598532_2.jpeg,3866980,Miconia elata,0.729,"Lampornis sybillae (Salvin & Godman, 1892)",2476755,12.998202,-85.908451,244.0,NORTH_AMERICA,Matagalpa,2016,9,18,2016-09-18T08:34,True,nickbol,iNaturalist,http://creativecommons.org/licenses/by-nc/4.0/,nickbol,https://inaturalist-open-data.s3.amazonaws.com/photos/13993958/original.jpeg; https://inaturalist-open-data.s3.amazonaws.com/photos/13993987/original.jpeg; https://inaturalist-open-data.s3.amazonaws.com/photos/13993993/original.jpeg; https://inaturalist-open-data.s3.amazonaws.com/photos/13994015/original.jpeg; https://inaturalist-open-data.s3.amazonaws.com/photos/13994026/original.jpeg; https://inaturalist-open-data.s3.amazonaws.com/photos/13994034/original.jpeg,k-central-america,2024-10-28 15:37:39
original_1836598532_2.jpeg,3866980,Miconia elata,0.729,"Lampornis sybillae (Salvin & Godman, 1892)",2476755,12.998202,-85.908451,244.0,NORTH_AMERICA,Matagalpa,2016,9,18,2016-09-18T08:34,True,nickbol,iNaturalist,http://creativecommons.org/licenses/by-nc/4.0/,nickbol,https://inaturalist-open-data.s3.amazonaws.com/photos/13993958/original.jpeg; https://inaturalist-open-data.s3.amazonaws.com/photos/13993987/original.jpeg; https://inaturalist-open-data.s3.amazonaws.com/photos/13993993/original.jpeg; https://inaturalist-open-data.s3.amazonaws.com/photos/13994015/original.jpeg; https://inaturalist-open-data.s3.amazonaws.com/photos/13994026/original.jpeg; https://inaturalist-open-data.s3.amazonaws.com/photos/13994034/original.jpeg,k-central-america,2024-10-28 15:37:40
original_2005278590_1.jpeg,2792457,Polystachya concreta,29.613,"Lampornis sybillae (Salvin & Godman, 1892)",2476755,14.030407,-87.071597,132.0,NORTH_AMERICA,Francisco Morazán,2019,1,29,2019-01-29T11:19:59,True,Ulises Ernesto Soriano,iNaturalist,http://creativecommons.org/licenses/by-nc/4.0/,Ulises Ernesto Soriano,https://inaturalist-open-data.s3.amazonaws.com/photos/30789045/original.jpeg; https://inaturalist-open-data.s3.amazonaws.com/photos/30789052/original.jpeg; https://inaturalist-open-data.s3.amazonaws.com/photos/30789057/original.jpeg,k-central-america,2024-10-28 15:37:52
original_2005278590_1.jpeg,2792457,Polystachya concreta,29.613,"Lampornis sybillae (Salvin & Godman, 1892)",2476755,14.030407,-87.071597,132.0,NORTH_AMERICA,Francisco Morazán,2019,1,29,2019-01-29T11:19:59,True,Ulises Ernesto Soriano,iNaturalist,http://creativecommons.org/licenses/by-nc/4.0/,Ulises Ernesto Soriano,https://inaturalist-open-data.s3.amazonaws.com/photos/30789045/original.jpeg; https://inaturalist-open-data.s3.amazonaws.com/photos/30789052/original.jpeg; https://inaturalist-open-data.s3.amazonaws.com/photos/30789057/original.jpeg,k-central-america,2024-10-28 15:37:52
original_2005278590_2.jpeg,2928790,Cestrum aurantiacum,2.075,"Lampornis sybillae (Salvin & Godman, 1892)",2476755,14.030407,-87.071597,132.0,NORTH_AMERICA,Francisco Morazán,2019,1,29,2019-01-29T11:19:59,True,Ulises Ernesto Soriano,iNaturalist,http://creativecommons.org/licenses/by-nc/4.0/,Ulises Ernesto Soriano,https://inaturalist-open-data.s3.amazonaws.com/photos/30789045/original.jpeg; https://inaturalist-open-data.s3.amazonaws.com/photos/30789052/original.jpeg; https://inaturalist-open-data.s3.amazonaws.com/photos/30789057/original.jpeg,k-central-america,2024-10-28 15:37:54
original_2005278590_2.jpeg,2928790,Cestrum aurantiacum,2.075,"Lampornis sybillae (Salvin & Godman, 1892)",2476755,14.030407,-87.071597,132.0,NORTH_AMERICA,Francisco Morazán,2019,1,29,2019-01-29T11:19:59,True,Ulises Ernesto Soriano,iNaturalist,http://creativecommons.org/licenses/by-nc/4.0/,Ulises Ernesto Soriano,https://inaturalist-open-data.s3.amazonaws.com/photos/30789045/original.jpeg; https://inaturalist-open-data.s3.amazonaws.com/photos/30789052/original.jpeg; https://inaturalist-open-data.s3.amazonaws.com/photos/30789057/original.jpeg,k-central-america,2024-10-28 15:37:55
original_2005278590_3.jpeg,5372391,Vitis tiliifolia,5.492,"Lampornis sybillae (Salvin & Godman, 1892)",2476755,14.030407,-87.071597,132.0,NORTH_AMERICA,Francisco Morazán,2019,1,29,2019-01-29T11:19:59,True,Ulises Ernesto Soriano,iNaturalist,http://creativecommons.org/licenses/by-nc/4.0/,Ulises Ernesto Soriano,https://inaturalist-open-data.s3.amazonaws.com/photos/30789045/original.jpeg; https://inaturalist-open-data.s3.amazonaws.com/photos/30789052/original.jpeg; https://inaturalist-open-data.s3.amazonaws.com/photos/30789057/original.jpeg,k-central-america,2024-10-28 15:37:57
original_2005278590_3.jpeg,5372391,Vitis tiliifolia,5.492,"Lampornis sybillae (Salvin & Godman, 1892)",2476755,14.030407,-87.071597,132.0,NORTH_AMERICA,Francisco Morazán,2019,1,29,2019-01-29T11:19:59,True,Ulises Ernesto Soriano,iNaturalist,http://creativecommons.org/licenses/by-nc/4.0/,Ulises Ernesto Soriano,https://inaturalist-open-data.s3.amazonaws.com/photos/30789045/original.jpeg; https://inaturalist-open-data.s3.amazonaws.com/photos/30789052/original.jpeg; https://inaturalist-open-data.s3.amazonaws.com/photos/30789057/original.jpeg,k-central-america,2024-10-28 15:37:57
original_2265786203_1.jpg,3860494,Henriettea succosa,1.49,"Lampornis sybillae (Salvin & Godman, 1892)",2476755,13.16833,-85.860926,31.0,NORTH_AMERICA,Jinotega,2014,6,20,2014-06-20T05:45,True,marvtorrez,iNaturalist,http://creativecommons.org/licenses/by-nc/4.0/,marvtorrez,https://inaturalist-open-data.s3.amazonaws.com/photos/35747881/original.jpg,k-central-america,2024-10-28 15:37:59
original_2265786203_1.jpg,3860494,Henriettea succosa,1.49,"Lampornis sybillae (Salvin & Godman, 1892)",2476755,13.16833,-85.860926,31.0,NORTH_AMERICA,Jinotega,2014,6,20,2014-06-20T05:45,True,marvtorrez,iNaturalist,http://creativecommons.org/licenses/by-nc/4.0/,marvtorrez,https://inaturalist-open-data.s3.amazonaws.com/photos/35747881/original.jpg,k-central-america,2024-10-28 15:37:59
original_2609154511_1.jpeg,2951571,Mucuna sloanei,2.4570000000000003,"Lampornis sybillae (Salvin & Godman, 1892)",2476755,14.20564,-87.122315,31.0,NORTH_AMERICA,Francisco Morazán,2014,9,28,2014-09-28T08:17,True,Eric van den Berghe,iNaturalist,http://creativecommons.org/licenses/by-nc/4.0/,Eric van den Berghe,https://inaturalist-open-data.s3.amazonaws.com/photos/66476232/original.jpeg; https://inaturalist-open-data.s3.amazonaws.com/photos/66476237/original.jpeg,k-central-america,2024-10-28 15:38:06
original_2609154511_1.jpeg,2951571,Mucuna sloanei,2.4570000000000003,"Lampornis sybillae (Salvin & Godman, 1892)",2476755,14.20564,-87.122315,31.0,NORTH_AMERICA,Francisco Morazán,2014,9,28,2014-09-28T08:17,True,Eric van den Berghe,iNaturalist,http://creativecommons.org/licenses/by-nc/4.0/,Eric van den Berghe,https://inaturalist-open-data.s3.amazonaws.com/photos/66476232/original.jpeg; https://inaturalist-open-data.s3.amazonaws.com/photos/66476237/original.jpeg,k-central-america,2024-10-28 15:38:07
original_2609154511_2.jpeg,5331147,Casearia decandra,3.789,"Lampornis sybillae (Salvin & Godman, 1892)",2476755,14.20564,-87.122315,31.0,NORTH_AMERICA,Francisco Morazán,2014,9,28,2014-09-28T08:17,True,Eric van den Berghe,iNaturalist,http://creativecommons.org/licenses/by-nc/4.0/,Eric van den Berghe,https://inaturalist-open-data.s3.amazonaws.com/photos/66476232/original.jpeg; https://inaturalist-open-data.s3.amazonaws.com/photos/66476237/original.jpeg,k-central-america,2024-10-28 15:38:09
original_2609154511_2.jpeg,5331147,Casearia decandra,3.789,"Lampornis sybillae (Salvin & Godman, 1892)",2476755,14.20564,-87.122315,31.0,NORTH_AMERICA,Francisco Morazán,2014,9,28,2014-09-28T08:17,True,Eric van den Berghe,iNaturalist,http://creativecommons.org/licenses/by-nc/4.0/,Eric van den Berghe,https://inaturalist-open-data.s3.amazonaws.com/photos/66476232/original.jpeg; https://inaturalist-open-data.s3.amazonaws.com/photos/66476237/original.jpeg,k-central-america,2024-10-28 15:38:09
original_2802599786_1.jpeg,2792457,Polystachya concreta,1.443,"Lampornis sybillae (Salvin & Godman, 1892)",2476755,14.030317,-87.072657,,NORTH_AMERICA,Francisco Morazán,2020,6,11,2020-06-11T16:28,True,Josiah Townsend,iNaturalist,http://creativecommons.org/licenses/by-nc-nd/4.0/,Josiah Townsend,https://inaturalist-open-data.s3.amazonaws.com/photos/78249573/original.jpeg; https://inaturalist-open-data.s3.amazonaws.com/photos/78249723/original.jpeg; https://inaturalist-open-data.s3.amazonaws.com/photos/78249863/original.jpeg,k-central-america,2024-10-28 15:38:20
original_2802599786_1.jpeg,2792457,Polystachya concreta,1.443,"Lampornis sybillae (Salvin & Godman, 1892)",2476755,14.030317,-87.072657,,NORTH_AMERICA,Francisco Morazán,2020,6,11,2020-06-11T16:28,True,Josiah Townsend,iNaturalist,http://creativecommons.org/licenses/by-nc-nd/4.0/,Josiah Townsend,https://inaturalist-open-data.s3.amazonaws.com/photos/78249573/original.jpeg; https://inaturalist-open-data.s3.amazonaws.com/photos/78249723/original.jpeg; https://inaturalist-open-data.s3.amazonaws.com/photos/78249863/original.jpeg,k-central-america,2024-10-28 15:38:20
original_2802599786_2.jpeg,2760766,Heliconia hirsuta,1.172,"Lampornis sybillae (Salvin & Godman, 1892)",2476755,14.030317,-87.072657,,NORTH_AMERICA,Francisco Morazán,2020,6,11,2020-06-11T16:28,True,Josiah Townsend,iNaturalist,http://creativecommons.org/licenses/by-nc-nd/4.0/,Josiah Townsend,https://inaturalist-open-data.s3.amazonaws.com/photos/78249573/original.jpeg; https://inaturalist-open-data.s3.amazonaws.com/photos/78249723/original.jpeg; https://inaturalist-open-data.s3.amazonaws.com/photos/78249863/original.jpeg,k-central-america,2024-10-28 15:38:22
original_2802599786_2.jpeg,2760766,Heliconia hirsuta,1.172,"Lampornis sybillae (Salvin & Godman, 1892)",2476755,14.030317,-87.072657,,NORTH_AMERICA,Francisco Morazán,2020,6,11,2020-06-11T16:28,True,Josiah Townsend,iNaturalist,http://creativecommons.org/licenses/by-nc-nd/4.0/,Josiah Townsend,https://inaturalist-open-data.s3.amazonaws.com/photos/78249573/original.jpeg; https://inaturalist-open-data.s3.amazonaws.com/photos/78249723/original.jpeg; https://inaturalist-open-data.s3.amazonaws.com/photos/78249863/original.jpeg,k-central-america,2024-10-28 15:38:22
original_2802599786_3.jpeg,2951571,Mucuna sloanei,10.338,"Lampornis sybillae (Salvin & Godman, 1892)",2476755,14.030317,-87.072657,,NORTH_AMERICA,Francisco Morazán,2020,6,11,2020-06-11T16:28,True,Josiah Townsend,iNaturalist,http://creativecommons.org/licenses/by-nc-nd/4.0/,Josiah Townsend,https://inaturalist-open-data.s3.amazonaws.com/photos/78249573/original.jpeg; https://inaturalist-open-data.s3.amazonaws.com/photos/78249723/original.jpeg; https://inaturalist-open-data.s3.amazonaws.com/photos/78249863/original.jpeg,k-central-america,2024-10-28 15:38:25
original_2802599786_3.jpeg,2951571,Mucuna sloanei,10.338,"Lampornis sybillae (Salvin & Godman, 1892)",2476755,14.030317,-87.072657,,NORTH_AMERICA,Francisco Morazán,2020,6,11,2020-06-11T16:28,True,Josiah Townsend,iNaturalist,http://creativecommons.org/licenses/by-nc-nd/4.0/,Josiah Townsend,https://inaturalist-open-data.s3.amazonaws.com/photos/78249573/original.jpeg; https://inaturalist-open-data.s3.amazonaws.com/photos/78249723/original.jpeg; https://inaturalist-open-data.s3.amazonaws.com/photos/78249863/original.jpeg,k-central-america,2024-10-28 15:38:25
original_2813947514_1.jpeg,3172589,Amphilophium paniculatum,7.324,"Lampornis sybillae (Salvin & Godman, 1892)",2476755,14.033534,-87.075041,8.0,NORTH_AMERICA,Francisco Morazán,2016,2,9,2016-02-09T07:36,True,Eric van den Berghe,iNaturalist,http://creativecommons.org/licenses/by-nc/4.0/,Eric van den Berghe,https://inaturalist-open-data.s3.amazonaws.com/photos/65375049/original.jpeg,k-central-america,2024-10-28 15:38:28
original_2813947514_1.jpeg,3172589,Amphilophium paniculatum,7.324,"Lampornis sybillae (Salvin & Godman, 1892)",2476755,14.033534,-87.075041,8.0,NORTH_AMERICA,Francisco Morazán,2016,2,9,2016-02-09T07:36,True,Eric van den Berghe,iNaturalist,http://creativecommons.org/licenses/by-nc/4.0/,Eric van den Berghe,https://inaturalist-open-data.s3.amazonaws.com/photos/65375049/original.jpeg,k-central-america,2024-10-28 15:38:28
original_3013884518_1.jpeg,7297130,Stachytarpheta frantzii,77.081,"Lampornis sybillae (Salvin & Godman, 1892)",2476755,13.238619,-86.053816,378.0,NORTH_AMERICA,Jinotega,2016,1,5,2016-01-05T14:33,True,Josiah Townsend,iNaturalist,http://creativecommons.org/licenses/by-nc-nd/4.0/,Josiah Townsend,https://inaturalist-open-data.s3.amazonaws.com/photos/100085664/original.jpeg,k-central-america,2024-10-28 15:38:33
original_3013884518_1.jpeg,7297130,Stachytarpheta frantzii,77.081,"Lampornis sybillae (Salvin & Godman, 1892)",2476755,13.238619,-86.053816,378.0,NORTH_AMERICA,Jinotega,2016,1,5,2016-01-05T14:33,True,Josiah Townsend,iNaturalist,http://creativecommons.org/licenses/by-nc-nd/4.0/,Josiah Townsend,https://inaturalist-open-data.s3.amazonaws.com/photos/100085664/original.jpeg,k-central-america,2024-10-28 15:38:33
original_3090767874_1.jpeg,7297130,Stachytarpheta frantzii,84.147,"Lampornis sybillae (Salvin & Godman, 1892)",2476755,13.238619,-86.053816,378.0,NORTH_AMERICA,Jinotega,2016,1,5,2016-01-05T14:28,True,Josiah Townsend,iNaturalist,http://creativecommons.org/licenses/by-nc-nd/4.0/,Josiah Townsend,https://inaturalist-open-data.s3.amazonaws.com/photos/100085665/original.jpeg; https://inaturalist-open-data.s3.amazonaws.com/photos/100085670/original.jpeg,k-central-america,2024-10-28 15:38:35
original_3090767874_1.jpeg,7297130,Stachytarpheta frantzii,84.147,"Lampornis sybillae (Salvin & Godman, 1892)",2476755,13.238619,-86.053816,378.0,NORTH_AMERICA,Jinotega,2016,1,5,2016-01-05T14:28,True,Josiah Townsend,iNaturalist,http://creativecommons.org/licenses/by-nc-nd/4.0/,Josiah Townsend,https://inaturalist-open-data.s3.amazonaws.com/photos/100085665/original.jpeg; https://inaturalist-open-data.s3.amazonaws.com/photos/100085670/original.jpeg,k-central-america,2024-10-28 15:38:35
original_3090767874_2.jpeg,7297130,Stachytarpheta frantzii,82.307,"Lampornis sybillae (Salvin & Godman, 1892)",2476755,13.238619,-86.053816,378.0,NORTH_AMERICA,Jinotega,2016,1,5,2016-01-05T14:28,True,Josiah Townsend,iNaturalist,http://creativecommons.org/licenses/by-nc-nd/4.0/,Josiah Townsend,https://inaturalist-open-data.s3.amazonaws.com/photos/100085665/original.jpeg; https://inaturalist-open-data.s3.amazonaws.com/photos/100085670/original.jpeg,k-central-america,2024-10-28 15:38:37
original_3090767874_2.jpeg,7297130,Stachytarpheta frantzii,82.307,"Lampornis sybillae (Salvin & Godman, 1892)",2476755,13.238619,-86.053816,378.0,NORTH_AMERICA,Jinotega,2016,1,5,2016-01-05T14:28,True,Josiah Townsend,iNaturalist,http://creativecommons.org/licenses/by-nc-nd/4.0/,Josiah Townsend,https://inaturalist-open-data.s3.amazonaws.com/photos/100085665/original.jpeg; https://inaturalist-open-data.s3.amazonaws.com/photos/100085670/original.jpeg,k-central-america,2024-10-28 15:38:38
original_3384659235_1.jpeg,3152052,Apeiba tibourbou,1.926,"Lampornis sybillae (Salvin & Godman, 1892)",2476755,14.180249,-87.024129,,NORTH_AMERICA,Francisco Morazán,2021,8,12,2021-08-12T07:33,True,Christopher Lindsey,iNaturalist,http://creativecommons.org/licenses/by-nc/4.0/,Christopher Lindsey,https://inaturalist-open-data.s3.amazonaws.com/photos/155292168/original.jpeg,k-central-america,2024-10-28 15:38:40
original_3384659235_1.jpeg,3152052,Apeiba tibourbou,1.926,"Lampornis sybillae (Salvin & Godman, 1892)",2476755,14.180249,-87.024129,,NORTH_AMERICA,Francisco Morazán,2021,8,12,2021-08-12T07:33,True,Christopher Lindsey,iNaturalist,http://creativecommons.org/licenses/by-nc/4.0/,Christopher Lindsey,https://inaturalist-open-data.s3.amazonaws.com/photos/155292168/original.jpeg,k-central-america,2024-10-28 15:38:41
original_3391328945_1.jpeg,5415476,Melaleuca viminalis,23.538999999999998,"Lampornis sybillae (Salvin & Godman, 1892)",2476755,14.034335,-87.075155,4.0,NORTH_AMERICA,Francisco Morazán,2015,3,15,2015-03-15T06:54,True,maryury,iNaturalist,http://creativecommons.org/publicdomain/zero/1.0/,maryury,https://inaturalist-open-data.s3.amazonaws.com/photos/162820322/original.jpeg,k-central-america,2024-10-28 15:38:42
original_3391328945_1.jpeg,5415476,Melaleuca viminalis,23.538999999999998,"Lampornis sybillae (Salvin & Godman, 1892)",2476755,14.034335,-87.075155,4.0,NORTH_AMERICA,Francisco Morazán,2015,3,15,2015-03-15T06:54,True,maryury,iNaturalist,http://creativecommons.org/publicdomain/zero/1.0/,maryury,https://inaturalist-open-data.s3.amazonaws.com/photos/162820322/original.jpeg,k-central-america,2024-10-28 15:38:42
original_3415501986_1.jpeg,8358388,Aristolochia trilobata,4.165,"Lampornis sybillae (Salvin & Godman, 1892)",2476755,14.034369,-87.075053,15.0,NORTH_AMERICA,Francisco Morazán,2015,3,14,2015-03-14T15:42,True,maryury,iNaturalist,http://creativecommons.org/publicdomain/zero/1.0/,maryury,https://inaturalist-open-data.s3.amazonaws.com/photos/162820004/original.jpeg,k-central-america,2024-10-28 15:38:44
original_3415501986_1.jpeg,8358388,Aristolochia trilobata,4.165,"Lampornis sybillae (Salvin & Godman, 1892)",2476755,14.034369,-87.075053,15.0,NORTH_AMERICA,Francisco Morazán,2015,3,14,2015-03-14T15:42,True,maryury,iNaturalist,http://creativecommons.org/publicdomain/zero/1.0/,maryury,https://inaturalist-open-data.s3.amazonaws.com/photos/162820004/original.jpeg,k-central-america,2024-10-28 15:38:45
original_3466452789_1.jpeg,2792457,Polystachya concreta,7.239,"Lampornis sybillae (Salvin & Godman, 1892)",2476755,14.032756,-87.074824,153.0,NORTH_AMERICA,Francisco Morazán,2017,3,25,2017-03-25T11:30,True,Oliver Komar,iNaturalist,http://creativecommons.org/licenses/by-nc/4.0/,Oliver Komar,https://inaturalist-open-data.s3.amazonaws.com/photos/177515261/original.jpeg,k-central-america,2024-10-28 15:38:47
original_3466452789_1.jpeg,2792457,Polystachya concreta,7.239,"Lampornis sybillae (Salvin & Godman, 1892)",2476755,14.032756,-87.074824,153.0,NORTH_AMERICA,Francisco Morazán,2017,3,25,2017-03-25T11:30,True,Oliver Komar,iNaturalist,http://creativecommons.org/licenses/by-nc/4.0/,Oliver Komar,https://inaturalist-open-data.s3.amazonaws.com/photos/177515261/original.jpeg,k-central-america,2024-10-28 15:38:47
original_3743095068_1.jpg,7297130,Stachytarpheta frantzii,51.99700000000001,"Lampornis sybillae (Salvin & Godman, 1892)",2476755,13.237987,-86.055997,431.0,NORTH_AMERICA,Jinotega,2015,7,2,2015-07-02T12:39,True,BillB,iNaturalist,http://creativecommons.org/licenses/by-nc/4.0/,BillB,https://inaturalist-open-data.s3.amazonaws.com/photos/183205730/original.jpg,k-central-america,2024-10-28 15:38:49
original_3743095068_1.jpg,7297130,Stachytarpheta frantzii,51.99700000000001,"Lampornis sybillae (Salvin & Godman, 1892)",2476755,13.237987,-86.055997,431.0,NORTH_AMERICA,Jinotega,2015,7,2,2015-07-02T12:39,True,BillB,iNaturalist,http://creativecommons.org/licenses/by-nc/4.0/,BillB,https://inaturalist-open-data.s3.amazonaws.com/photos/183205730/original.jpg,k-central-america,2024-10-28 15:38:49
original_3747025620_2.jpeg,7327057,Combretum farinosum,2.163,"Lampornis sybillae (Salvin & Godman, 1892)",2476755,14.035812,-87.070265,70.0,NORTH_AMERICA,Francisco Morazán,2022,3,17,2022-03-17T10:03,True,Oliver Komar,iNaturalist,http://creativecommons.org/licenses/by-nc/4.0/,Oliver Komar,https://inaturalist-open-data.s3.amazonaws.com/photos/183435053/original.jpeg; https://inaturalist-open-data.s3.amazonaws.com/photos/183435088/original.jpeg,k-central-america,2024-10-28 15:38:54
original_3747025620_2.jpeg,7327057,Combretum farinosum,2.163,"Lampornis sybillae (Salvin & Godman, 1892)",2476755,14.035812,-87.070265,70.0,NORTH_AMERICA,Francisco Morazán,2022,3,17,2022-03-17T10:03,True,Oliver Komar,iNaturalist,http://creativecommons.org/licenses/by-nc/4.0/,Oliver Komar,https://inaturalist-open-data.s3.amazonaws.com/photos/183435053/original.jpeg; https://inaturalist-open-data.s3.amazonaws.com/photos/183435088/original.jpeg,k-central-america,2024-10-28 15:38:54
original_3759397418_1.jpeg,2898772,Palicourea guianensis,9.449,"Lampornis sybillae (Salvin & Godman, 1892)",2476755,14.025649,-87.068132,21.0,NORTH_AMERICA,Francisco Morazán,2022,4,16,2022-04-16T10:12,True,Oliver Komar,iNaturalist,http://creativecommons.org/licenses/by-nc/4.0/,Oliver Komar,https://inaturalist-open-data.s3.amazonaws.com/photos/189044924/original.jpeg,k-central-america,2024-10-28 15:38:56
original_3759397418_1.jpeg,2898772,Palicourea guianensis,9.449,"Lampornis sybillae (Salvin & Godman, 1892)",2476755,14.025649,-87.068132,21.0,NORTH_AMERICA,Francisco Morazán,2022,4,16,2022-04-16T10:12,True,Oliver Komar,iNaturalist,http://creativecommons.org/licenses/by-nc/4.0/,Oliver Komar,https://inaturalist-open-data.s3.amazonaws.com/photos/189044924/original.jpeg,k-central-america,2024-10-28 15:38:56
original_3873632358_1.jpeg,2874603,Luffa operculata,1.566,"Lampornis sybillae (Salvin & Godman, 1892)",2476755,14.034279,-87.075198,15.0,NORTH_AMERICA,Francisco Morazán,2014,12,16,2014-12-16T14:22,True,Eric van den Berghe,iNaturalist,http://creativecommons.org/licenses/by-nc/4.0/,Eric van den Berghe,https://inaturalist-open-data.s3.amazonaws.com/photos/65375283/original.jpeg,k-central-america,2024-10-28 15:39:03
original_3873632358_1.jpeg,2874603,Luffa operculata,1.566,"Lampornis sybillae (Salvin & Godman, 1892)",2476755,14.034279,-87.075198,15.0,NORTH_AMERICA,Francisco Morazán,2014,12,16,2014-12-16T14:22,True,Eric van den Berghe,iNaturalist,http://creativecommons.org/licenses/by-nc/4.0/,Eric van den Berghe,https://inaturalist-open-data.s3.amazonaws.com/photos/65375283/original.jpeg,k-central-america,2024-10-28 15:39:03
original_3873690808_1.jpeg,6365487,Columnea consanguinea,6.4670000000000005,"Lampornis sybillae (Salvin & Godman, 1892)",2476755,14.2112,-87.118109,99.0,NORTH_AMERICA,Francisco Morazán,2022,7,24,2022-07-24T10:26:04,True,Francisco Dubón,iNaturalist,http://creativecommons.org/licenses/by-nc/4.0/,Francisco Dubón,https://inaturalist-open-data.s3.amazonaws.com/photos/217181698/original.jpeg,k-central-america,2024-10-28 15:39:05
original_3873690808_1.jpeg,6365487,Columnea consanguinea,6.4670000000000005,"Lampornis sybillae (Salvin & Godman, 1892)",2476755,14.2112,-87.118109,99.0,NORTH_AMERICA,Francisco Morazán,2022,7,24,2022-07-24T10:26:04,True,Francisco Dubón,iNaturalist,http://creativecommons.org/licenses/by-nc/4.0/,Francisco Dubón,https://inaturalist-open-data.s3.amazonaws.com/photos/217181698/original.jpeg,k-central-america,2024-10-28 15:39:05
original_3881848495_1.jpeg,5415476,Melaleuca viminalis,53.095000000000006,"Lampornis sybillae (Salvin & Godman, 1892)",2476755,14.034386,-87.075132,10.0,NORTH_AMERICA,Francisco Morazán,2022,7,17,2022-07-17T10:03,True,Oliver Komar,iNaturalist,http://creativecommons.org/licenses/by-nc/4.0/,Oliver Komar,https://inaturalist-open-data.s3.amazonaws.com/photos/219029925/original.jpeg; https://inaturalist-open-data.s3.amazonaws.com/photos/219029970/original.jpeg; https://inaturalist-open-data.s3.amazonaws.com/photos/219030144/original.jpeg; https://inaturalist-open-data.s3.amazonaws.com/photos/219030197/original.jpeg; https://inaturalist-open-data.s3.amazonaws.com/photos/219030242/original.jpeg; https://inaturalist-open-data.s3.amazonaws.com/photos/219030434/original.jpeg; https://inaturalist-open-data.s3.amazonaws.com/photos/219030604/original.jpeg; https://inaturalist-open-data.s3.amazonaws.com/photos/219030765/original.jpeg; https://inaturalist-open-data.s3.amazonaws.com/photos/219030971/original.jpeg; https://inaturalist-open-data.s3.amazonaws.com/photos/219031153/original.jpeg; https://inaturalist-open-data.s3.amazonaws.com/photos/219031309/original.jpeg; https://inaturalist-open-data.s3.amazonaws.com/photos/219032016/original.jpeg; https://inaturalist-open-data.s3.amazonaws.com/photos/219032455/original.jpeg,k-central-america,2024-10-28 15:39:08
original_3881848495_1.jpeg,5415476,Melaleuca viminalis,53.095000000000006,"Lampornis sybillae (Salvin & Godman, 1892)",2476755,14.034386,-87.075132,10.0,NORTH_AMERICA,Francisco Morazán,2022,7,17,2022-07-17T10:03,True,Oliver Komar,iNaturalist,http://creativecommons.org/licenses/by-nc/4.0/,Oliver Komar,https://inaturalist-open-data.s3.amazonaws.com/photos/219029925/original.jpeg; https://inaturalist-open-data.s3.amazonaws.com/photos/219029970/original.jpeg; https://inaturalist-open-data.s3.amazonaws.com/photos/219030144/original.jpeg; https://inaturalist-open-data.s3.amazonaws.com/photos/219030197/original.jpeg; https://inaturalist-open-data.s3.amazonaws.com/photos/219030242/original.jpeg; https://inaturalist-open-data.s3.amazonaws.com/photos/219030434/original.jpeg; https://inaturalist-open-data.s3.amazonaws.com/photos/219030604/original.jpeg; https://inaturalist-open-data.s3.amazonaws.com/photos/219030765/original.jpeg; https://inaturalist-open-data.s3.amazonaws.com/photos/219030971/original.jpeg; https://inaturalist-open-data.s3.amazonaws.com/photos/219031153/original.jpeg; https://inaturalist-open-data.s3.amazonaws.com/photos/219031309/original.jpeg; https://inaturalist-open-data.s3.amazonaws.com/photos/219032016/original.jpeg; https://inaturalist-open-data.s3.amazonaws.com/photos/219032455/original.jpeg,k-central-america,2024-10-28 15:39:08
original_3881848495_10.jpeg,5415476,Melaleuca viminalis,45.229,"Lampornis sybillae (Salvin & Godman, 1892)",2476755,14.034386,-87.075132,10.0,NORTH_AMERICA,Francisco Morazán,2022,7,17,2022-07-17T10:03,True,Oliver Komar,iNaturalist,http://creativecommons.org/licenses/by-nc/4.0/,Oliver Komar,https://inaturalist-open-data.s3.amazonaws.com/photos/219029925/original.jpeg; https://inaturalist-open-data.s3.amazonaws.com/photos/219029970/original.jpeg; https://inaturalist-open-data.s3.amazonaws.com/photos/219030144/original.jpeg; https://inaturalist-open-data.s3.amazonaws.com/photos/219030197/original.jpeg; https://inaturalist-open-data.s3.amazonaws.com/photos/219030242/original.jpeg; https://inaturalist-open-data.s3.amazonaws.com/photos/219030434/original.jpeg; https://inaturalist-open-data.s3.amazonaws.com/photos/219030604/original.jpeg; https://inaturalist-open-data.s3.amazonaws.com/photos/219030765/original.jpeg; https://inaturalist-open-data.s3.amazonaws.com/photos/219030971/original.jpeg; https://inaturalist-open-data.s3.amazonaws.com/photos/219031153/original.jpeg; https://inaturalist-open-data.s3.amazonaws.com/photos/219031309/original.jpeg; https://inaturalist-open-data.s3.amazonaws.com/photos/219032016/original.jpeg; https://inaturalist-open-data.s3.amazonaws.com/photos/219032455/original.jpeg,k-central-america,2024-10-28 15:39:10
original_3881848495_10.jpeg,5415476,Melaleuca viminalis,45.229,"Lampornis sybillae (Salvin & Godman, 1892)",2476755,14.034386,-87.075132,10.0,NORTH_AMERICA,Francisco Morazán,2022,7,17,2022-07-17T10:03,True,Oliver Komar,iNaturalist,http://creativecommons.org/licenses/by-nc/4.0/,Oliver Komar,https://inaturalist-open-data.s3.amazonaws.com/photos/219029925/original.jpeg; https://inaturalist-open-data.s3.amazonaws.com/photos/219029970/original.jpeg; https://inaturalist-open-data.s3.amazonaws.com/photos/219030144/original.jpeg; https://inaturalist-open-data.s3.amazonaws.com/photos/219030197/original.jpeg; https://inaturalist-open-data.s3.amazonaws.com/photos/219030242/original.jpeg; https://inaturalist-open-data.s3.amazonaws.com/photos/219030434/original.jpeg; https://inaturalist-open-data.s3.amazonaws.com/photos/219030604/original.jpeg; https://inaturalist-open-data.s3.amazonaws.com/photos/219030765/original.jpeg; https://inaturalist-open-data.s3.amazonaws.com/photos/219030971/original.jpeg; https://inaturalist-open-data.s3.amazonaws.com/photos/219031153/original.jpeg; https://inaturalist-open-data.s3.amazonaws.com/photos/219031309/original.jpeg; https://inaturalist-open-data.s3.amazonaws.com/photos/219032016/original.jpeg; https://inaturalist-open-data.s3.amazonaws.com/photos/219032455/original.jpeg,k-central-america,2024-10-28 15:39:10
original_3881848495_11.jpeg,5415476,Melaleuca viminalis,41.132000000000005,"Lampornis sybillae (Salvin & Godman, 1892)",2476755,14.034386,-87.075132,10.0,NORTH_AMERICA,Francisco Morazán,2022,7,17,2022-07-17T10:03,True,Oliver Komar,iNaturalist,http://creativecommons.org/licenses/by-nc/4.0/,Oliver Komar,https://inaturalist-open-data.s3.amazonaws.com/photos/219029925/original.jpeg; https://inaturalist-open-data.s3.amazonaws.com/photos/219029970/original.jpeg; https://inaturalist-open-data.s3.amazonaws.com/photos/219030144/original.jpeg; https://inaturalist-open-data.s3.amazonaws.com/photos/219030197/original.jpeg; https://inaturalist-open-data.s3.amazonaws.com/photos/219030242/original.jpeg; https://inaturalist-open-data.s3.amazonaws.com/photos/219030434/original.jpeg; https://inaturalist-open-data.s3.amazonaws.com/photos/219030604/original.jpeg; https://inaturalist-open-data.s3.amazonaws.com/photos/219030765/original.jpeg; https://inaturalist-open-data.s3.amazonaws.com/photos/219030971/original.jpeg; https://inaturalist-open-data.s3.amazonaws.com/photos/219031153/original.jpeg; https://inaturalist-open-data.s3.amazonaws.com/photos/219031309/original.jpeg; https://inaturalist-open-data.s3.amazonaws.com/photos/219032016/original.jpeg; https://inaturalist-open-data.s3.amazonaws.com/photos/219032455/original.jpeg,k-central-america,2024-10-28 15:39:13
original_3881848495_11.jpeg,5415476,Melaleuca viminalis,41.132000000000005,"Lampornis sybillae (Salvin & Godman, 1892)",2476755,14.034386,-87.075132,10.0,NORTH_AMERICA,Francisco Morazán,2022,7,17,2022-07-17T10:03,True,Oliver Komar,iNaturalist,http://creativecommons.org/licenses/by-nc/4.0/,Oliver Komar,https://inaturalist-open-data.s3.amazonaws.com/photos/219029925/original.jpeg; https://inaturalist-open-data.s3.amazonaws.com/photos/219029970/original.jpeg; https://inaturalist-open-data.s3.amazonaws.com/photos/219030144/original.jpeg; https://inaturalist-open-data.s3.amazonaws.com/photos/219030197/original.jpeg; https://inaturalist-open-data.s3.amazonaws.com/photos/219030242/original.jpeg; https://inaturalist-open-data.s3.amazonaws.com/photos/219030434/original.jpeg; https://inaturalist-open-data.s3.amazonaws.com/photos/219030604/original.jpeg; https://inaturalist-open-data.s3.amazonaws.com/photos/219030765/original.jpeg; https://inaturalist-open-data.s3.amazonaws.com/photos/219030971/original.jpeg; https://inaturalist-open-data.s3.amazonaws.com/photos/219031153/original.jpeg; https://inaturalist-open-data.s3.amazonaws.com/photos/219031309/original.jpeg; https://inaturalist-open-data.s3.amazonaws.com/photos/219032016/original.jpeg; https://inaturalist-open-data.s3.amazonaws.com/photos/219032455/original.jpeg,k-central-america,2024-10-28 15:39:13
original_3881848495_12.jpeg,5415476,Melaleuca viminalis,59.307,"Lampornis sybillae (Salvin & Godman, 1892)",2476755,14.034386,-87.075132,10.0,NORTH_AMERICA,Francisco Morazán,2022,7,17,2022-07-17T10:03,True,Oliver Komar,iNaturalist,http://creativecommons.org/licenses/by-nc/4.0/,Oliver Komar,https://inaturalist-open-data.s3.amazonaws.com/photos/219029925/original.jpeg; https://inaturalist-open-data.s3.amazonaws.com/photos/219029970/original.jpeg; https://inaturalist-open-data.s3.amazonaws.com/photos/219030144/original.jpeg; https://inaturalist-open-data.s3.amazonaws.com/photos/219030197/original.jpeg; https://inaturalist-open-data.s3.amazonaws.com/photos/219030242/original.jpeg; https://inaturalist-open-data.s3.amazonaws.com/photos/219030434/original.jpeg; https://inaturalist-open-data.s3.amazonaws.com/photos/219030604/original.jpeg; https://inaturalist-open-data.s3.amazonaws.com/photos/219030765/original.jpeg; https://inaturalist-open-data.s3.amazonaws.com/photos/219030971/original.jpeg; https://inaturalist-open-data.s3.amazonaws.com/photos/219031153/original.jpeg; https://inaturalist-open-data.s3.amazonaws.com/photos/219031309/original.jpeg; https://inaturalist-open-data.s3.amazonaws.com/photos/219032016/original.jpeg; https://inaturalist-open-data.s3.amazonaws.com/photos/219032455/original.jpeg,k-central-america,2024-10-28 15:39:14
original_3881848495_12.jpeg,5415476,Melaleuca viminalis,42.672,"Lampornis sybillae (Salvin & Godman, 1892)",2476755,14.034386,-87.075132,10.0,NORTH_AMERICA,Francisco Morazán,2022,7,17,2022-07-17T10:03,True,Oliver Komar,iNaturalist,http://creativecommons.org/licenses/by-nc/4.0/,Oliver Komar,https://inaturalist-open-data.s3.amazonaws.com/photos/219029925/original.jpeg; https://inaturalist-open-data.s3.amazonaws.com/photos/219029970/original.jpeg; https://inaturalist-open-data.s3.amazonaws.com/photos/219030144/original.jpeg; https://inaturalist-open-data.s3.amazonaws.com/photos/219030197/original.jpeg; https://inaturalist-open-data.s3.amazonaws.com/photos/219030242/original.jpeg; https://inaturalist-open-data.s3.amazonaws.com/photos/219030434/original.jpeg; https://inaturalist-open-data.s3.amazonaws.com/photos/219030604/original.jpeg; https://inaturalist-open-data.s3.amazonaws.com/photos/219030765/original.jpeg; https://inaturalist-open-data.s3.amazonaws.com/photos/219030971/original.jpeg; https://inaturalist-open-data.s3.amazonaws.com/photos/219031153/original.jpeg; https://inaturalist-open-data.s3.amazonaws.com/photos/219031309/original.jpeg; https://inaturalist-open-data.s3.amazonaws.com/photos/219032016/original.jpeg; https://inaturalist-open-data.s3.amazonaws.com/photos/219032455/original.jpeg,k-central-america,2024-10-28 15:39:15
original_3881848495_13.jpeg,5415476,Melaleuca viminalis,51.702999999999996,"Lampornis sybillae (Salvin & Godman, 1892)",2476755,14.034386,-87.075132,10.0,NORTH_AMERICA,Francisco Morazán,2022,7,17,2022-07-17T10:03,True,Oliver Komar,iNaturalist,http://creativecommons.org/licenses/by-nc/4.0/,Oliver Komar,https://inaturalist-open-data.s3.amazonaws.com/photos/219029925/original.jpeg; https://inaturalist-open-data.s3.amazonaws.com/photos/219029970/original.jpeg; https://inaturalist-open-data.s3.amazonaws.com/photos/219030144/original.jpeg; https://inaturalist-open-data.s3.amazonaws.com/photos/219030197/original.jpeg; https://inaturalist-open-data.s3.amazonaws.com/photos/219030242/original.jpeg; https://inaturalist-open-data.s3.amazonaws.com/photos/219030434/original.jpeg; https://inaturalist-open-data.s3.amazonaws.com/photos/219030604/original.jpeg; https://inaturalist-open-data.s3.amazonaws.com/photos/219030765/original.jpeg; https://inaturalist-open-data.s3.amazonaws.com/photos/219030971/original.jpeg; https://inaturalist-open-data.s3.amazonaws.com/photos/219031153/original.jpeg; https://inaturalist-open-data.s3.amazonaws.com/photos/219031309/original.jpeg; https://inaturalist-open-data.s3.amazonaws.com/photos/219032016/original.jpeg; https://inaturalist-open-data.s3.amazonaws.com/photos/219032455/original.jpeg,k-central-america,2024-10-28 15:39:17
original_3881848495_13.jpeg,5415476,Melaleuca viminalis,51.702999999999996,"Lampornis sybillae (Salvin & Godman, 1892)",2476755,14.034386,-87.075132,10.0,NORTH_AMERICA,Francisco Morazán,2022,7,17,2022-07-17T10:03,True,Oliver Komar,iNaturalist,http://creativecommons.org/licenses/by-nc/4.0/,Oliver Komar,https://inaturalist-open-data.s3.amazonaws.com/photos/219029925/original.jpeg; https://inaturalist-open-data.s3.amazonaws.com/photos/219029970/original.jpeg; https://inaturalist-open-data.s3.amazonaws.com/photos/219030144/original.jpeg; https://inaturalist-open-data.s3.amazonaws.com/photos/219030197/original.jpeg; https://inaturalist-open-data.s3.amazonaws.com/photos/219030242/original.jpeg; https://inaturalist-open-data.s3.amazonaws.com/photos/219030434/original.jpeg; https://inaturalist-open-data.s3.amazonaws.com/photos/219030604/original.jpeg; https://inaturalist-open-data.s3.amazonaws.com/photos/219030765/original.jpeg; https://inaturalist-open-data.s3.amazonaws.com/photos/219030971/original.jpeg; https://inaturalist-open-data.s3.amazonaws.com/photos/219031153/original.jpeg; https://inaturalist-open-data.s3.amazonaws.com/photos/219031309/original.jpeg; https://inaturalist-open-data.s3.amazonaws.com/photos/219032016/original.jpeg; https://inaturalist-open-data.s3.amazonaws.com/photos/219032455/original.jpeg,k-central-america,2024-10-28 15:39:17
original_3881848495_2.jpeg,5415476,Melaleuca viminalis,45.166000000000004,"Lampornis sybillae (Salvin & Godman, 1892)",2476755,14.034386,-87.075132,10.0,NORTH_AMERICA,Francisco Morazán,2022,7,17,2022-07-17T10:03,True,Oliver Komar,iNaturalist,http://creativecommons.org/licenses/by-nc/4.0/,Oliver Komar,https://inaturalist-open-data.s3.amazonaws.com/photos/219029925/original.jpeg; https://inaturalist-open-data.s3.amazonaws.com/photos/219029970/original.jpeg; https://inaturalist-open-data.s3.amazonaws.com/photos/219030144/original.jpeg; https://inaturalist-open-data.s3.amazonaws.com/photos/219030197/original.jpeg; https://inaturalist-open-data.s3.amazonaws.com/photos/219030242/original.jpeg; https://inaturalist-open-data.s3.amazonaws.com/photos/219030434/original.jpeg; https://inaturalist-open-data.s3.amazonaws.com/photos/219030604/original.jpeg; https://inaturalist-open-data.s3.amazonaws.com/photos/219030765/original.jpeg; https://inaturalist-open-data.s3.amazonaws.com/photos/219030971/original.jpeg; https://inaturalist-open-data.s3.amazonaws.com/photos/219031153/original.jpeg; https://inaturalist-open-data.s3.amazonaws.com/photos/219031309/original.jpeg; https://inaturalist-open-data.s3.amazonaws.com/photos/219032016/original.jpeg; https://inaturalist-open-data.s3.amazonaws.com/photos/219032455/original.jpeg,k-central-america,2024-10-28 15:39:19
original_3881848495_2.jpeg,5415476,Melaleuca viminalis,45.166000000000004,"Lampornis sybillae (Salvin & Godman, 1892)",2476755,14.034386,-87.075132,10.0,NORTH_AMERICA,Francisco Morazán,2022,7,17,2022-07-17T10:03,True,Oliver Komar,iNaturalist,http://creativecommons.org/licenses/by-nc/4.0/,Oliver Komar,https://inaturalist-open-data.s3.amazonaws.com/photos/219029925/original.jpeg; https://inaturalist-open-data.s3.amazonaws.com/photos/219029970/original.jpeg; https://inaturalist-open-data.s3.amazonaws.com/photos/219030144/original.jpeg; https://inaturalist-open-data.s3.amazonaws.com/photos/219030197/original.jpeg; https://inaturalist-open-data.s3.amazonaws.com/photos/219030242/original.jpeg; https://inaturalist-open-data.s3.amazonaws.com/photos/219030434/original.jpeg; https://inaturalist-open-data.s3.amazonaws.com/photos/219030604/original.jpeg; https://inaturalist-open-data.s3.amazonaws.com/photos/219030765/original.jpeg; https://inaturalist-open-data.s3.amazonaws.com/photos/219030971/original.jpeg; https://inaturalist-open-data.s3.amazonaws.com/photos/219031153/original.jpeg; https://inaturalist-open-data.s3.amazonaws.com/photos/219031309/original.jpeg; https://inaturalist-open-data.s3.amazonaws.com/photos/219032016/original.jpeg; https://inaturalist-open-data.s3.amazonaws.com/photos/219032455/original.jpeg,k-central-america,2024-10-28 15:39:19
original_3881848495_3.jpeg,5415476,Melaleuca viminalis,51.178999999999995,"Lampornis sybillae (Salvin & Godman, 1892)",2476755,14.034386,-87.075132,10.0,NORTH_AMERICA,Francisco Morazán,2022,7,17,2022-07-17T10:03,True,Oliver Komar,iNaturalist,http://creativecommons.org/licenses/by-nc/4.0/,Oliver Komar,https://inaturalist-open-data.s3.amazonaws.com/photos/219029925/original.jpeg; https://inaturalist-open-data.s3.amazonaws.com/photos/219029970/original.jpeg; https://inaturalist-open-data.s3.amazonaws.com/photos/219030144/original.jpeg; https://inaturalist-open-data.s3.amazonaws.com/photos/219030197/original.jpeg; https://inaturalist-open-data.s3.amazonaws.com/photos/219030242/original.jpeg; https://inaturalist-open-data.s3.amazonaws.com/photos/219030434/original.jpeg; https://inaturalist-open-data.s3.amazonaws.com/photos/219030604/original.jpeg; https://inaturalist-open-data.s3.amazonaws.com/photos/219030765/original.jpeg; https://inaturalist-open-data.s3.amazonaws.com/photos/219030971/original.jpeg; https://inaturalist-open-data.s3.amazonaws.com/photos/219031153/original.jpeg; https://inaturalist-open-data.s3.amazonaws.com/photos/219031309/original.jpeg; https://inaturalist-open-data.s3.amazonaws.com/photos/219032016/original.jpeg; https://inaturalist-open-data.s3.amazonaws.com/photos/219032455/original.jpeg,k-central-america,2024-10-28 15:39:21
original_3881848495_3.jpeg,5415476,Melaleuca viminalis,51.178999999999995,"Lampornis sybillae (Salvin & Godman, 1892)",2476755,14.034386,-87.075132,10.0,NORTH_AMERICA,Francisco Morazán,2022,7,17,2022-07-17T10:03,True,Oliver Komar,iNaturalist,http://creativecommons.org/licenses/by-nc/4.0/,Oliver Komar,https://inaturalist-open-data.s3.amazonaws.com/photos/219029925/original.jpeg; https://inaturalist-open-data.s3.amazonaws.com/photos/219029970/original.jpeg; https://inaturalist-open-data.s3.amazonaws.com/photos/219030144/original.jpeg; https://inaturalist-open-data.s3.amazonaws.com/photos/219030197/original.jpeg; https://inaturalist-open-data.s3.amazonaws.com/photos/219030242/original.jpeg; https://inaturalist-open-data.s3.amazonaws.com/photos/219030434/original.jpeg; https://inaturalist-open-data.s3.amazonaws.com/photos/219030604/original.jpeg; https://inaturalist-open-data.s3.amazonaws.com/photos/219030765/original.jpeg; https://inaturalist-open-data.s3.amazonaws.com/photos/219030971/original.jpeg; https://inaturalist-open-data.s3.amazonaws.com/photos/219031153/original.jpeg; https://inaturalist-open-data.s3.amazonaws.com/photos/219031309/original.jpeg; https://inaturalist-open-data.s3.amazonaws.com/photos/219032016/original.jpeg; https://inaturalist-open-data.s3.amazonaws.com/photos/219032455/original.jpeg,k-central-america,2024-10-28 15:39:21
original_3881848495_5.jpeg,5415476,Melaleuca viminalis,61.023,"Lampornis sybillae (Salvin & Godman, 1892)",2476755,14.034386,-87.075132,10.0,NORTH_AMERICA,Francisco Morazán,2022,7,17,2022-07-17T10:03,True,Oliver Komar,iNaturalist,http://creativecommons.org/licenses/by-nc/4.0/,Oliver Komar,https://inaturalist-open-data.s3.amazonaws.com/photos/219029925/original.jpeg; https://inaturalist-open-data.s3.amazonaws.com/photos/219029970/original.jpeg; https://inaturalist-open-data.s3.amazonaws.com/photos/219030144/original.jpeg; https://inaturalist-open-data.s3.amazonaws.com/photos/219030197/original.jpeg; https://inaturalist-open-data.s3.amazonaws.com/photos/219030242/original.jpeg; https://inaturalist-open-data.s3.amazonaws.com/photos/219030434/original.jpeg; https://inaturalist-open-data.s3.amazonaws.com/photos/219030604/original.jpeg; https://inaturalist-open-data.s3.amazonaws.com/photos/219030765/original.jpeg; https://inaturalist-open-data.s3.amazonaws.com/photos/219030971/original.jpeg; https://inaturalist-open-data.s3.amazonaws.com/photos/219031153/original.jpeg; https://inaturalist-open-data.s3.amazonaws.com/photos/219031309/original.jpeg; https://inaturalist-open-data.s3.amazonaws.com/photos/219032016/original.jpeg; https://inaturalist-open-data.s3.amazonaws.com/photos/219032455/original.jpeg,k-central-america,2024-10-28 15:39:27
original_3881848495_5.jpeg,5415476,Melaleuca viminalis,61.023,"Lampornis sybillae (Salvin & Godman, 1892)",2476755,14.034386,-87.075132,10.0,NORTH_AMERICA,Francisco Morazán,2022,7,17,2022-07-17T10:03,True,Oliver Komar,iNaturalist,http://creativecommons.org/licenses/by-nc/4.0/,Oliver Komar,https://inaturalist-open-data.s3.amazonaws.com/photos/219029925/original.jpeg; https://inaturalist-open-data.s3.amazonaws.com/photos/219029970/original.jpeg; https://inaturalist-open-data.s3.amazonaws.com/photos/219030144/original.jpeg; https://inaturalist-open-data.s3.amazonaws.com/photos/219030197/original.jpeg; https://inaturalist-open-data.s3.amazonaws.com/photos/219030242/original.jpeg; https://inaturalist-open-data.s3.amazonaws.com/photos/219030434/original.jpeg; https://inaturalist-open-data.s3.amazonaws.com/photos/219030604/original.jpeg; https://inaturalist-open-data.s3.amazonaws.com/photos/219030765/original.jpeg; https://inaturalist-open-data.s3.amazonaws.com/photos/219030971/original.jpeg; https://inaturalist-open-data.s3.amazonaws.com/photos/219031153/original.jpeg; https://inaturalist-open-data.s3.amazonaws.com/photos/219031309/original.jpeg; https://inaturalist-open-data.s3.amazonaws.com/photos/219032016/original.jpeg; https://inaturalist-open-data.s3.amazonaws.com/photos/219032455/original.jpeg,k-central-america,2024-10-28 15:39:27
original_3881848495_6.jpeg,5415476,Melaleuca viminalis,61.576,"Lampornis sybillae (Salvin & Godman, 1892)",2476755,14.034386,-87.075132,10.0,NORTH_AMERICA,Francisco Morazán,2022,7,17,2022-07-17T10:03,True,Oliver Komar,iNaturalist,http://creativecommons.org/licenses/by-nc/4.0/,Oliver Komar,https://inaturalist-open-data.s3.amazonaws.com/photos/219029925/original.jpeg; https://inaturalist-open-data.s3.amazonaws.com/photos/219029970/original.jpeg; https://inaturalist-open-data.s3.amazonaws.com/photos/219030144/original.jpeg; https://inaturalist-open-data.s3.amazonaws.com/photos/219030197/original.jpeg; https://inaturalist-open-data.s3.amazonaws.com/photos/219030242/original.jpeg; https://inaturalist-open-data.s3.amazonaws.com/photos/219030434/original.jpeg; https://inaturalist-open-data.s3.amazonaws.com/photos/219030604/original.jpeg; https://inaturalist-open-data.s3.amazonaws.com/photos/219030765/original.jpeg; https://inaturalist-open-data.s3.amazonaws.com/photos/219030971/original.jpeg; https://inaturalist-open-data.s3.amazonaws.com/photos/219031153/original.jpeg; https://inaturalist-open-data.s3.amazonaws.com/photos/219031309/original.jpeg; https://inaturalist-open-data.s3.amazonaws.com/photos/219032016/original.jpeg; https://inaturalist-open-data.s3.amazonaws.com/photos/219032455/original.jpeg,k-central-america,2024-10-28 15:39:29
original_3881848495_6.jpeg,5415476,Melaleuca viminalis,61.576,"Lampornis sybillae (Salvin & Godman, 1892)",2476755,14.034386,-87.075132,10.0,NORTH_AMERICA,Francisco Morazán,2022,7,17,2022-07-17T10:03,True,Oliver Komar,iNaturalist,http://creativecommons.org/licenses/by-nc/4.0/,Oliver Komar,https://inaturalist-open-data.s3.amazonaws.com/photos/219029925/original.jpeg; https://inaturalist-open-data.s3.amazonaws.com/photos/219029970/original.jpeg; https://inaturalist-open-data.s3.amazonaws.com/photos/219030144/original.jpeg; https://inaturalist-open-data.s3.amazonaws.com/photos/219030197/original.jpeg; https://inaturalist-open-data.s3.amazonaws.com/photos/219030242/original.jpeg; https://inaturalist-open-data.s3.amazonaws.com/photos/219030434/original.jpeg; https://inaturalist-open-data.s3.amazonaws.com/photos/219030604/original.jpeg; https://inaturalist-open-data.s3.amazonaws.com/photos/219030765/original.jpeg; https://inaturalist-open-data.s3.amazonaws.com/photos/219030971/original.jpeg; https://inaturalist-open-data.s3.amazonaws.com/photos/219031153/original.jpeg; https://inaturalist-open-data.s3.amazonaws.com/photos/219031309/original.jpeg; https://inaturalist-open-data.s3.amazonaws.com/photos/219032016/original.jpeg; https://inaturalist-open-data.s3.amazonaws.com/photos/219032455/original.jpeg,k-central-america,2024-10-28 15:39:29
original_3881848495_7.jpeg,5415476,Melaleuca viminalis,43.05,"Lampornis sybillae (Salvin & Godman, 1892)",2476755,14.034386,-87.075132,10.0,NORTH_AMERICA,Francisco Morazán,2022,7,17,2022-07-17T10:03,True,Oliver Komar,iNaturalist,http://creativecommons.org/licenses/by-nc/4.0/,Oliver Komar,https://inaturalist-open-data.s3.amazonaws.com/photos/219029925/original.jpeg; https://inaturalist-open-data.s3.amazonaws.com/photos/219029970/original.jpeg; https://inaturalist-open-data.s3.amazonaws.com/photos/219030144/original.jpeg; https://inaturalist-open-data.s3.amazonaws.com/photos/219030197/original.jpeg; https://inaturalist-open-data.s3.amazonaws.com/photos/219030242/original.jpeg; https://inaturalist-open-data.s3.amazonaws.com/photos/219030434/original.jpeg; https://inaturalist-open-data.s3.amazonaws.com/photos/219030604/original.jpeg; https://inaturalist-open-data.s3.amazonaws.com/photos/219030765/original.jpeg; https://inaturalist-open-data.s3.amazonaws.com/photos/219030971/original.jpeg; https://inaturalist-open-data.s3.amazonaws.com/photos/219031153/original.jpeg; https://inaturalist-open-data.s3.amazonaws.com/photos/219031309/original.jpeg; https://inaturalist-open-data.s3.amazonaws.com/photos/219032016/original.jpeg; https://inaturalist-open-data.s3.amazonaws.com/photos/219032455/original.jpeg,k-central-america,2024-10-28 15:39:31
original_3881848495_7.jpeg,5415476,Melaleuca viminalis,43.05,"Lampornis sybillae (Salvin & Godman, 1892)",2476755,14.034386,-87.075132,10.0,NORTH_AMERICA,Francisco Morazán,2022,7,17,2022-07-17T10:03,True,Oliver Komar,iNaturalist,http://creativecommons.org/licenses/by-nc/4.0/,Oliver Komar,https://inaturalist-open-data.s3.amazonaws.com/photos/219029925/original.jpeg; https://inaturalist-open-data.s3.amazonaws.com/photos/219029970/original.jpeg; https://inaturalist-open-data.s3.amazonaws.com/photos/219030144/original.jpeg; https://inaturalist-open-data.s3.amazonaws.com/photos/219030197/original.jpeg; https://inaturalist-open-data.s3.amazonaws.com/photos/219030242/original.jpeg; https://inaturalist-open-data.s3.amazonaws.com/photos/219030434/original.jpeg; https://inaturalist-open-data.s3.amazonaws.com/photos/219030604/original.jpeg; https://inaturalist-open-data.s3.amazonaws.com/photos/219030765/original.jpeg; https://inaturalist-open-data.s3.amazonaws.com/photos/219030971/original.jpeg; https://inaturalist-open-data.s3.amazonaws.com/photos/219031153/original.jpeg; https://inaturalist-open-data.s3.amazonaws.com/photos/219031309/original.jpeg; https://inaturalist-open-data.s3.amazonaws.com/photos/219032016/original.jpeg; https://inaturalist-open-data.s3.amazonaws.com/photos/219032455/original.jpeg,k-central-america,2024-10-28 15:39:31
original_3881848495_8.jpeg,5415476,Melaleuca viminalis,59.143,"Lampornis sybillae (Salvin & Godman, 1892)",2476755,14.034386,-87.075132,10.0,NORTH_AMERICA,Francisco Morazán,2022,7,17,2022-07-17T10:03,True,Oliver Komar,iNaturalist,http://creativecommons.org/licenses/by-nc/4.0/,Oliver Komar,https://inaturalist-open-data.s3.amazonaws.com/photos/219029925/original.jpeg; https://inaturalist-open-data.s3.amazonaws.com/photos/219029970/original.jpeg; https://inaturalist-open-data.s3.amazonaws.com/photos/219030144/original.jpeg; https://inaturalist-open-data.s3.amazonaws.com/photos/219030197/original.jpeg; https://inaturalist-open-data.s3.amazonaws.com/photos/219030242/original.jpeg; https://inaturalist-open-data.s3.amazonaws.com/photos/219030434/original.jpeg; https://inaturalist-open-data.s3.amazonaws.com/photos/219030604/original.jpeg; https://inaturalist-open-data.s3.amazonaws.com/photos/219030765/original.jpeg; https://inaturalist-open-data.s3.amazonaws.com/photos/219030971/original.jpeg; https://inaturalist-open-data.s3.amazonaws.com/photos/219031153/original.jpeg; https://inaturalist-open-data.s3.amazonaws.com/photos/219031309/original.jpeg; https://inaturalist-open-data.s3.amazonaws.com/photos/219032016/original.jpeg; https://inaturalist-open-data.s3.amazonaws.com/photos/219032455/original.jpeg,k-central-america,2024-10-28 15:39:34
original_3881848495_8.jpeg,5415476,Melaleuca viminalis,59.143,"Lampornis sybillae (Salvin & Godman, 1892)",2476755,14.034386,-87.075132,10.0,NORTH_AMERICA,Francisco Morazán,2022,7,17,2022-07-17T10:03,True,Oliver Komar,iNaturalist,http://creativecommons.org/licenses/by-nc/4.0/,Oliver Komar,https://inaturalist-open-data.s3.amazonaws.com/photos/219029925/original.jpeg; https://inaturalist-open-data.s3.amazonaws.com/photos/219029970/original.jpeg; https://inaturalist-open-data.s3.amazonaws.com/photos/219030144/original.jpeg; https://inaturalist-open-data.s3.amazonaws.com/photos/219030197/original.jpeg; https://inaturalist-open-data.s3.amazonaws.com/photos/219030242/original.jpeg; https://inaturalist-open-data.s3.amazonaws.com/photos/219030434/original.jpeg; https://inaturalist-open-data.s3.amazonaws.com/photos/219030604/original.jpeg; https://inaturalist-open-data.s3.amazonaws.com/photos/219030765/original.jpeg; https://inaturalist-open-data.s3.amazonaws.com/photos/219030971/original.jpeg; https://inaturalist-open-data.s3.amazonaws.com/photos/219031153/original.jpeg; https://inaturalist-open-data.s3.amazonaws.com/photos/219031309/original.jpeg; https://inaturalist-open-data.s3.amazonaws.com/photos/219032016/original.jpeg; https://inaturalist-open-data.s3.amazonaws.com/photos/219032455/original.jpeg,k-central-america,2024-10-28 15:39:34
original_3881848495_9.jpeg,5415476,Melaleuca viminalis,9.214,"Lampornis sybillae (Salvin & Godman, 1892)",2476755,14.034386,-87.075132,10.0,NORTH_AMERICA,Francisco Morazán,2022,7,17,2022-07-17T10:03,True,Oliver Komar,iNaturalist,http://creativecommons.org/licenses/by-nc/4.0/,Oliver Komar,https://inaturalist-open-data.s3.amazonaws.com/photos/219029925/original.jpeg; https://inaturalist-open-data.s3.amazonaws.com/photos/219029970/original.jpeg; https://inaturalist-open-data.s3.amazonaws.com/photos/219030144/original.jpeg; https://inaturalist-open-data.s3.amazonaws.com/photos/219030197/original.jpeg; https://inaturalist-open-data.s3.amazonaws.com/photos/219030242/original.jpeg; https://inaturalist-open-data.s3.amazonaws.com/photos/219030434/original.jpeg; https://inaturalist-open-data.s3.amazonaws.com/photos/219030604/original.jpeg; https://inaturalist-open-data.s3.amazonaws.com/photos/219030765/original.jpeg; https://inaturalist-open-data.s3.amazonaws.com/photos/219030971/original.jpeg; https://inaturalist-open-data.s3.amazonaws.com/photos/219031153/original.jpeg; https://inaturalist-open-data.s3.amazonaws.com/photos/219031309/original.jpeg; https://inaturalist-open-data.s3.amazonaws.com/photos/219032016/original.jpeg; https://inaturalist-open-data.s3.amazonaws.com/photos/219032455/original.jpeg,k-central-america,2024-10-28 15:39:36
original_3881848495_9.jpeg,5415476,Melaleuca viminalis,9.214,"Lampornis sybillae (Salvin & Godman, 1892)",2476755,14.034386,-87.075132,10.0,NORTH_AMERICA,Francisco Morazán,2022,7,17,2022-07-17T10:03,True,Oliver Komar,iNaturalist,http://creativecommons.org/licenses/by-nc/4.0/,Oliver Komar,https://inaturalist-open-data.s3.amazonaws.com/photos/219029925/original.jpeg; https://inaturalist-open-data.s3.amazonaws.com/photos/219029970/original.jpeg; https://inaturalist-open-data.s3.amazonaws.com/photos/219030144/original.jpeg; https://inaturalist-open-data.s3.amazonaws.com/photos/219030197/original.jpeg; https://inaturalist-open-data.s3.amazonaws.com/photos/219030242/original.jpeg; https://inaturalist-open-data.s3.amazonaws.com/photos/219030434/original.jpeg; https://inaturalist-open-data.s3.amazonaws.com/photos/219030604/original.jpeg; https://inaturalist-open-data.s3.amazonaws.com/photos/219030765/original.jpeg; https://inaturalist-open-data.s3.amazonaws.com/photos/219030971/original.jpeg; https://inaturalist-open-data.s3.amazonaws.com/photos/219031153/original.jpeg; https://inaturalist-open-data.s3.amazonaws.com/photos/219031309/original.jpeg; https://inaturalist-open-data.s3.amazonaws.com/photos/219032016/original.jpeg; https://inaturalist-open-data.s3.amazonaws.com/photos/219032455/original.jpeg,k-central-america,2024-10-28 15:39:36
original_3888738511_1.jpeg,5349540,Erythrina lanceolata,18.351,"Lampornis sybillae (Salvin & Godman, 1892)",2476755,14.206695,-87.116591,436.0,NORTH_AMERICA,Francisco Morazán,2022,7,24,2022-07-24T10:18,True,Francisco Dubón,iNaturalist,http://creativecommons.org/licenses/by-nc/4.0/,Francisco Dubón,https://inaturalist-open-data.s3.amazonaws.com/photos/218238112/original.jpeg; https://inaturalist-open-data.s3.amazonaws.com/photos/218238136/original.jpeg,k-central-america,2024-10-28 15:39:38
original_3888738511_1.jpeg,5349540,Erythrina lanceolata,18.351,"Lampornis sybillae (Salvin & Godman, 1892)",2476755,14.206695,-87.116591,436.0,NORTH_AMERICA,Francisco Morazán,2022,7,24,2022-07-24T10:18,True,Francisco Dubón,iNaturalist,http://creativecommons.org/licenses/by-nc/4.0/,Francisco Dubón,https://inaturalist-open-data.s3.amazonaws.com/photos/218238112/original.jpeg; https://inaturalist-open-data.s3.amazonaws.com/photos/218238136/original.jpeg,k-central-america,2024-10-28 15:39:39
original_3888738511_2.jpeg,5349770,Erythrina costaricensis,36.298,"Lampornis sybillae (Salvin & Godman, 1892)",2476755,14.206695,-87.116591,436.0,NORTH_AMERICA,Francisco Morazán,2022,7,24,2022-07-24T10:18,True,Francisco Dubón,iNaturalist,http://creativecommons.org/licenses/by-nc/4.0/,Francisco Dubón,https://inaturalist-open-data.s3.amazonaws.com/photos/218238112/original.jpeg; https://inaturalist-open-data.s3.amazonaws.com/photos/218238136/original.jpeg,k-central-america,2024-10-28 15:39:40
original_3888738511_2.jpeg,5349770,Erythrina costaricensis,36.298,"Lampornis sybillae (Salvin & Godman, 1892)",2476755,14.206695,-87.116591,436.0,NORTH_AMERICA,Francisco Morazán,2022,7,24,2022-07-24T10:18,True,Francisco Dubón,iNaturalist,http://creativecommons.org/licenses/by-nc/4.0/,Francisco Dubón,https://inaturalist-open-data.s3.amazonaws.com/photos/218238112/original.jpeg; https://inaturalist-open-data.s3.amazonaws.com/photos/218238136/original.jpeg,k-central-america,2024-10-28 15:39:41
original_3888840536_1.jpeg,3152052,Apeiba tibourbou,4.083,"Lampornis sybillae (Salvin & Godman, 1892)",2476755,14.206695,-87.116591,436.0,NORTH_AMERICA,Francisco Morazán,2022,7,24,2022-07-24T07:00,True,Francisco Dubón,iNaturalist,http://creativecommons.org/licenses/by-nc/4.0/,Francisco Dubón,https://inaturalist-open-data.s3.amazonaws.com/photos/218238003/original.jpeg; https://inaturalist-open-data.s3.amazonaws.com/photos/218238032/original.jpeg; https://inaturalist-open-data.s3.amazonaws.com/photos/218238048/original.jpeg; https://inaturalist-open-data.s3.amazonaws.com/photos/218238074/original.jpeg,k-central-america,2024-10-28 15:39:43
original_3888840536_1.jpeg,3152052,Apeiba tibourbou,4.083,"Lampornis sybillae (Salvin & Godman, 1892)",2476755,14.206695,-87.116591,436.0,NORTH_AMERICA,Francisco Morazán,2022,7,24,2022-07-24T07:00,True,Francisco Dubón,iNaturalist,http://creativecommons.org/licenses/by-nc/4.0/,Francisco Dubón,https://inaturalist-open-data.s3.amazonaws.com/photos/218238003/original.jpeg; https://inaturalist-open-data.s3.amazonaws.com/photos/218238032/original.jpeg; https://inaturalist-open-data.s3.amazonaws.com/photos/218238048/original.jpeg; https://inaturalist-open-data.s3.amazonaws.com/photos/218238074/original.jpeg,k-central-america,2024-10-28 15:39:43
original_3888874522_1.jpeg,3084466,Selenicereus grandiflorus,3.765,"Lampornis sybillae (Salvin & Godman, 1892)",2476755,15.70887,-86.661755,122.0,NORTH_AMERICA,Atlántida,2012,5,31,2012-05-31T00:20,True,Josue Ramos Galdamez,iNaturalist,http://creativecommons.org/licenses/by-nc/4.0/,Josue Ramos Galdamez,https://inaturalist-open-data.s3.amazonaws.com/photos/218105925/original.jpeg,k-central-america,2024-10-28 15:39:51
original_3888874522_1.jpeg,3084466,Selenicereus grandiflorus,3.765,"Lampornis sybillae (Salvin & Godman, 1892)",2476755,15.70887,-86.661755,122.0,NORTH_AMERICA,Atlántida,2012,5,31,2012-05-31T00:20,True,Josue Ramos Galdamez,iNaturalist,http://creativecommons.org/licenses/by-nc/4.0/,Josue Ramos Galdamez,https://inaturalist-open-data.s3.amazonaws.com/photos/218105925/original.jpeg,k-central-america,2024-10-28 15:39:51
original_3888968562_1.jpeg,5361909,Ficus carica,0.482,"Lampornis sybillae (Salvin & Godman, 1892)",2476755,14.044883,-87.078831,362.0,NORTH_AMERICA,Francisco Morazán,2022,7,24,2022-07-24T09:00,True,Jorge Cedeño,iNaturalist,http://creativecommons.org/licenses/by-nc/4.0/,Jorge Cedeño,https://inaturalist-open-data.s3.amazonaws.com/photos/219029938/original.jpeg,k-central-america,2024-10-28 15:39:53
original_3888968562_1.jpeg,5361909,Ficus carica,0.482,"Lampornis sybillae (Salvin & Godman, 1892)",2476755,14.044883,-87.078831,362.0,NORTH_AMERICA,Francisco Morazán,2022,7,24,2022-07-24T09:00,True,Jorge Cedeño,iNaturalist,http://creativecommons.org/licenses/by-nc/4.0/,Jorge Cedeño,https://inaturalist-open-data.s3.amazonaws.com/photos/219029938/original.jpeg,k-central-america,2024-10-28 15:39:53
original_3902053853_1.jpeg,5415476,Melaleuca viminalis,30.645,"Lampornis sybillae (Salvin & Godman, 1892)",2476755,14.034402,-87.075204,8.0,NORTH_AMERICA,Francisco Morazán,2022,7,24,2022-07-24T07:44,True,Oliver Komar,iNaturalist,http://creativecommons.org/licenses/by-nc/4.0/,Oliver Komar,https://inaturalist-open-data.s3.amazonaws.com/photos/219220702/original.jpeg; https://inaturalist-open-data.s3.amazonaws.com/photos/219220729/original.jpeg; https://inaturalist-open-data.s3.amazonaws.com/photos/219220908/original.jpeg; https://inaturalist-open-data.s3.amazonaws.com/photos/219221014/original.jpeg,k-central-america,2024-10-28 15:39:55
original_3902053853_1.jpeg,5415476,Melaleuca viminalis,30.645,"Lampornis sybillae (Salvin & Godman, 1892)",2476755,14.034402,-87.075204,8.0,NORTH_AMERICA,Francisco Morazán,2022,7,24,2022-07-24T07:44,True,Oliver Komar,iNaturalist,http://creativecommons.org/licenses/by-nc/4.0/,Oliver Komar,https://inaturalist-open-data.s3.amazonaws.com/photos/219220702/original.jpeg; https://inaturalist-open-data.s3.amazonaws.com/photos/219220729/original.jpeg; https://inaturalist-open-data.s3.amazonaws.com/photos/219220908/original.jpeg; https://inaturalist-open-data.s3.amazonaws.com/photos/219221014/original.jpeg,k-central-america,2024-10-28 15:39:56
original_3902053853_3.jpeg,5415476,Melaleuca viminalis,58.138999999999996,"Lampornis sybillae (Salvin & Godman, 1892)",2476755,14.034402,-87.075204,8.0,NORTH_AMERICA,Francisco Morazán,2022,7,24,2022-07-24T07:44,True,Oliver Komar,iNaturalist,http://creativecommons.org/licenses/by-nc/4.0/,Oliver Komar,https://inaturalist-open-data.s3.amazonaws.com/photos/219220702/original.jpeg; https://inaturalist-open-data.s3.amazonaws.com/photos/219220729/original.jpeg; https://inaturalist-open-data.s3.amazonaws.com/photos/219220908/original.jpeg; https://inaturalist-open-data.s3.amazonaws.com/photos/219221014/original.jpeg,k-central-america,2024-10-28 15:40:00
original_3902053853_3.jpeg,5415476,Melaleuca viminalis,58.138999999999996,"Lampornis sybillae (Salvin & Godman, 1892)",2476755,14.034402,-87.075204,8.0,NORTH_AMERICA,Francisco Morazán,2022,7,24,2022-07-24T07:44,True,Oliver Komar,iNaturalist,http://creativecommons.org/licenses/by-nc/4.0/,Oliver Komar,https://inaturalist-open-data.s3.amazonaws.com/photos/219220702/original.jpeg; https://inaturalist-open-data.s3.amazonaws.com/photos/219220729/original.jpeg; https://inaturalist-open-data.s3.amazonaws.com/photos/219220908/original.jpeg; https://inaturalist-open-data.s3.amazonaws.com/photos/219221014/original.jpeg,k-central-america,2024-10-28 15:40:00
original_3902053853_4.jpeg,5415476,Melaleuca viminalis,17.572,"Lampornis sybillae (Salvin & Godman, 1892)",2476755,14.034402,-87.075204,8.0,NORTH_AMERICA,Francisco Morazán,2022,7,24,2022-07-24T07:44,True,Oliver Komar,iNaturalist,http://creativecommons.org/licenses/by-nc/4.0/,Oliver Komar,https://inaturalist-open-data.s3.amazonaws.com/photos/219220702/original.jpeg; https://inaturalist-open-data.s3.amazonaws.com/photos/219220729/original.jpeg; https://inaturalist-open-data.s3.amazonaws.com/photos/219220908/original.jpeg; https://inaturalist-open-data.s3.amazonaws.com/photos/219221014/original.jpeg,k-central-america,2024-10-28 15:40:02
original_3902053853_4.jpeg,5415476,Melaleuca viminalis,17.572,"Lampornis sybillae (Salvin & Godman, 1892)",2476755,14.034402,-87.075204,8.0,NORTH_AMERICA,Francisco Morazán,2022,7,24,2022-07-24T07:44,True,Oliver Komar,iNaturalist,http://creativecommons.org/licenses/by-nc/4.0/,Oliver Komar,https://inaturalist-open-data.s3.amazonaws.com/photos/219220702/original.jpeg; https://inaturalist-open-data.s3.amazonaws.com/photos/219220729/original.jpeg; https://inaturalist-open-data.s3.amazonaws.com/photos/219220908/original.jpeg; https://inaturalist-open-data.s3.amazonaws.com/photos/219221014/original.jpeg,k-central-america,2024-10-28 15:40:02
original_3912230189_1.jpeg,5285019,Pinus devoniana,19.829,"Lampornis sybillae (Salvin & Godman, 1892)",2476755,13.289211,-86.654811,976.0,NORTH_AMERICA,Madriz,2022,9,17,2022-09-17T17:13,True,Cynthia Tercero,iNaturalist,http://creativecommons.org/licenses/by-nc-nd/4.0/,Cynthia Tercero,https://inaturalist-open-data.s3.amazonaws.com/photos/231547832/original.jpeg; https://inaturalist-open-data.s3.amazonaws.com/photos/231547842/original.jpeg,k-central-america,2024-10-28 15:40:06
original_3912230189_1.jpeg,5285019,Pinus devoniana,19.829,"Lampornis sybillae (Salvin & Godman, 1892)",2476755,13.289211,-86.654811,976.0,NORTH_AMERICA,Madriz,2022,9,17,2022-09-17T17:13,True,Cynthia Tercero,iNaturalist,http://creativecommons.org/licenses/by-nc-nd/4.0/,Cynthia Tercero,https://inaturalist-open-data.s3.amazonaws.com/photos/231547832/original.jpeg; https://inaturalist-open-data.s3.amazonaws.com/photos/231547842/original.jpeg,k-central-america,2024-10-28 15:40:06
original_3912230189_2.jpeg,5320021,Epidendrum nocturnum,3.29,"Lampornis sybillae (Salvin & Godman, 1892)",2476755,13.289211,-86.654811,976.0,NORTH_AMERICA,Madriz,2022,9,17,2022-09-17T17:13,True,Cynthia Tercero,iNaturalist,http://creativecommons.org/licenses/by-nc-nd/4.0/,Cynthia Tercero,https://inaturalist-open-data.s3.amazonaws.com/photos/231547832/original.jpeg; https://inaturalist-open-data.s3.amazonaws.com/photos/231547842/original.jpeg,k-central-america,2024-10-28 15:40:08
original_3912230189_2.jpeg,5320021,Epidendrum nocturnum,3.29,"Lampornis sybillae (Salvin & Godman, 1892)",2476755,13.289211,-86.654811,976.0,NORTH_AMERICA,Madriz,2022,9,17,2022-09-17T17:13,True,Cynthia Tercero,iNaturalist,http://creativecommons.org/licenses/by-nc-nd/4.0/,Cynthia Tercero,https://inaturalist-open-data.s3.amazonaws.com/photos/231547832/original.jpeg; https://inaturalist-open-data.s3.amazonaws.com/photos/231547842/original.jpeg,k-central-america,2024-10-28 15:40:08
original_3915330526_1.jpg,5285019,Pinus devoniana,2.166,"Lampornis sybillae (Salvin & Godman, 1892)",2476755,13.285478,-86.656071,1442.0,NORTH_AMERICA,Madriz,2022,9,17,2022-09-17T17:12,True,Jose Abelardo Sánchez,iNaturalist,http://creativecommons.org/licenses/by-nc/4.0/,Jose Abelardo Sánchez,https://inaturalist-open-data.s3.amazonaws.com/photos/231762890/original.jpg; https://inaturalist-open-data.s3.amazonaws.com/photos/231762904/original.jpg,k-central-america,2024-10-28 15:40:10
original_3915330526_1.jpg,5285019,Pinus devoniana,2.166,"Lampornis sybillae (Salvin & Godman, 1892)",2476755,13.285478,-86.656071,1442.0,NORTH_AMERICA,Madriz,2022,9,17,2022-09-17T17:12,True,Jose Abelardo Sánchez,iNaturalist,http://creativecommons.org/licenses/by-nc/4.0/,Jose Abelardo Sánchez,https://inaturalist-open-data.s3.amazonaws.com/photos/231762890/original.jpg; https://inaturalist-open-data.s3.amazonaws.com/photos/231762904/original.jpg,k-central-america,2024-10-28 15:40:10
original_3915330526_2.jpg,5285019,Pinus devoniana,8.505,"Lampornis sybillae (Salvin & Godman, 1892)",2476755,13.285478,-86.656071,1442.0,NORTH_AMERICA,Madriz,2022,9,17,2022-09-17T17:12,True,Jose Abelardo Sánchez,iNaturalist,http://creativecommons.org/licenses/by-nc/4.0/,Jose Abelardo Sánchez,https://inaturalist-open-data.s3.amazonaws.com/photos/231762890/original.jpg; https://inaturalist-open-data.s3.amazonaws.com/photos/231762904/original.jpg,k-central-america,2024-10-28 15:40:12
original_3915330526_2.jpg,5285019,Pinus devoniana,8.505,"Lampornis sybillae (Salvin & Godman, 1892)",2476755,13.285478,-86.656071,1442.0,NORTH_AMERICA,Madriz,2022,9,17,2022-09-17T17:12,True,Jose Abelardo Sánchez,iNaturalist,http://creativecommons.org/licenses/by-nc/4.0/,Jose Abelardo Sánchez,https://inaturalist-open-data.s3.amazonaws.com/photos/231762890/original.jpg; https://inaturalist-open-data.s3.amazonaws.com/photos/231762904/original.jpg,k-central-america,2024-10-28 15:40:12
original_3915419914_1.jpg,5285019,Pinus devoniana,2.171,"Lampornis sybillae (Salvin & Godman, 1892)",2476755,13.28559,-86.655884,1479.0,NORTH_AMERICA,Madriz,2022,9,17,2022-09-17T17:13,True,Jose Abelardo Sánchez,iNaturalist,http://creativecommons.org/licenses/by-nc/4.0/,Jose Abelardo Sánchez,https://inaturalist-open-data.s3.amazonaws.com/photos/231762875/original.jpg; https://inaturalist-open-data.s3.amazonaws.com/photos/231762882/original.jpg,k-central-america,2024-10-28 15:40:14
original_3915419914_1.jpg,5285019,Pinus devoniana,2.171,"Lampornis sybillae (Salvin & Godman, 1892)",2476755,13.28559,-86.655884,1479.0,NORTH_AMERICA,Madriz,2022,9,17,2022-09-17T17:13,True,Jose Abelardo Sánchez,iNaturalist,http://creativecommons.org/licenses/by-nc/4.0/,Jose Abelardo Sánchez,https://inaturalist-open-data.s3.amazonaws.com/photos/231762875/original.jpg; https://inaturalist-open-data.s3.amazonaws.com/photos/231762882/original.jpg,k-central-america,2024-10-28 15:40:14
original_3925339646_3.jpeg,3152052,Apeiba tibourbou,2.822,"Lampornis sybillae (Salvin & Godman, 1892)",2476755,13.301189,-86.634026,539.0,NORTH_AMERICA,Madriz,2022,10,8,2022-10-08T11:19,True,Cynthia Tercero,iNaturalist,http://creativecommons.org/licenses/by-nc-nd/4.0/,Cynthia Tercero,https://inaturalist-open-data.s3.amazonaws.com/photos/236456873/original.jpeg; https://inaturalist-open-data.s3.amazonaws.com/photos/236456881/original.jpeg; https://inaturalist-open-data.s3.amazonaws.com/photos/236456887/original.jpeg; https://inaturalist-open-data.s3.amazonaws.com/photos/236456901/original.jpeg,k-central-america,2024-10-28 15:40:22
original_3925339646_3.jpeg,3152052,Apeiba tibourbou,2.822,"Lampornis sybillae (Salvin & Godman, 1892)",2476755,13.301189,-86.634026,539.0,NORTH_AMERICA,Madriz,2022,10,8,2022-10-08T11:19,True,Cynthia Tercero,iNaturalist,http://creativecommons.org/licenses/by-nc-nd/4.0/,Cynthia Tercero,https://inaturalist-open-data.s3.amazonaws.com/photos/236456873/original.jpeg; https://inaturalist-open-data.s3.amazonaws.com/photos/236456881/original.jpeg; https://inaturalist-open-data.s3.amazonaws.com/photos/236456887/original.jpeg; https://inaturalist-open-data.s3.amazonaws.com/photos/236456901/original.jpeg,k-central-america,2024-10-28 15:40:22
original_3947111066_1.jpg,2792457,Polystachya concreta,3.456,"Lampornis sybillae (Salvin & Godman, 1892)",2476755,13.298692,-86.634686,786.0,NORTH_AMERICA,Madriz,2022,10,8,2022-10-08T11:20,True,Jose Abelardo Sánchez,iNaturalist,http://creativecommons.org/licenses/by-nc/4.0/,Jose Abelardo Sánchez,https://inaturalist-open-data.s3.amazonaws.com/photos/236666878/original.jpg; https://inaturalist-open-data.s3.amazonaws.com/photos/236666900/original.jpg; https://inaturalist-open-data.s3.amazonaws.com/photos/236666906/original.jpg,k-central-america,2024-10-28 15:40:32
original_3947111066_1.jpg,2792457,Polystachya concreta,3.456,"Lampornis sybillae (Salvin & Godman, 1892)",2476755,13.298692,-86.634686,786.0,NORTH_AMERICA,Madriz,2022,10,8,2022-10-08T11:20,True,Jose Abelardo Sánchez,iNaturalist,http://creativecommons.org/licenses/by-nc/4.0/,Jose Abelardo Sánchez,https://inaturalist-open-data.s3.amazonaws.com/photos/236666878/original.jpg; https://inaturalist-open-data.s3.amazonaws.com/photos/236666900/original.jpg; https://inaturalist-open-data.s3.amazonaws.com/photos/236666906/original.jpg,k-central-america,2024-10-28 15:40:32
original_3947111066_3.jpg,5416675,Eugenia austin-smithii,5.206,"Lampornis sybillae (Salvin & Godman, 1892)",2476755,13.298692,-86.634686,786.0,NORTH_AMERICA,Madriz,2022,10,8,2022-10-08T11:20,True,Jose Abelardo Sánchez,iNaturalist,http://creativecommons.org/licenses/by-nc/4.0/,Jose Abelardo Sánchez,https://inaturalist-open-data.s3.amazonaws.com/photos/236666878/original.jpg; https://inaturalist-open-data.s3.amazonaws.com/photos/236666900/original.jpg; https://inaturalist-open-data.s3.amazonaws.com/photos/236666906/original.jpg,k-central-america,2024-10-28 15:40:36
original_3947111066_3.jpg,5416675,Eugenia austin-smithii,5.206,"Lampornis sybillae (Salvin & Godman, 1892)",2476755,13.298692,-86.634686,786.0,NORTH_AMERICA,Madriz,2022,10,8,2022-10-08T11:20,True,Jose Abelardo Sánchez,iNaturalist,http://creativecommons.org/licenses/by-nc/4.0/,Jose Abelardo Sánchez,https://inaturalist-open-data.s3.amazonaws.com/photos/236666878/original.jpg; https://inaturalist-open-data.s3.amazonaws.com/photos/236666900/original.jpg; https://inaturalist-open-data.s3.amazonaws.com/photos/236666906/original.jpg,k-central-america,2024-10-28 15:40:36
original_3947410078_1.jpg,2895345,Coffea arabica,34.927,"Lampornis sybillae (Salvin & Godman, 1892)",2476755,13.298807,-86.635355,270.0,NORTH_AMERICA,Madriz,2022,10,8,2022-10-08T09:40,True,Jose Abelardo Sánchez,iNaturalist,http://creativecommons.org/licenses/by-nc/4.0/,Jose Abelardo Sánchez,https://inaturalist-open-data.s3.amazonaws.com/photos/236666967/original.jpg; https://inaturalist-open-data.s3.amazonaws.com/photos/236666981/original.jpg,k-central-america,2024-10-28 15:40:38
original_3947410078_1.jpg,2895345,Coffea arabica,34.927,"Lampornis sybillae (Salvin & Godman, 1892)",2476755,13.298807,-86.635355,270.0,NORTH_AMERICA,Madriz,2022,10,8,2022-10-08T09:40,True,Jose Abelardo Sánchez,iNaturalist,http://creativecommons.org/licenses/by-nc/4.0/,Jose Abelardo Sánchez,https://inaturalist-open-data.s3.amazonaws.com/photos/236666967/original.jpg; https://inaturalist-open-data.s3.amazonaws.com/photos/236666981/original.jpg,k-central-america,2024-10-28 15:40:38
original_3947410078_2.jpg,2895345,Coffea arabica,52.699,"Lampornis sybillae (Salvin & Godman, 1892)",2476755,13.298807,-86.635355,270.0,NORTH_AMERICA,Madriz,2022,10,8,2022-10-08T09:40,True,Jose Abelardo Sánchez,iNaturalist,http://creativecommons.org/licenses/by-nc/4.0/,Jose Abelardo Sánchez,https://inaturalist-open-data.s3.amazonaws.com/photos/236666967/original.jpg; https://inaturalist-open-data.s3.amazonaws.com/photos/236666981/original.jpg,k-central-america,2024-10-28 15:40:40
original_3947410078_2.jpg,2895345,Coffea arabica,52.699,"Lampornis sybillae (Salvin & Godman, 1892)",2476755,13.298807,-86.635355,270.0,NORTH_AMERICA,Madriz,2022,10,8,2022-10-08T09:40,True,Jose Abelardo Sánchez,iNaturalist,http://creativecommons.org/licenses/by-nc/4.0/,Jose Abelardo Sánchez,https://inaturalist-open-data.s3.amazonaws.com/photos/236666967/original.jpg; https://inaturalist-open-data.s3.amazonaws.com/photos/236666981/original.jpg,k-central-america,2024-10-28 15:40:40
original_3947812033_1.jpg,5285740,Pinus caribaea,2.056,"Lampornis sybillae (Salvin & Godman, 1892)",2476755,13.303202,-86.63254,477.0,NORTH_AMERICA,Madriz,2022,10,8,2022-10-08T13:13,True,Jose Abelardo Sánchez,iNaturalist,http://creativecommons.org/licenses/by-nc/4.0/,Jose Abelardo Sánchez,https://inaturalist-open-data.s3.amazonaws.com/photos/236666677/original.jpg; https://inaturalist-open-data.s3.amazonaws.com/photos/236666695/original.jpg,k-central-america,2024-10-28 15:40:42
original_3947812033_1.jpg,5285740,Pinus caribaea,2.056,"Lampornis sybillae (Salvin & Godman, 1892)",2476755,13.303202,-86.63254,477.0,NORTH_AMERICA,Madriz,2022,10,8,2022-10-08T13:13,True,Jose Abelardo Sánchez,iNaturalist,http://creativecommons.org/licenses/by-nc/4.0/,Jose Abelardo Sánchez,https://inaturalist-open-data.s3.amazonaws.com/photos/236666677/original.jpg; https://inaturalist-open-data.s3.amazonaws.com/photos/236666695/original.jpg,k-central-america,2024-10-28 15:40:42
original_3947812033_2.jpg,5285740,Pinus caribaea,8.461,"Lampornis sybillae (Salvin & Godman, 1892)",2476755,13.303202,-86.63254,477.0,NORTH_AMERICA,Madriz,2022,10,8,2022-10-08T13:13,True,Jose Abelardo Sánchez,iNaturalist,http://creativecommons.org/licenses/by-nc/4.0/,Jose Abelardo Sánchez,https://inaturalist-open-data.s3.amazonaws.com/photos/236666677/original.jpg; https://inaturalist-open-data.s3.amazonaws.com/photos/236666695/original.jpg,k-central-america,2024-10-28 15:40:44
original_3947812033_2.jpg,5285740,Pinus caribaea,8.461,"Lampornis sybillae (Salvin & Godman, 1892)",2476755,13.303202,-86.63254,477.0,NORTH_AMERICA,Madriz,2022,10,8,2022-10-08T13:13,True,Jose Abelardo Sánchez,iNaturalist,http://creativecommons.org/licenses/by-nc/4.0/,Jose Abelardo Sánchez,https://inaturalist-open-data.s3.amazonaws.com/photos/236666677/original.jpg; https://inaturalist-open-data.s3.amazonaws.com/photos/236666695/original.jpg,k-central-america,2024-10-28 15:40:44
original_3966647667_1.jpg,8410331,Justicia aurea,2.281,"Lampornis sybillae (Salvin & Godman, 1892)",2476755,13.000209,-85.908442,117.0,NORTH_AMERICA,Matagalpa,2022,10,31,2022-10-31T16:00,True,Jose Abelardo Sánchez,iNaturalist,http://creativecommons.org/licenses/by-nc/4.0/,Jose Abelardo Sánchez,https://inaturalist-open-data.s3.amazonaws.com/photos/242442759/original.jpg,k-central-america,2024-10-28 15:40:46
original_3966647667_1.jpg,8410331,Justicia aurea,2.281,"Lampornis sybillae (Salvin & Godman, 1892)",2476755,13.000209,-85.908442,117.0,NORTH_AMERICA,Matagalpa,2022,10,31,2022-10-31T16:00,True,Jose Abelardo Sánchez,iNaturalist,http://creativecommons.org/licenses/by-nc/4.0/,Jose Abelardo Sánchez,https://inaturalist-open-data.s3.amazonaws.com/photos/242442759/original.jpg,k-central-america,2024-10-28 15:40:46
original_4028616665_1.jpeg,3086337,Piper aduncum,23.282,"Lampornis sybillae (Salvin & Godman, 1892)",2476755,15.079017,-86.712328,490.0,NORTH_AMERICA,Olancho,2021,6,9,2021-06-09T21:43,True,Josue Ramos Galdamez,iNaturalist,http://creativecommons.org/licenses/by-nc/4.0/,Josue Ramos Galdamez,https://inaturalist-open-data.s3.amazonaws.com/photos/244743002/original.jpeg,k-central-america,2024-10-28 15:40:48
original_4028616665_1.jpeg,3086337,Piper aduncum,23.282,"Lampornis sybillae (Salvin & Godman, 1892)",2476755,15.079017,-86.712328,490.0,NORTH_AMERICA,Olancho,2021,6,9,2021-06-09T21:43,True,Josue Ramos Galdamez,iNaturalist,http://creativecommons.org/licenses/by-nc/4.0/,Josue Ramos Galdamez,https://inaturalist-open-data.s3.amazonaws.com/photos/244743002/original.jpeg,k-central-america,2024-10-28 15:40:48
original_4029069503_1.jpeg,3587005,Passiflora misera,11.335,"Lampornis sybillae (Salvin & Godman, 1892)",2476755,14.033629,-87.075414,25.0,NORTH_AMERICA,Francisco Morazán,2023,1,29,2023-01-29T14:08,True,Oliver Komar,iNaturalist,http://creativecommons.org/licenses/by-nc/4.0/,Oliver Komar,https://inaturalist-open-data.s3.amazonaws.com/photos/254227258/original.jpeg,k-central-america,2024-10-28 15:40:50
original_4029069503_1.jpeg,3587005,Passiflora misera,11.335,"Lampornis sybillae (Salvin & Godman, 1892)",2476755,14.033629,-87.075414,25.0,NORTH_AMERICA,Francisco Morazán,2023,1,29,2023-01-29T14:08,True,Oliver Komar,iNaturalist,http://creativecommons.org/licenses/by-nc/4.0/,Oliver Komar,https://inaturalist-open-data.s3.amazonaws.com/photos/254227258/original.jpeg,k-central-america,2024-10-28 15:40:51
original_4847051826_2.jpeg,2898772,Palicourea guianensis,48.837,"Lampornis sybillae (Salvin & Godman, 1892)",2476755,14.03284,-87.073826,81.0,NORTH_AMERICA,Francisco Morazán,2024,4,13,2024-04-13T14:35,True,Oliver Komar,iNaturalist,http://creativecommons.org/licenses/by-nc/4.0/,Oliver Komar,https://inaturalist-open-data.s3.amazonaws.com/photos/366902500/original.jpeg; https://inaturalist-open-data.s3.amazonaws.com/photos/366902522/original.jpeg,k-central-america,2024-10-28 15:40:59
original_4847051826_2.jpeg,2898772,Palicourea guianensis,48.837,"Lampornis sybillae (Salvin & Godman, 1892)",2476755,14.03284,-87.073826,81.0,NORTH_AMERICA,Francisco Morazán,2024,4,13,2024-04-13T14:35,True,Oliver Komar,iNaturalist,http://creativecommons.org/licenses/by-nc/4.0/,Oliver Komar,https://inaturalist-open-data.s3.amazonaws.com/photos/366902500/original.jpeg; https://inaturalist-open-data.s3.amazonaws.com/photos/366902522/original.jpeg,k-central-america,2024-10-28 15:40:59
original_4853199813_1.jpeg,7327057,Combretum farinosum,3.55,"Lampornis sybillae (Salvin & Godman, 1892)",2476755,14.033431,-87.074184,122.0,NORTH_AMERICA,Francisco Morazán,2024,4,25,2024-04-25T14:22,True,Eric van den Berghe,iNaturalist,http://creativecommons.org/licenses/by-nc/4.0/,Eric van den Berghe,https://inaturalist-open-data.s3.amazonaws.com/photos/373649688/original.jpeg,k-central-america,2024-10-28 15:41:02
original_4853199813_1.jpeg,7327057,Combretum farinosum,3.55,"Lampornis sybillae (Salvin & Godman, 1892)",2476755,14.033431,-87.074184,122.0,NORTH_AMERICA,Francisco Morazán,2024,4,25,2024-04-25T14:22,True,Eric van den Berghe,iNaturalist,http://creativecommons.org/licenses/by-nc/4.0/,Eric van den Berghe,https://inaturalist-open-data.s3.amazonaws.com/photos/373649688/original.jpeg,k-central-america,2024-10-28 15:41:02
sp61539269990803663983.att_1937485213_5.JPG,2695149,Tillandsia usneoides,13.658000000000001,"Lampornis sybillae (Salvin & Godman, 1892)",2476755,13.736,-86.381,,NORTH_AMERICA,Nueva Segovia,2016,6,16,2016-06-16,True,Unknown,Unknown,Unknown,University of Kansas Biodiversity Institute,http://biimages.biodiversity.ku.edu/static/Ornithology/originals/sp61539269990803663983.att.JPG; http://biimages.biodiversity.ku.edu/static/Ornithology/originals/sp61613123697484709657.att.JPG; http://biimages.biodiversity.ku.edu/static/Ornithology/originals/sp62231960642335302024.att.JPG; http://biimages.biodiversity.ku.edu/static/Ornithology/originals/sp62851471480786611469.att.JPG; http://biimages.biodiversity.ku.edu/static/Ornithology/originals/sp63233131716295685971.att.JPG; http://biimages.biodiversity.ku.edu/static/Ornithology/originals/sp63473197775202160431.att.JPG; http://biimages.biodiversity.ku.edu/static/Ornithology/originals/sp63649256785679833010.att.JPG; http://biimages.biodiversity.ku.edu/static/Ornithology/originals/sp63772040823714068057.att.JPG; http://biimages.biodiversity.ku.edu/static/Ornithology/originals/sp64039595646971232070.att.JPG; http://biimages.biodiversity.ku.edu/static/Ornithology/originals/sp64065942925913006275.att.JPG; http://biimages.biodiversity.ku.edu/static/Ornithology/originals/sp64642172043707948159.att.JPG; http://biimages.biodiversity.ku.edu/static/Ornithology/originals/sp64650863189925062115.att.JPG; http://biimages.biodiversity.ku.edu/static/Ornithology/originals/sp65013003488685303088.att.JPG; http://biimages.biodiversity.ku.edu/static/Ornithology/originals/sp6621673450792750796.att.JPG; http://biimages.biodiversity.ku.edu/static/Ornithology/originals/sp66653853712402814845.att.JPG; http://biimages.biodiversity.ku.edu/static/Ornithology/originals/sp66771498978554474669.att.JPG; http://biimages.biodiversity.ku.edu/static/Ornithology/originals/sp66918682296312761193.att.JPG; http://biimages.biodiversity.ku.edu/static/Ornithology/originals/sp67526663451240057514.att.JPG; http://biimages.biodiversity.ku.edu/static/Ornithology/originals/sp67872360817818987891.att.JPG; http://biimages.biodiversity.ku.edu/static/Ornithology/originals/sp67883027145547190785.att.JPG; http://biimages.biodiversity.ku.edu/static/Ornithology/originals/sp68030165554152849002.att.JPG; http://biimages.biodiversity.ku.edu/static/Ornithology/originals/sp68282642902575015873.att.JPG; http://biimages.biodiversity.ku.edu/static/Ornithology/originals/sp68611198299198145760.att.JPG,k-central-america,2024-10-28 15:41:05
sp61539269990803663983.att_1937485213_5.JPG,2695149,Tillandsia usneoides,13.658000000000001,"Lampornis sybillae (Salvin & Godman, 1892)",2476755,13.736,-86.381,,NORTH_AMERICA,Nueva Segovia,2016,6,16,2016-06-16,True,Unknown,Unknown,Unknown,University of Kansas Biodiversity Institute,http://biimages.biodiversity.ku.edu/static/Ornithology/originals/sp61539269990803663983.att.JPG; http://biimages.biodiversity.ku.edu/static/Ornithology/originals/sp61613123697484709657.att.JPG; http://biimages.biodiversity.ku.edu/static/Ornithology/originals/sp62231960642335302024.att.JPG; http://biimages.biodiversity.ku.edu/static/Ornithology/originals/sp62851471480786611469.att.JPG; http://biimages.biodiversity.ku.edu/static/Ornithology/originals/sp63233131716295685971.att.JPG; http://biimages.biodiversity.ku.edu/static/Ornithology/originals/sp63473197775202160431.att.JPG; http://biimages.biodiversity.ku.edu/static/Ornithology/originals/sp63649256785679833010.att.JPG; http://biimages.biodiversity.ku.edu/static/Ornithology/originals/sp63772040823714068057.att.JPG; http://biimages.biodiversity.ku.edu/static/Ornithology/originals/sp64039595646971232070.att.JPG; http://biimages.biodiversity.ku.edu/static/Ornithology/originals/sp64065942925913006275.att.JPG; http://biimages.biodiversity.ku.edu/static/Ornithology/originals/sp64642172043707948159.att.JPG; http://biimages.biodiversity.ku.edu/static/Ornithology/originals/sp64650863189925062115.att.JPG; http://biimages.biodiversity.ku.edu/static/Ornithology/originals/sp65013003488685303088.att.JPG; http://biimages.biodiversity.ku.edu/static/Ornithology/originals/sp6621673450792750796.att.JPG; http://biimages.biodiversity.ku.edu/static/Ornithology/originals/sp66653853712402814845.att.JPG; http://biimages.biodiversity.ku.edu/static/Ornithology/originals/sp66771498978554474669.att.JPG; http://biimages.biodiversity.ku.edu/static/Ornithology/originals/sp66918682296312761193.att.JPG; http://biimages.biodiversity.ku.edu/static/Ornithology/originals/sp67526663451240057514.att.JPG; http://biimages.biodiversity.ku.edu/static/Ornithology/originals/sp67872360817818987891.att.JPG; http://biimages.biodiversity.ku.edu/static/Ornithology/originals/sp67883027145547190785.att.JPG; http://biimages.biodiversity.ku.edu/static/Ornithology/originals/sp68030165554152849002.att.JPG; http://biimages.biodiversity.ku.edu/static/Ornithology/originals/sp68282642902575015873.att.JPG; http://biimages.biodiversity.ku.edu/static/Ornithology/originals/sp68611198299198145760.att.JPG,k-central-america,2024-10-28 15:41:06
sp61539269990803663983.att_1937485262_5.JPG,2695149,Tillandsia usneoides,13.658000000000001,"Lampornis sybillae (Salvin & Godman, 1892)",2476755,13.743,-86.393,,NORTH_AMERICA,Nueva Segovia,2016,6,11,2016-06-11,True,Unknown,Unknown,Unknown,University of Kansas Biodiversity Institute,http://biimages.biodiversity.ku.edu/static/Ornithology/originals/sp61539269990803663983.att.JPG; http://biimages.biodiversity.ku.edu/static/Ornithology/originals/sp61613123697484709657.att.JPG; http://biimages.biodiversity.ku.edu/static/Ornithology/originals/sp62231960642335302024.att.JPG; http://biimages.biodiversity.ku.edu/static/Ornithology/originals/sp62851471480786611469.att.JPG; http://biimages.biodiversity.ku.edu/static/Ornithology/originals/sp63233131716295685971.att.JPG; http://biimages.biodiversity.ku.edu/static/Ornithology/originals/sp63473197775202160431.att.JPG; http://biimages.biodiversity.ku.edu/static/Ornithology/originals/sp63649256785679833010.att.JPG; http://biimages.biodiversity.ku.edu/static/Ornithology/originals/sp63772040823714068057.att.JPG; http://biimages.biodiversity.ku.edu/static/Ornithology/originals/sp64039595646971232070.att.JPG; http://biimages.biodiversity.ku.edu/static/Ornithology/originals/sp64065942925913006275.att.JPG; http://biimages.biodiversity.ku.edu/static/Ornithology/originals/sp64642172043707948159.att.JPG; http://biimages.biodiversity.ku.edu/static/Ornithology/originals/sp64650863189925062115.att.JPG; http://biimages.biodiversity.ku.edu/static/Ornithology/originals/sp65013003488685303088.att.JPG; http://biimages.biodiversity.ku.edu/static/Ornithology/originals/sp6621673450792750796.att.JPG; http://biimages.biodiversity.ku.edu/static/Ornithology/originals/sp66653853712402814845.att.JPG; http://biimages.biodiversity.ku.edu/static/Ornithology/originals/sp66771498978554474669.att.JPG; http://biimages.biodiversity.ku.edu/static/Ornithology/originals/sp66918682296312761193.att.JPG; http://biimages.biodiversity.ku.edu/static/Ornithology/originals/sp67526663451240057514.att.JPG; http://biimages.biodiversity.ku.edu/static/Ornithology/originals/sp67872360817818987891.att.JPG; http://biimages.biodiversity.ku.edu/static/Ornithology/originals/sp67883027145547190785.att.JPG; http://biimages.biodiversity.ku.edu/static/Ornithology/originals/sp68030165554152849002.att.JPG; http://biimages.biodiversity.ku.edu/static/Ornithology/originals/sp68282642902575015873.att.JPG; http://biimages.biodiversity.ku.edu/static/Ornithology/originals/sp68611198299198145760.att.JPG,k-central-america,2024-10-28 15:41:07
sp61539269990803663983.att_1937485262_5.JPG,2695149,Tillandsia usneoides,13.658000000000001,"Lampornis sybillae (Salvin & Godman, 1892)",2476755,13.743,-86.393,,NORTH_AMERICA,Nueva Segovia,2016,6,11,2016-06-11,True,Unknown,Unknown,Unknown,University of Kansas Biodiversity Institute,http://biimages.biodiversity.ku.edu/static/Ornithology/originals/sp61539269990803663983.att.JPG; http://biimages.biodiversity.ku.edu/static/Ornithology/originals/sp61613123697484709657.att.JPG; http://biimages.biodiversity.ku.edu/static/Ornithology/originals/sp62231960642335302024.att.JPG; http://biimages.biodiversity.ku.edu/static/Ornithology/originals/sp62851471480786611469.att.JPG; http://biimages.biodiversity.ku.edu/static/Ornithology/originals/sp63233131716295685971.att.JPG; http://biimages.biodiversity.ku.edu/static/Ornithology/originals/sp63473197775202160431.att.JPG; http://biimages.biodiversity.ku.edu/static/Ornithology/originals/sp63649256785679833010.att.JPG; http://biimages.biodiversity.ku.edu/static/Ornithology/originals/sp63772040823714068057.att.JPG; http://biimages.biodiversity.ku.edu/static/Ornithology/originals/sp64039595646971232070.att.JPG; http://biimages.biodiversity.ku.edu/static/Ornithology/originals/sp64065942925913006275.att.JPG; http://biimages.biodiversity.ku.edu/static/Ornithology/originals/sp64642172043707948159.att.JPG; http://biimages.biodiversity.ku.edu/static/Ornithology/originals/sp64650863189925062115.att.JPG; http://biimages.biodiversity.ku.edu/static/Ornithology/originals/sp65013003488685303088.att.JPG; http://biimages.biodiversity.ku.edu/static/Ornithology/originals/sp6621673450792750796.att.JPG; http://biimages.biodiversity.ku.edu/static/Ornithology/originals/sp66653853712402814845.att.JPG; http://biimages.biodiversity.ku.edu/static/Ornithology/originals/sp66771498978554474669.att.JPG; http://biimages.biodiversity.ku.edu/static/Ornithology/originals/sp66918682296312761193.att.JPG; http://biimages.biodiversity.ku.edu/static/Ornithology/originals/sp67526663451240057514.att.JPG; http://biimages.biodiversity.ku.edu/static/Ornithology/originals/sp67872360817818987891.att.JPG; http://biimages.biodiversity.ku.edu/static/Ornithology/originals/sp67883027145547190785.att.JPG; http://biimages.biodiversity.ku.edu/static/Ornithology/originals/sp68030165554152849002.att.JPG; http://biimages.biodiversity.ku.edu/static/Ornithology/originals/sp68282642902575015873.att.JPG; http://biimages.biodiversity.ku.edu/static/Ornithology/originals/sp68611198299198145760.att.JPG,k-central-america,2024-10-28 15:41:07
sp61539269990803663983.att_1937485389_5.JPG,2695149,Tillandsia usneoides,13.658000000000001,"Lampornis sybillae (Salvin & Godman, 1892)",2476755,13.743,-86.393,,NORTH_AMERICA,Nueva Segovia,2016,6,9,2016-06-09,True,Unknown,Unknown,Unknown,University of Kansas Biodiversity Institute,http://biimages.biodiversity.ku.edu/static/Ornithology/originals/sp61539269990803663983.att.JPG; http://biimages.biodiversity.ku.edu/static/Ornithology/originals/sp61613123697484709657.att.JPG; http://biimages.biodiversity.ku.edu/static/Ornithology/originals/sp62231960642335302024.att.JPG; http://biimages.biodiversity.ku.edu/static/Ornithology/originals/sp62851471480786611469.att.JPG; http://biimages.biodiversity.ku.edu/static/Ornithology/originals/sp63233131716295685971.att.JPG; http://biimages.biodiversity.ku.edu/static/Ornithology/originals/sp63473197775202160431.att.JPG; http://biimages.biodiversity.ku.edu/static/Ornithology/originals/sp63649256785679833010.att.JPG; http://biimages.biodiversity.ku.edu/static/Ornithology/originals/sp63772040823714068057.att.JPG; http://biimages.biodiversity.ku.edu/static/Ornithology/originals/sp64039595646971232070.att.JPG; http://biimages.biodiversity.ku.edu/static/Ornithology/originals/sp64065942925913006275.att.JPG; http://biimages.biodiversity.ku.edu/static/Ornithology/originals/sp64642172043707948159.att.JPG; http://biimages.biodiversity.ku.edu/static/Ornithology/originals/sp64650863189925062115.att.JPG; http://biimages.biodiversity.ku.edu/static/Ornithology/originals/sp65013003488685303088.att.JPG; http://biimages.biodiversity.ku.edu/static/Ornithology/originals/sp6621673450792750796.att.JPG; http://biimages.biodiversity.ku.edu/static/Ornithology/originals/sp66653853712402814845.att.JPG; http://biimages.biodiversity.ku.edu/static/Ornithology/originals/sp66771498978554474669.att.JPG; http://biimages.biodiversity.ku.edu/static/Ornithology/originals/sp66918682296312761193.att.JPG; http://biimages.biodiversity.ku.edu/static/Ornithology/originals/sp67526663451240057514.att.JPG; http://biimages.biodiversity.ku.edu/static/Ornithology/originals/sp67872360817818987891.att.JPG; http://biimages.biodiversity.ku.edu/static/Ornithology/originals/sp67883027145547190785.att.JPG; http://biimages.biodiversity.ku.edu/static/Ornithology/originals/sp68030165554152849002.att.JPG; http://biimages.biodiversity.ku.edu/static/Ornithology/originals/sp68282642902575015873.att.JPG; http://biimages.biodiversity.ku.edu/static/Ornithology/originals/sp68611198299198145760.att.JPG,k-central-america,2024-10-28 15:41:09
sp61539269990803663983.att_1937485389_5.JPG,2695149,Tillandsia usneoides,13.658000000000001,"Lampornis sybillae (Salvin & Godman, 1892)",2476755,13.743,-86.393,,NORTH_AMERICA,Nueva Segovia,2016,6,9,2016-06-09,True,Unknown,Unknown,Unknown,University of Kansas Biodiversity Institute,http://biimages.biodiversity.ku.edu/static/Ornithology/originals/sp61539269990803663983.att.JPG; http://biimages.biodiversity.ku.edu/static/Ornithology/originals/sp61613123697484709657.att.JPG; http://biimages.biodiversity.ku.edu/static/Ornithology/originals/sp62231960642335302024.att.JPG; http://biimages.biodiversity.ku.edu/static/Ornithology/originals/sp62851471480786611469.att.JPG; http://biimages.biodiversity.ku.edu/static/Ornithology/originals/sp63233131716295685971.att.JPG; http://biimages.biodiversity.ku.edu/static/Ornithology/originals/sp63473197775202160431.att.JPG; http://biimages.biodiversity.ku.edu/static/Ornithology/originals/sp63649256785679833010.att.JPG; http://biimages.biodiversity.ku.edu/static/Ornithology/originals/sp63772040823714068057.att.JPG; http://biimages.biodiversity.ku.edu/static/Ornithology/originals/sp64039595646971232070.att.JPG; http://biimages.biodiversity.ku.edu/static/Ornithology/originals/sp64065942925913006275.att.JPG; http://biimages.biodiversity.ku.edu/static/Ornithology/originals/sp64642172043707948159.att.JPG; http://biimages.biodiversity.ku.edu/static/Ornithology/originals/sp64650863189925062115.att.JPG; http://biimages.biodiversity.ku.edu/static/Ornithology/originals/sp65013003488685303088.att.JPG; http://biimages.biodiversity.ku.edu/static/Ornithology/originals/sp6621673450792750796.att.JPG; http://biimages.biodiversity.ku.edu/static/Ornithology/originals/sp66653853712402814845.att.JPG; http://biimages.biodiversity.ku.edu/static/Ornithology/originals/sp66771498978554474669.att.JPG; http://biimages.biodiversity.ku.edu/static/Ornithology/originals/sp66918682296312761193.att.JPG; http://biimages.biodiversity.ku.edu/static/Ornithology/originals/sp67526663451240057514.att.JPG; http://biimages.biodiversity.ku.edu/static/Ornithology/originals/sp67872360817818987891.att.JPG; http://biimages.biodiversity.ku.edu/static/Ornithology/originals/sp67883027145547190785.att.JPG; http://biimages.biodiversity.ku.edu/static/Ornithology/originals/sp68030165554152849002.att.JPG; http://biimages.biodiversity.ku.edu/static/Ornithology/originals/sp68282642902575015873.att.JPG; http://biimages.biodiversity.ku.edu/static/Ornithology/originals/sp68611198299198145760.att.JPG,k-central-america,2024-10-28 15:41:09
sp61539269990803663983.att_1937485674_5.JPG,2695149,Tillandsia usneoides,13.658000000000001,"Lampornis sybillae (Salvin & Godman, 1892)",2476755,13.743,-86.393,,NORTH_AMERICA,Nueva Segovia,2016,6,10,2016-06-10,True,Unknown,Unknown,Unknown,University of Kansas Biodiversity Institute,http://biimages.biodiversity.ku.edu/static/Ornithology/originals/sp61539269990803663983.att.JPG; http://biimages.biodiversity.ku.edu/static/Ornithology/originals/sp61613123697484709657.att.JPG; http://biimages.biodiversity.ku.edu/static/Ornithology/originals/sp62231960642335302024.att.JPG; http://biimages.biodiversity.ku.edu/static/Ornithology/originals/sp62851471480786611469.att.JPG; http://biimages.biodiversity.ku.edu/static/Ornithology/originals/sp63233131716295685971.att.JPG; http://biimages.biodiversity.ku.edu/static/Ornithology/originals/sp63473197775202160431.att.JPG; http://biimages.biodiversity.ku.edu/static/Ornithology/originals/sp63649256785679833010.att.JPG; http://biimages.biodiversity.ku.edu/static/Ornithology/originals/sp63772040823714068057.att.JPG; http://biimages.biodiversity.ku.edu/static/Ornithology/originals/sp64039595646971232070.att.JPG; http://biimages.biodiversity.ku.edu/static/Ornithology/originals/sp64065942925913006275.att.JPG; http://biimages.biodiversity.ku.edu/static/Ornithology/originals/sp64642172043707948159.att.JPG; http://biimages.biodiversity.ku.edu/static/Ornithology/originals/sp64650863189925062115.att.JPG; http://biimages.biodiversity.ku.edu/static/Ornithology/originals/sp65013003488685303088.att.JPG; http://biimages.biodiversity.ku.edu/static/Ornithology/originals/sp6621673450792750796.att.JPG; http://biimages.biodiversity.ku.edu/static/Ornithology/originals/sp66653853712402814845.att.JPG; http://biimages.biodiversity.ku.edu/static/Ornithology/originals/sp66771498978554474669.att.JPG; http://biimages.biodiversity.ku.edu/static/Ornithology/originals/sp66918682296312761193.att.JPG; http://biimages.biodiversity.ku.edu/static/Ornithology/originals/sp67526663451240057514.att.JPG; http://biimages.biodiversity.ku.edu/static/Ornithology/originals/sp67872360817818987891.att.JPG; http://biimages.biodiversity.ku.edu/static/Ornithology/originals/sp67883027145547190785.att.JPG; http://biimages.biodiversity.ku.edu/static/Ornithology/originals/sp68030165554152849002.att.JPG; http://biimages.biodiversity.ku.edu/static/Ornithology/originals/sp68282642902575015873.att.JPG; http://biimages.biodiversity.ku.edu/static/Ornithology/originals/sp68611198299198145760.att.JPG,k-central-america,2024-10-28 15:41:11
sp61539269990803663983.att_1937485674_5.JPG,2695149,Tillandsia usneoides,13.658000000000001,"Lampornis sybillae (Salvin & Godman, 1892)",2476755,13.743,-86.393,,NORTH_AMERICA,Nueva Segovia,2016,6,10,2016-06-10,True,Unknown,Unknown,Unknown,University of Kansas Biodiversity Institute,http://biimages.biodiversity.ku.edu/static/Ornithology/originals/sp61539269990803663983.att.JPG; http://biimages.biodiversity.ku.edu/static/Ornithology/originals/sp61613123697484709657.att.JPG; http://biimages.biodiversity.ku.edu/static/Ornithology/originals/sp62231960642335302024.att.JPG; http://biimages.biodiversity.ku.edu/static/Ornithology/originals/sp62851471480786611469.att.JPG; http://biimages.biodiversity.ku.edu/static/Ornithology/originals/sp63233131716295685971.att.JPG; http://biimages.biodiversity.ku.edu/static/Ornithology/originals/sp63473197775202160431.att.JPG; http://biimages.biodiversity.ku.edu/static/Ornithology/originals/sp63649256785679833010.att.JPG; http://biimages.biodiversity.ku.edu/static/Ornithology/originals/sp63772040823714068057.att.JPG; http://biimages.biodiversity.ku.edu/static/Ornithology/originals/sp64039595646971232070.att.JPG; http://biimages.biodiversity.ku.edu/static/Ornithology/originals/sp64065942925913006275.att.JPG; http://biimages.biodiversity.ku.edu/static/Ornithology/originals/sp64642172043707948159.att.JPG; http://biimages.biodiversity.ku.edu/static/Ornithology/originals/sp64650863189925062115.att.JPG; http://biimages.biodiversity.ku.edu/static/Ornithology/originals/sp65013003488685303088.att.JPG; http://biimages.biodiversity.ku.edu/static/Ornithology/originals/sp6621673450792750796.att.JPG; http://biimages.biodiversity.ku.edu/static/Ornithology/originals/sp66653853712402814845.att.JPG; http://biimages.biodiversity.ku.edu/static/Ornithology/originals/sp66771498978554474669.att.JPG; http://biimages.biodiversity.ku.edu/static/Ornithology/originals/sp66918682296312761193.att.JPG; http://biimages.biodiversity.ku.edu/static/Ornithology/originals/sp67526663451240057514.att.JPG; http://biimages.biodiversity.ku.edu/static/Ornithology/originals/sp67872360817818987891.att.JPG; http://biimages.biodiversity.ku.edu/static/Ornithology/originals/sp67883027145547190785.att.JPG; http://biimages.biodiversity.ku.edu/static/Ornithology/originals/sp68030165554152849002.att.JPG; http://biimages.biodiversity.ku.edu/static/Ornithology/originals/sp68282642902575015873.att.JPG; http://biimages.biodiversity.ku.edu/static/Ornithology/originals/sp68611198299198145760.att.JPG,k-central-america,2024-10-28 15:41:11
sp61539269990803663983.att_1937485699_5.JPG,2695149,Tillandsia usneoides,13.658000000000001,"Lampornis sybillae (Salvin & Godman, 1892)",2476755,13.743,-86.393,,NORTH_AMERICA,Nueva Segovia,2016,6,9,2016-06-09,True,Unknown,Unknown,Unknown,University of Kansas Biodiversity Institute,http://biimages.biodiversity.ku.edu/static/Ornithology/originals/sp61539269990803663983.att.JPG; http://biimages.biodiversity.ku.edu/static/Ornithology/originals/sp61613123697484709657.att.JPG; http://biimages.biodiversity.ku.edu/static/Ornithology/originals/sp62231960642335302024.att.JPG; http://biimages.biodiversity.ku.edu/static/Ornithology/originals/sp62851471480786611469.att.JPG; http://biimages.biodiversity.ku.edu/static/Ornithology/originals/sp63233131716295685971.att.JPG; http://biimages.biodiversity.ku.edu/static/Ornithology/originals/sp63473197775202160431.att.JPG; http://biimages.biodiversity.ku.edu/static/Ornithology/originals/sp63649256785679833010.att.JPG; http://biimages.biodiversity.ku.edu/static/Ornithology/originals/sp63772040823714068057.att.JPG; http://biimages.biodiversity.ku.edu/static/Ornithology/originals/sp64039595646971232070.att.JPG; http://biimages.biodiversity.ku.edu/static/Ornithology/originals/sp64065942925913006275.att.JPG; http://biimages.biodiversity.ku.edu/static/Ornithology/originals/sp64642172043707948159.att.JPG; http://biimages.biodiversity.ku.edu/static/Ornithology/originals/sp64650863189925062115.att.JPG; http://biimages.biodiversity.ku.edu/static/Ornithology/originals/sp65013003488685303088.att.JPG; http://biimages.biodiversity.ku.edu/static/Ornithology/originals/sp6621673450792750796.att.JPG; http://biimages.biodiversity.ku.edu/static/Ornithology/originals/sp66653853712402814845.att.JPG; http://biimages.biodiversity.ku.edu/static/Ornithology/originals/sp66771498978554474669.att.JPG; http://biimages.biodiversity.ku.edu/static/Ornithology/originals/sp66918682296312761193.att.JPG; http://biimages.biodiversity.ku.edu/static/Ornithology/originals/sp67526663451240057514.att.JPG; http://biimages.biodiversity.ku.edu/static/Ornithology/originals/sp67872360817818987891.att.JPG; http://biimages.biodiversity.ku.edu/static/Ornithology/originals/sp67883027145547190785.att.JPG; http://biimages.biodiversity.ku.edu/static/Ornithology/originals/sp68030165554152849002.att.JPG; http://biimages.biodiversity.ku.edu/static/Ornithology/originals/sp68282642902575015873.att.JPG; http://biimages.biodiversity.ku.edu/static/Ornithology/originals/sp68611198299198145760.att.JPG,k-central-america,2024-10-28 15:41:13
sp61539269990803663983.att_1937485699_5.JPG,2695149,Tillandsia usneoides,13.658000000000001,"Lampornis sybillae (Salvin & Godman, 1892)",2476755,13.743,-86.393,,NORTH_AMERICA,Nueva Segovia,2016,6,9,2016-06-09,True,Unknown,Unknown,Unknown,University of Kansas Biodiversity Institute,http://biimages.biodiversity.ku.edu/static/Ornithology/originals/sp61539269990803663983.att.JPG; http://biimages.biodiversity.ku.edu/static/Ornithology/originals/sp61613123697484709657.att.JPG; http://biimages.biodiversity.ku.edu/static/Ornithology/originals/sp62231960642335302024.att.JPG; http://biimages.biodiversity.ku.edu/static/Ornithology/originals/sp62851471480786611469.att.JPG; http://biimages.biodiversity.ku.edu/static/Ornithology/originals/sp63233131716295685971.att.JPG; http://biimages.biodiversity.ku.edu/static/Ornithology/originals/sp63473197775202160431.att.JPG; http://biimages.biodiversity.ku.edu/static/Ornithology/originals/sp63649256785679833010.att.JPG; http://biimages.biodiversity.ku.edu/static/Ornithology/originals/sp63772040823714068057.att.JPG; http://biimages.biodiversity.ku.edu/static/Ornithology/originals/sp64039595646971232070.att.JPG; http://biimages.biodiversity.ku.edu/static/Ornithology/originals/sp64065942925913006275.att.JPG; http://biimages.biodiversity.ku.edu/static/Ornithology/originals/sp64642172043707948159.att.JPG; http://biimages.biodiversity.ku.edu/static/Ornithology/originals/sp64650863189925062115.att.JPG; http://biimages.biodiversity.ku.edu/static/Ornithology/originals/sp65013003488685303088.att.JPG; http://biimages.biodiversity.ku.edu/static/Ornithology/originals/sp6621673450792750796.att.JPG; http://biimages.biodiversity.ku.edu/static/Ornithology/originals/sp66653853712402814845.att.JPG; http://biimages.biodiversity.ku.edu/static/Ornithology/originals/sp66771498978554474669.att.JPG; http://biimages.biodiversity.ku.edu/static/Ornithology/originals/sp66918682296312761193.att.JPG; http://biimages.biodiversity.ku.edu/static/Ornithology/originals/sp67526663451240057514.att.JPG; http://biimages.biodiversity.ku.edu/static/Ornithology/originals/sp67872360817818987891.att.JPG; http://biimages.biodiversity.ku.edu/static/Ornithology/originals/sp67883027145547190785.att.JPG; http://biimages.biodiversity.ku.edu/static/Ornithology/originals/sp68030165554152849002.att.JPG; http://biimages.biodiversity.ku.edu/static/Ornithology/originals/sp68282642902575015873.att.JPG; http://biimages.biodiversity.ku.edu/static/Ornithology/originals/sp68611198299198145760.att.JPG,k-central-america,2024-10-28 15:41:13
sp61539269990803663983.att_1937485896_5.JPG,2695149,Tillandsia usneoides,13.658000000000001,"Lampornis sybillae (Salvin & Godman, 1892)",2476755,13.743,-86.393,,NORTH_AMERICA,Nueva Segovia,2016,6,16,2016-06-16,True,Unknown,Unknown,Unknown,University of Kansas Biodiversity Institute,http://biimages.biodiversity.ku.edu/static/Ornithology/originals/sp61539269990803663983.att.JPG; http://biimages.biodiversity.ku.edu/static/Ornithology/originals/sp61613123697484709657.att.JPG; http://biimages.biodiversity.ku.edu/static/Ornithology/originals/sp62231960642335302024.att.JPG; http://biimages.biodiversity.ku.edu/static/Ornithology/originals/sp62851471480786611469.att.JPG; http://biimages.biodiversity.ku.edu/static/Ornithology/originals/sp63233131716295685971.att.JPG; http://biimages.biodiversity.ku.edu/static/Ornithology/originals/sp63473197775202160431.att.JPG; http://biimages.biodiversity.ku.edu/static/Ornithology/originals/sp63649256785679833010.att.JPG; http://biimages.biodiversity.ku.edu/static/Ornithology/originals/sp63772040823714068057.att.JPG; http://biimages.biodiversity.ku.edu/static/Ornithology/originals/sp64039595646971232070.att.JPG; http://biimages.biodiversity.ku.edu/static/Ornithology/originals/sp64065942925913006275.att.JPG; http://biimages.biodiversity.ku.edu/static/Ornithology/originals/sp64642172043707948159.att.JPG; http://biimages.biodiversity.ku.edu/static/Ornithology/originals/sp64650863189925062115.att.JPG; http://biimages.biodiversity.ku.edu/static/Ornithology/originals/sp65013003488685303088.att.JPG; http://biimages.biodiversity.ku.edu/static/Ornithology/originals/sp6621673450792750796.att.JPG; http://biimages.biodiversity.ku.edu/static/Ornithology/originals/sp66653853712402814845.att.JPG; http://biimages.biodiversity.ku.edu/static/Ornithology/originals/sp66771498978554474669.att.JPG; http://biimages.biodiversity.ku.edu/static/Ornithology/originals/sp66918682296312761193.att.JPG; http://biimages.biodiversity.ku.edu/static/Ornithology/originals/sp67526663451240057514.att.JPG; http://biimages.biodiversity.ku.edu/static/Ornithology/originals/sp67872360817818987891.att.JPG; http://biimages.biodiversity.ku.edu/static/Ornithology/originals/sp67883027145547190785.att.JPG; http://biimages.biodiversity.ku.edu/static/Ornithology/originals/sp68030165554152849002.att.JPG; http://biimages.biodiversity.ku.edu/static/Ornithology/originals/sp68282642902575015873.att.JPG; http://biimages.biodiversity.ku.edu/static/Ornithology/originals/sp68611198299198145760.att.JPG,k-central-america,2024-10-28 15:41:15
sp61539269990803663983.att_1937485896_5.JPG,2695149,Tillandsia usneoides,13.658000000000001,"Lampornis sybillae (Salvin & Godman, 1892)",2476755,13.743,-86.393,,NORTH_AMERICA,Nueva Segovia,2016,6,16,2016-06-16,True,Unknown,Unknown,Unknown,University of Kansas Biodiversity Institute,http://biimages.biodiversity.ku.edu/static/Ornithology/originals/sp61539269990803663983.att.JPG; http://biimages.biodiversity.ku.edu/static/Ornithology/originals/sp61613123697484709657.att.JPG; http://biimages.biodiversity.ku.edu/static/Ornithology/originals/sp62231960642335302024.att.JPG; http://biimages.biodiversity.ku.edu/static/Ornithology/originals/sp62851471480786611469.att.JPG; http://biimages.biodiversity.ku.edu/static/Ornithology/originals/sp63233131716295685971.att.JPG; http://biimages.biodiversity.ku.edu/static/Ornithology/originals/sp63473197775202160431.att.JPG; http://biimages.biodiversity.ku.edu/static/Ornithology/originals/sp63649256785679833010.att.JPG; http://biimages.biodiversity.ku.edu/static/Ornithology/originals/sp63772040823714068057.att.JPG; http://biimages.biodiversity.ku.edu/static/Ornithology/originals/sp64039595646971232070.att.JPG; http://biimages.biodiversity.ku.edu/static/Ornithology/originals/sp64065942925913006275.att.JPG; http://biimages.biodiversity.ku.edu/static/Ornithology/originals/sp64642172043707948159.att.JPG; http://biimages.biodiversity.ku.edu/static/Ornithology/originals/sp64650863189925062115.att.JPG; http://biimages.biodiversity.ku.edu/static/Ornithology/originals/sp65013003488685303088.att.JPG; http://biimages.biodiversity.ku.edu/static/Ornithology/originals/sp6621673450792750796.att.JPG; http://biimages.biodiversity.ku.edu/static/Ornithology/originals/sp66653853712402814845.att.JPG; http://biimages.biodiversity.ku.edu/static/Ornithology/originals/sp66771498978554474669.att.JPG; http://biimages.biodiversity.ku.edu/static/Ornithology/originals/sp66918682296312761193.att.JPG; http://biimages.biodiversity.ku.edu/static/Ornithology/originals/sp67526663451240057514.att.JPG; http://biimages.biodiversity.ku.edu/static/Ornithology/originals/sp67872360817818987891.att.JPG; http://biimages.biodiversity.ku.edu/static/Ornithology/originals/sp67883027145547190785.att.JPG; http://biimages.biodiversity.ku.edu/static/Ornithology/originals/sp68030165554152849002.att.JPG; http://biimages.biodiversity.ku.edu/static/Ornithology/originals/sp68282642902575015873.att.JPG; http://biimages.biodiversity.ku.edu/static/Ornithology/originals/sp68611198299198145760.att.JPG,k-central-america,2024-10-28 15:41:15
sp61539269990803663983.att_1937486005_5.JPG,2695149,Tillandsia usneoides,13.658000000000001,"Lampornis sybillae (Salvin & Godman, 1892)",2476755,13.736,-86.381,,NORTH_AMERICA,Nueva Segovia,2016,6,7,2016-06-07,True,Unknown,Unknown,Unknown,University of Kansas Biodiversity Institute,http://biimages.biodiversity.ku.edu/static/Ornithology/originals/sp61539269990803663983.att.JPG; http://biimages.biodiversity.ku.edu/static/Ornithology/originals/sp61613123697484709657.att.JPG; http://biimages.biodiversity.ku.edu/static/Ornithology/originals/sp62231960642335302024.att.JPG; http://biimages.biodiversity.ku.edu/static/Ornithology/originals/sp62851471480786611469.att.JPG; http://biimages.biodiversity.ku.edu/static/Ornithology/originals/sp63233131716295685971.att.JPG; http://biimages.biodiversity.ku.edu/static/Ornithology/originals/sp63473197775202160431.att.JPG; http://biimages.biodiversity.ku.edu/static/Ornithology/originals/sp63649256785679833010.att.JPG; http://biimages.biodiversity.ku.edu/static/Ornithology/originals/sp63772040823714068057.att.JPG; http://biimages.biodiversity.ku.edu/static/Ornithology/originals/sp64039595646971232070.att.JPG; http://biimages.biodiversity.ku.edu/static/Ornithology/originals/sp64065942925913006275.att.JPG; http://biimages.biodiversity.ku.edu/static/Ornithology/originals/sp64642172043707948159.att.JPG; http://biimages.biodiversity.ku.edu/static/Ornithology/originals/sp64650863189925062115.att.JPG; http://biimages.biodiversity.ku.edu/static/Ornithology/originals/sp65013003488685303088.att.JPG; http://biimages.biodiversity.ku.edu/static/Ornithology/originals/sp6621673450792750796.att.JPG; http://biimages.biodiversity.ku.edu/static/Ornithology/originals/sp66653853712402814845.att.JPG; http://biimages.biodiversity.ku.edu/static/Ornithology/originals/sp66771498978554474669.att.JPG; http://biimages.biodiversity.ku.edu/static/Ornithology/originals/sp66918682296312761193.att.JPG; http://biimages.biodiversity.ku.edu/static/Ornithology/originals/sp67526663451240057514.att.JPG; http://biimages.biodiversity.ku.edu/static/Ornithology/originals/sp67872360817818987891.att.JPG; http://biimages.biodiversity.ku.edu/static/Ornithology/originals/sp67883027145547190785.att.JPG; http://biimages.biodiversity.ku.edu/static/Ornithology/originals/sp68030165554152849002.att.JPG; http://biimages.biodiversity.ku.edu/static/Ornithology/originals/sp68282642902575015873.att.JPG; http://biimages.biodiversity.ku.edu/static/Ornithology/originals/sp68611198299198145760.att.JPG,k-central-america,2024-10-28 15:41:17
sp61539269990803663983.att_1937486005_5.JPG,2695149,Tillandsia usneoides,13.658000000000001,"Lampornis sybillae (Salvin & Godman, 1892)",2476755,13.736,-86.381,,NORTH_AMERICA,Nueva Segovia,2016,6,7,2016-06-07,True,Unknown,Unknown,Unknown,University of Kansas Biodiversity Institute,http://biimages.biodiversity.ku.edu/static/Ornithology/originals/sp61539269990803663983.att.JPG; http://biimages.biodiversity.ku.edu/static/Ornithology/originals/sp61613123697484709657.att.JPG; http://biimages.biodiversity.ku.edu/static/Ornithology/originals/sp62231960642335302024.att.JPG; http://biimages.biodiversity.ku.edu/static/Ornithology/originals/sp62851471480786611469.att.JPG; http://biimages.biodiversity.ku.edu/static/Ornithology/originals/sp63233131716295685971.att.JPG; http://biimages.biodiversity.ku.edu/static/Ornithology/originals/sp63473197775202160431.att.JPG; http://biimages.biodiversity.ku.edu/static/Ornithology/originals/sp63649256785679833010.att.JPG; http://biimages.biodiversity.ku.edu/static/Ornithology/originals/sp63772040823714068057.att.JPG; http://biimages.biodiversity.ku.edu/static/Ornithology/originals/sp64039595646971232070.att.JPG; http://biimages.biodiversity.ku.edu/static/Ornithology/originals/sp64065942925913006275.att.JPG; http://biimages.biodiversity.ku.edu/static/Ornithology/originals/sp64642172043707948159.att.JPG; http://biimages.biodiversity.ku.edu/static/Ornithology/originals/sp64650863189925062115.att.JPG; http://biimages.biodiversity.ku.edu/static/Ornithology/originals/sp65013003488685303088.att.JPG; http://biimages.biodiversity.ku.edu/static/Ornithology/originals/sp6621673450792750796.att.JPG; http://biimages.biodiversity.ku.edu/static/Ornithology/originals/sp66653853712402814845.att.JPG; http://biimages.biodiversity.ku.edu/static/Ornithology/originals/sp66771498978554474669.att.JPG; http://biimages.biodiversity.ku.edu/static/Ornithology/originals/sp66918682296312761193.att.JPG; http://biimages.biodiversity.ku.edu/static/Ornithology/originals/sp67526663451240057514.att.JPG; http://biimages.biodiversity.ku.edu/static/Ornithology/originals/sp67872360817818987891.att.JPG; http://biimages.biodiversity.ku.edu/static/Ornithology/originals/sp67883027145547190785.att.JPG; http://biimages.biodiversity.ku.edu/static/Ornithology/originals/sp68030165554152849002.att.JPG; http://biimages.biodiversity.ku.edu/static/Ornithology/originals/sp68282642902575015873.att.JPG; http://biimages.biodiversity.ku.edu/static/Ornithology/originals/sp68611198299198145760.att.JPG,k-central-america,2024-10-28 15:41:17
sp61539269990803663983.att_1937486087_5.JPG,2695149,Tillandsia usneoides,13.658000000000001,"Lampornis sybillae (Salvin & Godman, 1892)",2476755,13.743,-86.393,,NORTH_AMERICA,Nueva Segovia,2016,6,9,2016-06-09,True,Unknown,Unknown,Unknown,University of Kansas Biodiversity Institute,http://biimages.biodiversity.ku.edu/static/Ornithology/originals/sp61539269990803663983.att.JPG; http://biimages.biodiversity.ku.edu/static/Ornithology/originals/sp61613123697484709657.att.JPG; http://biimages.biodiversity.ku.edu/static/Ornithology/originals/sp62231960642335302024.att.JPG; http://biimages.biodiversity.ku.edu/static/Ornithology/originals/sp62851471480786611469.att.JPG; http://biimages.biodiversity.ku.edu/static/Ornithology/originals/sp63233131716295685971.att.JPG; http://biimages.biodiversity.ku.edu/static/Ornithology/originals/sp63473197775202160431.att.JPG; http://biimages.biodiversity.ku.edu/static/Ornithology/originals/sp63649256785679833010.att.JPG; http://biimages.biodiversity.ku.edu/static/Ornithology/originals/sp63772040823714068057.att.JPG; http://biimages.biodiversity.ku.edu/static/Ornithology/originals/sp64039595646971232070.att.JPG; http://biimages.biodiversity.ku.edu/static/Ornithology/originals/sp64065942925913006275.att.JPG; http://biimages.biodiversity.ku.edu/static/Ornithology/originals/sp64642172043707948159.att.JPG; http://biimages.biodiversity.ku.edu/static/Ornithology/originals/sp64650863189925062115.att.JPG; http://biimages.biodiversity.ku.edu/static/Ornithology/originals/sp65013003488685303088.att.JPG; http://biimages.biodiversity.ku.edu/static/Ornithology/originals/sp6621673450792750796.att.JPG; http://biimages.biodiversity.ku.edu/static/Ornithology/originals/sp66653853712402814845.att.JPG; http://biimages.biodiversity.ku.edu/static/Ornithology/originals/sp66771498978554474669.att.JPG; http://biimages.biodiversity.ku.edu/static/Ornithology/originals/sp66918682296312761193.att.JPG; http://biimages.biodiversity.ku.edu/static/Ornithology/originals/sp67526663451240057514.att.JPG; http://biimages.biodiversity.ku.edu/static/Ornithology/originals/sp67872360817818987891.att.JPG; http://biimages.biodiversity.ku.edu/static/Ornithology/originals/sp67883027145547190785.att.JPG; http://biimages.biodiversity.ku.edu/static/Ornithology/originals/sp68030165554152849002.att.JPG; http://biimages.biodiversity.ku.edu/static/Ornithology/originals/sp68282642902575015873.att.JPG; http://biimages.biodiversity.ku.edu/static/Ornithology/originals/sp68611198299198145760.att.JPG,k-central-america,2024-10-28 15:41:18
sp61539269990803663983.att_1937486087_5.JPG,2695149,Tillandsia usneoides,13.658000000000001,"Lampornis sybillae (Salvin & Godman, 1892)",2476755,13.743,-86.393,,NORTH_AMERICA,Nueva Segovia,2016,6,9,2016-06-09,True,Unknown,Unknown,Unknown,University of Kansas Biodiversity Institute,http://biimages.biodiversity.ku.edu/static/Ornithology/originals/sp61539269990803663983.att.JPG; http://biimages.biodiversity.ku.edu/static/Ornithology/originals/sp61613123697484709657.att.JPG; http://biimages.biodiversity.ku.edu/static/Ornithology/originals/sp62231960642335302024.att.JPG; http://biimages.biodiversity.ku.edu/static/Ornithology/originals/sp62851471480786611469.att.JPG; http://biimages.biodiversity.ku.edu/static/Ornithology/originals/sp63233131716295685971.att.JPG; http://biimages.biodiversity.ku.edu/static/Ornithology/originals/sp63473197775202160431.att.JPG; http://biimages.biodiversity.ku.edu/static/Ornithology/originals/sp63649256785679833010.att.JPG; http://biimages.biodiversity.ku.edu/static/Ornithology/originals/sp63772040823714068057.att.JPG; http://biimages.biodiversity.ku.edu/static/Ornithology/originals/sp64039595646971232070.att.JPG; http://biimages.biodiversity.ku.edu/static/Ornithology/originals/sp64065942925913006275.att.JPG; http://biimages.biodiversity.ku.edu/static/Ornithology/originals/sp64642172043707948159.att.JPG; http://biimages.biodiversity.ku.edu/static/Ornithology/originals/sp64650863189925062115.att.JPG; http://biimages.biodiversity.ku.edu/static/Ornithology/originals/sp65013003488685303088.att.JPG; http://biimages.biodiversity.ku.edu/static/Ornithology/originals/sp6621673450792750796.att.JPG; http://biimages.biodiversity.ku.edu/static/Ornithology/originals/sp66653853712402814845.att.JPG; http://biimages.biodiversity.ku.edu/static/Ornithology/originals/sp66771498978554474669.att.JPG; http://biimages.biodiversity.ku.edu/static/Ornithology/originals/sp66918682296312761193.att.JPG; http://biimages.biodiversity.ku.edu/static/Ornithology/originals/sp67526663451240057514.att.JPG; http://biimages.biodiversity.ku.edu/static/Ornithology/originals/sp67872360817818987891.att.JPG; http://biimages.biodiversity.ku.edu/static/Ornithology/originals/sp67883027145547190785.att.JPG; http://biimages.biodiversity.ku.edu/static/Ornithology/originals/sp68030165554152849002.att.JPG; http://biimages.biodiversity.ku.edu/static/Ornithology/originals/sp68282642902575015873.att.JPG; http://biimages.biodiversity.ku.edu/static/Ornithology/originals/sp68611198299198145760.att.JPG,k-central-america,2024-10-28 15:41:19
sp61539269990803663983.att_1937486516_5.JPG,2695149,Tillandsia usneoides,13.658000000000001,"Lampornis sybillae (Salvin & Godman, 1892)",2476755,13.743,-86.393,,NORTH_AMERICA,Nueva Segovia,2016,6,10,2016-06-10,True,Unknown,Unknown,Unknown,University of Kansas Biodiversity Institute,http://biimages.biodiversity.ku.edu/static/Ornithology/originals/sp61539269990803663983.att.JPG; http://biimages.biodiversity.ku.edu/static/Ornithology/originals/sp61613123697484709657.att.JPG; http://biimages.biodiversity.ku.edu/static/Ornithology/originals/sp62231960642335302024.att.JPG; http://biimages.biodiversity.ku.edu/static/Ornithology/originals/sp62851471480786611469.att.JPG; http://biimages.biodiversity.ku.edu/static/Ornithology/originals/sp63233131716295685971.att.JPG; http://biimages.biodiversity.ku.edu/static/Ornithology/originals/sp63473197775202160431.att.JPG; http://biimages.biodiversity.ku.edu/static/Ornithology/originals/sp63649256785679833010.att.JPG; http://biimages.biodiversity.ku.edu/static/Ornithology/originals/sp63772040823714068057.att.JPG; http://biimages.biodiversity.ku.edu/static/Ornithology/originals/sp64039595646971232070.att.JPG; http://biimages.biodiversity.ku.edu/static/Ornithology/originals/sp64065942925913006275.att.JPG; http://biimages.biodiversity.ku.edu/static/Ornithology/originals/sp64642172043707948159.att.JPG; http://biimages.biodiversity.ku.edu/static/Ornithology/originals/sp64650863189925062115.att.JPG; http://biimages.biodiversity.ku.edu/static/Ornithology/originals/sp65013003488685303088.att.JPG; http://biimages.biodiversity.ku.edu/static/Ornithology/originals/sp6621673450792750796.att.JPG; http://biimages.biodiversity.ku.edu/static/Ornithology/originals/sp66653853712402814845.att.JPG; http://biimages.biodiversity.ku.edu/static/Ornithology/originals/sp66771498978554474669.att.JPG; http://biimages.biodiversity.ku.edu/static/Ornithology/originals/sp66918682296312761193.att.JPG; http://biimages.biodiversity.ku.edu/static/Ornithology/originals/sp67526663451240057514.att.JPG; http://biimages.biodiversity.ku.edu/static/Ornithology/originals/sp67872360817818987891.att.JPG; http://biimages.biodiversity.ku.edu/static/Ornithology/originals/sp67883027145547190785.att.JPG; http://biimages.biodiversity.ku.edu/static/Ornithology/originals/sp68030165554152849002.att.JPG; http://biimages.biodiversity.ku.edu/static/Ornithology/originals/sp68282642902575015873.att.JPG; http://biimages.biodiversity.ku.edu/static/Ornithology/originals/sp68611198299198145760.att.JPG,k-central-america,2024-10-28 15:41:20
sp61539269990803663983.att_1937486516_5.JPG,2695149,Tillandsia usneoides,13.658000000000001,"Lampornis sybillae (Salvin & Godman, 1892)",2476755,13.743,-86.393,,NORTH_AMERICA,Nueva Segovia,2016,6,10,2016-06-10,True,Unknown,Unknown,Unknown,University of Kansas Biodiversity Institute,http://biimages.biodiversity.ku.edu/static/Ornithology/originals/sp61539269990803663983.att.JPG; http://biimages.biodiversity.ku.edu/static/Ornithology/originals/sp61613123697484709657.att.JPG; http://biimages.biodiversity.ku.edu/static/Ornithology/originals/sp62231960642335302024.att.JPG; http://biimages.biodiversity.ku.edu/static/Ornithology/originals/sp62851471480786611469.att.JPG; http://biimages.biodiversity.ku.edu/static/Ornithology/originals/sp63233131716295685971.att.JPG; http://biimages.biodiversity.ku.edu/static/Ornithology/originals/sp63473197775202160431.att.JPG; http://biimages.biodiversity.ku.edu/static/Ornithology/originals/sp63649256785679833010.att.JPG; http://biimages.biodiversity.ku.edu/static/Ornithology/originals/sp63772040823714068057.att.JPG; http://biimages.biodiversity.ku.edu/static/Ornithology/originals/sp64039595646971232070.att.JPG; http://biimages.biodiversity.ku.edu/static/Ornithology/originals/sp64065942925913006275.att.JPG; http://biimages.biodiversity.ku.edu/static/Ornithology/originals/sp64642172043707948159.att.JPG; http://biimages.biodiversity.ku.edu/static/Ornithology/originals/sp64650863189925062115.att.JPG; http://biimages.biodiversity.ku.edu/static/Ornithology/originals/sp65013003488685303088.att.JPG; http://biimages.biodiversity.ku.edu/static/Ornithology/originals/sp6621673450792750796.att.JPG; http://biimages.biodiversity.ku.edu/static/Ornithology/originals/sp66653853712402814845.att.JPG; http://biimages.biodiversity.ku.edu/static/Ornithology/originals/sp66771498978554474669.att.JPG; http://biimages.biodiversity.ku.edu/static/Ornithology/originals/sp66918682296312761193.att.JPG; http://biimages.biodiversity.ku.edu/static/Ornithology/originals/sp67526663451240057514.att.JPG; http://biimages.biodiversity.ku.edu/static/Ornithology/originals/sp67872360817818987891.att.JPG; http://biimages.biodiversity.ku.edu/static/Ornithology/originals/sp67883027145547190785.att.JPG; http://biimages.biodiversity.ku.edu/static/Ornithology/originals/sp68030165554152849002.att.JPG; http://biimages.biodiversity.ku.edu/static/Ornithology/originals/sp68282642902575015873.att.JPG; http://biimages.biodiversity.ku.edu/static/Ornithology/originals/sp68611198299198145760.att.JPG,k-central-america,2024-10-28 15:41:21
sp63473197775202160431.att_1937485213_4.JPG,2985000,Parinari excelsa,2.416,"Lampornis sybillae (Salvin & Godman, 1892)",2476755,13.736,-86.381,,NORTH_AMERICA,Nueva Segovia,2016,6,16,2016-06-16,True,Unknown,Unknown,Unknown,University of Kansas Biodiversity Institute,http://biimages.biodiversity.ku.edu/static/Ornithology/originals/sp61539269990803663983.att.JPG; http://biimages.biodiversity.ku.edu/static/Ornithology/originals/sp61613123697484709657.att.JPG; http://biimages.biodiversity.ku.edu/static/Ornithology/originals/sp62231960642335302024.att.JPG; http://biimages.biodiversity.ku.edu/static/Ornithology/originals/sp62851471480786611469.att.JPG; http://biimages.biodiversity.ku.edu/static/Ornithology/originals/sp63233131716295685971.att.JPG; http://biimages.biodiversity.ku.edu/static/Ornithology/originals/sp63473197775202160431.att.JPG; http://biimages.biodiversity.ku.edu/static/Ornithology/originals/sp63649256785679833010.att.JPG; http://biimages.biodiversity.ku.edu/static/Ornithology/originals/sp63772040823714068057.att.JPG; http://biimages.biodiversity.ku.edu/static/Ornithology/originals/sp64039595646971232070.att.JPG; http://biimages.biodiversity.ku.edu/static/Ornithology/originals/sp64065942925913006275.att.JPG; http://biimages.biodiversity.ku.edu/static/Ornithology/originals/sp64642172043707948159.att.JPG; http://biimages.biodiversity.ku.edu/static/Ornithology/originals/sp64650863189925062115.att.JPG; http://biimages.biodiversity.ku.edu/static/Ornithology/originals/sp65013003488685303088.att.JPG; http://biimages.biodiversity.ku.edu/static/Ornithology/originals/sp6621673450792750796.att.JPG; http://biimages.biodiversity.ku.edu/static/Ornithology/originals/sp66653853712402814845.att.JPG; http://biimages.biodiversity.ku.edu/static/Ornithology/originals/sp66771498978554474669.att.JPG; http://biimages.biodiversity.ku.edu/static/Ornithology/originals/sp66918682296312761193.att.JPG; http://biimages.biodiversity.ku.edu/static/Ornithology/originals/sp67526663451240057514.att.JPG; http://biimages.biodiversity.ku.edu/static/Ornithology/originals/sp67872360817818987891.att.JPG; http://biimages.biodiversity.ku.edu/static/Ornithology/originals/sp67883027145547190785.att.JPG; http://biimages.biodiversity.ku.edu/static/Ornithology/originals/sp68030165554152849002.att.JPG; http://biimages.biodiversity.ku.edu/static/Ornithology/originals/sp68282642902575015873.att.JPG; http://biimages.biodiversity.ku.edu/static/Ornithology/originals/sp68611198299198145760.att.JPG,k-central-america,2024-10-28 15:41:31
sp63473197775202160431.att_1937485213_4.JPG,2985000,Parinari excelsa,2.416,"Lampornis sybillae (Salvin & Godman, 1892)",2476755,13.736,-86.381,,NORTH_AMERICA,Nueva Segovia,2016,6,16,2016-06-16,True,Unknown,Unknown,Unknown,University of Kansas Biodiversity Institute,http://biimages.biodiversity.ku.edu/static/Ornithology/originals/sp61539269990803663983.att.JPG; http://biimages.biodiversity.ku.edu/static/Ornithology/originals/sp61613123697484709657.att.JPG; http://biimages.biodiversity.ku.edu/static/Ornithology/originals/sp62231960642335302024.att.JPG; http://biimages.biodiversity.ku.edu/static/Ornithology/originals/sp62851471480786611469.att.JPG; http://biimages.biodiversity.ku.edu/static/Ornithology/originals/sp63233131716295685971.att.JPG; http://biimages.biodiversity.ku.edu/static/Ornithology/originals/sp63473197775202160431.att.JPG; http://biimages.biodiversity.ku.edu/static/Ornithology/originals/sp63649256785679833010.att.JPG; http://biimages.biodiversity.ku.edu/static/Ornithology/originals/sp63772040823714068057.att.JPG; http://biimages.biodiversity.ku.edu/static/Ornithology/originals/sp64039595646971232070.att.JPG; http://biimages.biodiversity.ku.edu/static/Ornithology/originals/sp64065942925913006275.att.JPG; http://biimages.biodiversity.ku.edu/static/Ornithology/originals/sp64642172043707948159.att.JPG; http://biimages.biodiversity.ku.edu/static/Ornithology/originals/sp64650863189925062115.att.JPG; http://biimages.biodiversity.ku.edu/static/Ornithology/originals/sp65013003488685303088.att.JPG; http://biimages.biodiversity.ku.edu/static/Ornithology/originals/sp6621673450792750796.att.JPG; http://biimages.biodiversity.ku.edu/static/Ornithology/originals/sp66653853712402814845.att.JPG; http://biimages.biodiversity.ku.edu/static/Ornithology/originals/sp66771498978554474669.att.JPG; http://biimages.biodiversity.ku.edu/static/Ornithology/originals/sp66918682296312761193.att.JPG; http://biimages.biodiversity.ku.edu/static/Ornithology/originals/sp67526663451240057514.att.JPG; http://biimages.biodiversity.ku.edu/static/Ornithology/originals/sp67872360817818987891.att.JPG; http://biimages.biodiversity.ku.edu/static/Ornithology/originals/sp67883027145547190785.att.JPG; http://biimages.biodiversity.ku.edu/static/Ornithology/originals/sp68030165554152849002.att.JPG; http://biimages.biodiversity.ku.edu/static/Ornithology/originals/sp68282642902575015873.att.JPG; http://biimages.biodiversity.ku.edu/static/Ornithology/originals/sp68611198299198145760.att.JPG,k-central-america,2024-10-28 15:41:31
sp63473197775202160431.att_1937485262_4.JPG,2985000,Parinari excelsa,2.416,"Lampornis sybillae (Salvin & Godman, 1892)",2476755,13.743,-86.393,,NORTH_AMERICA,Nueva Segovia,2016,6,11,2016-06-11,True,Unknown,Unknown,Unknown,University of Kansas Biodiversity Institute,http://biimages.biodiversity.ku.edu/static/Ornithology/originals/sp61539269990803663983.att.JPG; http://biimages.biodiversity.ku.edu/static/Ornithology/originals/sp61613123697484709657.att.JPG; http://biimages.biodiversity.ku.edu/static/Ornithology/originals/sp62231960642335302024.att.JPG; http://biimages.biodiversity.ku.edu/static/Ornithology/originals/sp62851471480786611469.att.JPG; http://biimages.biodiversity.ku.edu/static/Ornithology/originals/sp63233131716295685971.att.JPG; http://biimages.biodiversity.ku.edu/static/Ornithology/originals/sp63473197775202160431.att.JPG; http://biimages.biodiversity.ku.edu/static/Ornithology/originals/sp63649256785679833010.att.JPG; http://biimages.biodiversity.ku.edu/static/Ornithology/originals/sp63772040823714068057.att.JPG; http://biimages.biodiversity.ku.edu/static/Ornithology/originals/sp64039595646971232070.att.JPG; http://biimages.biodiversity.ku.edu/static/Ornithology/originals/sp64065942925913006275.att.JPG; http://biimages.biodiversity.ku.edu/static/Ornithology/originals/sp64642172043707948159.att.JPG; http://biimages.biodiversity.ku.edu/static/Ornithology/originals/sp64650863189925062115.att.JPG; http://biimages.biodiversity.ku.edu/static/Ornithology/originals/sp65013003488685303088.att.JPG; http://biimages.biodiversity.ku.edu/static/Ornithology/originals/sp6621673450792750796.att.JPG; http://biimages.biodiversity.ku.edu/static/Ornithology/originals/sp66653853712402814845.att.JPG; http://biimages.biodiversity.ku.edu/static/Ornithology/originals/sp66771498978554474669.att.JPG; http://biimages.biodiversity.ku.edu/static/Ornithology/originals/sp66918682296312761193.att.JPG; http://biimages.biodiversity.ku.edu/static/Ornithology/originals/sp67526663451240057514.att.JPG; http://biimages.biodiversity.ku.edu/static/Ornithology/originals/sp67872360817818987891.att.JPG; http://biimages.biodiversity.ku.edu/static/Ornithology/originals/sp67883027145547190785.att.JPG; http://biimages.biodiversity.ku.edu/static/Ornithology/originals/sp68030165554152849002.att.JPG; http://biimages.biodiversity.ku.edu/static/Ornithology/originals/sp68282642902575015873.att.JPG; http://biimages.biodiversity.ku.edu/static/Ornithology/originals/sp68611198299198145760.att.JPG,k-central-america,2024-10-28 15:41:33
sp63473197775202160431.att_1937485262_4.JPG,2985000,Parinari excelsa,2.416,"Lampornis sybillae (Salvin & Godman, 1892)",2476755,13.743,-86.393,,NORTH_AMERICA,Nueva Segovia,2016,6,11,2016-06-11,True,Unknown,Unknown,Unknown,University of Kansas Biodiversity Institute,http://biimages.biodiversity.ku.edu/static/Ornithology/originals/sp61539269990803663983.att.JPG; http://biimages.biodiversity.ku.edu/static/Ornithology/originals/sp61613123697484709657.att.JPG; http://biimages.biodiversity.ku.edu/static/Ornithology/originals/sp62231960642335302024.att.JPG; http://biimages.biodiversity.ku.edu/static/Ornithology/originals/sp62851471480786611469.att.JPG; http://biimages.biodiversity.ku.edu/static/Ornithology/originals/sp63233131716295685971.att.JPG; http://biimages.biodiversity.ku.edu/static/Ornithology/originals/sp63473197775202160431.att.JPG; http://biimages.biodiversity.ku.edu/static/Ornithology/originals/sp63649256785679833010.att.JPG; http://biimages.biodiversity.ku.edu/static/Ornithology/originals/sp63772040823714068057.att.JPG; http://biimages.biodiversity.ku.edu/static/Ornithology/originals/sp64039595646971232070.att.JPG; http://biimages.biodiversity.ku.edu/static/Ornithology/originals/sp64065942925913006275.att.JPG; http://biimages.biodiversity.ku.edu/static/Ornithology/originals/sp64642172043707948159.att.JPG; http://biimages.biodiversity.ku.edu/static/Ornithology/originals/sp64650863189925062115.att.JPG; http://biimages.biodiversity.ku.edu/static/Ornithology/originals/sp65013003488685303088.att.JPG; http://biimages.biodiversity.ku.edu/static/Ornithology/originals/sp6621673450792750796.att.JPG; http://biimages.biodiversity.ku.edu/static/Ornithology/originals/sp66653853712402814845.att.JPG; http://biimages.biodiversity.ku.edu/static/Ornithology/originals/sp66771498978554474669.att.JPG; http://biimages.biodiversity.ku.edu/static/Ornithology/originals/sp66918682296312761193.att.JPG; http://biimages.biodiversity.ku.edu/static/Ornithology/originals/sp67526663451240057514.att.JPG; http://biimages.biodiversity.ku.edu/static/Ornithology/originals/sp67872360817818987891.att.JPG; http://biimages.biodiversity.ku.edu/static/Ornithology/originals/sp67883027145547190785.att.JPG; http://biimages.biodiversity.ku.edu/static/Ornithology/originals/sp68030165554152849002.att.JPG; http://biimages.biodiversity.ku.edu/static/Ornithology/originals/sp68282642902575015873.att.JPG; http://biimages.biodiversity.ku.edu/static/Ornithology/originals/sp68611198299198145760.att.JPG,k-central-america,2024-10-28 15:41:33
sp63473197775202160431.att_1937485389_4.JPG,2985000,Parinari excelsa,2.416,"Lampornis sybillae (Salvin & Godman, 1892)",2476755,13.743,-86.393,,NORTH_AMERICA,Nueva Segovia,2016,6,9,2016-06-09,True,Unknown,Unknown,Unknown,University of Kansas Biodiversity Institute,http://biimages.biodiversity.ku.edu/static/Ornithology/originals/sp61539269990803663983.att.JPG; http://biimages.biodiversity.ku.edu/static/Ornithology/originals/sp61613123697484709657.att.JPG; http://biimages.biodiversity.ku.edu/static/Ornithology/originals/sp62231960642335302024.att.JPG; http://biimages.biodiversity.ku.edu/static/Ornithology/originals/sp62851471480786611469.att.JPG; http://biimages.biodiversity.ku.edu/static/Ornithology/originals/sp63233131716295685971.att.JPG; http://biimages.biodiversity.ku.edu/static/Ornithology/originals/sp63473197775202160431.att.JPG; http://biimages.biodiversity.ku.edu/static/Ornithology/originals/sp63649256785679833010.att.JPG; http://biimages.biodiversity.ku.edu/static/Ornithology/originals/sp63772040823714068057.att.JPG; http://biimages.biodiversity.ku.edu/static/Ornithology/originals/sp64039595646971232070.att.JPG; http://biimages.biodiversity.ku.edu/static/Ornithology/originals/sp64065942925913006275.att.JPG; http://biimages.biodiversity.ku.edu/static/Ornithology/originals/sp64642172043707948159.att.JPG; http://biimages.biodiversity.ku.edu/static/Ornithology/originals/sp64650863189925062115.att.JPG; http://biimages.biodiversity.ku.edu/static/Ornithology/originals/sp65013003488685303088.att.JPG; http://biimages.biodiversity.ku.edu/static/Ornithology/originals/sp6621673450792750796.att.JPG; http://biimages.biodiversity.ku.edu/static/Ornithology/originals/sp66653853712402814845.att.JPG; http://biimages.biodiversity.ku.edu/static/Ornithology/originals/sp66771498978554474669.att.JPG; http://biimages.biodiversity.ku.edu/static/Ornithology/originals/sp66918682296312761193.att.JPG; http://biimages.biodiversity.ku.edu/static/Ornithology/originals/sp67526663451240057514.att.JPG; http://biimages.biodiversity.ku.edu/static/Ornithology/originals/sp67872360817818987891.att.JPG; http://biimages.biodiversity.ku.edu/static/Ornithology/originals/sp67883027145547190785.att.JPG; http://biimages.biodiversity.ku.edu/static/Ornithology/originals/sp68030165554152849002.att.JPG; http://biimages.biodiversity.ku.edu/static/Ornithology/originals/sp68282642902575015873.att.JPG; http://biimages.biodiversity.ku.edu/static/Ornithology/originals/sp68611198299198145760.att.JPG,k-central-america,2024-10-28 15:41:34
sp63473197775202160431.att_1937485389_4.JPG,2985000,Parinari excelsa,2.416,"Lampornis sybillae (Salvin & Godman, 1892)",2476755,13.743,-86.393,,NORTH_AMERICA,Nueva Segovia,2016,6,9,2016-06-09,True,Unknown,Unknown,Unknown,University of Kansas Biodiversity Institute,http://biimages.biodiversity.ku.edu/static/Ornithology/originals/sp61539269990803663983.att.JPG; http://biimages.biodiversity.ku.edu/static/Ornithology/originals/sp61613123697484709657.att.JPG; http://biimages.biodiversity.ku.edu/static/Ornithology/originals/sp62231960642335302024.att.JPG; http://biimages.biodiversity.ku.edu/static/Ornithology/originals/sp62851471480786611469.att.JPG; http://biimages.biodiversity.ku.edu/static/Ornithology/originals/sp63233131716295685971.att.JPG; http://biimages.biodiversity.ku.edu/static/Ornithology/originals/sp63473197775202160431.att.JPG; http://biimages.biodiversity.ku.edu/static/Ornithology/originals/sp63649256785679833010.att.JPG; http://biimages.biodiversity.ku.edu/static/Ornithology/originals/sp63772040823714068057.att.JPG; http://biimages.biodiversity.ku.edu/static/Ornithology/originals/sp64039595646971232070.att.JPG; http://biimages.biodiversity.ku.edu/static/Ornithology/originals/sp64065942925913006275.att.JPG; http://biimages.biodiversity.ku.edu/static/Ornithology/originals/sp64642172043707948159.att.JPG; http://biimages.biodiversity.ku.edu/static/Ornithology/originals/sp64650863189925062115.att.JPG; http://biimages.biodiversity.ku.edu/static/Ornithology/originals/sp65013003488685303088.att.JPG; http://biimages.biodiversity.ku.edu/static/Ornithology/originals/sp6621673450792750796.att.JPG; http://biimages.biodiversity.ku.edu/static/Ornithology/originals/sp66653853712402814845.att.JPG; http://biimages.biodiversity.ku.edu/static/Ornithology/originals/sp66771498978554474669.att.JPG; http://biimages.biodiversity.ku.edu/static/Ornithology/originals/sp66918682296312761193.att.JPG; http://biimages.biodiversity.ku.edu/static/Ornithology/originals/sp67526663451240057514.att.JPG; http://biimages.biodiversity.ku.edu/static/Ornithology/originals/sp67872360817818987891.att.JPG; http://biimages.biodiversity.ku.edu/static/Ornithology/originals/sp67883027145547190785.att.JPG; http://biimages.biodiversity.ku.edu/static/Ornithology/originals/sp68030165554152849002.att.JPG; http://biimages.biodiversity.ku.edu/static/Ornithology/originals/sp68282642902575015873.att.JPG; http://biimages.biodiversity.ku.edu/static/Ornithology/originals/sp68611198299198145760.att.JPG,k-central-america,2024-10-28 15:41:35
sp63473197775202160431.att_1937485674_4.JPG,2985000,Parinari excelsa,2.416,"Lampornis sybillae (Salvin & Godman, 1892)",2476755,13.743,-86.393,,NORTH_AMERICA,Nueva Segovia,2016,6,10,2016-06-10,True,Unknown,Unknown,Unknown,University of Kansas Biodiversity Institute,http://biimages.biodiversity.ku.edu/static/Ornithology/originals/sp61539269990803663983.att.JPG; http://biimages.biodiversity.ku.edu/static/Ornithology/originals/sp61613123697484709657.att.JPG; http://biimages.biodiversity.ku.edu/static/Ornithology/originals/sp62231960642335302024.att.JPG; http://biimages.biodiversity.ku.edu/static/Ornithology/originals/sp62851471480786611469.att.JPG; http://biimages.biodiversity.ku.edu/static/Ornithology/originals/sp63233131716295685971.att.JPG; http://biimages.biodiversity.ku.edu/static/Ornithology/originals/sp63473197775202160431.att.JPG; http://biimages.biodiversity.ku.edu/static/Ornithology/originals/sp63649256785679833010.att.JPG; http://biimages.biodiversity.ku.edu/static/Ornithology/originals/sp63772040823714068057.att.JPG; http://biimages.biodiversity.ku.edu/static/Ornithology/originals/sp64039595646971232070.att.JPG; http://biimages.biodiversity.ku.edu/static/Ornithology/originals/sp64065942925913006275.att.JPG; http://biimages.biodiversity.ku.edu/static/Ornithology/originals/sp64642172043707948159.att.JPG; http://biimages.biodiversity.ku.edu/static/Ornithology/originals/sp64650863189925062115.att.JPG; http://biimages.biodiversity.ku.edu/static/Ornithology/originals/sp65013003488685303088.att.JPG; http://biimages.biodiversity.ku.edu/static/Ornithology/originals/sp6621673450792750796.att.JPG; http://biimages.biodiversity.ku.edu/static/Ornithology/originals/sp66653853712402814845.att.JPG; http://biimages.biodiversity.ku.edu/static/Ornithology/originals/sp66771498978554474669.att.JPG; http://biimages.biodiversity.ku.edu/static/Ornithology/originals/sp66918682296312761193.att.JPG; http://biimages.biodiversity.ku.edu/static/Ornithology/originals/sp67526663451240057514.att.JPG; http://biimages.biodiversity.ku.edu/static/Ornithology/originals/sp67872360817818987891.att.JPG; http://biimages.biodiversity.ku.edu/static/Ornithology/originals/sp67883027145547190785.att.JPG; http://biimages.biodiversity.ku.edu/static/Ornithology/originals/sp68030165554152849002.att.JPG; http://biimages.biodiversity.ku.edu/static/Ornithology/originals/sp68282642902575015873.att.JPG; http://biimages.biodiversity.ku.edu/static/Ornithology/originals/sp68611198299198145760.att.JPG,k-central-america,2024-10-28 15:41:36
sp63473197775202160431.att_1937485674_4.JPG,2985000,Parinari excelsa,2.416,"Lampornis sybillae (Salvin & Godman, 1892)",2476755,13.743,-86.393,,NORTH_AMERICA,Nueva Segovia,2016,6,10,2016-06-10,True,Unknown,Unknown,Unknown,University of Kansas Biodiversity Institute,http://biimages.biodiversity.ku.edu/static/Ornithology/originals/sp61539269990803663983.att.JPG; http://biimages.biodiversity.ku.edu/static/Ornithology/originals/sp61613123697484709657.att.JPG; http://biimages.biodiversity.ku.edu/static/Ornithology/originals/sp62231960642335302024.att.JPG; http://biimages.biodiversity.ku.edu/static/Ornithology/originals/sp62851471480786611469.att.JPG; http://biimages.biodiversity.ku.edu/static/Ornithology/originals/sp63233131716295685971.att.JPG; http://biimages.biodiversity.ku.edu/static/Ornithology/originals/sp63473197775202160431.att.JPG; http://biimages.biodiversity.ku.edu/static/Ornithology/originals/sp63649256785679833010.att.JPG; http://biimages.biodiversity.ku.edu/static/Ornithology/originals/sp63772040823714068057.att.JPG; http://biimages.biodiversity.ku.edu/static/Ornithology/originals/sp64039595646971232070.att.JPG; http://biimages.biodiversity.ku.edu/static/Ornithology/originals/sp64065942925913006275.att.JPG; http://biimages.biodiversity.ku.edu/static/Ornithology/originals/sp64642172043707948159.att.JPG; http://biimages.biodiversity.ku.edu/static/Ornithology/originals/sp64650863189925062115.att.JPG; http://biimages.biodiversity.ku.edu/static/Ornithology/originals/sp65013003488685303088.att.JPG; http://biimages.biodiversity.ku.edu/static/Ornithology/originals/sp6621673450792750796.att.JPG; http://biimages.biodiversity.ku.edu/static/Ornithology/originals/sp66653853712402814845.att.JPG; http://biimages.biodiversity.ku.edu/static/Ornithology/originals/sp66771498978554474669.att.JPG; http://biimages.biodiversity.ku.edu/static/Ornithology/originals/sp66918682296312761193.att.JPG; http://biimages.biodiversity.ku.edu/static/Ornithology/originals/sp67526663451240057514.att.JPG; http://biimages.biodiversity.ku.edu/static/Ornithology/originals/sp67872360817818987891.att.JPG; http://biimages.biodiversity.ku.edu/static/Ornithology/originals/sp67883027145547190785.att.JPG; http://biimages.biodiversity.ku.edu/static/Ornithology/originals/sp68030165554152849002.att.JPG; http://biimages.biodiversity.ku.edu/static/Ornithology/originals/sp68282642902575015873.att.JPG; http://biimages.biodiversity.ku.edu/static/Ornithology/originals/sp68611198299198145760.att.JPG,k-central-america,2024-10-28 15:41:37
sp63473197775202160431.att_1937485699_4.JPG,2985000,Parinari excelsa,2.416,"Lampornis sybillae (Salvin & Godman, 1892)",2476755,13.743,-86.393,,NORTH_AMERICA,Nueva Segovia,2016,6,9,2016-06-09,True,Unknown,Unknown,Unknown,University of Kansas Biodiversity Institute,http://biimages.biodiversity.ku.edu/static/Ornithology/originals/sp61539269990803663983.att.JPG; http://biimages.biodiversity.ku.edu/static/Ornithology/originals/sp61613123697484709657.att.JPG; http://biimages.biodiversity.ku.edu/static/Ornithology/originals/sp62231960642335302024.att.JPG; http://biimages.biodiversity.ku.edu/static/Ornithology/originals/sp62851471480786611469.att.JPG; http://biimages.biodiversity.ku.edu/static/Ornithology/originals/sp63233131716295685971.att.JPG; http://biimages.biodiversity.ku.edu/static/Ornithology/originals/sp63473197775202160431.att.JPG; http://biimages.biodiversity.ku.edu/static/Ornithology/originals/sp63649256785679833010.att.JPG; http://biimages.biodiversity.ku.edu/static/Ornithology/originals/sp63772040823714068057.att.JPG; http://biimages.biodiversity.ku.edu/static/Ornithology/originals/sp64039595646971232070.att.JPG; http://biimages.biodiversity.ku.edu/static/Ornithology/originals/sp64065942925913006275.att.JPG; http://biimages.biodiversity.ku.edu/static/Ornithology/originals/sp64642172043707948159.att.JPG; http://biimages.biodiversity.ku.edu/static/Ornithology/originals/sp64650863189925062115.att.JPG; http://biimages.biodiversity.ku.edu/static/Ornithology/originals/sp65013003488685303088.att.JPG; http://biimages.biodiversity.ku.edu/static/Ornithology/originals/sp6621673450792750796.att.JPG; http://biimages.biodiversity.ku.edu/static/Ornithology/originals/sp66653853712402814845.att.JPG; http://biimages.biodiversity.ku.edu/static/Ornithology/originals/sp66771498978554474669.att.JPG; http://biimages.biodiversity.ku.edu/static/Ornithology/originals/sp66918682296312761193.att.JPG; http://biimages.biodiversity.ku.edu/static/Ornithology/originals/sp67526663451240057514.att.JPG; http://biimages.biodiversity.ku.edu/static/Ornithology/originals/sp67872360817818987891.att.JPG; http://biimages.biodiversity.ku.edu/static/Ornithology/originals/sp67883027145547190785.att.JPG; http://biimages.biodiversity.ku.edu/static/Ornithology/originals/sp68030165554152849002.att.JPG; http://biimages.biodiversity.ku.edu/static/Ornithology/originals/sp68282642902575015873.att.JPG; http://biimages.biodiversity.ku.edu/static/Ornithology/originals/sp68611198299198145760.att.JPG,k-central-america,2024-10-28 15:41:38
sp63473197775202160431.att_1937485699_4.JPG,2985000,Parinari excelsa,2.416,"Lampornis sybillae (Salvin & Godman, 1892)",2476755,13.743,-86.393,,NORTH_AMERICA,Nueva Segovia,2016,6,9,2016-06-09,True,Unknown,Unknown,Unknown,University of Kansas Biodiversity Institute,http://biimages.biodiversity.ku.edu/static/Ornithology/originals/sp61539269990803663983.att.JPG; http://biimages.biodiversity.ku.edu/static/Ornithology/originals/sp61613123697484709657.att.JPG; http://biimages.biodiversity.ku.edu/static/Ornithology/originals/sp62231960642335302024.att.JPG; http://biimages.biodiversity.ku.edu/static/Ornithology/originals/sp62851471480786611469.att.JPG; http://biimages.biodiversity.ku.edu/static/Ornithology/originals/sp63233131716295685971.att.JPG; http://biimages.biodiversity.ku.edu/static/Ornithology/originals/sp63473197775202160431.att.JPG; http://biimages.biodiversity.ku.edu/static/Ornithology/originals/sp63649256785679833010.att.JPG; http://biimages.biodiversity.ku.edu/static/Ornithology/originals/sp63772040823714068057.att.JPG; http://biimages.biodiversity.ku.edu/static/Ornithology/originals/sp64039595646971232070.att.JPG; http://biimages.biodiversity.ku.edu/static/Ornithology/originals/sp64065942925913006275.att.JPG; http://biimages.biodiversity.ku.edu/static/Ornithology/originals/sp64642172043707948159.att.JPG; http://biimages.biodiversity.ku.edu/static/Ornithology/originals/sp64650863189925062115.att.JPG; http://biimages.biodiversity.ku.edu/static/Ornithology/originals/sp65013003488685303088.att.JPG; http://biimages.biodiversity.ku.edu/static/Ornithology/originals/sp6621673450792750796.att.JPG; http://biimages.biodiversity.ku.edu/static/Ornithology/originals/sp66653853712402814845.att.JPG; http://biimages.biodiversity.ku.edu/static/Ornithology/originals/sp66771498978554474669.att.JPG; http://biimages.biodiversity.ku.edu/static/Ornithology/originals/sp66918682296312761193.att.JPG; http://biimages.biodiversity.ku.edu/static/Ornithology/originals/sp67526663451240057514.att.JPG; http://biimages.biodiversity.ku.edu/static/Ornithology/originals/sp67872360817818987891.att.JPG; http://biimages.biodiversity.ku.edu/static/Ornithology/originals/sp67883027145547190785.att.JPG; http://biimages.biodiversity.ku.edu/static/Ornithology/originals/sp68030165554152849002.att.JPG; http://biimages.biodiversity.ku.edu/static/Ornithology/originals/sp68282642902575015873.att.JPG; http://biimages.biodiversity.ku.edu/static/Ornithology/originals/sp68611198299198145760.att.JPG,k-central-america,2024-10-28 15:41:39
sp63473197775202160431.att_1937485896_4.JPG,2985000,Parinari excelsa,2.416,"Lampornis sybillae (Salvin & Godman, 1892)",2476755,13.743,-86.393,,NORTH_AMERICA,Nueva Segovia,2016,6,16,2016-06-16,True,Unknown,Unknown,Unknown,University of Kansas Biodiversity Institute,http://biimages.biodiversity.ku.edu/static/Ornithology/originals/sp61539269990803663983.att.JPG; http://biimages.biodiversity.ku.edu/static/Ornithology/originals/sp61613123697484709657.att.JPG; http://biimages.biodiversity.ku.edu/static/Ornithology/originals/sp62231960642335302024.att.JPG; http://biimages.biodiversity.ku.edu/static/Ornithology/originals/sp62851471480786611469.att.JPG; http://biimages.biodiversity.ku.edu/static/Ornithology/originals/sp63233131716295685971.att.JPG; http://biimages.biodiversity.ku.edu/static/Ornithology/originals/sp63473197775202160431.att.JPG; http://biimages.biodiversity.ku.edu/static/Ornithology/originals/sp63649256785679833010.att.JPG; http://biimages.biodiversity.ku.edu/static/Ornithology/originals/sp63772040823714068057.att.JPG; http://biimages.biodiversity.ku.edu/static/Ornithology/originals/sp64039595646971232070.att.JPG; http://biimages.biodiversity.ku.edu/static/Ornithology/originals/sp64065942925913006275.att.JPG; http://biimages.biodiversity.ku.edu/static/Ornithology/originals/sp64642172043707948159.att.JPG; http://biimages.biodiversity.ku.edu/static/Ornithology/originals/sp64650863189925062115.att.JPG; http://biimages.biodiversity.ku.edu/static/Ornithology/originals/sp65013003488685303088.att.JPG; http://biimages.biodiversity.ku.edu/static/Ornithology/originals/sp6621673450792750796.att.JPG; http://biimages.biodiversity.ku.edu/static/Ornithology/originals/sp66653853712402814845.att.JPG; http://biimages.biodiversity.ku.edu/static/Ornithology/originals/sp66771498978554474669.att.JPG; http://biimages.biodiversity.ku.edu/static/Ornithology/originals/sp66918682296312761193.att.JPG; http://biimages.biodiversity.ku.edu/static/Ornithology/originals/sp67526663451240057514.att.JPG; http://biimages.biodiversity.ku.edu/static/Ornithology/originals/sp67872360817818987891.att.JPG; http://biimages.biodiversity.ku.edu/static/Ornithology/originals/sp67883027145547190785.att.JPG; http://biimages.biodiversity.ku.edu/static/Ornithology/originals/sp68030165554152849002.att.JPG; http://biimages.biodiversity.ku.edu/static/Ornithology/originals/sp68282642902575015873.att.JPG; http://biimages.biodiversity.ku.edu/static/Ornithology/originals/sp68611198299198145760.att.JPG,k-central-america,2024-10-28 15:41:40
sp63473197775202160431.att_1937485896_4.JPG,2985000,Parinari excelsa,2.416,"Lampornis sybillae (Salvin & Godman, 1892)",2476755,13.743,-86.393,,NORTH_AMERICA,Nueva Segovia,2016,6,16,2016-06-16,True,Unknown,Unknown,Unknown,University of Kansas Biodiversity Institute,http://biimages.biodiversity.ku.edu/static/Ornithology/originals/sp61539269990803663983.att.JPG; http://biimages.biodiversity.ku.edu/static/Ornithology/originals/sp61613123697484709657.att.JPG; http://biimages.biodiversity.ku.edu/static/Ornithology/originals/sp62231960642335302024.att.JPG; http://biimages.biodiversity.ku.edu/static/Ornithology/originals/sp62851471480786611469.att.JPG; http://biimages.biodiversity.ku.edu/static/Ornithology/originals/sp63233131716295685971.att.JPG; http://biimages.biodiversity.ku.edu/static/Ornithology/originals/sp63473197775202160431.att.JPG; http://biimages.biodiversity.ku.edu/static/Ornithology/originals/sp63649256785679833010.att.JPG; http://biimages.biodiversity.ku.edu/static/Ornithology/originals/sp63772040823714068057.att.JPG; http://biimages.biodiversity.ku.edu/static/Ornithology/originals/sp64039595646971232070.att.JPG; http://biimages.biodiversity.ku.edu/static/Ornithology/originals/sp64065942925913006275.att.JPG; http://biimages.biodiversity.ku.edu/static/Ornithology/originals/sp64642172043707948159.att.JPG; http://biimages.biodiversity.ku.edu/static/Ornithology/originals/sp64650863189925062115.att.JPG; http://biimages.biodiversity.ku.edu/static/Ornithology/originals/sp65013003488685303088.att.JPG; http://biimages.biodiversity.ku.edu/static/Ornithology/originals/sp6621673450792750796.att.JPG; http://biimages.biodiversity.ku.edu/static/Ornithology/originals/sp66653853712402814845.att.JPG; http://biimages.biodiversity.ku.edu/static/Ornithology/originals/sp66771498978554474669.att.JPG; http://biimages.biodiversity.ku.edu/static/Ornithology/originals/sp66918682296312761193.att.JPG; http://biimages.biodiversity.ku.edu/static/Ornithology/originals/sp67526663451240057514.att.JPG; http://biimages.biodiversity.ku.edu/static/Ornithology/originals/sp67872360817818987891.att.JPG; http://biimages.biodiversity.ku.edu/static/Ornithology/originals/sp67883027145547190785.att.JPG; http://biimages.biodiversity.ku.edu/static/Ornithology/originals/sp68030165554152849002.att.JPG; http://biimages.biodiversity.ku.edu/static/Ornithology/originals/sp68282642902575015873.att.JPG; http://biimages.biodiversity.ku.edu/static/Ornithology/originals/sp68611198299198145760.att.JPG,k-central-america,2024-10-28 15:41:41
sp63473197775202160431.att_1937486005_4.JPG,2985000,Parinari excelsa,2.416,"Lampornis sybillae (Salvin & Godman, 1892)",2476755,13.736,-86.381,,NORTH_AMERICA,Nueva Segovia,2016,6,7,2016-06-07,True,Unknown,Unknown,Unknown,University of Kansas Biodiversity Institute,http://biimages.biodiversity.ku.edu/static/Ornithology/originals/sp61539269990803663983.att.JPG; http://biimages.biodiversity.ku.edu/static/Ornithology/originals/sp61613123697484709657.att.JPG; http://biimages.biodiversity.ku.edu/static/Ornithology/originals/sp62231960642335302024.att.JPG; http://biimages.biodiversity.ku.edu/static/Ornithology/originals/sp62851471480786611469.att.JPG; http://biimages.biodiversity.ku.edu/static/Ornithology/originals/sp63233131716295685971.att.JPG; http://biimages.biodiversity.ku.edu/static/Ornithology/originals/sp63473197775202160431.att.JPG; http://biimages.biodiversity.ku.edu/static/Ornithology/originals/sp63649256785679833010.att.JPG; http://biimages.biodiversity.ku.edu/static/Ornithology/originals/sp63772040823714068057.att.JPG; http://biimages.biodiversity.ku.edu/static/Ornithology/originals/sp64039595646971232070.att.JPG; http://biimages.biodiversity.ku.edu/static/Ornithology/originals/sp64065942925913006275.att.JPG; http://biimages.biodiversity.ku.edu/static/Ornithology/originals/sp64642172043707948159.att.JPG; http://biimages.biodiversity.ku.edu/static/Ornithology/originals/sp64650863189925062115.att.JPG; http://biimages.biodiversity.ku.edu/static/Ornithology/originals/sp65013003488685303088.att.JPG; http://biimages.biodiversity.ku.edu/static/Ornithology/originals/sp6621673450792750796.att.JPG; http://biimages.biodiversity.ku.edu/static/Ornithology/originals/sp66653853712402814845.att.JPG; http://biimages.biodiversity.ku.edu/static/Ornithology/originals/sp66771498978554474669.att.JPG; http://biimages.biodiversity.ku.edu/static/Ornithology/originals/sp66918682296312761193.att.JPG; http://biimages.biodiversity.ku.edu/static/Ornithology/originals/sp67526663451240057514.att.JPG; http://biimages.biodiversity.ku.edu/static/Ornithology/originals/sp67872360817818987891.att.JPG; http://biimages.biodiversity.ku.edu/static/Ornithology/originals/sp67883027145547190785.att.JPG; http://biimages.biodiversity.ku.edu/static/Ornithology/originals/sp68030165554152849002.att.JPG; http://biimages.biodiversity.ku.edu/static/Ornithology/originals/sp68282642902575015873.att.JPG; http://biimages.biodiversity.ku.edu/static/Ornithology/originals/sp68611198299198145760.att.JPG,k-central-america,2024-10-28 15:41:42
sp63473197775202160431.att_1937486005_4.JPG,2985000,Parinari excelsa,2.416,"Lampornis sybillae (Salvin & Godman, 1892)",2476755,13.736,-86.381,,NORTH_AMERICA,Nueva Segovia,2016,6,7,2016-06-07,True,Unknown,Unknown,Unknown,University of Kansas Biodiversity Institute,http://biimages.biodiversity.ku.edu/static/Ornithology/originals/sp61539269990803663983.att.JPG; http://biimages.biodiversity.ku.edu/static/Ornithology/originals/sp61613123697484709657.att.JPG; http://biimages.biodiversity.ku.edu/static/Ornithology/originals/sp62231960642335302024.att.JPG; http://biimages.biodiversity.ku.edu/static/Ornithology/originals/sp62851471480786611469.att.JPG; http://biimages.biodiversity.ku.edu/static/Ornithology/originals/sp63233131716295685971.att.JPG; http://biimages.biodiversity.ku.edu/static/Ornithology/originals/sp63473197775202160431.att.JPG; http://biimages.biodiversity.ku.edu/static/Ornithology/originals/sp63649256785679833010.att.JPG; http://biimages.biodiversity.ku.edu/static/Ornithology/originals/sp63772040823714068057.att.JPG; http://biimages.biodiversity.ku.edu/static/Ornithology/originals/sp64039595646971232070.att.JPG; http://biimages.biodiversity.ku.edu/static/Ornithology/originals/sp64065942925913006275.att.JPG; http://biimages.biodiversity.ku.edu/static/Ornithology/originals/sp64642172043707948159.att.JPG; http://biimages.biodiversity.ku.edu/static/Ornithology/originals/sp64650863189925062115.att.JPG; http://biimages.biodiversity.ku.edu/static/Ornithology/originals/sp65013003488685303088.att.JPG; http://biimages.biodiversity.ku.edu/static/Ornithology/originals/sp6621673450792750796.att.JPG; http://biimages.biodiversity.ku.edu/static/Ornithology/originals/sp66653853712402814845.att.JPG; http://biimages.biodiversity.ku.edu/static/Ornithology/originals/sp66771498978554474669.att.JPG; http://biimages.biodiversity.ku.edu/static/Ornithology/originals/sp66918682296312761193.att.JPG; http://biimages.biodiversity.ku.edu/static/Ornithology/originals/sp67526663451240057514.att.JPG; http://biimages.biodiversity.ku.edu/static/Ornithology/originals/sp67872360817818987891.att.JPG; http://biimages.biodiversity.ku.edu/static/Ornithology/originals/sp67883027145547190785.att.JPG; http://biimages.biodiversity.ku.edu/static/Ornithology/originals/sp68030165554152849002.att.JPG; http://biimages.biodiversity.ku.edu/static/Ornithology/originals/sp68282642902575015873.att.JPG; http://biimages.biodiversity.ku.edu/static/Ornithology/originals/sp68611198299198145760.att.JPG,k-central-america,2024-10-28 15:41:43
sp63473197775202160431.att_1937486087_4.JPG,2985000,Parinari excelsa,2.416,"Lampornis sybillae (Salvin & Godman, 1892)",2476755,13.743,-86.393,,NORTH_AMERICA,Nueva Segovia,2016,6,9,2016-06-09,True,Unknown,Unknown,Unknown,University of Kansas Biodiversity Institute,http://biimages.biodiversity.ku.edu/static/Ornithology/originals/sp61539269990803663983.att.JPG; http://biimages.biodiversity.ku.edu/static/Ornithology/originals/sp61613123697484709657.att.JPG; http://biimages.biodiversity.ku.edu/static/Ornithology/originals/sp62231960642335302024.att.JPG; http://biimages.biodiversity.ku.edu/static/Ornithology/originals/sp62851471480786611469.att.JPG; http://biimages.biodiversity.ku.edu/static/Ornithology/originals/sp63233131716295685971.att.JPG; http://biimages.biodiversity.ku.edu/static/Ornithology/originals/sp63473197775202160431.att.JPG; http://biimages.biodiversity.ku.edu/static/Ornithology/originals/sp63649256785679833010.att.JPG; http://biimages.biodiversity.ku.edu/static/Ornithology/originals/sp63772040823714068057.att.JPG; http://biimages.biodiversity.ku.edu/static/Ornithology/originals/sp64039595646971232070.att.JPG; http://biimages.biodiversity.ku.edu/static/Ornithology/originals/sp64065942925913006275.att.JPG; http://biimages.biodiversity.ku.edu/static/Ornithology/originals/sp64642172043707948159.att.JPG; http://biimages.biodiversity.ku.edu/static/Ornithology/originals/sp64650863189925062115.att.JPG; http://biimages.biodiversity.ku.edu/static/Ornithology/originals/sp65013003488685303088.att.JPG; http://biimages.biodiversity.ku.edu/static/Ornithology/originals/sp6621673450792750796.att.JPG; http://biimages.biodiversity.ku.edu/static/Ornithology/originals/sp66653853712402814845.att.JPG; http://biimages.biodiversity.ku.edu/static/Ornithology/originals/sp66771498978554474669.att.JPG; http://biimages.biodiversity.ku.edu/static/Ornithology/originals/sp66918682296312761193.att.JPG; http://biimages.biodiversity.ku.edu/static/Ornithology/originals/sp67526663451240057514.att.JPG; http://biimages.biodiversity.ku.edu/static/Ornithology/originals/sp67872360817818987891.att.JPG; http://biimages.biodiversity.ku.edu/static/Ornithology/originals/sp67883027145547190785.att.JPG; http://biimages.biodiversity.ku.edu/static/Ornithology/originals/sp68030165554152849002.att.JPG; http://biimages.biodiversity.ku.edu/static/Ornithology/originals/sp68282642902575015873.att.JPG; http://biimages.biodiversity.ku.edu/static/Ornithology/originals/sp68611198299198145760.att.JPG,k-central-america,2024-10-28 15:41:45
sp63473197775202160431.att_1937486516_4.JPG,2985000,Parinari excelsa,2.416,"Lampornis sybillae (Salvin & Godman, 1892)",2476755,13.743,-86.393,,NORTH_AMERICA,Nueva Segovia,2016,6,10,2016-06-10,True,Unknown,Unknown,Unknown,University of Kansas Biodiversity Institute,http://biimages.biodiversity.ku.edu/static/Ornithology/originals/sp61539269990803663983.att.JPG; http://biimages.biodiversity.ku.edu/static/Ornithology/originals/sp61613123697484709657.att.JPG; http://biimages.biodiversity.ku.edu/static/Ornithology/originals/sp62231960642335302024.att.JPG; http://biimages.biodiversity.ku.edu/static/Ornithology/originals/sp62851471480786611469.att.JPG; http://biimages.biodiversity.ku.edu/static/Ornithology/originals/sp63233131716295685971.att.JPG; http://biimages.biodiversity.ku.edu/static/Ornithology/originals/sp63473197775202160431.att.JPG; http://biimages.biodiversity.ku.edu/static/Ornithology/originals/sp63649256785679833010.att.JPG; http://biimages.biodiversity.ku.edu/static/Ornithology/originals/sp63772040823714068057.att.JPG; http://biimages.biodiversity.ku.edu/static/Ornithology/originals/sp64039595646971232070.att.JPG; http://biimages.biodiversity.ku.edu/static/Ornithology/originals/sp64065942925913006275.att.JPG; http://biimages.biodiversity.ku.edu/static/Ornithology/originals/sp64642172043707948159.att.JPG; http://biimages.biodiversity.ku.edu/static/Ornithology/originals/sp64650863189925062115.att.JPG; http://biimages.biodiversity.ku.edu/static/Ornithology/originals/sp65013003488685303088.att.JPG; http://biimages.biodiversity.ku.edu/static/Ornithology/originals/sp6621673450792750796.att.JPG; http://biimages.biodiversity.ku.edu/static/Ornithology/originals/sp66653853712402814845.att.JPG; http://biimages.biodiversity.ku.edu/static/Ornithology/originals/sp66771498978554474669.att.JPG; http://biimages.biodiversity.ku.edu/static/Ornithology/originals/sp66918682296312761193.att.JPG; http://biimages.biodiversity.ku.edu/static/Ornithology/originals/sp67526663451240057514.att.JPG; http://biimages.biodiversity.ku.edu/static/Ornithology/originals/sp67872360817818987891.att.JPG; http://biimages.biodiversity.ku.edu/static/Ornithology/originals/sp67883027145547190785.att.JPG; http://biimages.biodiversity.ku.edu/static/Ornithology/originals/sp68030165554152849002.att.JPG; http://biimages.biodiversity.ku.edu/static/Ornithology/originals/sp68282642902575015873.att.JPG; http://biimages.biodiversity.ku.edu/static/Ornithology/originals/sp68611198299198145760.att.JPG,k-central-america,2024-10-28 15:41:45
sp63473197775202160431.att_1937486516_4.JPG,2985000,Parinari excelsa,2.416,"Lampornis sybillae (Salvin & Godman, 1892)",2476755,13.743,-86.393,,NORTH_AMERICA,Nueva Segovia,2016,6,10,2016-06-10,True,Unknown,Unknown,Unknown,University of Kansas Biodiversity Institute,http://biimages.biodiversity.ku.edu/static/Ornithology/originals/sp61539269990803663983.att.JPG; http://biimages.biodiversity.ku.edu/static/Ornithology/originals/sp61613123697484709657.att.JPG; http://biimages.biodiversity.ku.edu/static/Ornithology/originals/sp62231960642335302024.att.JPG; http://biimages.biodiversity.ku.edu/static/Ornithology/originals/sp62851471480786611469.att.JPG; http://biimages.biodiversity.ku.edu/static/Ornithology/originals/sp63233131716295685971.att.JPG; http://biimages.biodiversity.ku.edu/static/Ornithology/originals/sp63473197775202160431.att.JPG; http://biimages.biodiversity.ku.edu/static/Ornithology/originals/sp63649256785679833010.att.JPG; http://biimages.biodiversity.ku.edu/static/Ornithology/originals/sp63772040823714068057.att.JPG; http://biimages.biodiversity.ku.edu/static/Ornithology/originals/sp64039595646971232070.att.JPG; http://biimages.biodiversity.ku.edu/static/Ornithology/originals/sp64065942925913006275.att.JPG; http://biimages.biodiversity.ku.edu/static/Ornithology/originals/sp64642172043707948159.att.JPG; http://biimages.biodiversity.ku.edu/static/Ornithology/originals/sp64650863189925062115.att.JPG; http://biimages.biodiversity.ku.edu/static/Ornithology/originals/sp65013003488685303088.att.JPG; http://biimages.biodiversity.ku.edu/static/Ornithology/originals/sp6621673450792750796.att.JPG; http://biimages.biodiversity.ku.edu/static/Ornithology/originals/sp66653853712402814845.att.JPG; http://biimages.biodiversity.ku.edu/static/Ornithology/originals/sp66771498978554474669.att.JPG; http://biimages.biodiversity.ku.edu/static/Ornithology/originals/sp66918682296312761193.att.JPG; http://biimages.biodiversity.ku.edu/static/Ornithology/originals/sp67526663451240057514.att.JPG; http://biimages.biodiversity.ku.edu/static/Ornithology/originals/sp67872360817818987891.att.JPG; http://biimages.biodiversity.ku.edu/static/Ornithology/originals/sp67883027145547190785.att.JPG; http://biimages.biodiversity.ku.edu/static/Ornithology/originals/sp68030165554152849002.att.JPG; http://biimages.biodiversity.ku.edu/static/Ornithology/originals/sp68282642902575015873.att.JPG; http://biimages.biodiversity.ku.edu/static/Ornithology/originals/sp68611198299198145760.att.JPG,k-central-america,2024-10-28 15:41:46
