imageFileName,gbifIDPlant,speciesPlant,scorePlant,scientificNameBird,gbifIDBird,decimalLatitude,decimalLongitude,coordinateUncertaintyInMeters,continent,stateProvince,year,month,day,eventDate,dateFieldsValid,creator,publisher,license,rightsHolder,identifier,projectID,identificationDateTime
25780923218_7e38e2fa47_b_1807856249_4.jpg,4088199,Utricularia jamesoniana,17.544999999999998,"Heliangelus exortis (Fraser, 1840)",2476708,-0.374137,-78.078484,250.0,SOUTH_AMERICA,nan,,,,2017-12-07T00:00,False,Unknown,Unknown,Unknown,Unknown,http://live.staticflickr.com/4613/25780689658_f35f15f766_b.jpg; http://live.staticflickr.com/4622/25780923218_7e38e2fa47_b.jpg; http://live.staticflickr.com/4654/39652800031_030882b116_b.jpg; http://live.staticflickr.com/4761/38756045185_46137f8745_b.jpg,k-western-south-america,2024-10-21 23:24:04
38756045185_46137f8745_b_1807856249_3.jpg,4088199,Utricularia jamesoniana,1.2109999999999999,"Heliangelus exortis (Fraser, 1840)",2476708,-0.374137,-78.078484,250.0,SOUTH_AMERICA,nan,,,,2017-12-07T00:00,False,Unknown,Unknown,Unknown,Unknown,http://live.staticflickr.com/4613/25780689658_f35f15f766_b.jpg; http://live.staticflickr.com/4622/25780923218_7e38e2fa47_b.jpg; http://live.staticflickr.com/4654/39652800031_030882b116_b.jpg; http://live.staticflickr.com/4761/38756045185_46137f8745_b.jpg,k-western-south-america,2024-10-21 23:24:09
39652800031_030882b116_b_1807856249_1.jpg,4088199,Utricularia jamesoniana,16.73,"Heliangelus exortis (Fraser, 1840)",2476708,-0.374137,-78.078484,250.0,SOUTH_AMERICA,nan,,,,2017-12-07T00:00,False,Unknown,Unknown,Unknown,Unknown,http://live.staticflickr.com/4613/25780689658_f35f15f766_b.jpg; http://live.staticflickr.com/4622/25780923218_7e38e2fa47_b.jpg; http://live.staticflickr.com/4654/39652800031_030882b116_b.jpg; http://live.staticflickr.com/4761/38756045185_46137f8745_b.jpg,k-western-south-america,2024-10-21 23:24:10
53176884342_ea17a06d26_b_4421336410_3.jpg,5334240,Lonicera japonica,3.159,"Heliangelus exortis (Fraser, 1840)",2476708,-0.374137,-78.078484,250.0,SOUTH_AMERICA,nan,,,,2023-07-16T00:00,False,Unknown,Unknown,Unknown,Unknown,https://live.staticflickr.com/65535/53176884342_ea17a06d26_b.jpg; https://live.staticflickr.com/65535/53177463331_0de3e8879e_b.jpg; https://live.staticflickr.com/65535/53177659334_776aa21e4a_b.jpg; https://live.staticflickr.com/65535/53177908455_2415ec9443_b.jpg; https://live.staticflickr.com/65535/53177965463_65466c0d65_b.jpg,k-western-south-america,2024-10-21 23:24:12
53177463331_0de3e8879e_b_4421336410_1.jpg,8220878,Callianthe megapotamica,48.775,"Heliangelus exortis (Fraser, 1840)",2476708,-0.374137,-78.078484,250.0,SOUTH_AMERICA,nan,,,,2023-07-16T00:00,False,Unknown,Unknown,Unknown,Unknown,https://live.staticflickr.com/65535/53176884342_ea17a06d26_b.jpg; https://live.staticflickr.com/65535/53177463331_0de3e8879e_b.jpg; https://live.staticflickr.com/65535/53177659334_776aa21e4a_b.jpg; https://live.staticflickr.com/65535/53177908455_2415ec9443_b.jpg; https://live.staticflickr.com/65535/53177965463_65466c0d65_b.jpg,k-western-south-america,2024-10-21 23:24:15
53177659334_776aa21e4a_b_4421336410_5.jpg,5421335,Murraya paniculata,0.664,"Heliangelus exortis (Fraser, 1840)",2476708,-0.374137,-78.078484,250.0,SOUTH_AMERICA,nan,,,,2023-07-16T00:00,False,Unknown,Unknown,Unknown,Unknown,https://live.staticflickr.com/65535/53176884342_ea17a06d26_b.jpg; https://live.staticflickr.com/65535/53177463331_0de3e8879e_b.jpg; https://live.staticflickr.com/65535/53177659334_776aa21e4a_b.jpg; https://live.staticflickr.com/65535/53177908455_2415ec9443_b.jpg; https://live.staticflickr.com/65535/53177965463_65466c0d65_b.jpg,k-western-south-america,2024-10-21 23:24:16
53177965463_65466c0d65_b_4421336410_4.jpg,7931731,Prunus domestica,1.079,"Heliangelus exortis (Fraser, 1840)",2476708,-0.374137,-78.078484,250.0,SOUTH_AMERICA,nan,,,,2023-07-16T00:00,False,Unknown,Unknown,Unknown,Unknown,https://live.staticflickr.com/65535/53176884342_ea17a06d26_b.jpg; https://live.staticflickr.com/65535/53177463331_0de3e8879e_b.jpg; https://live.staticflickr.com/65535/53177659334_776aa21e4a_b.jpg; https://live.staticflickr.com/65535/53177908455_2415ec9443_b.jpg; https://live.staticflickr.com/65535/53177965463_65466c0d65_b.jpg,k-western-south-america,2024-10-21 23:24:19
53503078994_fd9148245f_b_4526686396_1.jpg,2932944,Capsicum annuum,4.495,"Heliangelus exortis (Fraser, 1840)",2476708,5.075513,-75.436768,250.0,SOUTH_AMERICA,nan,,,,2023-09-16T00:00,False,Unknown,Unknown,Unknown,Unknown,https://live.staticflickr.com/65535/53503072904_1151b7c440_b.jpg; https://live.staticflickr.com/65535/53503078994_fd9148245f_b.jpg,k-western-south-america,2024-10-21 23:24:23
53504990810_6a4d255fe0_b_4526573366_1.jpg,5938224,Fuchsia magellanica,19.701,"Heliangelus exortis (Fraser, 1840)",2476708,5.022342,-75.368843,250.0,SOUTH_AMERICA,nan,,,,2023-09-18T00:00,False,Unknown,Unknown,Unknown,Unknown,https://live.staticflickr.com/65535/53504990810_6a4d255fe0_b.jpg,k-western-south-america,2024-10-21 23:24:25
DSC03957+1372276328_2250604239_2.JPG,3621740,Himatanthus articulatus,3.8600000000000003,BOLD:ACH0075,2476708,5.148,-75.967,,SOUTH_AMERICA,Risaralda,,,,2004-08-27,False,Unknown,Unknown,CreativeCommons - Attribution Non-Commercial Share-Alike; http://creativecommons.org/licenses/by-nc-sa/4.0/,Unknown,http://www.boldsystems.org/pics/IAVHB/DSC03957+1372276328.JPG; http://www.boldsystems.org/pics/IAVHB/DSC03960+1372276378.JPG; http://www.boldsystems.org/pics/IAVHB/DSC03970+1372358816.JPG,k-western-south-america,2024-10-21 23:24:28
DSC03970+1372358816_2250604239_3.JPG,3621740,Himatanthus articulatus,16.861,BOLD:ACH0075,2476708,5.148,-75.967,,SOUTH_AMERICA,Risaralda,,,,2004-08-27,False,Unknown,Unknown,CreativeCommons - Attribution Non-Commercial Share-Alike; http://creativecommons.org/licenses/by-nc-sa/4.0/,Unknown,http://www.boldsystems.org/pics/IAVHB/DSC03957+1372276328.JPG; http://www.boldsystems.org/pics/IAVHB/DSC03960+1372276378.JPG; http://www.boldsystems.org/pics/IAVHB/DSC03970+1372358816.JPG,k-western-south-america,2024-10-21 23:24:31
original_1253302359_1.jpg,2792457,Polystachya concreta,2.841,"Heliangelus exortis (Fraser, 1840)",2476708,-0.368726,-78.08052,,SOUTH_AMERICA,Napo,,,,2009-05-03T08:18:26,False,Andy Jones,iNaturalist,http://creativecommons.org/licenses/by-nc/4.0/,Andy Jones,https://inaturalist-open-data.s3.amazonaws.com/photos/3036094/original.jpg,k-western-south-america,2024-10-21 23:24:41
original_1802646457_1.jpg,3085168,Achyranthes aspera,4.64,"Heliangelus exortis (Fraser, 1840)",2476708,-0.369155,-78.084437,116.0,SOUTH_AMERICA,Napo,,,,2017-03-18T07:20,False,Julien Renoult,iNaturalist,http://creativecommons.org/licenses/by/4.0/,Julien Renoult,https://inaturalist-open-data.s3.amazonaws.com/photos/12132835/original.jpg; https://inaturalist-open-data.s3.amazonaws.com/photos/12132872/original.jpg,k-western-south-america,2024-10-21 23:24:50
original_1802646457_2.jpg,7294305,Cantua buxifolia,1.9879999999999998,"Heliangelus exortis (Fraser, 1840)",2476708,-0.369155,-78.084437,116.0,SOUTH_AMERICA,Napo,,,,2017-03-18T07:20,False,Julien Renoult,iNaturalist,http://creativecommons.org/licenses/by/4.0/,Julien Renoult,https://inaturalist-open-data.s3.amazonaws.com/photos/12132835/original.jpg; https://inaturalist-open-data.s3.amazonaws.com/photos/12132872/original.jpg,k-western-south-america,2024-10-21 23:24:52
original_1837778987_1.jpg,8385149,Acianthera polystachya,6.952999999999999,"Heliangelus exortis (Fraser, 1840)",2476708,5.25708,-76.11057,,SOUTH_AMERICA,Risaralda,,,,2018-03-10,False,Luis G Restrepo,iNaturalist,http://creativecommons.org/licenses/by-nc/4.0/,Luis G Restrepo,https://inaturalist-open-data.s3.amazonaws.com/photos/14846191/original.jpg,k-western-south-america,2024-10-21 23:24:55
original_1837779010_1.jpg,2754074,Bomarea pardina,3.612,"Heliangelus exortis (Fraser, 1840)",2476708,5.25708,-76.11057,,SOUTH_AMERICA,Risaralda,,,,2018-03-10,False,Luis G Restrepo,iNaturalist,http://creativecommons.org/licenses/by-nc/4.0/,Luis G Restrepo,https://inaturalist-open-data.s3.amazonaws.com/photos/14846114/original.jpg,k-western-south-america,2024-10-21 23:24:58
original_1841244206_1.jpg,3152240,Ochroma pyramidale,9.59,"Heliangelus exortis (Fraser, 1840)",2476708,-0.368394,-78.095598,212.0,SOUTH_AMERICA,Napo,,,,2018-04-01T11:00,False,Laura Gaudette,iNaturalist,http://creativecommons.org/licenses/by/4.0/,Laura Gaudette,https://inaturalist-open-data.s3.amazonaws.com/photos/16761867/original.jpg,k-western-south-america,2024-10-21 23:25:02
original_1883521500_1.jpg,2932944,Capsicum annuum,10.088,"Heliangelus exortis (Fraser, 1840)",2476708,5.126241,-75.448733,1064.0,SOUTH_AMERICA,Caldas,,,,2016-11-07T13:05,False,max_hof_mann,iNaturalist,http://creativecommons.org/licenses/by-nc/4.0/,max_hof_mann,https://inaturalist-open-data.s3.amazonaws.com/photos/21310587/original.jpg,k-western-south-america,2024-10-21 23:25:05
original_1890705260_1.jpeg,3587589,Passiflora auriculata,4.475,"Heliangelus exortis (Fraser, 1840)",2476708,4.633984,-75.463017,,SOUTH_AMERICA,Quindío,,,,2018-07-19,False,Alexander Montoya,iNaturalist,http://creativecommons.org/licenses/by-nc/4.0/,Alexander Montoya,https://inaturalist-open-data.s3.amazonaws.com/photos/22712068/original.jpeg; https://inaturalist-open-data.s3.amazonaws.com/photos/22712303/original.jpeg,k-western-south-america,2024-10-21 23:25:08
original_1890705260_2.jpeg,6365487,Columnea consanguinea,1.484,"Heliangelus exortis (Fraser, 1840)",2476708,4.633984,-75.463017,,SOUTH_AMERICA,Quindío,,,,2018-07-19,False,Alexander Montoya,iNaturalist,http://creativecommons.org/licenses/by-nc/4.0/,Alexander Montoya,https://inaturalist-open-data.s3.amazonaws.com/photos/22712068/original.jpeg; https://inaturalist-open-data.s3.amazonaws.com/photos/22712303/original.jpeg,k-western-south-america,2024-10-21 23:25:10
original_1948788620_1.jpg,2651790,Pityrogramma calomelanos,2.833,"Heliangelus exortis (Fraser, 1840)",2476708,-0.368726,-78.08052,,SOUTH_AMERICA,Napo,,,,2009-05-03T14:40:13,False,Andy Jones,iNaturalist,http://creativecommons.org/licenses/by-nc/4.0/,Andy Jones,https://inaturalist-open-data.s3.amazonaws.com/photos/3044403/original.jpg,k-western-south-america,2024-10-21 23:25:19
original_1949996669_1.jpeg,2705781,Hymenachne amplexicaulis,1.3419999999999999,"Heliangelus exortis (Fraser, 1840)",2476708,-0.378799,-78.074503,107.0,SOUTH_AMERICA,Napo,,,,2018-11-04T17:16,False,Dave Wendelken,iNaturalist,http://creativecommons.org/licenses/by-nc/4.0/,Dave Wendelken,https://inaturalist-open-data.s3.amazonaws.com/photos/28959221/original.jpeg,k-western-south-america,2024-10-21 23:25:27
original_1978435473_1.jpeg,8368994,Passiflora mixta,3.9690000000000003,"Heliangelus exortis (Fraser, 1840)",2476708,6.610175,-75.665382,2.0,SOUTH_AMERICA,Antioquia,,,,2018-12-13,False,Sebastian Serna Muñoz,iNaturalist,http://creativecommons.org/licenses/by/4.0/,Sebastian Serna Muñoz,https://inaturalist-open-data.s3.amazonaws.com/photos/29187576/original.jpeg,k-western-south-america,2024-10-21 23:25:35
original_1978449380_1.jpg,5420322,Luma chequen,4.801,"Heliangelus exortis (Fraser, 1840)",2476708,4.970488,-75.37836,302.0,SOUTH_AMERICA,Caldas,,,,2016-02-17T11:41,False,Ken Chamberlain,iNaturalist,http://creativecommons.org/licenses/by-nc/4.0/,Ken Chamberlain,https://inaturalist-open-data.s3.amazonaws.com/photos/29235465/original.jpg,k-western-south-america,2024-10-21 23:25:38
original_1978449533_1.jpg,8376201,Escallonia myrtilloides,6.45,"Heliangelus exortis (Fraser, 1840)",2476708,4.970488,-75.37836,302.0,SOUTH_AMERICA,Caldas,,,,2016-02-18T10:45,False,Ken Chamberlain,iNaturalist,http://creativecommons.org/licenses/by-nc/4.0/,Ken Chamberlain,https://inaturalist-open-data.s3.amazonaws.com/photos/29235552/original.jpg,k-western-south-america,2024-10-21 23:25:40
original_1978456442_1.jpg,5305162,Kniphofia × praecox,1.9529999999999998,"Heliangelus exortis (Fraser, 1840)",2476708,5.066797,-75.448486,644.0,SOUTH_AMERICA,Caldas,,,,2016-02-15T08:42,False,Ken Chamberlain,iNaturalist,http://creativecommons.org/licenses/by-nc/4.0/,Ken Chamberlain,https://inaturalist-open-data.s3.amazonaws.com/photos/29289897/original.jpg,k-western-south-america,2024-10-21 23:25:43
original_2005316776_1.jpg,2931279,Solanum furcatum,2.785,"Heliangelus exortis (Fraser, 1840)",2476708,-0.379609,-78.07674,548.0,SOUTH_AMERICA,Napo,,,,2019-01-14,False,dushenkov,iNaturalist,http://creativecommons.org/licenses/by-nc/4.0/,dushenkov,https://inaturalist-open-data.s3.amazonaws.com/photos/31316249/original.jpg,k-western-south-america,2024-10-21 23:25:51
original_2012994092_1.jpeg,7152132,Passiflora tripartita,73.381,"Heliangelus exortis (Fraser, 1840)",2476708,-0.37836,-78.07406,20.0,SOUTH_AMERICA,Napo,,,,2018-09-13T08:58,False,Anneke Jonker,iNaturalist,http://creativecommons.org/licenses/by-nc/4.0/,Anneke Jonker,https://inaturalist-open-data.s3.amazonaws.com/photos/32333151/original.jpeg; https://inaturalist-open-data.s3.amazonaws.com/photos/32333155/original.jpeg; https://inaturalist-open-data.s3.amazonaws.com/photos/32333177/original.jpeg; https://inaturalist-open-data.s3.amazonaws.com/photos/32333187/original.jpeg,k-western-south-america,2024-10-21 23:25:56
original_2012994092_2.jpeg,3086333,Piper amalago,8.035,"Heliangelus exortis (Fraser, 1840)",2476708,-0.37836,-78.07406,20.0,SOUTH_AMERICA,Napo,,,,2018-09-13T08:58,False,Anneke Jonker,iNaturalist,http://creativecommons.org/licenses/by-nc/4.0/,Anneke Jonker,https://inaturalist-open-data.s3.amazonaws.com/photos/32333151/original.jpeg; https://inaturalist-open-data.s3.amazonaws.com/photos/32333155/original.jpeg; https://inaturalist-open-data.s3.amazonaws.com/photos/32333177/original.jpeg; https://inaturalist-open-data.s3.amazonaws.com/photos/32333187/original.jpeg,k-western-south-america,2024-10-21 23:25:58
original_2012994092_3.jpeg,3189950,Paullinia pinnata,1.224,"Heliangelus exortis (Fraser, 1840)",2476708,-0.37836,-78.07406,20.0,SOUTH_AMERICA,Napo,,,,2018-09-13T08:58,False,Anneke Jonker,iNaturalist,http://creativecommons.org/licenses/by-nc/4.0/,Anneke Jonker,https://inaturalist-open-data.s3.amazonaws.com/photos/32333151/original.jpeg; https://inaturalist-open-data.s3.amazonaws.com/photos/32333155/original.jpeg; https://inaturalist-open-data.s3.amazonaws.com/photos/32333177/original.jpeg; https://inaturalist-open-data.s3.amazonaws.com/photos/32333187/original.jpeg,k-western-south-america,2024-10-21 23:26:01
original_2012994092_4.jpeg,6390957,Persicaria punctata,4.046,"Heliangelus exortis (Fraser, 1840)",2476708,-0.37836,-78.07406,20.0,SOUTH_AMERICA,Napo,,,,2018-09-13T08:58,False,Anneke Jonker,iNaturalist,http://creativecommons.org/licenses/by-nc/4.0/,Anneke Jonker,https://inaturalist-open-data.s3.amazonaws.com/photos/32333151/original.jpeg; https://inaturalist-open-data.s3.amazonaws.com/photos/32333155/original.jpeg; https://inaturalist-open-data.s3.amazonaws.com/photos/32333177/original.jpeg; https://inaturalist-open-data.s3.amazonaws.com/photos/32333187/original.jpeg,k-western-south-america,2024-10-21 23:26:03
original_2013724350_1.jpeg,6365487,Columnea consanguinea,2.267,"Heliangelus exortis (Fraser, 1840)",2476708,-0.378078,-78.073956,,SOUTH_AMERICA,Napo,,,,2019-02-24T16:11,False,Eric Carpenter,iNaturalist,http://creativecommons.org/licenses/by-nc/4.0/,Eric Carpenter,https://inaturalist-open-data.s3.amazonaws.com/photos/32658035/original.jpeg,k-western-south-america,2024-10-21 23:26:06
original_2028478051_1.jpeg,3905260,Salvia corrugata,6.61,"Heliangelus exortis (Fraser, 1840)",2476708,-0.378011,-78.073889,,SOUTH_AMERICA,Napo,,,,2019-02-25,False,Eric Carpenter,iNaturalist,http://creativecommons.org/licenses/by-nc/4.0/,Eric Carpenter,https://inaturalist-open-data.s3.amazonaws.com/photos/33002147/original.jpeg; https://inaturalist-open-data.s3.amazonaws.com/photos/33002153/original.jpeg,k-western-south-america,2024-10-21 23:26:09
original_2028478051_2.jpeg,2650936,Nephrolepis biserrata,18.032,"Heliangelus exortis (Fraser, 1840)",2476708,-0.378011,-78.073889,,SOUTH_AMERICA,Napo,,,,2019-02-25,False,Eric Carpenter,iNaturalist,http://creativecommons.org/licenses/by-nc/4.0/,Eric Carpenter,https://inaturalist-open-data.s3.amazonaws.com/photos/33002147/original.jpeg; https://inaturalist-open-data.s3.amazonaws.com/photos/33002153/original.jpeg,k-western-south-america,2024-10-21 23:26:12
original_2028489850_1.jpeg,3772382,Mendoncia hoffmannseggiana,5.914,"Heliangelus exortis (Fraser, 1840)",2476708,5.073419,-75.437874,15.0,SOUTH_AMERICA,Caldas,,,,2019-03-10,False,Santi MD,iNaturalist,http://creativecommons.org/licenses/by-nc/4.0/,Santi MD,https://inaturalist-open-data.s3.amazonaws.com/photos/33063701/original.jpeg,k-western-south-america,2024-10-21 23:26:14
original_2234784808_1.jpeg,8368994,Passiflora mixta,7.672,"Heliangelus exortis (Fraser, 1840)",2476708,5.353232,-75.177773,31.0,SOUTH_AMERICA,Caldas,,,,2019-03-23,False,Alejandro Cardona,iNaturalist,http://creativecommons.org/licenses/by-nc/4.0/,Alejandro Cardona,https://inaturalist-open-data.s3.amazonaws.com/photos/33458185/original.jpeg,k-western-south-america,2024-10-21 23:26:17
original_2235538350_1.jpg,4177855,Beilschmiedia costaricensis,0.804,"Heliangelus exortis (Fraser, 1840)",2476708,-0.622952,-77.602818,13.0,SOUTH_AMERICA,Napo,,,,2019-03-16T12:14,False,Debara,iNaturalist,http://creativecommons.org/licenses/by-nc/4.0/,Debara,https://inaturalist-open-data.s3.amazonaws.com/photos/33979016/original.jpg,k-western-south-america,2024-10-21 23:26:20
original_2236838828_1.jpeg,8791596,Elaeis oleifera,5.774,"Heliangelus exortis (Fraser, 1840)",2476708,4.606232,-74.305055,61.0,SOUTH_AMERICA,Cundinamarca,,,,2019-03-24,False,Nicolás Rozo,iNaturalist,http://creativecommons.org/licenses/by-nc/4.0/,Nicolás Rozo,https://inaturalist-open-data.s3.amazonaws.com/photos/34588426/original.jpeg,k-western-south-america,2024-10-21 23:26:24
original_2237516994_1.jpeg,5938225,Fuchsia boliviana,70.516,"Heliangelus exortis (Fraser, 1840)",2476708,5.494761,-75.779292,1996.0,SOUTH_AMERICA,Caldas,,,,2019-02-19,False,Luis G Restrepo,iNaturalist,http://creativecommons.org/licenses/by-nc/4.0/,Luis G Restrepo,https://inaturalist-open-data.s3.amazonaws.com/photos/35674215/original.jpeg; https://inaturalist-open-data.s3.amazonaws.com/photos/35674259/original.jpeg,k-western-south-america,2024-10-21 23:26:26
original_2237516994_2.jpeg,5938225,Fuchsia boliviana,56.629,"Heliangelus exortis (Fraser, 1840)",2476708,5.494761,-75.779292,1996.0,SOUTH_AMERICA,Caldas,,,,2019-02-19,False,Luis G Restrepo,iNaturalist,http://creativecommons.org/licenses/by-nc/4.0/,Luis G Restrepo,https://inaturalist-open-data.s3.amazonaws.com/photos/35674215/original.jpeg; https://inaturalist-open-data.s3.amazonaws.com/photos/35674259/original.jpeg,k-western-south-america,2024-10-21 23:26:28
original_2283036021_1.jpeg,3152069,Triumfetta rhomboidea,1.2959999999999998,"Heliangelus exortis (Fraser, 1840)",2476708,5.07697,-75.435558,404.0,SOUTH_AMERICA,Caldas,,,,2019-05-29,False,Luis G Restrepo,iNaturalist,http://creativecommons.org/licenses/by-nc/4.0/,Luis G Restrepo,https://inaturalist-open-data.s3.amazonaws.com/photos/42685013/original.jpeg; https://inaturalist-open-data.s3.amazonaws.com/photos/42685035/original.jpeg; https://inaturalist-open-data.s3.amazonaws.com/photos/42685062/original.jpeg,k-western-south-america,2024-10-21 23:26:31
original_2283036021_2.jpeg,5289752,Phalaris minor,1.781,"Heliangelus exortis (Fraser, 1840)",2476708,5.07697,-75.435558,404.0,SOUTH_AMERICA,Caldas,,,,2019-05-29,False,Luis G Restrepo,iNaturalist,http://creativecommons.org/licenses/by-nc/4.0/,Luis G Restrepo,https://inaturalist-open-data.s3.amazonaws.com/photos/42685013/original.jpeg; https://inaturalist-open-data.s3.amazonaws.com/photos/42685035/original.jpeg; https://inaturalist-open-data.s3.amazonaws.com/photos/42685062/original.jpeg,k-western-south-america,2024-10-21 23:26:34
original_2283036021_3.jpeg,5383279,Margaritaria nobilis,1.881,"Heliangelus exortis (Fraser, 1840)",2476708,5.07697,-75.435558,404.0,SOUTH_AMERICA,Caldas,,,,2019-05-29,False,Luis G Restrepo,iNaturalist,http://creativecommons.org/licenses/by-nc/4.0/,Luis G Restrepo,https://inaturalist-open-data.s3.amazonaws.com/photos/42685013/original.jpeg; https://inaturalist-open-data.s3.amazonaws.com/photos/42685035/original.jpeg; https://inaturalist-open-data.s3.amazonaws.com/photos/42685062/original.jpeg,k-western-south-america,2024-10-21 23:26:36
original_2311378013_1.jpeg,2695645,Tillandsia bulbosa,10.816,"Heliangelus exortis (Fraser, 1840)",2476708,4.605982,-74.304239,4.0,SOUTH_AMERICA,Cundinamarca,,,,2019-07-21T11:37,False,Juan Carlos Caicedo Hernández,iNaturalist,http://creativecommons.org/licenses/by/4.0/,Juan Carlos Caicedo Hernández,https://inaturalist-open-data.s3.amazonaws.com/photos/46514591/original.jpeg,k-western-south-america,2024-10-21 23:26:38
original_2549997825_1.jpeg,2964988,Centrosema brasilianum,1.7340000000000002,"Heliangelus exortis (Fraser, 1840)",2476708,-0.379392,-78.076649,516.0,SOUTH_AMERICA,Napo,,,,2016-09-02T11:06,False,Ben Tsai蔡維哲,iNaturalist,http://creativecommons.org/licenses/by-nc/4.0/,Ben Tsai蔡維哲,https://inaturalist-open-data.s3.amazonaws.com/photos/59238902/original.jpeg,k-western-south-america,2024-10-21 23:26:47
original_2550006560_2.jpg,5321877,Ionopsis utricularioides,3.0020000000000002,"Heliangelus exortis (Fraser, 1840)",2476708,5.255923,-76.110905,25.0,SOUTH_AMERICA,Risaralda,,,,2018-12-25T11:56,False,Cullen Hanks,iNaturalist,http://creativecommons.org/licenses/by/4.0/,Cullen Hanks,https://inaturalist-open-data.s3.amazonaws.com/photos/59209767/original.jpg; https://inaturalist-open-data.s3.amazonaws.com/photos/59209774/original.jpg,k-western-south-america,2024-10-21 23:26:51
original_2550019740_2.jpg,7981652,Rhabdadenia biflora,1.429,"Heliangelus exortis (Fraser, 1840)",2476708,5.25326,-76.113218,25.0,SOUTH_AMERICA,Risaralda,,,,2018-12-25T09:43,False,Cullen Hanks,iNaturalist,http://creativecommons.org/licenses/by/4.0/,Cullen Hanks,https://inaturalist-open-data.s3.amazonaws.com/photos/59209644/original.jpg; https://inaturalist-open-data.s3.amazonaws.com/photos/59209655/original.jpg,k-western-south-america,2024-10-21 23:26:57
original_2563527002_1.jpeg,2792457,Polystachya concreta,2.428,"Heliangelus exortis (Fraser, 1840)",2476708,-0.379392,-78.076649,516.0,SOUTH_AMERICA,Napo,,,,2019-12-30T16:09,False,Howard Friedman,iNaturalist,http://creativecommons.org/licenses/by-nc/4.0/,Howard Friedman,https://inaturalist-open-data.s3.amazonaws.com/photos/59951001/original.jpeg,k-western-south-america,2024-10-21 23:26:59
original_2563532823_1.jpeg,2872456,Anthurium clavigerum,1.8929999999999998,"Heliangelus exortis (Fraser, 1840)",2476708,-0.379392,-78.076649,516.0,SOUTH_AMERICA,Napo,,,,2019-12-30T13:24,False,Howard Friedman,iNaturalist,http://creativecommons.org/licenses/by-nc/4.0/,Howard Friedman,https://inaturalist-open-data.s3.amazonaws.com/photos/59967661/original.jpeg,k-western-south-america,2024-10-21 23:27:01
original_2573793377_1.png,4261683,Entelea arborescens,3.553,"Heliangelus exortis (Fraser, 1840)",2476708,-0.379609,-78.07674,212.0,SOUTH_AMERICA,Napo,,,,2018-09-24T16:08,False,caseytunia,iNaturalist,http://creativecommons.org/licenses/by-nc/4.0/,caseytunia,https://inaturalist-open-data.s3.amazonaws.com/photos/26956725/original.png,k-western-south-america,2024-10-21 23:27:05
original_2573796889_3.jpg,3190647,Quassia amara,3.537,"Heliangelus exortis (Fraser, 1840)",2476708,-0.378413,-78.074036,5.0,SOUTH_AMERICA,Napo,,,,2018-12-29T08:10:45,False,Camille Plaisance,iNaturalist,http://creativecommons.org/licenses/by-nc/4.0/,Camille Plaisance,https://inaturalist-open-data.s3.amazonaws.com/photos/29653020/original.jpg; https://inaturalist-open-data.s3.amazonaws.com/photos/29653033/original.jpg; https://inaturalist-open-data.s3.amazonaws.com/photos/29653053/original.jpg,k-western-south-america,2024-10-21 23:27:13
original_2573805011_1.jpg,3860494,Henriettea succosa,2.6020000000000003,"Heliangelus exortis (Fraser, 1840)",2476708,-0.369414,-78.08095,,SOUTH_AMERICA,Napo,,,,2014-03-23T09:06,False,Stephen John Davies,iNaturalist,http://creativecommons.org/licenses/by-nc/4.0/,Stephen John Davies,https://inaturalist-open-data.s3.amazonaws.com/photos/43739656/original.jpg,k-western-south-america,2024-10-21 23:27:16
original_2573853862_1.jpg,5406739,Sida cordata,2.154,"Heliangelus exortis (Fraser, 1840)",2476708,5.073306,-75.437861,30.0,SOUTH_AMERICA,Caldas,,,,2020-01-24T13:11,False,Paul Tavares,iNaturalist,http://creativecommons.org/licenses/by-nc/4.0/,Paul Tavares,https://inaturalist-open-data.s3.amazonaws.com/photos/61398699/original.jpg,k-western-south-america,2024-10-21 23:27:21
original_2573862552_1.jpg,2650442,Niphidium crassifolium,6.994,"Heliangelus exortis (Fraser, 1840)",2476708,-0.378375,-78.074522,8.0,SOUTH_AMERICA,Napo,,,,2020-01-13T07:25,False,John G. Phillips,iNaturalist,http://creativecommons.org/licenses/by-nc/4.0/,John G. Phillips,https://inaturalist-open-data.s3.amazonaws.com/photos/61189980/original.jpg,k-western-south-america,2024-10-21 23:27:29
original_2573868584_1.jpg,8410331,Justicia aurea,1.406,"Heliangelus exortis (Fraser, 1840)",2476708,-0.378348,-78.074216,8.0,SOUTH_AMERICA,Napo,,,,2020-01-13T11:47,False,John G. Phillips,iNaturalist,http://creativecommons.org/licenses/by-nc/4.0/,John G. Phillips,https://inaturalist-open-data.s3.amazonaws.com/photos/61190483/original.jpg,k-western-south-america,2024-10-21 23:27:31
original_2573907000_1.jpg,5372392,Vitis vinifera,2.218,"Heliangelus exortis (Fraser, 1840)",2476708,-0.378363,-78.074132,,SOUTH_AMERICA,Napo,,,,2010-03-11T15:01,False,Stephen John Davies,iNaturalist,http://creativecommons.org/licenses/by-nc/4.0/,Stephen John Davies,https://inaturalist-open-data.s3.amazonaws.com/photos/43417082/original.jpg,k-western-south-america,2024-10-21 23:27:34
original_2573979600_1.jpg,2760766,Heliconia hirsuta,6.095,"Heliangelus exortis (Fraser, 1840)",2476708,-0.378282,-78.074566,4.0,SOUTH_AMERICA,Napo,,,,2020-01-12T18:07,False,John G. Phillips,iNaturalist,http://creativecommons.org/licenses/by-nc/4.0/,John G. Phillips,https://inaturalist-open-data.s3.amazonaws.com/photos/61189597/original.jpg,k-western-south-america,2024-10-21 23:27:46
original_2574004557_1.jpg,5331145,Casearia aculeata,6.122,"Heliangelus exortis (Fraser, 1840)",2476708,-0.378232,-78.074582,2.0,SOUTH_AMERICA,Napo,,,,2020-01-13T12:09,False,John G. Phillips,iNaturalist,http://creativecommons.org/licenses/by-nc/4.0/,John G. Phillips,https://inaturalist-open-data.s3.amazonaws.com/photos/61190527/original.jpg; https://inaturalist-open-data.s3.amazonaws.com/photos/61190528/original.jpg,k-western-south-america,2024-10-21 23:27:52
original_2574004557_2.jpg,5331145,Casearia aculeata,2.696,"Heliangelus exortis (Fraser, 1840)",2476708,-0.378232,-78.074582,2.0,SOUTH_AMERICA,Napo,,,,2020-01-13T12:09,False,John G. Phillips,iNaturalist,http://creativecommons.org/licenses/by-nc/4.0/,John G. Phillips,https://inaturalist-open-data.s3.amazonaws.com/photos/61190527/original.jpg; https://inaturalist-open-data.s3.amazonaws.com/photos/61190528/original.jpg,k-western-south-america,2024-10-21 23:27:54
original_2574008660_1.jpg,7264854,Paullinia alata,2.817,"Heliangelus exortis (Fraser, 1840)",2476708,-0.378232,-78.074582,2.0,SOUTH_AMERICA,Napo,,,,2020-01-13T12:07,False,John G. Phillips,iNaturalist,http://creativecommons.org/licenses/by-nc/4.0/,John G. Phillips,https://inaturalist-open-data.s3.amazonaws.com/photos/61190515/original.jpg; https://inaturalist-open-data.s3.amazonaws.com/photos/61190520/original.jpg,k-western-south-america,2024-10-21 23:27:56
original_2574008660_2.jpg,6365487,Columnea consanguinea,5.835,"Heliangelus exortis (Fraser, 1840)",2476708,-0.378232,-78.074582,2.0,SOUTH_AMERICA,Napo,,,,2020-01-13T12:07,False,John G. Phillips,iNaturalist,http://creativecommons.org/licenses/by-nc/4.0/,John G. Phillips,https://inaturalist-open-data.s3.amazonaws.com/photos/61190515/original.jpg; https://inaturalist-open-data.s3.amazonaws.com/photos/61190520/original.jpg,k-western-south-america,2024-10-21 23:27:58
original_2574009602_1.jpg,5387098,Dahlia coccinea,1.873,"Heliangelus exortis (Fraser, 1840)",2476708,-0.378232,-78.074582,2.0,SOUTH_AMERICA,Napo,,,,2020-01-13T12:34,False,John G. Phillips,iNaturalist,http://creativecommons.org/licenses/by-nc/4.0/,John G. Phillips,https://inaturalist-open-data.s3.amazonaws.com/photos/61190676/original.jpg; https://inaturalist-open-data.s3.amazonaws.com/photos/61190680/original.jpg,k-western-south-america,2024-10-21 23:28:00
original_2574023540_1.jpg,6365487,Columnea consanguinea,1.4869999999999999,"Heliangelus exortis (Fraser, 1840)",2476708,-0.378232,-78.074582,2.0,SOUTH_AMERICA,Napo,,,,2020-01-13T12:14,False,John G. Phillips,iNaturalist,http://creativecommons.org/licenses/by-nc/4.0/,John G. Phillips,https://inaturalist-open-data.s3.amazonaws.com/photos/61190533/original.jpg,k-western-south-america,2024-10-21 23:28:05
original_2574068068_1.jpg,2925385,Lippia alba,14.610000000000001,"Heliangelus exortis (Fraser, 1840)",2476708,-0.378337,-78.074088,,SOUTH_AMERICA,Napo,,,,2010-03-11T14:44,False,Stephen John Davies,iNaturalist,http://creativecommons.org/licenses/by-nc/4.0/,Stephen John Davies,https://inaturalist-open-data.s3.amazonaws.com/photos/43417129/original.jpg,k-western-south-america,2024-10-21 23:28:08
original_2574109713_1.jpg,5590525,Drymonia rubra,9.538,"Heliangelus exortis (Fraser, 1840)",2476708,-0.378282,-78.074566,4.0,SOUTH_AMERICA,Napo,,,,2020-01-13T06:36,False,John G. Phillips,iNaturalist,http://creativecommons.org/licenses/by-nc/4.0/,John G. Phillips,https://inaturalist-open-data.s3.amazonaws.com/photos/61189654/original.jpg,k-western-south-america,2024-10-21 23:28:12
original_2574130542_1.jpeg,5834757,Mouriri sagotiana,2.3890000000000002,"Heliangelus exortis (Fraser, 1840)",2476708,-0.379392,-78.076649,516.0,SOUTH_AMERICA,Napo,,,,2016-09-01T14:57,False,Ben Tsai蔡維哲,iNaturalist,http://creativecommons.org/licenses/by-nc/4.0/,Ben Tsai蔡維哲,https://inaturalist-open-data.s3.amazonaws.com/photos/59238383/original.jpeg,k-western-south-america,2024-10-21 23:28:15
original_2574151771_1.jpg,2651039,Elaphoglossum peltatum,8.488999999999999,"Heliangelus exortis (Fraser, 1840)",2476708,-0.378454,-78.074324,4.0,SOUTH_AMERICA,Napo,,,,2020-01-13T09:10,False,John G. Phillips,iNaturalist,http://creativecommons.org/licenses/by-nc/4.0/,John G. Phillips,https://inaturalist-open-data.s3.amazonaws.com/photos/61190057/original.jpg; https://inaturalist-open-data.s3.amazonaws.com/photos/61190060/original.jpg; https://inaturalist-open-data.s3.amazonaws.com/photos/61190064/original.jpg,k-western-south-america,2024-10-21 23:28:17
original_2574151771_2.jpg,2651039,Elaphoglossum peltatum,19.281000000000002,"Heliangelus exortis (Fraser, 1840)",2476708,-0.378454,-78.074324,4.0,SOUTH_AMERICA,Napo,,,,2020-01-13T09:10,False,John G. Phillips,iNaturalist,http://creativecommons.org/licenses/by-nc/4.0/,John G. Phillips,https://inaturalist-open-data.s3.amazonaws.com/photos/61190057/original.jpg; https://inaturalist-open-data.s3.amazonaws.com/photos/61190060/original.jpg; https://inaturalist-open-data.s3.amazonaws.com/photos/61190064/original.jpg,k-western-south-america,2024-10-21 23:28:20
original_2574151771_3.jpg,2695149,Tillandsia usneoides,31.097,"Heliangelus exortis (Fraser, 1840)",2476708,-0.378454,-78.074324,4.0,SOUTH_AMERICA,Napo,,,,2020-01-13T09:10,False,John G. Phillips,iNaturalist,http://creativecommons.org/licenses/by-nc/4.0/,John G. Phillips,https://inaturalist-open-data.s3.amazonaws.com/photos/61190057/original.jpg; https://inaturalist-open-data.s3.amazonaws.com/photos/61190060/original.jpg; https://inaturalist-open-data.s3.amazonaws.com/photos/61190064/original.jpg,k-western-south-america,2024-10-21 23:28:23
original_2574158678_1.jpg,4088199,Utricularia jamesoniana,10.867,"Heliangelus exortis (Fraser, 1840)",2476708,-0.378454,-78.074324,4.0,SOUTH_AMERICA,Napo,,,,2020-01-13T09:17,False,John G. Phillips,iNaturalist,http://creativecommons.org/licenses/by-nc/4.0/,John G. Phillips,https://inaturalist-open-data.s3.amazonaws.com/photos/61190096/original.jpg,k-western-south-america,2024-10-21 23:28:25
original_2574183705_1.jpg,3082334,Grias cauliflora,2.937,"Heliangelus exortis (Fraser, 1840)",2476708,-0.378454,-78.074324,4.0,SOUTH_AMERICA,Napo,,,,2020-01-13T09:14,False,John G. Phillips,iNaturalist,http://creativecommons.org/licenses/by-nc/4.0/,John G. Phillips,https://inaturalist-open-data.s3.amazonaws.com/photos/61190076/original.jpg,k-western-south-america,2024-10-21 23:28:30
original_2574231729_1.jpg,5372391,Vitis tiliifolia,7.881,"Heliangelus exortis (Fraser, 1840)",2476708,-0.378232,-78.074582,2.0,SOUTH_AMERICA,Napo,,,,2020-01-13T12:48,False,John G. Phillips,iNaturalist,http://creativecommons.org/licenses/by-nc/4.0/,John G. Phillips,https://inaturalist-open-data.s3.amazonaws.com/photos/61190761/original.jpg,k-western-south-america,2024-10-21 23:28:37
original_2574239747_1.jpg,3145318,Smallanthus pyramidalis,23.759,"Heliangelus exortis (Fraser, 1840)",2476708,-0.378232,-78.074582,2.0,SOUTH_AMERICA,Napo,,,,2020-01-13T12:23,False,John G. Phillips,iNaturalist,http://creativecommons.org/licenses/by-nc/4.0/,John G. Phillips,https://inaturalist-open-data.s3.amazonaws.com/photos/61190591/original.jpg,k-western-south-america,2024-10-21 23:28:39
original_2574239748_1.jpg,5321877,Ionopsis utricularioides,2.185,"Heliangelus exortis (Fraser, 1840)",2476708,-0.378232,-78.074582,2.0,SOUTH_AMERICA,Napo,,,,2020-01-13T12:49,False,John G. Phillips,iNaturalist,http://creativecommons.org/licenses/by-nc/4.0/,John G. Phillips,https://inaturalist-open-data.s3.amazonaws.com/photos/61190779/original.jpg,k-western-south-america,2024-10-21 23:28:41
original_2580114575_1.jpg,4093319,Delostoma integrifolium,1.246,"Heliangelus exortis (Fraser, 1840)",2476708,6.107665,-75.548753,197.0,SOUTH_AMERICA,Antioquia,,,,2020-03-14T08:44,False,jumabita,iNaturalist,http://creativecommons.org/licenses/by-nc/4.0/,jumabita,https://inaturalist-open-data.s3.amazonaws.com/photos/63679840/original.jpg,k-western-south-america,2024-10-21 23:28:56
original_2580115480_1.jpg,5372392,Vitis vinifera,3.51,"Heliangelus exortis (Fraser, 1840)",2476708,4.655821,-74.3342,1052.0,SOUTH_AMERICA,Cundinamarca,,,,2020-03-14T08:24:17,False,Omar Javier López Gómez,iNaturalist,http://creativecommons.org/licenses/by-nc/4.0/,Omar Javier López Gómez,https://inaturalist-open-data.s3.amazonaws.com/photos/63627475/original.jpg,k-western-south-america,2024-10-21 23:28:58
original_2596243372_1.jpeg,8368994,Passiflora mixta,5.573,"Heliangelus exortis (Fraser, 1840)",2476708,-0.379132,-78.073882,,SOUTH_AMERICA,Napo,,,,2019-02-06T03:30,False,blackdogto,iNaturalist,http://creativecommons.org/licenses/by-nc/4.0/,blackdogto,https://inaturalist-open-data.s3.amazonaws.com/photos/64092862/original.jpeg,k-western-south-america,2024-10-21 23:29:01
original_2611034464_1.jpg,10770835,Ruehssia rubrofusca,2.5,"Heliangelus exortis (Fraser, 1840)",2476708,-0.379392,-78.076649,516.0,SOUTH_AMERICA,Napo,,,,2019-09-23T03:21,False,Andrés León-Reyes,iNaturalist,http://creativecommons.org/licenses/by-nc/4.0/,Andrés León-Reyes,https://inaturalist-open-data.s3.amazonaws.com/photos/70395113/original.jpg,k-western-south-america,2024-10-21 23:29:03
original_2611216995_1.jpg,6365487,Columnea consanguinea,2.803,"Heliangelus exortis (Fraser, 1840)",2476708,-0.379392,-78.076649,516.0,SOUTH_AMERICA,Napo,,,,2015-08-27T00:11,False,Andrés León-Reyes,iNaturalist,http://creativecommons.org/licenses/by-nc/4.0/,Andrés León-Reyes,https://inaturalist-open-data.s3.amazonaws.com/photos/69038740/original.jpg,k-western-south-america,2024-10-21 23:29:06
original_2611333557_1.jpg,3152069,Triumfetta rhomboidea,7.428999999999999,"Heliangelus exortis (Fraser, 1840)",2476708,-0.422013,-78.042368,13031.0,SOUTH_AMERICA,Napo,,,,2019-02-05T18:53,False,MaoMorning Yip,iNaturalist,http://creativecommons.org/licenses/by-nc/4.0/,MaoMorning Yip,https://inaturalist-open-data.s3.amazonaws.com/photos/70326106/original.jpg,k-western-south-america,2024-10-21 23:29:08
original_2626241506_1.jpg,6365487,Columnea consanguinea,5.292,"Heliangelus exortis (Fraser, 1840)",2476708,5.400719,-75.177884,984.0,SOUTH_AMERICA,Caldas,,,,2020-05-09T08:02:13,False,batsoul,iNaturalist,http://creativecommons.org/licenses/by/4.0/,batsoul,https://inaturalist-open-data.s3.amazonaws.com/photos/71983938/original.jpg,k-western-south-america,2024-10-21 23:29:16
original_2626263679_1.jpg,7299577,Lycianthes lycioides,7.346,"Heliangelus exortis (Fraser, 1840)",2476708,5.105938,-75.485483,410.0,SOUTH_AMERICA,Caldas,,,,2018-02-13T12:11Z,False,William Stephens,iNaturalist,http://creativecommons.org/licenses/by/4.0/,William Stephens,https://inaturalist-open-data.s3.amazonaws.com/photos/63833376/original.jpg,k-western-south-america,2024-10-21 23:29:18
original_2626337155_1.jpeg,3099738,Lepidaploa canescens,1.552,"Heliangelus exortis (Fraser, 1840)",2476708,-0.379392,-78.076649,516.0,SOUTH_AMERICA,Napo,,,,2015-05-19T21:18,False,Andrés León-Reyes,iNaturalist,http://creativecommons.org/licenses/by-nc/4.0/,Andrés León-Reyes,https://inaturalist-open-data.s3.amazonaws.com/photos/74145019/original.jpeg; https://inaturalist-open-data.s3.amazonaws.com/photos/74145032/original.jpeg; https://inaturalist-open-data.s3.amazonaws.com/photos/74145213/original.jpeg; https://inaturalist-open-data.s3.amazonaws.com/photos/74145249/original.jpeg,k-western-south-america,2024-10-21 23:29:21
original_2626337155_2.jpeg,2925462,Stachytarpheta mutabilis,2.445,"Heliangelus exortis (Fraser, 1840)",2476708,-0.379392,-78.076649,516.0,SOUTH_AMERICA,Napo,,,,2015-05-19T21:18,False,Andrés León-Reyes,iNaturalist,http://creativecommons.org/licenses/by-nc/4.0/,Andrés León-Reyes,https://inaturalist-open-data.s3.amazonaws.com/photos/74145019/original.jpeg; https://inaturalist-open-data.s3.amazonaws.com/photos/74145032/original.jpeg; https://inaturalist-open-data.s3.amazonaws.com/photos/74145213/original.jpeg; https://inaturalist-open-data.s3.amazonaws.com/photos/74145249/original.jpeg,k-western-south-america,2024-10-21 23:29:23
original_2626337155_3.jpeg,7323252,Gomphrena elegans,3.402,"Heliangelus exortis (Fraser, 1840)",2476708,-0.379392,-78.076649,516.0,SOUTH_AMERICA,Napo,,,,2015-05-19T21:18,False,Andrés León-Reyes,iNaturalist,http://creativecommons.org/licenses/by-nc/4.0/,Andrés León-Reyes,https://inaturalist-open-data.s3.amazonaws.com/photos/74145019/original.jpeg; https://inaturalist-open-data.s3.amazonaws.com/photos/74145032/original.jpeg; https://inaturalist-open-data.s3.amazonaws.com/photos/74145213/original.jpeg; https://inaturalist-open-data.s3.amazonaws.com/photos/74145249/original.jpeg,k-western-south-america,2024-10-21 23:29:26
original_2626337155_4.jpeg,2931279,Solanum furcatum,2.4619999999999997,"Heliangelus exortis (Fraser, 1840)",2476708,-0.379392,-78.076649,516.0,SOUTH_AMERICA,Napo,,,,2015-05-19T21:18,False,Andrés León-Reyes,iNaturalist,http://creativecommons.org/licenses/by-nc/4.0/,Andrés León-Reyes,https://inaturalist-open-data.s3.amazonaws.com/photos/74145019/original.jpeg; https://inaturalist-open-data.s3.amazonaws.com/photos/74145032/original.jpeg; https://inaturalist-open-data.s3.amazonaws.com/photos/74145213/original.jpeg; https://inaturalist-open-data.s3.amazonaws.com/photos/74145249/original.jpeg,k-western-south-america,2024-10-21 23:29:28
original_2626540383_5.jpeg,5357158,Cassia grandis,4.066,"Heliangelus exortis (Fraser, 1840)",2476708,-0.379392,-78.076649,516.0,SOUTH_AMERICA,Napo,,,,2015-05-19T21:04,False,Andrés León-Reyes,iNaturalist,http://creativecommons.org/licenses/by-nc/4.0/,Andrés León-Reyes,https://inaturalist-open-data.s3.amazonaws.com/photos/74144663/original.jpeg; https://inaturalist-open-data.s3.amazonaws.com/photos/74144700/original.jpeg; https://inaturalist-open-data.s3.amazonaws.com/photos/74144704/original.jpeg; https://inaturalist-open-data.s3.amazonaws.com/photos/74144717/original.jpeg; https://inaturalist-open-data.s3.amazonaws.com/photos/74144750/original.jpeg; https://inaturalist-open-data.s3.amazonaws.com/photos/74144787/original.jpeg,k-western-south-america,2024-10-21 23:29:41
original_2626682692_1.jpeg,4158951,Begonia parviflora,7.344,"Heliangelus exortis (Fraser, 1840)",2476708,-0.379392,-78.076649,516.0,SOUTH_AMERICA,Napo,,,,2015-05-19T21:08,False,Andrés León-Reyes,iNaturalist,http://creativecommons.org/licenses/by-nc/4.0/,Andrés León-Reyes,https://inaturalist-open-data.s3.amazonaws.com/photos/74144845/original.jpeg; https://inaturalist-open-data.s3.amazonaws.com/photos/74144875/original.jpeg; https://inaturalist-open-data.s3.amazonaws.com/photos/74144885/original.jpeg; https://inaturalist-open-data.s3.amazonaws.com/photos/74144920/original.jpeg; https://inaturalist-open-data.s3.amazonaws.com/photos/74144993/original.jpeg; https://inaturalist-open-data.s3.amazonaws.com/photos/74145074/original.jpeg; https://inaturalist-open-data.s3.amazonaws.com/photos/74145113/original.jpeg,k-western-south-america,2024-10-21 23:29:47
original_2626682692_2.jpeg,7869676,Helicteres guazumifolia,3.1620000000000004,"Heliangelus exortis (Fraser, 1840)",2476708,-0.379392,-78.076649,516.0,SOUTH_AMERICA,Napo,,,,2015-05-19T21:08,False,Andrés León-Reyes,iNaturalist,http://creativecommons.org/licenses/by-nc/4.0/,Andrés León-Reyes,https://inaturalist-open-data.s3.amazonaws.com/photos/74144845/original.jpeg; https://inaturalist-open-data.s3.amazonaws.com/photos/74144875/original.jpeg; https://inaturalist-open-data.s3.amazonaws.com/photos/74144885/original.jpeg; https://inaturalist-open-data.s3.amazonaws.com/photos/74144920/original.jpeg; https://inaturalist-open-data.s3.amazonaws.com/photos/74144993/original.jpeg; https://inaturalist-open-data.s3.amazonaws.com/photos/74145074/original.jpeg; https://inaturalist-open-data.s3.amazonaws.com/photos/74145113/original.jpeg,k-western-south-america,2024-10-21 23:29:49
original_2626682692_6.jpeg,4158951,Begonia parviflora,8.193999999999999,"Heliangelus exortis (Fraser, 1840)",2476708,-0.379392,-78.076649,516.0,SOUTH_AMERICA,Napo,,,,2015-05-19T21:08,False,Andrés León-Reyes,iNaturalist,http://creativecommons.org/licenses/by-nc/4.0/,Andrés León-Reyes,https://inaturalist-open-data.s3.amazonaws.com/photos/74144845/original.jpeg; https://inaturalist-open-data.s3.amazonaws.com/photos/74144875/original.jpeg; https://inaturalist-open-data.s3.amazonaws.com/photos/74144885/original.jpeg; https://inaturalist-open-data.s3.amazonaws.com/photos/74144920/original.jpeg; https://inaturalist-open-data.s3.amazonaws.com/photos/74144993/original.jpeg; https://inaturalist-open-data.s3.amazonaws.com/photos/74145074/original.jpeg; https://inaturalist-open-data.s3.amazonaws.com/photos/74145113/original.jpeg,k-western-south-america,2024-10-21 23:29:58
original_2626682692_7.jpeg,2984473,Cecropia obtusifolia,1.576,"Heliangelus exortis (Fraser, 1840)",2476708,-0.379392,-78.076649,516.0,SOUTH_AMERICA,Napo,,,,2015-05-19T21:08,False,Andrés León-Reyes,iNaturalist,http://creativecommons.org/licenses/by-nc/4.0/,Andrés León-Reyes,https://inaturalist-open-data.s3.amazonaws.com/photos/74144845/original.jpeg; https://inaturalist-open-data.s3.amazonaws.com/photos/74144875/original.jpeg; https://inaturalist-open-data.s3.amazonaws.com/photos/74144885/original.jpeg; https://inaturalist-open-data.s3.amazonaws.com/photos/74144920/original.jpeg; https://inaturalist-open-data.s3.amazonaws.com/photos/74144993/original.jpeg; https://inaturalist-open-data.s3.amazonaws.com/photos/74145074/original.jpeg; https://inaturalist-open-data.s3.amazonaws.com/photos/74145113/original.jpeg,k-western-south-america,2024-10-21 23:30:00
original_2634250489_1.jpg,4171009,Sphyrospermum buxifolium,7.369000000000001,"Heliangelus exortis (Fraser, 1840)",2476708,5.253208,-76.113242,25.0,SOUTH_AMERICA,Risaralda,,,,2018-12-25T09:20,False,Cullen Hanks,iNaturalist,http://creativecommons.org/licenses/by/4.0/,Cullen Hanks,https://inaturalist-open-data.s3.amazonaws.com/photos/59209470/original.jpg,k-western-south-america,2024-10-21 23:30:02
original_2802578104_1.jpeg,8220878,Callianthe megapotamica,34.233000000000004,"Heliangelus exortis (Fraser, 1840)",2476708,5.040228,-75.445324,211.0,SOUTH_AMERICA,Caldas,,,,2019-11-11T08:00,False,Hugo Efraín Garzón Castrillón,iNaturalist,http://creativecommons.org/licenses/by-nc/4.0/,Hugo Efraín Garzón Castrillón,https://inaturalist-open-data.s3.amazonaws.com/photos/78393109/original.jpeg,k-western-south-america,2024-10-21 23:30:05
original_2802730572_1.jpeg,2889925,Helosis cayennensis,4.995,"Heliangelus exortis (Fraser, 1840)",2476708,-0.370915,-78.088697,488.0,SOUTH_AMERICA,Napo,,,,2013-01-11T17:30,False,Bosquimano,iNaturalist,http://creativecommons.org/licenses/by-nc/4.0/,Bosquimano,https://inaturalist-open-data.s3.amazonaws.com/photos/70435597/original.jpeg,k-western-south-america,2024-10-21 23:30:08
original_2803025965_1.jpg,7279239,Hibiscus diversifolius,6.144,"Heliangelus exortis (Fraser, 1840)",2476708,5.103801,-75.482736,196.0,SOUTH_AMERICA,Caldas,,,,2019-11-02T13:15,False,David Monroy R,iNaturalist,http://creativecommons.org/licenses/by-nc/4.0/,David Monroy R,https://inaturalist-open-data.s3.amazonaws.com/photos/80511608/original.jpg,k-western-south-america,2024-10-21 23:30:10
original_2826175763_1.jpg,3905260,Salvia corrugata,10.856,"Heliangelus exortis (Fraser, 1840)",2476708,5.106425,-75.460297,3000.0,SOUTH_AMERICA,Caldas,,,,2009-02-01T17:47,False,cotinga,iNaturalist,http://creativecommons.org/licenses/by-nc/4.0/,cotinga,https://inaturalist-open-data.s3.amazonaws.com/photos/86123520/original.jpg; https://inaturalist-open-data.s3.amazonaws.com/photos/86124079/original.jpg; https://inaturalist-open-data.s3.amazonaws.com/photos/86124083/original.jpg; https://inaturalist-open-data.s3.amazonaws.com/photos/86124085/original.jpg; https://inaturalist-open-data.s3.amazonaws.com/photos/86124093/original.jpg,k-western-south-america,2024-10-21 23:30:22
original_2826175763_2.jpg,8185162,Symphonia globulifera,0.747,"Heliangelus exortis (Fraser, 1840)",2476708,5.106425,-75.460297,3000.0,SOUTH_AMERICA,Caldas,,,,2009-02-01T17:47,False,cotinga,iNaturalist,http://creativecommons.org/licenses/by-nc/4.0/,cotinga,https://inaturalist-open-data.s3.amazonaws.com/photos/86123520/original.jpg; https://inaturalist-open-data.s3.amazonaws.com/photos/86124079/original.jpg; https://inaturalist-open-data.s3.amazonaws.com/photos/86124083/original.jpg; https://inaturalist-open-data.s3.amazonaws.com/photos/86124085/original.jpg; https://inaturalist-open-data.s3.amazonaws.com/photos/86124093/original.jpg,k-western-south-america,2024-10-21 23:30:24
original_2826175763_3.jpg,3092271,Melanthera nivea,2.255,"Heliangelus exortis (Fraser, 1840)",2476708,5.106425,-75.460297,3000.0,SOUTH_AMERICA,Caldas,,,,2009-02-01T17:47,False,cotinga,iNaturalist,http://creativecommons.org/licenses/by-nc/4.0/,cotinga,https://inaturalist-open-data.s3.amazonaws.com/photos/86123520/original.jpg; https://inaturalist-open-data.s3.amazonaws.com/photos/86124079/original.jpg; https://inaturalist-open-data.s3.amazonaws.com/photos/86124083/original.jpg; https://inaturalist-open-data.s3.amazonaws.com/photos/86124085/original.jpg; https://inaturalist-open-data.s3.amazonaws.com/photos/86124093/original.jpg,k-western-south-america,2024-10-21 23:30:26
original_2826175763_4.jpg,8121164,Callicarpa acuminata,5.849,"Heliangelus exortis (Fraser, 1840)",2476708,5.106425,-75.460297,3000.0,SOUTH_AMERICA,Caldas,,,,2009-02-01T17:47,False,cotinga,iNaturalist,http://creativecommons.org/licenses/by-nc/4.0/,cotinga,https://inaturalist-open-data.s3.amazonaws.com/photos/86123520/original.jpg; https://inaturalist-open-data.s3.amazonaws.com/photos/86124079/original.jpg; https://inaturalist-open-data.s3.amazonaws.com/photos/86124083/original.jpg; https://inaturalist-open-data.s3.amazonaws.com/photos/86124085/original.jpg; https://inaturalist-open-data.s3.amazonaws.com/photos/86124093/original.jpg,k-western-south-america,2024-10-21 23:30:28
original_2826181336_1.jpg,4173060,Psammisia coarctata,1.997,"Heliangelus exortis (Fraser, 1840)",2476708,6.115928,-75.548418,806.0,SOUTH_AMERICA,Antioquia,,,,2017-09-17,False,Mateo Giraldo Tamayo,iNaturalist,http://creativecommons.org/licenses/by-nc/4.0/,Mateo Giraldo Tamayo,https://inaturalist-open-data.s3.amazonaws.com/photos/27434177/original.jpg,k-western-south-america,2024-10-21 23:30:33
original_2850668099_1.jpg,7323252,Gomphrena elegans,4.433,"Heliangelus exortis (Fraser, 1840)",2476708,4.855948,-75.484279,,SOUTH_AMERICA,Risaralda,,,,2020-07-25T12:12,False,David Monroy R,iNaturalist,http://creativecommons.org/licenses/by-nc/4.0/,David Monroy R,https://inaturalist-open-data.s3.amazonaws.com/photos/90229250/original.jpg,k-western-south-america,2024-10-21 23:30:35
original_2898261320_1.jpeg,5320021,Epidendrum nocturnum,14.572,"Heliangelus exortis (Fraser, 1840)",2476708,6.119847,-75.557508,31.0,SOUTH_AMERICA,Antioquia,,,,2018-10-06,False,Julian Alzate,iNaturalist,http://creativecommons.org/licenses/by-nc/4.0/,Julian Alzate,https://inaturalist-open-data.s3.amazonaws.com/photos/26196421/original.jpeg,k-western-south-america,2024-10-21 23:30:41
original_2898312322_1.jpeg,7275879,Souroubea guianensis,32.190000000000005,"Heliangelus exortis (Fraser, 1840)",2476708,6.118901,-75.553439,31.0,SOUTH_AMERICA,Antioquia,,,,2018-10-06,False,Julian Alzate,iNaturalist,http://creativecommons.org/licenses/by-nc/4.0/,Julian Alzate,https://inaturalist-open-data.s3.amazonaws.com/photos/26196075/original.jpeg,k-western-south-america,2024-10-21 23:30:43
original_2901588248_1.jpeg,5938225,Fuchsia boliviana,11.132,"Heliangelus exortis (Fraser, 1840)",2476708,5.795324,-73.457208,211.0,SOUTH_AMERICA,Santander,,,,2020-10-21T15:18,False,Roberto Chavarro Chávarro,iNaturalist,http://creativecommons.org/licenses/by-nc/4.0/,Roberto Chavarro Chávarro,https://inaturalist-open-data.s3.amazonaws.com/photos/101408937/original.jpeg; https://inaturalist-open-data.s3.amazonaws.com/photos/101408983/original.jpeg; https://inaturalist-open-data.s3.amazonaws.com/photos/101409030/original.jpeg; https://inaturalist-open-data.s3.amazonaws.com/photos/101409085/original.jpeg; https://inaturalist-open-data.s3.amazonaws.com/photos/101409125/original.jpeg; https://inaturalist-open-data.s3.amazonaws.com/photos/101409156/original.jpeg; https://inaturalist-open-data.s3.amazonaws.com/photos/101409188/original.jpeg,k-western-south-america,2024-10-21 23:30:46
original_2901588248_2.jpeg,2650637,Asplenium monanthes,0.524,"Heliangelus exortis (Fraser, 1840)",2476708,5.795324,-73.457208,211.0,SOUTH_AMERICA,Santander,,,,2020-10-21T15:18,False,Roberto Chavarro Chávarro,iNaturalist,http://creativecommons.org/licenses/by-nc/4.0/,Roberto Chavarro Chávarro,https://inaturalist-open-data.s3.amazonaws.com/photos/101408937/original.jpeg; https://inaturalist-open-data.s3.amazonaws.com/photos/101408983/original.jpeg; https://inaturalist-open-data.s3.amazonaws.com/photos/101409030/original.jpeg; https://inaturalist-open-data.s3.amazonaws.com/photos/101409085/original.jpeg; https://inaturalist-open-data.s3.amazonaws.com/photos/101409125/original.jpeg; https://inaturalist-open-data.s3.amazonaws.com/photos/101409156/original.jpeg; https://inaturalist-open-data.s3.amazonaws.com/photos/101409188/original.jpeg,k-western-south-america,2024-10-21 23:30:48
original_2901588248_3.jpeg,2982058,Calliandra tweediei,5.5329999999999995,"Heliangelus exortis (Fraser, 1840)",2476708,5.795324,-73.457208,211.0,SOUTH_AMERICA,Santander,,,,2020-10-21T15:18,False,Roberto Chavarro Chávarro,iNaturalist,http://creativecommons.org/licenses/by-nc/4.0/,Roberto Chavarro Chávarro,https://inaturalist-open-data.s3.amazonaws.com/photos/101408937/original.jpeg; https://inaturalist-open-data.s3.amazonaws.com/photos/101408983/original.jpeg; https://inaturalist-open-data.s3.amazonaws.com/photos/101409030/original.jpeg; https://inaturalist-open-data.s3.amazonaws.com/photos/101409085/original.jpeg; https://inaturalist-open-data.s3.amazonaws.com/photos/101409125/original.jpeg; https://inaturalist-open-data.s3.amazonaws.com/photos/101409156/original.jpeg; https://inaturalist-open-data.s3.amazonaws.com/photos/101409188/original.jpeg,k-western-south-america,2024-10-21 23:30:50
original_2901588248_4.jpeg,7294305,Cantua buxifolia,7.892,"Heliangelus exortis (Fraser, 1840)",2476708,5.795324,-73.457208,211.0,SOUTH_AMERICA,Santander,,,,2020-10-21T15:18,False,Roberto Chavarro Chávarro,iNaturalist,http://creativecommons.org/licenses/by-nc/4.0/,Roberto Chavarro Chávarro,https://inaturalist-open-data.s3.amazonaws.com/photos/101408937/original.jpeg; https://inaturalist-open-data.s3.amazonaws.com/photos/101408983/original.jpeg; https://inaturalist-open-data.s3.amazonaws.com/photos/101409030/original.jpeg; https://inaturalist-open-data.s3.amazonaws.com/photos/101409085/original.jpeg; https://inaturalist-open-data.s3.amazonaws.com/photos/101409125/original.jpeg; https://inaturalist-open-data.s3.amazonaws.com/photos/101409156/original.jpeg; https://inaturalist-open-data.s3.amazonaws.com/photos/101409188/original.jpeg,k-western-south-america,2024-10-21 23:30:52
original_2901588248_5.jpeg,5938225,Fuchsia boliviana,9.055,"Heliangelus exortis (Fraser, 1840)",2476708,5.795324,-73.457208,211.0,SOUTH_AMERICA,Santander,,,,2020-10-21T15:18,False,Roberto Chavarro Chávarro,iNaturalist,http://creativecommons.org/licenses/by-nc/4.0/,Roberto Chavarro Chávarro,https://inaturalist-open-data.s3.amazonaws.com/photos/101408937/original.jpeg; https://inaturalist-open-data.s3.amazonaws.com/photos/101408983/original.jpeg; https://inaturalist-open-data.s3.amazonaws.com/photos/101409030/original.jpeg; https://inaturalist-open-data.s3.amazonaws.com/photos/101409085/original.jpeg; https://inaturalist-open-data.s3.amazonaws.com/photos/101409125/original.jpeg; https://inaturalist-open-data.s3.amazonaws.com/photos/101409156/original.jpeg; https://inaturalist-open-data.s3.amazonaws.com/photos/101409188/original.jpeg,k-western-south-america,2024-10-21 23:30:54
original_2901588248_6.jpeg,2982067,Calliandra houstoniana,2.7279999999999998,"Heliangelus exortis (Fraser, 1840)",2476708,5.795324,-73.457208,211.0,SOUTH_AMERICA,Santander,,,,2020-10-21T15:18,False,Roberto Chavarro Chávarro,iNaturalist,http://creativecommons.org/licenses/by-nc/4.0/,Roberto Chavarro Chávarro,https://inaturalist-open-data.s3.amazonaws.com/photos/101408937/original.jpeg; https://inaturalist-open-data.s3.amazonaws.com/photos/101408983/original.jpeg; https://inaturalist-open-data.s3.amazonaws.com/photos/101409030/original.jpeg; https://inaturalist-open-data.s3.amazonaws.com/photos/101409085/original.jpeg; https://inaturalist-open-data.s3.amazonaws.com/photos/101409125/original.jpeg; https://inaturalist-open-data.s3.amazonaws.com/photos/101409156/original.jpeg; https://inaturalist-open-data.s3.amazonaws.com/photos/101409188/original.jpeg,k-western-south-america,2024-10-21 23:30:56
original_2901588248_7.jpeg,5938225,Fuchsia boliviana,10.802,"Heliangelus exortis (Fraser, 1840)",2476708,5.795324,-73.457208,211.0,SOUTH_AMERICA,Santander,,,,2020-10-21T15:18,False,Roberto Chavarro Chávarro,iNaturalist,http://creativecommons.org/licenses/by-nc/4.0/,Roberto Chavarro Chávarro,https://inaturalist-open-data.s3.amazonaws.com/photos/101408937/original.jpeg; https://inaturalist-open-data.s3.amazonaws.com/photos/101408983/original.jpeg; https://inaturalist-open-data.s3.amazonaws.com/photos/101409030/original.jpeg; https://inaturalist-open-data.s3.amazonaws.com/photos/101409085/original.jpeg; https://inaturalist-open-data.s3.amazonaws.com/photos/101409125/original.jpeg; https://inaturalist-open-data.s3.amazonaws.com/photos/101409156/original.jpeg; https://inaturalist-open-data.s3.amazonaws.com/photos/101409188/original.jpeg,k-western-south-america,2024-10-21 23:30:58
original_2963783789_1.jpg,8185162,Symphonia globulifera,1.905,"Heliangelus exortis (Fraser, 1840)",2476708,5.024678,-75.369542,191.0,SOUTH_AMERICA,Caldas,,,,2020-10-03T08:08,False,David Monroy R,iNaturalist,http://creativecommons.org/licenses/by-nc/4.0/,David Monroy R,https://inaturalist-open-data.s3.amazonaws.com/photos/101872989/original.jpg,k-western-south-america,2024-10-21 23:31:01
original_2984407379_1.jpg,2792457,Polystachya concreta,14.499999999999998,"Heliangelus exortis (Fraser, 1840)",2476708,-0.382347,-78.070944,1440.0,SOUTH_AMERICA,Napo,,,,2017-12-15T10:23,False,David Weaver,iNaturalist,http://creativecommons.org/licenses/by-nc/4.0/,David Weaver,https://inaturalist-open-data.s3.amazonaws.com/photos/71782507/original.jpg,k-western-south-america,2024-10-21 23:31:03
original_2984450443_2.jpg,2928631,Ipomoea alba,1.598,"Heliangelus exortis (Fraser, 1840)",2476708,-0.370958,-78.081599,,SOUTH_AMERICA,Napo,,,,2007-12-09T18:58,False,Justyn Stahl,iNaturalist,http://creativecommons.org/licenses/by-nc/4.0/,Justyn Stahl,https://inaturalist-open-data.s3.amazonaws.com/photos/90606983/original.jpg; https://inaturalist-open-data.s3.amazonaws.com/photos/90607007/original.jpg,k-western-south-america,2024-10-21 23:31:11
original_2984475432_1.jpg,2760862,Heliconia vaginalis,41.506,"Heliangelus exortis (Fraser, 1840)",2476708,-0.370958,-78.081599,,SOUTH_AMERICA,Napo,,,,2007-12-09T18:48,False,Justyn Stahl,iNaturalist,http://creativecommons.org/licenses/by-nc/4.0/,Justyn Stahl,https://inaturalist-open-data.s3.amazonaws.com/photos/90607141/original.jpg,k-western-south-america,2024-10-21 23:31:14
original_2988283425_1.jpg,3055569,Dalechampia scandens,11.397,"Heliangelus exortis (Fraser, 1840)",2476708,-0.378232,-78.074582,2.0,SOUTH_AMERICA,Napo,,,,2020-01-13T12:17,False,John G. Phillips,iNaturalist,http://creativecommons.org/licenses/by-nc/4.0/,John G. Phillips,https://inaturalist-open-data.s3.amazonaws.com/photos/61190558/original.jpg,k-western-south-america,2024-10-21 23:31:27
original_2988289295_1.jpeg,3039162,Cissus erosa,12.021999999999998,"Heliangelus exortis (Fraser, 1840)",2476708,5.224165,-76.054599,15.0,SOUTH_AMERICA,Risaralda,,,,2019-12-04T06:35,False,gabo_utria,iNaturalist,http://creativecommons.org/licenses/by-nc/4.0/,gabo_utria,https://inaturalist-open-data.s3.amazonaws.com/photos/104718713/original.jpeg,k-western-south-america,2024-10-21 23:31:30
original_2988346408_1.jpg,2792457,Polystachya concreta,3.7740000000000005,"Heliangelus exortis (Fraser, 1840)",2476708,-0.378232,-78.074582,2.0,SOUTH_AMERICA,Napo,,,,2020-01-13T12:30,False,John G. Phillips,iNaturalist,http://creativecommons.org/licenses/by-nc/4.0/,John G. Phillips,https://inaturalist-open-data.s3.amazonaws.com/photos/61190641/original.jpg,k-western-south-america,2024-10-21 23:31:40
original_2988347603_1.jpeg,3172589,Amphilophium paniculatum,24.104999999999997,"Heliangelus exortis (Fraser, 1840)",2476708,-0.419638,-78.047573,,SOUTH_AMERICA,Napo,,,,2020-07-23T14:20,False,Luis Yupa,iNaturalist,http://creativecommons.org/licenses/by-nc/4.0/,Luis Yupa,https://inaturalist-open-data.s3.amazonaws.com/photos/86075868/original.jpeg; https://inaturalist-open-data.s3.amazonaws.com/photos/86076470/original.jpeg,k-western-south-america,2024-10-21 23:31:42
original_2988347603_2.jpeg,3172589,Amphilophium paniculatum,13.605,"Heliangelus exortis (Fraser, 1840)",2476708,-0.419638,-78.047573,,SOUTH_AMERICA,Napo,,,,2020-07-23T14:20,False,Luis Yupa,iNaturalist,http://creativecommons.org/licenses/by-nc/4.0/,Luis Yupa,https://inaturalist-open-data.s3.amazonaws.com/photos/86075868/original.jpeg; https://inaturalist-open-data.s3.amazonaws.com/photos/86076470/original.jpeg,k-western-south-america,2024-10-21 23:31:45
original_2988355420_1.jpg,3070717,Plukenetia volubilis,4.646,"Heliangelus exortis (Fraser, 1840)",2476708,-0.378348,-78.074216,8.0,SOUTH_AMERICA,Napo,,,,2020-01-13T11:56,False,John G. Phillips,iNaturalist,http://creativecommons.org/licenses/by-nc/4.0/,John G. Phillips,https://inaturalist-open-data.s3.amazonaws.com/photos/61190485/original.jpg; https://inaturalist-open-data.s3.amazonaws.com/photos/61190488/original.jpg,k-western-south-america,2024-10-21 23:31:48
original_2988355420_2.jpg,3838758,Vasconcellea cauliflora,6.414000000000001,"Heliangelus exortis (Fraser, 1840)",2476708,-0.378348,-78.074216,8.0,SOUTH_AMERICA,Napo,,,,2020-01-13T11:56,False,John G. Phillips,iNaturalist,http://creativecommons.org/licenses/by-nc/4.0/,John G. Phillips,https://inaturalist-open-data.s3.amazonaws.com/photos/61190485/original.jpg; https://inaturalist-open-data.s3.amazonaws.com/photos/61190488/original.jpg,k-western-south-america,2024-10-21 23:31:50
original_2988374201_1.jpg,5938224,Fuchsia magellanica,50.989,"Heliangelus exortis (Fraser, 1840)",2476708,6.428899,-76.087869,1166.0,SOUTH_AMERICA,Antioquia,,,,2012-01-25T14:43,False,Justyn Stahl,iNaturalist,http://creativecommons.org/licenses/by-nc/4.0/,Justyn Stahl,https://inaturalist-open-data.s3.amazonaws.com/photos/104635206/original.jpg,k-western-south-america,2024-10-21 23:31:56
original_2988411813_1.jpeg,5290299,Elymus repens,4.011,"Heliangelus exortis (Fraser, 1840)",2476708,6.34241,-75.631386,31.0,SOUTH_AMERICA,Antioquia,,,,2020-11-21T08:41,False,Anderson Mesa C,iNaturalist,http://creativecommons.org/licenses/by-nc/4.0/,Anderson Mesa C,https://inaturalist-open-data.s3.amazonaws.com/photos/105364374/original.jpeg; https://inaturalist-open-data.s3.amazonaws.com/photos/105364380/original.jpeg; https://inaturalist-open-data.s3.amazonaws.com/photos/105364389/original.jpeg,k-western-south-america,2024-10-21 23:31:58
original_2988411813_2.jpeg,2965003,Centrosema plumieri,1.138,"Heliangelus exortis (Fraser, 1840)",2476708,6.34241,-75.631386,31.0,SOUTH_AMERICA,Antioquia,,,,2020-11-21T08:41,False,Anderson Mesa C,iNaturalist,http://creativecommons.org/licenses/by-nc/4.0/,Anderson Mesa C,https://inaturalist-open-data.s3.amazonaws.com/photos/105364374/original.jpeg; https://inaturalist-open-data.s3.amazonaws.com/photos/105364380/original.jpeg; https://inaturalist-open-data.s3.amazonaws.com/photos/105364389/original.jpeg,k-western-south-america,2024-10-21 23:32:01
original_2988411813_3.jpeg,5290299,Elymus repens,1.754,"Heliangelus exortis (Fraser, 1840)",2476708,6.34241,-75.631386,31.0,SOUTH_AMERICA,Antioquia,,,,2020-11-21T08:41,False,Anderson Mesa C,iNaturalist,http://creativecommons.org/licenses/by-nc/4.0/,Anderson Mesa C,https://inaturalist-open-data.s3.amazonaws.com/photos/105364374/original.jpeg; https://inaturalist-open-data.s3.amazonaws.com/photos/105364380/original.jpeg; https://inaturalist-open-data.s3.amazonaws.com/photos/105364389/original.jpeg,k-western-south-america,2024-10-21 23:32:03
original_2988450622_1.jpg,2792457,Polystachya concreta,8.846,"Heliangelus exortis (Fraser, 1840)",2476708,-0.377928,-78.0741,,SOUTH_AMERICA,Napo,,,,2020-01-09T08:30,False,djhird,iNaturalist,http://creativecommons.org/licenses/by-nc/4.0/,djhird,https://inaturalist-open-data.s3.amazonaws.com/photos/92578370/original.jpg,k-western-south-america,2024-10-21 23:32:06
original_2988456420_1.jpg,5383279,Margaritaria nobilis,1.34,"Heliangelus exortis (Fraser, 1840)",2476708,-0.378282,-78.074566,4.0,SOUTH_AMERICA,Napo,,,,2020-01-13T06:51,False,John G. Phillips,iNaturalist,http://creativecommons.org/licenses/by-nc/4.0/,John G. Phillips,https://inaturalist-open-data.s3.amazonaws.com/photos/61189771/original.jpg; https://inaturalist-open-data.s3.amazonaws.com/photos/61189774/original.jpg,k-western-south-america,2024-10-21 23:32:08
original_2988456420_2.jpg,3830581,Cissampelos andromorpha,2.392,"Heliangelus exortis (Fraser, 1840)",2476708,-0.378282,-78.074566,4.0,SOUTH_AMERICA,Napo,,,,2020-01-13T06:51,False,John G. Phillips,iNaturalist,http://creativecommons.org/licenses/by-nc/4.0/,John G. Phillips,https://inaturalist-open-data.s3.amazonaws.com/photos/61189771/original.jpg; https://inaturalist-open-data.s3.amazonaws.com/photos/61189774/original.jpg,k-western-south-america,2024-10-21 23:32:10
original_2988472466_1.jpeg,2929617,Solanum chrysotrichum,3.988,"Heliangelus exortis (Fraser, 1840)",2476708,-0.371,-78.082,200.0,SOUTH_AMERICA,Napo,,,,2007-08-18T03:21,False,Pete Woodall,iNaturalist,http://creativecommons.org/licenses/by-nc/4.0/,Pete Woodall,https://inaturalist-open-data.s3.amazonaws.com/photos/73691389/original.jpeg,k-western-south-america,2024-10-21 23:32:12
original_2988491417_1.jpg,3860494,Henriettea succosa,3.2460000000000004,"Heliangelus exortis (Fraser, 1840)",2476708,-0.378282,-78.074566,4.0,SOUTH_AMERICA,Napo,,,,2020-01-13T06:52,False,John G. Phillips,iNaturalist,http://creativecommons.org/licenses/by-nc/4.0/,John G. Phillips,https://inaturalist-open-data.s3.amazonaws.com/photos/61189784/original.jpg,k-western-south-america,2024-10-21 23:32:17
original_2988492269_1.jpeg,2874188,Passiflora sexflora,31.372,"Heliangelus exortis (Fraser, 1840)",2476708,5.125466,-75.447192,31.0,SOUTH_AMERICA,Caldas,,,,2019-12-06T06:48,False,gabo_utria,iNaturalist,http://creativecommons.org/licenses/by-nc/4.0/,gabo_utria,https://inaturalist-open-data.s3.amazonaws.com/photos/104717273/original.jpeg,k-western-south-america,2024-10-21 23:32:20
original_2988492429_1.jpg,8368994,Passiflora mixta,5.353,"Heliangelus exortis (Fraser, 1840)",2476708,-0.378232,-78.074582,2.0,SOUTH_AMERICA,Napo,,,,2020-01-13T12:44,False,John G. Phillips,iNaturalist,http://creativecommons.org/licenses/by-nc/4.0/,John G. Phillips,https://inaturalist-open-data.s3.amazonaws.com/photos/61190712/original.jpg; https://inaturalist-open-data.s3.amazonaws.com/photos/61190718/original.jpg,k-western-south-america,2024-10-21 23:32:23
original_2988492429_2.jpg,8368994,Passiflora mixta,3.8249999999999997,"Heliangelus exortis (Fraser, 1840)",2476708,-0.378232,-78.074582,2.0,SOUTH_AMERICA,Napo,,,,2020-01-13T12:44,False,John G. Phillips,iNaturalist,http://creativecommons.org/licenses/by-nc/4.0/,John G. Phillips,https://inaturalist-open-data.s3.amazonaws.com/photos/61190712/original.jpg; https://inaturalist-open-data.s3.amazonaws.com/photos/61190718/original.jpg,k-western-south-america,2024-10-21 23:32:24
original_2988505413_1.jpeg,3838768,Vasconcellea pubescens,2.344,"Heliangelus exortis (Fraser, 1840)",2476708,-0.376055,-78.076706,244.0,SOUTH_AMERICA,Napo,,,,2019-04-29T07:44,False,wouter_oe,iNaturalist,http://creativecommons.org/licenses/by-nc/4.0/,wouter_oe,https://inaturalist-open-data.s3.amazonaws.com/photos/58427068/original.jpeg,k-western-south-america,2024-10-21 23:32:27
original_2988508431_1.jpg,2927098,Ocimum campechianum,6.406000000000001,"Heliangelus exortis (Fraser, 1840)",2476708,-0.378432,-78.07418,4.0,SOUTH_AMERICA,Napo,,,,2020-01-12T17:10,False,John G. Phillips,iNaturalist,http://creativecommons.org/licenses/by-nc/4.0/,John G. Phillips,https://inaturalist-open-data.s3.amazonaws.com/photos/61189484/original.jpg; https://inaturalist-open-data.s3.amazonaws.com/photos/61189487/original.jpg; https://inaturalist-open-data.s3.amazonaws.com/photos/61189491/original.jpg; https://inaturalist-open-data.s3.amazonaws.com/photos/61189497/original.jpg; https://inaturalist-open-data.s3.amazonaws.com/photos/61189500/original.jpg,k-western-south-america,2024-10-21 23:32:30
original_2988508431_2.jpg,3172203,Torenia fournieri,3.9170000000000003,"Heliangelus exortis (Fraser, 1840)",2476708,-0.378432,-78.07418,4.0,SOUTH_AMERICA,Napo,,,,2020-01-12T17:10,False,John G. Phillips,iNaturalist,http://creativecommons.org/licenses/by-nc/4.0/,John G. Phillips,https://inaturalist-open-data.s3.amazonaws.com/photos/61189484/original.jpg; https://inaturalist-open-data.s3.amazonaws.com/photos/61189487/original.jpg; https://inaturalist-open-data.s3.amazonaws.com/photos/61189491/original.jpg; https://inaturalist-open-data.s3.amazonaws.com/photos/61189497/original.jpg; https://inaturalist-open-data.s3.amazonaws.com/photos/61189500/original.jpg,k-western-south-america,2024-10-21 23:32:32
original_2988508431_3.jpg,2925462,Stachytarpheta mutabilis,6.109,"Heliangelus exortis (Fraser, 1840)",2476708,-0.378432,-78.07418,4.0,SOUTH_AMERICA,Napo,,,,2020-01-12T17:10,False,John G. Phillips,iNaturalist,http://creativecommons.org/licenses/by-nc/4.0/,John G. Phillips,https://inaturalist-open-data.s3.amazonaws.com/photos/61189484/original.jpg; https://inaturalist-open-data.s3.amazonaws.com/photos/61189487/original.jpg; https://inaturalist-open-data.s3.amazonaws.com/photos/61189491/original.jpg; https://inaturalist-open-data.s3.amazonaws.com/photos/61189497/original.jpg; https://inaturalist-open-data.s3.amazonaws.com/photos/61189500/original.jpg,k-western-south-america,2024-10-21 23:32:34
original_2988508431_4.jpg,2925663,Cornutia pyramidata,5.724,"Heliangelus exortis (Fraser, 1840)",2476708,-0.378432,-78.07418,4.0,SOUTH_AMERICA,Napo,,,,2020-01-12T17:10,False,John G. Phillips,iNaturalist,http://creativecommons.org/licenses/by-nc/4.0/,John G. Phillips,https://inaturalist-open-data.s3.amazonaws.com/photos/61189484/original.jpg; https://inaturalist-open-data.s3.amazonaws.com/photos/61189487/original.jpg; https://inaturalist-open-data.s3.amazonaws.com/photos/61189491/original.jpg; https://inaturalist-open-data.s3.amazonaws.com/photos/61189497/original.jpg; https://inaturalist-open-data.s3.amazonaws.com/photos/61189500/original.jpg,k-western-south-america,2024-10-21 23:32:37
original_2988508431_5.jpg,2927098,Ocimum campechianum,9.122,"Heliangelus exortis (Fraser, 1840)",2476708,-0.378432,-78.07418,4.0,SOUTH_AMERICA,Napo,,,,2020-01-12T17:10,False,John G. Phillips,iNaturalist,http://creativecommons.org/licenses/by-nc/4.0/,John G. Phillips,https://inaturalist-open-data.s3.amazonaws.com/photos/61189484/original.jpg; https://inaturalist-open-data.s3.amazonaws.com/photos/61189487/original.jpg; https://inaturalist-open-data.s3.amazonaws.com/photos/61189491/original.jpg; https://inaturalist-open-data.s3.amazonaws.com/photos/61189497/original.jpg; https://inaturalist-open-data.s3.amazonaws.com/photos/61189500/original.jpg,k-western-south-america,2024-10-21 23:32:39
original_2988570431_1.jpg,3830581,Cissampelos andromorpha,28.375,"Heliangelus exortis (Fraser, 1840)",2476708,-0.378232,-78.074582,2.0,SOUTH_AMERICA,Napo,,,,2020-01-13T12:48,False,John G. Phillips,iNaturalist,http://creativecommons.org/licenses/by-nc/4.0/,John G. Phillips,https://inaturalist-open-data.s3.amazonaws.com/photos/61190753/original.jpg; https://inaturalist-open-data.s3.amazonaws.com/photos/61190756/original.jpg; https://inaturalist-open-data.s3.amazonaws.com/photos/61190758/original.jpg,k-western-south-america,2024-10-21 23:32:43
original_2988570431_2.jpg,4088199,Utricularia jamesoniana,4.838,"Heliangelus exortis (Fraser, 1840)",2476708,-0.378232,-78.074582,2.0,SOUTH_AMERICA,Napo,,,,2020-01-13T12:48,False,John G. Phillips,iNaturalist,http://creativecommons.org/licenses/by-nc/4.0/,John G. Phillips,https://inaturalist-open-data.s3.amazonaws.com/photos/61190753/original.jpg; https://inaturalist-open-data.s3.amazonaws.com/photos/61190756/original.jpg; https://inaturalist-open-data.s3.amazonaws.com/photos/61190758/original.jpg,k-western-south-america,2024-10-21 23:32:45
original_2988570431_3.jpg,3830581,Cissampelos andromorpha,34.953,"Heliangelus exortis (Fraser, 1840)",2476708,-0.378232,-78.074582,2.0,SOUTH_AMERICA,Napo,,,,2020-01-13T12:48,False,John G. Phillips,iNaturalist,http://creativecommons.org/licenses/by-nc/4.0/,John G. Phillips,https://inaturalist-open-data.s3.amazonaws.com/photos/61190753/original.jpg; https://inaturalist-open-data.s3.amazonaws.com/photos/61190756/original.jpg; https://inaturalist-open-data.s3.amazonaws.com/photos/61190758/original.jpg,k-western-south-america,2024-10-21 23:32:47
original_2988623387_1.jpeg,3762826,Brosimum rubescens,1.696,"Heliangelus exortis (Fraser, 1840)",2476708,-0.378105,-78.074502,553.0,SOUTH_AMERICA,Napo,,,,2019-09-05T11:41,False,Christoph Moning,iNaturalist,http://creativecommons.org/licenses/by/4.0/,Christoph Moning,https://inaturalist-open-data.s3.amazonaws.com/photos/104843404/original.jpeg; https://inaturalist-open-data.s3.amazonaws.com/photos/104843463/original.jpeg; https://inaturalist-open-data.s3.amazonaws.com/photos/104843568/original.jpeg; https://inaturalist-open-data.s3.amazonaws.com/photos/104843647/original.jpeg; https://inaturalist-open-data.s3.amazonaws.com/photos/104843709/original.jpeg,k-western-south-america,2024-10-21 23:32:55
original_2988623387_2.jpeg,3900835,Salvia haenkei,4.0649999999999995,"Heliangelus exortis (Fraser, 1840)",2476708,-0.378105,-78.074502,553.0,SOUTH_AMERICA,Napo,,,,2019-09-05T11:41,False,Christoph Moning,iNaturalist,http://creativecommons.org/licenses/by/4.0/,Christoph Moning,https://inaturalist-open-data.s3.amazonaws.com/photos/104843404/original.jpeg; https://inaturalist-open-data.s3.amazonaws.com/photos/104843463/original.jpeg; https://inaturalist-open-data.s3.amazonaws.com/photos/104843568/original.jpeg; https://inaturalist-open-data.s3.amazonaws.com/photos/104843647/original.jpeg; https://inaturalist-open-data.s3.amazonaws.com/photos/104843709/original.jpeg,k-western-south-america,2024-10-21 23:32:57
original_2988623387_3.jpeg,3188585,Miconia calvescens,1.4540000000000002,"Heliangelus exortis (Fraser, 1840)",2476708,-0.378105,-78.074502,553.0,SOUTH_AMERICA,Napo,,,,2019-09-05T11:41,False,Christoph Moning,iNaturalist,http://creativecommons.org/licenses/by/4.0/,Christoph Moning,https://inaturalist-open-data.s3.amazonaws.com/photos/104843404/original.jpeg; https://inaturalist-open-data.s3.amazonaws.com/photos/104843463/original.jpeg; https://inaturalist-open-data.s3.amazonaws.com/photos/104843568/original.jpeg; https://inaturalist-open-data.s3.amazonaws.com/photos/104843647/original.jpeg; https://inaturalist-open-data.s3.amazonaws.com/photos/104843709/original.jpeg,k-western-south-america,2024-10-21 23:32:59
original_2988623387_4.jpeg,3900835,Salvia haenkei,17.687,"Heliangelus exortis (Fraser, 1840)",2476708,-0.378105,-78.074502,553.0,SOUTH_AMERICA,Napo,,,,2019-09-05T11:41,False,Christoph Moning,iNaturalist,http://creativecommons.org/licenses/by/4.0/,Christoph Moning,https://inaturalist-open-data.s3.amazonaws.com/photos/104843404/original.jpeg; https://inaturalist-open-data.s3.amazonaws.com/photos/104843463/original.jpeg; https://inaturalist-open-data.s3.amazonaws.com/photos/104843568/original.jpeg; https://inaturalist-open-data.s3.amazonaws.com/photos/104843647/original.jpeg; https://inaturalist-open-data.s3.amazonaws.com/photos/104843709/original.jpeg,k-western-south-america,2024-10-21 23:33:01
original_2988623387_5.jpeg,3900835,Salvia haenkei,7.982,"Heliangelus exortis (Fraser, 1840)",2476708,-0.378105,-78.074502,553.0,SOUTH_AMERICA,Napo,,,,2019-09-05T11:41,False,Christoph Moning,iNaturalist,http://creativecommons.org/licenses/by/4.0/,Christoph Moning,https://inaturalist-open-data.s3.amazonaws.com/photos/104843404/original.jpeg; https://inaturalist-open-data.s3.amazonaws.com/photos/104843463/original.jpeg; https://inaturalist-open-data.s3.amazonaws.com/photos/104843568/original.jpeg; https://inaturalist-open-data.s3.amazonaws.com/photos/104843647/original.jpeg; https://inaturalist-open-data.s3.amazonaws.com/photos/104843709/original.jpeg,k-western-south-america,2024-10-21 23:33:03
original_2988716655_1.jpeg,2984359,Boehmeria nivea,16.672,"Heliangelus exortis (Fraser, 1840)",2476708,-0.379392,-78.076649,516.0,SOUTH_AMERICA,Napo,,,,2019-12-30T13:17,False,Howard Friedman,iNaturalist,http://creativecommons.org/licenses/by-nc/4.0/,Howard Friedman,https://inaturalist-open-data.s3.amazonaws.com/photos/105210914/original.jpeg,k-western-south-america,2024-10-21 23:33:06
original_2992804766_1.jpg,2932389,Solanum torvum,2.247,"Heliangelus exortis (Fraser, 1840)",2476708,-0.370958,-78.081599,1442.0,SOUTH_AMERICA,Napo,,,,2015-04-12,False,Andy Frank,iNaturalist,http://creativecommons.org/licenses/by-nc/4.0/,Andy Frank,https://inaturalist-open-data.s3.amazonaws.com/photos/105951726/original.jpg,k-western-south-america,2024-10-21 23:33:07
original_2992867537_1.jpeg,2698467,Aechmea huebneri,2.605,"Heliangelus exortis (Fraser, 1840)",2476708,6.324337,-75.639336,61.0,SOUTH_AMERICA,Antioquia,,,,2020-09-30T13:37:22,False,Anderson Mesa C,iNaturalist,http://creativecommons.org/licenses/by-nc/4.0/,Anderson Mesa C,https://inaturalist-open-data.s3.amazonaws.com/photos/98190466/original.jpeg,k-western-south-america,2024-10-21 23:33:10
original_3005129873_1.jpeg,2932944,Capsicum annuum,0.553,"Heliangelus exortis (Fraser, 1840)",2476708,4.970476,-75.378099,4.0,SOUTH_AMERICA,Caldas,,,,2017-03-02T19:37,False,Attila Steiner,iNaturalist,http://creativecommons.org/licenses/by-nc/4.0/,Attila Steiner,https://inaturalist-open-data.s3.amazonaws.com/photos/107286775/original.jpeg,k-western-south-america,2024-10-21 23:33:12
original_3005142580_1.jpg,3173104,Justicia spicigera,7.6160000000000005,"Heliangelus exortis (Fraser, 1840)",2476708,4.726395,-75.4687,30.0,SOUTH_AMERICA,Risaralda,,,,2018-12-29T13:19,False,Cullen Hanks,iNaturalist,http://creativecommons.org/licenses/by/4.0/,Cullen Hanks,https://inaturalist-open-data.s3.amazonaws.com/photos/107039585/original.jpg; https://inaturalist-open-data.s3.amazonaws.com/photos/107039602/original.jpg,k-western-south-america,2024-10-21 23:33:14
original_3005142580_2.jpg,3173104,Justicia spicigera,7.6450000000000005,"Heliangelus exortis (Fraser, 1840)",2476708,4.726395,-75.4687,30.0,SOUTH_AMERICA,Risaralda,,,,2018-12-29T13:19,False,Cullen Hanks,iNaturalist,http://creativecommons.org/licenses/by/4.0/,Cullen Hanks,https://inaturalist-open-data.s3.amazonaws.com/photos/107039585/original.jpg; https://inaturalist-open-data.s3.amazonaws.com/photos/107039602/original.jpg,k-western-south-america,2024-10-21 23:33:17
original_3005163942_1.jpeg,2932944,Capsicum annuum,6.361,"Heliangelus exortis (Fraser, 1840)",2476708,5.073621,-75.437931,15.0,SOUTH_AMERICA,Caldas,,,,2017-03-03T18:44,False,Attila Steiner,iNaturalist,http://creativecommons.org/licenses/by-nc/4.0/,Attila Steiner,https://inaturalist-open-data.s3.amazonaws.com/photos/107365440/original.jpeg,k-western-south-america,2024-10-21 23:33:19
original_3008398788_1.jpg,7309398,Vitex megapotamica,3.469,"Heliangelus exortis (Fraser, 1840)",2476708,5.48033,-75.860883,31379.0,SOUTH_AMERICA,Antioquia,,,,2020-12-06T08:24,False,Khristian Venegas Valencia,iNaturalist,http://creativecommons.org/licenses/by-nc/4.0/,Khristian Venegas Valencia,https://inaturalist-open-data.s3.amazonaws.com/photos/107864353/original.jpg,k-western-south-america,2024-10-21 23:33:22
original_3014029759_1.jpeg,2792457,Polystachya concreta,16.215,"Heliangelus exortis (Fraser, 1840)",2476708,6.33921,-75.636937,15.0,SOUTH_AMERICA,Antioquia,,,,2016-09-11T14:23,False,Edwin Múnera Chavarría,iNaturalist,http://creativecommons.org/licenses/by-nc/4.0/,Edwin Múnera Chavarría,https://inaturalist-open-data.s3.amazonaws.com/photos/108337305/original.jpeg,k-western-south-america,2024-10-21 23:33:31
original_3031731314_1.jpg,3082392,Lecythis minor,0.9979999999999999,"Heliangelus exortis (Fraser, 1840)",2476708,-0.37842,-78.073845,31.0,SOUTH_AMERICA,Napo,,,,2021-01-17,False,David Torres,iNaturalist,http://creativecommons.org/licenses/by-nc/4.0/,David Torres,https://inaturalist-open-data.s3.amazonaws.com/photos/110556591/original.jpg; https://inaturalist-open-data.s3.amazonaws.com/photos/110556599/original.jpg,k-western-south-america,2024-10-21 23:33:41
original_3031737216_1.jpg,6379095,Epiphyllum hookeri,2.3970000000000002,"Heliangelus exortis (Fraser, 1840)",2476708,-0.378619,-78.074199,4.0,SOUTH_AMERICA,Napo,,,,2021-01-17,False,David Torres,iNaturalist,http://creativecommons.org/licenses/by-nc/4.0/,David Torres,https://inaturalist-open-data.s3.amazonaws.com/photos/110549482/original.jpg; https://inaturalist-open-data.s3.amazonaws.com/photos/110549488/original.jpg; https://inaturalist-open-data.s3.amazonaws.com/photos/110549493/original.jpg,k-western-south-america,2024-10-21 23:33:45
original_3031737216_2.jpg,3190647,Quassia amara,11.179,"Heliangelus exortis (Fraser, 1840)",2476708,-0.378619,-78.074199,4.0,SOUTH_AMERICA,Napo,,,,2021-01-17,False,David Torres,iNaturalist,http://creativecommons.org/licenses/by-nc/4.0/,David Torres,https://inaturalist-open-data.s3.amazonaws.com/photos/110549482/original.jpg; https://inaturalist-open-data.s3.amazonaws.com/photos/110549488/original.jpg; https://inaturalist-open-data.s3.amazonaws.com/photos/110549493/original.jpg,k-western-south-america,2024-10-21 23:33:47
original_3031737216_3.jpg,3190647,Quassia amara,12.120000000000001,"Heliangelus exortis (Fraser, 1840)",2476708,-0.378619,-78.074199,4.0,SOUTH_AMERICA,Napo,,,,2021-01-17,False,David Torres,iNaturalist,http://creativecommons.org/licenses/by-nc/4.0/,David Torres,https://inaturalist-open-data.s3.amazonaws.com/photos/110549482/original.jpg; https://inaturalist-open-data.s3.amazonaws.com/photos/110549488/original.jpg; https://inaturalist-open-data.s3.amazonaws.com/photos/110549493/original.jpg,k-western-south-america,2024-10-21 23:33:50
original_3031750267_1.jpg,2888439,Papaver somniferum,7.136000000000001,"Heliangelus exortis (Fraser, 1840)",2476708,-0.37842,-78.073845,31.0,SOUTH_AMERICA,Napo,,,,2021-01-17,False,David Torres,iNaturalist,http://creativecommons.org/licenses/by-nc/4.0/,David Torres,https://inaturalist-open-data.s3.amazonaws.com/photos/110556390/original.jpg; https://inaturalist-open-data.s3.amazonaws.com/photos/110556397/original.jpg; https://inaturalist-open-data.s3.amazonaws.com/photos/110556407/original.jpg; https://inaturalist-open-data.s3.amazonaws.com/photos/110556412/original.jpg; https://inaturalist-open-data.s3.amazonaws.com/photos/110556423/original.jpg; https://inaturalist-open-data.s3.amazonaws.com/photos/110556429/original.jpg,k-western-south-america,2024-10-21 23:33:53
original_3031750267_2.jpg,3155772,Guatteria punctata,2.605,"Heliangelus exortis (Fraser, 1840)",2476708,-0.37842,-78.073845,31.0,SOUTH_AMERICA,Napo,,,,2021-01-17,False,David Torres,iNaturalist,http://creativecommons.org/licenses/by-nc/4.0/,David Torres,https://inaturalist-open-data.s3.amazonaws.com/photos/110556390/original.jpg; https://inaturalist-open-data.s3.amazonaws.com/photos/110556397/original.jpg; https://inaturalist-open-data.s3.amazonaws.com/photos/110556407/original.jpg; https://inaturalist-open-data.s3.amazonaws.com/photos/110556412/original.jpg; https://inaturalist-open-data.s3.amazonaws.com/photos/110556423/original.jpg; https://inaturalist-open-data.s3.amazonaws.com/photos/110556429/original.jpg,k-western-south-america,2024-10-21 23:33:56
original_3031750267_3.jpg,3621389,Tabernaemontana undulata,1.5599999999999998,"Heliangelus exortis (Fraser, 1840)",2476708,-0.37842,-78.073845,31.0,SOUTH_AMERICA,Napo,,,,2021-01-17,False,David Torres,iNaturalist,http://creativecommons.org/licenses/by-nc/4.0/,David Torres,https://inaturalist-open-data.s3.amazonaws.com/photos/110556390/original.jpg; https://inaturalist-open-data.s3.amazonaws.com/photos/110556397/original.jpg; https://inaturalist-open-data.s3.amazonaws.com/photos/110556407/original.jpg; https://inaturalist-open-data.s3.amazonaws.com/photos/110556412/original.jpg; https://inaturalist-open-data.s3.amazonaws.com/photos/110556423/original.jpg; https://inaturalist-open-data.s3.amazonaws.com/photos/110556429/original.jpg,k-western-south-america,2024-10-21 23:33:59
original_3031750267_4.jpg,3190647,Quassia amara,7.797,"Heliangelus exortis (Fraser, 1840)",2476708,-0.37842,-78.073845,31.0,SOUTH_AMERICA,Napo,,,,2021-01-17,False,David Torres,iNaturalist,http://creativecommons.org/licenses/by-nc/4.0/,David Torres,https://inaturalist-open-data.s3.amazonaws.com/photos/110556390/original.jpg; https://inaturalist-open-data.s3.amazonaws.com/photos/110556397/original.jpg; https://inaturalist-open-data.s3.amazonaws.com/photos/110556407/original.jpg; https://inaturalist-open-data.s3.amazonaws.com/photos/110556412/original.jpg; https://inaturalist-open-data.s3.amazonaws.com/photos/110556423/original.jpg; https://inaturalist-open-data.s3.amazonaws.com/photos/110556429/original.jpg,k-western-south-america,2024-10-21 23:34:01
original_3031750267_5.jpg,3190647,Quassia amara,3.6290000000000004,"Heliangelus exortis (Fraser, 1840)",2476708,-0.37842,-78.073845,31.0,SOUTH_AMERICA,Napo,,,,2021-01-17,False,David Torres,iNaturalist,http://creativecommons.org/licenses/by-nc/4.0/,David Torres,https://inaturalist-open-data.s3.amazonaws.com/photos/110556390/original.jpg; https://inaturalist-open-data.s3.amazonaws.com/photos/110556397/original.jpg; https://inaturalist-open-data.s3.amazonaws.com/photos/110556407/original.jpg; https://inaturalist-open-data.s3.amazonaws.com/photos/110556412/original.jpg; https://inaturalist-open-data.s3.amazonaws.com/photos/110556423/original.jpg; https://inaturalist-open-data.s3.amazonaws.com/photos/110556429/original.jpg,k-western-south-america,2024-10-21 23:34:04
original_3031750267_6.jpg,3621389,Tabernaemontana undulata,2.266,"Heliangelus exortis (Fraser, 1840)",2476708,-0.37842,-78.073845,31.0,SOUTH_AMERICA,Napo,,,,2021-01-17,False,David Torres,iNaturalist,http://creativecommons.org/licenses/by-nc/4.0/,David Torres,https://inaturalist-open-data.s3.amazonaws.com/photos/110556390/original.jpg; https://inaturalist-open-data.s3.amazonaws.com/photos/110556397/original.jpg; https://inaturalist-open-data.s3.amazonaws.com/photos/110556407/original.jpg; https://inaturalist-open-data.s3.amazonaws.com/photos/110556412/original.jpg; https://inaturalist-open-data.s3.amazonaws.com/photos/110556423/original.jpg; https://inaturalist-open-data.s3.amazonaws.com/photos/110556429/original.jpg,k-western-south-america,2024-10-21 23:34:07
original_3031758260_3.jpg,7661971,Bambusa vulgaris,2.508,"Heliangelus exortis (Fraser, 1840)",2476708,-0.37842,-78.073845,31.0,SOUTH_AMERICA,Napo,,,,2021-01-17,False,David Torres,iNaturalist,http://creativecommons.org/licenses/by-nc/4.0/,David Torres,https://inaturalist-open-data.s3.amazonaws.com/photos/110556478/original.jpg; https://inaturalist-open-data.s3.amazonaws.com/photos/110556490/original.jpg; https://inaturalist-open-data.s3.amazonaws.com/photos/110556503/original.jpg; https://inaturalist-open-data.s3.amazonaws.com/photos/110556511/original.jpg; https://inaturalist-open-data.s3.amazonaws.com/photos/110556516/original.jpg,k-western-south-america,2024-10-21 23:34:14
original_3031758260_4.jpg,5387249,Milleria quinqueflora,1.384,"Heliangelus exortis (Fraser, 1840)",2476708,-0.37842,-78.073845,31.0,SOUTH_AMERICA,Napo,,,,2021-01-17,False,David Torres,iNaturalist,http://creativecommons.org/licenses/by-nc/4.0/,David Torres,https://inaturalist-open-data.s3.amazonaws.com/photos/110556478/original.jpg; https://inaturalist-open-data.s3.amazonaws.com/photos/110556490/original.jpg; https://inaturalist-open-data.s3.amazonaws.com/photos/110556503/original.jpg; https://inaturalist-open-data.s3.amazonaws.com/photos/110556511/original.jpg; https://inaturalist-open-data.s3.amazonaws.com/photos/110556516/original.jpg,k-western-south-america,2024-10-21 23:34:16
original_3031758260_5.jpg,5590493,Drymonia serrulata,1.161,"Heliangelus exortis (Fraser, 1840)",2476708,-0.37842,-78.073845,31.0,SOUTH_AMERICA,Napo,,,,2021-01-17,False,David Torres,iNaturalist,http://creativecommons.org/licenses/by-nc/4.0/,David Torres,https://inaturalist-open-data.s3.amazonaws.com/photos/110556478/original.jpg; https://inaturalist-open-data.s3.amazonaws.com/photos/110556490/original.jpg; https://inaturalist-open-data.s3.amazonaws.com/photos/110556503/original.jpg; https://inaturalist-open-data.s3.amazonaws.com/photos/110556511/original.jpg; https://inaturalist-open-data.s3.amazonaws.com/photos/110556516/original.jpg,k-western-south-america,2024-10-21 23:34:19
original_3031782195_1.jpg,2792457,Polystachya concreta,6.615,"Heliangelus exortis (Fraser, 1840)",2476708,-0.378443,-78.073889,15.0,SOUTH_AMERICA,Napo,,,,2021-01-17,False,David Torres,iNaturalist,http://creativecommons.org/licenses/by-nc/4.0/,David Torres,https://inaturalist-open-data.s3.amazonaws.com/photos/110556604/original.jpg; https://inaturalist-open-data.s3.amazonaws.com/photos/110556614/original.jpg; https://inaturalist-open-data.s3.amazonaws.com/photos/110556619/original.jpg,k-western-south-america,2024-10-21 23:34:21
original_3031782195_2.jpg,2792457,Polystachya concreta,9.508,"Heliangelus exortis (Fraser, 1840)",2476708,-0.378443,-78.073889,15.0,SOUTH_AMERICA,Napo,,,,2021-01-17,False,David Torres,iNaturalist,http://creativecommons.org/licenses/by-nc/4.0/,David Torres,https://inaturalist-open-data.s3.amazonaws.com/photos/110556604/original.jpg; https://inaturalist-open-data.s3.amazonaws.com/photos/110556614/original.jpg; https://inaturalist-open-data.s3.amazonaws.com/photos/110556619/original.jpg,k-western-south-america,2024-10-21 23:34:23
original_3031782195_3.jpg,2792457,Polystachya concreta,9.453,"Heliangelus exortis (Fraser, 1840)",2476708,-0.378443,-78.073889,15.0,SOUTH_AMERICA,Napo,,,,2021-01-17,False,David Torres,iNaturalist,http://creativecommons.org/licenses/by-nc/4.0/,David Torres,https://inaturalist-open-data.s3.amazonaws.com/photos/110556604/original.jpg; https://inaturalist-open-data.s3.amazonaws.com/photos/110556614/original.jpg; https://inaturalist-open-data.s3.amazonaws.com/photos/110556619/original.jpg,k-western-south-america,2024-10-21 23:34:25
original_3031871177_1.jpg,2702446,Dichanthium annulatum,0.505,"Heliangelus exortis (Fraser, 1840)",2476708,-0.37842,-78.073845,31.0,SOUTH_AMERICA,Napo,,,,2021-01-17,False,David Torres,iNaturalist,http://creativecommons.org/licenses/by-nc/4.0/,David Torres,https://inaturalist-open-data.s3.amazonaws.com/photos/110556552/original.jpg; https://inaturalist-open-data.s3.amazonaws.com/photos/110556560/original.jpg; https://inaturalist-open-data.s3.amazonaws.com/photos/110556569/original.jpg; https://inaturalist-open-data.s3.amazonaws.com/photos/110556575/original.jpg; https://inaturalist-open-data.s3.amazonaws.com/photos/110556584/original.jpg,k-western-south-america,2024-10-21 23:34:29
original_3031871177_3.jpg,2892137,Duroia saccifera,4.4510000000000005,"Heliangelus exortis (Fraser, 1840)",2476708,-0.37842,-78.073845,31.0,SOUTH_AMERICA,Napo,,,,2021-01-17,False,David Torres,iNaturalist,http://creativecommons.org/licenses/by-nc/4.0/,David Torres,https://inaturalist-open-data.s3.amazonaws.com/photos/110556552/original.jpg; https://inaturalist-open-data.s3.amazonaws.com/photos/110556560/original.jpg; https://inaturalist-open-data.s3.amazonaws.com/photos/110556569/original.jpg; https://inaturalist-open-data.s3.amazonaws.com/photos/110556575/original.jpg; https://inaturalist-open-data.s3.amazonaws.com/photos/110556584/original.jpg,k-western-south-america,2024-10-21 23:34:37
original_3031871177_5.jpg,2874569,Cucumis sativus,1.95,"Heliangelus exortis (Fraser, 1840)",2476708,-0.37842,-78.073845,31.0,SOUTH_AMERICA,Napo,,,,2021-01-17,False,David Torres,iNaturalist,http://creativecommons.org/licenses/by-nc/4.0/,David Torres,https://inaturalist-open-data.s3.amazonaws.com/photos/110556552/original.jpg; https://inaturalist-open-data.s3.amazonaws.com/photos/110556560/original.jpg; https://inaturalist-open-data.s3.amazonaws.com/photos/110556569/original.jpg; https://inaturalist-open-data.s3.amazonaws.com/photos/110556575/original.jpg; https://inaturalist-open-data.s3.amazonaws.com/photos/110556584/original.jpg,k-western-south-america,2024-10-21 23:34:44
original_3032095136_1.jpg,5371729,Nectandra turbacensis,2.157,"Heliangelus exortis (Fraser, 1840)",2476708,-0.379169,-78.073777,61.0,SOUTH_AMERICA,Napo,,,,2021-01-17,False,David Torres,iNaturalist,http://creativecommons.org/licenses/by-nc/4.0/,David Torres,https://inaturalist-open-data.s3.amazonaws.com/photos/110502063/original.jpg; https://inaturalist-open-data.s3.amazonaws.com/photos/110502067/original.jpg; https://inaturalist-open-data.s3.amazonaws.com/photos/110502072/original.jpg; https://inaturalist-open-data.s3.amazonaws.com/photos/110502077/original.jpg,k-western-south-america,2024-10-21 23:34:54
original_3032095136_3.jpg,3190647,Quassia amara,24.333,"Heliangelus exortis (Fraser, 1840)",2476708,-0.379169,-78.073777,61.0,SOUTH_AMERICA,Napo,,,,2021-01-17,False,David Torres,iNaturalist,http://creativecommons.org/licenses/by-nc/4.0/,David Torres,https://inaturalist-open-data.s3.amazonaws.com/photos/110502063/original.jpg; https://inaturalist-open-data.s3.amazonaws.com/photos/110502067/original.jpg; https://inaturalist-open-data.s3.amazonaws.com/photos/110502072/original.jpg; https://inaturalist-open-data.s3.amazonaws.com/photos/110502077/original.jpg,k-western-south-america,2024-10-21 23:34:59
original_3032095136_4.jpg,5371729,Nectandra turbacensis,2.4219999999999997,"Heliangelus exortis (Fraser, 1840)",2476708,-0.379169,-78.073777,61.0,SOUTH_AMERICA,Napo,,,,2021-01-17,False,David Torres,iNaturalist,http://creativecommons.org/licenses/by-nc/4.0/,David Torres,https://inaturalist-open-data.s3.amazonaws.com/photos/110502063/original.jpg; https://inaturalist-open-data.s3.amazonaws.com/photos/110502067/original.jpg; https://inaturalist-open-data.s3.amazonaws.com/photos/110502072/original.jpg; https://inaturalist-open-data.s3.amazonaws.com/photos/110502077/original.jpg,k-western-south-america,2024-10-21 23:35:02
original_3032100197_1.jpg,2920395,Psychotria horizontalis,3.9849999999999994,"Heliangelus exortis (Fraser, 1840)",2476708,-0.379169,-78.073777,61.0,SOUTH_AMERICA,Napo,,,,2021-01-17,False,David Torres,iNaturalist,http://creativecommons.org/licenses/by-nc/4.0/,David Torres,https://inaturalist-open-data.s3.amazonaws.com/photos/110502139/original.jpg; https://inaturalist-open-data.s3.amazonaws.com/photos/110502186/original.jpg; https://inaturalist-open-data.s3.amazonaws.com/photos/110502194/original.jpg,k-western-south-america,2024-10-21 23:35:04
original_3032100197_2.jpg,4261683,Entelea arborescens,2.649,"Heliangelus exortis (Fraser, 1840)",2476708,-0.379169,-78.073777,61.0,SOUTH_AMERICA,Napo,,,,2021-01-17,False,David Torres,iNaturalist,http://creativecommons.org/licenses/by-nc/4.0/,David Torres,https://inaturalist-open-data.s3.amazonaws.com/photos/110502139/original.jpg; https://inaturalist-open-data.s3.amazonaws.com/photos/110502186/original.jpg; https://inaturalist-open-data.s3.amazonaws.com/photos/110502194/original.jpg,k-western-south-america,2024-10-21 23:35:06
original_3032100197_3.jpg,4261683,Entelea arborescens,12.677,"Heliangelus exortis (Fraser, 1840)",2476708,-0.379169,-78.073777,61.0,SOUTH_AMERICA,Napo,,,,2021-01-17,False,David Torres,iNaturalist,http://creativecommons.org/licenses/by-nc/4.0/,David Torres,https://inaturalist-open-data.s3.amazonaws.com/photos/110502139/original.jpg; https://inaturalist-open-data.s3.amazonaws.com/photos/110502186/original.jpg; https://inaturalist-open-data.s3.amazonaws.com/photos/110502194/original.jpg,k-western-south-america,2024-10-21 23:35:09
original_3032116140_1.jpeg,2976978,Macrotyloma axillare,6.043,"Heliangelus exortis (Fraser, 1840)",2476708,-0.379392,-78.07665,517.0,SOUTH_AMERICA,Napo,,,,2021-01-08T11:22:40,False,Nelson Apolo,iNaturalist,http://creativecommons.org/licenses/by-nc/4.0/,Nelson Apolo,https://inaturalist-open-data.s3.amazonaws.com/photos/110462636/original.jpeg,k-western-south-america,2024-10-21 23:35:11
original_3032142177_2.jpg,3190647,Quassia amara,4.829,"Heliangelus exortis (Fraser, 1840)",2476708,-0.379169,-78.073777,61.0,SOUTH_AMERICA,Napo,,,,2021-01-17,False,David Torres,iNaturalist,http://creativecommons.org/licenses/by-nc/4.0/,David Torres,https://inaturalist-open-data.s3.amazonaws.com/photos/110502233/original.jpg; https://inaturalist-open-data.s3.amazonaws.com/photos/110502238/original.jpg; https://inaturalist-open-data.s3.amazonaws.com/photos/110502241/original.jpg; https://inaturalist-open-data.s3.amazonaws.com/photos/110502249/original.jpg; https://inaturalist-open-data.s3.amazonaws.com/photos/110502251/original.jpg,k-western-south-america,2024-10-21 23:35:16
original_3032142177_4.jpg,2803722,Catasetum saccatum,10.853,"Heliangelus exortis (Fraser, 1840)",2476708,-0.379169,-78.073777,61.0,SOUTH_AMERICA,Napo,,,,2021-01-17,False,David Torres,iNaturalist,http://creativecommons.org/licenses/by-nc/4.0/,David Torres,https://inaturalist-open-data.s3.amazonaws.com/photos/110502233/original.jpg; https://inaturalist-open-data.s3.amazonaws.com/photos/110502238/original.jpg; https://inaturalist-open-data.s3.amazonaws.com/photos/110502241/original.jpg; https://inaturalist-open-data.s3.amazonaws.com/photos/110502249/original.jpg; https://inaturalist-open-data.s3.amazonaws.com/photos/110502251/original.jpg,k-western-south-america,2024-10-21 23:35:20
original_3044907410_1.jpeg,2880642,Quercus humboldtii,4.812,"Heliangelus exortis (Fraser, 1840)",2476708,4.989536,-75.407654,211.0,SOUTH_AMERICA,Caldas,,,,2020-11-28T15:43,False,David Monroy R,iNaturalist,http://creativecommons.org/licenses/by-nc/4.0/,David Monroy R,https://inaturalist-open-data.s3.amazonaws.com/photos/113191765/original.jpeg,k-western-south-america,2024-10-21 23:35:39
original_3058686416_1.jpeg,2856037,Allium ampeloprasum,1.683,"Heliangelus exortis (Fraser, 1840)",2476708,6.594683,-75.68286,8.0,SOUTH_AMERICA,Antioquia,,,,2020-01-03T18:04,False,Ricardo Sánchez,iNaturalist,http://creativecommons.org/licenses/by-nc/4.0/,Ricardo Sánchez,https://inaturalist-open-data.s3.amazonaws.com/photos/60455063/original.jpeg,k-western-south-america,2024-10-21 23:35:42
original_3058710459_1.jpeg,5349665,Erythrina rubrinervia,3.6740000000000004,"Heliangelus exortis (Fraser, 1840)",2476708,-0.379662,-78.0768,15.0,SOUTH_AMERICA,Napo,,,,2015-03-21T10:22,False,docprt,iNaturalist,http://creativecommons.org/licenses/by-nc/4.0/,docprt,https://inaturalist-open-data.s3.amazonaws.com/photos/67684267/original.jpeg; https://inaturalist-open-data.s3.amazonaws.com/photos/67684278/original.jpeg,k-western-south-america,2024-10-21 23:35:45
original_3058957881_1.jpeg,2932944,Capsicum annuum,2.1340000000000003,"Heliangelus exortis (Fraser, 1840)",2476708,-0.379392,-78.076649,516.0,SOUTH_AMERICA,Napo,,,,2010-10-28T14:48,False,dickcannings,iNaturalist,http://creativecommons.org/licenses/by-nc/4.0/,dickcannings,https://inaturalist-open-data.s3.amazonaws.com/photos/114683729/original.jpeg,k-western-south-america,2024-10-21 23:35:50
original_3061725402_1.jpeg,5406739,Sida cordata,1.997,"Heliangelus exortis (Fraser, 1840)",2476708,-0.37836,-78.074115,,SOUTH_AMERICA,Napo,,,,2019-03-16T08:51,False,Debara,iNaturalist,http://creativecommons.org/licenses/by-nc/4.0/,Debara,https://inaturalist-open-data.s3.amazonaws.com/photos/116331642/original.jpeg,k-western-south-america,2024-10-21 23:35:52
original_3067822319_1.jpeg,5327019,Ludovia lancifolia,1.3599999999999999,"Heliangelus exortis (Fraser, 1840)",2476708,6.44742,-76.106236,488.0,SOUTH_AMERICA,Antioquia,,,,2014-02-07T18:28,False,Todd Boland,iNaturalist,http://creativecommons.org/licenses/by-nc/4.0/,Todd Boland,https://inaturalist-open-data.s3.amazonaws.com/photos/110136289/original.jpeg,k-western-south-america,2024-10-21 23:35:54
original_3067924624_1.jpeg,4173060,Psammisia coarctata,23.378,"Heliangelus exortis (Fraser, 1840)",2476708,6.105224,-75.540143,788.0,SOUTH_AMERICA,Antioquia,,,,2021-03-15T13:46,False,Kevin Guerra,iNaturalist,http://creativecommons.org/licenses/by-nc/4.0/,Kevin Guerra,https://inaturalist-open-data.s3.amazonaws.com/photos/117254258/original.jpeg; https://inaturalist-open-data.s3.amazonaws.com/photos/117254284/original.jpeg; https://inaturalist-open-data.s3.amazonaws.com/photos/117254299/original.jpeg,k-western-south-america,2024-10-21 23:35:57
original_3067924624_2.jpeg,4173060,Psammisia coarctata,26.894000000000002,"Heliangelus exortis (Fraser, 1840)",2476708,6.105224,-75.540143,788.0,SOUTH_AMERICA,Antioquia,,,,2021-03-15T13:46,False,Kevin Guerra,iNaturalist,http://creativecommons.org/licenses/by-nc/4.0/,Kevin Guerra,https://inaturalist-open-data.s3.amazonaws.com/photos/117254258/original.jpeg; https://inaturalist-open-data.s3.amazonaws.com/photos/117254284/original.jpeg; https://inaturalist-open-data.s3.amazonaws.com/photos/117254299/original.jpeg,k-western-south-america,2024-10-21 23:36:00
original_3067924624_3.jpeg,4173060,Psammisia coarctata,25.245,"Heliangelus exortis (Fraser, 1840)",2476708,6.105224,-75.540143,788.0,SOUTH_AMERICA,Antioquia,,,,2021-03-15T13:46,False,Kevin Guerra,iNaturalist,http://creativecommons.org/licenses/by-nc/4.0/,Kevin Guerra,https://inaturalist-open-data.s3.amazonaws.com/photos/117254258/original.jpeg; https://inaturalist-open-data.s3.amazonaws.com/photos/117254284/original.jpeg; https://inaturalist-open-data.s3.amazonaws.com/photos/117254299/original.jpeg,k-western-south-america,2024-10-21 23:36:03
original_3068017023_1.jpg,5354953,Machaerium aculeatum,1.287,"Heliangelus exortis (Fraser, 1840)",2476708,5.5006,-75.7824,,SOUTH_AMERICA,Caldas,,,,2021-03-17T11:52,False,David Monroy R,iNaturalist,http://creativecommons.org/licenses/by-nc/4.0/,David Monroy R,https://inaturalist-open-data.s3.amazonaws.com/photos/116887430/original.jpg,k-western-south-america,2024-10-21 23:36:05
original_3068086270_1.jpeg,4193715,Impatiens sodenii,17.549,"Heliangelus exortis (Fraser, 1840)",2476708,-0.376358,-78.077111,572.0,SOUTH_AMERICA,Napo,,,,2018-07-12T15:04,False,William Hull,iNaturalist,http://creativecommons.org/licenses/by-nc/4.0/,William Hull,https://inaturalist-open-data.s3.amazonaws.com/photos/117223243/original.jpeg,k-western-south-america,2024-10-21 23:36:07
original_3068102442_1.jpeg,5334240,Lonicera japonica,5.511,"Heliangelus exortis (Fraser, 1840)",2476708,-0.376358,-78.077111,572.0,SOUTH_AMERICA,Napo,,,,2018-07-12T14:49,False,William Hull,iNaturalist,http://creativecommons.org/licenses/by-nc/4.0/,William Hull,https://inaturalist-open-data.s3.amazonaws.com/photos/117223229/original.jpeg; https://inaturalist-open-data.s3.amazonaws.com/photos/117223236/original.jpeg,k-western-south-america,2024-10-21 23:36:09
original_3068102442_2.jpeg,5334240,Lonicera japonica,3.653,"Heliangelus exortis (Fraser, 1840)",2476708,-0.376358,-78.077111,572.0,SOUTH_AMERICA,Napo,,,,2018-07-12T14:49,False,William Hull,iNaturalist,http://creativecommons.org/licenses/by-nc/4.0/,William Hull,https://inaturalist-open-data.s3.amazonaws.com/photos/117223229/original.jpeg; https://inaturalist-open-data.s3.amazonaws.com/photos/117223236/original.jpeg,k-western-south-america,2024-10-21 23:36:11
original_3070269104_1.jpg,5412772,Centropogon ferrugineus,1.7680000000000002,"Heliangelus exortis (Fraser, 1840)",2476708,-0.379392,-78.076649,516.0,SOUTH_AMERICA,Napo,,,,2019-08-11,False,j_p_m,iNaturalist,http://creativecommons.org/licenses/by-nc/4.0/,j_p_m,https://inaturalist-open-data.s3.amazonaws.com/photos/84510904/original.jpg,k-western-south-america,2024-10-21 23:36:14
original_3070301852_1.jpg,2984359,Boehmeria nivea,34.935,"Heliangelus exortis (Fraser, 1840)",2476708,-0.378232,-78.074582,2.0,SOUTH_AMERICA,Napo,,,,2020-01-13T12:17,False,John G. Phillips,iNaturalist,http://creativecommons.org/licenses/by-nc/4.0/,John G. Phillips,https://inaturalist-open-data.s3.amazonaws.com/photos/61190566/original.jpg,k-western-south-america,2024-10-21 23:36:20
original_3070368314_1.jpeg,2984359,Boehmeria nivea,16.672,"Heliangelus exortis (Fraser, 1840)",2476708,-0.37762,-78.077323,287.0,SOUTH_AMERICA,Napo,,,,2019-12-30T13:23,False,Howard Friedman,iNaturalist,http://creativecommons.org/licenses/by-nc/4.0/,Howard Friedman,https://inaturalist-open-data.s3.amazonaws.com/photos/99760594/original.jpeg,k-western-south-america,2024-10-21 23:36:31
original_3070451953_1.jpeg,2653092,Gnetum nodiflorum,1.779,"Heliangelus exortis (Fraser, 1840)",2476708,-0.37816,-78.075995,219.0,SOUTH_AMERICA,Napo,,,,2018-07-12T08:00,False,William Hull,iNaturalist,http://creativecommons.org/licenses/by-nc/4.0/,William Hull,https://inaturalist-open-data.s3.amazonaws.com/photos/117783496/original.jpeg,k-western-south-america,2024-10-21 23:36:32
original_3070624745_1.jpeg,2695149,Tillandsia usneoides,28.753,"Heliangelus exortis (Fraser, 1840)",2476708,-0.378941,-78.075094,653.0,SOUTH_AMERICA,Napo,,,,2018-07-12T13:10,False,William Hull,iNaturalist,http://creativecommons.org/licenses/by-nc/4.0/,William Hull,https://inaturalist-open-data.s3.amazonaws.com/photos/117776564/original.jpeg,k-western-south-america,2024-10-21 23:36:34
original_3070625650_1.jpeg,5372392,Vitis vinifera,1.7610000000000001,"Heliangelus exortis (Fraser, 1840)",2476708,-0.378941,-78.075094,653.0,SOUTH_AMERICA,Napo,,,,2018-07-12T13:26,False,William Hull,iNaturalist,http://creativecommons.org/licenses/by-nc/4.0/,William Hull,https://inaturalist-open-data.s3.amazonaws.com/photos/117776567/original.jpeg,k-western-south-america,2024-10-21 23:36:36
original_3070629758_1.jpeg,5938224,Fuchsia magellanica,1.435,"Heliangelus exortis (Fraser, 1840)",2476708,-0.378941,-78.075094,653.0,SOUTH_AMERICA,Napo,,,,2018-07-12T12:21,False,William Hull,iNaturalist,http://creativecommons.org/licenses/by-nc/4.0/,William Hull,https://inaturalist-open-data.s3.amazonaws.com/photos/117776555/original.jpeg,k-western-south-america,2024-10-21 23:36:38
original_3070673939_1.jpeg,3082282,Plumbago zeylanica,2.207,"Heliangelus exortis (Fraser, 1840)",2476708,-0.378941,-78.075094,653.0,SOUTH_AMERICA,Napo,,,,2018-07-12T13:29,False,William Hull,iNaturalist,http://creativecommons.org/licenses/by-nc/4.0/,William Hull,https://inaturalist-open-data.s3.amazonaws.com/photos/117776861/original.jpeg,k-western-south-america,2024-10-21 23:36:40
original_3070743617_1.jpg,2792457,Polystachya concreta,3.427,"Heliangelus exortis (Fraser, 1840)",2476708,5.052715,-75.508263,11785.0,SOUTH_AMERICA,Caldas,,,,2021-01-07T09:06,False,MAURICIO GIRALDO RIOS,iNaturalist,http://creativecommons.org/licenses/by-nc/4.0/,MAURICIO GIRALDO RIOS,https://inaturalist-open-data.s3.amazonaws.com/photos/117600311/original.jpg,k-western-south-america,2024-10-21 23:36:43
original_3079667700_1.jpeg,3107187,Senecio tamoides,3.2489999999999997,"Heliangelus exortis (Fraser, 1840)",2476708,-0.379392,-78.07665,517.0,SOUTH_AMERICA,Napo,,,,2021-03-29T11:39,False,Nelson Apolo,iNaturalist,http://creativecommons.org/licenses/by-nc/4.0/,Nelson Apolo,https://inaturalist-open-data.s3.amazonaws.com/photos/119026815/original.jpeg,k-western-south-america,2024-10-21 23:36:44
original_3124588329_1.jpeg,7323899,Operculina hamiltonii,2.061,"Heliangelus exortis (Fraser, 1840)",2476708,-0.379381,-78.076371,,SOUTH_AMERICA,Napo,,,,2019-10-20T10:16,False,Daniela Rosero,iNaturalist,http://creativecommons.org/licenses/by-nc/4.0/,Daniela Rosero,https://inaturalist-open-data.s3.amazonaws.com/photos/57328551/original.jpeg,k-western-south-america,2024-10-21 23:36:47
original_3124810370_1.jpeg,5350882,Rhynchosia phaseoloides,4.801,"Heliangelus exortis (Fraser, 1840)",2476708,6.337548,-75.642437,31.0,SOUTH_AMERICA,Antioquia,,,,2020-03-03T12:12,False,Anderson Mesa C,iNaturalist,http://creativecommons.org/licenses/by-nc/4.0/,Anderson Mesa C,https://inaturalist-open-data.s3.amazonaws.com/photos/106207413/original.jpeg; https://inaturalist-open-data.s3.amazonaws.com/photos/106207427/original.jpeg,k-western-south-america,2024-10-21 23:36:53
original_3124810370_2.jpeg,3092271,Melanthera nivea,6.379,"Heliangelus exortis (Fraser, 1840)",2476708,6.337548,-75.642437,31.0,SOUTH_AMERICA,Antioquia,,,,2020-03-03T12:12,False,Anderson Mesa C,iNaturalist,http://creativecommons.org/licenses/by-nc/4.0/,Anderson Mesa C,https://inaturalist-open-data.s3.amazonaws.com/photos/106207413/original.jpeg; https://inaturalist-open-data.s3.amazonaws.com/photos/106207427/original.jpeg,k-western-south-america,2024-10-21 23:36:56
original_3302220292_1.jpeg,7661971,Bambusa vulgaris,7.185,"Heliangelus exortis (Fraser, 1840)",2476708,-0.379392,-78.076649,516.0,SOUTH_AMERICA,Napo,,,,2020-02-02T13:18,False,Tristan Jobin,iNaturalist,http://creativecommons.org/licenses/by/4.0/,Tristan Jobin,https://inaturalist-open-data.s3.amazonaws.com/photos/132731832/original.jpeg,k-western-south-america,2024-10-21 23:36:59
original_3307382445_1.jpeg,5421125,Urvillea ulmacea,10.331999999999999,"Heliangelus exortis (Fraser, 1840)",2476708,5.761217,-73.457294,8.0,SOUTH_AMERICA,Boyacá,,,,2021-06-17T16:11Z,False,Apipa,iNaturalist,http://creativecommons.org/licenses/by-nc/4.0/,Apipa,https://inaturalist-open-data.s3.amazonaws.com/photos/137057180/original.jpeg; https://inaturalist-open-data.s3.amazonaws.com/photos/137057307/original.jpeg,k-western-south-america,2024-10-21 23:37:01
original_3307382445_2.jpeg,7298320,Dolichandra cynanchoides,27.555000000000003,"Heliangelus exortis (Fraser, 1840)",2476708,5.761217,-73.457294,8.0,SOUTH_AMERICA,Boyacá,,,,2021-06-17T16:11Z,False,Apipa,iNaturalist,http://creativecommons.org/licenses/by-nc/4.0/,Apipa,https://inaturalist-open-data.s3.amazonaws.com/photos/137057180/original.jpeg; https://inaturalist-open-data.s3.amazonaws.com/photos/137057307/original.jpeg,k-western-south-america,2024-10-21 23:37:03
original_3325916510_1.jpeg,5590493,Drymonia serrulata,2.223,"Heliangelus exortis (Fraser, 1840)",2476708,6.42645,-76.087905,,SOUTH_AMERICA,Antioquia,,,,2021-07-01T09:10,False,Edwin Múnera Chavarría,iNaturalist,http://creativecommons.org/licenses/by-nc/4.0/,Edwin Múnera Chavarría,https://inaturalist-open-data.s3.amazonaws.com/photos/141909782/original.jpeg,k-western-south-america,2024-10-21 23:37:10
original_3338092419_1.jpeg,5321877,Ionopsis utricularioides,1.068,"Heliangelus exortis (Fraser, 1840)",2476708,4.461467,-74.109749,2567.0,SOUTH_AMERICA,Cundinamarca,,,,2021-08-07T14:11:04,False,rccarl,iNaturalist,http://creativecommons.org/licenses/by-nc/4.0/,rccarl,https://inaturalist-open-data.s3.amazonaws.com/photos/149310468/original.jpeg,k-western-south-america,2024-10-21 23:37:17
original_3343730940_1.jpg,2943558,Pentaclethra macroloba,1.001,"Heliangelus exortis (Fraser, 1840)",2476708,5.029428,-75.358676,672.0,SOUTH_AMERICA,Caldas,,,,2021-08-10T08:26,False,Nick Moore,iNaturalist,http://creativecommons.org/licenses/by-nc/4.0/,Nick Moore,https://inaturalist-open-data.s3.amazonaws.com/photos/152071752/original.jpg,k-western-south-america,2024-10-21 23:37:20
original_3355000473_2.jpg,3866649,Bellucia grossularioides,3.071,"Heliangelus exortis (Fraser, 1840)",2476708,-0.378619,-78.074199,4.0,SOUTH_AMERICA,Napo,,,,2021-01-17,False,David Torres,iNaturalist,http://creativecommons.org/licenses/by-nc/4.0/,David Torres,https://inaturalist-open-data.s3.amazonaws.com/photos/110549505/original.jpg; https://inaturalist-open-data.s3.amazonaws.com/photos/110549514/original.jpg; https://inaturalist-open-data.s3.amazonaws.com/photos/110549519/original.jpg; https://inaturalist-open-data.s3.amazonaws.com/photos/110549524/original.jpg,k-western-south-america,2024-10-21 23:37:25
original_3355000473_3.jpg,5289752,Phalaris minor,1.233,"Heliangelus exortis (Fraser, 1840)",2476708,-0.378619,-78.074199,4.0,SOUTH_AMERICA,Napo,,,,2021-01-17,False,David Torres,iNaturalist,http://creativecommons.org/licenses/by-nc/4.0/,David Torres,https://inaturalist-open-data.s3.amazonaws.com/photos/110549505/original.jpg; https://inaturalist-open-data.s3.amazonaws.com/photos/110549514/original.jpg; https://inaturalist-open-data.s3.amazonaws.com/photos/110549519/original.jpg; https://inaturalist-open-data.s3.amazonaws.com/photos/110549524/original.jpg,k-western-south-america,2024-10-21 23:37:27
original_3355000473_4.jpg,2705781,Hymenachne amplexicaulis,0.5760000000000001,"Heliangelus exortis (Fraser, 1840)",2476708,-0.378619,-78.074199,4.0,SOUTH_AMERICA,Napo,,,,2021-01-17,False,David Torres,iNaturalist,http://creativecommons.org/licenses/by-nc/4.0/,David Torres,https://inaturalist-open-data.s3.amazonaws.com/photos/110549505/original.jpg; https://inaturalist-open-data.s3.amazonaws.com/photos/110549514/original.jpg; https://inaturalist-open-data.s3.amazonaws.com/photos/110549519/original.jpg; https://inaturalist-open-data.s3.amazonaws.com/photos/110549524/original.jpg,k-western-south-america,2024-10-21 23:37:30
original_3355712487_1.jpg,4196780,Nephrolepis brownii,12.030000000000001,"Heliangelus exortis (Fraser, 1840)",2476708,-0.37845,-78.074135,237.0,SOUTH_AMERICA,Napo,,,,2021-08-13T16:13,False,Jana Václavíková,iNaturalist,http://creativecommons.org/licenses/by-nc/4.0/,Jana Václavíková,https://inaturalist-open-data.s3.amazonaws.com/photos/156247091/original.jpg,k-western-south-america,2024-10-21 23:37:40
original_3355714414_1.jpg,2695149,Tillandsia usneoides,1.702,"Heliangelus exortis (Fraser, 1840)",2476708,-0.378235,-78.074053,15.0,SOUTH_AMERICA,Napo,,,,2021-08-29T12:43,False,David Torres,iNaturalist,http://creativecommons.org/licenses/by-nc/4.0/,David Torres,https://inaturalist-open-data.s3.amazonaws.com/photos/154374769/original.jpg,k-western-south-america,2024-10-21 23:37:42
original_3355727386_2.jpg,3838758,Vasconcellea cauliflora,1.755,"Heliangelus exortis (Fraser, 1840)",2476708,-0.378235,-78.074053,15.0,SOUTH_AMERICA,Napo,,,,2021-08-29T12:49,False,David Torres,iNaturalist,http://creativecommons.org/licenses/by-nc/4.0/,David Torres,https://inaturalist-open-data.s3.amazonaws.com/photos/154375047/original.jpg; https://inaturalist-open-data.s3.amazonaws.com/photos/154375071/original.jpg,k-western-south-america,2024-10-21 23:37:45
original_3355773492_1.jpg,5372391,Vitis tiliifolia,1.209,"Heliangelus exortis (Fraser, 1840)",2476708,-0.37845,-78.074135,237.0,SOUTH_AMERICA,Napo,,,,2021-08-13T18:09,False,Jana Václavíková,iNaturalist,http://creativecommons.org/licenses/by-nc/4.0/,Jana Václavíková,https://inaturalist-open-data.s3.amazonaws.com/photos/156247229/original.jpg,k-western-south-america,2024-10-21 23:37:48
original_3355789498_1.jpg,2650442,Niphidium crassifolium,1.67,"Heliangelus exortis (Fraser, 1840)",2476708,-0.37845,-78.074135,237.0,SOUTH_AMERICA,Napo,,,,2021-08-13T18:08,False,Jana Václavíková,iNaturalist,http://creativecommons.org/licenses/by-nc/4.0/,Jana Václavíková,https://inaturalist-open-data.s3.amazonaws.com/photos/156247206/original.jpg,k-western-south-america,2024-10-21 23:37:50
original_3383919120_1.jpg,5938224,Fuchsia magellanica,6.006,"Heliangelus exortis (Fraser, 1840)",2476708,5.023602,-75.364938,15.0,SOUTH_AMERICA,Caldas,,,,2021-08-23T08:09,False,desertnaturalist,iNaturalist,http://creativecommons.org/licenses/by/4.0/,desertnaturalist,https://inaturalist-open-data.s3.amazonaws.com/photos/153988749/original.jpg,k-western-south-america,2024-10-21 23:37:52
original_3384368883_1.jpeg,5372391,Vitis tiliifolia,5.362,"Heliangelus exortis (Fraser, 1840)",2476708,-0.37845,-78.074135,237.0,SOUTH_AMERICA,Napo,,,,2015-08-18T16:47,False,Lorena,iNaturalist,http://creativecommons.org/licenses/by-nc/4.0/,Lorena,https://inaturalist-open-data.s3.amazonaws.com/photos/157268671/original.jpeg,k-western-south-america,2024-10-21 23:37:55
original_3398661010_1.jpeg,7326642,Connarus fasciculatus,2.8529999999999998,"Heliangelus exortis (Fraser, 1840)",2476708,-0.378342,-78.074098,,SOUTH_AMERICA,Napo,,,,2021-08-22T14:00,False,Christoph Moning,iNaturalist,http://creativecommons.org/licenses/by/4.0/,Christoph Moning,https://inaturalist-open-data.s3.amazonaws.com/photos/163564750/original.jpeg,k-western-south-america,2024-10-21 23:38:00
original_3398668012_1.jpeg,3189950,Paullinia pinnata,5.887,"Heliangelus exortis (Fraser, 1840)",2476708,-0.378445,-78.074087,,SOUTH_AMERICA,Napo,,,,2021-08-23T14:09,False,Christoph Moning,iNaturalist,http://creativecommons.org/licenses/by/4.0/,Christoph Moning,https://inaturalist-open-data.s3.amazonaws.com/photos/163587732/original.jpeg; https://inaturalist-open-data.s3.amazonaws.com/photos/163587739/original.jpeg,k-western-south-america,2024-10-21 23:38:03
original_3398738949_1.jpeg,2943558,Pentaclethra macroloba,0.915,"Heliangelus exortis (Fraser, 1840)",2476708,-0.378403,-78.074048,,SOUTH_AMERICA,Napo,,,,2021-08-22T13:57,False,Christoph Moning,iNaturalist,http://creativecommons.org/licenses/by/4.0/,Christoph Moning,https://inaturalist-open-data.s3.amazonaws.com/photos/163564711/original.jpeg; https://inaturalist-open-data.s3.amazonaws.com/photos/163564717/original.jpeg; https://inaturalist-open-data.s3.amazonaws.com/photos/163564725/original.jpeg,k-western-south-america,2024-10-21 23:38:07
original_3398738949_2.jpeg,2943558,Pentaclethra macroloba,0.47600000000000003,"Heliangelus exortis (Fraser, 1840)",2476708,-0.378403,-78.074048,,SOUTH_AMERICA,Napo,,,,2021-08-22T13:57,False,Christoph Moning,iNaturalist,http://creativecommons.org/licenses/by/4.0/,Christoph Moning,https://inaturalist-open-data.s3.amazonaws.com/photos/163564711/original.jpeg; https://inaturalist-open-data.s3.amazonaws.com/photos/163564717/original.jpeg; https://inaturalist-open-data.s3.amazonaws.com/photos/163564725/original.jpeg,k-western-south-america,2024-10-21 23:38:09
original_3398738949_3.jpeg,2943558,Pentaclethra macroloba,1.363,"Heliangelus exortis (Fraser, 1840)",2476708,-0.378403,-78.074048,,SOUTH_AMERICA,Napo,,,,2021-08-22T13:57,False,Christoph Moning,iNaturalist,http://creativecommons.org/licenses/by/4.0/,Christoph Moning,https://inaturalist-open-data.s3.amazonaws.com/photos/163564711/original.jpeg; https://inaturalist-open-data.s3.amazonaws.com/photos/163564717/original.jpeg; https://inaturalist-open-data.s3.amazonaws.com/photos/163564725/original.jpeg,k-western-south-america,2024-10-21 23:38:11
original_3398768980_1.jpeg,3155772,Guatteria punctata,1.763,"Heliangelus exortis (Fraser, 1840)",2476708,-0.378318,-78.074058,,SOUTH_AMERICA,Napo,,,,2021-08-22T13:42,False,Christoph Moning,iNaturalist,http://creativecommons.org/licenses/by/4.0/,Christoph Moning,https://inaturalist-open-data.s3.amazonaws.com/photos/163564674/original.jpeg,k-western-south-america,2024-10-21 23:38:13
original_3398776998_1.jpeg,2792457,Polystachya concreta,2.0,"Heliangelus exortis (Fraser, 1840)",2476708,-0.378317,-78.074242,,SOUTH_AMERICA,Napo,,,,2021-08-22T12:25,False,Christoph Moning,iNaturalist,http://creativecommons.org/licenses/by/4.0/,Christoph Moning,https://inaturalist-open-data.s3.amazonaws.com/photos/163564522/original.jpeg; https://inaturalist-open-data.s3.amazonaws.com/photos/163564529/original.jpeg; https://inaturalist-open-data.s3.amazonaws.com/photos/163564537/original.jpeg; https://inaturalist-open-data.s3.amazonaws.com/photos/163564543/original.jpeg,k-western-south-america,2024-10-21 23:38:16
original_3398776998_2.jpeg,2932944,Capsicum annuum,1.05,"Heliangelus exortis (Fraser, 1840)",2476708,-0.378317,-78.074242,,SOUTH_AMERICA,Napo,,,,2021-08-22T12:25,False,Christoph Moning,iNaturalist,http://creativecommons.org/licenses/by/4.0/,Christoph Moning,https://inaturalist-open-data.s3.amazonaws.com/photos/163564522/original.jpeg; https://inaturalist-open-data.s3.amazonaws.com/photos/163564529/original.jpeg; https://inaturalist-open-data.s3.amazonaws.com/photos/163564537/original.jpeg; https://inaturalist-open-data.s3.amazonaws.com/photos/163564543/original.jpeg,k-western-south-america,2024-10-21 23:38:18
original_3398776998_3.jpeg,4088199,Utricularia jamesoniana,2.401,"Heliangelus exortis (Fraser, 1840)",2476708,-0.378317,-78.074242,,SOUTH_AMERICA,Napo,,,,2021-08-22T12:25,False,Christoph Moning,iNaturalist,http://creativecommons.org/licenses/by/4.0/,Christoph Moning,https://inaturalist-open-data.s3.amazonaws.com/photos/163564522/original.jpeg; https://inaturalist-open-data.s3.amazonaws.com/photos/163564529/original.jpeg; https://inaturalist-open-data.s3.amazonaws.com/photos/163564537/original.jpeg; https://inaturalist-open-data.s3.amazonaws.com/photos/163564543/original.jpeg,k-western-south-america,2024-10-21 23:38:21
original_3398776998_4.jpeg,5321877,Ionopsis utricularioides,1.476,"Heliangelus exortis (Fraser, 1840)",2476708,-0.378317,-78.074242,,SOUTH_AMERICA,Napo,,,,2021-08-22T12:25,False,Christoph Moning,iNaturalist,http://creativecommons.org/licenses/by/4.0/,Christoph Moning,https://inaturalist-open-data.s3.amazonaws.com/photos/163564522/original.jpeg; https://inaturalist-open-data.s3.amazonaws.com/photos/163564529/original.jpeg; https://inaturalist-open-data.s3.amazonaws.com/photos/163564537/original.jpeg; https://inaturalist-open-data.s3.amazonaws.com/photos/163564543/original.jpeg,k-western-south-america,2024-10-21 23:38:23
original_3399015117_1.jpeg,5938224,Fuchsia magellanica,2.806,"Heliangelus exortis (Fraser, 1840)",2476708,5.024208,-75.367053,562.0,SOUTH_AMERICA,Caldas,,,,2021-10-07T11:08,False,Jonathan M,iNaturalist,http://creativecommons.org/licenses/by-nc/4.0/,Jonathan M,https://inaturalist-open-data.s3.amazonaws.com/photos/165627575/original.jpeg,k-western-south-america,2024-10-21 23:38:25
original_3399142812_1.jpg,7827774,Drimys granadensis,4.781,"Heliangelus exortis (Fraser, 1840)",2476708,5.255945,-76.110867,60.0,SOUTH_AMERICA,Risaralda,,,,2021-08-06T08:48,False,Nick Moore,iNaturalist,http://creativecommons.org/licenses/by-nc/4.0/,Nick Moore,https://inaturalist-open-data.s3.amazonaws.com/photos/151810081/original.jpg,k-western-south-america,2024-10-21 23:38:27
original_3415367264_1.jpeg,8121164,Callicarpa acuminata,2.247,"Heliangelus exortis (Fraser, 1840)",2476708,5.024593,-75.365894,951.0,SOUTH_AMERICA,Caldas,,,,2021-10-07T14:44,False,Jonathan M,iNaturalist,http://creativecommons.org/licenses/by-nc/4.0/,Jonathan M,https://inaturalist-open-data.s3.amazonaws.com/photos/168083756/original.jpeg,k-western-south-america,2024-10-21 23:38:29
original_3415509745_1.jpeg,5321877,Ionopsis utricularioides,11.546,"Heliangelus exortis (Fraser, 1840)",2476708,-0.702196,-77.935398,,SOUTH_AMERICA,Napo,,,,2021-11-10T07:48,False,Luis Yupa,iNaturalist,http://creativecommons.org/licenses/by-nc/4.0/,Luis Yupa,https://inaturalist-open-data.s3.amazonaws.com/photos/168426484/original.jpeg; https://inaturalist-open-data.s3.amazonaws.com/photos/168426496/original.jpeg,k-western-south-america,2024-10-21 23:38:32
original_3415509745_2.jpeg,5321877,Ionopsis utricularioides,24.498,"Heliangelus exortis (Fraser, 1840)",2476708,-0.702196,-77.935398,,SOUTH_AMERICA,Napo,,,,2021-11-10T07:48,False,Luis Yupa,iNaturalist,http://creativecommons.org/licenses/by-nc/4.0/,Luis Yupa,https://inaturalist-open-data.s3.amazonaws.com/photos/168426484/original.jpeg; https://inaturalist-open-data.s3.amazonaws.com/photos/168426496/original.jpeg,k-western-south-america,2024-10-21 23:38:35
original_3455502838_1.jpg,2876131,Alnus acuminata,1.433,"Heliangelus exortis (Fraser, 1840)",2476708,5.254183,-76.11784,,SOUTH_AMERICA,Risaralda,,,,2021-12-10T07:25,False,David J Barton,iNaturalist,http://creativecommons.org/licenses/by-nc/4.0/,David J Barton,https://inaturalist-open-data.s3.amazonaws.com/photos/173504708/original.jpg,k-western-south-america,2024-10-21 23:38:39
original_3455594083_1.jpg,5372800,Salix purpurea,0.5890000000000001,"Heliangelus exortis (Fraser, 1840)",2476708,5.254183,-76.11784,,SOUTH_AMERICA,Risaralda,,,,2021-12-10T07:25,False,David J Barton,iNaturalist,http://creativecommons.org/licenses/by-nc/4.0/,David J Barton,https://inaturalist-open-data.s3.amazonaws.com/photos/173504719/original.jpg,k-western-south-america,2024-10-21 23:38:41
original_3455980034_1.jpg,5314198,Brassavola tuberculata,4.8500000000000005,"Heliangelus exortis (Fraser, 1840)",2476708,5.49256,-75.779237,229.0,SOUTH_AMERICA,Caldas,,,,2021-12-05T11:33,False,David J Barton,iNaturalist,http://creativecommons.org/licenses/by-nc/4.0/,David J Barton,https://inaturalist-open-data.s3.amazonaws.com/photos/173087815/original.jpg,k-western-south-america,2024-10-21 23:38:44
original_3456143023_1.jpg,4091191,Tabebuia aurea,3.486,"Heliangelus exortis (Fraser, 1840)",2476708,5.49256,-75.779237,229.0,SOUTH_AMERICA,Caldas,,,,2021-12-05T11:33,False,David J Barton,iNaturalist,http://creativecommons.org/licenses/by-nc/4.0/,David J Barton,https://inaturalist-open-data.s3.amazonaws.com/photos/173087821/original.jpg,k-western-south-america,2024-10-21 23:38:46
original_3456637345_1.jpg,2874569,Cucumis sativus,1.202,"Heliangelus exortis (Fraser, 1840)",2476708,5.49256,-75.779237,229.0,SOUTH_AMERICA,Caldas,,,,2021-12-05T11:33,False,David J Barton,iNaturalist,http://creativecommons.org/licenses/by-nc/4.0/,David J Barton,https://inaturalist-open-data.s3.amazonaws.com/photos/173087825/original.jpg,k-western-south-america,2024-10-21 23:38:48
original_3456909214_1.jpg,3021850,Prunus serotina,0.462,"Heliangelus exortis (Fraser, 1840)",2476708,5.254117,-76.117867,,SOUTH_AMERICA,Risaralda,,,,2021-12-10T07:05,False,David J Barton,iNaturalist,http://creativecommons.org/licenses/by-nc/4.0/,David J Barton,https://inaturalist-open-data.s3.amazonaws.com/photos/173504669/original.jpg,k-western-south-america,2024-10-21 23:38:50
original_3468981177_1.jpg,2744102,Cipura paludosa,1.502,"Heliangelus exortis (Fraser, 1840)",2476708,-0.598546,-77.890958,61.0,SOUTH_AMERICA,Napo,,,,2022-02-05T17:58,False,David Torres,iNaturalist,http://creativecommons.org/licenses/by-nc/4.0/,David Torres,https://inaturalist-open-data.s3.amazonaws.com/photos/178640018/original.jpg; https://inaturalist-open-data.s3.amazonaws.com/photos/178640023/original.jpg; https://inaturalist-open-data.s3.amazonaws.com/photos/178640027/original.jpg; https://inaturalist-open-data.s3.amazonaws.com/photos/178640037/original.jpg,k-western-south-america,2024-10-21 23:38:55
original_3468981177_2.jpg,10863132,Pleroma urvilleanum,2.732,"Heliangelus exortis (Fraser, 1840)",2476708,-0.598546,-77.890958,61.0,SOUTH_AMERICA,Napo,,,,2022-02-05T17:58,False,David Torres,iNaturalist,http://creativecommons.org/licenses/by-nc/4.0/,David Torres,https://inaturalist-open-data.s3.amazonaws.com/photos/178640018/original.jpg; https://inaturalist-open-data.s3.amazonaws.com/photos/178640023/original.jpg; https://inaturalist-open-data.s3.amazonaws.com/photos/178640027/original.jpg; https://inaturalist-open-data.s3.amazonaws.com/photos/178640037/original.jpg,k-western-south-america,2024-10-21 23:38:57
original_3468981177_3.jpg,2964988,Centrosema brasilianum,3.309,"Heliangelus exortis (Fraser, 1840)",2476708,-0.598546,-77.890958,61.0,SOUTH_AMERICA,Napo,,,,2022-02-05T17:58,False,David Torres,iNaturalist,http://creativecommons.org/licenses/by-nc/4.0/,David Torres,https://inaturalist-open-data.s3.amazonaws.com/photos/178640018/original.jpg; https://inaturalist-open-data.s3.amazonaws.com/photos/178640023/original.jpg; https://inaturalist-open-data.s3.amazonaws.com/photos/178640027/original.jpg; https://inaturalist-open-data.s3.amazonaws.com/photos/178640037/original.jpg,k-western-south-america,2024-10-21 23:39:00
original_3469033157_1.jpg,8185162,Symphonia globulifera,3.51,"Heliangelus exortis (Fraser, 1840)",2476708,-0.598546,-77.890958,61.0,SOUTH_AMERICA,Napo,,,,2022-02-05T18:04,False,David Torres,iNaturalist,http://creativecommons.org/licenses/by-nc/4.0/,David Torres,https://inaturalist-open-data.s3.amazonaws.com/photos/178640254/original.jpg; https://inaturalist-open-data.s3.amazonaws.com/photos/178640259/original.jpg,k-western-south-america,2024-10-21 23:39:04
original_3499445939_1.jpeg,4024136,Pleopeltis bombycina,0.627,"Heliangelus exortis (Fraser, 1840)",2476708,5.046795,-75.445903,2.0,SOUTH_AMERICA,Caldas,,,,2016-09-01T19:16,False,mike_steinmann,iNaturalist,http://creativecommons.org/licenses/by-nc/4.0/,mike_steinmann,https://inaturalist-open-data.s3.amazonaws.com/photos/179522194/original.jpg; https://inaturalist-open-data.s3.amazonaws.com/photos/179522371/original.jpeg,k-western-south-america,2024-10-21 23:39:08
original_3499445939_2.jpg,5321877,Ionopsis utricularioides,0.358,"Heliangelus exortis (Fraser, 1840)",2476708,5.046795,-75.445903,2.0,SOUTH_AMERICA,Caldas,,,,2016-09-01T19:16,False,mike_steinmann,iNaturalist,http://creativecommons.org/licenses/by-nc/4.0/,mike_steinmann,https://inaturalist-open-data.s3.amazonaws.com/photos/179522194/original.jpg; https://inaturalist-open-data.s3.amazonaws.com/photos/179522371/original.jpeg,k-western-south-america,2024-10-21 23:39:10
original_3705605456_1.jpg,2697985,Aechmea mertensii,3.092,"Heliangelus exortis (Fraser, 1840)",2476708,4.633705,-75.474374,2674.0,SOUTH_AMERICA,Quindío,,,,2018-02-05T22:31,False,Roberto Corvino,iNaturalist,http://creativecommons.org/licenses/by-nc/4.0/,Roberto Corvino,https://inaturalist-open-data.s3.amazonaws.com/photos/178940695/original.jpg,k-western-south-america,2024-10-21 23:39:14
original_3712511575_1.jpg,2792457,Polystachya concreta,6.586,"Heliangelus exortis (Fraser, 1840)",2476708,5.0234,-75.3626,50.0,SOUTH_AMERICA,Caldas,,,,2022-02-28T07:47,False,desertnaturalist,iNaturalist,http://creativecommons.org/licenses/by/4.0/,desertnaturalist,https://inaturalist-open-data.s3.amazonaws.com/photos/181709740/original.jpg,k-western-south-america,2024-10-21 23:39:19
original_3743043578_1.jpg,4093319,Delostoma integrifolium,4.009,"Heliangelus exortis (Fraser, 1840)",2476708,-0.378808,-78.07449,31.0,SOUTH_AMERICA,Napo,,,,2022-02-10T12:31,False,Nancy Overholtz,iNaturalist,http://creativecommons.org/licenses/by-sa/4.0/,Nancy Overholtz,https://inaturalist-open-data.s3.amazonaws.com/photos/182487613/original.jpg,k-western-south-america,2024-10-21 23:39:21
original_3747037493_1.jpeg,2778437,Asphodelus fistulosus,1.8870000000000002,"Heliangelus exortis (Fraser, 1840)",2476708,4.989433,-75.407552,,SOUTH_AMERICA,Caldas,,,,2022-02-11T11:15,False,Santi MD,iNaturalist,http://creativecommons.org/licenses/by-nc/4.0/,Santi MD,https://inaturalist-open-data.s3.amazonaws.com/photos/179331565/original.jpeg,k-western-south-america,2024-10-21 23:39:24
original_3759450250_1.jpg,3086355,Piper hispidum,10.22,"Heliangelus exortis (Fraser, 1840)",2476708,-0.378523,-78.07353,15.0,SOUTH_AMERICA,Napo,,,,2019-12-30T08:23,False,Cullen Hanks,iNaturalist,http://creativecommons.org/licenses/by/4.0/,Cullen Hanks,https://inaturalist-open-data.s3.amazonaws.com/photos/188636085/original.jpg; https://inaturalist-open-data.s3.amazonaws.com/photos/188636136/original.jpg,k-western-south-america,2024-10-21 23:39:33
original_3759450250_2.jpg,8368994,Passiflora mixta,5.377,"Heliangelus exortis (Fraser, 1840)",2476708,-0.378523,-78.07353,15.0,SOUTH_AMERICA,Napo,,,,2019-12-30T08:23,False,Cullen Hanks,iNaturalist,http://creativecommons.org/licenses/by/4.0/,Cullen Hanks,https://inaturalist-open-data.s3.amazonaws.com/photos/188636085/original.jpg; https://inaturalist-open-data.s3.amazonaws.com/photos/188636136/original.jpg,k-western-south-america,2024-10-21 23:39:35
original_3764510154_1.jpeg,3170397,Cynanchum racemosum,2.717,"Heliangelus exortis (Fraser, 1840)",2476708,-0.412148,-78.02823,,SOUTH_AMERICA,Napo,,,,2022-04-25T16:30,False,Luis Yupa,iNaturalist,http://creativecommons.org/licenses/by-nc/4.0/,Luis Yupa,https://inaturalist-open-data.s3.amazonaws.com/photos/190993308/original.jpeg; https://inaturalist-open-data.s3.amazonaws.com/photos/190994153/original.jpeg,k-western-south-america,2024-10-21 23:39:45
original_3764510154_2.jpeg,7264178,Bravaisia integerrima,2.404,"Heliangelus exortis (Fraser, 1840)",2476708,-0.412148,-78.02823,,SOUTH_AMERICA,Napo,,,,2022-04-25T16:30,False,Luis Yupa,iNaturalist,http://creativecommons.org/licenses/by-nc/4.0/,Luis Yupa,https://inaturalist-open-data.s3.amazonaws.com/photos/190993308/original.jpeg; https://inaturalist-open-data.s3.amazonaws.com/photos/190994153/original.jpeg,k-western-south-america,2024-10-21 23:39:47
original_3772911022_1.jpeg,5590525,Drymonia rubra,14.007,"Heliangelus exortis (Fraser, 1840)",2476708,5.073408,-75.437972,7.0,SOUTH_AMERICA,Caldas,,,,2022-05-03T05:31:47,False,Jay,iNaturalist,http://creativecommons.org/licenses/by-nc/4.0/,Jay,https://inaturalist-open-data.s3.amazonaws.com/photos/194489841/original.jpeg,k-western-south-america,2024-10-21 23:39:51
original_3802346739_1.jpg,8095300,Palicourea hoffmannseggiana,3.0140000000000002,"Heliangelus exortis (Fraser, 1840)",2476708,-0.37845,-78.074135,237.0,SOUTH_AMERICA,Napo,,,,2021-07-10T08:43,False,desertnaturalist,iNaturalist,http://creativecommons.org/licenses/by/4.0/,desertnaturalist,https://inaturalist-open-data.s3.amazonaws.com/photos/199227728/original.jpg,k-western-south-america,2024-10-21 23:39:53
original_3859747609_1.jpg,5289831,Nassella neesiana,3.9890000000000003,"Heliangelus exortis (Fraser, 1840)",2476708,5.25412,-76.11785,4.0,SOUTH_AMERICA,Risaralda,,,,2022-05-02T08:07:23,False,Arman Moreno,iNaturalist,http://creativecommons.org/licenses/by-nc/4.0/,Arman Moreno,https://inaturalist-open-data.s3.amazonaws.com/photos/201793195/original.jpg; https://inaturalist-open-data.s3.amazonaws.com/photos/201793203/original.jpg; https://inaturalist-open-data.s3.amazonaws.com/photos/201793212/original.jpg,k-western-south-america,2024-10-21 23:39:57
original_3860369785_1.jpeg,2695149,Tillandsia usneoides,20.122999999999998,"Heliangelus exortis (Fraser, 1840)",2476708,-0.37845,-78.074135,237.0,SOUTH_AMERICA,Napo,,,,2018-09-09T20:39,False,nevwright,iNaturalist,http://creativecommons.org/licenses/by/4.0/,nevwright,https://inaturalist-open-data.s3.amazonaws.com/photos/202122204/original.jpeg,k-western-south-america,2024-10-21 23:40:08
original_3881770410_1.jpg,3086333,Piper amalago,36.047000000000004,"Heliangelus exortis (Fraser, 1840)",2476708,5.247092,-76.105903,4.0,SOUTH_AMERICA,Risaralda,,,,2022-05-02T12:27:39,False,Arman Moreno,iNaturalist,http://creativecommons.org/licenses/by-nc/4.0/,Arman Moreno,https://inaturalist-open-data.s3.amazonaws.com/photos/201977149/original.jpg,k-western-south-america,2024-10-21 23:40:13
original_3881783319_1.jpg,2650774,Histiopteris incisa,0.845,"Heliangelus exortis (Fraser, 1840)",2476708,5.2542,-76.1171,,SOUTH_AMERICA,Risaralda,,,,2019-10-13T07:05,False,David Monroy R,iNaturalist,http://creativecommons.org/licenses/by-nc/4.0/,David Monroy R,https://inaturalist-open-data.s3.amazonaws.com/photos/63900712/original.jpg,k-western-south-america,2024-10-21 23:40:16
original_3902309736_1.jpg,4261683,Entelea arborescens,0.694,"Heliangelus exortis (Fraser, 1840)",2476708,-0.52953,-77.885555,8.0,SOUTH_AMERICA,Napo,,,,2018-01-05T15:02,False,OlegRozhko,iNaturalist,http://creativecommons.org/licenses/by-nc-nd/4.0/,OlegRozhko,https://inaturalist-open-data.s3.amazonaws.com/photos/216892928/original.jpg,k-western-south-america,2024-10-21 23:40:19
original_3902348720_1.jpeg,3762826,Brosimum rubescens,0.844,"Heliangelus exortis (Fraser, 1840)",2476708,-0.374434,-78.076406,1109.0,SOUTH_AMERICA,Napo,,,,2006-01-08T13:55,False,William Hull,iNaturalist,http://creativecommons.org/licenses/by-nc/4.0/,William Hull,https://inaturalist-open-data.s3.amazonaws.com/photos/226140902/original.jpeg,k-western-south-america,2024-10-21 23:40:21
original_3902437062_1.jpeg,5288518,Pitcairnia heterophylla,8.450000000000001,"Heliangelus exortis (Fraser, 1840)",2476708,5.498565,-75.780086,4.0,SOUTH_AMERICA,Caldas,,,,2022-05-21T14:02,False,Zac Peterson,iNaturalist,http://creativecommons.org/licenses/by-nc/4.0/,Zac Peterson,https://inaturalist-open-data.s3.amazonaws.com/photos/226862899/original.jpeg; https://inaturalist-open-data.s3.amazonaws.com/photos/226862928/original.jpeg,k-western-south-america,2024-10-21 23:40:30
original_3902437062_2.jpeg,4171873,Gaultheria erecta,19.701,"Heliangelus exortis (Fraser, 1840)",2476708,5.498565,-75.780086,4.0,SOUTH_AMERICA,Caldas,,,,2022-05-21T14:02,False,Zac Peterson,iNaturalist,http://creativecommons.org/licenses/by-nc/4.0/,Zac Peterson,https://inaturalist-open-data.s3.amazonaws.com/photos/226862899/original.jpeg; https://inaturalist-open-data.s3.amazonaws.com/photos/226862928/original.jpeg,k-western-south-america,2024-10-21 23:40:32
original_3902779972_1.jpeg,8385149,Acianthera polystachya,2.472,"Heliangelus exortis (Fraser, 1840)",2476708,-0.59005,-77.880608,212.0,SOUTH_AMERICA,Napo,,,,2009-12-26T11:52,False,David M. Gascoigne,iNaturalist,http://creativecommons.org/licenses/by-nc/4.0/,David M. Gascoigne,https://inaturalist-open-data.s3.amazonaws.com/photos/226929600/original.jpeg,k-western-south-america,2024-10-21 23:40:36
original_3902927468_1.jpeg,3183534,Syzygium jambos,7.3069999999999995,"Heliangelus exortis (Fraser, 1840)",2476708,4.604581,-74.290618,244.0,SOUTH_AMERICA,Cundinamarca,,,,2022-08-19T12:16,False,MAURICIO GIRALDO RIOS,iNaturalist,http://creativecommons.org/licenses/by-nc/4.0/,MAURICIO GIRALDO RIOS,https://inaturalist-open-data.s3.amazonaws.com/photos/224863706/original.jpeg,k-western-south-america,2024-10-21 23:40:38
original_3902953252_1.jpeg,8368994,Passiflora mixta,3.37,"Heliangelus exortis (Fraser, 1840)",2476708,5.230389,-76.082806,2266.0,SOUTH_AMERICA,Risaralda,,,,2022-08-10T05:07,False,Steven Kurniawidjaja,iNaturalist,http://creativecommons.org/licenses/by-nc/4.0/,Steven Kurniawidjaja,https://inaturalist-open-data.s3.amazonaws.com/photos/224590939/original.jpeg; https://inaturalist-open-data.s3.amazonaws.com/photos/224590970/original.jpeg; https://inaturalist-open-data.s3.amazonaws.com/photos/224591015/original.jpeg; https://inaturalist-open-data.s3.amazonaws.com/photos/224591057/original.jpeg; https://inaturalist-open-data.s3.amazonaws.com/photos/224591105/original.jpeg; https://inaturalist-open-data.s3.amazonaws.com/photos/224591160/original.jpeg; https://inaturalist-open-data.s3.amazonaws.com/photos/224591188/original.jpeg; https://inaturalist-open-data.s3.amazonaws.com/photos/224591351/original.jpeg; https://inaturalist-open-data.s3.amazonaws.com/photos/224591360/original.jpeg,k-western-south-america,2024-10-21 23:40:40
original_3902953252_2.jpeg,8368994,Passiflora mixta,4.625,"Heliangelus exortis (Fraser, 1840)",2476708,5.230389,-76.082806,2266.0,SOUTH_AMERICA,Risaralda,,,,2022-08-10T05:07,False,Steven Kurniawidjaja,iNaturalist,http://creativecommons.org/licenses/by-nc/4.0/,Steven Kurniawidjaja,https://inaturalist-open-data.s3.amazonaws.com/photos/224590939/original.jpeg; https://inaturalist-open-data.s3.amazonaws.com/photos/224590970/original.jpeg; https://inaturalist-open-data.s3.amazonaws.com/photos/224591015/original.jpeg; https://inaturalist-open-data.s3.amazonaws.com/photos/224591057/original.jpeg; https://inaturalist-open-data.s3.amazonaws.com/photos/224591105/original.jpeg; https://inaturalist-open-data.s3.amazonaws.com/photos/224591160/original.jpeg; https://inaturalist-open-data.s3.amazonaws.com/photos/224591188/original.jpeg; https://inaturalist-open-data.s3.amazonaws.com/photos/224591351/original.jpeg; https://inaturalist-open-data.s3.amazonaws.com/photos/224591360/original.jpeg,k-western-south-america,2024-10-21 23:40:42
original_3902953252_3.jpeg,2932944,Capsicum annuum,5.683,"Heliangelus exortis (Fraser, 1840)",2476708,5.230389,-76.082806,2266.0,SOUTH_AMERICA,Risaralda,,,,2022-08-10T05:07,False,Steven Kurniawidjaja,iNaturalist,http://creativecommons.org/licenses/by-nc/4.0/,Steven Kurniawidjaja,https://inaturalist-open-data.s3.amazonaws.com/photos/224590939/original.jpeg; https://inaturalist-open-data.s3.amazonaws.com/photos/224590970/original.jpeg; https://inaturalist-open-data.s3.amazonaws.com/photos/224591015/original.jpeg; https://inaturalist-open-data.s3.amazonaws.com/photos/224591057/original.jpeg; https://inaturalist-open-data.s3.amazonaws.com/photos/224591105/original.jpeg; https://inaturalist-open-data.s3.amazonaws.com/photos/224591160/original.jpeg; https://inaturalist-open-data.s3.amazonaws.com/photos/224591188/original.jpeg; https://inaturalist-open-data.s3.amazonaws.com/photos/224591351/original.jpeg; https://inaturalist-open-data.s3.amazonaws.com/photos/224591360/original.jpeg,k-western-south-america,2024-10-21 23:40:44
original_3902953252_4.jpeg,2932944,Capsicum annuum,2.859,"Heliangelus exortis (Fraser, 1840)",2476708,5.230389,-76.082806,2266.0,SOUTH_AMERICA,Risaralda,,,,2022-08-10T05:07,False,Steven Kurniawidjaja,iNaturalist,http://creativecommons.org/licenses/by-nc/4.0/,Steven Kurniawidjaja,https://inaturalist-open-data.s3.amazonaws.com/photos/224590939/original.jpeg; https://inaturalist-open-data.s3.amazonaws.com/photos/224590970/original.jpeg; https://inaturalist-open-data.s3.amazonaws.com/photos/224591015/original.jpeg; https://inaturalist-open-data.s3.amazonaws.com/photos/224591057/original.jpeg; https://inaturalist-open-data.s3.amazonaws.com/photos/224591105/original.jpeg; https://inaturalist-open-data.s3.amazonaws.com/photos/224591160/original.jpeg; https://inaturalist-open-data.s3.amazonaws.com/photos/224591188/original.jpeg; https://inaturalist-open-data.s3.amazonaws.com/photos/224591351/original.jpeg; https://inaturalist-open-data.s3.amazonaws.com/photos/224591360/original.jpeg,k-western-south-america,2024-10-21 23:40:46
original_3902953252_5.jpeg,8368994,Passiflora mixta,2.957,"Heliangelus exortis (Fraser, 1840)",2476708,5.230389,-76.082806,2266.0,SOUTH_AMERICA,Risaralda,,,,2022-08-10T05:07,False,Steven Kurniawidjaja,iNaturalist,http://creativecommons.org/licenses/by-nc/4.0/,Steven Kurniawidjaja,https://inaturalist-open-data.s3.amazonaws.com/photos/224590939/original.jpeg; https://inaturalist-open-data.s3.amazonaws.com/photos/224590970/original.jpeg; https://inaturalist-open-data.s3.amazonaws.com/photos/224591015/original.jpeg; https://inaturalist-open-data.s3.amazonaws.com/photos/224591057/original.jpeg; https://inaturalist-open-data.s3.amazonaws.com/photos/224591105/original.jpeg; https://inaturalist-open-data.s3.amazonaws.com/photos/224591160/original.jpeg; https://inaturalist-open-data.s3.amazonaws.com/photos/224591188/original.jpeg; https://inaturalist-open-data.s3.amazonaws.com/photos/224591351/original.jpeg; https://inaturalist-open-data.s3.amazonaws.com/photos/224591360/original.jpeg,k-western-south-america,2024-10-21 23:40:48
original_3902953252_6.jpeg,2932944,Capsicum annuum,5.995,"Heliangelus exortis (Fraser, 1840)",2476708,5.230389,-76.082806,2266.0,SOUTH_AMERICA,Risaralda,,,,2022-08-10T05:07,False,Steven Kurniawidjaja,iNaturalist,http://creativecommons.org/licenses/by-nc/4.0/,Steven Kurniawidjaja,https://inaturalist-open-data.s3.amazonaws.com/photos/224590939/original.jpeg; https://inaturalist-open-data.s3.amazonaws.com/photos/224590970/original.jpeg; https://inaturalist-open-data.s3.amazonaws.com/photos/224591015/original.jpeg; https://inaturalist-open-data.s3.amazonaws.com/photos/224591057/original.jpeg; https://inaturalist-open-data.s3.amazonaws.com/photos/224591105/original.jpeg; https://inaturalist-open-data.s3.amazonaws.com/photos/224591160/original.jpeg; https://inaturalist-open-data.s3.amazonaws.com/photos/224591188/original.jpeg; https://inaturalist-open-data.s3.amazonaws.com/photos/224591351/original.jpeg; https://inaturalist-open-data.s3.amazonaws.com/photos/224591360/original.jpeg,k-western-south-america,2024-10-21 23:40:50
original_3902953252_7.jpeg,2932944,Capsicum annuum,10.661,"Heliangelus exortis (Fraser, 1840)",2476708,5.230389,-76.082806,2266.0,SOUTH_AMERICA,Risaralda,,,,2022-08-10T05:07,False,Steven Kurniawidjaja,iNaturalist,http://creativecommons.org/licenses/by-nc/4.0/,Steven Kurniawidjaja,https://inaturalist-open-data.s3.amazonaws.com/photos/224590939/original.jpeg; https://inaturalist-open-data.s3.amazonaws.com/photos/224590970/original.jpeg; https://inaturalist-open-data.s3.amazonaws.com/photos/224591015/original.jpeg; https://inaturalist-open-data.s3.amazonaws.com/photos/224591057/original.jpeg; https://inaturalist-open-data.s3.amazonaws.com/photos/224591105/original.jpeg; https://inaturalist-open-data.s3.amazonaws.com/photos/224591160/original.jpeg; https://inaturalist-open-data.s3.amazonaws.com/photos/224591188/original.jpeg; https://inaturalist-open-data.s3.amazonaws.com/photos/224591351/original.jpeg; https://inaturalist-open-data.s3.amazonaws.com/photos/224591360/original.jpeg,k-western-south-america,2024-10-21 23:40:52
original_3902953252_8.jpeg,2932944,Capsicum annuum,3.0269999999999997,"Heliangelus exortis (Fraser, 1840)",2476708,5.230389,-76.082806,2266.0,SOUTH_AMERICA,Risaralda,,,,2022-08-10T05:07,False,Steven Kurniawidjaja,iNaturalist,http://creativecommons.org/licenses/by-nc/4.0/,Steven Kurniawidjaja,https://inaturalist-open-data.s3.amazonaws.com/photos/224590939/original.jpeg; https://inaturalist-open-data.s3.amazonaws.com/photos/224590970/original.jpeg; https://inaturalist-open-data.s3.amazonaws.com/photos/224591015/original.jpeg; https://inaturalist-open-data.s3.amazonaws.com/photos/224591057/original.jpeg; https://inaturalist-open-data.s3.amazonaws.com/photos/224591105/original.jpeg; https://inaturalist-open-data.s3.amazonaws.com/photos/224591160/original.jpeg; https://inaturalist-open-data.s3.amazonaws.com/photos/224591188/original.jpeg; https://inaturalist-open-data.s3.amazonaws.com/photos/224591351/original.jpeg; https://inaturalist-open-data.s3.amazonaws.com/photos/224591360/original.jpeg,k-western-south-america,2024-10-21 23:40:54
original_3902953252_9.jpeg,8368994,Passiflora mixta,4.8340000000000005,"Heliangelus exortis (Fraser, 1840)",2476708,5.230389,-76.082806,2266.0,SOUTH_AMERICA,Risaralda,,,,2022-08-10T05:07,False,Steven Kurniawidjaja,iNaturalist,http://creativecommons.org/licenses/by-nc/4.0/,Steven Kurniawidjaja,https://inaturalist-open-data.s3.amazonaws.com/photos/224590939/original.jpeg; https://inaturalist-open-data.s3.amazonaws.com/photos/224590970/original.jpeg; https://inaturalist-open-data.s3.amazonaws.com/photos/224591015/original.jpeg; https://inaturalist-open-data.s3.amazonaws.com/photos/224591057/original.jpeg; https://inaturalist-open-data.s3.amazonaws.com/photos/224591105/original.jpeg; https://inaturalist-open-data.s3.amazonaws.com/photos/224591160/original.jpeg; https://inaturalist-open-data.s3.amazonaws.com/photos/224591188/original.jpeg; https://inaturalist-open-data.s3.amazonaws.com/photos/224591351/original.jpeg; https://inaturalist-open-data.s3.amazonaws.com/photos/224591360/original.jpeg,k-western-south-america,2024-10-21 23:40:56
original_3903108523_1.jpeg,4171009,Sphyrospermum buxifolium,2.308,"Heliangelus exortis (Fraser, 1840)",2476708,-1.427205,-78.320467,1199.0,SOUTH_AMERICA,Tungurahua,,,,2022-08-24T13:15,False,Holger Beck,iNaturalist,http://creativecommons.org/licenses/by-nc/4.0/,Holger Beck,https://inaturalist-open-data.s3.amazonaws.com/photos/225600237/original.jpeg,k-western-south-america,2024-10-21 23:40:59
original_3903618380_1.jpeg,3084020,Phytolacca bogotensis,87.035,"Heliangelus exortis (Fraser, 1840)",2476708,-0.59005,-77.880608,212.0,SOUTH_AMERICA,Napo,,,,2009-12-26T11:12,False,David M. Gascoigne,iNaturalist,http://creativecommons.org/licenses/by-nc/4.0/,David M. Gascoigne,https://inaturalist-open-data.s3.amazonaws.com/photos/226930139/original.jpeg,k-western-south-america,2024-10-21 23:41:16
original_3912200484_1.jpg,4093319,Delostoma integrifolium,2.983,"Heliangelus exortis (Fraser, 1840)",2476708,-0.377978,-78.074142,8.0,SOUTH_AMERICA,Napo,,,,2022-09-15T18:10:20,False,bookedshark4101,iNaturalist,http://creativecommons.org/licenses/by-nc/4.0/,bookedshark4101,https://inaturalist-open-data.s3.amazonaws.com/photos/230537514/original.jpg,k-western-south-america,2024-10-21 23:41:18
original_3912290069_1.jpeg,2925462,Stachytarpheta mutabilis,7.521,"Heliangelus exortis (Fraser, 1840)",2476708,-0.590056,-77.855407,,SOUTH_AMERICA,Napo,,,,2022-07-07T23:04,False,Manuel Ruedi,iNaturalist,http://creativecommons.org/licenses/by-nc/4.0/,Manuel Ruedi,https://inaturalist-open-data.s3.amazonaws.com/photos/231205483/original.jpeg,k-western-south-america,2024-10-21 23:41:21
original_3923402136_1.jpeg,7323252,Gomphrena elegans,42.872,"Heliangelus exortis (Fraser, 1840)",2476708,-0.378432,-78.074719,102.0,SOUTH_AMERICA,Napo,,,,2019-04-19T07:17,False,Caleb Villar,iNaturalist,http://creativecommons.org/licenses/by-nc/4.0/,Caleb Villar,https://inaturalist-open-data.s3.amazonaws.com/photos/234073533/original.jpeg,k-western-south-america,2024-10-21 23:41:31
original_3923410609_1.jpg,3063705,Hippomane mancinella,1.0739999999999998,"Heliangelus exortis (Fraser, 1840)",2476708,5.249308,-76.107297,4144.0,SOUTH_AMERICA,Risaralda,,,,2022-09-04T15:39,False,max_hof_mann,iNaturalist,http://creativecommons.org/licenses/by-nc/4.0/,max_hof_mann,https://inaturalist-open-data.s3.amazonaws.com/photos/234956077/original.jpg,k-western-south-america,2024-10-21 23:41:34
original_3925047748_1.jpg,7661971,Bambusa vulgaris,0.44999999999999996,"Heliangelus exortis (Fraser, 1840)",2476708,5.025127,-75.363981,643.0,SOUTH_AMERICA,Caldas,,,,2022-08-31T18:07,False,max_hof_mann,iNaturalist,http://creativecommons.org/licenses/by-nc/4.0/,max_hof_mann,https://inaturalist-open-data.s3.amazonaws.com/photos/234388872/original.jpg,k-western-south-america,2024-10-21 23:41:37
original_3925119701_1.jpg,5421063,Platonia insignis,4.781,"Heliangelus exortis (Fraser, 1840)",2476708,5.025127,-75.363981,643.0,SOUTH_AMERICA,Caldas,,,,2022-08-31T16:20,False,max_hof_mann,iNaturalist,http://creativecommons.org/licenses/by-nc/4.0/,max_hof_mann,https://inaturalist-open-data.s3.amazonaws.com/photos/234388529/original.jpg,k-western-south-america,2024-10-21 23:41:39
original_3925131695_1.jpg,5590493,Drymonia serrulata,10.908,"Heliangelus exortis (Fraser, 1840)",2476708,5.025127,-75.363981,643.0,SOUTH_AMERICA,Caldas,,,,2022-09-02T16:49,False,max_hof_mann,iNaturalist,http://creativecommons.org/licenses/by-nc/4.0/,max_hof_mann,https://inaturalist-open-data.s3.amazonaws.com/photos/234388264/original.jpg,k-western-south-america,2024-10-21 23:41:41
original_3925404707_1.jpg,3860779,Miconia albicans,5.337,"Heliangelus exortis (Fraser, 1840)",2476708,5.025127,-75.363981,643.0,SOUTH_AMERICA,Caldas,,,,2022-08-31T16:40,False,max_hof_mann,iNaturalist,http://creativecommons.org/licenses/by-nc/4.0/,max_hof_mann,https://inaturalist-open-data.s3.amazonaws.com/photos/234388776/original.jpg,k-western-south-america,2024-10-21 23:41:45
original_3925409367_1.jpeg,2651850,Adiantum macrophyllum,12.112,"Heliangelus exortis (Fraser, 1840)",2476708,5.53972,-75.803498,,SOUTH_AMERICA,Antioquia,,,,2022-10-08T07:54,False,Santi MD,iNaturalist,http://creativecommons.org/licenses/by-nc/4.0/,Santi MD,https://inaturalist-open-data.s3.amazonaws.com/photos/236029843/original.jpeg,k-western-south-america,2024-10-21 23:41:48
original_3947498131_1.jpg,7869676,Helicteres guazumifolia,8.956,"Heliangelus exortis (Fraser, 1840)",2476708,5.072264,-75.441914,936.0,SOUTH_AMERICA,Caldas,,,,2022-09-10T19:59,False,max_hof_mann,iNaturalist,http://creativecommons.org/licenses/by-nc/4.0/,max_hof_mann,https://inaturalist-open-data.s3.amazonaws.com/photos/238355001/original.jpg,k-western-south-america,2024-10-21 23:41:51
original_3947634985_1.jpeg,5321877,Ionopsis utricularioides,35.142,"Heliangelus exortis (Fraser, 1840)",2476708,5.251649,-76.110556,,SOUTH_AMERICA,Risaralda,,,,2022-08-27T08:23,False,Christoph Moning,iNaturalist,http://creativecommons.org/licenses/by/4.0/,Christoph Moning,https://inaturalist-open-data.s3.amazonaws.com/photos/236568039/original.jpeg; https://inaturalist-open-data.s3.amazonaws.com/photos/236568437/original.jpeg; https://inaturalist-open-data.s3.amazonaws.com/photos/236568504/original.jpeg; https://inaturalist-open-data.s3.amazonaws.com/photos/236568567/original.jpeg,k-western-south-america,2024-10-21 23:41:54
original_3947634985_2.jpeg,4088199,Utricularia jamesoniana,2.334,"Heliangelus exortis (Fraser, 1840)",2476708,5.251649,-76.110556,,SOUTH_AMERICA,Risaralda,,,,2022-08-27T08:23,False,Christoph Moning,iNaturalist,http://creativecommons.org/licenses/by/4.0/,Christoph Moning,https://inaturalist-open-data.s3.amazonaws.com/photos/236568039/original.jpeg; https://inaturalist-open-data.s3.amazonaws.com/photos/236568437/original.jpeg; https://inaturalist-open-data.s3.amazonaws.com/photos/236568504/original.jpeg; https://inaturalist-open-data.s3.amazonaws.com/photos/236568567/original.jpeg,k-western-south-america,2024-10-21 23:41:56
original_3961116055_1.jpeg,8368994,Passiflora mixta,2.0629999999999997,"Heliangelus exortis (Fraser, 1840)",2476708,5.023798,-75.365537,8.0,SOUTH_AMERICA,Caldas,,,,2022-08-24T09:36,False,Christoph Moning,iNaturalist,http://creativecommons.org/licenses/by/4.0/,Christoph Moning,https://inaturalist-open-data.s3.amazonaws.com/photos/240113154/original.jpeg,k-western-south-america,2024-10-21 23:42:02
original_3961219068_1.jpeg,8368994,Passiflora mixta,6.18,"Heliangelus exortis (Fraser, 1840)",2476708,5.023681,-75.366041,8.0,SOUTH_AMERICA,Caldas,,,,2022-08-24T12:23,False,Christoph Moning,iNaturalist,http://creativecommons.org/licenses/by/4.0/,Christoph Moning,https://inaturalist-open-data.s3.amazonaws.com/photos/240113325/original.jpeg; https://inaturalist-open-data.s3.amazonaws.com/photos/240113527/original.jpeg; https://inaturalist-open-data.s3.amazonaws.com/photos/240113774/original.jpeg,k-western-south-america,2024-10-21 23:42:05
original_3961219068_2.jpeg,5412613,Centropogon cornutus,3.47,"Heliangelus exortis (Fraser, 1840)",2476708,5.023681,-75.366041,8.0,SOUTH_AMERICA,Caldas,,,,2022-08-24T12:23,False,Christoph Moning,iNaturalist,http://creativecommons.org/licenses/by/4.0/,Christoph Moning,https://inaturalist-open-data.s3.amazonaws.com/photos/240113325/original.jpeg; https://inaturalist-open-data.s3.amazonaws.com/photos/240113527/original.jpeg; https://inaturalist-open-data.s3.amazonaws.com/photos/240113774/original.jpeg,k-western-south-america,2024-10-21 23:42:08
original_3961219068_3.jpeg,8368994,Passiflora mixta,6.497999999999999,"Heliangelus exortis (Fraser, 1840)",2476708,5.023681,-75.366041,8.0,SOUTH_AMERICA,Caldas,,,,2022-08-24T12:23,False,Christoph Moning,iNaturalist,http://creativecommons.org/licenses/by/4.0/,Christoph Moning,https://inaturalist-open-data.s3.amazonaws.com/photos/240113325/original.jpeg; https://inaturalist-open-data.s3.amazonaws.com/photos/240113527/original.jpeg; https://inaturalist-open-data.s3.amazonaws.com/photos/240113774/original.jpeg,k-western-south-america,2024-10-21 23:42:10
original_3961268001_1.jpeg,5590525,Drymonia rubra,2.899,"Heliangelus exortis (Fraser, 1840)",2476708,5.073222,-75.437864,,SOUTH_AMERICA,Caldas,,,,2022-08-23T07:02,False,Christoph Moning,iNaturalist,http://creativecommons.org/licenses/by/4.0/,Christoph Moning,https://inaturalist-open-data.s3.amazonaws.com/photos/240112755/original.jpeg; https://inaturalist-open-data.s3.amazonaws.com/photos/240112994/original.jpeg; https://inaturalist-open-data.s3.amazonaws.com/photos/240114147/original.jpeg,k-western-south-america,2024-10-21 23:42:13
original_3961268001_2.jpeg,2929362,Solanum capsicoides,4.284000000000001,"Heliangelus exortis (Fraser, 1840)",2476708,5.073222,-75.437864,,SOUTH_AMERICA,Caldas,,,,2022-08-23T07:02,False,Christoph Moning,iNaturalist,http://creativecommons.org/licenses/by/4.0/,Christoph Moning,https://inaturalist-open-data.s3.amazonaws.com/photos/240112755/original.jpeg; https://inaturalist-open-data.s3.amazonaws.com/photos/240112994/original.jpeg; https://inaturalist-open-data.s3.amazonaws.com/photos/240114147/original.jpeg,k-western-south-america,2024-10-21 23:42:15
original_3963253927_1.jpeg,3032537,Weinmannia pinnata,41.71,"Heliangelus exortis (Fraser, 1840)",2476708,5.024678,-75.369542,191.0,SOUTH_AMERICA,Caldas,,,,2022-08-26T08:19:18,False,Alvaro Rojas (brújula de aves),iNaturalist,http://creativecommons.org/licenses/by-nc/4.0/,Alvaro Rojas (brújula de aves),https://inaturalist-open-data.s3.amazonaws.com/photos/241619012/original.jpeg; https://inaturalist-open-data.s3.amazonaws.com/photos/241619029/original.jpeg,k-western-south-america,2024-10-21 23:42:22
original_3963253927_2.jpeg,3032537,Weinmannia pinnata,35.353,"Heliangelus exortis (Fraser, 1840)",2476708,5.024678,-75.369542,191.0,SOUTH_AMERICA,Caldas,,,,2022-08-26T08:19:18,False,Alvaro Rojas (brújula de aves),iNaturalist,http://creativecommons.org/licenses/by-nc/4.0/,Alvaro Rojas (brújula de aves),https://inaturalist-open-data.s3.amazonaws.com/photos/241619012/original.jpeg; https://inaturalist-open-data.s3.amazonaws.com/photos/241619029/original.jpeg,k-western-south-america,2024-10-21 23:42:24
original_3963337906_2.jpeg,5590493,Drymonia serrulata,1.773,"Heliangelus exortis (Fraser, 1840)",2476708,5.024678,-75.369542,191.0,SOUTH_AMERICA,Caldas,,,,2022-08-26T08:40:26,False,Alvaro Rojas (brújula de aves),iNaturalist,http://creativecommons.org/licenses/by-nc/4.0/,Alvaro Rojas (brújula de aves),https://inaturalist-open-data.s3.amazonaws.com/photos/241617406/original.jpeg; https://inaturalist-open-data.s3.amazonaws.com/photos/241617418/original.jpeg; https://inaturalist-open-data.s3.amazonaws.com/photos/241617428/original.jpeg; https://inaturalist-open-data.s3.amazonaws.com/photos/241617440/original.jpeg; https://inaturalist-open-data.s3.amazonaws.com/photos/241617451/original.jpeg; https://inaturalist-open-data.s3.amazonaws.com/photos/241617462/original.jpeg,k-western-south-america,2024-10-21 23:42:29
original_3963337906_3.jpeg,5590493,Drymonia serrulata,2.012,"Heliangelus exortis (Fraser, 1840)",2476708,5.024678,-75.369542,191.0,SOUTH_AMERICA,Caldas,,,,2022-08-26T08:40:26,False,Alvaro Rojas (brújula de aves),iNaturalist,http://creativecommons.org/licenses/by-nc/4.0/,Alvaro Rojas (brújula de aves),https://inaturalist-open-data.s3.amazonaws.com/photos/241617406/original.jpeg; https://inaturalist-open-data.s3.amazonaws.com/photos/241617418/original.jpeg; https://inaturalist-open-data.s3.amazonaws.com/photos/241617428/original.jpeg; https://inaturalist-open-data.s3.amazonaws.com/photos/241617440/original.jpeg; https://inaturalist-open-data.s3.amazonaws.com/photos/241617451/original.jpeg; https://inaturalist-open-data.s3.amazonaws.com/photos/241617462/original.jpeg,k-western-south-america,2024-10-21 23:42:31
original_3963337906_4.jpeg,5590493,Drymonia serrulata,3.941,"Heliangelus exortis (Fraser, 1840)",2476708,5.024678,-75.369542,191.0,SOUTH_AMERICA,Caldas,,,,2022-08-26T08:40:26,False,Alvaro Rojas (brújula de aves),iNaturalist,http://creativecommons.org/licenses/by-nc/4.0/,Alvaro Rojas (brújula de aves),https://inaturalist-open-data.s3.amazonaws.com/photos/241617406/original.jpeg; https://inaturalist-open-data.s3.amazonaws.com/photos/241617418/original.jpeg; https://inaturalist-open-data.s3.amazonaws.com/photos/241617428/original.jpeg; https://inaturalist-open-data.s3.amazonaws.com/photos/241617440/original.jpeg; https://inaturalist-open-data.s3.amazonaws.com/photos/241617451/original.jpeg; https://inaturalist-open-data.s3.amazonaws.com/photos/241617462/original.jpeg,k-western-south-america,2024-10-21 23:42:33
original_3963385906_1.jpeg,8368994,Passiflora mixta,2.637,"Heliangelus exortis (Fraser, 1840)",2476708,5.024678,-75.369542,191.0,SOUTH_AMERICA,Caldas,,,,2022-08-26T08:29:16,False,Alvaro Rojas (brújula de aves),iNaturalist,http://creativecommons.org/licenses/by-nc/4.0/,Alvaro Rojas (brújula de aves),https://inaturalist-open-data.s3.amazonaws.com/photos/241617969/original.jpeg,k-western-south-america,2024-10-21 23:42:40
original_3963401977_1.jpeg,3189635,Camellia sinensis,3.424,"Heliangelus exortis (Fraser, 1840)",2476708,5.024678,-75.369542,191.0,SOUTH_AMERICA,Caldas,,,,2022-08-26T09:01:13,False,Alvaro Rojas (brújula de aves),iNaturalist,http://creativecommons.org/licenses/by-nc/4.0/,Alvaro Rojas (brújula de aves),https://inaturalist-open-data.s3.amazonaws.com/photos/241707029/original.jpeg; https://inaturalist-open-data.s3.amazonaws.com/photos/241707053/original.jpeg,k-western-south-america,2024-10-21 23:42:43
original_3963401977_2.jpeg,5590493,Drymonia serrulata,3.9829999999999997,"Heliangelus exortis (Fraser, 1840)",2476708,5.024678,-75.369542,191.0,SOUTH_AMERICA,Caldas,,,,2022-08-26T09:01:13,False,Alvaro Rojas (brújula de aves),iNaturalist,http://creativecommons.org/licenses/by-nc/4.0/,Alvaro Rojas (brújula de aves),https://inaturalist-open-data.s3.amazonaws.com/photos/241707029/original.jpeg; https://inaturalist-open-data.s3.amazonaws.com/photos/241707053/original.jpeg,k-western-south-america,2024-10-21 23:42:45
original_3963474904_1.jpeg,3152052,Apeiba tibourbou,2.257,"Heliangelus exortis (Fraser, 1840)",2476708,5.024678,-75.369542,191.0,SOUTH_AMERICA,Caldas,,,,2022-08-26T08:15:32,False,Alvaro Rojas (brújula de aves),iNaturalist,http://creativecommons.org/licenses/by-nc/4.0/,Alvaro Rojas (brújula de aves),https://inaturalist-open-data.s3.amazonaws.com/photos/241619414/original.jpeg; https://inaturalist-open-data.s3.amazonaws.com/photos/241619427/original.jpeg,k-western-south-america,2024-10-21 23:42:47
original_3963474904_2.jpeg,8131064,Cestrum latifolium,1.564,"Heliangelus exortis (Fraser, 1840)",2476708,5.024678,-75.369542,191.0,SOUTH_AMERICA,Caldas,,,,2022-08-26T08:15:32,False,Alvaro Rojas (brújula de aves),iNaturalist,http://creativecommons.org/licenses/by-nc/4.0/,Alvaro Rojas (brújula de aves),https://inaturalist-open-data.s3.amazonaws.com/photos/241619414/original.jpeg; https://inaturalist-open-data.s3.amazonaws.com/photos/241619427/original.jpeg,k-western-south-america,2024-10-21 23:42:50
original_3963503951_2.jpeg,7309398,Vitex megapotamica,1.011,"Heliangelus exortis (Fraser, 1840)",2476708,5.024678,-75.369542,191.0,SOUTH_AMERICA,Caldas,,,,2022-08-26T08:19:01,False,Alvaro Rojas (brújula de aves),iNaturalist,http://creativecommons.org/licenses/by-nc/4.0/,Alvaro Rojas (brújula de aves),https://inaturalist-open-data.s3.amazonaws.com/photos/241619053/original.jpeg; https://inaturalist-open-data.s3.amazonaws.com/photos/241619067/original.jpeg,k-western-south-america,2024-10-21 23:42:54
original_3963652965_1.jpeg,3039162,Cissus erosa,24.285,"Heliangelus exortis (Fraser, 1840)",2476708,5.024678,-75.369542,191.0,SOUTH_AMERICA,Caldas,,,,2022-08-26T09:05:55,False,Alvaro Rojas (brújula de aves),iNaturalist,http://creativecommons.org/licenses/by-nc/4.0/,Alvaro Rojas (brújula de aves),https://inaturalist-open-data.s3.amazonaws.com/photos/241706929/original.jpeg,k-western-south-america,2024-10-21 23:43:02
original_3963678904_1.jpeg,8121164,Callicarpa acuminata,4.784,"Heliangelus exortis (Fraser, 1840)",2476708,5.024678,-75.369542,191.0,SOUTH_AMERICA,Caldas,,,,2022-08-26T08:27:42,False,Alvaro Rojas (brújula de aves),iNaturalist,http://creativecommons.org/licenses/by-nc/4.0/,Alvaro Rojas (brújula de aves),https://inaturalist-open-data.s3.amazonaws.com/photos/241618024/original.jpeg,k-western-south-america,2024-10-21 23:43:04
original_3988481886_1.jpg,5321877,Ionopsis utricularioides,15.387,"Heliangelus exortis (Fraser, 1840)",2476708,-0.37845,-78.074135,237.0,SOUTH_AMERICA,Napo,,,,2022-11-10T21:45,False,Herb Wilson,iNaturalist,http://creativecommons.org/licenses/by-nc/4.0/,Herb Wilson,https://inaturalist-open-data.s3.amazonaws.com/photos/246060361/original.jpg,k-western-south-america,2024-10-21 23:43:12
original_3988485534_3.jpeg,3175434,Myrrhinium atropurpureum,7.573,"Heliangelus exortis (Fraser, 1840)",2476708,5.230389,-76.082806,2266.0,SOUTH_AMERICA,Risaralda,,,,2022-08-10T05:03,False,Steven Kurniawidjaja,iNaturalist,http://creativecommons.org/licenses/by-nc/4.0/,Steven Kurniawidjaja,https://inaturalist-open-data.s3.amazonaws.com/photos/224590182/original.jpeg; https://inaturalist-open-data.s3.amazonaws.com/photos/224590219/original.jpeg; https://inaturalist-open-data.s3.amazonaws.com/photos/224590242/original.jpeg; https://inaturalist-open-data.s3.amazonaws.com/photos/224590279/original.jpeg; https://inaturalist-open-data.s3.amazonaws.com/photos/224590319/original.jpeg,k-western-south-america,2024-10-21 23:43:18
original_3988485534_4.jpeg,3175434,Myrrhinium atropurpureum,2.149,"Heliangelus exortis (Fraser, 1840)",2476708,5.230389,-76.082806,2266.0,SOUTH_AMERICA,Risaralda,,,,2022-08-10T05:03,False,Steven Kurniawidjaja,iNaturalist,http://creativecommons.org/licenses/by-nc/4.0/,Steven Kurniawidjaja,https://inaturalist-open-data.s3.amazonaws.com/photos/224590182/original.jpeg; https://inaturalist-open-data.s3.amazonaws.com/photos/224590219/original.jpeg; https://inaturalist-open-data.s3.amazonaws.com/photos/224590242/original.jpeg; https://inaturalist-open-data.s3.amazonaws.com/photos/224590279/original.jpeg; https://inaturalist-open-data.s3.amazonaws.com/photos/224590319/original.jpeg,k-western-south-america,2024-10-21 23:43:20
original_3988485534_5.jpeg,3175434,Myrrhinium atropurpureum,1.5970000000000002,"Heliangelus exortis (Fraser, 1840)",2476708,5.230389,-76.082806,2266.0,SOUTH_AMERICA,Risaralda,,,,2022-08-10T05:03,False,Steven Kurniawidjaja,iNaturalist,http://creativecommons.org/licenses/by-nc/4.0/,Steven Kurniawidjaja,https://inaturalist-open-data.s3.amazonaws.com/photos/224590182/original.jpeg; https://inaturalist-open-data.s3.amazonaws.com/photos/224590219/original.jpeg; https://inaturalist-open-data.s3.amazonaws.com/photos/224590242/original.jpeg; https://inaturalist-open-data.s3.amazonaws.com/photos/224590279/original.jpeg; https://inaturalist-open-data.s3.amazonaws.com/photos/224590319/original.jpeg,k-western-south-america,2024-10-21 23:43:22
original_3988491366_1.jpg,10776760,Chaetogastra grossa,14.817,"Heliangelus exortis (Fraser, 1840)",2476708,4.734382,-75.46214,15.0,SOUTH_AMERICA,Risaralda,,,,2018-12-31T08:10,False,Cullen Hanks,iNaturalist,http://creativecommons.org/licenses/by/4.0/,Cullen Hanks,https://inaturalist-open-data.s3.amazonaws.com/photos/108445275/original.jpg,k-western-south-america,2024-10-21 23:43:24
original_3988511078_1.jpg,5387098,Dahlia coccinea,5.034000000000001,"Heliangelus exortis (Fraser, 1840)",2476708,5.256609,-76.120291,22.0,SOUTH_AMERICA,Risaralda,,,,2022-05-02T06:11:49,False,AJ Johnson,iNaturalist,http://creativecommons.org/licenses/by-nc/4.0/,AJ Johnson,https://inaturalist-open-data.s3.amazonaws.com/photos/246337652/original.jpg; https://inaturalist-open-data.s3.amazonaws.com/photos/246337662/original.jpg; https://inaturalist-open-data.s3.amazonaws.com/photos/246337666/original.jpg; https://inaturalist-open-data.s3.amazonaws.com/photos/246337668/original.jpg,k-western-south-america,2024-10-21 23:43:28
original_3988511078_2.jpg,2888601,Viburnum lantanoides,2.875,"Heliangelus exortis (Fraser, 1840)",2476708,5.256609,-76.120291,22.0,SOUTH_AMERICA,Risaralda,,,,2022-05-02T06:11:49,False,AJ Johnson,iNaturalist,http://creativecommons.org/licenses/by-nc/4.0/,AJ Johnson,https://inaturalist-open-data.s3.amazonaws.com/photos/246337652/original.jpg; https://inaturalist-open-data.s3.amazonaws.com/photos/246337662/original.jpg; https://inaturalist-open-data.s3.amazonaws.com/photos/246337666/original.jpg; https://inaturalist-open-data.s3.amazonaws.com/photos/246337668/original.jpg,k-western-south-america,2024-10-21 23:43:31
original_3988511078_3.jpg,2888601,Viburnum lantanoides,2.8449999999999998,"Heliangelus exortis (Fraser, 1840)",2476708,5.256609,-76.120291,22.0,SOUTH_AMERICA,Risaralda,,,,2022-05-02T06:11:49,False,AJ Johnson,iNaturalist,http://creativecommons.org/licenses/by-nc/4.0/,AJ Johnson,https://inaturalist-open-data.s3.amazonaws.com/photos/246337652/original.jpg; https://inaturalist-open-data.s3.amazonaws.com/photos/246337662/original.jpg; https://inaturalist-open-data.s3.amazonaws.com/photos/246337666/original.jpg; https://inaturalist-open-data.s3.amazonaws.com/photos/246337668/original.jpg,k-western-south-america,2024-10-21 23:43:34
original_3988772536_1.jpeg,5358039,Inga laurina,13.074,"Heliangelus exortis (Fraser, 1840)",2476708,5.230389,-76.082806,2266.0,SOUTH_AMERICA,Risaralda,,,,2022-08-10T05:06,False,Steven Kurniawidjaja,iNaturalist,http://creativecommons.org/licenses/by-nc/4.0/,Steven Kurniawidjaja,https://inaturalist-open-data.s3.amazonaws.com/photos/224590681/original.jpeg; https://inaturalist-open-data.s3.amazonaws.com/photos/224590719/original.jpeg; https://inaturalist-open-data.s3.amazonaws.com/photos/224590744/original.jpeg; https://inaturalist-open-data.s3.amazonaws.com/photos/224590783/original.jpeg,k-western-south-america,2024-10-21 23:43:51
original_3988772536_2.jpeg,2880642,Quercus humboldtii,5.593,"Heliangelus exortis (Fraser, 1840)",2476708,5.230389,-76.082806,2266.0,SOUTH_AMERICA,Risaralda,,,,2022-08-10T05:06,False,Steven Kurniawidjaja,iNaturalist,http://creativecommons.org/licenses/by-nc/4.0/,Steven Kurniawidjaja,https://inaturalist-open-data.s3.amazonaws.com/photos/224590681/original.jpeg; https://inaturalist-open-data.s3.amazonaws.com/photos/224590719/original.jpeg; https://inaturalist-open-data.s3.amazonaws.com/photos/224590744/original.jpeg; https://inaturalist-open-data.s3.amazonaws.com/photos/224590783/original.jpeg,k-western-south-america,2024-10-21 23:43:53
original_3988772536_3.jpeg,3189635,Camellia sinensis,5.55,"Heliangelus exortis (Fraser, 1840)",2476708,5.230389,-76.082806,2266.0,SOUTH_AMERICA,Risaralda,,,,2022-08-10T05:06,False,Steven Kurniawidjaja,iNaturalist,http://creativecommons.org/licenses/by-nc/4.0/,Steven Kurniawidjaja,https://inaturalist-open-data.s3.amazonaws.com/photos/224590681/original.jpeg; https://inaturalist-open-data.s3.amazonaws.com/photos/224590719/original.jpeg; https://inaturalist-open-data.s3.amazonaws.com/photos/224590744/original.jpeg; https://inaturalist-open-data.s3.amazonaws.com/photos/224590783/original.jpeg,k-western-south-america,2024-10-21 23:43:55
original_3988772536_4.jpeg,5358039,Inga laurina,6.9430000000000005,"Heliangelus exortis (Fraser, 1840)",2476708,5.230389,-76.082806,2266.0,SOUTH_AMERICA,Risaralda,,,,2022-08-10T05:06,False,Steven Kurniawidjaja,iNaturalist,http://creativecommons.org/licenses/by-nc/4.0/,Steven Kurniawidjaja,https://inaturalist-open-data.s3.amazonaws.com/photos/224590681/original.jpeg; https://inaturalist-open-data.s3.amazonaws.com/photos/224590719/original.jpeg; https://inaturalist-open-data.s3.amazonaws.com/photos/224590744/original.jpeg; https://inaturalist-open-data.s3.amazonaws.com/photos/224590783/original.jpeg,k-western-south-america,2024-10-21 23:43:57
original_4006511667_1.jpeg,3795588,Vachellia caven,0.484,"Heliangelus exortis (Fraser, 1840)",2476708,-0.37845,-78.074135,237.0,SOUTH_AMERICA,Napo,,,,2022-12-01T11:35,False,gnormand,iNaturalist,http://creativecommons.org/licenses/by-nc/4.0/,gnormand,https://inaturalist-open-data.s3.amazonaws.com/photos/247633695/original.jpeg,k-western-south-america,2024-10-21 23:44:05
original_4006520941_1.jpg,5321877,Ionopsis utricularioides,2.597,"Heliangelus exortis (Fraser, 1840)",2476708,-0.37832,-78.074272,,SOUTH_AMERICA,Napo,,,,2022-12-11T06:56,False,Tom Benson,iNaturalist,http://creativecommons.org/licenses/by-nc/4.0/,Tom Benson,https://inaturalist-open-data.s3.amazonaws.com/photos/248039254/original.jpg; https://inaturalist-open-data.s3.amazonaws.com/photos/248039265/original.jpg; https://inaturalist-open-data.s3.amazonaws.com/photos/248039275/original.jpg; https://inaturalist-open-data.s3.amazonaws.com/photos/248039293/original.jpg,k-western-south-america,2024-10-21 23:44:07
original_4006520941_2.jpg,5321877,Ionopsis utricularioides,2.964,"Heliangelus exortis (Fraser, 1840)",2476708,-0.37832,-78.074272,,SOUTH_AMERICA,Napo,,,,2022-12-11T06:56,False,Tom Benson,iNaturalist,http://creativecommons.org/licenses/by-nc/4.0/,Tom Benson,https://inaturalist-open-data.s3.amazonaws.com/photos/248039254/original.jpg; https://inaturalist-open-data.s3.amazonaws.com/photos/248039265/original.jpg; https://inaturalist-open-data.s3.amazonaws.com/photos/248039275/original.jpg; https://inaturalist-open-data.s3.amazonaws.com/photos/248039293/original.jpg,k-western-south-america,2024-10-21 23:44:09
original_4006520941_3.jpg,5321877,Ionopsis utricularioides,1.095,"Heliangelus exortis (Fraser, 1840)",2476708,-0.37832,-78.074272,,SOUTH_AMERICA,Napo,,,,2022-12-11T06:56,False,Tom Benson,iNaturalist,http://creativecommons.org/licenses/by-nc/4.0/,Tom Benson,https://inaturalist-open-data.s3.amazonaws.com/photos/248039254/original.jpg; https://inaturalist-open-data.s3.amazonaws.com/photos/248039265/original.jpg; https://inaturalist-open-data.s3.amazonaws.com/photos/248039275/original.jpg; https://inaturalist-open-data.s3.amazonaws.com/photos/248039293/original.jpg,k-western-south-america,2024-10-21 23:44:12
original_4006774932_1.jpeg,5590493,Drymonia serrulata,14.097000000000001,"Heliangelus exortis (Fraser, 1840)",2476708,-0.37845,-78.074135,1326.0,SOUTH_AMERICA,Napo,,,,2022-09-15T14:30,False,Etienne Falquet,iNaturalist,http://creativecommons.org/publicdomain/zero/1.0/,Etienne Falquet,https://inaturalist-open-data.s3.amazonaws.com/photos/248017372/original.jpeg,k-western-south-america,2024-10-21 23:44:19
original_4009713793_1.jpeg,4929146,Schnella kunthiana,1.221,"Heliangelus exortis (Fraser, 1840)",2476708,5.024251,-75.362472,273.0,SOUTH_AMERICA,Caldas,,,,2022-12-21T13:29,False,Dario Taraborelli,iNaturalist,http://creativecommons.org/publicdomain/zero/1.0/,Dario Taraborelli,https://inaturalist-open-data.s3.amazonaws.com/photos/248661972/original.jpeg,k-western-south-america,2024-10-21 23:44:21
original_4009768626_1.jpg,2979199,Acaciella villosa,0.582,"Heliangelus exortis (Fraser, 1840)",2476708,5.073332,-75.437972,,SOUTH_AMERICA,Caldas,,,,2020-01-22T16:33,False,Alan Wells,iNaturalist,http://creativecommons.org/licenses/by-nc/4.0/,Alan Wells,https://inaturalist-open-data.s3.amazonaws.com/photos/246568018/original.jpg,k-western-south-america,2024-10-21 23:44:24
original_4009794748_1.jpeg,9372542,Miconia rubra,1.7950000000000002,"Heliangelus exortis (Fraser, 1840)",2476708,5.029114,-75.358836,347.0,SOUTH_AMERICA,Caldas,,,,2022-12-20T14:59,False,Dario Taraborelli,iNaturalist,http://creativecommons.org/publicdomain/zero/1.0/,Dario Taraborelli,https://inaturalist-open-data.s3.amazonaws.com/photos/248640383/original.jpeg,k-western-south-america,2024-10-21 23:44:27
original_4009937804_1.jpeg,7299577,Lycianthes lycioides,6.38,"Heliangelus exortis (Fraser, 1840)",2476708,5.024251,-75.362472,273.0,SOUTH_AMERICA,Caldas,,,,2022-12-21T07:56,False,Dario Taraborelli,iNaturalist,http://creativecommons.org/publicdomain/zero/1.0/,Dario Taraborelli,https://inaturalist-open-data.s3.amazonaws.com/photos/248662060/original.jpeg,k-western-south-america,2024-10-21 23:44:31
original_4011657753_1.jpg,4024136,Pleopeltis bombycina,3.5860000000000003,"Heliangelus exortis (Fraser, 1840)",2476708,6.96594,-75.562618,8.0,SOUTH_AMERICA,Antioquia,,,,2022-12-17T12:50,False,Ricardo Sánchez,iNaturalist,http://creativecommons.org/licenses/by-nc/4.0/,Ricardo Sánchez,https://inaturalist-open-data.s3.amazonaws.com/photos/249496636/original.jpg; https://inaturalist-open-data.s3.amazonaws.com/photos/249496639/original.jpg; https://inaturalist-open-data.s3.amazonaws.com/photos/249496644/original.jpg; https://inaturalist-open-data.s3.amazonaws.com/photos/249496649/original.jpg; https://inaturalist-open-data.s3.amazonaws.com/photos/249496653/original.jpg,k-western-south-america,2024-10-21 23:44:36
original_4011695151_1.jpg,5938224,Fuchsia magellanica,11.282,"Heliangelus exortis (Fraser, 1840)",2476708,6.42795,-76.086952,1817.0,SOUTH_AMERICA,Antioquia,,,,2011-03-04,False,lappuggla,iNaturalist,http://creativecommons.org/licenses/by-nc/4.0/,lappuggla,https://inaturalist-open-data.s3.amazonaws.com/photos/250141107/original.jpg; https://inaturalist-open-data.s3.amazonaws.com/photos/250142068/original.jpg,k-western-south-america,2024-10-21 23:44:46
original_4011695151_2.jpg,5938224,Fuchsia magellanica,10.566,"Heliangelus exortis (Fraser, 1840)",2476708,6.42795,-76.086952,1817.0,SOUTH_AMERICA,Antioquia,,,,2011-03-04,False,lappuggla,iNaturalist,http://creativecommons.org/licenses/by-nc/4.0/,lappuggla,https://inaturalist-open-data.s3.amazonaws.com/photos/250141107/original.jpg; https://inaturalist-open-data.s3.amazonaws.com/photos/250142068/original.jpg,k-western-south-america,2024-10-21 23:44:48
original_4011706668_1.jpg,8220878,Callianthe megapotamica,19.928,"Heliangelus exortis (Fraser, 1840)",2476708,5.072808,-75.438028,9.0,SOUTH_AMERICA,Caldas,,,,2022-12-23T08:16:36,False,David Tan,iNaturalist,http://creativecommons.org/licenses/by-nc/4.0/,David Tan,https://inaturalist-open-data.s3.amazonaws.com/photos/248835867/original.jpg,k-western-south-america,2024-10-21 23:44:50
original_4011825309_1.jpg,5938224,Fuchsia magellanica,9.77,"Heliangelus exortis (Fraser, 1840)",2476708,6.42795,-76.086952,1817.0,SOUTH_AMERICA,Antioquia,,,,2011-03-06,False,lappuggla,iNaturalist,http://creativecommons.org/licenses/by-nc/4.0/,lappuggla,https://inaturalist-open-data.s3.amazonaws.com/photos/250297594/original.jpg; https://inaturalist-open-data.s3.amazonaws.com/photos/250297725/original.jpg,k-western-south-america,2024-10-21 23:44:52
original_4011825309_2.jpg,5938224,Fuchsia magellanica,14.719999999999999,"Heliangelus exortis (Fraser, 1840)",2476708,6.42795,-76.086952,1817.0,SOUTH_AMERICA,Antioquia,,,,2011-03-06,False,lappuggla,iNaturalist,http://creativecommons.org/licenses/by-nc/4.0/,lappuggla,https://inaturalist-open-data.s3.amazonaws.com/photos/250297594/original.jpg; https://inaturalist-open-data.s3.amazonaws.com/photos/250297725/original.jpg,k-western-south-america,2024-10-21 23:44:55
original_4018317776_2.jpeg,2760973,Heliconia episcopalis,7.384,"Heliangelus exortis (Fraser, 1840)",2476708,-0.419723,-78.037401,,SOUTH_AMERICA,Napo,,,,2023-01-03T11:34,False,Luis Yupa,iNaturalist,http://creativecommons.org/licenses/by-nc/4.0/,Luis Yupa,https://inaturalist-open-data.s3.amazonaws.com/photos/250912781/original.jpeg; https://inaturalist-open-data.s3.amazonaws.com/photos/250912820/original.jpeg,k-western-south-america,2024-10-21 23:45:00
original_4021954836_1.jpg,5305162,Kniphofia × praecox,0.483,"Heliangelus exortis (Fraser, 1840)",2476708,4.673357,-75.555065,804.0,SOUTH_AMERICA,Quindío,,,,2023-01-22T15:13,False,Tammy Smith,iNaturalist,http://creativecommons.org/licenses/by-nc/4.0/,Tammy Smith,https://inaturalist-open-data.s3.amazonaws.com/photos/253153466/original.jpg,k-western-south-america,2024-10-21 23:45:02
original_4022116569_1.jpeg,9632532,Carapichea adinantha,1.609,"Heliangelus exortis (Fraser, 1840)",2476708,4.614868,-74.299301,244.0,SOUTH_AMERICA,Cundinamarca,,,,2018-02-27T13:30,False,Juan Camilo Muñoz,iNaturalist,http://creativecommons.org/licenses/by-nc/4.0/,Juan Camilo Muñoz,https://inaturalist-open-data.s3.amazonaws.com/photos/253371472/original.jpeg; https://inaturalist-open-data.s3.amazonaws.com/photos/253371493/original.jpeg,k-western-south-america,2024-10-21 23:45:05
original_4022116569_2.jpeg,3083180,Bertholletia excelsa,1.468,"Heliangelus exortis (Fraser, 1840)",2476708,4.614868,-74.299301,244.0,SOUTH_AMERICA,Cundinamarca,,,,2018-02-27T13:30,False,Juan Camilo Muñoz,iNaturalist,http://creativecommons.org/licenses/by-nc/4.0/,Juan Camilo Muñoz,https://inaturalist-open-data.s3.amazonaws.com/photos/253371472/original.jpeg; https://inaturalist-open-data.s3.amazonaws.com/photos/253371493/original.jpeg,k-western-south-america,2024-10-21 23:45:08
original_4022121724_1.jpg,5338243,Uncaria guianensis,3.0949999999999998,"Heliangelus exortis (Fraser, 1840)",2476708,4.66634,-75.47912,14062.0,SOUTH_AMERICA,Quindío,,,,2023-01-22T12:38:41,False,Tammy Smith,iNaturalist,http://creativecommons.org/licenses/by-nc/4.0/,Tammy Smith,https://inaturalist-open-data.s3.amazonaws.com/photos/253305106/original.jpg,k-western-south-america,2024-10-21 23:45:10
original_4022192775_1.jpg,3189950,Paullinia pinnata,6.413,"Heliangelus exortis (Fraser, 1840)",2476708,-0.37845,-78.074135,237.0,SOUTH_AMERICA,Napo,,,,2014-11-19T14:32,False,Suzanne Labbé,iNaturalist,http://creativecommons.org/licenses/by-nc/4.0/,Suzanne Labbé,https://inaturalist-open-data.s3.amazonaws.com/photos/252548532/original.jpg,k-western-south-america,2024-10-21 23:45:13
original_4028704948_1.jpeg,3889017,Mesosphaerum suaveolens,4.696,"Heliangelus exortis (Fraser, 1840)",2476708,5.10695,-75.484646,488.0,SOUTH_AMERICA,Caldas,,,,2022-07-12T11:04,False,Sebas Arango,iNaturalist,http://creativecommons.org/licenses/by-nc/4.0/,Sebas Arango,https://inaturalist-open-data.s3.amazonaws.com/photos/214931250/original.jpeg,k-western-south-america,2024-10-21 23:45:18
original_4028740371_1.jpeg,5938223,Fuchsia paniculata,2.189,"Heliangelus exortis (Fraser, 1840)",2476708,5.518122,-75.774214,61.0,SOUTH_AMERICA,Caldas,,,,2020-10-20T23:08,False,Sebas Arango,iNaturalist,http://creativecommons.org/licenses/by-nc/4.0/,Sebas Arango,https://inaturalist-open-data.s3.amazonaws.com/photos/101410506/original.jpeg,k-western-south-america,2024-10-21 23:45:21
original_4028757497_1.jpeg,2792457,Polystachya concreta,3.7409999999999997,"Heliangelus exortis (Fraser, 1840)",2476708,5.511208,-75.787201,15.0,SOUTH_AMERICA,Caldas,,,,2021-04-02T10:52,False,Sebas Arango,iNaturalist,http://creativecommons.org/licenses/by-nc/4.0/,Sebas Arango,https://inaturalist-open-data.s3.amazonaws.com/photos/118886623/original.jpeg,k-western-south-america,2024-10-21 23:45:23
original_4028785461_1.jpeg,4171873,Gaultheria erecta,45.609,"Heliangelus exortis (Fraser, 1840)",2476708,5.515823,-75.771743,31.0,SOUTH_AMERICA,Caldas,,,,2020-10-22T02:09,False,Sebas Arango,iNaturalist,http://creativecommons.org/licenses/by-nc/4.0/,Sebas Arango,https://inaturalist-open-data.s3.amazonaws.com/photos/101526711/original.jpeg,k-western-south-america,2024-10-21 23:45:26
original_4028792334_1.jpeg,2650280,Cyathea arborea,15.622,"Heliangelus exortis (Fraser, 1840)",2476708,5.241194,-76.102396,20.0,SOUTH_AMERICA,Risaralda,,,,2018-08-04,False,Sebas Arango,iNaturalist,http://creativecommons.org/licenses/by-nc/4.0/,Sebas Arango,https://inaturalist-open-data.s3.amazonaws.com/photos/22755848/original.jpeg,k-western-south-america,2024-10-21 23:45:28
original_4028852743_1.jpg,8368994,Passiflora mixta,3.688,"Heliangelus exortis (Fraser, 1840)",2476708,-0.457282,-77.909103,21716.0,SOUTH_AMERICA,Napo,,,,2023-01-31T17:23:33,False,Debara,iNaturalist,http://creativecommons.org/licenses/by-nc/4.0/,Debara,https://inaturalist-open-data.s3.amazonaws.com/photos/255279334/original.jpg,k-western-south-america,2024-10-21 23:45:31
original_4034627832_1.jpg,2867616,Lemna aequinoctialis,0.8420000000000001,"Heliangelus exortis (Fraser, 1840)",2476708,-0.37845,-78.074135,43.0,SOUTH_AMERICA,Napo,,,,2023-02-07T08:51,False,Stephen Cresswell,iNaturalist,http://creativecommons.org/licenses/by-nc-nd/4.0/,Stephen Cresswell,https://inaturalist-open-data.s3.amazonaws.com/photos/255408504/original.jpg,k-western-south-america,2024-10-21 23:45:36
original_4034634893_2.jpeg,3184509,Syzygium malaccense,2.787,"Heliangelus exortis (Fraser, 1840)",2476708,-0.370958,-78.081599,336.0,SOUTH_AMERICA,Napo,,,,2022-03-12T18:07,False,William Hull,iNaturalist,http://creativecommons.org/licenses/by-nc/4.0/,William Hull,https://inaturalist-open-data.s3.amazonaws.com/photos/255686175/original.jpeg; https://inaturalist-open-data.s3.amazonaws.com/photos/255686184/original.jpeg,k-western-south-america,2024-10-21 23:45:41
original_4034730080_1.jpg,8368994,Passiflora mixta,13.004,"Heliangelus exortis (Fraser, 1840)",2476708,-0.37845,-78.074135,237.0,SOUTH_AMERICA,Napo,,,,2023-01-07T13:36,False,drmbush,iNaturalist,http://creativecommons.org/licenses/by-nc/4.0/,drmbush,https://inaturalist-open-data.s3.amazonaws.com/photos/255542808/original.jpg,k-western-south-america,2024-10-21 23:45:44
original_4034790081_1.jpeg,2932599,Solanum subinerme,2.3009999999999997,"Heliangelus exortis (Fraser, 1840)",2476708,-0.370958,-78.081599,336.0,SOUTH_AMERICA,Napo,,,,2022-03-12T17:38,False,William Hull,iNaturalist,http://creativecommons.org/licenses/by-nc/4.0/,William Hull,https://inaturalist-open-data.s3.amazonaws.com/photos/255686090/original.jpeg; https://inaturalist-open-data.s3.amazonaws.com/photos/255686100/original.jpeg; https://inaturalist-open-data.s3.amazonaws.com/photos/255686108/original.jpeg; https://inaturalist-open-data.s3.amazonaws.com/photos/255686128/original.jpeg,k-western-south-america,2024-10-21 23:45:46
original_4034790081_2.jpeg,4088199,Utricularia jamesoniana,18.747,"Heliangelus exortis (Fraser, 1840)",2476708,-0.370958,-78.081599,336.0,SOUTH_AMERICA,Napo,,,,2022-03-12T17:38,False,William Hull,iNaturalist,http://creativecommons.org/licenses/by-nc/4.0/,William Hull,https://inaturalist-open-data.s3.amazonaws.com/photos/255686090/original.jpeg; https://inaturalist-open-data.s3.amazonaws.com/photos/255686100/original.jpeg; https://inaturalist-open-data.s3.amazonaws.com/photos/255686108/original.jpeg; https://inaturalist-open-data.s3.amazonaws.com/photos/255686128/original.jpeg,k-western-south-america,2024-10-21 23:45:48
original_4034790081_3.jpeg,2930222,Solanum americanum,1.467,"Heliangelus exortis (Fraser, 1840)",2476708,-0.370958,-78.081599,336.0,SOUTH_AMERICA,Napo,,,,2022-03-12T17:38,False,William Hull,iNaturalist,http://creativecommons.org/licenses/by-nc/4.0/,William Hull,https://inaturalist-open-data.s3.amazonaws.com/photos/255686090/original.jpeg; https://inaturalist-open-data.s3.amazonaws.com/photos/255686100/original.jpeg; https://inaturalist-open-data.s3.amazonaws.com/photos/255686108/original.jpeg; https://inaturalist-open-data.s3.amazonaws.com/photos/255686128/original.jpeg,k-western-south-america,2024-10-21 23:45:50
original_4034790081_4.jpeg,2930222,Solanum americanum,1.134,"Heliangelus exortis (Fraser, 1840)",2476708,-0.370958,-78.081599,336.0,SOUTH_AMERICA,Napo,,,,2022-03-12T17:38,False,William Hull,iNaturalist,http://creativecommons.org/licenses/by-nc/4.0/,William Hull,https://inaturalist-open-data.s3.amazonaws.com/photos/255686090/original.jpeg; https://inaturalist-open-data.s3.amazonaws.com/photos/255686100/original.jpeg; https://inaturalist-open-data.s3.amazonaws.com/photos/255686108/original.jpeg; https://inaturalist-open-data.s3.amazonaws.com/photos/255686128/original.jpeg,k-western-south-america,2024-10-21 23:45:53
original_4034819012_1.jpeg,3830581,Cissampelos andromorpha,4.796,"Heliangelus exortis (Fraser, 1840)",2476708,-0.370958,-78.081599,336.0,SOUTH_AMERICA,Napo,,,,2022-03-12T17:40,False,William Hull,iNaturalist,http://creativecommons.org/licenses/by-nc/4.0/,William Hull,https://inaturalist-open-data.s3.amazonaws.com/photos/255686141/original.jpeg; https://inaturalist-open-data.s3.amazonaws.com/photos/255686154/original.jpeg; https://inaturalist-open-data.s3.amazonaws.com/photos/255686166/original.jpeg,k-western-south-america,2024-10-21 23:45:55
original_4034819012_2.jpeg,3830581,Cissampelos andromorpha,5.19,"Heliangelus exortis (Fraser, 1840)",2476708,-0.370958,-78.081599,336.0,SOUTH_AMERICA,Napo,,,,2022-03-12T17:40,False,William Hull,iNaturalist,http://creativecommons.org/licenses/by-nc/4.0/,William Hull,https://inaturalist-open-data.s3.amazonaws.com/photos/255686141/original.jpeg; https://inaturalist-open-data.s3.amazonaws.com/photos/255686154/original.jpeg; https://inaturalist-open-data.s3.amazonaws.com/photos/255686166/original.jpeg,k-western-south-america,2024-10-21 23:45:57
original_4034819012_3.jpeg,3830581,Cissampelos andromorpha,2.642,"Heliangelus exortis (Fraser, 1840)",2476708,-0.370958,-78.081599,336.0,SOUTH_AMERICA,Napo,,,,2022-03-12T17:40,False,William Hull,iNaturalist,http://creativecommons.org/licenses/by-nc/4.0/,William Hull,https://inaturalist-open-data.s3.amazonaws.com/photos/255686141/original.jpeg; https://inaturalist-open-data.s3.amazonaws.com/photos/255686154/original.jpeg; https://inaturalist-open-data.s3.amazonaws.com/photos/255686166/original.jpeg,k-western-south-america,2024-10-21 23:45:59
original_4034847828_1.jpg,3169012,Hippocratea volubilis,1.117,"Heliangelus exortis (Fraser, 1840)",2476708,-0.378081,-78.073912,244.0,SOUTH_AMERICA,Napo,,,,2022-10-21T19:05,False,janvu,iNaturalist,http://creativecommons.org/licenses/by-nc/4.0/,janvu,https://inaturalist-open-data.s3.amazonaws.com/photos/255314410/original.jpg,k-western-south-america,2024-10-21 23:46:01
original_4034865246_1.jpeg,2984501,Trema micranthum,1.294,"Heliangelus exortis (Fraser, 1840)",2476708,5.251649,-76.110556,1000.0,SOUTH_AMERICA,Risaralda,,,,2023-01-25T07:21,False,Guy Babineau,iNaturalist,http://creativecommons.org/licenses/by/4.0/,Guy Babineau,https://inaturalist-open-data.s3.amazonaws.com/photos/255637284/original.jpeg,k-western-south-america,2024-10-21 23:46:04
original_4046302097_1.jpg,2792457,Polystachya concreta,1.714,"Heliangelus exortis (Fraser, 1840)",2476708,-0.377928,-78.075112,500.0,SOUTH_AMERICA,Napo,,,,2023-01-22T15:02,False,Nash Turley,iNaturalist,http://creativecommons.org/licenses/by-nc/4.0/,Nash Turley,https://inaturalist-open-data.s3.amazonaws.com/photos/257971870/original.jpg,k-western-south-america,2024-10-21 23:46:18
original_4046577058_1.jpg,3134857,Lapsana communis,7.576,"Heliangelus exortis (Fraser, 1840)",2476708,-0.377928,-78.075112,500.0,SOUTH_AMERICA,Napo,,,,2023-01-22T15:02,False,Nash Turley,iNaturalist,http://creativecommons.org/licenses/by-nc/4.0/,Nash Turley,https://inaturalist-open-data.s3.amazonaws.com/photos/257971891/original.jpg,k-western-south-america,2024-10-21 23:46:20
original_4046624991_1.jpeg,2962854,Pithecellobium unguis-cati,2.783,"Heliangelus exortis (Fraser, 1840)",2476708,5.062974,-75.50277,11785.0,SOUTH_AMERICA,Caldas,,,,2023-02-14T07:59,False,Bruce Taylor,iNaturalist,http://creativecommons.org/licenses/by-nc/4.0/,Bruce Taylor,https://inaturalist-open-data.s3.amazonaws.com/photos/257805502/original.jpeg,k-western-south-america,2024-10-21 23:46:28
original_4054881134_1.jpg,2792457,Polystachya concreta,5.686,"Heliangelus exortis (Fraser, 1840)",2476708,4.559495,-75.510961,,SOUTH_AMERICA,Quindío,,,,2023-02-09,False,Scott Bowers,iNaturalist,http://creativecommons.org/licenses/by-nc/4.0/,Scott Bowers,https://inaturalist-open-data.s3.amazonaws.com/photos/259301320/original.jpg,k-western-south-america,2024-10-21 23:46:42
original_4054882157_1.jpeg,3086355,Piper hispidum,7.793,"Heliangelus exortis (Fraser, 1840)",2476708,-0.37845,-78.074135,237.0,SOUTH_AMERICA,Napo,,,,2023-02-21T10:56,False,Chrissy McClarren and Andy Reago,iNaturalist,http://creativecommons.org/publicdomain/zero/1.0/,Chrissy McClarren and Andy Reago,https://inaturalist-open-data.s3.amazonaws.com/photos/259366448/original.jpeg,k-western-south-america,2024-10-21 23:46:44
original_4062774567_1.jpeg,2925385,Lippia alba,13.191,"Heliangelus exortis (Fraser, 1840)",2476708,-0.37845,-78.074135,237.0,SOUTH_AMERICA,Napo,,,,2023-02-20T13:51,False,Chrissy McClarren and Andy Reago,iNaturalist,http://creativecommons.org/publicdomain/zero/1.0/,Chrissy McClarren and Andy Reago,https://inaturalist-open-data.s3.amazonaws.com/photos/258900292/original.jpeg,k-western-south-america,2024-10-21 23:46:53
original_4062983598_1.jpeg,3039162,Cissus erosa,5.902,"Heliangelus exortis (Fraser, 1840)",2476708,-0.37845,-78.074135,237.0,SOUTH_AMERICA,Napo,,,,2023-02-20T13:51,False,Chrissy McClarren and Andy Reago,iNaturalist,http://creativecommons.org/publicdomain/zero/1.0/,Chrissy McClarren and Andy Reago,https://inaturalist-open-data.s3.amazonaws.com/photos/258900266/original.jpeg,k-western-south-america,2024-10-21 23:46:56
original_4063099603_1.jpeg,8368994,Passiflora mixta,2.807,"Heliangelus exortis (Fraser, 1840)",2476708,-0.37845,-78.074135,237.0,SOUTH_AMERICA,Napo,,,,2023-02-20T14:06,False,Chrissy McClarren and Andy Reago,iNaturalist,http://creativecommons.org/publicdomain/zero/1.0/,Chrissy McClarren and Andy Reago,https://inaturalist-open-data.s3.amazonaws.com/photos/258900441/original.jpeg,k-western-south-america,2024-10-21 23:46:58
original_4067389489_1.jpg,3830518,Abuta grandifolia,6.644,"Heliangelus exortis (Fraser, 1840)",2476708,-0.378496,-78.073914,15.0,SOUTH_AMERICA,Napo,,,,2023-03-18T08:21,False,David Torres,iNaturalist,http://creativecommons.org/licenses/by-nc/4.0/,David Torres,https://inaturalist-open-data.s3.amazonaws.com/photos/261783826/original.jpg; https://inaturalist-open-data.s3.amazonaws.com/photos/261783835/original.jpg; https://inaturalist-open-data.s3.amazonaws.com/photos/261783843/original.jpg; https://inaturalist-open-data.s3.amazonaws.com/photos/261783854/original.jpg,k-western-south-america,2024-10-21 23:47:01
original_4067389489_2.jpg,4088199,Utricularia jamesoniana,3.0300000000000002,"Heliangelus exortis (Fraser, 1840)",2476708,-0.378496,-78.073914,15.0,SOUTH_AMERICA,Napo,,,,2023-03-18T08:21,False,David Torres,iNaturalist,http://creativecommons.org/licenses/by-nc/4.0/,David Torres,https://inaturalist-open-data.s3.amazonaws.com/photos/261783826/original.jpg; https://inaturalist-open-data.s3.amazonaws.com/photos/261783835/original.jpg; https://inaturalist-open-data.s3.amazonaws.com/photos/261783843/original.jpg; https://inaturalist-open-data.s3.amazonaws.com/photos/261783854/original.jpg,k-western-south-america,2024-10-21 23:47:03
original_4067389489_3.jpg,4088199,Utricularia jamesoniana,10.196,"Heliangelus exortis (Fraser, 1840)",2476708,-0.378496,-78.073914,15.0,SOUTH_AMERICA,Napo,,,,2023-03-18T08:21,False,David Torres,iNaturalist,http://creativecommons.org/licenses/by-nc/4.0/,David Torres,https://inaturalist-open-data.s3.amazonaws.com/photos/261783826/original.jpg; https://inaturalist-open-data.s3.amazonaws.com/photos/261783835/original.jpg; https://inaturalist-open-data.s3.amazonaws.com/photos/261783843/original.jpg; https://inaturalist-open-data.s3.amazonaws.com/photos/261783854/original.jpg,k-western-south-america,2024-10-21 23:47:05
original_4067389489_4.jpg,2732453,Socratea exorrhiza,11.519,"Heliangelus exortis (Fraser, 1840)",2476708,-0.378496,-78.073914,15.0,SOUTH_AMERICA,Napo,,,,2023-03-18T08:21,False,David Torres,iNaturalist,http://creativecommons.org/licenses/by-nc/4.0/,David Torres,https://inaturalist-open-data.s3.amazonaws.com/photos/261783826/original.jpg; https://inaturalist-open-data.s3.amazonaws.com/photos/261783835/original.jpg; https://inaturalist-open-data.s3.amazonaws.com/photos/261783843/original.jpg; https://inaturalist-open-data.s3.amazonaws.com/photos/261783854/original.jpg,k-western-south-america,2024-10-21 23:47:08
original_4067434432_1.jpg,2650442,Niphidium crassifolium,4.312,"Heliangelus exortis (Fraser, 1840)",2476708,-0.378496,-78.073914,15.0,SOUTH_AMERICA,Napo,,,,2023-03-18T08:15,False,David Torres,iNaturalist,http://creativecommons.org/licenses/by-nc/4.0/,David Torres,https://inaturalist-open-data.s3.amazonaws.com/photos/261783688/original.jpg,k-western-south-america,2024-10-21 23:47:11
original_4067474407_1.jpg,8368994,Passiflora mixta,5.0040000000000004,"Heliangelus exortis (Fraser, 1840)",2476708,-0.378496,-78.073914,15.0,SOUTH_AMERICA,Napo,,,,2023-03-18T08:21,False,David Torres,iNaturalist,http://creativecommons.org/licenses/by-nc/4.0/,David Torres,https://inaturalist-open-data.s3.amazonaws.com/photos/261783808/original.jpg; https://inaturalist-open-data.s3.amazonaws.com/photos/261783815/original.jpg,k-western-south-america,2024-10-21 23:47:17
original_4067474407_2.jpg,8368994,Passiflora mixta,6.737,"Heliangelus exortis (Fraser, 1840)",2476708,-0.378496,-78.073914,15.0,SOUTH_AMERICA,Napo,,,,2023-03-18T08:21,False,David Torres,iNaturalist,http://creativecommons.org/licenses/by-nc/4.0/,David Torres,https://inaturalist-open-data.s3.amazonaws.com/photos/261783808/original.jpg; https://inaturalist-open-data.s3.amazonaws.com/photos/261783815/original.jpg,k-western-south-america,2024-10-21 23:47:19
original_4067480409_1.jpg,2792457,Polystachya concreta,3.4770000000000003,"Heliangelus exortis (Fraser, 1840)",2476708,-0.378496,-78.073914,15.0,SOUTH_AMERICA,Napo,,,,2023-03-18T08:24,False,David Torres,iNaturalist,http://creativecommons.org/licenses/by-nc/4.0/,David Torres,https://inaturalist-open-data.s3.amazonaws.com/photos/261783896/original.jpg; https://inaturalist-open-data.s3.amazonaws.com/photos/261783910/original.jpg; https://inaturalist-open-data.s3.amazonaws.com/photos/261783920/original.jpg; https://inaturalist-open-data.s3.amazonaws.com/photos/261783929/original.jpg; https://inaturalist-open-data.s3.amazonaws.com/photos/261783942/original.jpg; https://inaturalist-open-data.s3.amazonaws.com/photos/261783958/original.jpg; https://inaturalist-open-data.s3.amazonaws.com/photos/261784062/original.jpg; https://inaturalist-open-data.s3.amazonaws.com/photos/261784083/original.jpg; https://inaturalist-open-data.s3.amazonaws.com/photos/261784101/original.jpg; https://inaturalist-open-data.s3.amazonaws.com/photos/261784124/original.jpg; https://inaturalist-open-data.s3.amazonaws.com/photos/261784138/original.jpg; https://inaturalist-open-data.s3.amazonaws.com/photos/261784155/original.jpg; https://inaturalist-open-data.s3.amazonaws.com/photos/261784174/original.jpg,k-western-south-america,2024-10-21 23:47:22
original_4067480409_11.jpg,5303594,Xiphidium caeruleum,3.4979999999999998,"Heliangelus exortis (Fraser, 1840)",2476708,-0.378496,-78.073914,15.0,SOUTH_AMERICA,Napo,,,,2023-03-18T08:24,False,David Torres,iNaturalist,http://creativecommons.org/licenses/by-nc/4.0/,David Torres,https://inaturalist-open-data.s3.amazonaws.com/photos/261783896/original.jpg; https://inaturalist-open-data.s3.amazonaws.com/photos/261783910/original.jpg; https://inaturalist-open-data.s3.amazonaws.com/photos/261783920/original.jpg; https://inaturalist-open-data.s3.amazonaws.com/photos/261783929/original.jpg; https://inaturalist-open-data.s3.amazonaws.com/photos/261783942/original.jpg; https://inaturalist-open-data.s3.amazonaws.com/photos/261783958/original.jpg; https://inaturalist-open-data.s3.amazonaws.com/photos/261784062/original.jpg; https://inaturalist-open-data.s3.amazonaws.com/photos/261784083/original.jpg; https://inaturalist-open-data.s3.amazonaws.com/photos/261784101/original.jpg; https://inaturalist-open-data.s3.amazonaws.com/photos/261784124/original.jpg; https://inaturalist-open-data.s3.amazonaws.com/photos/261784138/original.jpg; https://inaturalist-open-data.s3.amazonaws.com/photos/261784155/original.jpg; https://inaturalist-open-data.s3.amazonaws.com/photos/261784174/original.jpg,k-western-south-america,2024-10-21 23:47:26
original_4067480409_13.jpg,2792457,Polystachya concreta,20.89,"Heliangelus exortis (Fraser, 1840)",2476708,-0.378496,-78.073914,15.0,SOUTH_AMERICA,Napo,,,,2023-03-18T08:24,False,David Torres,iNaturalist,http://creativecommons.org/licenses/by-nc/4.0/,David Torres,https://inaturalist-open-data.s3.amazonaws.com/photos/261783896/original.jpg; https://inaturalist-open-data.s3.amazonaws.com/photos/261783910/original.jpg; https://inaturalist-open-data.s3.amazonaws.com/photos/261783920/original.jpg; https://inaturalist-open-data.s3.amazonaws.com/photos/261783929/original.jpg; https://inaturalist-open-data.s3.amazonaws.com/photos/261783942/original.jpg; https://inaturalist-open-data.s3.amazonaws.com/photos/261783958/original.jpg; https://inaturalist-open-data.s3.amazonaws.com/photos/261784062/original.jpg; https://inaturalist-open-data.s3.amazonaws.com/photos/261784083/original.jpg; https://inaturalist-open-data.s3.amazonaws.com/photos/261784101/original.jpg; https://inaturalist-open-data.s3.amazonaws.com/photos/261784124/original.jpg; https://inaturalist-open-data.s3.amazonaws.com/photos/261784138/original.jpg; https://inaturalist-open-data.s3.amazonaws.com/photos/261784155/original.jpg; https://inaturalist-open-data.s3.amazonaws.com/photos/261784174/original.jpg,k-western-south-america,2024-10-21 23:47:31
original_4067480409_2.jpg,5303594,Xiphidium caeruleum,6.027,"Heliangelus exortis (Fraser, 1840)",2476708,-0.378496,-78.073914,15.0,SOUTH_AMERICA,Napo,,,,2023-03-18T08:24,False,David Torres,iNaturalist,http://creativecommons.org/licenses/by-nc/4.0/,David Torres,https://inaturalist-open-data.s3.amazonaws.com/photos/261783896/original.jpg; https://inaturalist-open-data.s3.amazonaws.com/photos/261783910/original.jpg; https://inaturalist-open-data.s3.amazonaws.com/photos/261783920/original.jpg; https://inaturalist-open-data.s3.amazonaws.com/photos/261783929/original.jpg; https://inaturalist-open-data.s3.amazonaws.com/photos/261783942/original.jpg; https://inaturalist-open-data.s3.amazonaws.com/photos/261783958/original.jpg; https://inaturalist-open-data.s3.amazonaws.com/photos/261784062/original.jpg; https://inaturalist-open-data.s3.amazonaws.com/photos/261784083/original.jpg; https://inaturalist-open-data.s3.amazonaws.com/photos/261784101/original.jpg; https://inaturalist-open-data.s3.amazonaws.com/photos/261784124/original.jpg; https://inaturalist-open-data.s3.amazonaws.com/photos/261784138/original.jpg; https://inaturalist-open-data.s3.amazonaws.com/photos/261784155/original.jpg; https://inaturalist-open-data.s3.amazonaws.com/photos/261784174/original.jpg,k-western-south-america,2024-10-21 23:47:34
original_4067480409_3.jpg,2792457,Polystachya concreta,4.841,"Heliangelus exortis (Fraser, 1840)",2476708,-0.378496,-78.073914,15.0,SOUTH_AMERICA,Napo,,,,2023-03-18T08:24,False,David Torres,iNaturalist,http://creativecommons.org/licenses/by-nc/4.0/,David Torres,https://inaturalist-open-data.s3.amazonaws.com/photos/261783896/original.jpg; https://inaturalist-open-data.s3.amazonaws.com/photos/261783910/original.jpg; https://inaturalist-open-data.s3.amazonaws.com/photos/261783920/original.jpg; https://inaturalist-open-data.s3.amazonaws.com/photos/261783929/original.jpg; https://inaturalist-open-data.s3.amazonaws.com/photos/261783942/original.jpg; https://inaturalist-open-data.s3.amazonaws.com/photos/261783958/original.jpg; https://inaturalist-open-data.s3.amazonaws.com/photos/261784062/original.jpg; https://inaturalist-open-data.s3.amazonaws.com/photos/261784083/original.jpg; https://inaturalist-open-data.s3.amazonaws.com/photos/261784101/original.jpg; https://inaturalist-open-data.s3.amazonaws.com/photos/261784124/original.jpg; https://inaturalist-open-data.s3.amazonaws.com/photos/261784138/original.jpg; https://inaturalist-open-data.s3.amazonaws.com/photos/261784155/original.jpg; https://inaturalist-open-data.s3.amazonaws.com/photos/261784174/original.jpg,k-western-south-america,2024-10-21 23:47:36
original_4067480409_6.jpg,2792457,Polystachya concreta,4.204,"Heliangelus exortis (Fraser, 1840)",2476708,-0.378496,-78.073914,15.0,SOUTH_AMERICA,Napo,,,,2023-03-18T08:24,False,David Torres,iNaturalist,http://creativecommons.org/licenses/by-nc/4.0/,David Torres,https://inaturalist-open-data.s3.amazonaws.com/photos/261783896/original.jpg; https://inaturalist-open-data.s3.amazonaws.com/photos/261783910/original.jpg; https://inaturalist-open-data.s3.amazonaws.com/photos/261783920/original.jpg; https://inaturalist-open-data.s3.amazonaws.com/photos/261783929/original.jpg; https://inaturalist-open-data.s3.amazonaws.com/photos/261783942/original.jpg; https://inaturalist-open-data.s3.amazonaws.com/photos/261783958/original.jpg; https://inaturalist-open-data.s3.amazonaws.com/photos/261784062/original.jpg; https://inaturalist-open-data.s3.amazonaws.com/photos/261784083/original.jpg; https://inaturalist-open-data.s3.amazonaws.com/photos/261784101/original.jpg; https://inaturalist-open-data.s3.amazonaws.com/photos/261784124/original.jpg; https://inaturalist-open-data.s3.amazonaws.com/photos/261784138/original.jpg; https://inaturalist-open-data.s3.amazonaws.com/photos/261784155/original.jpg; https://inaturalist-open-data.s3.amazonaws.com/photos/261784174/original.jpg,k-western-south-america,2024-10-21 23:47:44
original_4067480409_7.jpg,2792457,Polystachya concreta,1.984,"Heliangelus exortis (Fraser, 1840)",2476708,-0.378496,-78.073914,15.0,SOUTH_AMERICA,Napo,,,,2023-03-18T08:24,False,David Torres,iNaturalist,http://creativecommons.org/licenses/by-nc/4.0/,David Torres,https://inaturalist-open-data.s3.amazonaws.com/photos/261783896/original.jpg; https://inaturalist-open-data.s3.amazonaws.com/photos/261783910/original.jpg; https://inaturalist-open-data.s3.amazonaws.com/photos/261783920/original.jpg; https://inaturalist-open-data.s3.amazonaws.com/photos/261783929/original.jpg; https://inaturalist-open-data.s3.amazonaws.com/photos/261783942/original.jpg; https://inaturalist-open-data.s3.amazonaws.com/photos/261783958/original.jpg; https://inaturalist-open-data.s3.amazonaws.com/photos/261784062/original.jpg; https://inaturalist-open-data.s3.amazonaws.com/photos/261784083/original.jpg; https://inaturalist-open-data.s3.amazonaws.com/photos/261784101/original.jpg; https://inaturalist-open-data.s3.amazonaws.com/photos/261784124/original.jpg; https://inaturalist-open-data.s3.amazonaws.com/photos/261784138/original.jpg; https://inaturalist-open-data.s3.amazonaws.com/photos/261784155/original.jpg; https://inaturalist-open-data.s3.amazonaws.com/photos/261784174/original.jpg,k-western-south-america,2024-10-21 23:47:46
original_4067480409_8.jpg,5321877,Ionopsis utricularioides,1.3259999999999998,"Heliangelus exortis (Fraser, 1840)",2476708,-0.378496,-78.073914,15.0,SOUTH_AMERICA,Napo,,,,2023-03-18T08:24,False,David Torres,iNaturalist,http://creativecommons.org/licenses/by-nc/4.0/,David Torres,https://inaturalist-open-data.s3.amazonaws.com/photos/261783896/original.jpg; https://inaturalist-open-data.s3.amazonaws.com/photos/261783910/original.jpg; https://inaturalist-open-data.s3.amazonaws.com/photos/261783920/original.jpg; https://inaturalist-open-data.s3.amazonaws.com/photos/261783929/original.jpg; https://inaturalist-open-data.s3.amazonaws.com/photos/261783942/original.jpg; https://inaturalist-open-data.s3.amazonaws.com/photos/261783958/original.jpg; https://inaturalist-open-data.s3.amazonaws.com/photos/261784062/original.jpg; https://inaturalist-open-data.s3.amazonaws.com/photos/261784083/original.jpg; https://inaturalist-open-data.s3.amazonaws.com/photos/261784101/original.jpg; https://inaturalist-open-data.s3.amazonaws.com/photos/261784124/original.jpg; https://inaturalist-open-data.s3.amazonaws.com/photos/261784138/original.jpg; https://inaturalist-open-data.s3.amazonaws.com/photos/261784155/original.jpg; https://inaturalist-open-data.s3.amazonaws.com/photos/261784174/original.jpg,k-western-south-america,2024-10-21 23:47:48
original_4067480409_9.jpg,3860494,Henriettea succosa,2.171,"Heliangelus exortis (Fraser, 1840)",2476708,-0.378496,-78.073914,15.0,SOUTH_AMERICA,Napo,,,,2023-03-18T08:24,False,David Torres,iNaturalist,http://creativecommons.org/licenses/by-nc/4.0/,David Torres,https://inaturalist-open-data.s3.amazonaws.com/photos/261783896/original.jpg; https://inaturalist-open-data.s3.amazonaws.com/photos/261783910/original.jpg; https://inaturalist-open-data.s3.amazonaws.com/photos/261783920/original.jpg; https://inaturalist-open-data.s3.amazonaws.com/photos/261783929/original.jpg; https://inaturalist-open-data.s3.amazonaws.com/photos/261783942/original.jpg; https://inaturalist-open-data.s3.amazonaws.com/photos/261783958/original.jpg; https://inaturalist-open-data.s3.amazonaws.com/photos/261784062/original.jpg; https://inaturalist-open-data.s3.amazonaws.com/photos/261784083/original.jpg; https://inaturalist-open-data.s3.amazonaws.com/photos/261784101/original.jpg; https://inaturalist-open-data.s3.amazonaws.com/photos/261784124/original.jpg; https://inaturalist-open-data.s3.amazonaws.com/photos/261784138/original.jpg; https://inaturalist-open-data.s3.amazonaws.com/photos/261784155/original.jpg; https://inaturalist-open-data.s3.amazonaws.com/photos/261784174/original.jpg,k-western-south-america,2024-10-21 23:47:51
original_4067499424_1.jpg,2792457,Polystachya concreta,36.656,"Heliangelus exortis (Fraser, 1840)",2476708,-0.378496,-78.073914,15.0,SOUTH_AMERICA,Napo,,,,2023-03-18T08:22,False,David Torres,iNaturalist,http://creativecommons.org/licenses/by-nc/4.0/,David Torres,https://inaturalist-open-data.s3.amazonaws.com/photos/261783888/original.jpg,k-western-south-america,2024-10-21 23:47:53
original_4075605030_1.jpg,5581099,Brugmansia aurea,17.663999999999998,"Heliangelus exortis (Fraser, 1840)",2476708,-0.378486,-78.074128,15.0,SOUTH_AMERICA,Napo,,,,2023-03-18T12:40,False,David Torres,iNaturalist,http://creativecommons.org/licenses/by-nc/4.0/,David Torres,https://inaturalist-open-data.s3.amazonaws.com/photos/262138354/original.jpg; https://inaturalist-open-data.s3.amazonaws.com/photos/262138361/original.jpg,k-western-south-america,2024-10-21 23:47:56
original_4075605030_2.jpg,5341760,Brugmansia sanguinea,6.078,"Heliangelus exortis (Fraser, 1840)",2476708,-0.378486,-78.074128,15.0,SOUTH_AMERICA,Napo,,,,2023-03-18T12:40,False,David Torres,iNaturalist,http://creativecommons.org/licenses/by-nc/4.0/,David Torres,https://inaturalist-open-data.s3.amazonaws.com/photos/262138354/original.jpg; https://inaturalist-open-data.s3.amazonaws.com/photos/262138361/original.jpg,k-western-south-america,2024-10-21 23:47:58
original_4075614083_10.jpg,2888601,Viburnum lantanoides,2.366,"Heliangelus exortis (Fraser, 1840)",2476708,-0.378486,-78.074128,15.0,SOUTH_AMERICA,Napo,,,,2023-03-18T12:47,False,David Torres,iNaturalist,http://creativecommons.org/licenses/by-nc/4.0/,David Torres,https://inaturalist-open-data.s3.amazonaws.com/photos/262138332/original.jpg; https://inaturalist-open-data.s3.amazonaws.com/photos/262138340/original.jpg; https://inaturalist-open-data.s3.amazonaws.com/photos/262138347/original.jpg; https://inaturalist-open-data.s3.amazonaws.com/photos/262138507/original.jpg; https://inaturalist-open-data.s3.amazonaws.com/photos/262138518/original.jpg; https://inaturalist-open-data.s3.amazonaws.com/photos/262138530/original.jpg; https://inaturalist-open-data.s3.amazonaws.com/photos/262138542/original.jpg; https://inaturalist-open-data.s3.amazonaws.com/photos/262138547/original.jpg; https://inaturalist-open-data.s3.amazonaws.com/photos/262138556/original.jpg; https://inaturalist-open-data.s3.amazonaws.com/photos/262138567/original.jpg; https://inaturalist-open-data.s3.amazonaws.com/photos/262138579/original.jpg; https://inaturalist-open-data.s3.amazonaws.com/photos/262138603/original.jpg,k-western-south-america,2024-10-21 23:48:02
original_4075614083_11.jpg,2706501,Agrostis castellana,0.668,"Heliangelus exortis (Fraser, 1840)",2476708,-0.378486,-78.074128,15.0,SOUTH_AMERICA,Napo,,,,2023-03-18T12:47,False,David Torres,iNaturalist,http://creativecommons.org/licenses/by-nc/4.0/,David Torres,https://inaturalist-open-data.s3.amazonaws.com/photos/262138332/original.jpg; https://inaturalist-open-data.s3.amazonaws.com/photos/262138340/original.jpg; https://inaturalist-open-data.s3.amazonaws.com/photos/262138347/original.jpg; https://inaturalist-open-data.s3.amazonaws.com/photos/262138507/original.jpg; https://inaturalist-open-data.s3.amazonaws.com/photos/262138518/original.jpg; https://inaturalist-open-data.s3.amazonaws.com/photos/262138530/original.jpg; https://inaturalist-open-data.s3.amazonaws.com/photos/262138542/original.jpg; https://inaturalist-open-data.s3.amazonaws.com/photos/262138547/original.jpg; https://inaturalist-open-data.s3.amazonaws.com/photos/262138556/original.jpg; https://inaturalist-open-data.s3.amazonaws.com/photos/262138567/original.jpg; https://inaturalist-open-data.s3.amazonaws.com/photos/262138579/original.jpg; https://inaturalist-open-data.s3.amazonaws.com/photos/262138603/original.jpg,k-western-south-america,2024-10-21 23:48:05
original_4075614083_12.jpg,5339488,Randia aculeata,1.872,"Heliangelus exortis (Fraser, 1840)",2476708,-0.378486,-78.074128,15.0,SOUTH_AMERICA,Napo,,,,2023-03-18T12:47,False,David Torres,iNaturalist,http://creativecommons.org/licenses/by-nc/4.0/,David Torres,https://inaturalist-open-data.s3.amazonaws.com/photos/262138332/original.jpg; https://inaturalist-open-data.s3.amazonaws.com/photos/262138340/original.jpg; https://inaturalist-open-data.s3.amazonaws.com/photos/262138347/original.jpg; https://inaturalist-open-data.s3.amazonaws.com/photos/262138507/original.jpg; https://inaturalist-open-data.s3.amazonaws.com/photos/262138518/original.jpg; https://inaturalist-open-data.s3.amazonaws.com/photos/262138530/original.jpg; https://inaturalist-open-data.s3.amazonaws.com/photos/262138542/original.jpg; https://inaturalist-open-data.s3.amazonaws.com/photos/262138547/original.jpg; https://inaturalist-open-data.s3.amazonaws.com/photos/262138556/original.jpg; https://inaturalist-open-data.s3.amazonaws.com/photos/262138567/original.jpg; https://inaturalist-open-data.s3.amazonaws.com/photos/262138579/original.jpg; https://inaturalist-open-data.s3.amazonaws.com/photos/262138603/original.jpg,k-western-south-america,2024-10-21 23:48:07
original_4075614083_4.jpg,2888601,Viburnum lantanoides,1.704,"Heliangelus exortis (Fraser, 1840)",2476708,-0.378486,-78.074128,15.0,SOUTH_AMERICA,Napo,,,,2023-03-18T12:47,False,David Torres,iNaturalist,http://creativecommons.org/licenses/by-nc/4.0/,David Torres,https://inaturalist-open-data.s3.amazonaws.com/photos/262138332/original.jpg; https://inaturalist-open-data.s3.amazonaws.com/photos/262138340/original.jpg; https://inaturalist-open-data.s3.amazonaws.com/photos/262138347/original.jpg; https://inaturalist-open-data.s3.amazonaws.com/photos/262138507/original.jpg; https://inaturalist-open-data.s3.amazonaws.com/photos/262138518/original.jpg; https://inaturalist-open-data.s3.amazonaws.com/photos/262138530/original.jpg; https://inaturalist-open-data.s3.amazonaws.com/photos/262138542/original.jpg; https://inaturalist-open-data.s3.amazonaws.com/photos/262138547/original.jpg; https://inaturalist-open-data.s3.amazonaws.com/photos/262138556/original.jpg; https://inaturalist-open-data.s3.amazonaws.com/photos/262138567/original.jpg; https://inaturalist-open-data.s3.amazonaws.com/photos/262138579/original.jpg; https://inaturalist-open-data.s3.amazonaws.com/photos/262138603/original.jpg,k-western-south-america,2024-10-21 23:48:13
original_4075614083_8.jpg,3152205,Theobroma cacao,0.8920000000000001,"Heliangelus exortis (Fraser, 1840)",2476708,-0.378486,-78.074128,15.0,SOUTH_AMERICA,Napo,,,,2023-03-18T12:47,False,David Torres,iNaturalist,http://creativecommons.org/licenses/by-nc/4.0/,David Torres,https://inaturalist-open-data.s3.amazonaws.com/photos/262138332/original.jpg; https://inaturalist-open-data.s3.amazonaws.com/photos/262138340/original.jpg; https://inaturalist-open-data.s3.amazonaws.com/photos/262138347/original.jpg; https://inaturalist-open-data.s3.amazonaws.com/photos/262138507/original.jpg; https://inaturalist-open-data.s3.amazonaws.com/photos/262138518/original.jpg; https://inaturalist-open-data.s3.amazonaws.com/photos/262138530/original.jpg; https://inaturalist-open-data.s3.amazonaws.com/photos/262138542/original.jpg; https://inaturalist-open-data.s3.amazonaws.com/photos/262138547/original.jpg; https://inaturalist-open-data.s3.amazonaws.com/photos/262138556/original.jpg; https://inaturalist-open-data.s3.amazonaws.com/photos/262138567/original.jpg; https://inaturalist-open-data.s3.amazonaws.com/photos/262138579/original.jpg; https://inaturalist-open-data.s3.amazonaws.com/photos/262138603/original.jpg,k-western-south-america,2024-10-21 23:48:22
original_4075800601_1.jpg,5372800,Salix purpurea,0.744,"Heliangelus exortis (Fraser, 1840)",2476708,5.246368,-76.086001,122.0,SOUTH_AMERICA,Risaralda,,,,2023-03-21T05:33,False,rwcannon57,iNaturalist,http://creativecommons.org/licenses/by-nc/4.0/,rwcannon57,https://inaturalist-open-data.s3.amazonaws.com/photos/263006928/original.jpg; https://inaturalist-open-data.s3.amazonaws.com/photos/263007601/original.jpg; https://inaturalist-open-data.s3.amazonaws.com/photos/263007604/original.jpg,k-western-south-america,2024-10-21 23:48:27
original_4075800601_2.jpg,3082440,Lecythis pisonis,1.432,"Heliangelus exortis (Fraser, 1840)",2476708,5.246368,-76.086001,122.0,SOUTH_AMERICA,Risaralda,,,,2023-03-21T05:33,False,rwcannon57,iNaturalist,http://creativecommons.org/licenses/by-nc/4.0/,rwcannon57,https://inaturalist-open-data.s3.amazonaws.com/photos/263006928/original.jpg; https://inaturalist-open-data.s3.amazonaws.com/photos/263007601/original.jpg; https://inaturalist-open-data.s3.amazonaws.com/photos/263007604/original.jpg,k-western-south-america,2024-10-21 23:48:28
original_4075800601_3.jpg,5372800,Salix purpurea,2.092,"Heliangelus exortis (Fraser, 1840)",2476708,5.246368,-76.086001,122.0,SOUTH_AMERICA,Risaralda,,,,2023-03-21T05:33,False,rwcannon57,iNaturalist,http://creativecommons.org/licenses/by-nc/4.0/,rwcannon57,https://inaturalist-open-data.s3.amazonaws.com/photos/263006928/original.jpg; https://inaturalist-open-data.s3.amazonaws.com/photos/263007601/original.jpg; https://inaturalist-open-data.s3.amazonaws.com/photos/263007604/original.jpg,k-western-south-america,2024-10-21 23:48:30
original_4096732219_1.jpg,4173060,Psammisia coarctata,4.557,"Heliangelus exortis (Fraser, 1840)",2476708,6.873025,-75.584141,767.0,SOUTH_AMERICA,Antioquia,,,,2023-04-15T08:11,False,Julian Alzate,iNaturalist,http://creativecommons.org/licenses/by-nc/4.0/,Julian Alzate,https://inaturalist-open-data.s3.amazonaws.com/photos/269694542/original.jpg,k-western-south-america,2024-10-21 23:48:42
original_4102674409_1.jpeg,2735462,Oenocarpus bataua,2.366,"Heliangelus exortis (Fraser, 1840)",2476708,6.116163,-75.544243,263.0,SOUTH_AMERICA,Antioquia,,,,2022-07-12T11:19:44,False,Jerson Marín,iNaturalist,http://creativecommons.org/licenses/by-nc/4.0/,Jerson Marín,https://inaturalist-open-data.s3.amazonaws.com/photos/213731821/original.jpeg; https://inaturalist-open-data.s3.amazonaws.com/photos/213731848/original.jpeg,k-western-south-america,2024-10-21 23:48:44
original_4102674409_2.jpeg,5320021,Epidendrum nocturnum,17.150000000000002,"Heliangelus exortis (Fraser, 1840)",2476708,6.116163,-75.544243,263.0,SOUTH_AMERICA,Antioquia,,,,2022-07-12T11:19:44,False,Jerson Marín,iNaturalist,http://creativecommons.org/licenses/by-nc/4.0/,Jerson Marín,https://inaturalist-open-data.s3.amazonaws.com/photos/213731821/original.jpeg; https://inaturalist-open-data.s3.amazonaws.com/photos/213731848/original.jpeg,k-western-south-america,2024-10-21 23:48:46
original_4112221196_1.jpg,3155772,Guatteria punctata,3.1550000000000002,"Heliangelus exortis (Fraser, 1840)",2476708,-0.370086,-78.077556,3583.0,SOUTH_AMERICA,Napo,,,,2022-01-20T15:59:07,False,Erik Atwell,iNaturalist,http://creativecommons.org/licenses/by-nc/4.0/,Erik Atwell,https://inaturalist-open-data.s3.amazonaws.com/photos/277686281/original.jpg; https://inaturalist-open-data.s3.amazonaws.com/photos/277686298/original.jpg,k-western-south-america,2024-10-21 23:48:54
original_4116121653_1.jpg,5406784,Pavonia spinifex,2.8920000000000003,"Heliangelus exortis (Fraser, 1840)",2476708,4.970432,-75.37819,208.0,SOUTH_AMERICA,Caldas,,,,2022-11-09T11:14,False,David Monroy R,iNaturalist,http://creativecommons.org/licenses/by-nc/4.0/,David Monroy R,https://inaturalist-open-data.s3.amazonaws.com/photos/272028682/original.jpg,k-western-south-america,2024-10-21 23:48:59
original_4126853156_1.jpg,2695266,Tillandsia variabilis,0.6930000000000001,"Heliangelus exortis (Fraser, 1840)",2476708,5.066969,-75.448636,212.0,SOUTH_AMERICA,Caldas,,,,2015-09-22T12:03,False,Tim Forrester,iNaturalist,http://creativecommons.org/licenses/by-nc/4.0/,Tim Forrester,https://inaturalist-open-data.s3.amazonaws.com/photos/263193567/original.jpg,k-western-south-america,2024-10-21 23:49:04
original_4126917518_1.jpeg,5372391,Vitis tiliifolia,5.619,"Heliangelus exortis (Fraser, 1840)",2476708,-0.374483,-78.098871,488.0,SOUTH_AMERICA,Napo,,,,2023-05-21T08:23,False,jazi_e29,iNaturalist,http://creativecommons.org/licenses/by-nc/4.0/,jazi_e29,https://inaturalist-open-data.s3.amazonaws.com/photos/282964070/original.jpeg; https://inaturalist-open-data.s3.amazonaws.com/photos/282964079/original.jpeg; https://inaturalist-open-data.s3.amazonaws.com/photos/282964091/original.jpeg; https://inaturalist-open-data.s3.amazonaws.com/photos/282964122/original.jpeg; https://inaturalist-open-data.s3.amazonaws.com/photos/282964139/original.jpeg; https://inaturalist-open-data.s3.amazonaws.com/photos/282964191/original.jpeg; https://inaturalist-open-data.s3.amazonaws.com/photos/282964212/original.jpeg; https://inaturalist-open-data.s3.amazonaws.com/photos/282964228/original.jpeg; https://inaturalist-open-data.s3.amazonaws.com/photos/282964263/original.jpeg,k-western-south-america,2024-10-21 23:49:06
original_4126917518_2.jpeg,5372391,Vitis tiliifolia,7.945,"Heliangelus exortis (Fraser, 1840)",2476708,-0.374483,-78.098871,488.0,SOUTH_AMERICA,Napo,,,,2023-05-21T08:23,False,jazi_e29,iNaturalist,http://creativecommons.org/licenses/by-nc/4.0/,jazi_e29,https://inaturalist-open-data.s3.amazonaws.com/photos/282964070/original.jpeg; https://inaturalist-open-data.s3.amazonaws.com/photos/282964079/original.jpeg; https://inaturalist-open-data.s3.amazonaws.com/photos/282964091/original.jpeg; https://inaturalist-open-data.s3.amazonaws.com/photos/282964122/original.jpeg; https://inaturalist-open-data.s3.amazonaws.com/photos/282964139/original.jpeg; https://inaturalist-open-data.s3.amazonaws.com/photos/282964191/original.jpeg; https://inaturalist-open-data.s3.amazonaws.com/photos/282964212/original.jpeg; https://inaturalist-open-data.s3.amazonaws.com/photos/282964228/original.jpeg; https://inaturalist-open-data.s3.amazonaws.com/photos/282964263/original.jpeg,k-western-south-america,2024-10-21 23:49:08
original_4126917518_3.jpeg,2984335,Urera caracasana,3.2750000000000004,"Heliangelus exortis (Fraser, 1840)",2476708,-0.374483,-78.098871,488.0,SOUTH_AMERICA,Napo,,,,2023-05-21T08:23,False,jazi_e29,iNaturalist,http://creativecommons.org/licenses/by-nc/4.0/,jazi_e29,https://inaturalist-open-data.s3.amazonaws.com/photos/282964070/original.jpeg; https://inaturalist-open-data.s3.amazonaws.com/photos/282964079/original.jpeg; https://inaturalist-open-data.s3.amazonaws.com/photos/282964091/original.jpeg; https://inaturalist-open-data.s3.amazonaws.com/photos/282964122/original.jpeg; https://inaturalist-open-data.s3.amazonaws.com/photos/282964139/original.jpeg; https://inaturalist-open-data.s3.amazonaws.com/photos/282964191/original.jpeg; https://inaturalist-open-data.s3.amazonaws.com/photos/282964212/original.jpeg; https://inaturalist-open-data.s3.amazonaws.com/photos/282964228/original.jpeg; https://inaturalist-open-data.s3.amazonaws.com/photos/282964263/original.jpeg,k-western-south-america,2024-10-21 23:49:11
original_4126917518_4.jpeg,5372391,Vitis tiliifolia,3.293,"Heliangelus exortis (Fraser, 1840)",2476708,-0.374483,-78.098871,488.0,SOUTH_AMERICA,Napo,,,,2023-05-21T08:23,False,jazi_e29,iNaturalist,http://creativecommons.org/licenses/by-nc/4.0/,jazi_e29,https://inaturalist-open-data.s3.amazonaws.com/photos/282964070/original.jpeg; https://inaturalist-open-data.s3.amazonaws.com/photos/282964079/original.jpeg; https://inaturalist-open-data.s3.amazonaws.com/photos/282964091/original.jpeg; https://inaturalist-open-data.s3.amazonaws.com/photos/282964122/original.jpeg; https://inaturalist-open-data.s3.amazonaws.com/photos/282964139/original.jpeg; https://inaturalist-open-data.s3.amazonaws.com/photos/282964191/original.jpeg; https://inaturalist-open-data.s3.amazonaws.com/photos/282964212/original.jpeg; https://inaturalist-open-data.s3.amazonaws.com/photos/282964228/original.jpeg; https://inaturalist-open-data.s3.amazonaws.com/photos/282964263/original.jpeg,k-western-south-america,2024-10-21 23:49:14
original_4126917518_5.jpeg,2984359,Boehmeria nivea,2.563,"Heliangelus exortis (Fraser, 1840)",2476708,-0.374483,-78.098871,488.0,SOUTH_AMERICA,Napo,,,,2023-05-21T08:23,False,jazi_e29,iNaturalist,http://creativecommons.org/licenses/by-nc/4.0/,jazi_e29,https://inaturalist-open-data.s3.amazonaws.com/photos/282964070/original.jpeg; https://inaturalist-open-data.s3.amazonaws.com/photos/282964079/original.jpeg; https://inaturalist-open-data.s3.amazonaws.com/photos/282964091/original.jpeg; https://inaturalist-open-data.s3.amazonaws.com/photos/282964122/original.jpeg; https://inaturalist-open-data.s3.amazonaws.com/photos/282964139/original.jpeg; https://inaturalist-open-data.s3.amazonaws.com/photos/282964191/original.jpeg; https://inaturalist-open-data.s3.amazonaws.com/photos/282964212/original.jpeg; https://inaturalist-open-data.s3.amazonaws.com/photos/282964228/original.jpeg; https://inaturalist-open-data.s3.amazonaws.com/photos/282964263/original.jpeg,k-western-south-america,2024-10-21 23:49:16
original_4126917518_8.jpeg,2873511,Anthurium obtusilobum,7.710999999999999,"Heliangelus exortis (Fraser, 1840)",2476708,-0.374483,-78.098871,488.0,SOUTH_AMERICA,Napo,,,,2023-05-21T08:23,False,jazi_e29,iNaturalist,http://creativecommons.org/licenses/by-nc/4.0/,jazi_e29,https://inaturalist-open-data.s3.amazonaws.com/photos/282964070/original.jpeg; https://inaturalist-open-data.s3.amazonaws.com/photos/282964079/original.jpeg; https://inaturalist-open-data.s3.amazonaws.com/photos/282964091/original.jpeg; https://inaturalist-open-data.s3.amazonaws.com/photos/282964122/original.jpeg; https://inaturalist-open-data.s3.amazonaws.com/photos/282964139/original.jpeg; https://inaturalist-open-data.s3.amazonaws.com/photos/282964191/original.jpeg; https://inaturalist-open-data.s3.amazonaws.com/photos/282964212/original.jpeg; https://inaturalist-open-data.s3.amazonaws.com/photos/282964228/original.jpeg; https://inaturalist-open-data.s3.amazonaws.com/photos/282964263/original.jpeg,k-western-south-america,2024-10-21 23:49:22
original_4126917518_9.jpeg,5591185,Drymonia coccinea,1.5150000000000001,"Heliangelus exortis (Fraser, 1840)",2476708,-0.374483,-78.098871,488.0,SOUTH_AMERICA,Napo,,,,2023-05-21T08:23,False,jazi_e29,iNaturalist,http://creativecommons.org/licenses/by-nc/4.0/,jazi_e29,https://inaturalist-open-data.s3.amazonaws.com/photos/282964070/original.jpeg; https://inaturalist-open-data.s3.amazonaws.com/photos/282964079/original.jpeg; https://inaturalist-open-data.s3.amazonaws.com/photos/282964091/original.jpeg; https://inaturalist-open-data.s3.amazonaws.com/photos/282964122/original.jpeg; https://inaturalist-open-data.s3.amazonaws.com/photos/282964139/original.jpeg; https://inaturalist-open-data.s3.amazonaws.com/photos/282964191/original.jpeg; https://inaturalist-open-data.s3.amazonaws.com/photos/282964212/original.jpeg; https://inaturalist-open-data.s3.amazonaws.com/photos/282964228/original.jpeg; https://inaturalist-open-data.s3.amazonaws.com/photos/282964263/original.jpeg,k-western-south-america,2024-10-21 23:49:24
original_4127251116_1.jpeg,7309398,Vitex megapotamica,9.476999999999999,"Heliangelus exortis (Fraser, 1840)",2476708,5.062974,-75.50277,11785.0,SOUTH_AMERICA,Caldas,,,,2023-02-13T04:10,False,Bruce Taylor,iNaturalist,http://creativecommons.org/licenses/by-nc/4.0/,Bruce Taylor,https://inaturalist-open-data.s3.amazonaws.com/photos/258067623/original.jpeg,k-western-south-america,2024-10-21 23:49:27
original_4129793410_1.jpg,4093319,Delostoma integrifolium,3.9419999999999997,"Heliangelus exortis (Fraser, 1840)",2476708,5.06926,-73.65044,6056.0,SOUTH_AMERICA,Cundinamarca,,,,2022-04-13T09:59:40,False,Consuelo Sánchez,iNaturalist,http://creativecommons.org/licenses/by-nc/4.0/,Consuelo Sánchez,https://inaturalist-open-data.s3.amazonaws.com/photos/189209452/original.jpg; https://inaturalist-open-data.s3.amazonaws.com/photos/189209467/original.jpg; https://inaturalist-open-data.s3.amazonaws.com/photos/189209478/original.jpg,k-western-south-america,2024-10-21 23:49:31
original_4129793410_2.jpg,7971787,Vaccinium floribundum,1.461,"Heliangelus exortis (Fraser, 1840)",2476708,5.06926,-73.65044,6056.0,SOUTH_AMERICA,Cundinamarca,,,,2022-04-13T09:59:40,False,Consuelo Sánchez,iNaturalist,http://creativecommons.org/licenses/by-nc/4.0/,Consuelo Sánchez,https://inaturalist-open-data.s3.amazonaws.com/photos/189209452/original.jpg; https://inaturalist-open-data.s3.amazonaws.com/photos/189209467/original.jpg; https://inaturalist-open-data.s3.amazonaws.com/photos/189209478/original.jpg,k-western-south-america,2024-10-21 23:49:32
original_4129793410_3.jpg,4170327,Macleania rupestris,7.352,"Heliangelus exortis (Fraser, 1840)",2476708,5.06926,-73.65044,6056.0,SOUTH_AMERICA,Cundinamarca,,,,2022-04-13T09:59:40,False,Consuelo Sánchez,iNaturalist,http://creativecommons.org/licenses/by-nc/4.0/,Consuelo Sánchez,https://inaturalist-open-data.s3.amazonaws.com/photos/189209452/original.jpg; https://inaturalist-open-data.s3.amazonaws.com/photos/189209467/original.jpg; https://inaturalist-open-data.s3.amazonaws.com/photos/189209478/original.jpg,k-western-south-america,2024-10-21 23:49:34
original_4133607516_1.jpg,3172559,Bignonia aequinoctialis,4.77,"Heliangelus exortis (Fraser, 1840)",2476708,-0.37845,-78.074135,,SOUTH_AMERICA,Napo,,,,2008-11-19T11:03:33,False,Ryan Shaw,iNaturalist,http://creativecommons.org/licenses/by-nc/4.0/,Ryan Shaw,https://inaturalist-open-data.s3.amazonaws.com/photos/260758681/original.jpg,k-western-south-america,2024-10-21 23:49:39
original_4133709558_1.jpeg,2984359,Boehmeria nivea,8.087,"Heliangelus exortis (Fraser, 1840)",2476708,-0.37845,-78.074135,237.0,SOUTH_AMERICA,Napo,,,,2023-05-21T08:27,False,Dome,iNaturalist,http://creativecommons.org/licenses/by-nc/4.0/,Dome,https://inaturalist-open-data.s3.amazonaws.com/photos/283800300/original.jpeg; https://inaturalist-open-data.s3.amazonaws.com/photos/283800331/original.jpeg,k-western-south-america,2024-10-21 23:49:44
original_4133709558_2.jpeg,5590493,Drymonia serrulata,5.933999999999999,"Heliangelus exortis (Fraser, 1840)",2476708,-0.37845,-78.074135,237.0,SOUTH_AMERICA,Napo,,,,2023-05-21T08:27,False,Dome,iNaturalist,http://creativecommons.org/licenses/by-nc/4.0/,Dome,https://inaturalist-open-data.s3.amazonaws.com/photos/283800300/original.jpeg; https://inaturalist-open-data.s3.amazonaws.com/photos/283800331/original.jpeg,k-western-south-america,2024-10-21 23:49:46
original_4137582767_1.jpeg,2984359,Boehmeria nivea,1.9560000000000002,"Heliangelus exortis (Fraser, 1840)",2476708,-0.37845,-78.074135,237.0,SOUTH_AMERICA,Napo,,,,2023-02-28T12:29,False,vivienneo,iNaturalist,http://creativecommons.org/licenses/by-nc/4.0/,vivienneo,https://inaturalist-open-data.s3.amazonaws.com/photos/262727243/original.jpeg,k-western-south-america,2024-10-21 23:49:51
original_4137583818_1.jpeg,3188559,Miconia affinis,4.026,"Heliangelus exortis (Fraser, 1840)",2476708,-0.37542,-78.081465,587.0,SOUTH_AMERICA,Napo,,,,2023-05-21T08:44,False,jazi_e29,iNaturalist,http://creativecommons.org/licenses/by-nc/4.0/,jazi_e29,https://inaturalist-open-data.s3.amazonaws.com/photos/282971744/original.jpeg; https://inaturalist-open-data.s3.amazonaws.com/photos/282971768/original.jpeg,k-western-south-america,2024-10-21 23:49:53
original_4137583818_2.jpeg,3188559,Miconia affinis,1.9009999999999998,"Heliangelus exortis (Fraser, 1840)",2476708,-0.37542,-78.081465,587.0,SOUTH_AMERICA,Napo,,,,2023-05-21T08:44,False,jazi_e29,iNaturalist,http://creativecommons.org/licenses/by-nc/4.0/,jazi_e29,https://inaturalist-open-data.s3.amazonaws.com/photos/282971744/original.jpeg; https://inaturalist-open-data.s3.amazonaws.com/photos/282971768/original.jpeg,k-western-south-america,2024-10-21 23:49:56
original_4137696498_1.jpeg,4093319,Delostoma integrifolium,3.1329999999999996,"Heliangelus exortis (Fraser, 1840)",2476708,-0.442763,-78.029603,,SOUTH_AMERICA,Napo,,,,2023-01-25T10:23,False,Luis Yupa,iNaturalist,http://creativecommons.org/licenses/by-nc/4.0/,Luis Yupa,https://inaturalist-open-data.s3.amazonaws.com/photos/253536057/original.jpeg; https://inaturalist-open-data.s3.amazonaws.com/photos/253536191/original.jpeg,k-western-south-america,2024-10-21 23:50:07
original_4137696498_2.jpeg,3086328,Piper tuberculatum,1.019,"Heliangelus exortis (Fraser, 1840)",2476708,-0.442763,-78.029603,,SOUTH_AMERICA,Napo,,,,2023-01-25T10:23,False,Luis Yupa,iNaturalist,http://creativecommons.org/licenses/by-nc/4.0/,Luis Yupa,https://inaturalist-open-data.s3.amazonaws.com/photos/253536057/original.jpeg; https://inaturalist-open-data.s3.amazonaws.com/photos/253536191/original.jpeg,k-western-south-america,2024-10-21 23:50:10
original_4138081203_1.jpg,2930137,Solanum lycopersicum,53.019000000000005,"Heliangelus exortis (Fraser, 1840)",2476708,4.606985,-74.303117,,SOUTH_AMERICA,Cundinamarca,,,,2023-06-10T08:28,False,Mike Ostrowski,iNaturalist,http://creativecommons.org/licenses/by-sa/4.0/,Mike Ostrowski,https://inaturalist-open-data.s3.amazonaws.com/photos/291826975/original.jpg,k-western-south-america,2024-10-21 23:50:24
original_4138224497_1.png,8368994,Passiflora mixta,5.953,"Heliangelus exortis (Fraser, 1840)",2476708,-0.378563,-78.074188,15.0,SOUTH_AMERICA,Napo,,,,2019-09-10,False,miguel1958,iNaturalist,http://creativecommons.org/licenses/by-nc/4.0/,miguel1958,https://inaturalist-open-data.s3.amazonaws.com/photos/272956218/original.png,k-western-south-america,2024-10-21 23:50:29
original_4145184478_1.jpeg,5305162,Kniphofia × praecox,0.364,"Heliangelus exortis (Fraser, 1840)",2476708,4.629686,-75.452598,4.0,SOUTH_AMERICA,Quindío,,,,2023-03-01T09:44,False,Yemay Toro López,iNaturalist,http://creativecommons.org/licenses/by-nc/4.0/,Yemay Toro López,https://inaturalist-open-data.s3.amazonaws.com/photos/258892536/original.jpeg,k-western-south-america,2024-10-21 23:50:32
original_4145600222_1.jpg,4093319,Delostoma integrifolium,2.283,"Heliangelus exortis (Fraser, 1840)",2476708,-0.3801,-78.074208,113.0,SOUTH_AMERICA,Napo,,,,2023-06-22T15:39,False,Sean Salazar,iNaturalist,http://creativecommons.org/licenses/by-nc/4.0/,Sean Salazar,https://inaturalist-open-data.s3.amazonaws.com/photos/296521162/original.jpg,k-western-south-america,2024-10-21 23:50:34
original_4145638489_1.jpeg,6365487,Columnea consanguinea,0.7929999999999999,"Heliangelus exortis (Fraser, 1840)",2476708,-0.37845,-78.074135,237.0,SOUTH_AMERICA,Napo,,,,2023-02-28T12:28,False,vivienneo,iNaturalist,http://creativecommons.org/licenses/by-nc/4.0/,vivienneo,https://inaturalist-open-data.s3.amazonaws.com/photos/262727204/original.jpeg,k-western-south-america,2024-10-21 23:50:37
original_4145711389_2.jpg,2651706,Acrostichum aureum,3.9170000000000003,"Heliangelus exortis (Fraser, 1840)",2476708,-0.3801,-78.074208,113.0,SOUTH_AMERICA,Napo,,,,2023-06-22T15:53,False,Sean Salazar,iNaturalist,http://creativecommons.org/licenses/by-nc/4.0/,Sean Salazar,https://inaturalist-open-data.s3.amazonaws.com/photos/296521219/original.jpg; https://inaturalist-open-data.s3.amazonaws.com/photos/296521259/original.jpg,k-western-south-america,2024-10-21 23:50:41
original_4162149506_1.jpeg,8368994,Passiflora mixta,8.178,"Heliangelus exortis (Fraser, 1840)",2476708,4.727587,-74.362193,283.0,SOUTH_AMERICA,Cundinamarca,,,,2023-05-11T13:12,False,Andrés Ramírez-Barrera,iNaturalist,http://creativecommons.org/licenses/by/4.0/,Andrés Ramírez-Barrera,https://inaturalist-open-data.s3.amazonaws.com/photos/278837280/original.jpeg,k-western-south-america,2024-10-21 23:50:43
original_4162160613_1.jpeg,6365487,Columnea consanguinea,1.205,"Heliangelus exortis (Fraser, 1840)",2476708,-0.378159,-78.074099,,SOUTH_AMERICA,Napo,,,,2023-01-27T11:50,False,moodejo,iNaturalist,http://creativecommons.org/licenses/by-nc/4.0/,moodejo,https://inaturalist-open-data.s3.amazonaws.com/photos/298422948/original.jpeg; https://inaturalist-open-data.s3.amazonaws.com/photos/298422959/original.jpeg,k-western-south-america,2024-10-21 23:50:46
original_4162160613_2.jpeg,2650661,Asplenium serratum,2.6550000000000002,"Heliangelus exortis (Fraser, 1840)",2476708,-0.378159,-78.074099,,SOUTH_AMERICA,Napo,,,,2023-01-27T11:50,False,moodejo,iNaturalist,http://creativecommons.org/licenses/by-nc/4.0/,moodejo,https://inaturalist-open-data.s3.amazonaws.com/photos/298422948/original.jpeg; https://inaturalist-open-data.s3.amazonaws.com/photos/298422959/original.jpeg,k-western-south-america,2024-10-21 23:50:49
original_4165331481_2.jpg,2874119,Xylosma flexuosa,4.9399999999999995,"Heliangelus exortis (Fraser, 1840)",2476708,-0.378486,-78.074128,15.0,SOUTH_AMERICA,Napo,,,,2023-03-18T12:32,False,David Torres,iNaturalist,http://creativecommons.org/licenses/by-nc/4.0/,David Torres,https://inaturalist-open-data.s3.amazonaws.com/photos/262138300/original.jpg; https://inaturalist-open-data.s3.amazonaws.com/photos/262138313/original.jpg; https://inaturalist-open-data.s3.amazonaws.com/photos/262138324/original.jpg,k-western-south-america,2024-10-21 23:50:54
original_4165331481_3.jpg,2874119,Xylosma flexuosa,12.386999999999999,"Heliangelus exortis (Fraser, 1840)",2476708,-0.378486,-78.074128,15.0,SOUTH_AMERICA,Napo,,,,2023-03-18T12:32,False,David Torres,iNaturalist,http://creativecommons.org/licenses/by-nc/4.0/,David Torres,https://inaturalist-open-data.s3.amazonaws.com/photos/262138300/original.jpg; https://inaturalist-open-data.s3.amazonaws.com/photos/262138313/original.jpg; https://inaturalist-open-data.s3.amazonaws.com/photos/262138324/original.jpg,k-western-south-america,2024-10-21 23:50:56
original_4165432448_1.jpg,3614691,Plumeria pudica,4.558,"Heliangelus exortis (Fraser, 1840)",2476708,-0.378486,-78.074128,15.0,SOUTH_AMERICA,Napo,,,,2023-03-18T12:31,False,David Torres,iNaturalist,http://creativecommons.org/licenses/by-nc/4.0/,David Torres,https://inaturalist-open-data.s3.amazonaws.com/photos/262138262/original.jpg; https://inaturalist-open-data.s3.amazonaws.com/photos/262138273/original.jpg; https://inaturalist-open-data.s3.amazonaws.com/photos/262138282/original.jpg,k-western-south-america,2024-10-21 23:51:03
original_4165432448_2.jpg,4261683,Entelea arborescens,2.165,"Heliangelus exortis (Fraser, 1840)",2476708,-0.378486,-78.074128,15.0,SOUTH_AMERICA,Napo,,,,2023-03-18T12:31,False,David Torres,iNaturalist,http://creativecommons.org/licenses/by-nc/4.0/,David Torres,https://inaturalist-open-data.s3.amazonaws.com/photos/262138262/original.jpg; https://inaturalist-open-data.s3.amazonaws.com/photos/262138273/original.jpg; https://inaturalist-open-data.s3.amazonaws.com/photos/262138282/original.jpg,k-western-south-america,2024-10-21 23:51:05
original_4165432448_3.jpg,4261683,Entelea arborescens,1.9140000000000001,"Heliangelus exortis (Fraser, 1840)",2476708,-0.378486,-78.074128,15.0,SOUTH_AMERICA,Napo,,,,2023-03-18T12:31,False,David Torres,iNaturalist,http://creativecommons.org/licenses/by-nc/4.0/,David Torres,https://inaturalist-open-data.s3.amazonaws.com/photos/262138262/original.jpg; https://inaturalist-open-data.s3.amazonaws.com/photos/262138273/original.jpg; https://inaturalist-open-data.s3.amazonaws.com/photos/262138282/original.jpg,k-western-south-america,2024-10-21 23:51:07
original_4165497503_2.jpg,4928885,Toxicodendron striatum,1.6039999999999999,"Heliangelus exortis (Fraser, 1840)",2476708,-0.378486,-78.074128,15.0,SOUTH_AMERICA,Napo,,,,2023-03-18T12:19,False,David Torres,iNaturalist,http://creativecommons.org/licenses/by-nc/4.0/,David Torres,https://inaturalist-open-data.s3.amazonaws.com/photos/262137987/original.jpg; https://inaturalist-open-data.s3.amazonaws.com/photos/262138001/original.jpg; https://inaturalist-open-data.s3.amazonaws.com/photos/262138007/original.jpg; https://inaturalist-open-data.s3.amazonaws.com/photos/262138019/original.jpg,k-western-south-america,2024-10-21 23:51:11
original_4165497503_3.jpg,5536313,Prestonia portobellensis,1.805,"Heliangelus exortis (Fraser, 1840)",2476708,-0.378486,-78.074128,15.0,SOUTH_AMERICA,Napo,,,,2023-03-18T12:19,False,David Torres,iNaturalist,http://creativecommons.org/licenses/by-nc/4.0/,David Torres,https://inaturalist-open-data.s3.amazonaws.com/photos/262137987/original.jpg; https://inaturalist-open-data.s3.amazonaws.com/photos/262138001/original.jpg; https://inaturalist-open-data.s3.amazonaws.com/photos/262138007/original.jpg; https://inaturalist-open-data.s3.amazonaws.com/photos/262138019/original.jpg,k-western-south-america,2024-10-21 23:51:13
original_4165497503_4.jpg,2925536,Petrea volubilis,5.944,"Heliangelus exortis (Fraser, 1840)",2476708,-0.378486,-78.074128,15.0,SOUTH_AMERICA,Napo,,,,2023-03-18T12:19,False,David Torres,iNaturalist,http://creativecommons.org/licenses/by-nc/4.0/,David Torres,https://inaturalist-open-data.s3.amazonaws.com/photos/262137987/original.jpg; https://inaturalist-open-data.s3.amazonaws.com/photos/262138001/original.jpg; https://inaturalist-open-data.s3.amazonaws.com/photos/262138007/original.jpg; https://inaturalist-open-data.s3.amazonaws.com/photos/262138019/original.jpg,k-western-south-america,2024-10-21 23:51:15
original_4165533442_3.jpg,4261683,Entelea arborescens,2.52,"Heliangelus exortis (Fraser, 1840)",2476708,-0.378486,-78.074128,15.0,SOUTH_AMERICA,Napo,,,,2023-03-18T12:44,False,David Torres,iNaturalist,http://creativecommons.org/licenses/by-nc/4.0/,David Torres,https://inaturalist-open-data.s3.amazonaws.com/photos/262138416/original.jpg; https://inaturalist-open-data.s3.amazonaws.com/photos/262138419/original.jpg; https://inaturalist-open-data.s3.amazonaws.com/photos/262138429/original.jpg; https://inaturalist-open-data.s3.amazonaws.com/photos/262138438/original.jpg; https://inaturalist-open-data.s3.amazonaws.com/photos/262138444/original.jpg; https://inaturalist-open-data.s3.amazonaws.com/photos/262138450/original.jpg; https://inaturalist-open-data.s3.amazonaws.com/photos/262138456/original.jpg; https://inaturalist-open-data.s3.amazonaws.com/photos/262138469/original.jpg; https://inaturalist-open-data.s3.amazonaws.com/photos/262138475/original.jpg; https://inaturalist-open-data.s3.amazonaws.com/photos/262138485/original.jpg; https://inaturalist-open-data.s3.amazonaws.com/photos/262138496/original.jpg,k-western-south-america,2024-10-21 23:51:25
original_4165533442_4.jpg,2962854,Pithecellobium unguis-cati,2.464,"Heliangelus exortis (Fraser, 1840)",2476708,-0.378486,-78.074128,15.0,SOUTH_AMERICA,Napo,,,,2023-03-18T12:44,False,David Torres,iNaturalist,http://creativecommons.org/licenses/by-nc/4.0/,David Torres,https://inaturalist-open-data.s3.amazonaws.com/photos/262138416/original.jpg; https://inaturalist-open-data.s3.amazonaws.com/photos/262138419/original.jpg; https://inaturalist-open-data.s3.amazonaws.com/photos/262138429/original.jpg; https://inaturalist-open-data.s3.amazonaws.com/photos/262138438/original.jpg; https://inaturalist-open-data.s3.amazonaws.com/photos/262138444/original.jpg; https://inaturalist-open-data.s3.amazonaws.com/photos/262138450/original.jpg; https://inaturalist-open-data.s3.amazonaws.com/photos/262138456/original.jpg; https://inaturalist-open-data.s3.amazonaws.com/photos/262138469/original.jpg; https://inaturalist-open-data.s3.amazonaws.com/photos/262138475/original.jpg; https://inaturalist-open-data.s3.amazonaws.com/photos/262138485/original.jpg; https://inaturalist-open-data.s3.amazonaws.com/photos/262138496/original.jpg,k-western-south-america,2024-10-21 23:51:28
original_4165533442_6.jpg,4093319,Delostoma integrifolium,1.195,"Heliangelus exortis (Fraser, 1840)",2476708,-0.378486,-78.074128,15.0,SOUTH_AMERICA,Napo,,,,2023-03-18T12:44,False,David Torres,iNaturalist,http://creativecommons.org/licenses/by-nc/4.0/,David Torres,https://inaturalist-open-data.s3.amazonaws.com/photos/262138416/original.jpg; https://inaturalist-open-data.s3.amazonaws.com/photos/262138419/original.jpg; https://inaturalist-open-data.s3.amazonaws.com/photos/262138429/original.jpg; https://inaturalist-open-data.s3.amazonaws.com/photos/262138438/original.jpg; https://inaturalist-open-data.s3.amazonaws.com/photos/262138444/original.jpg; https://inaturalist-open-data.s3.amazonaws.com/photos/262138450/original.jpg; https://inaturalist-open-data.s3.amazonaws.com/photos/262138456/original.jpg; https://inaturalist-open-data.s3.amazonaws.com/photos/262138469/original.jpg; https://inaturalist-open-data.s3.amazonaws.com/photos/262138475/original.jpg; https://inaturalist-open-data.s3.amazonaws.com/photos/262138485/original.jpg; https://inaturalist-open-data.s3.amazonaws.com/photos/262138496/original.jpg,k-western-south-america,2024-10-21 23:51:32
original_4165551492_1.jpg,5590493,Drymonia serrulata,8.841000000000001,"Heliangelus exortis (Fraser, 1840)",2476708,-0.378486,-78.074128,15.0,SOUTH_AMERICA,Napo,,,,2023-03-18T12:18,False,David Torres,iNaturalist,http://creativecommons.org/licenses/by-nc/4.0/,David Torres,https://inaturalist-open-data.s3.amazonaws.com/photos/262137930/original.jpg; https://inaturalist-open-data.s3.amazonaws.com/photos/262137953/original.jpg; https://inaturalist-open-data.s3.amazonaws.com/photos/262137969/original.jpg,k-western-south-america,2024-10-21 23:51:50
original_4165551492_2.jpg,3086365,Piper peltatum,6.890000000000001,"Heliangelus exortis (Fraser, 1840)",2476708,-0.378486,-78.074128,15.0,SOUTH_AMERICA,Napo,,,,2023-03-18T12:18,False,David Torres,iNaturalist,http://creativecommons.org/licenses/by-nc/4.0/,David Torres,https://inaturalist-open-data.s3.amazonaws.com/photos/262137930/original.jpg; https://inaturalist-open-data.s3.amazonaws.com/photos/262137953/original.jpg; https://inaturalist-open-data.s3.amazonaws.com/photos/262137969/original.jpg,k-western-south-america,2024-10-21 23:51:53
original_4165551492_3.jpg,3086365,Piper peltatum,6.139,"Heliangelus exortis (Fraser, 1840)",2476708,-0.378486,-78.074128,15.0,SOUTH_AMERICA,Napo,,,,2023-03-18T12:18,False,David Torres,iNaturalist,http://creativecommons.org/licenses/by-nc/4.0/,David Torres,https://inaturalist-open-data.s3.amazonaws.com/photos/262137930/original.jpg; https://inaturalist-open-data.s3.amazonaws.com/photos/262137953/original.jpg; https://inaturalist-open-data.s3.amazonaws.com/photos/262137969/original.jpg,k-western-south-america,2024-10-21 23:51:56
original_4165586413_1.jpg,2984335,Urera caracasana,1.2890000000000001,"Heliangelus exortis (Fraser, 1840)",2476708,-0.378486,-78.074128,15.0,SOUTH_AMERICA,Napo,,,,2023-03-18T12:19,False,David Torres,iNaturalist,http://creativecommons.org/licenses/by-nc/4.0/,David Torres,https://inaturalist-open-data.s3.amazonaws.com/photos/262138033/original.jpg; https://inaturalist-open-data.s3.amazonaws.com/photos/262138048/original.jpg; https://inaturalist-open-data.s3.amazonaws.com/photos/262138058/original.jpg,k-western-south-america,2024-10-21 23:51:58
original_4165586413_2.jpg,7323899,Operculina hamiltonii,0.699,"Heliangelus exortis (Fraser, 1840)",2476708,-0.378486,-78.074128,15.0,SOUTH_AMERICA,Napo,,,,2023-03-18T12:19,False,David Torres,iNaturalist,http://creativecommons.org/licenses/by-nc/4.0/,David Torres,https://inaturalist-open-data.s3.amazonaws.com/photos/262138033/original.jpg; https://inaturalist-open-data.s3.amazonaws.com/photos/262138048/original.jpg; https://inaturalist-open-data.s3.amazonaws.com/photos/262138058/original.jpg,k-western-south-america,2024-10-21 23:52:00
original_4165586413_3.jpg,5938225,Fuchsia boliviana,2.697,"Heliangelus exortis (Fraser, 1840)",2476708,-0.378486,-78.074128,15.0,SOUTH_AMERICA,Napo,,,,2023-03-18T12:19,False,David Torres,iNaturalist,http://creativecommons.org/licenses/by-nc/4.0/,David Torres,https://inaturalist-open-data.s3.amazonaws.com/photos/262138033/original.jpg; https://inaturalist-open-data.s3.amazonaws.com/photos/262138048/original.jpg; https://inaturalist-open-data.s3.amazonaws.com/photos/262138058/original.jpg,k-western-south-america,2024-10-21 23:52:02
original_4165599456_1.jpg,10932080,Miconia minutiflora,4.6080000000000005,"Heliangelus exortis (Fraser, 1840)",2476708,-0.378486,-78.074128,15.0,SOUTH_AMERICA,Napo,,,,2023-03-18T12:31,False,David Torres,iNaturalist,http://creativecommons.org/licenses/by-nc/4.0/,David Torres,https://inaturalist-open-data.s3.amazonaws.com/photos/262138290/original.jpg,k-western-south-america,2024-10-21 23:52:04
original_4171178371_1.jpg,8435196,Passiflora pallida,4.598,"Heliangelus exortis (Fraser, 1840)",2476708,-0.37845,-78.074135,237.0,SOUTH_AMERICA,Napo,,,,2021-08-13T23:11,False,Jana Václavíková,iNaturalist,http://creativecommons.org/licenses/by-nc/4.0/,Jana Václavíková,https://inaturalist-open-data.s3.amazonaws.com/photos/157495341/original.jpg; https://inaturalist-open-data.s3.amazonaws.com/photos/157495344/original.jpg,k-western-south-america,2024-10-21 23:52:14
original_4171178371_2.jpg,5372914,Salix humboldtiana,4.781,"Heliangelus exortis (Fraser, 1840)",2476708,-0.37845,-78.074135,237.0,SOUTH_AMERICA,Napo,,,,2021-08-13T23:11,False,Jana Václavíková,iNaturalist,http://creativecommons.org/licenses/by-nc/4.0/,Jana Václavíková,https://inaturalist-open-data.s3.amazonaws.com/photos/157495341/original.jpg; https://inaturalist-open-data.s3.amazonaws.com/photos/157495344/original.jpg,k-western-south-america,2024-10-21 23:52:16
original_4171262653_1.jpg,3886845,Salvia stachydifolia,5.546,"Heliangelus exortis (Fraser, 1840)",2476708,-0.37915,-78.074337,500.0,SOUTH_AMERICA,Napo,,,,2022-10-21T11:20,False,dirkmaes,iNaturalist,http://creativecommons.org/licenses/by-nc/4.0/,dirkmaes,https://inaturalist-open-data.s3.amazonaws.com/photos/243928895/original.jpg,k-western-south-america,2024-10-21 23:52:19
original_4171302657_1.jpeg,2967319,Desmodium uncinatum,5.26,"Heliangelus exortis (Fraser, 1840)",2476708,-0.378153,-78.074274,15.0,SOUTH_AMERICA,Napo,,,,2023-02-08T14:58,False,Ian Adams,iNaturalist,http://creativecommons.org/licenses/by/4.0/,Ian Adams,https://inaturalist-open-data.s3.amazonaws.com/photos/258918868/original.jpeg; https://inaturalist-open-data.s3.amazonaws.com/photos/258918906/original.jpeg; https://inaturalist-open-data.s3.amazonaws.com/photos/258919638/original.jpeg,k-western-south-america,2024-10-21 23:52:21
original_4171302657_3.jpeg,5592197,Kohleria tigridia,2.145,"Heliangelus exortis (Fraser, 1840)",2476708,-0.378153,-78.074274,15.0,SOUTH_AMERICA,Napo,,,,2023-02-08T14:58,False,Ian Adams,iNaturalist,http://creativecommons.org/licenses/by/4.0/,Ian Adams,https://inaturalist-open-data.s3.amazonaws.com/photos/258918868/original.jpeg; https://inaturalist-open-data.s3.amazonaws.com/photos/258918906/original.jpeg; https://inaturalist-open-data.s3.amazonaws.com/photos/258919638/original.jpeg,k-western-south-america,2024-10-21 23:52:25
original_4171314476_1.jpeg,3184509,Syzygium malaccense,27.950000000000003,"Heliangelus exortis (Fraser, 1840)",2476708,-0.377397,-78.075891,2322.0,SOUTH_AMERICA,Napo,,,,2023-02-26T16:14,False,Bob McDougall,iNaturalist,http://creativecommons.org/licenses/by-nc/4.0/,Bob McDougall,https://inaturalist-open-data.s3.amazonaws.com/photos/260934952/original.jpeg,k-western-south-america,2024-10-21 23:52:27
original_4172001007_1.jpeg,4171873,Gaultheria erecta,3.8899999999999997,"Heliangelus exortis (Fraser, 1840)",2476708,4.640317,-75.478229,6.0,SOUTH_AMERICA,Quindío,,,,2023-08-05T11:14:45,False,sagemane,iNaturalist,http://creativecommons.org/licenses/by-nc/4.0/,sagemane,https://inaturalist-open-data.s3.amazonaws.com/photos/307440035/original.jpeg,k-western-south-america,2024-10-21 23:52:38
original_4172092590_1.jpg,6365052,Kohleria spicata,14.496999999999998,"Heliangelus exortis (Fraser, 1840)",2476708,5.539353,-75.803397,604.0,SOUTH_AMERICA,Antioquia,,,,2023-08-07T09:23,False,tomo_m,iNaturalist,http://creativecommons.org/licenses/by-nc/4.0/,tomo_m,https://inaturalist-open-data.s3.amazonaws.com/photos/308323968/original.jpg,k-western-south-america,2024-10-21 23:52:41
original_4176931718_1.jpg,2888601,Viburnum lantanoides,1.396,"Heliangelus exortis (Fraser, 1840)",2476708,4.606729,-74.305878,10.0,SOUTH_AMERICA,Cundinamarca,,,,2023-04-04T15:56,False,Niall Perrins,iNaturalist,http://creativecommons.org/licenses/by-nc/4.0/,Niall Perrins,https://inaturalist-open-data.s3.amazonaws.com/photos/278631745/original.jpg,k-western-south-america,2024-10-21 23:52:43
original_4399914553_1.jpeg,5590389,Drymonia turrialvae,2.666,"Heliangelus exortis (Fraser, 1840)",2476708,-0.378611,-78.073889,,SOUTH_AMERICA,Napo,,,,2023-03-18T12:26:20,False,Diego Torres Sierra,iNaturalist,http://creativecommons.org/licenses/by-nc/4.0/,Diego Torres Sierra,https://inaturalist-open-data.s3.amazonaws.com/photos/261544205/original.jpeg; https://inaturalist-open-data.s3.amazonaws.com/photos/261544216/original.jpeg; https://inaturalist-open-data.s3.amazonaws.com/photos/261544229/original.jpeg,k-western-south-america,2024-10-21 23:52:53
original_4399914553_2.jpeg,8368994,Passiflora mixta,4.154,"Heliangelus exortis (Fraser, 1840)",2476708,-0.378611,-78.073889,,SOUTH_AMERICA,Napo,,,,2023-03-18T12:26:20,False,Diego Torres Sierra,iNaturalist,http://creativecommons.org/licenses/by-nc/4.0/,Diego Torres Sierra,https://inaturalist-open-data.s3.amazonaws.com/photos/261544205/original.jpeg; https://inaturalist-open-data.s3.amazonaws.com/photos/261544216/original.jpeg; https://inaturalist-open-data.s3.amazonaws.com/photos/261544229/original.jpeg,k-western-south-america,2024-10-21 23:52:55
original_4399914553_3.jpeg,2926815,Hyptis capitata,11.026,"Heliangelus exortis (Fraser, 1840)",2476708,-0.378611,-78.073889,,SOUTH_AMERICA,Napo,,,,2023-03-18T12:26:20,False,Diego Torres Sierra,iNaturalist,http://creativecommons.org/licenses/by-nc/4.0/,Diego Torres Sierra,https://inaturalist-open-data.s3.amazonaws.com/photos/261544205/original.jpeg; https://inaturalist-open-data.s3.amazonaws.com/photos/261544216/original.jpeg; https://inaturalist-open-data.s3.amazonaws.com/photos/261544229/original.jpeg,k-western-south-america,2024-10-21 23:52:57
original_4400153591_1.jpg,5590493,Drymonia serrulata,14.079,"Heliangelus exortis (Fraser, 1840)",2476708,-0.368294,-78.083541,1060.0,SOUTH_AMERICA,Napo,,,,2023-05-20T14:03,False,Nik Borrow,iNaturalist,http://creativecommons.org/licenses/by-nc/4.0/,Nik Borrow,https://inaturalist-open-data.s3.amazonaws.com/photos/311595561/original.jpg,k-western-south-america,2024-10-21 23:53:00
original_4405408598_1.jpg,5321877,Ionopsis utricularioides,2.609,"Heliangelus exortis (Fraser, 1840)",2476708,-0.37863,-78.07397,1.0,SOUTH_AMERICA,Napo,,,,2023-08-26T08:33,False,David Torres,iNaturalist,http://creativecommons.org/licenses/by-nc/4.0/,David Torres,https://inaturalist-open-data.s3.amazonaws.com/photos/314571117/original.jpg; https://inaturalist-open-data.s3.amazonaws.com/photos/314571119/original.jpg; https://inaturalist-open-data.s3.amazonaws.com/photos/314571139/original.jpg; https://inaturalist-open-data.s3.amazonaws.com/photos/314571143/original.jpg; https://inaturalist-open-data.s3.amazonaws.com/photos/314571146/original.jpg; https://inaturalist-open-data.s3.amazonaws.com/photos/314571152/original.jpg,k-western-south-america,2024-10-21 23:53:07
original_4405408598_2.jpg,5321877,Ionopsis utricularioides,2.713,"Heliangelus exortis (Fraser, 1840)",2476708,-0.37863,-78.07397,1.0,SOUTH_AMERICA,Napo,,,,2023-08-26T08:33,False,David Torres,iNaturalist,http://creativecommons.org/licenses/by-nc/4.0/,David Torres,https://inaturalist-open-data.s3.amazonaws.com/photos/314571117/original.jpg; https://inaturalist-open-data.s3.amazonaws.com/photos/314571119/original.jpg; https://inaturalist-open-data.s3.amazonaws.com/photos/314571139/original.jpg; https://inaturalist-open-data.s3.amazonaws.com/photos/314571143/original.jpg; https://inaturalist-open-data.s3.amazonaws.com/photos/314571146/original.jpg; https://inaturalist-open-data.s3.amazonaws.com/photos/314571152/original.jpg,k-western-south-america,2024-10-21 23:53:09
original_4405408598_3.jpg,5321877,Ionopsis utricularioides,2.989,"Heliangelus exortis (Fraser, 1840)",2476708,-0.37863,-78.07397,1.0,SOUTH_AMERICA,Napo,,,,2023-08-26T08:33,False,David Torres,iNaturalist,http://creativecommons.org/licenses/by-nc/4.0/,David Torres,https://inaturalist-open-data.s3.amazonaws.com/photos/314571117/original.jpg; https://inaturalist-open-data.s3.amazonaws.com/photos/314571119/original.jpg; https://inaturalist-open-data.s3.amazonaws.com/photos/314571139/original.jpg; https://inaturalist-open-data.s3.amazonaws.com/photos/314571143/original.jpg; https://inaturalist-open-data.s3.amazonaws.com/photos/314571146/original.jpg; https://inaturalist-open-data.s3.amazonaws.com/photos/314571152/original.jpg,k-western-south-america,2024-10-21 23:53:11
original_4405408598_4.jpg,5321877,Ionopsis utricularioides,4.17,"Heliangelus exortis (Fraser, 1840)",2476708,-0.37863,-78.07397,1.0,SOUTH_AMERICA,Napo,,,,2023-08-26T08:33,False,David Torres,iNaturalist,http://creativecommons.org/licenses/by-nc/4.0/,David Torres,https://inaturalist-open-data.s3.amazonaws.com/photos/314571117/original.jpg; https://inaturalist-open-data.s3.amazonaws.com/photos/314571119/original.jpg; https://inaturalist-open-data.s3.amazonaws.com/photos/314571139/original.jpg; https://inaturalist-open-data.s3.amazonaws.com/photos/314571143/original.jpg; https://inaturalist-open-data.s3.amazonaws.com/photos/314571146/original.jpg; https://inaturalist-open-data.s3.amazonaws.com/photos/314571152/original.jpg,k-western-south-america,2024-10-21 23:53:14
original_4405408598_6.jpg,5321877,Ionopsis utricularioides,1.5110000000000001,"Heliangelus exortis (Fraser, 1840)",2476708,-0.37863,-78.07397,1.0,SOUTH_AMERICA,Napo,,,,2023-08-26T08:33,False,David Torres,iNaturalist,http://creativecommons.org/licenses/by-nc/4.0/,David Torres,https://inaturalist-open-data.s3.amazonaws.com/photos/314571117/original.jpg; https://inaturalist-open-data.s3.amazonaws.com/photos/314571119/original.jpg; https://inaturalist-open-data.s3.amazonaws.com/photos/314571139/original.jpg; https://inaturalist-open-data.s3.amazonaws.com/photos/314571143/original.jpg; https://inaturalist-open-data.s3.amazonaws.com/photos/314571146/original.jpg; https://inaturalist-open-data.s3.amazonaws.com/photos/314571152/original.jpg,k-western-south-america,2024-10-21 23:53:18
original_4413511833_1.jpg,2695149,Tillandsia usneoides,3.273,"Heliangelus exortis (Fraser, 1840)",2476708,-0.467583,-77.936451,3906.0,SOUTH_AMERICA,Napo,,,,2018-01-05T13:49,False,OlegRozhko,iNaturalist,http://creativecommons.org/licenses/by-nc-nd/4.0/,OlegRozhko,https://inaturalist-open-data.s3.amazonaws.com/photos/317425001/original.jpg,k-western-south-america,2024-10-21 23:53:32
original_4413516146_1.jpeg,2739059,Iriartea deltoidea,7.095,"Heliangelus exortis (Fraser, 1840)",2476708,-0.378031,-78.074115,98.0,SOUTH_AMERICA,Napo,,,,2023-06-22T11:16,False,Joe Sebastiani,iNaturalist,http://creativecommons.org/licenses/by-nc/4.0/,Joe Sebastiani,https://inaturalist-open-data.s3.amazonaws.com/photos/312560125/original.jpeg; https://inaturalist-open-data.s3.amazonaws.com/photos/312560141/original.jpeg,k-western-south-america,2024-10-21 23:53:35
original_4413516146_2.jpeg,2874185,Passiflora manicata,6.92,"Heliangelus exortis (Fraser, 1840)",2476708,-0.378031,-78.074115,98.0,SOUTH_AMERICA,Napo,,,,2023-06-22T11:16,False,Joe Sebastiani,iNaturalist,http://creativecommons.org/licenses/by-nc/4.0/,Joe Sebastiani,https://inaturalist-open-data.s3.amazonaws.com/photos/312560125/original.jpeg; https://inaturalist-open-data.s3.amazonaws.com/photos/312560141/original.jpeg,k-western-south-america,2024-10-21 23:53:38
original_4431180269_1.jpg,5590525,Drymonia rubra,1.4040000000000001,"Heliangelus exortis (Fraser, 1840)",2476708,-0.37845,-78.074135,237.0,SOUTH_AMERICA,Napo,,,,2015-09-02T12:36,False,Gerold Morrison,iNaturalist,http://creativecommons.org/licenses/by-nc/4.0/,Gerold Morrison,https://inaturalist-open-data.s3.amazonaws.com/photos/329549071/original.jpg,k-western-south-america,2024-10-21 23:53:55
original_4436142818_1.jpg,5349665,Erythrina rubrinervia,8.571,"Heliangelus exortis (Fraser, 1840)",2476708,4.624883,-75.453072,4.0,SOUTH_AMERICA,Quindío,,,,2023-10-26T12:42:03,False,benn88,iNaturalist,http://creativecommons.org/licenses/by-nc/4.0/,benn88,https://inaturalist-open-data.s3.amazonaws.com/photos/331062556/original.jpg,k-western-south-america,2024-10-21 23:53:58
original_4438974098_1.jpeg,3587005,Passiflora misera,30.345,"Heliangelus exortis (Fraser, 1840)",2476708,-0.37845,-78.074135,237.0,SOUTH_AMERICA,Napo,,,,2023-10-21T12:03,False,Kurt R. Schwarz,iNaturalist,http://creativecommons.org/licenses/by-nc-nd/4.0/,Kurt R. Schwarz,https://inaturalist-open-data.s3.amazonaws.com/photos/332748595/original.jpeg; https://inaturalist-open-data.s3.amazonaws.com/photos/332748604/original.jpeg,k-western-south-america,2024-10-21 23:54:01
original_4438974098_2.jpeg,2792457,Polystachya concreta,3.0589999999999997,"Heliangelus exortis (Fraser, 1840)",2476708,-0.37845,-78.074135,237.0,SOUTH_AMERICA,Napo,,,,2023-10-21T12:03,False,Kurt R. Schwarz,iNaturalist,http://creativecommons.org/licenses/by-nc-nd/4.0/,Kurt R. Schwarz,https://inaturalist-open-data.s3.amazonaws.com/photos/332748595/original.jpeg; https://inaturalist-open-data.s3.amazonaws.com/photos/332748604/original.jpeg,k-western-south-america,2024-10-21 23:54:03
original_4440783180_1.jpeg,2984335,Urera caracasana,0.9119999999999999,"Heliangelus exortis (Fraser, 1840)",2476708,-0.378493,-78.07406,,SOUTH_AMERICA,Napo,,,,2023-10-28T19:03,False,Manuel Ruedi,iNaturalist,http://creativecommons.org/licenses/by-nc/4.0/,Manuel Ruedi,https://inaturalist-open-data.s3.amazonaws.com/photos/333112976/original.jpeg,k-western-south-america,2024-10-21 23:54:07
original_4440999799_1.jpg,5372391,Vitis tiliifolia,8.982999999999999,"Heliangelus exortis (Fraser, 1840)",2476708,-0.378373,-78.074119,,SOUTH_AMERICA,Napo,,,,2023-10-27T14:24,False,John Klymko,iNaturalist,http://creativecommons.org/licenses/by-nc/4.0/,John Klymko,https://inaturalist-open-data.s3.amazonaws.com/photos/334549915/original.jpg; https://inaturalist-open-data.s3.amazonaws.com/photos/334549935/original.jpg,k-western-south-america,2024-10-21 23:54:11
original_4440999799_2.jpg,7293803,Cissus gongylodes,8.251,"Heliangelus exortis (Fraser, 1840)",2476708,-0.378373,-78.074119,,SOUTH_AMERICA,Napo,,,,2023-10-27T14:24,False,John Klymko,iNaturalist,http://creativecommons.org/licenses/by-nc/4.0/,John Klymko,https://inaturalist-open-data.s3.amazonaws.com/photos/334549915/original.jpg; https://inaturalist-open-data.s3.amazonaws.com/photos/334549935/original.jpg,k-western-south-america,2024-10-21 23:54:13
original_4442430787_1.jpg,2979199,Acaciella villosa,2.991,"Heliangelus exortis (Fraser, 1840)",2476708,4.606344,-74.304754,211.0,SOUTH_AMERICA,Cundinamarca,,,,2023-07-19T11:58,False,cjmatheson,iNaturalist,http://creativecommons.org/licenses/by-nc/4.0/,cjmatheson,https://inaturalist-open-data.s3.amazonaws.com/photos/335155683/original.jpg,k-western-south-america,2024-10-21 23:54:18
original_4442475036_1.jpeg,3145318,Smallanthus pyramidalis,1.557,"Heliangelus exortis (Fraser, 1840)",2476708,-0.378508,-78.074065,,SOUTH_AMERICA,Napo,,,,2023-10-28T19:07,False,Manuel Ruedi,iNaturalist,http://creativecommons.org/licenses/by-nc/4.0/,Manuel Ruedi,https://inaturalist-open-data.s3.amazonaws.com/photos/333113009/original.jpeg,k-western-south-america,2024-10-21 23:54:21
original_4442553320_1.jpeg,2888601,Viburnum lantanoides,0.772,"Heliangelus exortis (Fraser, 1840)",2476708,4.606064,-74.304315,8.0,SOUTH_AMERICA,Cundinamarca,,,,2022-08-07T08:28,False,eamonccorbett,iNaturalist,http://creativecommons.org/licenses/by-nc/4.0/,eamonccorbett,https://inaturalist-open-data.s3.amazonaws.com/photos/335806209/original.jpeg; https://inaturalist-open-data.s3.amazonaws.com/photos/335806225/original.jpeg; https://inaturalist-open-data.s3.amazonaws.com/photos/335806463/original.jpeg; https://inaturalist-open-data.s3.amazonaws.com/photos/335806471/original.jpeg; https://inaturalist-open-data.s3.amazonaws.com/photos/335806478/original.jpeg,k-western-south-america,2024-10-21 23:54:23
original_4442553320_2.jpeg,2888601,Viburnum lantanoides,7.4959999999999996,"Heliangelus exortis (Fraser, 1840)",2476708,4.606064,-74.304315,8.0,SOUTH_AMERICA,Cundinamarca,,,,2022-08-07T08:28,False,eamonccorbett,iNaturalist,http://creativecommons.org/licenses/by-nc/4.0/,eamonccorbett,https://inaturalist-open-data.s3.amazonaws.com/photos/335806209/original.jpeg; https://inaturalist-open-data.s3.amazonaws.com/photos/335806225/original.jpeg; https://inaturalist-open-data.s3.amazonaws.com/photos/335806463/original.jpeg; https://inaturalist-open-data.s3.amazonaws.com/photos/335806471/original.jpeg; https://inaturalist-open-data.s3.amazonaws.com/photos/335806478/original.jpeg,k-western-south-america,2024-10-21 23:54:26
original_4442553320_3.jpeg,8368994,Passiflora mixta,0.477,"Heliangelus exortis (Fraser, 1840)",2476708,4.606064,-74.304315,8.0,SOUTH_AMERICA,Cundinamarca,,,,2022-08-07T08:28,False,eamonccorbett,iNaturalist,http://creativecommons.org/licenses/by-nc/4.0/,eamonccorbett,https://inaturalist-open-data.s3.amazonaws.com/photos/335806209/original.jpeg; https://inaturalist-open-data.s3.amazonaws.com/photos/335806225/original.jpeg; https://inaturalist-open-data.s3.amazonaws.com/photos/335806463/original.jpeg; https://inaturalist-open-data.s3.amazonaws.com/photos/335806471/original.jpeg; https://inaturalist-open-data.s3.amazonaws.com/photos/335806478/original.jpeg,k-western-south-america,2024-10-21 23:54:29
original_4442553320_4.jpeg,2792457,Polystachya concreta,2.413,"Heliangelus exortis (Fraser, 1840)",2476708,4.606064,-74.304315,8.0,SOUTH_AMERICA,Cundinamarca,,,,2022-08-07T08:28,False,eamonccorbett,iNaturalist,http://creativecommons.org/licenses/by-nc/4.0/,eamonccorbett,https://inaturalist-open-data.s3.amazonaws.com/photos/335806209/original.jpeg; https://inaturalist-open-data.s3.amazonaws.com/photos/335806225/original.jpeg; https://inaturalist-open-data.s3.amazonaws.com/photos/335806463/original.jpeg; https://inaturalist-open-data.s3.amazonaws.com/photos/335806471/original.jpeg; https://inaturalist-open-data.s3.amazonaws.com/photos/335806478/original.jpeg,k-western-south-america,2024-10-21 23:54:31
original_4442553320_5.jpeg,2930827,Solanum pseudolulo,0.741,"Heliangelus exortis (Fraser, 1840)",2476708,4.606064,-74.304315,8.0,SOUTH_AMERICA,Cundinamarca,,,,2022-08-07T08:28,False,eamonccorbett,iNaturalist,http://creativecommons.org/licenses/by-nc/4.0/,eamonccorbett,https://inaturalist-open-data.s3.amazonaws.com/photos/335806209/original.jpeg; https://inaturalist-open-data.s3.amazonaws.com/photos/335806225/original.jpeg; https://inaturalist-open-data.s3.amazonaws.com/photos/335806463/original.jpeg; https://inaturalist-open-data.s3.amazonaws.com/photos/335806471/original.jpeg; https://inaturalist-open-data.s3.amazonaws.com/photos/335806478/original.jpeg,k-western-south-america,2024-10-21 23:54:34
original_4458322374_1.jpg,5387098,Dahlia coccinea,7.191,"Heliangelus exortis (Fraser, 1840)",2476708,-0.378232,-78.074582,2.0,SOUTH_AMERICA,Napo,,,,2020-01-13T12:34,False,John G. Phillips,iNaturalist,http://creativecommons.org/licenses/by-nc/4.0/,John G. Phillips,https://inaturalist-open-data.s3.amazonaws.com/photos/61190674/original.jpg; https://inaturalist-open-data.s3.amazonaws.com/photos/61190675/original.jpg,k-western-south-america,2024-10-21 23:54:40
original_4458342959_1.jpg,8368994,Passiflora mixta,15.145,"Heliangelus exortis (Fraser, 1840)",2476708,-0.37987,-78.07407,204.0,SOUTH_AMERICA,Napo,,,,2023-06-22T13:14,False,Sean Salazar,iNaturalist,http://creativecommons.org/licenses/by-nc/4.0/,Sean Salazar,https://inaturalist-open-data.s3.amazonaws.com/photos/296519397/original.jpg; https://inaturalist-open-data.s3.amazonaws.com/photos/296519417/original.jpg,k-western-south-america,2024-10-21 23:54:45
original_4458342959_2.jpg,8368994,Passiflora mixta,2.5780000000000003,"Heliangelus exortis (Fraser, 1840)",2476708,-0.37987,-78.07407,204.0,SOUTH_AMERICA,Napo,,,,2023-06-22T13:14,False,Sean Salazar,iNaturalist,http://creativecommons.org/licenses/by-nc/4.0/,Sean Salazar,https://inaturalist-open-data.s3.amazonaws.com/photos/296519397/original.jpg; https://inaturalist-open-data.s3.amazonaws.com/photos/296519417/original.jpg,k-western-south-america,2024-10-21 23:54:48
original_4458491652_1.jpg,8368994,Passiflora mixta,3.341,"Heliangelus exortis (Fraser, 1840)",2476708,-0.370989,-78.080593,299.0,SOUTH_AMERICA,Napo,,,,2014-06-14,False,Jay Pruett,iNaturalist,http://creativecommons.org/licenses/by-nc/4.0/,Jay Pruett,https://inaturalist-open-data.s3.amazonaws.com/photos/338659768/original.jpg,k-western-south-america,2024-10-21 23:54:50
original_4458629931_1.jpeg,5556447,Clusia grandiflora,6.957000000000001,"Heliangelus exortis (Fraser, 1840)",2476708,6.251761,-75.698175,1174.0,SOUTH_AMERICA,Antioquia,,,,2023-02-14T10:22,False,alejandrobalbin,iNaturalist,http://creativecommons.org/licenses/by-nc/4.0/,alejandrobalbin,https://inaturalist-open-data.s3.amazonaws.com/photos/338131284/original.jpeg; https://inaturalist-open-data.s3.amazonaws.com/photos/338131288/original.jpeg; https://inaturalist-open-data.s3.amazonaws.com/photos/338131293/original.jpeg; https://inaturalist-open-data.s3.amazonaws.com/photos/338131324/original.jpeg; https://inaturalist-open-data.s3.amazonaws.com/photos/338131332/original.jpeg,k-western-south-america,2024-10-21 23:54:53
original_4458629931_2.jpeg,5556447,Clusia grandiflora,2.538,"Heliangelus exortis (Fraser, 1840)",2476708,6.251761,-75.698175,1174.0,SOUTH_AMERICA,Antioquia,,,,2023-02-14T10:22,False,alejandrobalbin,iNaturalist,http://creativecommons.org/licenses/by-nc/4.0/,alejandrobalbin,https://inaturalist-open-data.s3.amazonaws.com/photos/338131284/original.jpeg; https://inaturalist-open-data.s3.amazonaws.com/photos/338131288/original.jpeg; https://inaturalist-open-data.s3.amazonaws.com/photos/338131293/original.jpeg; https://inaturalist-open-data.s3.amazonaws.com/photos/338131324/original.jpeg; https://inaturalist-open-data.s3.amazonaws.com/photos/338131332/original.jpeg,k-western-south-america,2024-10-21 23:54:56
original_4458629931_3.jpeg,2792457,Polystachya concreta,3.868,"Heliangelus exortis (Fraser, 1840)",2476708,6.251761,-75.698175,1174.0,SOUTH_AMERICA,Antioquia,,,,2023-02-14T10:22,False,alejandrobalbin,iNaturalist,http://creativecommons.org/licenses/by-nc/4.0/,alejandrobalbin,https://inaturalist-open-data.s3.amazonaws.com/photos/338131284/original.jpeg; https://inaturalist-open-data.s3.amazonaws.com/photos/338131288/original.jpeg; https://inaturalist-open-data.s3.amazonaws.com/photos/338131293/original.jpeg; https://inaturalist-open-data.s3.amazonaws.com/photos/338131324/original.jpeg; https://inaturalist-open-data.s3.amazonaws.com/photos/338131332/original.jpeg,k-western-south-america,2024-10-21 23:54:58
original_4458629931_4.jpeg,3188585,Miconia calvescens,5.327,"Heliangelus exortis (Fraser, 1840)",2476708,6.251761,-75.698175,1174.0,SOUTH_AMERICA,Antioquia,,,,2023-02-14T10:22,False,alejandrobalbin,iNaturalist,http://creativecommons.org/licenses/by-nc/4.0/,alejandrobalbin,https://inaturalist-open-data.s3.amazonaws.com/photos/338131284/original.jpeg; https://inaturalist-open-data.s3.amazonaws.com/photos/338131288/original.jpeg; https://inaturalist-open-data.s3.amazonaws.com/photos/338131293/original.jpeg; https://inaturalist-open-data.s3.amazonaws.com/photos/338131324/original.jpeg; https://inaturalist-open-data.s3.amazonaws.com/photos/338131332/original.jpeg,k-western-south-america,2024-10-21 23:55:00
original_4458700686_1.jpg,2882415,Nymphaea elegans,1.867,"Heliangelus exortis (Fraser, 1840)",2476708,-0.370989,-78.080593,299.0,SOUTH_AMERICA,Napo,,,,2014-06-14T12:23,False,Jay Pruett,iNaturalist,http://creativecommons.org/licenses/by-nc/4.0/,Jay Pruett,https://inaturalist-open-data.s3.amazonaws.com/photos/338661919/original.jpg,k-western-south-america,2024-10-21 23:55:04
original_4500607909_1.jpeg,2981879,Calliandra tergemina,1.341,"Heliangelus exortis (Fraser, 1840)",2476708,-0.378265,-78.074355,,SOUTH_AMERICA,Napo,,,,2023-12-07T10:04,False,Creed Clayton,iNaturalist,http://creativecommons.org/licenses/by-nc-nd/4.0/,Creed Clayton,https://inaturalist-open-data.s3.amazonaws.com/photos/341191382/original.jpeg,k-western-south-america,2024-10-21 23:55:14
original_4507696272_1.jpg,2925454,Stachytarpheta cayennensis,7.3580000000000005,"Heliangelus exortis (Fraser, 1840)",2476708,-0.421265,-77.811493,217.0,SOUTH_AMERICA,Napo,,,,2023-12-19T11:23,False,Don Marsille,iNaturalist,http://creativecommons.org/licenses/by-nc/4.0/,Don Marsille,https://inaturalist-open-data.s3.amazonaws.com/photos/343957676/original.jpg,k-western-south-america,2024-10-21 23:55:29
original_4507948236_1.jpg,8435196,Passiflora pallida,2.053,"Heliangelus exortis (Fraser, 1840)",2476708,-0.421265,-77.811493,217.0,SOUTH_AMERICA,Napo,,,,2023-12-19T12:08,False,Don Marsille,iNaturalist,http://creativecommons.org/licenses/by-nc/4.0/,Don Marsille,https://inaturalist-open-data.s3.amazonaws.com/photos/343971597/original.jpg; https://inaturalist-open-data.s3.amazonaws.com/photos/343971598/original.jpg,k-western-south-america,2024-10-21 23:55:32
original_4507948236_2.jpg,5287939,Bromelia balansae,1.173,"Heliangelus exortis (Fraser, 1840)",2476708,-0.421265,-77.811493,217.0,SOUTH_AMERICA,Napo,,,,2023-12-19T12:08,False,Don Marsille,iNaturalist,http://creativecommons.org/licenses/by-nc/4.0/,Don Marsille,https://inaturalist-open-data.s3.amazonaws.com/photos/343971597/original.jpg; https://inaturalist-open-data.s3.amazonaws.com/photos/343971598/original.jpg,k-western-south-america,2024-10-21 23:55:34
original_4507950295_1.jpg,2925462,Stachytarpheta mutabilis,8.738999999999999,"Heliangelus exortis (Fraser, 1840)",2476708,-0.421265,-77.811493,217.0,SOUTH_AMERICA,Napo,,,,2023-12-19T11:24,False,Don Marsille,iNaturalist,http://creativecommons.org/licenses/by-nc/4.0/,Don Marsille,https://inaturalist-open-data.s3.amazonaws.com/photos/343957684/original.jpg; https://inaturalist-open-data.s3.amazonaws.com/photos/343957724/original.jpg; https://inaturalist-open-data.s3.amazonaws.com/photos/343957742/original.jpg,k-western-south-america,2024-10-21 23:55:37
original_4507950295_2.jpg,2925462,Stachytarpheta mutabilis,6.388000000000001,"Heliangelus exortis (Fraser, 1840)",2476708,-0.421265,-77.811493,217.0,SOUTH_AMERICA,Napo,,,,2023-12-19T11:24,False,Don Marsille,iNaturalist,http://creativecommons.org/licenses/by-nc/4.0/,Don Marsille,https://inaturalist-open-data.s3.amazonaws.com/photos/343957684/original.jpg; https://inaturalist-open-data.s3.amazonaws.com/photos/343957724/original.jpg; https://inaturalist-open-data.s3.amazonaws.com/photos/343957742/original.jpg,k-western-south-america,2024-10-21 23:55:39
original_4507950295_3.jpg,5289998,Digitaria ciliaris,1.958,"Heliangelus exortis (Fraser, 1840)",2476708,-0.421265,-77.811493,217.0,SOUTH_AMERICA,Napo,,,,2023-12-19T11:24,False,Don Marsille,iNaturalist,http://creativecommons.org/licenses/by-nc/4.0/,Don Marsille,https://inaturalist-open-data.s3.amazonaws.com/photos/343957684/original.jpg; https://inaturalist-open-data.s3.amazonaws.com/photos/343957724/original.jpg; https://inaturalist-open-data.s3.amazonaws.com/photos/343957742/original.jpg,k-western-south-america,2024-10-21 23:55:42
original_4508045136_1.jpeg,7306887,Salvia tortuosa,15.809000000000001,"Heliangelus exortis (Fraser, 1840)",2476708,-0.37815,-78.074256,50.0,SOUTH_AMERICA,Napo,,,,2023-10-29T11:50,False,Tommy Andriollo,iNaturalist,http://creativecommons.org/licenses/by/4.0/,Tommy Andriollo,https://inaturalist-open-data.s3.amazonaws.com/photos/343922808/original.jpeg,k-western-south-america,2024-10-21 23:55:44
original_4510084964_1.jpeg,2932944,Capsicum annuum,4.086,"Heliangelus exortis (Fraser, 1840)",2476708,5.073222,-75.437864,,SOUTH_AMERICA,Caldas,,,,2022-01-24T13:52,False,emskakoon,iNaturalist,http://creativecommons.org/licenses/by-nc/4.0/,emskakoon,https://inaturalist-open-data.s3.amazonaws.com/photos/344418045/original.jpeg,k-western-south-america,2024-10-21 23:55:47
original_4516381349_1.jpeg,2925663,Cornutia pyramidata,3.8350000000000004,"Heliangelus exortis (Fraser, 1840)",2476708,-0.37815,-78.074256,50.0,SOUTH_AMERICA,Napo,,,,2023-10-28T11:48,False,Tommy Andriollo,iNaturalist,http://creativecommons.org/licenses/by/4.0/,Tommy Andriollo,https://inaturalist-open-data.s3.amazonaws.com/photos/343519217/original.jpeg; https://inaturalist-open-data.s3.amazonaws.com/photos/343519225/original.jpeg; https://inaturalist-open-data.s3.amazonaws.com/photos/343519226/original.jpeg,k-western-south-america,2024-10-21 23:55:51
original_4516381349_2.jpeg,9794537,Morisonia pachaca,0.9820000000000001,"Heliangelus exortis (Fraser, 1840)",2476708,-0.37815,-78.074256,50.0,SOUTH_AMERICA,Napo,,,,2023-10-28T11:48,False,Tommy Andriollo,iNaturalist,http://creativecommons.org/licenses/by/4.0/,Tommy Andriollo,https://inaturalist-open-data.s3.amazonaws.com/photos/343519217/original.jpeg; https://inaturalist-open-data.s3.amazonaws.com/photos/343519225/original.jpeg; https://inaturalist-open-data.s3.amazonaws.com/photos/343519226/original.jpeg,k-western-south-america,2024-10-21 23:55:53
original_4516459078_1.jpg,6365487,Columnea consanguinea,1.303,"Heliangelus exortis (Fraser, 1840)",2476708,5.078315,-75.437384,2074.0,SOUTH_AMERICA,Caldas,,,,2023-09-13T07:54:35,False,Cheryl Rosenfeld,iNaturalist,http://creativecommons.org/licenses/by-nc/4.0/,Cheryl Rosenfeld,https://inaturalist-open-data.s3.amazonaws.com/photos/324772397/original.jpg,k-western-south-america,2024-10-21 23:55:58
original_4516460080_1.jpeg,5938225,Fuchsia boliviana,2.6780000000000004,"Heliangelus exortis (Fraser, 1840)",2476708,5.493004,-75.778027,15.0,SOUTH_AMERICA,Caldas,,,,2023-02-24T12:00,False,Adrien Jailloux,iNaturalist,http://creativecommons.org/licenses/by/4.0/,Adrien Jailloux,https://inaturalist-open-data.s3.amazonaws.com/photos/345733118/original.jpeg,k-western-south-america,2024-10-21 23:56:01
original_4516510679_1.jpg,6365487,Columnea consanguinea,2.604,"Heliangelus exortis (Fraser, 1840)",2476708,-0.37845,-78.074135,237.0,SOUTH_AMERICA,Napo,,,,2023-11-13T12:11,False,guylafond,iNaturalist,http://creativecommons.org/licenses/by-nc/4.0/,guylafond,https://inaturalist-open-data.s3.amazonaws.com/photos/348646728/original.jpg; https://inaturalist-open-data.s3.amazonaws.com/photos/348646863/original.jpg; https://inaturalist-open-data.s3.amazonaws.com/photos/348646864/original.jpg; https://inaturalist-open-data.s3.amazonaws.com/photos/348658592/original.jpg,k-western-south-america,2024-10-21 23:56:03
original_4516510679_2.jpg,6365487,Columnea consanguinea,2.568,"Heliangelus exortis (Fraser, 1840)",2476708,-0.37845,-78.074135,237.0,SOUTH_AMERICA,Napo,,,,2023-11-13T12:11,False,guylafond,iNaturalist,http://creativecommons.org/licenses/by-nc/4.0/,guylafond,https://inaturalist-open-data.s3.amazonaws.com/photos/348646728/original.jpg; https://inaturalist-open-data.s3.amazonaws.com/photos/348646863/original.jpg; https://inaturalist-open-data.s3.amazonaws.com/photos/348646864/original.jpg; https://inaturalist-open-data.s3.amazonaws.com/photos/348658592/original.jpg,k-western-south-america,2024-10-21 23:56:06
original_4516510679_4.jpg,6365487,Columnea consanguinea,3.37,"Heliangelus exortis (Fraser, 1840)",2476708,-0.37845,-78.074135,237.0,SOUTH_AMERICA,Napo,,,,2023-11-13T12:11,False,guylafond,iNaturalist,http://creativecommons.org/licenses/by-nc/4.0/,guylafond,https://inaturalist-open-data.s3.amazonaws.com/photos/348646728/original.jpg; https://inaturalist-open-data.s3.amazonaws.com/photos/348646863/original.jpg; https://inaturalist-open-data.s3.amazonaws.com/photos/348646864/original.jpg; https://inaturalist-open-data.s3.amazonaws.com/photos/348658592/original.jpg,k-western-south-america,2024-10-21 23:56:10
original_4516715005_1.jpg,2956417,Calpurnia aurea,3.5749999999999997,"Heliangelus exortis (Fraser, 1840)",2476708,5.078315,-75.437384,2074.0,SOUTH_AMERICA,Caldas,,,,2023-09-13T07:53:34,False,Cheryl Rosenfeld,iNaturalist,http://creativecommons.org/licenses/by-nc/4.0/,Cheryl Rosenfeld,https://inaturalist-open-data.s3.amazonaws.com/photos/324772463/original.jpg; https://inaturalist-open-data.s3.amazonaws.com/photos/324772492/original.jpg; https://inaturalist-open-data.s3.amazonaws.com/photos/324772513/original.jpg,k-western-south-america,2024-10-21 23:56:12
original_4516715005_3.jpg,3189837,Acer saccharinum,8.883000000000001,"Heliangelus exortis (Fraser, 1840)",2476708,5.078315,-75.437384,2074.0,SOUTH_AMERICA,Caldas,,,,2023-09-13T07:53:34,False,Cheryl Rosenfeld,iNaturalist,http://creativecommons.org/licenses/by-nc/4.0/,Cheryl Rosenfeld,https://inaturalist-open-data.s3.amazonaws.com/photos/324772463/original.jpg; https://inaturalist-open-data.s3.amazonaws.com/photos/324772492/original.jpg; https://inaturalist-open-data.s3.amazonaws.com/photos/324772513/original.jpg,k-western-south-america,2024-10-21 23:56:17
original_4518998562_1.jpg,5938224,Fuchsia magellanica,48.236000000000004,"Heliangelus exortis (Fraser, 1840)",2476708,4.99034,-75.40748,645.0,SOUTH_AMERICA,Caldas,,,,2023-03-05T16:46,False,Jana Václavíková,iNaturalist,http://creativecommons.org/licenses/by-nc/4.0/,Jana Václavíková,https://inaturalist-open-data.s3.amazonaws.com/photos/261596923/original.jpg,k-western-south-america,2024-10-21 23:56:22
original_4519005266_1.jpeg,2650564,Actinostachys pennula,1.9349999999999998,"Heliangelus exortis (Fraser, 1840)",2476708,-0.378134,-78.074167,100.0,SOUTH_AMERICA,Napo,,,,2023-12-28T12:39,False,Mark Nofsinger,iNaturalist,http://creativecommons.org/licenses/by-nc/4.0/,Mark Nofsinger,https://inaturalist-open-data.s3.amazonaws.com/photos/347328462/original.jpeg,k-western-south-america,2024-10-21 23:56:24
original_4519007583_1.jpeg,8220878,Callianthe megapotamica,47.757,"Heliangelus exortis (Fraser, 1840)",2476708,-0.378105,-78.073602,,SOUTH_AMERICA,Napo,,,,2023-02-26T16:35,False,Bob McDougall,iNaturalist,http://creativecommons.org/licenses/by-nc/4.0/,Bob McDougall,https://inaturalist-open-data.s3.amazonaws.com/photos/260935095/original.jpeg,k-western-south-america,2024-10-21 23:56:26
original_4519068336_1.jpeg,2903537,Isertia haenkeana,10.367999999999999,"Heliangelus exortis (Fraser, 1840)",2476708,-0.378134,-78.074167,100.0,SOUTH_AMERICA,Napo,,,,2023-12-28T11:56,False,Mark Nofsinger,iNaturalist,http://creativecommons.org/licenses/by-nc/4.0/,Mark Nofsinger,https://inaturalist-open-data.s3.amazonaws.com/photos/347328323/original.jpeg,k-western-south-america,2024-10-21 23:56:32
original_4519163366_1.jpg,2792457,Polystachya concreta,2.7560000000000002,"Heliangelus exortis (Fraser, 1840)",2476708,-0.37845,-78.074135,237.0,SOUTH_AMERICA,Napo,,,,2023-11-13T13:56,False,guylafond,iNaturalist,http://creativecommons.org/licenses/by-nc/4.0/,guylafond,https://inaturalist-open-data.s3.amazonaws.com/photos/349284989/original.jpg; https://inaturalist-open-data.s3.amazonaws.com/photos/349285072/original.jpg; https://inaturalist-open-data.s3.amazonaws.com/photos/349286175/original.jpg,k-western-south-america,2024-10-21 23:56:39
original_4522561500_1.jpeg,6029771,Helicteres baruensis,36.351,"Heliangelus exortis (Fraser, 1840)",2476708,4.632207,-75.460243,94.0,SOUTH_AMERICA,Quindío,,,,2016-07-30T13:40,False,Thomas Diemer,iNaturalist,http://creativecommons.org/licenses/by-nc/4.0/,Thomas Diemer,https://inaturalist-open-data.s3.amazonaws.com/photos/346883343/original.jpeg,k-western-south-america,2024-10-21 23:56:49
original_4522590404_1.jpeg,2985122,Hirtella racemosa,1.3860000000000001,"Heliangelus exortis (Fraser, 1840)",2476708,5.245786,-76.084553,3212.0,SOUTH_AMERICA,Risaralda,,,,2016-08-16T08:11,False,Brian Ahern,iNaturalist,http://creativecommons.org/licenses/by-nc/4.0/,Brian Ahern,https://inaturalist-open-data.s3.amazonaws.com/photos/348592169/original.jpeg,k-western-south-america,2024-10-21 23:56:51
original_4525233612_1.jpeg,6365052,Kohleria spicata,7.742,"Heliangelus exortis (Fraser, 1840)",2476708,-0.379774,-78.070856,605.0,SOUTH_AMERICA,Napo,,,,2024-01-31T09:51,False,Rob Foster,iNaturalist,http://creativecommons.org/licenses/by/4.0/,Rob Foster,https://inaturalist-open-data.s3.amazonaws.com/photos/352051112/original.jpeg; https://inaturalist-open-data.s3.amazonaws.com/photos/352051113/original.jpeg; https://inaturalist-open-data.s3.amazonaws.com/photos/352051120/original.jpeg; https://inaturalist-open-data.s3.amazonaws.com/photos/352051121/original.jpeg; https://inaturalist-open-data.s3.amazonaws.com/photos/352051128/original.jpeg; https://inaturalist-open-data.s3.amazonaws.com/photos/352051133/original.jpeg; https://inaturalist-open-data.s3.amazonaws.com/photos/352051135/original.jpeg; https://inaturalist-open-data.s3.amazonaws.com/photos/352051138/original.jpeg; https://inaturalist-open-data.s3.amazonaws.com/photos/352051474/original.jpeg,k-western-south-america,2024-10-21 23:57:03
original_4525233612_4.jpeg,7661971,Bambusa vulgaris,4.452,"Heliangelus exortis (Fraser, 1840)",2476708,-0.379774,-78.070856,605.0,SOUTH_AMERICA,Napo,,,,2024-01-31T09:51,False,Rob Foster,iNaturalist,http://creativecommons.org/licenses/by/4.0/,Rob Foster,https://inaturalist-open-data.s3.amazonaws.com/photos/352051112/original.jpeg; https://inaturalist-open-data.s3.amazonaws.com/photos/352051113/original.jpeg; https://inaturalist-open-data.s3.amazonaws.com/photos/352051120/original.jpeg; https://inaturalist-open-data.s3.amazonaws.com/photos/352051121/original.jpeg; https://inaturalist-open-data.s3.amazonaws.com/photos/352051128/original.jpeg; https://inaturalist-open-data.s3.amazonaws.com/photos/352051133/original.jpeg; https://inaturalist-open-data.s3.amazonaws.com/photos/352051135/original.jpeg; https://inaturalist-open-data.s3.amazonaws.com/photos/352051138/original.jpeg; https://inaturalist-open-data.s3.amazonaws.com/photos/352051474/original.jpeg,k-western-south-america,2024-10-21 23:57:09
original_4525233612_5.jpeg,3169012,Hippocratea volubilis,7.228999999999999,"Heliangelus exortis (Fraser, 1840)",2476708,-0.379774,-78.070856,605.0,SOUTH_AMERICA,Napo,,,,2024-01-31T09:51,False,Rob Foster,iNaturalist,http://creativecommons.org/licenses/by/4.0/,Rob Foster,https://inaturalist-open-data.s3.amazonaws.com/photos/352051112/original.jpeg; https://inaturalist-open-data.s3.amazonaws.com/photos/352051113/original.jpeg; https://inaturalist-open-data.s3.amazonaws.com/photos/352051120/original.jpeg; https://inaturalist-open-data.s3.amazonaws.com/photos/352051121/original.jpeg; https://inaturalist-open-data.s3.amazonaws.com/photos/352051128/original.jpeg; https://inaturalist-open-data.s3.amazonaws.com/photos/352051133/original.jpeg; https://inaturalist-open-data.s3.amazonaws.com/photos/352051135/original.jpeg; https://inaturalist-open-data.s3.amazonaws.com/photos/352051138/original.jpeg; https://inaturalist-open-data.s3.amazonaws.com/photos/352051474/original.jpeg,k-western-south-america,2024-10-21 23:57:12
original_4525233612_6.jpeg,2705621,Paspalum notatum,1.931,"Heliangelus exortis (Fraser, 1840)",2476708,-0.379774,-78.070856,605.0,SOUTH_AMERICA,Napo,,,,2024-01-31T09:51,False,Rob Foster,iNaturalist,http://creativecommons.org/licenses/by/4.0/,Rob Foster,https://inaturalist-open-data.s3.amazonaws.com/photos/352051112/original.jpeg; https://inaturalist-open-data.s3.amazonaws.com/photos/352051113/original.jpeg; https://inaturalist-open-data.s3.amazonaws.com/photos/352051120/original.jpeg; https://inaturalist-open-data.s3.amazonaws.com/photos/352051121/original.jpeg; https://inaturalist-open-data.s3.amazonaws.com/photos/352051128/original.jpeg; https://inaturalist-open-data.s3.amazonaws.com/photos/352051133/original.jpeg; https://inaturalist-open-data.s3.amazonaws.com/photos/352051135/original.jpeg; https://inaturalist-open-data.s3.amazonaws.com/photos/352051138/original.jpeg; https://inaturalist-open-data.s3.amazonaws.com/photos/352051474/original.jpeg,k-western-south-america,2024-10-21 23:57:14
original_4525233612_9.jpeg,2932944,Capsicum annuum,1.574,"Heliangelus exortis (Fraser, 1840)",2476708,-0.379774,-78.070856,605.0,SOUTH_AMERICA,Napo,,,,2024-01-31T09:51,False,Rob Foster,iNaturalist,http://creativecommons.org/licenses/by/4.0/,Rob Foster,https://inaturalist-open-data.s3.amazonaws.com/photos/352051112/original.jpeg; https://inaturalist-open-data.s3.amazonaws.com/photos/352051113/original.jpeg; https://inaturalist-open-data.s3.amazonaws.com/photos/352051120/original.jpeg; https://inaturalist-open-data.s3.amazonaws.com/photos/352051121/original.jpeg; https://inaturalist-open-data.s3.amazonaws.com/photos/352051128/original.jpeg; https://inaturalist-open-data.s3.amazonaws.com/photos/352051133/original.jpeg; https://inaturalist-open-data.s3.amazonaws.com/photos/352051135/original.jpeg; https://inaturalist-open-data.s3.amazonaws.com/photos/352051138/original.jpeg; https://inaturalist-open-data.s3.amazonaws.com/photos/352051474/original.jpeg,k-western-south-america,2024-10-21 23:57:20
original_4525261697_10.jpeg,3860494,Henriettea succosa,1.046,"Heliangelus exortis (Fraser, 1840)",2476708,-0.379051,-78.073605,61.0,SOUTH_AMERICA,Napo,,,,2023-11-24T10:41,False,Daniel Velasco C.,iNaturalist,http://creativecommons.org/licenses/by/4.0/,Daniel Velasco C.,https://inaturalist-open-data.s3.amazonaws.com/photos/352267033/original.jpeg; https://inaturalist-open-data.s3.amazonaws.com/photos/352267037/original.jpeg; https://inaturalist-open-data.s3.amazonaws.com/photos/352267073/original.jpeg; https://inaturalist-open-data.s3.amazonaws.com/photos/352267102/original.jpeg; https://inaturalist-open-data.s3.amazonaws.com/photos/352267122/original.jpeg; https://inaturalist-open-data.s3.amazonaws.com/photos/352267168/original.jpeg; https://inaturalist-open-data.s3.amazonaws.com/photos/352267171/original.jpeg; https://inaturalist-open-data.s3.amazonaws.com/photos/352267186/original.jpeg; https://inaturalist-open-data.s3.amazonaws.com/photos/352267238/original.jpeg; https://inaturalist-open-data.s3.amazonaws.com/photos/352267262/original.jpeg; https://inaturalist-open-data.s3.amazonaws.com/photos/352267264/original.jpeg; https://inaturalist-open-data.s3.amazonaws.com/photos/352267304/original.jpeg; https://inaturalist-open-data.s3.amazonaws.com/photos/352267314/original.jpeg; https://inaturalist-open-data.s3.amazonaws.com/photos/352267340/original.jpeg,k-western-south-america,2024-10-21 23:57:26
original_4525261697_13.jpeg,3860494,Henriettea succosa,2.298,"Heliangelus exortis (Fraser, 1840)",2476708,-0.379051,-78.073605,61.0,SOUTH_AMERICA,Napo,,,,2023-11-24T10:41,False,Daniel Velasco C.,iNaturalist,http://creativecommons.org/licenses/by/4.0/,Daniel Velasco C.,https://inaturalist-open-data.s3.amazonaws.com/photos/352267033/original.jpeg; https://inaturalist-open-data.s3.amazonaws.com/photos/352267037/original.jpeg; https://inaturalist-open-data.s3.amazonaws.com/photos/352267073/original.jpeg; https://inaturalist-open-data.s3.amazonaws.com/photos/352267102/original.jpeg; https://inaturalist-open-data.s3.amazonaws.com/photos/352267122/original.jpeg; https://inaturalist-open-data.s3.amazonaws.com/photos/352267168/original.jpeg; https://inaturalist-open-data.s3.amazonaws.com/photos/352267171/original.jpeg; https://inaturalist-open-data.s3.amazonaws.com/photos/352267186/original.jpeg; https://inaturalist-open-data.s3.amazonaws.com/photos/352267238/original.jpeg; https://inaturalist-open-data.s3.amazonaws.com/photos/352267262/original.jpeg; https://inaturalist-open-data.s3.amazonaws.com/photos/352267264/original.jpeg; https://inaturalist-open-data.s3.amazonaws.com/photos/352267304/original.jpeg; https://inaturalist-open-data.s3.amazonaws.com/photos/352267314/original.jpeg; https://inaturalist-open-data.s3.amazonaws.com/photos/352267340/original.jpeg,k-western-south-america,2024-10-21 23:57:32
original_4525261697_3.jpeg,2943558,Pentaclethra macroloba,2.1479999999999997,"Heliangelus exortis (Fraser, 1840)",2476708,-0.379051,-78.073605,61.0,SOUTH_AMERICA,Napo,,,,2023-11-24T10:41,False,Daniel Velasco C.,iNaturalist,http://creativecommons.org/licenses/by/4.0/,Daniel Velasco C.,https://inaturalist-open-data.s3.amazonaws.com/photos/352267033/original.jpeg; https://inaturalist-open-data.s3.amazonaws.com/photos/352267037/original.jpeg; https://inaturalist-open-data.s3.amazonaws.com/photos/352267073/original.jpeg; https://inaturalist-open-data.s3.amazonaws.com/photos/352267102/original.jpeg; https://inaturalist-open-data.s3.amazonaws.com/photos/352267122/original.jpeg; https://inaturalist-open-data.s3.amazonaws.com/photos/352267168/original.jpeg; https://inaturalist-open-data.s3.amazonaws.com/photos/352267171/original.jpeg; https://inaturalist-open-data.s3.amazonaws.com/photos/352267186/original.jpeg; https://inaturalist-open-data.s3.amazonaws.com/photos/352267238/original.jpeg; https://inaturalist-open-data.s3.amazonaws.com/photos/352267262/original.jpeg; https://inaturalist-open-data.s3.amazonaws.com/photos/352267264/original.jpeg; https://inaturalist-open-data.s3.amazonaws.com/photos/352267304/original.jpeg; https://inaturalist-open-data.s3.amazonaws.com/photos/352267314/original.jpeg; https://inaturalist-open-data.s3.amazonaws.com/photos/352267340/original.jpeg,k-western-south-america,2024-10-21 23:57:38
original_4525261697_5.jpeg,3860494,Henriettea succosa,2.743,"Heliangelus exortis (Fraser, 1840)",2476708,-0.379051,-78.073605,61.0,SOUTH_AMERICA,Napo,,,,2023-11-24T10:41,False,Daniel Velasco C.,iNaturalist,http://creativecommons.org/licenses/by/4.0/,Daniel Velasco C.,https://inaturalist-open-data.s3.amazonaws.com/photos/352267033/original.jpeg; https://inaturalist-open-data.s3.amazonaws.com/photos/352267037/original.jpeg; https://inaturalist-open-data.s3.amazonaws.com/photos/352267073/original.jpeg; https://inaturalist-open-data.s3.amazonaws.com/photos/352267102/original.jpeg; https://inaturalist-open-data.s3.amazonaws.com/photos/352267122/original.jpeg; https://inaturalist-open-data.s3.amazonaws.com/photos/352267168/original.jpeg; https://inaturalist-open-data.s3.amazonaws.com/photos/352267171/original.jpeg; https://inaturalist-open-data.s3.amazonaws.com/photos/352267186/original.jpeg; https://inaturalist-open-data.s3.amazonaws.com/photos/352267238/original.jpeg; https://inaturalist-open-data.s3.amazonaws.com/photos/352267262/original.jpeg; https://inaturalist-open-data.s3.amazonaws.com/photos/352267264/original.jpeg; https://inaturalist-open-data.s3.amazonaws.com/photos/352267304/original.jpeg; https://inaturalist-open-data.s3.amazonaws.com/photos/352267314/original.jpeg; https://inaturalist-open-data.s3.amazonaws.com/photos/352267340/original.jpeg,k-western-south-america,2024-10-21 23:57:42
original_4525261697_6.jpeg,3860494,Henriettea succosa,4.299,"Heliangelus exortis (Fraser, 1840)",2476708,-0.379051,-78.073605,61.0,SOUTH_AMERICA,Napo,,,,2023-11-24T10:41,False,Daniel Velasco C.,iNaturalist,http://creativecommons.org/licenses/by/4.0/,Daniel Velasco C.,https://inaturalist-open-data.s3.amazonaws.com/photos/352267033/original.jpeg; https://inaturalist-open-data.s3.amazonaws.com/photos/352267037/original.jpeg; https://inaturalist-open-data.s3.amazonaws.com/photos/352267073/original.jpeg; https://inaturalist-open-data.s3.amazonaws.com/photos/352267102/original.jpeg; https://inaturalist-open-data.s3.amazonaws.com/photos/352267122/original.jpeg; https://inaturalist-open-data.s3.amazonaws.com/photos/352267168/original.jpeg; https://inaturalist-open-data.s3.amazonaws.com/photos/352267171/original.jpeg; https://inaturalist-open-data.s3.amazonaws.com/photos/352267186/original.jpeg; https://inaturalist-open-data.s3.amazonaws.com/photos/352267238/original.jpeg; https://inaturalist-open-data.s3.amazonaws.com/photos/352267262/original.jpeg; https://inaturalist-open-data.s3.amazonaws.com/photos/352267264/original.jpeg; https://inaturalist-open-data.s3.amazonaws.com/photos/352267304/original.jpeg; https://inaturalist-open-data.s3.amazonaws.com/photos/352267314/original.jpeg; https://inaturalist-open-data.s3.amazonaws.com/photos/352267340/original.jpeg,k-western-south-america,2024-10-21 23:57:44
original_4525261697_9.jpeg,2792457,Polystachya concreta,3.08,"Heliangelus exortis (Fraser, 1840)",2476708,-0.379051,-78.073605,61.0,SOUTH_AMERICA,Napo,,,,2023-11-24T10:41,False,Daniel Velasco C.,iNaturalist,http://creativecommons.org/licenses/by/4.0/,Daniel Velasco C.,https://inaturalist-open-data.s3.amazonaws.com/photos/352267033/original.jpeg; https://inaturalist-open-data.s3.amazonaws.com/photos/352267037/original.jpeg; https://inaturalist-open-data.s3.amazonaws.com/photos/352267073/original.jpeg; https://inaturalist-open-data.s3.amazonaws.com/photos/352267102/original.jpeg; https://inaturalist-open-data.s3.amazonaws.com/photos/352267122/original.jpeg; https://inaturalist-open-data.s3.amazonaws.com/photos/352267168/original.jpeg; https://inaturalist-open-data.s3.amazonaws.com/photos/352267171/original.jpeg; https://inaturalist-open-data.s3.amazonaws.com/photos/352267186/original.jpeg; https://inaturalist-open-data.s3.amazonaws.com/photos/352267238/original.jpeg; https://inaturalist-open-data.s3.amazonaws.com/photos/352267262/original.jpeg; https://inaturalist-open-data.s3.amazonaws.com/photos/352267264/original.jpeg; https://inaturalist-open-data.s3.amazonaws.com/photos/352267304/original.jpeg; https://inaturalist-open-data.s3.amazonaws.com/photos/352267314/original.jpeg; https://inaturalist-open-data.s3.amazonaws.com/photos/352267340/original.jpeg,k-western-south-america,2024-10-21 23:57:50
original_4525345636_1.jpeg,2979199,Acaciella villosa,0.611,"Heliangelus exortis (Fraser, 1840)",2476708,-0.379714,-78.073386,31.0,SOUTH_AMERICA,Napo,,,,2023-11-24T10:39,False,Daniel Velasco C.,iNaturalist,http://creativecommons.org/licenses/by/4.0/,Daniel Velasco C.,https://inaturalist-open-data.s3.amazonaws.com/photos/352263789/original.jpeg; https://inaturalist-open-data.s3.amazonaws.com/photos/352263805/original.jpeg,k-western-south-america,2024-10-21 23:57:52
original_4528056979_2.jpg,2775716,Yucca gigantea,1.691,"Heliangelus exortis (Fraser, 1840)",2476708,-0.378193,-78.07422,159.0,SOUTH_AMERICA,Napo,,,,2024-01-11T12:27,False,Mirko Schoenitz,iNaturalist,http://creativecommons.org/publicdomain/zero/1.0/,Mirko Schoenitz,https://inaturalist-open-data.s3.amazonaws.com/photos/353714720/original.jpg; https://inaturalist-open-data.s3.amazonaws.com/photos/353714731/original.jpg,k-western-south-america,2024-10-21 23:58:02
original_4528086962_1.jpg,2705621,Paspalum notatum,5.905,"Heliangelus exortis (Fraser, 1840)",2476708,-0.378193,-78.07422,159.0,SOUTH_AMERICA,Napo,,,,2024-01-11T12:25,False,Mirko Schoenitz,iNaturalist,http://creativecommons.org/publicdomain/zero/1.0/,Mirko Schoenitz,https://inaturalist-open-data.s3.amazonaws.com/photos/353714697/original.jpg,k-western-south-america,2024-10-21 23:58:04
original_4528102949_1.jpg,5348846,Parkia velutina,2.25,"Heliangelus exortis (Fraser, 1840)",2476708,-0.378193,-78.07422,159.0,SOUTH_AMERICA,Napo,,,,2024-01-11T12:23,False,Mirko Schoenitz,iNaturalist,http://creativecommons.org/publicdomain/zero/1.0/,Mirko Schoenitz,https://inaturalist-open-data.s3.amazonaws.com/photos/353714667/original.jpg,k-western-south-america,2024-10-21 23:58:07
original_4528327907_1.jpg,2705621,Paspalum notatum,2.776,"Heliangelus exortis (Fraser, 1840)",2476708,-0.378193,-78.07422,159.0,SOUTH_AMERICA,Napo,,,,2024-01-11T09:55,False,Mirko Schoenitz,iNaturalist,http://creativecommons.org/publicdomain/zero/1.0/,Mirko Schoenitz,https://inaturalist-open-data.s3.amazonaws.com/photos/353714617/original.jpg,k-western-south-america,2024-10-21 23:58:10
original_4528330971_1.jpg,2760824,Heliconia chartacea,10.743,"Heliangelus exortis (Fraser, 1840)",2476708,-0.378193,-78.07422,159.0,SOUTH_AMERICA,Napo,,,,2024-01-11T12:34,False,Mirko Schoenitz,iNaturalist,http://creativecommons.org/publicdomain/zero/1.0/,Mirko Schoenitz,https://inaturalist-open-data.s3.amazonaws.com/photos/353714763/original.jpg,k-western-south-america,2024-10-21 23:58:13
original_4528334869_2.jpg,3866649,Bellucia grossularioides,1.2349999999999999,"Heliangelus exortis (Fraser, 1840)",2476708,-0.378193,-78.07422,159.0,SOUTH_AMERICA,Napo,,,,2024-01-11T12:23,False,Mirko Schoenitz,iNaturalist,http://creativecommons.org/publicdomain/zero/1.0/,Mirko Schoenitz,https://inaturalist-open-data.s3.amazonaws.com/photos/353714652/original.jpg; https://inaturalist-open-data.s3.amazonaws.com/photos/353714655/original.jpg; https://inaturalist-open-data.s3.amazonaws.com/photos/353714664/original.jpg,k-western-south-america,2024-10-21 23:58:17
original_4528334869_3.jpg,3086333,Piper amalago,1.298,"Heliangelus exortis (Fraser, 1840)",2476708,-0.378193,-78.07422,159.0,SOUTH_AMERICA,Napo,,,,2024-01-11T12:23,False,Mirko Schoenitz,iNaturalist,http://creativecommons.org/publicdomain/zero/1.0/,Mirko Schoenitz,https://inaturalist-open-data.s3.amazonaws.com/photos/353714652/original.jpg; https://inaturalist-open-data.s3.amazonaws.com/photos/353714655/original.jpg; https://inaturalist-open-data.s3.amazonaws.com/photos/353714664/original.jpg,k-western-south-america,2024-10-21 23:58:20
original_4528344909_1.jpg,6365487,Columnea consanguinea,5.36,"Heliangelus exortis (Fraser, 1840)",2476708,-0.378193,-78.07422,159.0,SOUTH_AMERICA,Napo,,,,2024-01-11T12:36,False,Mirko Schoenitz,iNaturalist,http://creativecommons.org/publicdomain/zero/1.0/,Mirko Schoenitz,https://inaturalist-open-data.s3.amazonaws.com/photos/353714772/original.jpg,k-western-south-america,2024-10-21 23:58:23
original_4528392937_1.jpg,5341784,Physalis peruviana,2.562,"Heliangelus exortis (Fraser, 1840)",2476708,-0.378193,-78.07422,159.0,SOUTH_AMERICA,Napo,,,,2024-01-11T12:21,False,Mirko Schoenitz,iNaturalist,http://creativecommons.org/publicdomain/zero/1.0/,Mirko Schoenitz,https://inaturalist-open-data.s3.amazonaws.com/photos/353714636/original.jpg,k-western-south-america,2024-10-21 23:58:25
original_4535762116_1.jpeg,5321877,Ionopsis utricularioides,1.884,"Heliangelus exortis (Fraser, 1840)",2476708,5.023778,-75.363712,,SOUTH_AMERICA,Caldas,,,,2023-02-19T10:56,False,Adrien Jailloux,iNaturalist,http://creativecommons.org/licenses/by/4.0/,Adrien Jailloux,https://inaturalist-open-data.s3.amazonaws.com/photos/355315182/original.jpeg,k-western-south-america,2024-10-21 23:58:31
original_4596841712_1.jpg,4088199,Utricularia jamesoniana,2.328,"Heliangelus exortis (Fraser, 1840)",2476708,-0.378088,-78.074256,23.0,SOUTH_AMERICA,Napo,,,,2019-03-24T16:29,False,dbeeke,iNaturalist,http://creativecommons.org/licenses/by-nc/4.0/,dbeeke,https://inaturalist-open-data.s3.amazonaws.com/photos/351177718/original.jpg,k-western-south-america,2024-10-21 23:58:33
original_4596856648_1.jpeg,2931492,Solanum jamaicense,2.854,"Heliangelus exortis (Fraser, 1840)",2476708,-0.379637,-78.073493,61.0,SOUTH_AMERICA,Napo,,,,2023-11-24T10:39,False,Daniel Velasco C.,iNaturalist,http://creativecommons.org/licenses/by/4.0/,Daniel Velasco C.,https://inaturalist-open-data.s3.amazonaws.com/photos/352263751/original.jpeg; https://inaturalist-open-data.s3.amazonaws.com/photos/352263769/original.jpeg; https://inaturalist-open-data.s3.amazonaws.com/photos/352263773/original.jpeg; https://inaturalist-open-data.s3.amazonaws.com/photos/352263800/original.jpeg,k-western-south-america,2024-10-21 23:58:36
original_4596856648_2.jpeg,2792457,Polystachya concreta,2.852,"Heliangelus exortis (Fraser, 1840)",2476708,-0.379637,-78.073493,61.0,SOUTH_AMERICA,Napo,,,,2023-11-24T10:39,False,Daniel Velasco C.,iNaturalist,http://creativecommons.org/licenses/by/4.0/,Daniel Velasco C.,https://inaturalist-open-data.s3.amazonaws.com/photos/352263751/original.jpeg; https://inaturalist-open-data.s3.amazonaws.com/photos/352263769/original.jpeg; https://inaturalist-open-data.s3.amazonaws.com/photos/352263773/original.jpeg; https://inaturalist-open-data.s3.amazonaws.com/photos/352263800/original.jpeg,k-western-south-america,2024-10-21 23:58:38
original_4596856648_3.jpeg,2792457,Polystachya concreta,2.82,"Heliangelus exortis (Fraser, 1840)",2476708,-0.379637,-78.073493,61.0,SOUTH_AMERICA,Napo,,,,2023-11-24T10:39,False,Daniel Velasco C.,iNaturalist,http://creativecommons.org/licenses/by/4.0/,Daniel Velasco C.,https://inaturalist-open-data.s3.amazonaws.com/photos/352263751/original.jpeg; https://inaturalist-open-data.s3.amazonaws.com/photos/352263769/original.jpeg; https://inaturalist-open-data.s3.amazonaws.com/photos/352263773/original.jpeg; https://inaturalist-open-data.s3.amazonaws.com/photos/352263800/original.jpeg,k-western-south-america,2024-10-21 23:58:40
original_4596856648_4.jpeg,2792457,Polystachya concreta,7.871,"Heliangelus exortis (Fraser, 1840)",2476708,-0.379637,-78.073493,61.0,SOUTH_AMERICA,Napo,,,,2023-11-24T10:39,False,Daniel Velasco C.,iNaturalist,http://creativecommons.org/licenses/by/4.0/,Daniel Velasco C.,https://inaturalist-open-data.s3.amazonaws.com/photos/352263751/original.jpeg; https://inaturalist-open-data.s3.amazonaws.com/photos/352263769/original.jpeg; https://inaturalist-open-data.s3.amazonaws.com/photos/352263773/original.jpeg; https://inaturalist-open-data.s3.amazonaws.com/photos/352263800/original.jpeg,k-western-south-america,2024-10-21 23:58:42
original_4597271632_1.jpeg,2695104,Tillandsia tricholepis,3.785,"Heliangelus exortis (Fraser, 1840)",2476708,-0.375571,-78.076929,886.0,SOUTH_AMERICA,Napo,,,,2023-11-14T20:39,False,mxn1701,iNaturalist,http://creativecommons.org/licenses/by-nc/4.0/,mxn1701,https://inaturalist-open-data.s3.amazonaws.com/photos/342591090/original.jpeg,k-western-south-america,2024-10-21 23:58:47
original_4599884507_1.jpeg,3107187,Senecio tamoides,27.817999999999998,"Heliangelus exortis (Fraser, 1840)",2476708,5.598813,-75.819817,1103.0,SOUTH_AMERICA,Antioquia,,,,2023-11-12T16:58,False,Luis Carlos Beltran,iNaturalist,http://creativecommons.org/licenses/by-nc/4.0/,Luis Carlos Beltran,https://inaturalist-open-data.s3.amazonaws.com/photos/360153677/original.jpeg,k-western-south-america,2024-10-21 23:58:52
original_4606673082_1.jpg,2880642,Quercus humboldtii,5.595,"Heliangelus exortis (Fraser, 1840)",2476708,4.87208,-74.372612,15.0,SOUTH_AMERICA,Cundinamarca,,,,2024-03-23T11:18:39,False,Nicolás Baresch Uribe,iNaturalist,http://creativecommons.org/licenses/by/4.0/,Nicolás Baresch Uribe,https://inaturalist-open-data.s3.amazonaws.com/photos/359839860/original.jpg; https://inaturalist-open-data.s3.amazonaws.com/photos/359839897/original.jpg; https://inaturalist-open-data.s3.amazonaws.com/photos/359839920/original.jpg,k-western-south-america,2024-10-21 23:58:55
original_4606673082_2.jpg,5591369,Columnea arguta,3.9,"Heliangelus exortis (Fraser, 1840)",2476708,4.87208,-74.372612,15.0,SOUTH_AMERICA,Cundinamarca,,,,2024-03-23T11:18:39,False,Nicolás Baresch Uribe,iNaturalist,http://creativecommons.org/licenses/by/4.0/,Nicolás Baresch Uribe,https://inaturalist-open-data.s3.amazonaws.com/photos/359839860/original.jpg; https://inaturalist-open-data.s3.amazonaws.com/photos/359839897/original.jpg; https://inaturalist-open-data.s3.amazonaws.com/photos/359839920/original.jpg,k-western-south-america,2024-10-21 23:58:58
original_4606673082_3.jpg,3055359,Alchornea latifolia,3.436,"Heliangelus exortis (Fraser, 1840)",2476708,4.87208,-74.372612,15.0,SOUTH_AMERICA,Cundinamarca,,,,2024-03-23T11:18:39,False,Nicolás Baresch Uribe,iNaturalist,http://creativecommons.org/licenses/by/4.0/,Nicolás Baresch Uribe,https://inaturalist-open-data.s3.amazonaws.com/photos/359839860/original.jpg; https://inaturalist-open-data.s3.amazonaws.com/photos/359839897/original.jpg; https://inaturalist-open-data.s3.amazonaws.com/photos/359839920/original.jpg,k-western-south-america,2024-10-21 23:59:00
original_4606734105_1.jpg,2985122,Hirtella racemosa,1.9720000000000002,"Heliangelus exortis (Fraser, 1840)",2476708,-0.380168,-78.072045,,SOUTH_AMERICA,Napo,,,,2024-03-11T08:03,False,Andrew Newmark,iNaturalist,http://creativecommons.org/licenses/by-nc/4.0/,Andrew Newmark,https://inaturalist-open-data.s3.amazonaws.com/photos/362124468/original.jpg,k-western-south-america,2024-10-21 23:59:02
original_4606780186_1.jpeg,8220878,Callianthe megapotamica,36.642,"Heliangelus exortis (Fraser, 1840)",2476708,-0.378017,-78.07415,,SOUTH_AMERICA,Napo,,,,2024-02-28T10:55,False,craigjhowe,iNaturalist,http://creativecommons.org/licenses/by-nc/4.0/,craigjhowe,https://inaturalist-open-data.s3.amazonaws.com/photos/361733411/original.jpeg; https://inaturalist-open-data.s3.amazonaws.com/photos/361733419/original.jpeg,k-western-south-america,2024-10-21 23:59:04
original_4606780186_2.jpeg,8220878,Callianthe megapotamica,20.491999999999997,"Heliangelus exortis (Fraser, 1840)",2476708,-0.378017,-78.07415,,SOUTH_AMERICA,Napo,,,,2024-02-28T10:55,False,craigjhowe,iNaturalist,http://creativecommons.org/licenses/by-nc/4.0/,craigjhowe,https://inaturalist-open-data.s3.amazonaws.com/photos/361733411/original.jpeg; https://inaturalist-open-data.s3.amazonaws.com/photos/361733419/original.jpeg,k-western-south-america,2024-10-21 23:59:06
original_4606821853_2.jpeg,5591185,Drymonia coccinea,3.878,"Heliangelus exortis (Fraser, 1840)",2476708,-0.37813,-78.07418,,SOUTH_AMERICA,Napo,,,,2024-02-28T10:43,False,craigjhowe,iNaturalist,http://creativecommons.org/licenses/by-nc/4.0/,craigjhowe,https://inaturalist-open-data.s3.amazonaws.com/photos/361731907/original.jpeg; https://inaturalist-open-data.s3.amazonaws.com/photos/361731908/original.jpeg; https://inaturalist-open-data.s3.amazonaws.com/photos/361731915/original.jpeg; https://inaturalist-open-data.s3.amazonaws.com/photos/361731961/original.jpeg; https://inaturalist-open-data.s3.amazonaws.com/photos/361731962/original.jpeg; https://inaturalist-open-data.s3.amazonaws.com/photos/361731963/original.jpeg,k-western-south-america,2024-10-21 23:59:10
original_4606822756_1.jpeg,3152555,Hibiscus mutabilis,3.768,"Heliangelus exortis (Fraser, 1840)",2476708,-0.378342,-78.07414,,SOUTH_AMERICA,Napo,,,,2024-02-28T12:01,False,craigjhowe,iNaturalist,http://creativecommons.org/licenses/by-nc/4.0/,craigjhowe,https://inaturalist-open-data.s3.amazonaws.com/photos/362036436/original.jpeg; https://inaturalist-open-data.s3.amazonaws.com/photos/362036444/original.jpeg; https://inaturalist-open-data.s3.amazonaws.com/photos/362036445/original.jpeg; https://inaturalist-open-data.s3.amazonaws.com/photos/362036520/original.jpeg; https://inaturalist-open-data.s3.amazonaws.com/photos/362036539/original.jpeg; https://inaturalist-open-data.s3.amazonaws.com/photos/362036547/original.jpeg,k-western-south-america,2024-10-21 23:59:18
original_4606822756_3.jpeg,3152555,Hibiscus mutabilis,2.037,"Heliangelus exortis (Fraser, 1840)",2476708,-0.378342,-78.07414,,SOUTH_AMERICA,Napo,,,,2024-02-28T12:01,False,craigjhowe,iNaturalist,http://creativecommons.org/licenses/by-nc/4.0/,craigjhowe,https://inaturalist-open-data.s3.amazonaws.com/photos/362036436/original.jpeg; https://inaturalist-open-data.s3.amazonaws.com/photos/362036444/original.jpeg; https://inaturalist-open-data.s3.amazonaws.com/photos/362036445/original.jpeg; https://inaturalist-open-data.s3.amazonaws.com/photos/362036520/original.jpeg; https://inaturalist-open-data.s3.amazonaws.com/photos/362036539/original.jpeg; https://inaturalist-open-data.s3.amazonaws.com/photos/362036547/original.jpeg,k-western-south-america,2024-10-21 23:59:21
original_4606822756_4.jpeg,3152555,Hibiscus mutabilis,2.483,"Heliangelus exortis (Fraser, 1840)",2476708,-0.378342,-78.07414,,SOUTH_AMERICA,Napo,,,,2024-02-28T12:01,False,craigjhowe,iNaturalist,http://creativecommons.org/licenses/by-nc/4.0/,craigjhowe,https://inaturalist-open-data.s3.amazonaws.com/photos/362036436/original.jpeg; https://inaturalist-open-data.s3.amazonaws.com/photos/362036444/original.jpeg; https://inaturalist-open-data.s3.amazonaws.com/photos/362036445/original.jpeg; https://inaturalist-open-data.s3.amazonaws.com/photos/362036520/original.jpeg; https://inaturalist-open-data.s3.amazonaws.com/photos/362036539/original.jpeg; https://inaturalist-open-data.s3.amazonaws.com/photos/362036547/original.jpeg,k-western-south-america,2024-10-21 23:59:23
original_4606822756_6.jpeg,4196780,Nephrolepis brownii,4.108,"Heliangelus exortis (Fraser, 1840)",2476708,-0.378342,-78.07414,,SOUTH_AMERICA,Napo,,,,2024-02-28T12:01,False,craigjhowe,iNaturalist,http://creativecommons.org/licenses/by-nc/4.0/,craigjhowe,https://inaturalist-open-data.s3.amazonaws.com/photos/362036436/original.jpeg; https://inaturalist-open-data.s3.amazonaws.com/photos/362036444/original.jpeg; https://inaturalist-open-data.s3.amazonaws.com/photos/362036445/original.jpeg; https://inaturalist-open-data.s3.amazonaws.com/photos/362036520/original.jpeg; https://inaturalist-open-data.s3.amazonaws.com/photos/362036539/original.jpeg; https://inaturalist-open-data.s3.amazonaws.com/photos/362036547/original.jpeg,k-western-south-america,2024-10-21 23:59:26
original_4607288985_1.jpg,2650280,Cyathea arborea,10.853,"Heliangelus exortis (Fraser, 1840)",2476708,6.116142,-75.543792,3.0,SOUTH_AMERICA,Antioquia,,,,2024-04-07T09:46:19,False,Dominique Hämmerli,iNaturalist,http://creativecommons.org/licenses/by-nc/4.0/,Dominique Hämmerli,https://inaturalist-open-data.s3.amazonaws.com/photos/364267595/original.jpg; https://inaturalist-open-data.s3.amazonaws.com/photos/364267631/original.jpg,k-western-south-america,2024-10-21 23:59:29
original_4607288985_2.jpg,4196780,Nephrolepis brownii,2.527,"Heliangelus exortis (Fraser, 1840)",2476708,6.116142,-75.543792,3.0,SOUTH_AMERICA,Antioquia,,,,2024-04-07T09:46:19,False,Dominique Hämmerli,iNaturalist,http://creativecommons.org/licenses/by-nc/4.0/,Dominique Hämmerli,https://inaturalist-open-data.s3.amazonaws.com/photos/364267595/original.jpg; https://inaturalist-open-data.s3.amazonaws.com/photos/364267631/original.jpg,k-western-south-america,2024-10-21 23:59:31
original_4607478873_2.jpg,4092242,Handroanthus impetiginosus,2.568,"Heliangelus exortis (Fraser, 1840)",2476708,4.606487,-74.305515,3000.0,SOUTH_AMERICA,Cundinamarca,,,,2024-03-14T16:37,False,Ryan F. Mandelbaum,iNaturalist,http://creativecommons.org/licenses/by/4.0/,Ryan F. Mandelbaum,https://inaturalist-open-data.s3.amazonaws.com/photos/361095385/original.jpg; https://inaturalist-open-data.s3.amazonaws.com/photos/361095395/original.jpg,k-western-south-america,2024-10-21 23:59:35
original_4607514351_1.jpg,2932917,Brunfelsia grandiflora,5.92,"Heliangelus exortis (Fraser, 1840)",2476708,5.492658,-75.77922,35.0,SOUTH_AMERICA,Caldas,,,,2024-03-24T11:49:14,False,Dominique Hämmerli,iNaturalist,http://creativecommons.org/licenses/by-nc/4.0/,Dominique Hämmerli,https://inaturalist-open-data.s3.amazonaws.com/photos/360203691/original.jpg,k-western-south-america,2024-10-21 23:59:39
original_4846786093_1.jpeg,8220878,Callianthe megapotamica,9.369,"Heliangelus exortis (Fraser, 1840)",2476708,-0.37845,-78.074135,237.0,SOUTH_AMERICA,Napo,,,,2023-11-24T10:30,False,Tomás Guerrero,iNaturalist,http://creativecommons.org/licenses/by-nc/4.0/,Tomás Guerrero,https://inaturalist-open-data.s3.amazonaws.com/photos/336987161/original.jpeg; https://inaturalist-open-data.s3.amazonaws.com/photos/336987165/original.jpeg; https://inaturalist-open-data.s3.amazonaws.com/photos/336987172/original.jpeg,k-western-south-america,2024-10-21 23:59:41
original_4846786093_2.jpeg,2929362,Solanum capsicoides,2.036,"Heliangelus exortis (Fraser, 1840)",2476708,-0.37845,-78.074135,237.0,SOUTH_AMERICA,Napo,,,,2023-11-24T10:30,False,Tomás Guerrero,iNaturalist,http://creativecommons.org/licenses/by-nc/4.0/,Tomás Guerrero,https://inaturalist-open-data.s3.amazonaws.com/photos/336987161/original.jpeg; https://inaturalist-open-data.s3.amazonaws.com/photos/336987165/original.jpeg; https://inaturalist-open-data.s3.amazonaws.com/photos/336987172/original.jpeg,k-western-south-america,2024-10-21 23:59:43
original_4846786093_3.jpeg,8220878,Callianthe megapotamica,1.022,"Heliangelus exortis (Fraser, 1840)",2476708,-0.37845,-78.074135,237.0,SOUTH_AMERICA,Napo,,,,2023-11-24T10:30,False,Tomás Guerrero,iNaturalist,http://creativecommons.org/licenses/by-nc/4.0/,Tomás Guerrero,https://inaturalist-open-data.s3.amazonaws.com/photos/336987161/original.jpeg; https://inaturalist-open-data.s3.amazonaws.com/photos/336987165/original.jpeg; https://inaturalist-open-data.s3.amazonaws.com/photos/336987172/original.jpeg,k-western-south-america,2024-10-21 23:59:46
original_4846837483_1.jpg,8625966,Witheringia solanacea,3.412,"Heliangelus exortis (Fraser, 1840)",2476708,-0.37817,-78.07408,,SOUTH_AMERICA,Napo,,,,2024-03-15T11:57,False,David Martin,iNaturalist,http://creativecommons.org/licenses/by-nc/4.0/,David Martin,https://inaturalist-open-data.s3.amazonaws.com/photos/365534148/original.jpg,k-western-south-america,2024-10-21 23:59:48
original_4863381604_1.jpeg,5938224,Fuchsia magellanica,71.263,"Heliangelus exortis (Fraser, 1840)",2476708,5.52856,-75.77554,,SOUTH_AMERICA,Antioquia,,,,2024-03-13T07:52,False,Jhon Edwar Enriquez Calderón,iNaturalist,http://creativecommons.org/licenses/by-nc/4.0/,Jhon Edwar Enriquez Calderón,https://inaturalist-open-data.s3.amazonaws.com/photos/369783550/original.jpeg; https://inaturalist-open-data.s3.amazonaws.com/photos/369783558/original.jpeg,k-western-south-america,2024-10-22 00:00:01
original_4863381604_2.jpeg,8220878,Callianthe megapotamica,38.468,"Heliangelus exortis (Fraser, 1840)",2476708,5.52856,-75.77554,,SOUTH_AMERICA,Antioquia,,,,2024-03-13T07:52,False,Jhon Edwar Enriquez Calderón,iNaturalist,http://creativecommons.org/licenses/by-nc/4.0/,Jhon Edwar Enriquez Calderón,https://inaturalist-open-data.s3.amazonaws.com/photos/369783550/original.jpeg; https://inaturalist-open-data.s3.amazonaws.com/photos/369783558/original.jpeg,k-western-south-america,2024-10-22 00:00:03
original_4863632671_1.jpeg,4025948,Microgramma thurnii,3.6189999999999998,"Heliangelus exortis (Fraser, 1840)",2476708,5.49256,-75.779237,229.0,SOUTH_AMERICA,Caldas,,,,2024-05-11T17:35,False,santiago vasquez,iNaturalist,http://creativecommons.org/licenses/by-nc/4.0/,santiago vasquez,https://inaturalist-open-data.s3.amazonaws.com/photos/380676539/original.jpeg; https://inaturalist-open-data.s3.amazonaws.com/photos/380678520/original.jpeg,k-western-south-america,2024-10-22 00:00:06
original_4863810639_1.jpeg,4094627,Bignonia magnifica,3.55,"Heliangelus exortis (Fraser, 1840)",2476708,-0.37845,-78.074135,237.0,SOUTH_AMERICA,Napo,,,,2024-05-12T17:16,False,Croftylock,iNaturalist,http://creativecommons.org/licenses/by-nc/4.0/,Croftylock,https://inaturalist-open-data.s3.amazonaws.com/photos/381183285/original.jpeg; https://inaturalist-open-data.s3.amazonaws.com/photos/381184241/original.jpeg; https://inaturalist-open-data.s3.amazonaws.com/photos/381184547/original.jpeg,k-western-south-america,2024-10-22 00:00:09
original_4863810639_2.jpeg,4142909,Rhipidocladum racemiflorum,2.884,"Heliangelus exortis (Fraser, 1840)",2476708,-0.37845,-78.074135,237.0,SOUTH_AMERICA,Napo,,,,2024-05-12T17:16,False,Croftylock,iNaturalist,http://creativecommons.org/licenses/by-nc/4.0/,Croftylock,https://inaturalist-open-data.s3.amazonaws.com/photos/381183285/original.jpeg; https://inaturalist-open-data.s3.amazonaws.com/photos/381184241/original.jpeg; https://inaturalist-open-data.s3.amazonaws.com/photos/381184547/original.jpeg,k-western-south-america,2024-10-22 00:00:11
original_4863810639_3.jpeg,7661971,Bambusa vulgaris,2.0420000000000003,"Heliangelus exortis (Fraser, 1840)",2476708,-0.37845,-78.074135,237.0,SOUTH_AMERICA,Napo,,,,2024-05-12T17:16,False,Croftylock,iNaturalist,http://creativecommons.org/licenses/by-nc/4.0/,Croftylock,https://inaturalist-open-data.s3.amazonaws.com/photos/381183285/original.jpeg; https://inaturalist-open-data.s3.amazonaws.com/photos/381184241/original.jpeg; https://inaturalist-open-data.s3.amazonaws.com/photos/381184547/original.jpeg,k-western-south-america,2024-10-22 00:00:13
original_4867609552_1.jpeg,2760619,Heliconia wagneriana,9.818999999999999,"Heliangelus exortis (Fraser, 1840)",2476708,4.605673,-74.055525,245.0,SOUTH_AMERICA,Cundinamarca,,,,2024-05-09T10:28,False,brunohemerly,iNaturalist,http://creativecommons.org/licenses/by-nc/4.0/,brunohemerly,https://inaturalist-open-data.s3.amazonaws.com/photos/383548186/original.jpeg,k-western-south-america,2024-10-22 00:00:16
original_4867913073_1.jpeg,2650936,Nephrolepis biserrata,3.288,"Heliangelus exortis (Fraser, 1840)",2476708,4.606592,-74.055405,580.0,SOUTH_AMERICA,Cundinamarca,,,,2024-05-09T11:55,False,brunohemerly,iNaturalist,http://creativecommons.org/licenses/by-nc/4.0/,brunohemerly,https://inaturalist-open-data.s3.amazonaws.com/photos/382792363/original.jpeg,k-western-south-america,2024-10-22 00:00:25
original_4872387937_1.jpeg,7286860,Bursera tomentosa,3.8080000000000003,"Heliangelus exortis (Fraser, 1840)",2476708,6.788779,-75.763571,15.0,SOUTH_AMERICA,Antioquia,,,,2024-05-17T12:35,False,Santi MD,iNaturalist,http://creativecommons.org/licenses/by-nc/4.0/,Santi MD,https://inaturalist-open-data.s3.amazonaws.com/photos/385729696/original.jpeg,k-western-south-america,2024-10-22 00:00:36
original_4872614092_1.jpg,2792457,Polystachya concreta,2.776,"Heliangelus exortis (Fraser, 1840)",2476708,5.024678,-75.369542,191.0,SOUTH_AMERICA,Caldas,,,,2024-05-19T16:12,False,Ryan Shaw,iNaturalist,http://creativecommons.org/licenses/by-nc/4.0/,Ryan Shaw,https://inaturalist-open-data.s3.amazonaws.com/photos/387523276/original.jpg,k-western-south-america,2024-10-22 00:00:38
original_4875448706_1.jpeg,7313502,Passiflora quadriglandulosa,2.6790000000000003,"Heliangelus exortis (Fraser, 1840)",2476708,-0.37845,-78.074135,237.0,SOUTH_AMERICA,Napo,,,,2024-05-17T11:08,False,camryn688,iNaturalist,http://creativecommons.org/licenses/by-nc/4.0/,camryn688,https://inaturalist-open-data.s3.amazonaws.com/photos/388318144/original.jpeg,k-western-south-america,2024-10-22 00:00:40
original_4900899296_1.jpg,2874119,Xylosma flexuosa,2.918,"Heliangelus exortis (Fraser, 1840)",2476708,-0.378253,-78.074122,,SOUTH_AMERICA,Napo,,,,2023-05-09T08:00,False,Attila Oláh,iNaturalist,http://creativecommons.org/licenses/by/4.0/,Attila Oláh,https://inaturalist-open-data.s3.amazonaws.com/photos/394848170/original.jpg,k-western-south-america,2024-10-22 00:00:45
original_4900988398_1.jpg,5321877,Ionopsis utricularioides,0.885,"Heliangelus exortis (Fraser, 1840)",2476708,5.539563,-75.803562,216.0,SOUTH_AMERICA,Antioquia,,,,2024-06-09T06:27,False,johnwilmar,iNaturalist,http://creativecommons.org/licenses/by-nc/4.0/,johnwilmar,https://inaturalist-open-data.s3.amazonaws.com/photos/393717046/original.jpg,k-western-south-america,2024-10-22 00:00:48
original_4901952864_1.jpg,3145318,Smallanthus pyramidalis,13.022,"Heliangelus exortis (Fraser, 1840)",2476708,-0.378342,-78.074294,32.0,SOUTH_AMERICA,Napo,,,,2024-05-17T10:33:01,False,mfburgett,iNaturalist,http://creativecommons.org/licenses/by-nc/4.0/,mfburgett,https://inaturalist-open-data.s3.amazonaws.com/photos/382591963/original.jpg; https://inaturalist-open-data.s3.amazonaws.com/photos/382592007/original.jpg,k-western-south-america,2024-10-22 00:00:55
original_4901952864_2.jpg,4060951,Varronia curassavica,2.346,"Heliangelus exortis (Fraser, 1840)",2476708,-0.378342,-78.074294,32.0,SOUTH_AMERICA,Napo,,,,2024-05-17T10:33:01,False,mfburgett,iNaturalist,http://creativecommons.org/licenses/by-nc/4.0/,mfburgett,https://inaturalist-open-data.s3.amazonaws.com/photos/382591963/original.jpg; https://inaturalist-open-data.s3.amazonaws.com/photos/382592007/original.jpg,k-western-south-america,2024-10-22 00:00:57
original_4904056437_1.jpg,2705733,Oplismenus compositus,4.009,"Heliangelus exortis (Fraser, 1840)",2476708,-0.378313,-78.074182,,SOUTH_AMERICA,Napo,,,,2023-05-09T12:58,False,Attila Oláh,iNaturalist,http://creativecommons.org/licenses/by/4.0/,Attila Oláh,https://inaturalist-open-data.s3.amazonaws.com/photos/399908928/original.jpg; https://inaturalist-open-data.s3.amazonaws.com/photos/399908944/original.jpg; https://inaturalist-open-data.s3.amazonaws.com/photos/399908950/original.jpg,k-western-south-america,2024-10-22 00:00:59
original_4904056437_2.jpg,2760947,Heliconia acuminata,1.8530000000000002,"Heliangelus exortis (Fraser, 1840)",2476708,-0.378313,-78.074182,,SOUTH_AMERICA,Napo,,,,2023-05-09T12:58,False,Attila Oláh,iNaturalist,http://creativecommons.org/licenses/by/4.0/,Attila Oláh,https://inaturalist-open-data.s3.amazonaws.com/photos/399908928/original.jpg; https://inaturalist-open-data.s3.amazonaws.com/photos/399908944/original.jpg; https://inaturalist-open-data.s3.amazonaws.com/photos/399908950/original.jpg,k-western-south-america,2024-10-22 00:01:02
original_4904056437_3.jpg,2705733,Oplismenus compositus,4.459,"Heliangelus exortis (Fraser, 1840)",2476708,-0.378313,-78.074182,,SOUTH_AMERICA,Napo,,,,2023-05-09T12:58,False,Attila Oláh,iNaturalist,http://creativecommons.org/licenses/by/4.0/,Attila Oláh,https://inaturalist-open-data.s3.amazonaws.com/photos/399908928/original.jpg; https://inaturalist-open-data.s3.amazonaws.com/photos/399908944/original.jpg; https://inaturalist-open-data.s3.amazonaws.com/photos/399908950/original.jpg,k-western-south-america,2024-10-22 00:01:04
original_4908203462_1.jpeg,2872436,Anthurium clidemioides,5.287,"Heliangelus exortis (Fraser, 1840)",2476708,-0.378333,-78.073889,,SOUTH_AMERICA,Napo,,,,2023-03-18T13:07:04,False,Diego Torres Sierra,iNaturalist,http://creativecommons.org/licenses/by-nc/4.0/,Diego Torres Sierra,https://inaturalist-open-data.s3.amazonaws.com/photos/261540145/original.jpeg; https://inaturalist-open-data.s3.amazonaws.com/photos/261540164/original.jpeg,k-western-south-america,2024-10-22 00:01:07
original_4908203462_2.jpeg,2920385,Psychotria nervosa,2.532,"Heliangelus exortis (Fraser, 1840)",2476708,-0.378333,-78.073889,,SOUTH_AMERICA,Napo,,,,2023-03-18T13:07:04,False,Diego Torres Sierra,iNaturalist,http://creativecommons.org/licenses/by-nc/4.0/,Diego Torres Sierra,https://inaturalist-open-data.s3.amazonaws.com/photos/261540145/original.jpeg; https://inaturalist-open-data.s3.amazonaws.com/photos/261540164/original.jpeg,k-western-south-america,2024-10-22 00:01:09
original_4908606192_1.jpg,2932547,Solanum paniculatum,4.349,"Heliangelus exortis (Fraser, 1840)",2476708,5.25186,-76.11064,,SOUTH_AMERICA,Risaralda,,,,2024-01-27T09:08,False,Don Marsille,iNaturalist,http://creativecommons.org/licenses/by-nc/4.0/,Don Marsille,https://inaturalist-open-data.s3.amazonaws.com/photos/382781577/original.jpg; https://inaturalist-open-data.s3.amazonaws.com/photos/382781631/original.jpg; https://inaturalist-open-data.s3.amazonaws.com/photos/382782590/original.jpg,k-western-south-america,2024-10-22 00:01:17
original_4908606192_2.jpg,7403263,Lactuca sativa,17.836,"Heliangelus exortis (Fraser, 1840)",2476708,5.25186,-76.11064,,SOUTH_AMERICA,Risaralda,,,,2024-01-27T09:08,False,Don Marsille,iNaturalist,http://creativecommons.org/licenses/by-nc/4.0/,Don Marsille,https://inaturalist-open-data.s3.amazonaws.com/photos/382781577/original.jpg; https://inaturalist-open-data.s3.amazonaws.com/photos/382781631/original.jpg; https://inaturalist-open-data.s3.amazonaws.com/photos/382782590/original.jpg,k-western-south-america,2024-10-22 00:01:19
original_4908606192_3.jpg,7403263,Lactuca sativa,5.416,"Heliangelus exortis (Fraser, 1840)",2476708,5.25186,-76.11064,,SOUTH_AMERICA,Risaralda,,,,2024-01-27T09:08,False,Don Marsille,iNaturalist,http://creativecommons.org/licenses/by-nc/4.0/,Don Marsille,https://inaturalist-open-data.s3.amazonaws.com/photos/382781577/original.jpg; https://inaturalist-open-data.s3.amazonaws.com/photos/382781631/original.jpg; https://inaturalist-open-data.s3.amazonaws.com/photos/382782590/original.jpg,k-western-south-america,2024-10-22 00:01:21
original_4909238780_1.jpg,5407273,Annona muricata,1.238,"Heliangelus exortis (Fraser, 1840)",2476708,5.2544,-76.1172,,SOUTH_AMERICA,Risaralda,,,,2024-01-27T09:08,False,Don Marsille,iNaturalist,http://creativecommons.org/licenses/by-nc/4.0/,Don Marsille,https://inaturalist-open-data.s3.amazonaws.com/photos/382821335/original.jpg; https://inaturalist-open-data.s3.amazonaws.com/photos/382821371/original.jpg; https://inaturalist-open-data.s3.amazonaws.com/photos/382821494/original.jpg,k-western-south-america,2024-10-22 00:01:24
original_4909238780_2.jpg,3852019,Trichilia pleeana,2.252,"Heliangelus exortis (Fraser, 1840)",2476708,5.2544,-76.1172,,SOUTH_AMERICA,Risaralda,,,,2024-01-27T09:08,False,Don Marsille,iNaturalist,http://creativecommons.org/licenses/by-nc/4.0/,Don Marsille,https://inaturalist-open-data.s3.amazonaws.com/photos/382821335/original.jpg; https://inaturalist-open-data.s3.amazonaws.com/photos/382821371/original.jpg; https://inaturalist-open-data.s3.amazonaws.com/photos/382821494/original.jpg,k-western-south-america,2024-10-22 00:01:27
original_4909238780_3.jpg,3082440,Lecythis pisonis,1.9029999999999998,"Heliangelus exortis (Fraser, 1840)",2476708,5.2544,-76.1172,,SOUTH_AMERICA,Risaralda,,,,2024-01-27T09:08,False,Don Marsille,iNaturalist,http://creativecommons.org/licenses/by-nc/4.0/,Don Marsille,https://inaturalist-open-data.s3.amazonaws.com/photos/382821335/original.jpg; https://inaturalist-open-data.s3.amazonaws.com/photos/382821371/original.jpg; https://inaturalist-open-data.s3.amazonaws.com/photos/382821494/original.jpg,k-western-south-america,2024-10-22 00:01:29
original_4911014833_1.jpg,3054201,Cleome spinosa,7.345,"Heliangelus exortis (Fraser, 1840)",2476708,-0.379174,-78.073046,4.0,SOUTH_AMERICA,Napo,,,,2024-07-20T08:44,False,David Torres,iNaturalist,http://creativecommons.org/licenses/by-nc/4.0/,David Torres,https://inaturalist-open-data.s3.amazonaws.com/photos/409567322/original.jpg; https://inaturalist-open-data.s3.amazonaws.com/photos/409567335/original.jpg; https://inaturalist-open-data.s3.amazonaws.com/photos/409567347/original.jpg; https://inaturalist-open-data.s3.amazonaws.com/photos/409567371/original.jpg; https://inaturalist-open-data.s3.amazonaws.com/photos/409567374/original.jpg; https://inaturalist-open-data.s3.amazonaws.com/photos/409567387/original.jpg; https://inaturalist-open-data.s3.amazonaws.com/photos/409567394/original.jpg; https://inaturalist-open-data.s3.amazonaws.com/photos/409567409/original.jpg; https://inaturalist-open-data.s3.amazonaws.com/photos/409567415/original.jpg; https://inaturalist-open-data.s3.amazonaws.com/photos/409567495/original.jpg; https://inaturalist-open-data.s3.amazonaws.com/photos/409567508/original.jpg; https://inaturalist-open-data.s3.amazonaws.com/photos/409567521/original.jpg,k-western-south-america,2024-10-22 00:01:31
original_4911014833_10.jpg,5590930,Drymonia lanceolata,4.572,"Heliangelus exortis (Fraser, 1840)",2476708,-0.379174,-78.073046,4.0,SOUTH_AMERICA,Napo,,,,2024-07-20T08:44,False,David Torres,iNaturalist,http://creativecommons.org/licenses/by-nc/4.0/,David Torres,https://inaturalist-open-data.s3.amazonaws.com/photos/409567322/original.jpg; https://inaturalist-open-data.s3.amazonaws.com/photos/409567335/original.jpg; https://inaturalist-open-data.s3.amazonaws.com/photos/409567347/original.jpg; https://inaturalist-open-data.s3.amazonaws.com/photos/409567371/original.jpg; https://inaturalist-open-data.s3.amazonaws.com/photos/409567374/original.jpg; https://inaturalist-open-data.s3.amazonaws.com/photos/409567387/original.jpg; https://inaturalist-open-data.s3.amazonaws.com/photos/409567394/original.jpg; https://inaturalist-open-data.s3.amazonaws.com/photos/409567409/original.jpg; https://inaturalist-open-data.s3.amazonaws.com/photos/409567415/original.jpg; https://inaturalist-open-data.s3.amazonaws.com/photos/409567495/original.jpg; https://inaturalist-open-data.s3.amazonaws.com/photos/409567508/original.jpg; https://inaturalist-open-data.s3.amazonaws.com/photos/409567521/original.jpg,k-western-south-america,2024-10-22 00:01:34
original_4911014833_11.jpg,3054201,Cleome spinosa,3.2259999999999995,"Heliangelus exortis (Fraser, 1840)",2476708,-0.379174,-78.073046,4.0,SOUTH_AMERICA,Napo,,,,2024-07-20T08:44,False,David Torres,iNaturalist,http://creativecommons.org/licenses/by-nc/4.0/,David Torres,https://inaturalist-open-data.s3.amazonaws.com/photos/409567322/original.jpg; https://inaturalist-open-data.s3.amazonaws.com/photos/409567335/original.jpg; https://inaturalist-open-data.s3.amazonaws.com/photos/409567347/original.jpg; https://inaturalist-open-data.s3.amazonaws.com/photos/409567371/original.jpg; https://inaturalist-open-data.s3.amazonaws.com/photos/409567374/original.jpg; https://inaturalist-open-data.s3.amazonaws.com/photos/409567387/original.jpg; https://inaturalist-open-data.s3.amazonaws.com/photos/409567394/original.jpg; https://inaturalist-open-data.s3.amazonaws.com/photos/409567409/original.jpg; https://inaturalist-open-data.s3.amazonaws.com/photos/409567415/original.jpg; https://inaturalist-open-data.s3.amazonaws.com/photos/409567495/original.jpg; https://inaturalist-open-data.s3.amazonaws.com/photos/409567508/original.jpg; https://inaturalist-open-data.s3.amazonaws.com/photos/409567521/original.jpg,k-western-south-america,2024-10-22 00:01:36
original_4911014833_12.jpg,2792457,Polystachya concreta,3.877,"Heliangelus exortis (Fraser, 1840)",2476708,-0.379174,-78.073046,4.0,SOUTH_AMERICA,Napo,,,,2024-07-20T08:44,False,David Torres,iNaturalist,http://creativecommons.org/licenses/by-nc/4.0/,David Torres,https://inaturalist-open-data.s3.amazonaws.com/photos/409567322/original.jpg; https://inaturalist-open-data.s3.amazonaws.com/photos/409567335/original.jpg; https://inaturalist-open-data.s3.amazonaws.com/photos/409567347/original.jpg; https://inaturalist-open-data.s3.amazonaws.com/photos/409567371/original.jpg; https://inaturalist-open-data.s3.amazonaws.com/photos/409567374/original.jpg; https://inaturalist-open-data.s3.amazonaws.com/photos/409567387/original.jpg; https://inaturalist-open-data.s3.amazonaws.com/photos/409567394/original.jpg; https://inaturalist-open-data.s3.amazonaws.com/photos/409567409/original.jpg; https://inaturalist-open-data.s3.amazonaws.com/photos/409567415/original.jpg; https://inaturalist-open-data.s3.amazonaws.com/photos/409567495/original.jpg; https://inaturalist-open-data.s3.amazonaws.com/photos/409567508/original.jpg; https://inaturalist-open-data.s3.amazonaws.com/photos/409567521/original.jpg,k-western-south-america,2024-10-22 00:01:38
original_4911014833_2.jpg,8368994,Passiflora mixta,4.226,"Heliangelus exortis (Fraser, 1840)",2476708,-0.379174,-78.073046,4.0,SOUTH_AMERICA,Napo,,,,2024-07-20T08:44,False,David Torres,iNaturalist,http://creativecommons.org/licenses/by-nc/4.0/,David Torres,https://inaturalist-open-data.s3.amazonaws.com/photos/409567322/original.jpg; https://inaturalist-open-data.s3.amazonaws.com/photos/409567335/original.jpg; https://inaturalist-open-data.s3.amazonaws.com/photos/409567347/original.jpg; https://inaturalist-open-data.s3.amazonaws.com/photos/409567371/original.jpg; https://inaturalist-open-data.s3.amazonaws.com/photos/409567374/original.jpg; https://inaturalist-open-data.s3.amazonaws.com/photos/409567387/original.jpg; https://inaturalist-open-data.s3.amazonaws.com/photos/409567394/original.jpg; https://inaturalist-open-data.s3.amazonaws.com/photos/409567409/original.jpg; https://inaturalist-open-data.s3.amazonaws.com/photos/409567415/original.jpg; https://inaturalist-open-data.s3.amazonaws.com/photos/409567495/original.jpg; https://inaturalist-open-data.s3.amazonaws.com/photos/409567508/original.jpg; https://inaturalist-open-data.s3.amazonaws.com/photos/409567521/original.jpg,k-western-south-america,2024-10-22 00:01:40
original_4911014833_3.jpg,3054201,Cleome spinosa,3.6839999999999997,"Heliangelus exortis (Fraser, 1840)",2476708,-0.379174,-78.073046,4.0,SOUTH_AMERICA,Napo,,,,2024-07-20T08:44,False,David Torres,iNaturalist,http://creativecommons.org/licenses/by-nc/4.0/,David Torres,https://inaturalist-open-data.s3.amazonaws.com/photos/409567322/original.jpg; https://inaturalist-open-data.s3.amazonaws.com/photos/409567335/original.jpg; https://inaturalist-open-data.s3.amazonaws.com/photos/409567347/original.jpg; https://inaturalist-open-data.s3.amazonaws.com/photos/409567371/original.jpg; https://inaturalist-open-data.s3.amazonaws.com/photos/409567374/original.jpg; https://inaturalist-open-data.s3.amazonaws.com/photos/409567387/original.jpg; https://inaturalist-open-data.s3.amazonaws.com/photos/409567394/original.jpg; https://inaturalist-open-data.s3.amazonaws.com/photos/409567409/original.jpg; https://inaturalist-open-data.s3.amazonaws.com/photos/409567415/original.jpg; https://inaturalist-open-data.s3.amazonaws.com/photos/409567495/original.jpg; https://inaturalist-open-data.s3.amazonaws.com/photos/409567508/original.jpg; https://inaturalist-open-data.s3.amazonaws.com/photos/409567521/original.jpg,k-western-south-america,2024-10-22 00:01:41
original_4911014833_4.jpg,3054201,Cleome spinosa,13.834,"Heliangelus exortis (Fraser, 1840)",2476708,-0.379174,-78.073046,4.0,SOUTH_AMERICA,Napo,,,,2024-07-20T08:44,False,David Torres,iNaturalist,http://creativecommons.org/licenses/by-nc/4.0/,David Torres,https://inaturalist-open-data.s3.amazonaws.com/photos/409567322/original.jpg; https://inaturalist-open-data.s3.amazonaws.com/photos/409567335/original.jpg; https://inaturalist-open-data.s3.amazonaws.com/photos/409567347/original.jpg; https://inaturalist-open-data.s3.amazonaws.com/photos/409567371/original.jpg; https://inaturalist-open-data.s3.amazonaws.com/photos/409567374/original.jpg; https://inaturalist-open-data.s3.amazonaws.com/photos/409567387/original.jpg; https://inaturalist-open-data.s3.amazonaws.com/photos/409567394/original.jpg; https://inaturalist-open-data.s3.amazonaws.com/photos/409567409/original.jpg; https://inaturalist-open-data.s3.amazonaws.com/photos/409567415/original.jpg; https://inaturalist-open-data.s3.amazonaws.com/photos/409567495/original.jpg; https://inaturalist-open-data.s3.amazonaws.com/photos/409567508/original.jpg; https://inaturalist-open-data.s3.amazonaws.com/photos/409567521/original.jpg,k-western-south-america,2024-10-22 00:01:44
original_4911014833_5.jpg,2792457,Polystachya concreta,5.649,"Heliangelus exortis (Fraser, 1840)",2476708,-0.379174,-78.073046,4.0,SOUTH_AMERICA,Napo,,,,2024-07-20T08:44,False,David Torres,iNaturalist,http://creativecommons.org/licenses/by-nc/4.0/,David Torres,https://inaturalist-open-data.s3.amazonaws.com/photos/409567322/original.jpg; https://inaturalist-open-data.s3.amazonaws.com/photos/409567335/original.jpg; https://inaturalist-open-data.s3.amazonaws.com/photos/409567347/original.jpg; https://inaturalist-open-data.s3.amazonaws.com/photos/409567371/original.jpg; https://inaturalist-open-data.s3.amazonaws.com/photos/409567374/original.jpg; https://inaturalist-open-data.s3.amazonaws.com/photos/409567387/original.jpg; https://inaturalist-open-data.s3.amazonaws.com/photos/409567394/original.jpg; https://inaturalist-open-data.s3.amazonaws.com/photos/409567409/original.jpg; https://inaturalist-open-data.s3.amazonaws.com/photos/409567415/original.jpg; https://inaturalist-open-data.s3.amazonaws.com/photos/409567495/original.jpg; https://inaturalist-open-data.s3.amazonaws.com/photos/409567508/original.jpg; https://inaturalist-open-data.s3.amazonaws.com/photos/409567521/original.jpg,k-western-south-america,2024-10-22 00:01:46
original_4911014833_6.jpg,2792457,Polystachya concreta,2.996,"Heliangelus exortis (Fraser, 1840)",2476708,-0.379174,-78.073046,4.0,SOUTH_AMERICA,Napo,,,,2024-07-20T08:44,False,David Torres,iNaturalist,http://creativecommons.org/licenses/by-nc/4.0/,David Torres,https://inaturalist-open-data.s3.amazonaws.com/photos/409567322/original.jpg; https://inaturalist-open-data.s3.amazonaws.com/photos/409567335/original.jpg; https://inaturalist-open-data.s3.amazonaws.com/photos/409567347/original.jpg; https://inaturalist-open-data.s3.amazonaws.com/photos/409567371/original.jpg; https://inaturalist-open-data.s3.amazonaws.com/photos/409567374/original.jpg; https://inaturalist-open-data.s3.amazonaws.com/photos/409567387/original.jpg; https://inaturalist-open-data.s3.amazonaws.com/photos/409567394/original.jpg; https://inaturalist-open-data.s3.amazonaws.com/photos/409567409/original.jpg; https://inaturalist-open-data.s3.amazonaws.com/photos/409567415/original.jpg; https://inaturalist-open-data.s3.amazonaws.com/photos/409567495/original.jpg; https://inaturalist-open-data.s3.amazonaws.com/photos/409567508/original.jpg; https://inaturalist-open-data.s3.amazonaws.com/photos/409567521/original.jpg,k-western-south-america,2024-10-22 00:01:48
original_4911014833_7.jpg,3054201,Cleome spinosa,2.4899999999999998,"Heliangelus exortis (Fraser, 1840)",2476708,-0.379174,-78.073046,4.0,SOUTH_AMERICA,Napo,,,,2024-07-20T08:44,False,David Torres,iNaturalist,http://creativecommons.org/licenses/by-nc/4.0/,David Torres,https://inaturalist-open-data.s3.amazonaws.com/photos/409567322/original.jpg; https://inaturalist-open-data.s3.amazonaws.com/photos/409567335/original.jpg; https://inaturalist-open-data.s3.amazonaws.com/photos/409567347/original.jpg; https://inaturalist-open-data.s3.amazonaws.com/photos/409567371/original.jpg; https://inaturalist-open-data.s3.amazonaws.com/photos/409567374/original.jpg; https://inaturalist-open-data.s3.amazonaws.com/photos/409567387/original.jpg; https://inaturalist-open-data.s3.amazonaws.com/photos/409567394/original.jpg; https://inaturalist-open-data.s3.amazonaws.com/photos/409567409/original.jpg; https://inaturalist-open-data.s3.amazonaws.com/photos/409567415/original.jpg; https://inaturalist-open-data.s3.amazonaws.com/photos/409567495/original.jpg; https://inaturalist-open-data.s3.amazonaws.com/photos/409567508/original.jpg; https://inaturalist-open-data.s3.amazonaws.com/photos/409567521/original.jpg,k-western-south-america,2024-10-22 00:01:50
original_4911014833_8.jpg,3054201,Cleome spinosa,9.988,"Heliangelus exortis (Fraser, 1840)",2476708,-0.379174,-78.073046,4.0,SOUTH_AMERICA,Napo,,,,2024-07-20T08:44,False,David Torres,iNaturalist,http://creativecommons.org/licenses/by-nc/4.0/,David Torres,https://inaturalist-open-data.s3.amazonaws.com/photos/409567322/original.jpg; https://inaturalist-open-data.s3.amazonaws.com/photos/409567335/original.jpg; https://inaturalist-open-data.s3.amazonaws.com/photos/409567347/original.jpg; https://inaturalist-open-data.s3.amazonaws.com/photos/409567371/original.jpg; https://inaturalist-open-data.s3.amazonaws.com/photos/409567374/original.jpg; https://inaturalist-open-data.s3.amazonaws.com/photos/409567387/original.jpg; https://inaturalist-open-data.s3.amazonaws.com/photos/409567394/original.jpg; https://inaturalist-open-data.s3.amazonaws.com/photos/409567409/original.jpg; https://inaturalist-open-data.s3.amazonaws.com/photos/409567415/original.jpg; https://inaturalist-open-data.s3.amazonaws.com/photos/409567495/original.jpg; https://inaturalist-open-data.s3.amazonaws.com/photos/409567508/original.jpg; https://inaturalist-open-data.s3.amazonaws.com/photos/409567521/original.jpg,k-western-south-america,2024-10-22 00:01:52
original_4911014833_9.jpg,3054262,Crateva tapia,52.025999999999996,"Heliangelus exortis (Fraser, 1840)",2476708,-0.379174,-78.073046,4.0,SOUTH_AMERICA,Napo,,,,2024-07-20T08:44,False,David Torres,iNaturalist,http://creativecommons.org/licenses/by-nc/4.0/,David Torres,https://inaturalist-open-data.s3.amazonaws.com/photos/409567322/original.jpg; https://inaturalist-open-data.s3.amazonaws.com/photos/409567335/original.jpg; https://inaturalist-open-data.s3.amazonaws.com/photos/409567347/original.jpg; https://inaturalist-open-data.s3.amazonaws.com/photos/409567371/original.jpg; https://inaturalist-open-data.s3.amazonaws.com/photos/409567374/original.jpg; https://inaturalist-open-data.s3.amazonaws.com/photos/409567387/original.jpg; https://inaturalist-open-data.s3.amazonaws.com/photos/409567394/original.jpg; https://inaturalist-open-data.s3.amazonaws.com/photos/409567409/original.jpg; https://inaturalist-open-data.s3.amazonaws.com/photos/409567415/original.jpg; https://inaturalist-open-data.s3.amazonaws.com/photos/409567495/original.jpg; https://inaturalist-open-data.s3.amazonaws.com/photos/409567508/original.jpg; https://inaturalist-open-data.s3.amazonaws.com/photos/409567521/original.jpg,k-western-south-america,2024-10-22 00:01:54
original_4911062107_1.jpeg,4142909,Rhipidocladum racemiflorum,44.833,"Heliangelus exortis (Fraser, 1840)",2476708,5.49256,-75.779237,229.0,SOUTH_AMERICA,Caldas,,,,2024-07-15T11:38:39,False,Diederik Strubbe,iNaturalist,http://creativecommons.org/licenses/by-nc/4.0/,Diederik Strubbe,https://inaturalist-open-data.s3.amazonaws.com/photos/408760371/original.jpeg; https://inaturalist-open-data.s3.amazonaws.com/photos/408760414/original.jpeg,k-western-south-america,2024-10-22 00:01:56
original_4919204078_1.jpeg,3086385,Peperomia glabella,5.2540000000000004,"Heliangelus exortis (Fraser, 1840)",2476708,-0.377105,-78.075262,,SOUTH_AMERICA,Napo,,,,2024-06-19T09:33,False,Brooke Smith,iNaturalist,http://creativecommons.org/licenses/by/4.0/,Brooke Smith,https://inaturalist-open-data.s3.amazonaws.com/photos/408099987/original.jpeg; https://inaturalist-open-data.s3.amazonaws.com/photos/408099988/original.jpeg,k-western-south-america,2024-10-22 00:02:00
original_4919204078_2.jpeg,3086355,Piper hispidum,7.6259999999999994,"Heliangelus exortis (Fraser, 1840)",2476708,-0.377105,-78.075262,,SOUTH_AMERICA,Napo,,,,2024-06-19T09:33,False,Brooke Smith,iNaturalist,http://creativecommons.org/licenses/by/4.0/,Brooke Smith,https://inaturalist-open-data.s3.amazonaws.com/photos/408099987/original.jpeg; https://inaturalist-open-data.s3.amazonaws.com/photos/408099988/original.jpeg,k-western-south-america,2024-10-22 00:02:02
original_4919664600_1.jpeg,6365052,Kohleria spicata,34.251,"Heliangelus exortis (Fraser, 1840)",2476708,-0.377105,-78.075262,,SOUTH_AMERICA,Napo,,,,2024-06-19T09:31,False,Brooke Smith,iNaturalist,http://creativecommons.org/licenses/by/4.0/,Brooke Smith,https://inaturalist-open-data.s3.amazonaws.com/photos/408099958/original.jpeg; https://inaturalist-open-data.s3.amazonaws.com/photos/408099959/original.jpeg,k-western-south-america,2024-10-22 00:02:12
original_4919664600_2.jpeg,5590493,Drymonia serrulata,33.036,"Heliangelus exortis (Fraser, 1840)",2476708,-0.377105,-78.075262,,SOUTH_AMERICA,Napo,,,,2024-06-19T09:31,False,Brooke Smith,iNaturalist,http://creativecommons.org/licenses/by/4.0/,Brooke Smith,https://inaturalist-open-data.s3.amazonaws.com/photos/408099958/original.jpeg; https://inaturalist-open-data.s3.amazonaws.com/photos/408099959/original.jpeg,k-western-south-america,2024-10-22 00:02:14
original_4919720936_1.jpeg,5321877,Ionopsis utricularioides,3.4189999999999996,"Heliangelus exortis (Fraser, 1840)",2476708,-0.377105,-78.075262,,SOUTH_AMERICA,Napo,,,,2024-06-19T08:59,False,Brooke Smith,iNaturalist,http://creativecommons.org/licenses/by/4.0/,Brooke Smith,https://inaturalist-open-data.s3.amazonaws.com/photos/408099878/original.jpeg; https://inaturalist-open-data.s3.amazonaws.com/photos/408099882/original.jpeg; https://inaturalist-open-data.s3.amazonaws.com/photos/408099883/original.jpeg; https://inaturalist-open-data.s3.amazonaws.com/photos/408099896/original.jpeg; https://inaturalist-open-data.s3.amazonaws.com/photos/408099900/original.jpeg,k-western-south-america,2024-10-22 00:02:18
original_4919720936_2.jpeg,8368994,Passiflora mixta,4.568,"Heliangelus exortis (Fraser, 1840)",2476708,-0.377105,-78.075262,,SOUTH_AMERICA,Napo,,,,2024-06-19T08:59,False,Brooke Smith,iNaturalist,http://creativecommons.org/licenses/by/4.0/,Brooke Smith,https://inaturalist-open-data.s3.amazonaws.com/photos/408099878/original.jpeg; https://inaturalist-open-data.s3.amazonaws.com/photos/408099882/original.jpeg; https://inaturalist-open-data.s3.amazonaws.com/photos/408099883/original.jpeg; https://inaturalist-open-data.s3.amazonaws.com/photos/408099896/original.jpeg; https://inaturalist-open-data.s3.amazonaws.com/photos/408099900/original.jpeg,k-western-south-america,2024-10-22 00:02:20
original_4919720936_3.jpeg,8368994,Passiflora mixta,7.148000000000001,"Heliangelus exortis (Fraser, 1840)",2476708,-0.377105,-78.075262,,SOUTH_AMERICA,Napo,,,,2024-06-19T08:59,False,Brooke Smith,iNaturalist,http://creativecommons.org/licenses/by/4.0/,Brooke Smith,https://inaturalist-open-data.s3.amazonaws.com/photos/408099878/original.jpeg; https://inaturalist-open-data.s3.amazonaws.com/photos/408099882/original.jpeg; https://inaturalist-open-data.s3.amazonaws.com/photos/408099883/original.jpeg; https://inaturalist-open-data.s3.amazonaws.com/photos/408099896/original.jpeg; https://inaturalist-open-data.s3.amazonaws.com/photos/408099900/original.jpeg,k-western-south-america,2024-10-22 00:02:22
original_4919720936_4.jpeg,3054364,Juglans neotropica,4.31,"Heliangelus exortis (Fraser, 1840)",2476708,-0.377105,-78.075262,,SOUTH_AMERICA,Napo,,,,2024-06-19T08:59,False,Brooke Smith,iNaturalist,http://creativecommons.org/licenses/by/4.0/,Brooke Smith,https://inaturalist-open-data.s3.amazonaws.com/photos/408099878/original.jpeg; https://inaturalist-open-data.s3.amazonaws.com/photos/408099882/original.jpeg; https://inaturalist-open-data.s3.amazonaws.com/photos/408099883/original.jpeg; https://inaturalist-open-data.s3.amazonaws.com/photos/408099896/original.jpeg; https://inaturalist-open-data.s3.amazonaws.com/photos/408099900/original.jpeg,k-western-south-america,2024-10-22 00:02:24
original_4919720936_5.jpeg,5591185,Drymonia coccinea,2.943,"Heliangelus exortis (Fraser, 1840)",2476708,-0.377105,-78.075262,,SOUTH_AMERICA,Napo,,,,2024-06-19T08:59,False,Brooke Smith,iNaturalist,http://creativecommons.org/licenses/by/4.0/,Brooke Smith,https://inaturalist-open-data.s3.amazonaws.com/photos/408099878/original.jpeg; https://inaturalist-open-data.s3.amazonaws.com/photos/408099882/original.jpeg; https://inaturalist-open-data.s3.amazonaws.com/photos/408099883/original.jpeg; https://inaturalist-open-data.s3.amazonaws.com/photos/408099896/original.jpeg; https://inaturalist-open-data.s3.amazonaws.com/photos/408099900/original.jpeg,k-western-south-america,2024-10-22 00:02:26
original_4921543063_1.jpg,9372542,Miconia rubra,0.617,"Heliangelus exortis (Fraser, 1840)",2476708,1.191598,-76.84452,,SOUTH_AMERICA,Putumayo,,,,2024-02-15T17:03,False,Rich Kostecke,iNaturalist,http://creativecommons.org/licenses/by-nc/4.0/,Rich Kostecke,https://inaturalist-open-data.s3.amazonaws.com/photos/405938494/original.jpg,k-western-south-america,2024-10-22 00:02:29
original_4921662604_1.jpg,5319715,Epidendrum rigidum,6.093,"Heliangelus exortis (Fraser, 1840)",2476708,1.191785,-76.844535,,SOUTH_AMERICA,Putumayo,,,,2024-02-15T17:17,False,Rich Kostecke,iNaturalist,http://creativecommons.org/licenses/by-nc/4.0/,Rich Kostecke,https://inaturalist-open-data.s3.amazonaws.com/photos/405938511/original.jpg,k-western-south-america,2024-10-22 00:02:32
original_4921684581_1.jpg,5321877,Ionopsis utricularioides,28.793000000000003,"Heliangelus exortis (Fraser, 1840)",2476708,1.190925,-76.844742,,SOUTH_AMERICA,Putumayo,,,,2024-02-15T16:45,False,Rich Kostecke,iNaturalist,http://creativecommons.org/licenses/by-nc/4.0/,Rich Kostecke,https://inaturalist-open-data.s3.amazonaws.com/photos/405938469/original.jpg,k-western-south-america,2024-10-22 00:02:35
original_4921879881_1.jpg,8220878,Callianthe megapotamica,42.147,"Heliangelus exortis (Fraser, 1840)",2476708,5.073373,-75.437933,,SOUTH_AMERICA,Caldas,,,,2024-07-10T13:27,False,brewmaster,iNaturalist,http://creativecommons.org/licenses/by-nc/4.0/,brewmaster,https://inaturalist-open-data.s3.amazonaws.com/photos/415136541/original.jpg,k-western-south-america,2024-10-22 00:02:38
original_891075425_1.jpg,4088199,Utricularia jamesoniana,6.021,"Heliangelus exortis (Fraser, 1840)",2476708,5.484148,-75.889552,31379.0,SOUTH_AMERICA,Antioquia,,,,2012-04-05T18:44,False,Scott Loarie,iNaturalist,http://creativecommons.org/publicdomain/zero/1.0/,Scott Loarie,https://inaturalist-open-data.s3.amazonaws.com/photos/97992/original.jpg,k-western-south-america,2024-10-22 00:02:41
